
[tomas@nixbtw:~/projects/Robotics/current/libs/lyfast]$ mu
Not sending analytics for this command.

Compiled src/main.cpp [WARNINGS]
In file included from ./include/api.h:68,
                 from ./include/main.h:37,
                 from src/main.cpp:1:
./include/pros/imu.hpp:145:30: warning: 'virtual int32_t pros::v5::Imu::reset(bool) const' was hidden [-Woverloaded-virtual=]
  145 |         virtual std::int32_t reset(bool blocking = false) const;
      |                              ^~~~~
src/main.cpp:50:13: note:   by 'int32_t ScaledIMU::reset(bool)'
   50 |     int32_t reset(bool blocking = false) {
      |             ^~~~~
./include/pros/imu.hpp:786:30: warning: 'virtual int32_t pros::v5::Imu::set_rotation(double) const' was hidden [-Woverloaded-virtual=]
  786 |         virtual std::int32_t set_rotation(const double target) const;
      |                              ^~~~~~~~~~~~
src/main.cpp:65:17: note:   by 'virtual int ScaledIMU::set_rotation(double)'
   65 |     virtual int set_rotation(double new_rotation) {
      |                 ^~~~~~~~~~~~
src/main.cpp: In function 'void odom_offset_tuning()':
src/main.cpp:1377:11: warning: unused variable 'pct' [-Wunused-variable]
 1377 |     float pct = 0.5;
      |           ^~~
Adding timestamp [OK]
Linking hot project with ./bin/cold.package.elf and blazing,Eigen,float_units,libc,liblvgl,libm,libpros,lyfast [OK]
Section sizes:
   text	   data	    bss	  total	    hex	filename
92.44KB 452.00B  46.01MB  46.10MB 2e18fc5 bin/hot.package.elf
Creating bin/hot.package.bin for VEX EDR V5 [DONE]
ERROR - pros.cli.common:resolve_v5_port - No v5 ports were found! If you think you have a v5 plugged in, run this command again with the --debug flag - pros-cli version:3.5.6
PROS-CLI Version:  3.5.6
PROS-Kernel Version: 4.2.1

 Usage: pros mu [OPTIONS] [PORT] [PATH]

 Try 'pros mu --help' for help
╭─ Error ─────────────────────────────────────────────────────────────────────────────────╮
│ No port provided or located. Make sure to specify --target if needed.                   │
╰─────────────────────────────────────────────────────────────────────────────────────────╯

Sentry is attempting to send 1 pending events
Waiting up to 2 seconds
Press Ctrl-C to quit

[tomas@nixbtw:~/projects/Robotics/current/libs/lyfast]$ mu
^[pNot sending analytics for this command.

make: Nothing to be done for 'quick'.
Uploading program "lyfast" (lyfast) to V5 slot 1 on /dev/ttyACM0 (compressed)
Compressing library [####################################] 100%
Library is already onboard V5
Uploading slot_1.ini [####################################] 100%
Compressing binary [####################################] 100%
Uploading slot_1.bin (hot.package.bin) [####################################] 100%
Finished uploading "lyfast" (lyfast) to V5

[tomas@nixbtw:~/projects/Robotics/current/libs/lyfast]$ t
Not sending analytics for this command.

Established terminal connection



         _+=+_
      .-`  .  `-.          8888888b.  8888888b.   .d88888b.   .d8888b.
   _+`     "     `+_       888   Y88b 888   Y88b d88P" "Y88b d88P  Y88b
  \\\sssssssssssss///      888    888 888    888 888     888 Y88b.
     .ss\  *  /ss.         888   d88P 888   d88P 888     888  "Y888b.
 .+bm  .s  *  s.  md+.     8888888P"  8888888P"  888     888     "Y88b.
.hMMMMs .  *  . sMMMMh.    888        888 T88b   888     888       "888
 `\hMMMb \ | / dMMMh:      888        888  T88b  Y88b. .d88P Y88b  d88P
   -SNMNo  -  oNMNs-       888        888   T88b  "Y88888P"   "Y8888P"
     `+dMh\./dMd/
        `:yNy:`                      Powered by PROS for VEX V5
           "                Copyright (c) Purdue University ACM SIGBots
Version:        4.2.1     Platform:  V1.1.5 (b18)     Uptime:    0.000 s
Compiled:   Jan  1 1980 00:00:00     Directory:


total distance: 78.136703
delta_distance: 0.100000
allocated for points 791
adding points:1846
isolated constraints:2430
forwards pass:2848
backwards pass:3260
travel times:3395
final time:3407
a_{kin}=\left[99.9999,99.9999,99.9999,99.9999,99.9999,99.9999,99.9999,99.9999,99.9999,99.9999,99.9999,99.9999,99.9999,99.9999,99.9999,99.9999,99.9999,99.9999,99.9999,99.9999,99.9999,99.9999,99.9999,99.9999,99.9999,99.9999,99.9999,99.9999,99.9999,99.9999,99.9999,99.9999,99.9999,99.9999,99.9999,99.9999,99.9999,99.9999,99.9999,99.9999,99.9999,99.9999,99.9999,99.9999,99.9999,99.9999,99.9999,99.9999,99.9999,99.9999,99.9999,99.9999,99.9999,99.9999,99.9999,99.9999,99.9999,99.9999,99.9999,99.9999,99.9999,99.9999,99.9999,99.9999,99.9999,99.9999,99.9999,99.9999,99.9999,99.9999,99.9999,99.9999,99.9999,99.9999,99.9999,99.9999,99.9999,99.9999,99.9999,99.9999,99.9999,99.9999,99.9999,99.9999,99.9999,99.9999,99.9999,99.9999,99.9999,99.9999,99.9999,99.9999,99.9999,99.9999,99.9999,99.9999,99.9999,99.9999,99.9999,99.9999,99.9999,99.9999,99.9999,99.9999,99.9999,99.9999,99.9999,99.9999,99.9999,99.9999,99.9999,99.9999,99.9999,99.9999,99.9999,99.9999,99.9999,99.9999,99.9999,99.9999,99.9999,99.9999,99.9999,99.9999,99.9999,99.9999,99.9999,99.9999,99.9999,99.9999,99.9999,99.9999,99.9999,99.9999,99.9999,99.9999,99.9999,99.9999,99.9999,99.9999,99.9999,99.9999,99.9999,99.9999,99.9999,99.9999,99.9999,99.9999,99.9999,99.9999,99.9999,99.9999,99.9999,99.9999,99.9999,99.9999,99.9999,99.9999,99.9999,99.9999,99.9999,99.9999,99.9999,99.9999,99.9999,99.9999,99.9999,99.9999,99.9999,99.9999,99.9999,99.9999,99.9999,99.9999,99.9999,99.9999,99.9999,99.9999,99.9999,99.9999,99.9999,99.9999,99.9999,99.9999,99.9999,99.9999,99.9999,99.9999,99.9999,99.9999,99.9999,99.9999,99.9999,99.9999,99.9999,99.9999,99.9999,99.9999,99.9999,99.9999,99.9999,99.9999,99.9999,99.9999,99.9999,99.9999,99.9999,99.9999,99.9999,99.9999,99.9999,99.9999,99.9999,99.9999,99.9999,99.9999,99.9999,99.9999,99.9999,99.9999,99.9999,99.9999,99.9999,99.9999,99.9999,99.9999,99.9999,99.9999,99.9999,99.9999,99.9999,99.9999,99.9999,99.9999,99.9999,99.9999,87.0848,87.0213,86.9578,86.8941,86.8304,86.7666,86.7028,86.6390,86.5751,86.5112,86.4473,86.3834,86.3195,86.2556,86.1918,86.1280,86.0643,86.0006,85.9370,85.8734,85.8100,85.7467,85.6835,85.6204,85.5575,85.4948,85.4322,85.3698,85.3075,85.2456,85.1838,85.1223,85.0610,85.0000,84.9393,84.8788,84.8187,84.7589,84.6995,84.6404,84.5817,84.5234,84.4655,84.4081,84.3510,84.2944,84.2383,84.1827,84.1276,84.0731,84.0191,83.9656,83.9127,83.8604,83.8088,83.7577,83.7074,83.6577,83.6087,83.5603,83.5128,83.4659,83.4199,83.3746,83.3301,83.2865,83.2437,83.2017,83.1606,83.1204,83.0812,83.0428,83.0055,82.9690,82.9336,82.8992,82.8658,82.8335,82.8022,82.7720,82.7429,82.7149,82.6881,82.6624,82.6378,82.6145,82.5923,82.5714,82.5517,82.5332,82.5160,82.5001,82.4855,82.4722,82.4602,82.4495,82.4402,82.4322,82.4257,82.4205,82.4167,82.4143,82.4133,82.4138,82.4157,82.4191,82.4239,82.4302,82.4380,82.4473,82.4580,82.4703,82.4841,82.4994,82.5162,82.5345,82.5544,82.5758,82.5987,82.6232,82.6492,82.6768,82.7059,82.7366,82.7688,82.8026,82.8379,82.8748,82.9133,82.9532,82.9947,83.0378,83.0824,83.1285,83.1762,83.2254,83.2761,83.3283,83.3821,83.4373,83.4941,83.5523,83.6120,83.6732,83.7359,83.8000,83.8656,83.9326,84.0011,84.0709,84.1422,84.2149,84.2890,84.3644,84.4412,84.5194,84.5989,84.6798,84.7619,84.8454,84.9302,85.0162,85.1035,85.1921,85.2819,85.3730,85.4653,85.5587,85.6534,85.7492,85.8462,85.9443,86.0436,86.1440,86.2455,86.3481,86.4517,86.5564,86.6622,86.7690,86.8769,86.9857,87.0955,87.2063,87.3181,87.4309,87.5445,87.6591,87.7746,87.8911,88.0084,88.1266,88.2456,88.3655,88.4862,88.6078,88.7301,88.8533,88.9773,89.1021,89.2276,89.3539,89.4809,89.6087,89.7372,89.8664,89.9963,90.1269,90.2582,90.3902,90.5228,90.6562,90.7901,90.9248,91.0600,91.1959,91.3324,91.4696,91.6073,91.7456,91.8846,92.0241,92.1642,92.3049,92.4462,92.5880,92.7304,92.8734,93.0169,93.1610,93.3056,93.4507,93.5964,93.7427,93.8894,94.0367,94.1846,94.3329,94.4818,94.6312,94.7811,94.9316,95.0825,95.2340,95.3860,95.5385,95.6915,95.8451,95.9991,96.1537,96.3088,96.4644,96.6205,96.7772,96.9343,97.0920,97.2502,97.4089,97.5682,97.7280,97.8883,98.0491,98.2104,98.3723,98.5348,98.6977,98.8613,99.0253,99.1899,99.3550,99.5207,99.6870,99.8538,99.9788,99.8116,99.6450,99.4788,99.3133,99.1483,98.9838,98.8199,98.6565,98.4937,98.3314,98.1696,98.0084,97.8477,97.6875,97.5279,97.3688,97.2102,97.0521,96.8946,96.7376,96.5810,96.4251,96.2696,96.1146,95.9602,95.8062,95.6528,95.4999,95.3475,95.1957,95.0443,94.8935,94.7432,94.5934,94.4441,94.2954,94.1472,93.9995,93.8523,93.7056,93.5595,93.4140,93.2689,93.1245,92.9805,92.8371,92.6943,92.5521,92.4103,92.2692,92.1287,91.9887,91.8493,91.7105,91.5723,91.4347,91.2977,91.1613,91.0256,90.8905,90.7560,90.6222,90.4890,90.3565,90.2247,90.0935,89.9631,89.8333,89.7043,89.5759,89.4483,89.3215,89.1954,89.0700,88.9454,88.8216,88.6986,88.5764,88.4551,88.3345,88.2148,88.0960,87.9780,87.8609,87.7446,87.6293,87.5149,87.4015,87.2889,87.1774,87.0667,86.9571,86.8485,86.7409,86.6343,86.5288,86.4243,86.3209,86.2185,86.1173,86.0171,85.9181,85.8202,85.7235,85.6279,85.5335,85.4403,85.3484,85.2576,85.1680,85.0797,84.9927,84.9070,84.8225,84.7393,84.6574,84.5769,84.4977,84.4198,84.3433,84.2682,84.1944,84.1221,84.0512,83.9816,83.9135,83.8468,83.7816,83.7178,83.6555,83.5947,83.5353,83.4775,83.4211,83.3662,83.3129,83.2610,83.2107,83.1619,83.1146,83.0689,83.0247,82.9821,82.9410,82.9014,82.8634,82.8270,82.7921,82.7587,82.7269,82.6967,82.6680,82.6409,82.6153,82.5913,82.5688,82.5478,82.5284,82.5106,82.4942,82.4794,82.4661,82.4543,82.4440,82.4352,82.4279,82.4221,82.4178,82.4149,82.4135,82.4135,82.4150,82.4178,82.4221,82.4278,82.4349,82.4433,82.4532,82.4643,82.4768,82.4906,82.5058,82.5222,82.5399,82.5589,82.5791,82.6005,82.6232,82.6470,82.6721,82.6983,82.7256,82.7541,82.7837,82.8144,82.8462,82.8790,82.9129,82.9478,82.9837,83.0206,83.0584,83.0973,83.1370,83.1776,83.2192,83.2616,83.3049,83.3490,83.3940,83.4397,83.4862,83.5335,83.5815,83.6302,83.6797,83.7298,83.7806,83.8320,83.8841,83.9368,83.9901,84.0440,84.0984,84.1533,84.2088,84.2648,84.3213,84.3782,84.4356,84.4935,84.5517,84.6104,84.6694,84.7289,84.7886,84.8487,84.9092,84.9699,85.0309,85.0922,85.1538,85.2156,85.2777,85.3400,85.4025,85.4651,85.5280,85.5910,85.6542,85.7175,85.7810,85.8445,85.9082,85.9719,86.0358,86.0997,86.1636,86.2276,86.2917,86.3557,86.4198,86.4839,86.5480,86.6120,86.6761,86.7401,86.8040,86.8679,86.9318,86.9956,87.0593,87.0849\right]
a_{turn}=\left[5118110.0000,5118110.0000,5118110.0000,5118110.0000,5118110.0000,5118110.0000,5118110.0000,5118110.0000,5118110.0000,5118110.0000,5118110.0000,5118110.0000,5118110.0000,5118110.0000,5118110.0000,5118110.0000,5118110.0000,5118110.0000,5118110.0000,5118110.0000,5118110.0000,5118110.0000,5118110.0000,5118110.0000,5118110.0000,5118110.0000,5118110.0000,5118110.0000,5118110.0000,5118110.0000,5118110.0000,5118110.0000,5118110.0000,5118110.0000,5118110.0000,5118110.0000,5118110.0000,5118110.0000,5118110.0000,5118110.0000,5118110.0000,5118110.0000,5118110.0000,5118110.0000,5118110.0000,5118110.0000,5118110.0000,5118110.0000,5118110.0000,5118110.0000,5118110.0000,5118110.0000,5118110.0000,5118110.0000,5118110.0000,5118110.0000,5118110.0000,5118110.0000,5118110.0000,5118110.0000,5118110.0000,5118110.0000,5118110.0000,5118110.0000,5118110.0000,5118110.0000,5118110.0000,5118110.0000,5118110.0000,5118110.0000,5118110.0000,5118110.0000,5118110.0000,5118110.0000,5118110.0000,5118110.0000,5118110.0000,5118110.0000,5118110.0000,5118110.0000,5118110.0000,5118110.0000,5118110.0000,5118110.0000,5118110.0000,5118110.0000,5118110.0000,5118110.0000,5118110.0000,5118110.0000,5118110.0000,5118110.0000,5118110.0000,5118110.0000,5118110.0000,5118110.0000,5118110.0000,5118110.0000,5118110.0000,5118110.0000,5118110.0000,5118110.0000,5118110.0000,5118110.0000,5118110.0000,5118110.0000,5118110.0000,5118110.0000,5118110.0000,5118110.0000,5118110.0000,5118110.0000,5118110.0000,5118110.0000,5118110.0000,5118110.0000,5118110.0000,5118110.0000,5118110.0000,5118110.0000,5118110.0000,5118110.0000,5118110.0000,5118110.0000,5118110.0000,5118110.0000,5118110.0000,5118110.0000,5118110.0000,5118110.0000,5118110.0000,5118110.0000,5118110.0000,5118110.0000,5118110.0000,5118110.0000,5118110.0000,5118110.0000,5118110.0000,5118110.0000,5118110.0000,5118110.0000,5118110.0000,5118110.0000,5118110.0000,5118110.0000,5118110.0000,5118110.0000,5118110.0000,5118110.0000,5118110.0000,5118110.0000,5118110.0000,5118110.0000,5118110.0000,5118110.0000,5118110.0000,5118110.0000,5118110.0000,5118110.0000,5118110.0000,5118110.0000,5118110.0000,5118110.0000,5118110.0000,5118110.0000,5118110.0000,5118110.0000,5118110.0000,5118110.0000,5118110.0000,5118110.0000,5118110.0000,5118110.0000,5118110.0000,5118110.0000,5118110.0000,5118110.0000,5118110.0000,5118110.0000,5118110.0000,5118110.0000,5118110.0000,5118110.0000,5118110.0000,5118110.0000,5118110.0000,5118110.0000,5118110.0000,5118110.0000,5118110.0000,5118110.0000,5118110.0000,5118110.0000,5118110.0000,5118110.0000,5118110.0000,5118110.0000,5118110.0000,5118110.0000,5118110.0000,5118110.0000,5118110.0000,5118110.0000,5118110.0000,5118110.0000,5118110.0000,5118110.0000,5118110.0000,5118110.0000,5118110.0000,5118110.0000,5118110.0000,5118110.0000,5118110.0000,5118110.0000,5118110.0000,5118110.0000,5118110.0000,5118110.0000,5118110.0000,5118110.0000,5118110.0000,5118110.0000,5118110.0000,5118110.0000,5118110.0000,5118110.0000,5118110.0000,5118110.0000,5118110.0000,5118110.0000,5118110.0000,5118110.0000,5118110.0000,5118110.0000,46.0198,45.7612,45.5049,45.2508,44.9989,44.7492,44.5017,44.2564,44.0134,43.7726,43.5340,43.2977,43.0636,42.8318,42.6022,42.3749,42.1498,41.9270,41.7065,41.4883,41.2723,41.0586,40.8473,40.6382,40.4314,40.2269,40.0248,39.8249,39.6274,39.4323,39.2394,39.0489,38.8608,38.6749,38.4915,38.3104,38.1317,37.9554,37.7814,37.6098,37.4407,37.2739,37.1095,36.9476,36.7881,36.6309,36.4763,36.3240,36.1743,36.0270,35.8821,35.7397,35.5998,35.4624,35.3275,35.1950,35.0651,34.9377,34.8128,34.6905,34.5707,34.4534,34.3387,34.2267,34.1171,34.0102,33.9058,33.8041,33.7050,33.6085,33.5147,33.4235,33.3350,33.2491,33.1659,33.0855,33.0077,32.9326,32.8603,32.7908,32.7240,32.6599,32.5987,32.5402,32.4846,32.4318,32.3818,32.3347,32.2905,32.2492,32.2107,32.1752,32.1427,32.1130,32.0864,32.0628,32.0422,32.0246,32.0100,31.9985,31.9902,31.9849,31.9828,31.9839,31.9881,31.9955,32.0062,32.0201,32.0373,32.0578,32.0817,32.1089,32.1395,32.1736,32.2111,32.2521,32.2966,32.3446,32.3963,32.4515,32.5105,32.5731,32.6394,32.7095,32.7835,32.8613,32.9430,33.0286,33.1182,33.2119,33.3096,33.4115,33.5176,33.6279,33.7425,33.8615,33.9849,34.1128,34.2451,34.3821,34.5238,34.6702,34.8214,34.9775,35.1386,35.3047,35.4759,35.6524,35.8341,36.0212,36.2138,36.4120,36.6158,36.8254,37.0409,37.2624,37.4901,37.7239,37.9641,38.2108,38.4642,38.7243,38.9913,39.2653,39.5466,39.8352,40.1314,40.4353,40.7471,41.0670,41.3952,41.7319,42.0773,42.4316,42.7950,43.1679,43.5504,43.9428,44.3454,44.7585,45.1824,45.6173,46.0637,46.5217,46.9919,47.4746,47.9702,48.4790,49.0016,49.5383,50.0897,50.6562,51.2383,51.8367,52.4518,53.0843,53.7348,54.4041,55.0927,55.8015,56.5312,57.2827,58.0569,58.8546,59.6770,60.5249,61.3996,62.3022,63.2339,64.1961,65.1902,66.2178,67.2803,68.3796,69.5174,70.6958,71.9167,73.1826,74.4956,75.8586,77.2741,78.7453,80.2755,81.8680,83.5267,85.2557,87.0595,88.9428,90.9111,92.9699,95.1257,97.3853,99.7563,102.2471,104.8669,107.6258,110.5352,113.6075,116.8568,120.2986,123.9504,127.8322,131.9661,136.3773,141.0945,146.1511,151.5845,157.4384,163.7635,170.6190,178.0742,186.2116,195.1295,204.9453,215.8017,227.8733,241.3759,256.5803,273.8293,293.5652,316.3678,343.0110,374.5550,412.4890,458.9731,517.2640,592.5158,693.3928,835.6639,1051.3894,1417.2596,2173.6494,4661.4707,32251.1543,3616.0881,1915.4403,1302.7544,987.0308,794.4890,664.8046,571.5150,501.1865,446.2705,402.2003,366.0523,335.8665,310.2803,288.3164,269.2573,252.5620,237.8164,224.6984,212.9524,202.3740,192.7972,184.0866,176.1298,168.8332,162.1178,155.9170,150.1739,144.8396,139.8720,135.2347,130.8962,126.8283,123.0066,119.4095,116.0180,112.8148,109.7849,106.9147,104.1919,101.6055,99.1456,96.8034,94.5707,92.4400,90.4045,88.4582,86.5955,84.8110,83.1001,81.4584,79.8819,78.3669,76.9100,75.5080,74.1578,72.8569,71.6026,70.3926,69.2246,68.0966,67.0068,65.9532,64.9342,63.9482,62.9938,62.0695,61.1740,60.3061,59.4647,58.6486,57.8568,57.0884,56.3424,55.6179,54.9142,54.2305,53.5660,52.9200,52.2919,51.6810,51.0867,50.5085,49.9458,49.3981,48.8649,48.3458,47.8402,47.3479,46.8683,46.4011,45.9460,45.5025,45.0703,44.6491,44.2386,43.8386,43.4486,43.0685,42.6980,42.3368,41.9847,41.6415,41.3070,40.9808,40.6629,40.3531,40.0511,39.7568,39.4700,39.1905,38.9182,38.6529,38.3945,38.1428,37.8977,37.6591,37.4268,37.2007,36.9807,36.7666,36.5585,36.3560,36.1593,35.9681,35.7823,35.6019,35.4268,35.2569,35.0921,34.9323,34.7774,34.6274,34.4823,34.3418,34.2060,34.0748,33.9481,33.8259,33.7081,33.5946,33.4854,33.3805,33.2797,33.1831,33.0906,33.0020,32.9175,32.8369,32.7602,32.6874,32.6183,32.5530,32.4915,32.4336,32.3795,32.3289,32.2819,32.2385,32.1986,32.1621,32.1291,32.0996,32.0734,32.0506,32.0312,32.0151,32.0022,31.9926,31.9863,31.9831,31.9832,31.9864,31.9927,32.0022,32.0148,32.0304,32.0491,32.0709,32.0957,32.1234,32.1541,32.1879,32.2245,32.2641,32.3066,32.3520,32.4003,32.4514,32.5054,32.5623,32.6219,32.6844,32.7496,32.8177,32.8885,32.9620,33.0383,33.1174,33.1991,33.2836,33.3707,33.4605,33.5530,33.6482,33.7460,33.8465,33.9495,34.0553,34.1635,34.2745,34.3880,34.5040,34.6227,34.7439,34.8677,34.9940,35.1228,35.2542,35.3881,35.5245,35.6634,35.8049,35.9488,36.0951,36.2440,36.3953,36.5491,36.7053,36.8640,37.0251,37.1887,37.3547,37.5231,37.6939,37.8671,38.0427,38.2207,38.4011,38.5839,38.7690,38.9566,39.1464,39.3387,39.5333,39.7302,39.9295,40.1311,40.3350,40.5413,40.7499,40.9608,41.1740,41.3895,41.6073,41.8274,42.0498,42.2745,42.5015,42.7307,42.9622,43.1959,43.4320,43.6702,43.9108,44.1535,44.3985,44.6458,44.8953,45.1470,45.4009,45.6571,45.9155,46.0200\right]
d_{kin}=\left[99.9999,99.9999,99.9999,99.9999,99.9999,99.9999,99.9999,99.9999,99.9999,99.9999,99.9999,99.9999,99.9999,99.9999,99.9999,99.9999,99.9999,99.9999,99.9999,99.9999,99.9999,99.9999,99.9999,99.9999,99.9999,99.9999,99.9999,99.9999,99.9999,99.9999,99.9999,99.9999,99.9999,99.9999,99.9999,99.9999,99.9999,99.9999,99.9999,99.9999,99.9999,99.9999,99.9999,99.9999,99.9999,99.9999,99.9999,99.9999,99.9999,99.9999,99.9999,99.9999,99.9999,99.9999,99.9999,99.9999,99.9999,99.9999,99.9999,99.9999,99.9999,99.9999,99.9999,99.9999,99.9999,99.9999,99.9999,99.9999,99.9999,99.9999,99.9999,99.9999,99.9999,99.9999,99.9999,99.9999,99.9999,99.9999,99.9999,99.9999,99.9999,99.9999,99.9999,99.9999,99.9999,99.9999,99.9999,99.9999,99.9999,99.9999,99.9999,99.9999,99.9999,99.9999,99.9999,99.9999,99.9999,99.9999,99.9999,99.9999,99.9999,99.9999,99.9999,99.9999,99.9999,99.9999,99.9999,99.9999,99.9999,99.9999,99.9999,99.9999,99.9999,99.9999,99.9999,99.9999,99.9999,99.9999,99.9999,99.9999,99.9999,99.9999,99.9999,99.9999,99.9999,99.9999,99.9999,99.9999,99.9999,99.9999,99.9999,99.9999,99.9999,99.9999,99.9999,99.9999,99.9999,99.9999,99.9999,99.9999,99.9999,99.9999,99.9999,99.9999,99.9999,99.9999,99.9999,99.9999,99.9999,99.9999,99.9999,99.9999,99.9999,99.9999,99.9999,99.9999,99.9999,99.9999,99.9999,99.9999,99.9999,99.9999,99.9999,99.9999,99.9999,99.9999,99.9999,99.9999,99.9999,99.9999,99.9999,99.9999,99.9999,99.9999,99.9999,99.9999,99.9999,99.9999,99.9999,99.9999,99.9999,99.9999,99.9999,99.9999,99.9999,99.9999,99.9999,99.9999,99.9999,99.9999,99.9999,99.9999,99.9999,99.9999,99.9999,99.9999,99.9999,99.9999,99.9999,99.9999,99.9999,99.9999,99.9999,99.9999,99.9999,99.9999,99.9999,99.9999,99.9999,99.9999,99.9999,99.9999,99.9999,99.9999,99.9999,99.9999,99.9999,99.9999,99.9999,99.9999,99.9999,99.9999,99.9999,99.9999,99.9999,99.9999,99.9999,99.9999,99.9999,99.9999,99.9999,99.9999,99.9999,99.9999,99.9999,99.9999,87.0848,87.0213,86.9578,86.8941,86.8304,86.7666,86.7028,86.6390,86.5751,86.5112,86.4473,86.3834,86.3195,86.2556,86.1918,86.1280,86.0643,86.0006,85.9370,85.8734,85.8100,85.7467,85.6835,85.6204,85.5575,85.4948,85.4322,85.3698,85.3075,85.2456,85.1838,85.1223,85.0610,85.0000,84.9393,84.8788,84.8187,84.7589,84.6995,84.6404,84.5817,84.5234,84.4655,84.4081,84.3510,84.2944,84.2383,84.1827,84.1276,84.0731,84.0191,83.9656,83.9127,83.8604,83.8088,83.7577,83.7074,83.6577,83.6087,83.5603,83.5128,83.4659,83.4199,83.3746,83.3301,83.2865,83.2437,83.2017,83.1606,83.1204,83.0812,83.0428,83.0055,82.9690,82.9336,82.8992,82.8658,82.8335,82.8022,82.7720,82.7429,82.7149,82.6881,82.6624,82.6378,82.6145,82.5923,82.5714,82.5517,82.5332,82.5160,82.5001,82.4855,82.4722,82.4602,82.4495,82.4402,82.4322,82.4257,82.4205,82.4167,82.4143,82.4133,82.4138,82.4157,82.4191,82.4239,82.4302,82.4380,82.4473,82.4580,82.4703,82.4841,82.4994,82.5162,82.5345,82.5544,82.5758,82.5987,82.6232,82.6492,82.6768,82.7059,82.7366,82.7688,82.8026,82.8379,82.8748,82.9133,82.9532,82.9947,83.0378,83.0824,83.1285,83.1762,83.2254,83.2761,83.3283,83.3821,83.4373,83.4941,83.5523,83.6120,83.6732,83.7359,83.8000,83.8656,83.9326,84.0011,84.0709,84.1422,84.2149,84.2890,84.3644,84.4412,84.5194,84.5989,84.6798,84.7619,84.8454,84.9302,85.0162,85.1035,85.1921,85.2819,85.3730,85.4653,85.5587,85.6534,85.7492,85.8462,85.9443,86.0436,86.1440,86.2455,86.3481,86.4517,86.5564,86.6622,86.7690,86.8769,86.9857,87.0955,87.2063,87.3181,87.4309,87.5445,87.6591,87.7746,87.8911,88.0084,88.1266,88.2456,88.3655,88.4862,88.6078,88.7301,88.8533,88.9773,89.1021,89.2276,89.3539,89.4809,89.6087,89.7372,89.8664,89.9963,90.1269,90.2582,90.3902,90.5228,90.6562,90.7901,90.9248,91.0600,91.1959,91.3324,91.4696,91.6073,91.7456,91.8846,92.0241,92.1642,92.3049,92.4462,92.5880,92.7304,92.8734,93.0169,93.1610,93.3056,93.4507,93.5964,93.7427,93.8894,94.0367,94.1846,94.3329,94.4818,94.6312,94.7811,94.9316,95.0825,95.2340,95.3860,95.5385,95.6915,95.8451,95.9991,96.1537,96.3088,96.4644,96.6205,96.7772,96.9343,97.0920,97.2502,97.4089,97.5682,97.7280,97.8883,98.0491,98.2104,98.3723,98.5348,98.6977,98.8613,99.0253,99.1899,99.3550,99.5207,99.6870,99.8538,99.9788,99.8116,99.6450,99.4788,99.3133,99.1483,98.9838,98.8199,98.6565,98.4937,98.3314,98.1696,98.0084,97.8477,97.6875,97.5279,97.3688,97.2102,97.0521,96.8946,96.7376,96.5810,96.4251,96.2696,96.1146,95.9602,95.8062,95.6528,95.4999,95.3475,95.1957,95.0443,94.8935,94.7432,94.5934,94.4441,94.2954,94.1472,93.9995,93.8523,93.7056,93.5595,93.4140,93.2689,93.1245,92.9805,92.8371,92.6943,92.5521,92.4103,92.2692,92.1287,91.9887,91.8493,91.7105,91.5723,91.4347,91.2977,91.1613,91.0256,90.8905,90.7560,90.6222,90.4890,90.3565,90.2247,90.0935,89.9631,89.8333,89.7043,89.5759,89.4483,89.3215,89.1954,89.0700,88.9454,88.8216,88.6986,88.5764,88.4551,88.3345,88.2148,88.0960,87.9780,87.8609,87.7446,87.6293,87.5149,87.4015,87.2889,87.1774,87.0667,86.9571,86.8485,86.7409,86.6343,86.5288,86.4243,86.3209,86.2185,86.1173,86.0171,85.9181,85.8202,85.7235,85.6279,85.5335,85.4403,85.3484,85.2576,85.1680,85.0797,84.9927,84.9070,84.8225,84.7393,84.6574,84.5769,84.4977,84.4198,84.3433,84.2682,84.1944,84.1221,84.0512,83.9816,83.9135,83.8468,83.7816,83.7178,83.6555,83.5947,83.5353,83.4775,83.4211,83.3662,83.3129,83.2610,83.2107,83.1619,83.1146,83.0689,83.0247,82.9821,82.9410,82.9014,82.8634,82.8270,82.7921,82.7587,82.7269,82.6967,82.6680,82.6409,82.6153,82.5913,82.5688,82.5478,82.5284,82.5106,82.4942,82.4794,82.4661,82.4543,82.4440,82.4352,82.4279,82.4221,82.4178,82.4149,82.4135,82.4135,82.4150,82.4178,82.4221,82.4278,82.4349,82.4433,82.4532,82.4643,82.4768,82.4906,82.5058,82.5222,82.5399,82.5589,82.5791,82.6005,82.6232,82.6470,82.6721,82.6983,82.7256,82.7541,82.7837,82.8144,82.8462,82.8790,82.9129,82.9478,82.9837,83.0206,83.0584,83.0973,83.1370,83.1776,83.2192,83.2616,83.3049,83.3490,83.3940,83.4397,83.4862,83.5335,83.5815,83.6302,83.6797,83.7298,83.7806,83.8320,83.8841,83.9368,83.9901,84.0440,84.0984,84.1533,84.2088,84.2648,84.3213,84.3782,84.4356,84.4935,84.5517,84.6104,84.6694,84.7289,84.7886,84.8487,84.9092,84.9699,85.0309,85.0922,85.1538,85.2156,85.2777,85.3400,85.4025,85.4651,85.5280,85.5910,85.6542,85.7175,85.7810,85.8445,85.9082,85.9719,86.0358,86.0997,86.1636,86.2276,86.2917,86.3557,86.4198,86.4839,86.5480,86.6120,86.6761,86.7401,86.8040,86.8679,86.9318,86.9956,87.0593,87.0849\right]
d_{turn}=\left[5118110.0000,5118110.0000,5118110.0000,5118110.0000,5118110.0000,5118110.0000,5118110.0000,5118110.0000,5118110.0000,5118110.0000,5118110.0000,5118110.0000,5118110.0000,5118110.0000,5118110.0000,5118110.0000,5118110.0000,5118110.0000,5118110.0000,5118110.0000,5118110.0000,5118110.0000,5118110.0000,5118110.0000,5118110.0000,5118110.0000,5118110.0000,5118110.0000,5118110.0000,5118110.0000,5118110.0000,5118110.0000,5118110.0000,5118110.0000,5118110.0000,5118110.0000,5118110.0000,5118110.0000,5118110.0000,5118110.0000,5118110.0000,5118110.0000,5118110.0000,5118110.0000,5118110.0000,5118110.0000,5118110.0000,5118110.0000,5118110.0000,5118110.0000,5118110.0000,5118110.0000,5118110.0000,5118110.0000,5118110.0000,5118110.0000,5118110.0000,5118110.0000,5118110.0000,5118110.0000,5118110.0000,5118110.0000,5118110.0000,5118110.0000,5118110.0000,5118110.0000,5118110.0000,5118110.0000,5118110.0000,5118110.0000,5118110.0000,5118110.0000,5118110.0000,5118110.0000,5118110.0000,5118110.0000,5118110.0000,5118110.0000,5118110.0000,5118110.0000,5118110.0000,5118110.0000,5118110.0000,5118110.0000,5118110.0000,5118110.0000,5118110.0000,5118110.0000,5118110.0000,5118110.0000,5118110.0000,5118110.0000,5118110.0000,5118110.0000,5118110.0000,5118110.0000,5118110.0000,5118110.0000,5118110.0000,5118110.0000,5118110.0000,5118110.0000,5118110.0000,5118110.0000,5118110.0000,5118110.0000,5118110.0000,5118110.0000,5118110.0000,5118110.0000,5118110.0000,5118110.0000,5118110.0000,5118110.0000,5118110.0000,5118110.0000,5118110.0000,5118110.0000,5118110.0000,5118110.0000,5118110.0000,5118110.0000,5118110.0000,5118110.0000,5118110.0000,5118110.0000,5118110.0000,5118110.0000,5118110.0000,5118110.0000,5118110.0000,5118110.0000,5118110.0000,5118110.0000,5118110.0000,5118110.0000,5118110.0000,5118110.0000,5118110.0000,5118110.0000,5118110.0000,5118110.0000,5118110.0000,5118110.0000,5118110.0000,5118110.0000,5118110.0000,5118110.0000,5118110.0000,5118110.0000,5118110.0000,5118110.0000,5118110.0000,5118110.0000,5118110.0000,5118110.0000,5118110.0000,5118110.0000,5118110.0000,5118110.0000,5118110.0000,5118110.0000,5118110.0000,5118110.0000,5118110.0000,5118110.0000,5118110.0000,5118110.0000,5118110.0000,5118110.0000,5118110.0000,5118110.0000,5118110.0000,5118110.0000,5118110.0000,5118110.0000,5118110.0000,5118110.0000,5118110.0000,5118110.0000,5118110.0000,5118110.0000,5118110.0000,5118110.0000,5118110.0000,5118110.0000,5118110.0000,5118110.0000,5118110.0000,5118110.0000,5118110.0000,5118110.0000,5118110.0000,5118110.0000,5118110.0000,5118110.0000,5118110.0000,5118110.0000,5118110.0000,5118110.0000,5118110.0000,5118110.0000,5118110.0000,5118110.0000,5118110.0000,5118110.0000,5118110.0000,5118110.0000,5118110.0000,5118110.0000,5118110.0000,5118110.0000,5118110.0000,5118110.0000,5118110.0000,5118110.0000,5118110.0000,5118110.0000,5118110.0000,5118110.0000,5118110.0000,5118110.0000,5118110.0000,5118110.0000,5118110.0000,5118110.0000,5118110.0000,5118110.0000,5118110.0000,5118110.0000,5118110.0000,5118110.0000,5118110.0000,5118110.0000,5118110.0000,5118110.0000,46.0198,45.7612,45.5049,45.2508,44.9989,44.7492,44.5017,44.2564,44.0134,43.7726,43.5340,43.2977,43.0636,42.8318,42.6022,42.3749,42.1498,41.9270,41.7065,41.4883,41.2723,41.0586,40.8473,40.6382,40.4314,40.2269,40.0248,39.8249,39.6274,39.4323,39.2394,39.0489,38.8608,38.6749,38.4915,38.3104,38.1317,37.9554,37.7814,37.6098,37.4407,37.2739,37.1095,36.9476,36.7881,36.6309,36.4763,36.3240,36.1743,36.0270,35.8821,35.7397,35.5998,35.4624,35.3275,35.1950,35.0651,34.9377,34.8128,34.6905,34.5707,34.4534,34.3387,34.2267,34.1171,34.0102,33.9058,33.8041,33.7050,33.6085,33.5147,33.4235,33.3350,33.2491,33.1659,33.0855,33.0077,32.9326,32.8603,32.7908,32.7240,32.6599,32.5987,32.5402,32.4846,32.4318,32.3818,32.3347,32.2905,32.2492,32.2107,32.1752,32.1427,32.1130,32.0864,32.0628,32.0422,32.0246,32.0100,31.9985,31.9902,31.9849,31.9828,31.9839,31.9881,31.9955,32.0062,32.0201,32.0373,32.0578,32.0817,32.1089,32.1395,32.1736,32.2111,32.2521,32.2966,32.3446,32.3963,32.4515,32.5105,32.5731,32.6394,32.7095,32.7835,32.8613,32.9430,33.0286,33.1182,33.2119,33.3096,33.4115,33.5176,33.6279,33.7425,33.8615,33.9849,34.1128,34.2451,34.3821,34.5238,34.6702,34.8214,34.9775,35.1386,35.3047,35.4759,35.6524,35.8341,36.0212,36.2138,36.4120,36.6158,36.8254,37.0409,37.2624,37.4901,37.7239,37.9641,38.2108,38.4642,38.7243,38.9913,39.2653,39.5466,39.8352,40.1314,40.4353,40.7471,41.0670,41.3952,41.7319,42.0773,42.4316,42.7950,43.1679,43.5504,43.9428,44.3454,44.7585,45.1824,45.6173,46.0637,46.5217,46.9919,47.4746,47.9702,48.4790,49.0016,49.5383,50.0897,50.6562,51.2383,51.8367,52.4518,53.0843,53.7348,54.4041,55.0927,55.8015,56.5312,57.2827,58.0569,58.8546,59.6770,60.5249,61.3996,62.3022,63.2339,64.1961,65.1902,66.2178,67.2803,68.3796,69.5174,70.6958,71.9167,73.1826,74.4956,75.8586,77.2741,78.7453,80.2755,81.8680,83.5267,85.2557,87.0595,88.9428,90.9111,92.9699,95.1257,97.3853,99.7563,102.2471,104.8669,107.6258,110.5352,113.6075,116.8568,120.2986,123.9504,127.8322,131.9661,136.3773,141.0945,146.1511,151.5845,157.4384,163.7635,170.6190,178.0742,186.2116,195.1295,204.9453,215.8017,227.8733,241.3759,256.5803,273.8293,293.5652,316.3678,343.0110,374.5550,412.4890,458.9731,517.2640,592.5158,693.3928,835.6639,1051.3894,1417.2596,2173.6494,4661.4707,32251.1543,3616.0881,1915.4403,1302.7544,987.0308,794.4890,664.8046,571.5150,501.1865,446.2705,402.2003,366.0523,335.8665,310.2803,288.3164,269.2573,252.5620,237.8164,224.6984,212.9524,202.3740,192.7972,184.0866,176.1298,168.8332,162.1178,155.9170,150.1739,144.8396,139.8720,135.2347,130.8962,126.8283,123.0066,119.4095,116.0180,112.8148,109.7849,106.9147,104.1919,101.6055,99.1456,96.8034,94.5707,92.4400,90.4045,88.4582,86.5955,84.8110,83.1001,81.4584,79.8819,78.3669,76.9100,75.5080,74.1578,72.8569,71.6026,70.3926,69.2246,68.0966,67.0068,65.9532,64.9342,63.9482,62.9938,62.0695,61.1740,60.3061,59.4647,58.6486,57.8568,57.0884,56.3424,55.6179,54.9142,54.2305,53.5660,52.9200,52.2919,51.6810,51.0867,50.5085,49.9458,49.3981,48.8649,48.3458,47.8402,47.3479,46.8683,46.4011,45.9460,45.5025,45.0703,44.6491,44.2386,43.8386,43.4486,43.0685,42.6980,42.3368,41.9847,41.6415,41.3070,40.9808,40.6629,40.3531,40.0511,39.7568,39.4700,39.1905,38.9182,38.6529,38.3945,38.1428,37.8977,37.6591,37.4268,37.2007,36.9807,36.7666,36.5585,36.3560,36.1593,35.9681,35.7823,35.6019,35.4268,35.2569,35.0921,34.9323,34.7774,34.6274,34.4823,34.3418,34.2060,34.0748,33.9481,33.8259,33.7081,33.5946,33.4854,33.3805,33.2797,33.1831,33.0906,33.0020,32.9175,32.8369,32.7602,32.6874,32.6183,32.5530,32.4915,32.4336,32.3795,32.3289,32.2819,32.2385,32.1986,32.1621,32.1291,32.0996,32.0734,32.0506,32.0312,32.0151,32.0022,31.9926,31.9863,31.9831,31.9832,31.9864,31.9927,32.0022,32.0148,32.0304,32.0491,32.0709,32.0957,32.1234,32.1541,32.1879,32.2245,32.2641,32.3066,32.3520,32.4003,32.4514,32.5054,32.5623,32.6219,32.6844,32.7496,32.8177,32.8885,32.9620,33.0383,33.1174,33.1991,33.2836,33.3707,33.4605,33.5530,33.6482,33.7460,33.8465,33.9495,34.0553,34.1635,34.2745,34.3880,34.5040,34.6227,34.7439,34.8677,34.9940,35.1228,35.2542,35.3881,35.5245,35.6634,35.8049,35.9488,36.0951,36.2440,36.3953,36.5491,36.7053,36.8640,37.0251,37.1887,37.3547,37.5231,37.6939,37.8671,38.0427,38.2207,38.4011,38.5839,38.7690,38.9566,39.1464,39.3387,39.5333,39.7302,39.9295,40.1311,40.3350,40.5413,40.7499,40.9608,41.1740,41.3895,41.6073,41.8274,42.0498,42.2745,42.5015,42.7307,42.9622,43.1959,43.4320,43.6702,43.9108,44.1535,44.3985,44.6458,44.8953,45.1470,45.4009,45.6571,45.9155,46.0200\right]
v_{kin}=\left[49.9999,49.9999,49.9999,49.9999,49.9999,49.9999,49.9999,49.9999,49.9999,49.9999,49.9999,49.9999,49.9999,49.9999,49.9999,49.9999,49.9999,49.9999,49.9999,49.9999,49.9999,49.9999,49.9999,49.9999,49.9999,49.9999,49.9999,49.9999,49.9999,49.9999,49.9999,49.9999,49.9999,49.9999,49.9999,49.9999,49.9999,49.9999,49.9999,49.9999,49.9999,49.9999,49.9999,49.9999,49.9999,49.9999,49.9999,49.9999,49.9999,49.9999,49.9999,49.9999,49.9999,49.9999,49.9999,49.9999,49.9999,49.9999,49.9999,49.9999,49.9999,49.9999,49.9999,49.9999,49.9999,49.9999,49.9999,49.9999,49.9999,49.9999,49.9999,49.9999,49.9999,49.9999,49.9999,49.9999,49.9999,49.9999,49.9999,49.9999,49.9999,49.9999,49.9999,49.9999,49.9999,49.9999,49.9999,49.9999,49.9999,49.9999,49.9999,49.9999,49.9999,49.9999,49.9999,49.9999,49.9999,49.9999,49.9999,49.9999,49.9999,49.9999,49.9999,49.9999,49.9999,49.9999,49.9999,49.9999,49.9999,49.9999,49.9999,49.9999,49.9999,49.9999,49.9999,49.9999,49.9999,49.9999,49.9999,49.9999,49.9999,49.9999,49.9999,49.9999,49.9999,49.9999,49.9999,49.9999,49.9999,49.9999,49.9999,49.9999,49.9999,49.9999,49.9999,49.9999,49.9999,49.9999,49.9999,49.9999,49.9999,49.9999,49.9999,49.9999,49.9999,49.9999,49.9999,49.9999,49.9999,49.9999,49.9999,49.9999,49.9999,49.9999,49.9999,49.9999,49.9999,49.9999,49.9999,49.9999,49.9999,49.9999,49.9999,49.9999,49.9999,49.9999,49.9999,49.9999,49.9999,49.9999,49.9999,49.9999,49.9999,49.9999,49.9999,49.9999,49.9999,49.9999,49.9999,49.9999,49.9999,49.9999,49.9999,49.9999,49.9999,49.9999,49.9999,49.9999,49.9999,49.9999,49.9999,49.9999,49.9999,49.9999,49.9999,49.9999,49.9999,49.9999,49.9999,49.9999,49.9999,49.9999,49.9999,49.9999,49.9999,49.9999,49.9999,49.9999,49.9999,49.9999,49.9999,49.9999,49.9999,49.9999,49.9999,49.9999,49.9999,49.9999,49.9999,49.9999,49.9999,49.9999,49.9999,49.9999,49.9999,49.9999,49.9999,49.9999,49.9999,49.9999,49.9999,49.9999,49.9999,49.9999,49.9999,49.9999,43.5424,43.5107,43.4789,43.4471,43.4152,43.3833,43.3514,43.3195,43.2875,43.2556,43.2237,43.1917,43.1598,43.1278,43.0959,43.0640,43.0321,43.0003,42.9685,42.9367,42.9050,42.8733,42.8418,42.8102,42.7788,42.7474,42.7161,42.6849,42.6538,42.6228,42.5919,42.5611,42.5305,42.5000,42.4696,42.4394,42.4094,42.3795,42.3498,42.3202,42.2909,42.2617,42.2328,42.2040,42.1755,42.1472,42.1192,42.0914,42.0638,42.0365,42.0095,41.9828,41.9564,41.9302,41.9044,41.8789,41.8537,41.8288,41.8043,41.7802,41.7564,41.7330,41.7099,41.6873,41.6651,41.6432,41.6218,41.6009,41.5803,41.5602,41.5406,41.5214,41.5027,41.4845,41.4668,41.4496,41.4329,41.4167,41.4011,41.3860,41.3715,41.3575,41.3440,41.3312,41.3189,41.3072,41.2962,41.2857,41.2758,41.2666,41.2580,41.2501,41.2427,41.2361,41.2301,41.2248,41.2201,41.2161,41.2128,41.2102,41.2083,41.2071,41.2067,41.2069,41.2079,41.2095,41.2120,41.2151,41.2190,41.2236,41.2290,41.2351,41.2420,41.2497,41.2581,41.2673,41.2772,41.2879,41.2994,41.3116,41.3246,41.3384,41.3530,41.3683,41.3844,41.4013,41.4190,41.4374,41.4566,41.4766,41.4974,41.5189,41.5412,41.5643,41.5881,41.6127,41.6381,41.6642,41.6910,41.7187,41.7470,41.7762,41.8060,41.8366,41.8680,41.9000,41.9328,41.9663,42.0005,42.0355,42.0711,42.1075,42.1445,42.1822,42.2206,42.2597,42.2995,42.3399,42.3810,42.4227,42.4651,42.5081,42.5518,42.5961,42.6410,42.6865,42.7326,42.7794,42.8267,42.8746,42.9231,42.9722,43.0218,43.0720,43.1227,43.1740,43.2259,43.2782,43.3311,43.3845,43.4384,43.4929,43.5478,43.6032,43.6591,43.7154,43.7723,43.8296,43.8873,43.9455,44.0042,44.0633,44.1228,44.1827,44.2431,44.3039,44.3651,44.4267,44.4886,44.5510,44.6138,44.6769,44.7404,44.8043,44.8686,44.9332,44.9981,45.0634,45.1291,45.1951,45.2614,45.3281,45.3951,45.4624,45.5300,45.5980,45.6662,45.7348,45.8036,45.8728,45.9423,46.0121,46.0821,46.1525,46.2231,46.2940,46.3652,46.4367,46.5085,46.5805,46.6528,46.7254,46.7982,46.8713,46.9447,47.0184,47.0923,47.1665,47.2409,47.3156,47.3906,47.4658,47.5413,47.6170,47.6930,47.7693,47.8458,47.9225,47.9996,48.0769,48.1544,48.2322,48.3103,48.3886,48.4672,48.5460,48.6251,48.7045,48.7841,48.8640,48.9441,49.0245,49.1052,49.1862,49.2674,49.3489,49.4306,49.5127,49.5950,49.6775,49.7604,49.8435,49.9269,49.9894,49.9058,49.8225,49.7394,49.6566,49.5741,49.4919,49.4100,49.3283,49.2468,49.1657,49.0848,49.0042,48.9239,48.8438,48.7640,48.6844,48.6051,48.5261,48.4473,48.3688,48.2905,48.2125,48.1348,48.0573,47.9801,47.9031,47.8264,47.7500,47.6738,47.5978,47.5222,47.4468,47.3716,47.2967,47.2221,47.1477,47.0736,46.9997,46.9261,46.8528,46.7798,46.7070,46.6345,46.5622,46.4903,46.4186,46.3472,46.2760,46.2052,46.1346,46.0643,45.9943,45.9246,45.8552,45.7861,45.7173,45.6488,45.5807,45.5128,45.4452,45.3780,45.3111,45.2445,45.1783,45.1123,45.0468,44.9815,44.9167,44.8521,44.7880,44.7242,44.6607,44.5977,44.5350,44.4727,44.4108,44.3493,44.2882,44.2275,44.1673,44.1074,44.0480,43.9890,43.9304,43.8723,43.8147,43.7575,43.7007,43.6445,43.5887,43.5334,43.4786,43.4243,43.3705,43.3172,43.2644,43.2121,43.1604,43.1093,43.0586,43.0086,42.9591,42.9101,42.8618,42.8140,42.7668,42.7202,42.6742,42.6288,42.5840,42.5399,42.4964,42.4535,42.4112,42.3697,42.3287,42.2884,42.2488,42.2099,42.1717,42.1341,42.0972,42.0611,42.0256,41.9908,41.9568,41.9234,41.8908,41.8589,41.8278,41.7974,41.7677,41.7387,41.7106,41.6831,41.6564,41.6305,41.6054,41.5810,41.5573,41.5345,41.5124,41.4910,41.4705,41.4507,41.4317,41.4135,41.3960,41.3794,41.3635,41.3483,41.3340,41.3204,41.3076,41.2956,41.2844,41.2739,41.2642,41.2553,41.2471,41.2397,41.2331,41.2272,41.2220,41.2176,41.2140,41.2111,41.2089,41.2075,41.2067,41.2068,41.2075,41.2089,41.2111,41.2139,41.2174,41.2217,41.2266,41.2322,41.2384,41.2453,41.2529,41.2611,41.2699,41.2794,41.2895,41.3003,41.3116,41.3235,41.3360,41.3491,41.3628,41.3771,41.3919,41.4072,41.4231,41.4395,41.4564,41.4739,41.4918,41.5103,41.5292,41.5486,41.5685,41.5888,41.6096,41.6308,41.6525,41.6745,41.6970,41.7198,41.7431,41.7667,41.7907,41.8151,41.8398,41.8649,41.8903,41.9160,41.9421,41.9684,41.9950,42.0220,42.0492,42.0767,42.1044,42.1324,42.1606,42.1891,42.2178,42.2467,42.2759,42.3052,42.3347,42.3644,42.3943,42.4244,42.4546,42.4850,42.5155,42.5461,42.5769,42.6078,42.6389,42.6700,42.7012,42.7326,42.7640,42.7955,42.8271,42.8588,42.8905,42.9223,42.9541,42.9860,43.0179,43.0498,43.0818,43.1138,43.1458,43.1779,43.2099,43.2419,43.2740,43.3060,43.3380,43.3700,43.4020,43.4340,43.4659,43.4978,43.5296,43.5424\right]
v_{turn}=\left[3937008.0000,3937008.0000,3937008.0000,3937008.0000,3937008.0000,3937008.0000,3937008.0000,3937008.0000,3937008.0000,3937008.0000,3937008.0000,3937008.0000,3937008.0000,3937008.0000,3937008.0000,3937008.0000,3937008.0000,3937008.0000,3937008.0000,3937008.0000,3937008.0000,3937008.0000,3937008.0000,3937008.0000,3937008.0000,3937008.0000,3937008.0000,3937008.0000,3937008.0000,3937008.0000,3937008.0000,3937008.0000,3937008.0000,3937008.0000,3937008.0000,3937008.0000,3937008.0000,3937008.0000,3937008.0000,3937008.0000,3937008.0000,3937008.0000,3937008.0000,3937008.0000,3937008.0000,3937008.0000,3937008.0000,3937008.0000,3937008.0000,3937008.0000,3937008.0000,3937008.0000,3937008.0000,3937008.0000,3937008.0000,3937008.0000,3937008.0000,3937008.0000,3937008.0000,3937008.0000,3937008.0000,3937008.0000,3937008.0000,3937008.0000,3937008.0000,3937008.0000,3937008.0000,3937008.0000,3937008.0000,3937008.0000,3937008.0000,3937008.0000,3937008.0000,3937008.0000,3937008.0000,3937008.0000,3937008.0000,3937008.0000,3937008.0000,3937008.0000,3937008.0000,3937008.0000,3937008.0000,3937008.0000,3937008.0000,3937008.0000,3937008.0000,3937008.0000,3937008.0000,3937008.0000,3937008.0000,3937008.0000,3937008.0000,3937008.0000,3937008.0000,3937008.0000,3937008.0000,3937008.0000,3937008.0000,3937008.0000,3937008.0000,3937008.0000,3937008.0000,3937008.0000,3937008.0000,3937008.0000,3937008.0000,3937008.0000,3937008.0000,3937008.0000,3937008.0000,3937008.0000,3937008.0000,3937008.0000,3937008.0000,3937008.0000,3937008.0000,3937008.0000,3937008.0000,3937008.0000,3937008.0000,3937008.0000,3937008.0000,3937008.0000,3937008.0000,3937008.0000,3937008.0000,3937008.0000,3937008.0000,3937008.0000,3937008.0000,3937008.0000,3937008.0000,3937008.0000,3937008.0000,3937008.0000,3937008.0000,3937008.0000,3937008.0000,3937008.0000,3937008.0000,3937008.0000,3937008.0000,3937008.0000,3937008.0000,3937008.0000,3937008.0000,3937008.0000,3937008.0000,3937008.0000,3937008.0000,3937008.0000,3937008.0000,3937008.0000,3937008.0000,3937008.0000,3937008.0000,3937008.0000,3937008.0000,3937008.0000,3937008.0000,3937008.0000,3937008.0000,3937008.0000,3937008.0000,3937008.0000,3937008.0000,3937008.0000,3937008.0000,3937008.0000,3937008.0000,3937008.0000,3937008.0000,3937008.0000,3937008.0000,3937008.0000,3937008.0000,3937008.0000,3937008.0000,3937008.0000,3937008.0000,3937008.0000,3937008.0000,3937008.0000,3937008.0000,3937008.0000,3937008.0000,3937008.0000,3937008.0000,3937008.0000,3937008.0000,3937008.0000,3937008.0000,3937008.0000,3937008.0000,3937008.0000,3937008.0000,3937008.0000,3937008.0000,3937008.0000,3937008.0000,3937008.0000,3937008.0000,3937008.0000,3937008.0000,3937008.0000,3937008.0000,3937008.0000,3937008.0000,3937008.0000,3937008.0000,3937008.0000,3937008.0000,3937008.0000,3937008.0000,3937008.0000,3937008.0000,3937008.0000,3937008.0000,3937008.0000,3937008.0000,3937008.0000,3937008.0000,3937008.0000,3937008.0000,3937008.0000,3937008.0000,3937008.0000,3937008.0000,3937008.0000,3937008.0000,3937008.0000,3937008.0000,3937008.0000,3937008.0000,3937008.0000,35.3998,35.2010,35.0038,34.8083,34.6145,34.4224,34.2321,34.0434,33.8564,33.6712,33.4877,33.3059,33.1258,32.9475,32.7709,32.5961,32.4229,32.2516,32.0819,31.9141,31.7479,31.5836,31.4210,31.2601,31.1011,30.9438,30.7883,30.6346,30.4826,30.3325,30.1842,30.0376,29.8929,29.7500,29.6088,29.4696,29.3321,29.1964,29.0626,28.9307,28.8005,28.6722,28.5458,28.4212,28.2985,28.1776,28.0587,27.9416,27.8264,27.7131,27.6016,27.4921,27.3845,27.2787,27.1750,27.0731,26.9732,26.8752,26.7791,26.6850,26.5928,26.5026,26.4144,26.3282,26.2439,26.1617,26.0814,26.0032,25.9269,25.8527,25.7805,25.7104,25.6423,25.5762,25.5123,25.4504,25.3905,25.3328,25.2772,25.2237,25.1723,25.1230,25.0759,25.0310,24.9882,24.9475,24.9091,24.8729,24.8389,24.8071,24.7775,24.7502,24.7251,24.7023,24.6819,24.6637,24.6478,24.6343,24.6231,24.6143,24.6078,24.6038,24.6022,24.6030,24.6062,24.6119,24.6201,24.6309,24.6441,24.6599,24.6782,24.6992,24.7227,24.7489,24.7778,24.8093,24.8435,24.8805,24.9202,24.9627,25.0080,25.0562,25.1072,25.1612,25.2181,25.2779,25.3407,25.4066,25.4756,25.5476,25.6228,25.7012,25.7828,25.8676,25.9558,26.0473,26.1422,26.2406,26.3424,26.4478,26.5568,26.6694,26.7857,26.9058,27.0297,27.1575,27.2892,27.4249,27.5647,27.7086,27.8568,28.0092,28.1660,28.3273,28.4930,28.6634,28.8385,29.0184,29.2032,29.3930,29.5878,29.7879,29.9933,30.2041,30.4205,30.6425,30.8703,31.1041,31.3439,31.5900,31.8425,32.1015,32.3671,32.6397,32.9193,33.2061,33.5003,33.8022,34.1119,34.4296,34.7557,35.0902,35.4336,35.7860,36.1477,36.5189,36.9001,37.2916,37.6936,38.1064,38.5305,38.9663,39.4141,39.8744,40.3475,40.8341,41.3345,41.8493,42.3790,42.9242,43.4855,44.0636,44.6591,45.2728,45.9054,46.5576,47.2304,47.9247,48.6415,49.3816,50.1463,50.9367,51.7541,52.5997,53.4749,54.3814,55.3206,56.2943,57.3043,58.3527,59.4416,60.5733,61.7504,62.9754,64.2513,65.5813,66.9688,68.4176,69.9316,71.5153,73.1736,74.9118,76.7356,78.6516,80.6669,82.7891,85.0271,87.3904,89.8898,92.5374,95.3465,98.3325,101.5124,104.9056,108.5342,112.4239,116.6035,121.1065,125.9720,131.2454,136.9802,143.2397,150.0996,157.6503,166.0013,175.2871,185.6738,197.3695,210.6380,225.8194,243.3598,263.8546,288.1193,317.2992,353.0562,397.8954,455.7814,533.3791,642.8184,808.7611,1090.1997,1672.0380,3585.7466,24808.5801,2781.6064,1473.4158,1002.1188,759.2545,611.1454,511.3882,439.6269,385.5281,343.2850,309.3849,281.5787,258.3589,238.6771,221.7819,207.1210,194.2784,182.9357,172.8449,163.8096,155.6723,148.3056,141.6051,135.4844,129.8717,124.7060,119.9362,115.5184,111.4151,107.5938,104.0267,100.6894,97.5602,94.6204,91.8535,89.2446,86.7806,84.4499,82.2421,80.1476,78.1581,76.2659,74.4642,72.7467,71.1077,69.5420,68.0448,66.6119,65.2392,63.9231,62.6603,61.4476,60.2823,59.1616,58.0831,57.0445,56.0438,55.0789,54.1481,53.2497,52.3820,51.5437,50.7332,49.9494,49.1909,48.4567,47.7457,47.0569,46.3893,45.7421,45.1143,44.5052,43.9141,43.3403,42.7830,42.2417,41.7158,41.2046,40.7077,40.2245,39.7546,39.2975,38.8527,38.4198,37.9985,37.5884,37.1891,36.8002,36.4215,36.0526,35.6932,35.3430,35.0019,34.6695,34.3455,34.0297,33.7220,33.4220,33.1296,32.8446,32.5668,32.2959,32.0319,31.7746,31.5237,31.2792,31.0409,30.8085,30.5821,30.3615,30.1465,29.9371,29.7330,29.5342,29.3406,29.1521,28.9685,28.7898,28.6159,28.4467,28.2820,28.1219,27.9662,27.8148,27.6677,27.5249,27.3861,27.2514,27.1207,26.9939,26.8710,26.7519,26.6365,26.5248,26.4168,26.3123,26.2114,26.1139,26.0199,25.9293,25.8420,25.7580,25.6773,25.5998,25.5255,25.4543,25.3862,25.3212,25.2592,25.2001,25.1441,25.0910,25.0408,24.9935,24.9490,24.9073,24.8684,24.8322,24.7988,24.7681,24.7401,24.7147,24.6920,24.6719,24.6543,24.6394,24.6270,24.6171,24.6097,24.6048,24.6024,24.6025,24.6049,24.6098,24.6171,24.6268,24.6388,24.6532,24.6699,24.6890,24.7103,24.7340,24.7599,24.7881,24.8185,24.8512,24.8862,24.9233,24.9626,25.0042,25.0479,25.0938,25.1418,25.1920,25.2444,25.2988,25.3554,25.4141,25.4749,25.5378,25.6027,25.6698,25.7389,25.8100,25.8832,25.9585,26.0357,26.1150,26.1963,26.2797,26.3650,26.4523,26.5416,26.6328,26.7261,26.8213,26.9184,27.0176,27.1186,27.2216,27.3266,27.4334,27.5422,27.6529,27.7655,27.8800,27.9964,28.1147,28.2349,28.3569,28.4809,28.6067,28.7344,28.8639,28.9953,29.1285,29.2636,29.4006,29.5393,29.6799,29.8223,29.9666,30.1126,30.2605,30.4102,30.5617,30.7150,30.8701,31.0269,31.1856,31.3461,31.5083,31.6723,31.8381,32.0056,32.1749,32.3460,32.5189,32.6934,32.8698,33.0478,33.2277,33.4092,33.5925,33.7775,33.9643,34.1527,34.3429,34.5348,34.7285,34.9238,35.1208,35.3196,35.4000\right]
v_{friction}=\left[6754.0059,6754.0059,6754.0059,6754.0059,6754.0059,6754.0059,6754.0059,6754.0059,6754.0059,6754.0059,6754.0059,6754.0059,6754.0059,6754.0059,6754.0059,6754.0059,6754.0059,6754.0059,6754.0059,6754.0059,6754.0059,6754.0059,6754.0059,6754.0059,6754.0059,6754.0059,6754.0059,6754.0059,6754.0059,6754.0059,6754.0059,6754.0059,6754.0059,6754.0059,6754.0059,6754.0059,6754.0059,6754.0059,6754.0059,6754.0059,6754.0059,6754.0059,6754.0059,6754.0059,6754.0059,6754.0059,6754.0059,6754.0059,6754.0059,6754.0059,6754.0059,6754.0059,6754.0059,6754.0059,6754.0059,6754.0059,6754.0059,6754.0059,6754.0059,6754.0059,6754.0059,6754.0059,6754.0059,6754.0059,6754.0059,6754.0059,6754.0059,6754.0059,6754.0059,6754.0059,6754.0059,6754.0059,6754.0059,6754.0059,6754.0059,6754.0059,6754.0059,6754.0059,6754.0059,6754.0059,6754.0059,6754.0059,6754.0059,6754.0059,6754.0059,6754.0059,6754.0059,6754.0059,6754.0059,6754.0059,6754.0059,6754.0059,6754.0059,6754.0059,6754.0059,6754.0059,6754.0059,6754.0059,6754.0059,6754.0059,6754.0059,6754.0059,6754.0059,6754.0059,6754.0059,6754.0059,6754.0059,6754.0059,6754.0059,6754.0059,6754.0059,6754.0059,6754.0059,6754.0059,6754.0059,6754.0059,6754.0059,6754.0059,6754.0059,6754.0059,6754.0059,6754.0059,6754.0059,6754.0059,6754.0059,6754.0059,6754.0059,6754.0059,6754.0059,6754.0059,6754.0059,6754.0059,6754.0059,6754.0059,6754.0059,6754.0059,6754.0059,6754.0059,6754.0059,6754.0059,6754.0059,6754.0059,6754.0059,6754.0059,6754.0059,6754.0059,6754.0059,6754.0059,6754.0059,6754.0059,6754.0059,6754.0059,6754.0059,6754.0059,6754.0059,6754.0059,6754.0059,6754.0059,6754.0059,6754.0059,6754.0059,6754.0059,6754.0059,6754.0059,6754.0059,6754.0059,6754.0059,6754.0059,6754.0059,6754.0059,6754.0059,6754.0059,6754.0059,6754.0059,6754.0059,6754.0059,6754.0059,6754.0059,6754.0059,6754.0059,6754.0059,6754.0059,6754.0059,6754.0059,6754.0059,6754.0059,6754.0059,6754.0059,6754.0059,6754.0059,6754.0059,6754.0059,6754.0059,6754.0059,6754.0059,6754.0059,6754.0059,6754.0059,6754.0059,6754.0059,6754.0059,6754.0059,6754.0059,6754.0059,6754.0059,6754.0059,6754.0059,6754.0059,6754.0059,6754.0059,6754.0059,6754.0059,6754.0059,6754.0059,6754.0059,6754.0059,6754.0059,6754.0059,6754.0059,6754.0059,6754.0059,6754.0059,6754.0059,6754.0059,6754.0059,6754.0059,6754.0059,6754.0059,6754.0059,6754.0059,6754.0059,6754.0059,6754.0059,6754.0059,6754.0059,6754.0059,20.2525,20.1955,20.1389,20.0826,20.0266,19.9710,19.9157,19.8607,19.8061,19.7518,19.6979,19.6444,19.5912,19.5384,19.4860,19.4339,19.3823,19.3310,19.2801,19.2296,19.1794,19.1297,19.0804,19.0315,18.9830,18.9350,18.8874,18.8401,18.7934,18.7470,18.7011,18.6557,18.6107,18.5661,18.5220,18.4784,18.4353,18.3926,18.3504,18.3087,18.2675,18.2267,18.1865,18.1468,18.1076,18.0689,18.0307,17.9930,17.9559,17.9193,17.8832,17.8477,17.8127,17.7783,17.7445,17.7112,17.6784,17.6463,17.6147,17.5838,17.5534,17.5236,17.4944,17.4658,17.4378,17.4105,17.3838,17.3577,17.3322,17.3074,17.2832,17.2597,17.2368,17.2146,17.1930,17.1722,17.1520,17.1325,17.1137,17.0955,17.0781,17.0614,17.0454,17.0301,17.0155,17.0017,16.9886,16.9762,16.9646,16.9538,16.9436,16.9343,16.9257,16.9179,16.9109,16.9047,16.8993,16.8946,16.8908,16.8877,16.8855,16.8842,16.8836,16.8839,16.8850,16.8869,16.8898,16.8934,16.8980,16.9034,16.9097,16.9168,16.9249,16.9339,16.9437,16.9545,16.9662,16.9788,16.9924,17.0069,17.0223,17.0387,17.0560,17.0743,17.0936,17.1139,17.1352,17.1574,17.1807,17.2050,17.2302,17.2566,17.2840,17.3124,17.3419,17.3724,17.4040,17.4367,17.4705,17.5054,17.5415,17.5786,17.6169,17.6564,17.6970,17.7387,17.7817,17.8259,17.8712,17.9178,17.9657,18.0148,18.0651,18.1168,18.1697,18.2239,18.2795,18.3364,18.3947,18.4544,18.5155,18.5780,18.6419,18.7073,18.7742,18.8426,18.9125,18.9840,19.0570,19.1317,19.2080,19.2859,19.3656,19.4469,19.5300,19.6149,19.7017,19.7902,19.8807,19.9731,20.0674,20.1638,20.2622,20.3627,20.4653,20.5701,20.6772,20.7866,20.8983,21.0125,21.1291,21.2482,21.3700,21.4944,21.6215,21.7515,21.8844,22.0203,22.1592,22.3013,22.4466,22.5953,22.7475,22.9032,23.0627,23.2260,23.3932,23.5645,23.7400,23.9200,24.1045,24.2937,24.4878,24.6871,24.8916,25.1017,25.3175,25.5394,25.7675,26.0021,26.2436,26.4923,26.7484,27.0124,27.2847,27.5657,27.8557,28.1554,28.4653,28.7858,29.1176,29.4614,29.8179,30.1878,30.5721,30.9717,31.3875,31.8207,32.2726,32.7444,33.2377,33.7541,34.2956,34.8640,35.4619,36.0917,36.7565,37.4595,38.2046,38.9960,39.8389,40.7390,41.7031,42.7391,43.8565,45.0664,46.3824,47.8210,49.4022,51.1516,53.1010,55.2918,57.7783,60.6335,63.9588,67.8989,72.6702,78.6133,86.3023,96.8029,112.3909,139.1879,203.8300,536.1413,179.5255,130.6595,107.7551,93.7933,84.1493,76.9757,71.3708,66.8354,63.0675,59.8726,57.1187,54.7129,52.5876,50.6922,48.9881,47.4450,46.0392,44.7514,43.5660,42.4702,41.4531,40.5058,39.6208,38.7914,38.0121,37.2781,36.5851,35.9294,35.3079,34.7177,34.1562,33.6213,33.1109,32.6232,32.1565,31.7095,31.2808,30.8692,30.4736,30.0930,29.7265,29.3732,29.0325,28.7036,28.3858,28.0786,27.7814,27.4937,27.2149,26.9448,26.6828,26.4285,26.1817,25.9420,25.7090,25.4825,25.2622,25.0478,24.8392,24.6360,24.4380,24.2451,24.0571,23.8738,23.6949,23.5204,23.3502,23.1839,23.0216,22.8631,22.7083,22.5570,22.4091,22.2646,22.1233,21.9851,21.8500,21.7178,21.5886,21.4621,21.3383,21.2172,21.0987,20.9827,20.8692,20.7580,20.6492,20.5427,20.4384,20.3363,20.2363,20.1384,20.0425,19.9486,19.8567,19.7667,19.6786,19.5924,19.5079,19.4252,19.3443,19.2650,19.1875,19.1116,19.0373,18.9647,18.8936,18.8240,18.7560,18.6895,18.6244,18.5608,18.4987,18.4380,18.3786,18.3207,18.2641,18.2088,18.1549,18.1023,18.0510,18.0009,17.9522,17.9046,17.8583,17.8133,17.7694,17.7267,17.6852,17.6449,17.6058,17.5678,17.5309,17.4952,17.4605,17.4270,17.3946,17.3633,17.3330,17.3038,17.2757,17.2486,17.2225,17.1975,17.1735,17.1505,17.1285,17.1075,17.0876,17.0685,17.0505,17.0334,17.0173,17.0022,16.9880,16.9747,16.9624,16.9509,16.9404,16.9309,16.9222,16.9144,16.9075,16.9015,16.8964,16.8921,16.8887,16.8862,16.8845,16.8837,16.8837,16.8845,16.8862,16.8887,16.8920,16.8962,16.9011,16.9068,16.9134,16.9207,16.9288,16.9376,16.9473,16.9577,16.9688,16.9808,16.9934,17.0068,17.0210,17.0359,17.0515,17.0678,17.0848,17.1025,17.1210,17.1401,17.1599,17.1805,17.2016,17.2235,17.2460,17.2692,17.2931,17.3176,17.3427,17.3685,17.3950,17.4220,17.4497,17.4780,17.5069,17.5364,17.5666,17.5973,17.6286,17.6605,17.6930,17.7261,17.7597,17.7939,17.8286,17.8640,17.8998,17.9362,17.9732,18.0107,18.0487,18.0872,18.1262,18.1658,18.2059,18.2465,18.2876,18.3291,18.3712,18.4138,18.4568,18.5003,18.5443,18.5887,18.6336,18.6790,18.7248,18.7710,18.8177,18.8649,18.9124,18.9604,19.0088,19.0577,19.1069,19.1566,19.2067,19.2571,19.3080,19.3593,19.4109,19.4629,19.5154,19.5681,19.6213,19.6748,19.7287,19.7830,19.8376,19.8926,19.9479,20.0035,20.0595,20.1159,20.1726,20.2295,20.2526\right]
v_{forward}=\left[0.0000,5.3877,7.6194,9.3319,10.7755,12.0474,13.1972,14.2546,15.2389,16.1632,17.0376,17.8691,18.6637,19.4258,20.1591,20.8667,21.5510,22.2143,22.8583,23.4847,24.0947,24.6898,25.2708,25.8387,26.3945,26.9387,27.4722,27.9956,28.5093,29.0139,29.5099,29.9977,30.4777,30.9503,31.4157,31.8744,32.3265,32.7724,33.2123,33.6465,34.0751,34.4984,34.9166,35.3298,35.7343,36.1303,36.5180,36.8979,37.2703,37.6354,37.9935,38.3449,38.6899,39.0286,39.3613,39.6882,40.0095,40.3254,40.6360,40.9415,41.2421,41.5379,41.8290,42.1157,42.3980,42.6760,42.9499,43.2198,43.4858,43.7479,44.0064,44.2612,44.5126,44.7605,45.0050,45.2463,45.4843,45.7193,45.9512,46.1802,46.4062,46.6294,46.8498,47.0675,47.2826,47.4950,47.7049,47.9123,48.1172,48.3198,48.5200,48.7179,48.9135,49.1069,49.2982,49.4873,49.6743,49.8593,49.9999,49.9999,49.9999,49.9999,49.9999,49.9999,49.9999,49.9999,49.9999,49.9999,49.9999,49.9999,49.9999,49.9999,49.9999,49.9999,49.9999,49.9999,49.9999,49.9999,49.9999,49.9999,49.9999,49.9999,49.9999,49.9999,49.9999,49.9999,49.9999,49.9999,49.9999,49.9999,49.9999,49.9999,49.9999,49.9999,49.9999,49.9999,49.9999,49.9999,49.9999,49.9999,49.9999,49.9999,49.9999,49.9999,49.9999,49.9999,49.9999,49.9999,49.9999,49.9999,49.9999,49.9999,49.9999,49.9999,49.9999,49.9999,49.9999,49.9999,49.9999,49.9999,49.9999,49.9999,49.9999,49.9999,49.9999,49.9999,49.9999,49.9999,49.9999,49.9999,49.9999,49.9999,49.9999,49.9999,49.9999,49.9999,49.9999,49.9999,49.9999,49.9999,49.9999,49.9999,49.9999,49.9999,49.9999,49.9999,49.9999,49.9999,49.9999,49.9999,49.9999,49.9999,49.9999,49.9999,49.9999,49.9999,49.9999,49.9999,49.9999,49.9999,49.9999,49.9999,49.9999,49.9999,49.9999,49.9999,49.9999,49.9999,49.9999,49.9999,49.9999,49.9999,49.9999,49.9999,49.9999,49.9999,49.9999,49.9999,49.9999,49.9999,49.9999,49.9999,49.9999,49.9999,49.9999,49.9999,49.9999,49.9999,49.9999,49.9999,49.9999,49.9999,49.9999,49.9999,49.9999,49.9999,20.2525,20.1955,20.1389,20.0826,20.0266,19.9710,19.9157,19.8607,19.8061,19.7518,19.6979,19.6444,19.5912,19.5384,19.4860,19.4339,19.3823,19.3310,19.2801,19.2296,19.1794,19.1297,19.0804,19.0315,18.9830,18.9350,18.8874,18.8401,18.7934,18.7470,18.7011,18.6557,18.6107,18.5661,18.5220,18.4784,18.4353,18.3926,18.3504,18.3087,18.2675,18.2267,18.1865,18.1468,18.1076,18.0689,18.0307,17.9930,17.9559,17.9193,17.8832,17.8477,17.8127,17.7783,17.7445,17.7112,17.6784,17.6463,17.6147,17.5838,17.5534,17.5236,17.4944,17.4658,17.4378,17.4105,17.3838,17.3577,17.3322,17.3074,17.2832,17.2597,17.2368,17.2146,17.1930,17.1722,17.1520,17.1325,17.1137,17.0955,17.0781,17.0614,17.0454,17.0301,17.0155,17.0017,16.9886,16.9762,16.9646,16.9538,16.9436,16.9343,16.9257,16.9179,16.9109,16.9047,16.8993,16.8946,16.8908,16.8877,16.8855,16.8842,16.8836,16.8839,16.8850,16.8869,16.8898,16.8934,16.8980,16.9034,16.9097,16.9168,16.9249,16.9339,16.9437,16.9545,16.9662,16.9788,16.9924,17.0069,17.0223,17.0387,17.0560,17.0743,17.0936,17.1139,17.1352,17.1574,17.1807,17.2050,17.2302,17.2566,17.2840,17.3124,17.3419,17.3724,17.4040,17.4367,17.4705,17.5054,17.5415,17.5786,17.6169,17.6564,17.6970,17.7387,17.7817,17.8259,17.8712,17.9178,17.9657,18.0148,18.0651,18.1168,18.1697,18.2239,18.2795,18.3364,18.3947,18.4544,18.5155,18.5780,18.6419,18.7073,18.7742,18.8426,18.9125,18.9840,19.0570,19.1317,19.2080,19.2859,19.3656,19.4469,19.5300,19.6149,19.7017,19.7902,19.8807,19.9731,20.0674,20.1638,20.2622,20.3627,20.4653,20.5701,20.6772,20.7866,20.8983,21.0125,21.1291,21.2482,21.3700,21.4944,21.6215,21.7515,21.8844,22.0203,22.1592,22.3013,22.4466,22.5953,22.7475,22.9032,23.0627,23.2260,23.3932,23.5645,23.7400,23.9200,24.1045,24.2937,24.4878,24.6871,24.8916,25.1017,25.3175,25.5394,25.7675,26.0021,26.2436,26.4923,26.7484,27.0124,27.2847,27.5657,27.8557,28.1554,28.4653,28.7829,29.1041,29.4291,29.7582,30.0915,30.4294,30.7721,31.1199,31.4731,31.8320,32.1970,32.5685,32.9469,33.3326,33.7262,34.1282,34.5391,34.9568,35.3694,35.7731,36.1682,36.5552,36.9343,37.3060,37.6704,38.0278,38.3786,38.7230,39.0611,39.3932,39.7196,40.0403,40.3557,40.6658,40.9708,41.2709,41.5663,41.8570,42.1432,42.4251,42.7027,42.9762,43.2457,43.5113,43.7731,44.0312,44.2857,44.5367,44.7843,45.0285,45.2695,45.5072,45.7419,45.9735,46.2022,46.4280,46.6509,46.8710,47.0885,47.3033,47.4450,46.0392,44.7514,43.5660,42.4702,41.4531,40.5058,39.6208,38.7914,38.0121,37.2781,36.5851,35.9294,35.3079,34.7177,34.1562,33.6213,33.1109,32.6232,32.1565,31.7095,31.2808,30.8692,30.4736,30.0930,29.7265,29.3732,29.0325,28.7036,28.3858,28.0786,27.7814,27.4937,27.2149,26.9448,26.6828,26.4285,26.1817,25.9420,25.7090,25.4825,25.2622,25.0478,24.8392,24.6360,24.4380,24.2451,24.0571,23.8738,23.6949,23.5204,23.3502,23.1839,23.0216,22.8631,22.7083,22.5570,22.4091,22.2646,22.1233,21.9851,21.8500,21.7178,21.5886,21.4621,21.3383,21.2172,21.0987,20.9827,20.8692,20.7580,20.6492,20.5427,20.4384,20.3363,20.2363,20.1384,20.0425,19.9486,19.8567,19.7667,19.6786,19.5924,19.5079,19.4252,19.3443,19.2650,19.1875,19.1116,19.0373,18.9647,18.8936,18.8240,18.7560,18.6895,18.6244,18.5608,18.4987,18.4380,18.3786,18.3207,18.2641,18.2088,18.1549,18.1023,18.0510,18.0009,17.9522,17.9046,17.8583,17.8133,17.7694,17.7267,17.6852,17.6449,17.6058,17.5678,17.5309,17.4952,17.4605,17.4270,17.3946,17.3633,17.3330,17.3038,17.2757,17.2486,17.2225,17.1975,17.1735,17.1505,17.1285,17.1075,17.0876,17.0685,17.0505,17.0334,17.0173,17.0022,16.9880,16.9747,16.9624,16.9509,16.9404,16.9309,16.9222,16.9144,16.9075,16.9015,16.8964,16.8921,16.8887,16.8862,16.8845,16.8837,16.8837,16.8845,16.8862,16.8887,16.8920,16.8962,16.9011,16.9068,16.9134,16.9207,16.9288,16.9376,16.9473,16.9577,16.9688,16.9808,16.9934,17.0068,17.0210,17.0359,17.0515,17.0678,17.0848,17.1025,17.1210,17.1401,17.1599,17.1805,17.2016,17.2235,17.2460,17.2692,17.2931,17.3176,17.3427,17.3685,17.3950,17.4220,17.4497,17.4780,17.5069,17.5364,17.5666,17.5973,17.6286,17.6605,17.6930,17.7261,17.7597,17.7939,17.8286,17.8640,17.8998,17.9362,17.9732,18.0107,18.0487,18.0872,18.1262,18.1658,18.2059,18.2465,18.2876,18.3291,18.3712,18.4138,18.4568,18.5003,18.5443,18.5887,18.6336,18.6790,18.7248,18.7710,18.8177,18.8649,18.9124,18.9604,19.0088,19.0577,19.1069,19.1566,19.2067,19.2571,19.3080,19.3593,19.4109,19.4629,19.5154,19.5681,19.6213,19.6748,19.7287,19.7830,19.8376,19.8926,19.9479,20.0035,20.0595,20.1159,20.1726,20.2295,0.0000\right]
v_{backward}=\left[0.0000,5.3877,7.6194,9.3319,10.7755,12.0474,13.1972,14.2546,15.2389,16.1632,17.0376,17.8691,18.6637,19.4258,20.1591,20.8667,21.5510,22.2143,22.8583,23.4847,24.0947,24.6898,25.2708,25.8387,26.3945,26.9387,27.4722,27.9956,28.5093,29.0139,29.5099,29.9977,30.4777,30.9503,31.4157,31.8744,32.3265,32.7724,33.2123,33.6465,34.0751,34.4984,34.9166,35.3298,35.7343,36.1303,36.5180,36.8979,37.2703,37.6354,37.9935,38.3449,38.6899,39.0286,39.3613,39.6882,40.0095,40.3254,40.6360,40.9415,41.2421,41.5379,41.8290,42.1157,42.3980,42.6760,42.9499,43.2198,43.4858,43.7479,44.0064,44.2612,44.5126,44.7605,45.0050,45.2463,45.4843,45.7193,45.9512,46.1802,46.4062,46.6294,46.8498,47.0675,47.2826,47.4950,47.7049,47.9123,48.1172,48.3198,48.5200,48.7179,48.9135,49.1069,49.2982,49.4873,49.6743,49.8593,49.9999,49.9999,49.9999,49.9999,49.9999,49.9999,49.9999,49.9999,49.9999,49.9999,49.9999,49.9999,49.9999,49.9999,49.9999,49.9999,49.9999,49.9999,49.9999,49.9999,49.9999,49.9999,49.9999,49.9999,49.9999,49.9999,49.9999,49.9999,49.9999,49.9999,49.9999,49.9999,49.9999,49.9910,49.8075,49.6220,49.4344,49.2446,49.0528,48.8588,48.6625,48.4640,48.2631,48.0599,47.8543,47.6462,47.4359,47.2246,47.0123,46.7992,46.5850,46.3698,46.1537,45.9365,45.7183,45.4990,45.2787,45.0573,44.8348,44.6112,44.3865,44.1606,43.9336,43.7054,43.4760,43.2454,43.0135,42.7804,42.5460,42.3103,42.0733,41.8349,41.5952,41.3541,41.1116,40.8676,40.6222,40.3752,40.1268,39.8768,39.6253,39.3721,39.1173,38.8608,38.6026,38.3427,38.0810,37.8175,37.5521,37.2849,37.0157,36.7445,36.4714,36.1962,35.9188,35.6393,35.3576,35.0737,34.7874,34.4987,34.2076,33.9140,33.6179,33.3191,33.0176,32.7133,32.4062,32.0961,31.7831,31.4669,31.1474,30.8247,30.4986,30.1689,29.8356,29.4985,29.1576,28.8126,28.4634,28.1098,27.7518,27.3891,27.0215,26.6489,26.2710,25.8875,25.4983,25.1031,24.7015,24.2933,23.8781,23.4556,23.0253,22.5868,22.1396,21.6833,21.2171,20.7404,20.2525,20.1955,20.1389,20.0826,20.0266,19.9710,19.9157,19.8607,19.8061,19.7518,19.6979,19.6444,19.5912,19.5384,19.4860,19.4339,19.3823,19.3310,19.2801,19.2296,19.1794,19.1297,19.0804,19.0315,18.9830,18.9350,18.8874,18.8401,18.7934,18.7470,18.7011,18.6557,18.6107,18.5661,18.5220,18.4784,18.4353,18.3926,18.3504,18.3087,18.2675,18.2267,18.1865,18.1468,18.1076,18.0689,18.0307,17.9930,17.9559,17.9193,17.8832,17.8477,17.8127,17.7783,17.7445,17.7112,17.6784,17.6463,17.6147,17.5838,17.5534,17.5236,17.4944,17.4658,17.4378,17.4105,17.3838,17.3577,17.3322,17.3074,17.2832,17.2597,17.2368,17.2146,17.1930,17.1722,17.1520,17.1325,17.1137,17.0955,17.0781,17.0614,17.0454,17.0301,17.0155,17.0017,16.9886,16.9762,16.9646,16.9538,16.9436,16.9343,16.9257,16.9179,16.9109,16.9047,16.8993,16.8946,16.8908,16.8877,16.8855,16.8842,16.8836,16.8839,16.8850,16.8869,16.8898,16.8934,16.8980,16.9034,16.9097,16.9168,16.9249,16.9339,16.9437,16.9545,16.9662,16.9788,16.9924,17.0069,17.0223,17.0387,17.0560,17.0743,17.0936,17.1139,17.1352,17.1574,17.1807,17.2050,17.2302,17.2566,17.2840,17.3124,17.3419,17.3724,17.4040,17.4367,17.4705,17.5054,17.5415,17.5786,17.6169,17.6564,17.6970,17.7387,17.7817,17.8259,17.8712,17.9178,17.9657,18.0148,18.0651,18.1168,18.1697,18.2239,18.2795,18.3364,18.3947,18.4544,18.5155,18.5780,18.6419,18.7073,18.7742,18.8426,18.9125,18.9840,19.0570,19.1317,19.2080,19.2859,19.3656,19.4469,19.5300,19.6149,19.7017,19.7902,19.8807,19.9731,20.0674,20.1638,20.2622,20.3627,20.4653,20.5701,20.6772,20.7866,20.8983,21.0125,21.1291,21.2482,21.3700,21.4944,21.6215,21.7515,21.8844,22.0203,22.1592,22.3013,22.4466,22.5953,22.7475,22.9032,23.0627,23.2260,23.3932,23.5645,23.7400,23.9200,24.1045,24.2937,24.4878,24.6871,24.8916,25.1017,25.3175,25.5394,25.7675,26.0021,26.2436,26.4923,26.7484,27.0124,27.2847,27.5657,27.8557,28.1554,28.4653,28.7829,29.1041,29.4291,29.7582,30.0915,30.4294,30.7721,31.1199,31.4731,31.8320,32.1970,32.5685,32.9469,33.3326,33.7262,34.1282,34.5391,34.9568,35.3694,35.7731,36.1682,36.5552,36.9343,37.3060,37.6704,38.0278,38.3786,38.7230,39.0611,39.3932,39.7196,40.0403,40.3557,40.6658,40.9708,41.2709,41.5663,41.8570,42.1432,42.1072,41.8709,41.6330,41.3933,41.1517,40.9084,40.6632,40.4170,40.1697,39.9213,39.6717,39.4210,39.1691,38.9160,38.6617,38.4061,38.1492,37.8910,37.6314,37.3705,37.1082,36.8444,36.5792,36.3125,36.0442,35.7744,35.5030,35.2299,34.9551,34.6786,34.4003,34.1202,33.8383,33.5544,33.2686,32.9807,32.6908,32.3988,32.1045,31.8081,31.5093,31.2081,30.9045,30.5983,30.2896,29.9781,29.6639,29.3468,29.0267,28.7036,28.3858,28.0786,27.7814,27.4937,27.2149,26.9448,26.6828,26.4285,26.1817,25.9420,25.7090,25.4825,25.2622,25.0478,24.8392,24.6360,24.4380,24.2451,24.0571,23.8738,23.6949,23.5204,23.3502,23.1839,23.0216,22.8631,22.7083,22.5570,22.4091,22.2646,22.1233,21.9851,21.8500,21.7178,21.5886,21.4621,21.3383,21.2172,21.0987,20.9827,20.8692,20.7580,20.6492,20.5427,20.4384,20.3363,20.2363,20.1384,20.0425,19.9486,19.8567,19.7667,19.6786,19.5924,19.5079,19.4252,19.3443,19.2650,19.1875,19.1116,19.0373,18.9647,18.8936,18.8240,18.7560,18.6895,18.6244,18.5608,18.4987,18.4380,18.3786,18.3207,18.2641,18.2088,18.1549,18.1023,18.0510,18.0009,17.9522,17.9046,17.8583,17.8133,17.7694,17.7267,17.6852,17.6449,17.6058,17.5678,17.5309,17.4952,17.4605,17.4270,17.3946,17.3633,17.3330,17.3038,17.2757,17.2486,17.2225,17.1975,17.1735,17.1505,17.1285,17.1075,17.0876,17.0685,17.0505,17.0334,17.0173,17.0022,16.9880,16.9747,16.9624,16.9509,16.9404,16.9309,16.9222,16.9144,16.9075,16.9015,16.8964,16.8921,16.8887,16.8862,16.8845,16.8837,16.8837,16.8845,16.8862,16.8887,16.8920,16.8962,16.9011,16.9068,16.9134,16.9207,16.9288,16.9376,16.9473,16.9577,16.9688,16.9808,16.9934,17.0068,17.0210,17.0359,17.0515,17.0678,17.0848,17.1025,17.1210,17.1401,17.1599,17.1805,17.2016,17.2235,17.2460,17.2692,17.2931,17.3176,17.3427,17.3685,17.3950,17.4220,17.4497,17.4780,17.5069,17.5364,17.5666,17.5973,17.6286,17.6605,17.6930,17.7261,17.7597,17.7939,17.8286,17.8640,17.8998,17.9362,17.9732,18.0107,18.0487,18.0872,18.1262,18.1658,18.2059,18.2465,18.2066,17.9993,17.7886,17.5745,17.3567,17.1350,16.9094,16.6797,16.4456,16.2070,15.9636,15.7153,15.4617,15.2025,14.9376,14.6665,14.3888,14.1043,13.8123,13.5125,13.2043,12.8870,12.5600,12.2224,11.8734,11.5119,11.1366,10.7460,10.3385,9.9119,9.4636,8.9903,8.4878,7.9506,7.3710,6.7382,6.0352,5.2340,4.2795,3.0304,0.0000\right]
v_{final}=\left[0.0000,5.3877,7.6194,9.3319,10.7755,12.0474,13.1972,14.2546,15.2389,16.1632,17.0376,17.8691,18.6637,19.4258,20.1591,20.8667,21.5510,22.2143,22.8583,23.4847,24.0947,24.6898,25.2708,25.8387,26.3945,26.9387,27.4722,27.9956,28.5093,29.0139,29.5099,29.9977,30.4777,30.9503,31.4157,31.8744,32.3265,32.7724,33.2123,33.6465,34.0751,34.4984,34.9166,35.3298,35.7343,36.1303,36.5180,36.8979,37.2703,37.6354,37.9935,38.3449,38.6899,39.0286,39.3613,39.6882,40.0095,40.3254,40.6360,40.9415,41.2421,41.5379,41.8290,42.1157,42.3980,42.6760,42.9499,43.2198,43.4858,43.7479,44.0064,44.2612,44.5126,44.7605,45.0050,45.2463,45.4843,45.7193,45.9512,46.1802,46.4062,46.6294,46.8498,47.0675,47.2826,47.4950,47.7049,47.9123,48.1172,48.3198,48.5200,48.7179,48.9135,49.1069,49.2982,49.4873,49.6743,49.8593,49.9999,49.9999,49.9999,49.9999,49.9999,49.9999,49.9999,49.9999,49.9999,49.9999,49.9999,49.9999,49.9999,49.9999,49.9999,49.9999,49.9999,49.9999,49.9999,49.9999,49.9999,49.9999,49.9999,49.9999,49.9999,49.9999,49.9999,49.9999,49.9999,49.9999,49.9999,49.9999,49.9999,49.9910,49.8075,49.6220,49.4344,49.2446,49.0528,48.8588,48.6625,48.4640,48.2631,48.0599,47.8543,47.6462,47.4359,47.2246,47.0123,46.7992,46.5850,46.3698,46.1537,45.9365,45.7183,45.4990,45.2787,45.0573,44.8348,44.6112,44.3865,44.1606,43.9336,43.7054,43.4760,43.2454,43.0135,42.7804,42.5460,42.3103,42.0733,41.8349,41.5952,41.3541,41.1116,40.8676,40.6222,40.3752,40.1268,39.8768,39.6253,39.3721,39.1173,38.8608,38.6026,38.3427,38.0810,37.8175,37.5521,37.2849,37.0157,36.7445,36.4714,36.1962,35.9188,35.6393,35.3576,35.0737,34.7874,34.4987,34.2076,33.9140,33.6179,33.3191,33.0176,32.7133,32.4062,32.0961,31.7831,31.4669,31.1474,30.8247,30.4986,30.1689,29.8356,29.4985,29.1576,28.8126,28.4634,28.1098,27.7518,27.3891,27.0215,26.6489,26.2710,25.8875,25.4983,25.1031,24.7015,24.2933,23.8781,23.4556,23.0253,22.5868,22.1396,21.6833,21.2171,20.7404,20.2525,20.1955,20.1389,20.0826,20.0266,19.9710,19.9157,19.8607,19.8061,19.7518,19.6979,19.6444,19.5912,19.5384,19.4860,19.4339,19.3823,19.3310,19.2801,19.2296,19.1794,19.1297,19.0804,19.0315,18.9830,18.9350,18.8874,18.8401,18.7934,18.7470,18.7011,18.6557,18.6107,18.5661,18.5220,18.4784,18.4353,18.3926,18.3504,18.3087,18.2675,18.2267,18.1865,18.1468,18.1076,18.0689,18.0307,17.9930,17.9559,17.9193,17.8832,17.8477,17.8127,17.7783,17.7445,17.7112,17.6784,17.6463,17.6147,17.5838,17.5534,17.5236,17.4944,17.4658,17.4378,17.4105,17.3838,17.3577,17.3322,17.3074,17.2832,17.2597,17.2368,17.2146,17.1930,17.1722,17.1520,17.1325,17.1137,17.0955,17.0781,17.0614,17.0454,17.0301,17.0155,17.0017,16.9886,16.9762,16.9646,16.9538,16.9436,16.9343,16.9257,16.9179,16.9109,16.9047,16.8993,16.8946,16.8908,16.8877,16.8855,16.8842,16.8836,16.8839,16.8850,16.8869,16.8898,16.8934,16.8980,16.9034,16.9097,16.9168,16.9249,16.9339,16.9437,16.9545,16.9662,16.9788,16.9924,17.0069,17.0223,17.0387,17.0560,17.0743,17.0936,17.1139,17.1352,17.1574,17.1807,17.2050,17.2302,17.2566,17.2840,17.3124,17.3419,17.3724,17.4040,17.4367,17.4705,17.5054,17.5415,17.5786,17.6169,17.6564,17.6970,17.7387,17.7817,17.8259,17.8712,17.9178,17.9657,18.0148,18.0651,18.1168,18.1697,18.2239,18.2795,18.3364,18.3947,18.4544,18.5155,18.5780,18.6419,18.7073,18.7742,18.8426,18.9125,18.9840,19.0570,19.1317,19.2080,19.2859,19.3656,19.4469,19.5300,19.6149,19.7017,19.7902,19.8807,19.9731,20.0674,20.1638,20.2622,20.3627,20.4653,20.5701,20.6772,20.7866,20.8983,21.0125,21.1291,21.2482,21.3700,21.4944,21.6215,21.7515,21.8844,22.0203,22.1592,22.3013,22.4466,22.5953,22.7475,22.9032,23.0627,23.2260,23.3932,23.5645,23.7400,23.9200,24.1045,24.2937,24.4878,24.6871,24.8916,25.1017,25.3175,25.5394,25.7675,26.0021,26.2436,26.4923,26.7484,27.0124,27.2847,27.5657,27.8557,28.1554,28.4653,28.7829,29.1041,29.4291,29.7582,30.0915,30.4294,30.7721,31.1199,31.4731,31.8320,32.1970,32.5685,32.9469,33.3326,33.7262,34.1282,34.5391,34.9568,35.3694,35.7731,36.1682,36.5552,36.9343,37.3060,37.6704,38.0278,38.3786,38.7230,39.0611,39.3932,39.7196,40.0403,40.3557,40.6658,40.9708,41.2709,41.5663,41.8570,42.1432,42.1072,41.8709,41.6330,41.3933,41.1517,40.9084,40.6632,40.4170,40.1697,39.9213,39.6717,39.4210,39.1691,38.9160,38.6617,38.4061,38.1492,37.8910,37.6314,37.3705,37.1082,36.8444,36.5792,36.3125,36.0442,35.7744,35.5030,35.2299,34.9551,34.6786,34.4003,34.1202,33.8383,33.5544,33.2686,32.9807,32.6908,32.3988,32.1045,31.8081,31.5093,31.2081,30.9045,30.5983,30.2896,29.9781,29.6639,29.3468,29.0267,28.7036,28.3858,28.0786,27.7814,27.4937,27.2149,26.9448,26.6828,26.4285,26.1817,25.9420,25.7090,25.4825,25.2622,25.0478,24.8392,24.6360,24.4380,24.2451,24.0571,23.8738,23.6949,23.5204,23.3502,23.1839,23.0216,22.8631,22.7083,22.5570,22.4091,22.2646,22.1233,21.9851,21.8500,21.7178,21.5886,21.4621,21.3383,21.2172,21.0987,20.9827,20.8692,20.7580,20.6492,20.5427,20.4384,20.3363,20.2363,20.1384,20.0425,19.9486,19.8567,19.7667,19.6786,19.5924,19.5079,19.4252,19.3443,19.2650,19.1875,19.1116,19.0373,18.9647,18.8936,18.8240,18.7560,18.6895,18.6244,18.5608,18.4987,18.4380,18.3786,18.3207,18.2641,18.2088,18.1549,18.1023,18.0510,18.0009,17.9522,17.9046,17.8583,17.8133,17.7694,17.7267,17.6852,17.6449,17.6058,17.5678,17.5309,17.4952,17.4605,17.4270,17.3946,17.3633,17.3330,17.3038,17.2757,17.2486,17.2225,17.1975,17.1735,17.1505,17.1285,17.1075,17.0876,17.0685,17.0505,17.0334,17.0173,17.0022,16.9880,16.9747,16.9624,16.9509,16.9404,16.9309,16.9222,16.9144,16.9075,16.9015,16.8964,16.8921,16.8887,16.8862,16.8845,16.8837,16.8837,16.8845,16.8862,16.8887,16.8920,16.8962,16.9011,16.9068,16.9134,16.9207,16.9288,16.9376,16.9473,16.9577,16.9688,16.9808,16.9934,17.0068,17.0210,17.0359,17.0515,17.0678,17.0848,17.1025,17.1210,17.1401,17.1599,17.1805,17.2016,17.2235,17.2460,17.2692,17.2931,17.3176,17.3427,17.3685,17.3950,17.4220,17.4497,17.4780,17.5069,17.5364,17.5666,17.5973,17.6286,17.6605,17.6930,17.7261,17.7597,17.7939,17.8286,17.8640,17.8998,17.9362,17.9732,18.0107,18.0487,18.0872,18.1262,18.1658,18.2059,18.2465,18.2066,17.9993,17.7886,17.5745,17.3567,17.1350,16.9094,16.6797,16.4456,16.2070,15.9636,15.7153,15.4617,15.2025,14.9376,14.6665,14.3888,14.1043,13.8123,13.5125,13.2043,12.8870,12.5600,12.2224,11.8734,11.5119,11.1366,10.7460,10.3385,9.9119,9.4636,8.9903,8.4878,7.9506,7.3710,6.7382,6.0352,5.2340,4.2795,3.0304,0.0000\right]
l_{times}=\left[0.0000,0.0371,0.0525,0.0643,0.0742,0.0830,0.0909,0.0982,0.1050,0.1114,0.1174,0.1231,0.1286,0.1338,0.1389,0.1438,0.1485,0.1531,0.1575,0.1618,0.1660,0.1701,0.1741,0.1780,0.1819,0.1856,0.1893,0.1929,0.1964,0.1999,0.2033,0.2067,0.2100,0.2132,0.2165,0.2196,0.2227,0.2258,0.2288,0.2318,0.2348,0.2377,0.2406,0.2434,0.2462,0.2490,0.2518,0.2545,0.2572,0.2599,0.2625,0.2651,0.2677,0.2703,0.2728,0.2754,0.2779,0.2804,0.2828,0.2853,0.2877,0.2901,0.2925,0.2949,0.2973,0.2996,0.3020,0.3043,0.3066,0.3089,0.3112,0.3134,0.3157,0.3179,0.3202,0.3224,0.3246,0.3268,0.3290,0.3311,0.3333,0.3354,0.3376,0.3397,0.3418,0.3439,0.3460,0.3481,0.3502,0.3523,0.3544,0.3564,0.3585,0.3605,0.3625,0.3646,0.3666,0.3686,0.3706,0.3726,0.3746,0.3766,0.3786,0.3806,0.3826,0.3846,0.3866,0.3886,0.3906,0.3926,0.3946,0.3966,0.3986,0.4006,0.4026,0.4046,0.4066,0.4086,0.4106,0.4126,0.4146,0.4166,0.4186,0.4206,0.4226,0.4246,0.4266,0.4286,0.4306,0.4326,0.4346,0.4366,0.4386,0.4406,0.4426,0.4447,0.4467,0.4487,0.4508,0.4528,0.4549,0.4570,0.4591,0.4612,0.4633,0.4654,0.4675,0.4696,0.4718,0.4739,0.4761,0.4783,0.4804,0.4826,0.4848,0.4871,0.4893,0.4915,0.4938,0.4960,0.4983,0.5006,0.5029,0.5052,0.5075,0.5098,0.5122,0.5145,0.5169,0.5193,0.5217,0.5241,0.5265,0.5289,0.5314,0.5339,0.5364,0.5389,0.5414,0.5439,0.5465,0.5490,0.5516,0.5542,0.5568,0.5594,0.5621,0.5648,0.5675,0.5702,0.5729,0.5757,0.5784,0.5812,0.5840,0.5869,0.5898,0.5926,0.5955,0.5985,0.6014,0.6044,0.6074,0.6105,0.6136,0.6167,0.6198,0.6230,0.6261,0.6294,0.6326,0.6359,0.6393,0.6426,0.6460,0.6495,0.6530,0.6565,0.6601,0.6637,0.6674,0.6711,0.6749,0.6787,0.6826,0.6866,0.6906,0.6947,0.6988,0.7031,0.7074,0.7118,0.7162,0.7208,0.7255,0.7302,0.7351,0.7400,0.7450,0.7500,0.7550,0.7600,0.7650,0.7700,0.7750,0.7801,0.7852,0.7903,0.7954,0.8005,0.8056,0.8107,0.8159,0.8210,0.8262,0.8314,0.8366,0.8418,0.8471,0.8523,0.8576,0.8629,0.8682,0.8735,0.8788,0.8841,0.8894,0.8948,0.9002,0.9055,0.9109,0.9163,0.9218,0.9272,0.9326,0.9381,0.9436,0.9490,0.9545,0.9600,0.9655,0.9711,0.9766,0.9822,0.9877,0.9933,0.9989,1.0045,1.0101,1.0157,1.0213,1.0270,1.0326,1.0383,1.0440,1.0497,1.0553,1.0610,1.0668,1.0725,1.0782,1.0839,1.0897,1.0955,1.1012,1.1070,1.1128,1.1186,1.1244,1.1302,1.1360,1.1418,1.1476,1.1535,1.1593,1.1651,1.1710,1.1769,1.1827,1.1886,1.1945,1.2003,1.2062,1.2121,1.2180,1.2239,1.2298,1.2357,1.2416,1.2475,1.2534,1.2594,1.2653,1.2712,1.2771,1.2830,1.2889,1.2949,1.3008,1.3067,1.3126,1.3186,1.3245,1.3304,1.3363,1.3422,1.3482,1.3541,1.3600,1.3659,1.3718,1.3777,1.3836,1.3895,1.3954,1.4012,1.4071,1.4130,1.4189,1.4247,1.4306,1.4364,1.4423,1.4481,1.4539,1.4597,1.4655,1.4713,1.4771,1.4829,1.4887,1.4944,1.5002,1.5059,1.5117,1.5174,1.5231,1.5288,1.5345,1.5401,1.5458,1.5514,1.5571,1.5627,1.5683,1.5739,1.5794,1.5850,1.5906,1.5961,1.6016,1.6071,1.6126,1.6180,1.6235,1.6289,1.6343,1.6397,1.6451,1.6504,1.6558,1.6611,1.6664,1.6717,1.6769,1.6822,1.6874,1.6926,1.6977,1.7029,1.7080,1.7131,1.7182,1.7233,1.7283,1.7333,1.7383,1.7433,1.7483,1.7532,1.7581,1.7630,1.7678,1.7726,1.7774,1.7822,1.7869,1.7917,1.7964,1.8010,1.8057,1.8103,1.8149,1.8194,1.8239,1.8284,1.8329,1.8373,1.8418,1.8461,1.8505,1.8548,1.8591,1.8634,1.8676,1.8718,1.8759,1.8801,1.8842,1.8882,1.8923,1.8963,1.9002,1.9042,1.9081,1.9119,1.9158,1.9196,1.9233,1.9270,1.9307,1.9344,1.9380,1.9415,1.9451,1.9486,1.9520,1.9554,1.9588,1.9622,1.9655,1.9687,1.9720,1.9752,1.9783,1.9814,1.9845,1.9876,1.9906,1.9936,1.9965,1.9994,2.0023,2.0052,2.0080,2.0108,2.0135,2.0162,2.0189,2.0216,2.0242,2.0269,2.0294,2.0320,2.0346,2.0371,2.0396,2.0421,2.0446,2.0470,2.0494,2.0519,2.0543,2.0566,2.0590,2.0614,2.0638,2.0662,2.0686,2.0711,2.0735,2.0760,2.0785,2.0809,2.0835,2.0860,2.0885,2.0911,2.0937,2.0963,2.0989,2.1015,2.1042,2.1068,2.1095,2.1122,2.1149,2.1177,2.1204,2.1232,2.1260,2.1289,2.1317,2.1346,2.1375,2.1404,2.1433,2.1463,2.1493,2.1523,2.1554,2.1584,2.1615,2.1647,2.1678,2.1710,2.1742,2.1775,2.1808,2.1841,2.1875,2.1908,2.1943,2.1977,2.2012,2.2048,2.2084,2.2120,2.2156,2.2193,2.2231,2.2268,2.2306,2.2345,2.2383,2.2422,2.2462,2.2502,2.2542,2.2582,2.2623,2.2664,2.2705,2.2747,2.2789,2.2831,2.2874,2.2917,2.2960,2.3004,2.3048,2.3092,2.3136,2.3181,2.3226,2.3272,2.3317,2.3363,2.3409,2.3456,2.3503,2.3550,2.3597,2.3644,2.3692,2.3740,2.3788,2.3837,2.3886,2.3935,2.3984,2.4034,2.4083,2.4133,2.4184,2.4234,2.4285,2.4336,2.4387,2.4438,2.4490,2.4542,2.4594,2.4646,2.4698,2.4751,2.4804,2.4857,2.4910,2.4964,2.5017,2.5071,2.5125,2.5179,2.5233,2.5288,2.5343,2.5397,2.5452,2.5508,2.5563,2.5618,2.5674,2.5730,2.5786,2.5842,2.5898,2.5954,2.6011,2.6067,2.6124,2.6181,2.6238,2.6295,2.6352,2.6410,2.6467,2.6525,2.6582,2.6640,2.6698,2.6756,2.6814,2.6872,2.6930,2.6988,2.7047,2.7105,2.7164,2.7222,2.7281,2.7339,2.7398,2.7457,2.7516,2.7575,2.7634,2.7693,2.7752,2.7811,2.7870,2.7929,2.7988,2.8047,2.8106,2.8165,2.8225,2.8284,2.8343,2.8402,2.8462,2.8521,2.8580,2.8639,2.8698,2.8758,2.8817,2.8876,2.8935,2.8994,2.9053,2.9112,2.9171,2.9230,2.9289,2.9348,2.9407,2.9466,2.9525,2.9583,2.9642,2.9701,2.9759,2.9818,2.9876,2.9935,2.9993,3.0051,3.0109,3.0167,3.0225,3.0283,3.0341,3.0399,3.0457,3.0514,3.0572,3.0629,3.0687,3.0744,3.0801,3.0858,3.0915,3.0972,3.1029,3.1085,3.1142,3.1198,3.1255,3.1311,3.1367,3.1423,3.1479,3.1535,3.1591,3.1646,3.1702,3.1757,3.1812,3.1867,3.1922,3.1977,3.2032,3.2087,3.2143,3.2200,3.2257,3.2315,3.2374,3.2433,3.2494,3.2555,3.2617,3.2680,3.2744,3.2810,3.2876,3.2944,3.3012,3.3083,3.3154,3.3227,3.3302,3.3379,3.3458,3.3538,3.3621,3.3707,3.3795,3.3886,3.3981,3.4080,3.4183,3.4292,3.4406,3.4528,3.4658,3.4800,3.4957,3.5134,3.5344,3.5618,3.6278,\right]
l_{points}=\left[\left(-23.6000,0.0000\right),\left(-23.5000,0.0000\right),\left(-23.4000,0.0000\right),\left(-23.3000,0.0000\right),\left(-23.2000,0.0000\right),\left(-23.1000,0.0000\right),\left(-23.0000,0.0000\right),\left(-22.9000,0.0000\right),\left(-22.8000,0.0000\right),\left(-22.7000,0.0000\right),\left(-22.6000,0.0000\right),\left(-22.5000,0.0000\right),\left(-22.4000,0.0000\right),\left(-22.3000,0.0000\right),\left(-22.2000,0.0000\right),\left(-22.1000,0.0000\right),\left(-22.0000,0.0000\right),\left(-21.9000,0.0000\right),\left(-21.8000,0.0000\right),\left(-21.7000,0.0000\right),\left(-21.6000,0.0000\right),\left(-21.5000,0.0000\right),\left(-21.4000,0.0000\right),\left(-21.3000,0.0000\right),\left(-21.2000,0.0000\right),\left(-21.1000,0.0000\right),\left(-21.0000,0.0000\right),\left(-20.9000,0.0000\right),\left(-20.8000,0.0000\right),\left(-20.7000,0.0000\right),\left(-20.6000,0.0000\right),\left(-20.5000,0.0000\right),\left(-20.4000,0.0000\right),\left(-20.3000,0.0000\right),\left(-20.2000,0.0000\right),\left(-20.1000,0.0000\right),\left(-20.0000,0.0000\right),\left(-19.9000,0.0000\right),\left(-19.8000,0.0000\right),\left(-19.7000,0.0000\right),\left(-19.6000,0.0000\right),\left(-19.5000,0.0000\right),\left(-19.4000,0.0000\right),\left(-19.3000,0.0000\right),\left(-19.2000,0.0000\right),\left(-19.1000,0.0000\right),\left(-19.0000,0.0000\right),\left(-18.9000,0.0000\right),\left(-18.8000,0.0000\right),\left(-18.7000,0.0000\right),\left(-18.6000,0.0000\right),\left(-18.5000,0.0000\right),\left(-18.4000,0.0000\right),\left(-18.3000,0.0000\right),\left(-18.2000,0.0000\right),\left(-18.1000,0.0000\right),\left(-18.0000,0.0000\right),\left(-17.9000,0.0000\right),\left(-17.8000,0.0000\right),\left(-17.7000,0.0000\right),\left(-17.6000,0.0000\right),\left(-17.5000,0.0000\right),\left(-17.4000,0.0000\right),\left(-17.3000,0.0000\right),\left(-17.2000,0.0000\right),\left(-17.1000,0.0000\right),\left(-17.0000,0.0000\right),\left(-16.9000,0.0000\right),\left(-16.8000,0.0000\right),\left(-16.7000,0.0000\right),\left(-16.6000,0.0000\right),\left(-16.5000,0.0000\right),\left(-16.4000,0.0000\right),\left(-16.3000,0.0000\right),\left(-16.2000,0.0000\right),\left(-16.1000,0.0000\right),\left(-16.0000,0.0000\right),\left(-15.9000,0.0000\right),\left(-15.8000,0.0000\right),\left(-15.7000,0.0000\right),\left(-15.6000,0.0000\right),\left(-15.5000,0.0000\right),\left(-15.4000,0.0000\right),\left(-15.3000,0.0000\right),\left(-15.2000,0.0000\right),\left(-15.1000,0.0000\right),\left(-15.0000,0.0000\right),\left(-14.9000,0.0000\right),\left(-14.8000,0.0000\right),\left(-14.7000,0.0000\right),\left(-14.6000,0.0000\right),\left(-14.5000,0.0000\right),\left(-14.4000,0.0000\right),\left(-14.3000,0.0000\right),\left(-14.2000,0.0000\right),\left(-14.1000,0.0000\right),\left(-14.0000,0.0000\right),\left(-13.9000,0.0000\right),\left(-13.8000,0.0000\right),\left(-13.7000,0.0000\right),\left(-13.6000,0.0000\right),\left(-13.5000,0.0000\right),\left(-13.4000,0.0000\right),\left(-13.3000,0.0000\right),\left(-13.2000,0.0000\right),\left(-13.1000,0.0000\right),\left(-13.0000,0.0000\right),\left(-12.9000,0.0000\right),\left(-12.8000,0.0000\right),\left(-12.7000,0.0000\right),\left(-12.6000,0.0000\right),\left(-12.5000,0.0000\right),\left(-12.4000,0.0000\right),\left(-12.3000,0.0000\right),\left(-12.2000,0.0000\right),\left(-12.1000,0.0000\right),\left(-12.0000,0.0000\right),\left(-11.9000,0.0000\right),\left(-11.8000,0.0000\right),\left(-11.7000,0.0000\right),\left(-11.6000,0.0000\right),\left(-11.5000,0.0000\right),\left(-11.4000,0.0000\right),\left(-11.3000,0.0000\right),\left(-11.2000,0.0000\right),\left(-11.1000,0.0000\right),\left(-11.0000,0.0000\right),\left(-10.9000,0.0000\right),\left(-10.8000,0.0000\right),\left(-10.7000,0.0000\right),\left(-10.6000,0.0000\right),\left(-10.5000,0.0000\right),\left(-10.4000,0.0000\right),\left(-10.3000,0.0000\right),\left(-10.2000,0.0000\right),\left(-10.1000,0.0000\right),\left(-10.0000,0.0000\right),\left(-9.9000,0.0000\right),\left(-9.8000,0.0000\right),\left(-9.7000,0.0000\right),\left(-9.6000,0.0000\right),\left(-9.5000,0.0000\right),\left(-9.4000,0.0000\right),\left(-9.3000,0.0000\right),\left(-9.2000,0.0000\right),\left(-9.1000,0.0000\right),\left(-9.0000,0.0000\right),\left(-8.9000,0.0000\right),\left(-8.8000,0.0000\right),\left(-8.7000,0.0000\right),\left(-8.6000,0.0000\right),\left(-8.5000,0.0000\right),\left(-8.4000,0.0000\right),\left(-8.3000,0.0000\right),\left(-8.2000,0.0000\right),\left(-8.1000,0.0000\right),\left(-8.0000,0.0000\right),\left(-7.9000,0.0000\right),\left(-7.8000,0.0000\right),\left(-7.7000,0.0000\right),\left(-7.6000,0.0000\right),\left(-7.5000,0.0000\right),\left(-7.4000,0.0000\right),\left(-7.3000,0.0000\right),\left(-7.2000,0.0000\right),\left(-7.1000,0.0000\right),\left(-7.0000,0.0000\right),\left(-6.9000,0.0000\right),\left(-6.8000,0.0000\right),\left(-6.7000,0.0000\right),\left(-6.6000,0.0000\right),\left(-6.5000,0.0000\right),\left(-6.4000,0.0000\right),\left(-6.3000,0.0000\right),\left(-6.2000,0.0000\right),\left(-6.1000,0.0000\right),\left(-6.0000,0.0000\right),\left(-5.9000,0.0000\right),\left(-5.8000,0.0000\right),\left(-5.7000,0.0000\right),\left(-5.6000,0.0000\right),\left(-5.5000,0.0000\right),\left(-5.4000,0.0000\right),\left(-5.3000,0.0000\right),\left(-5.2000,0.0000\right),\left(-5.1000,0.0000\right),\left(-5.0000,0.0000\right),\left(-4.9000,0.0000\right),\left(-4.8000,0.0000\right),\left(-4.7000,0.0000\right),\left(-4.6000,0.0000\right),\left(-4.5000,0.0000\right),\left(-4.4000,0.0000\right),\left(-4.3000,0.0000\right),\left(-4.2000,0.0000\right),\left(-4.1000,0.0000\right),\left(-4.0000,0.0000\right),\left(-3.9000,0.0000\right),\left(-3.8000,0.0000\right),\left(-3.7000,0.0000\right),\left(-3.6000,0.0000\right),\left(-3.5000,0.0000\right),\left(-3.4000,0.0000\right),\left(-3.3000,0.0000\right),\left(-3.2000,0.0000\right),\left(-3.1000,0.0000\right),\left(-3.0000,0.0000\right),\left(-2.9000,0.0000\right),\left(-2.8000,0.0000\right),\left(-2.7000,0.0000\right),\left(-2.6000,0.0000\right),\left(-2.5000,0.0000\right),\left(-2.4000,0.0000\right),\left(-2.3000,0.0000\right),\left(-2.2000,0.0000\right),\left(-2.1000,0.0000\right),\left(-2.0000,0.0000\right),\left(-1.9000,0.0000\right),\left(-1.8000,0.0000\right),\left(-1.7000,0.0000\right),\left(-1.6000,0.0000\right),\left(-1.5000,0.0000\right),\left(-1.4000,0.0000\right),\left(-1.3000,0.0000\right),\left(-1.2000,0.0000\right),\left(-1.1000,0.0000\right),\left(-1.0000,0.0000\right),\left(-0.9000,0.0000\right),\left(-0.8000,0.0000\right),\left(-0.7000,0.0000\right),\left(-0.6000,0.0000\right),\left(-0.5000,0.0000\right),\left(-0.4000,0.0000\right),\left(-0.3000,0.0000\right),\left(-0.2000,0.0000\right),\left(-0.1000,0.0000\right),\left(0.0001,0.0000\right),\left(0.0999,0.0001\right),\left(0.1998,0.0006\right),\left(0.2997,0.0013\right),\left(0.3995,0.0023\right),\left(0.4994,0.0036\right),\left(0.5992,0.0051\right),\left(0.6991,0.0070\right),\left(0.7989,0.0092\right),\left(0.8987,0.0116\right),\left(0.9986,0.0144\right),\left(1.0984,0.0174\right),\left(1.1982,0.0207\right),\left(1.2980,0.0244\right),\left(1.3977,0.0283\right),\left(1.4975,0.0326\right),\left(1.5973,0.0371\right),\left(1.6970,0.0420\right),\left(1.7967,0.0472\right),\left(1.8964,0.0527\right),\left(1.9961,0.0585\right),\left(2.0958,0.0646\right),\left(2.1955,0.0710\right),\left(2.2951,0.0777\right),\left(2.3947,0.0848\right),\left(2.4943,0.0922\right),\left(2.5939,0.0999\right),\left(2.6934,0.1079\right),\left(2.7929,0.1163\right),\left(2.8924,0.1249\right),\left(2.9919,0.1339\right),\left(3.0913,0.1433\right),\left(3.1907,0.1529\right),\left(3.2900,0.1629\right),\left(3.3894,0.1733\right),\left(3.4887,0.1839\right),\left(3.5879,0.1949\right),\left(3.6871,0.2063\right),\left(3.7863,0.2179\right),\left(3.8854,0.2299\right),\left(3.9845,0.2423\right),\left(4.0836,0.2550\right),\left(4.1826,0.2681\right),\left(4.2816,0.2814\right),\left(4.3805,0.2952\right),\left(4.4794,0.3093\right),\left(4.5782,0.3237\right),\left(4.6769,0.3385\right),\left(4.7757,0.3537\right),\left(4.8743,0.3692\right),\left(4.9729,0.3850\right),\left(5.0715,0.4012\right),\left(5.1699,0.4178\right),\left(5.2684,0.4347\right),\left(5.3667,0.4520\right),\left(5.4650,0.4697\right),\left(5.5633,0.4877\right),\left(5.6614,0.5061\right),\left(5.7595,0.5248\right),\left(5.8576,0.5439\right),\left(5.9555,0.5634\right),\left(6.0534,0.5832\right),\left(6.1512,0.6034\right),\left(6.2490,0.6240\right),\left(6.3466,0.6450\right),\left(6.4442,0.6663\right),\left(6.5417,0.6880\right),\left(6.6391,0.7101\right),\left(6.7364,0.7325\right),\left(6.8337,0.7553\right),\left(6.9308,0.7785\right),\left(7.0279,0.8021\right),\left(7.1248,0.8260\right),\left(7.2217,0.8504\right),\left(7.3185,0.8751\right),\left(7.4152,0.9002\right),\left(7.5118,0.9256\right),\left(7.6083,0.9515\right),\left(7.7046,0.9777\right),\left(7.8009,1.0043\right),\left(7.8971,1.0313\right),\left(7.9932,1.0586\right),\left(8.0891,1.0864\right),\left(8.1850,1.1145\right),\left(8.2807,1.1430\right),\left(8.3763,1.1719\right),\left(8.4718,1.2012\right),\left(8.5672,1.2309\right),\left(8.6625,1.2609\right),\left(8.7576,1.2913\right),\left(8.8527,1.3221\right),\left(8.9476,1.3533\right),\left(9.0423,1.3849\right),\left(9.1370,1.4169\right),\left(9.2315,1.4492\right),\left(9.3259,1.4819\right),\left(9.4202,1.5151\right),\left(9.5143,1.5485\right),\left(9.6083,1.5824\right),\left(9.7021,1.6167\right),\left(9.7958,1.6513\right),\left(9.8894,1.6863\right),\left(9.9828,1.7217\right),\left(10.0761,1.7575\right),\left(10.1692,1.7936\right),\left(10.2622,1.8302\right),\left(10.3551,1.8671\right),\left(10.4478,1.9044\right),\left(10.5403,1.9420\right),\left(10.6327,1.9801\right),\left(10.7250,2.0185\right),\left(10.8170,2.0573\right),\left(10.9090,2.0964\right),\left(11.0007,2.1360\right),\left(11.0923,2.1759\right),\left(11.1838,2.2161\right),\left(11.2751,2.2568\right),\left(11.3662,2.2978\right),\left(11.4572,2.3391\right),\left(11.5480,2.3809\right),\left(11.6386,2.4230\right),\left(11.7290,2.4654\right),\left(11.8193,2.5083\right),\left(11.9094,2.5514\right),\left(11.9994,2.5950\right),\left(12.0892,2.6389\right),\left(12.1788,2.6831\right),\left(12.2682,2.7277\right),\left(12.3574,2.7727\right),\left(12.4465,2.8180\right),\left(12.5354,2.8637\right),\left(12.6241,2.9097\right),\left(12.7127,2.9560\right),\left(12.8010,3.0027\right),\left(12.8892,3.0497\right),\left(12.9772,3.0971\right),\left(13.0650,3.1448\right),\left(13.1527,3.1929\right),\left(13.2401,3.2412\right),\left(13.3274,3.2900\right),\left(13.4145,3.3390\right),\left(13.5014,3.3884\right),\left(13.5881,3.4381\right),\left(13.6746,3.4881\right),\left(13.7610,3.5384\right),\left(13.8472,3.5891\right),\left(13.9331,3.6401\right),\left(14.0189,3.6914\right),\left(14.1045,3.7430\right),\left(14.1899,3.7949\right),\left(14.2752,3.8471\right),\left(14.3602,3.8996\right),\left(14.4451,3.9525\right),\left(14.5297,4.0056\right),\left(14.6142,4.0590\right),\left(14.6985,4.1128\right),\left(14.7826,4.1668\right),\left(14.8665,4.2211\right),\left(14.9503,4.2757\right),\left(15.0338,4.3306\right),\left(15.1172,4.3858\right),\left(15.2003,4.4412\right),\left(15.2833,4.4970\right),\left(15.3661,4.5530\right),\left(15.4487,4.6093\right),\left(15.5312,4.6658\right),\left(15.6134,4.7227\right),\left(15.6955,4.7798\right),\left(15.7773,4.8371\right),\left(15.8590,4.8947\right),\left(15.9406,4.9526\right),\left(16.0219,5.0108\right),\left(16.1030,5.0691\right),\left(16.1840,5.1278\right),\left(16.2648,5.1867\right),\left(16.3454,5.2458\right),\left(16.4259,5.3052\right),\left(16.5061,5.3648\right),\left(16.5862,5.4247\right),\left(16.6661,5.4847\right),\left(16.7458,5.5451\right),\left(16.8254,5.6056\right),\left(16.9048,5.6664\right),\left(16.9840,5.7274\right),\left(17.0630,5.7886\right),\left(17.1419,5.8501\right),\left(17.2206,5.9117\right),\left(17.2992,5.9736\right),\left(17.3775,6.0357\right),\left(17.4558,6.0980\right),\left(17.5338,6.1605\right),\left(17.6117,6.2232\right),\left(17.6894,6.2860\right),\left(17.7670,6.3491\right),\left(17.8444,6.4124\right),\left(17.9216,6.4759\right),\left(17.9987,6.5396\right),\left(18.0757,6.6034\right),\left(18.1525,6.6675\right),\left(18.2291,6.7317\right),\left(18.3056,6.7961\right),\left(18.3819,6.8607\right),\left(18.4581,6.9254\right),\left(18.5342,6.9904\right),\left(18.6101,7.0554\right),\left(18.6858,7.1207\right),\left(18.7615,7.1861\right),\left(18.8370,7.2517\right),\left(18.9123,7.3174\right),\left(18.9875,7.3833\right),\left(19.0626,7.4494\right),\left(19.1375,7.5156\right),\left(19.2124,7.5819\right),\left(19.2871,7.6484\right),\left(19.3616,7.7150\right),\left(19.4361,7.7818\right),\left(19.5104,7.8487\right),\left(19.5846,7.9157\right),\left(19.6587,7.9829\right),\left(19.7326,8.0502\right),\left(19.8065,8.1176\right),\left(19.8802,8.1852\right),\left(19.9538,8.2528\right),\left(20.0273,8.3206\right),\left(20.1007,8.3885\right),\left(20.1740,8.4565\right),\left(20.2472,8.5247\right),\left(20.3203,8.5929\right),\left(20.3933,8.6613\right),\left(20.4662,8.7297\right),\left(20.5390,8.7983\right),\left(20.6117,8.8669\right),\left(20.6843,8.9357\right),\left(20.7568,9.0045\right),\left(20.8293,9.0735\right),\left(20.9016,9.1425\right),\left(20.9739,9.2116\right),\left(21.0461,9.2808\right),\left(21.1182,9.3501\right),\left(21.1902,9.4195\right),\left(21.2622,9.4889\right),\left(21.3341,9.5584\right),\left(21.4059,9.6280\right),\left(21.4776,9.6977\right),\left(21.5493,9.7674\right),\left(21.6209,9.8372\right),\left(21.6925,9.9071\right),\left(21.7640,9.9770\right),\left(21.8354,10.0470\right),\left(21.9068,10.1170\right),\left(21.9781,10.1871\right),\left(22.0494,10.2572\right),\left(22.1206,10.3274\right),\left(22.1918,10.3977\right),\left(22.2629,10.4680\right),\left(22.3340,10.5383\right),\left(22.4050,10.6087\right),\left(22.4761,10.6791\right),\left(22.5470,10.7495\right),\left(22.6180,10.8200\right),\left(22.6889,10.8905\right),\left(22.7598,10.9610\right),\left(22.8306,11.0316\right),\left(22.9015,11.1022\right),\left(22.9723,11.1728\right),\left(23.0431,11.2434\right),\left(23.1138,11.3141\right),\left(23.1846,11.3847\right),\left(23.2553,11.4554\right),\left(23.3261,11.5261\right),\left(23.3968,11.5968\right),\left(23.4675,11.6675\right),\left(23.5382,11.7382\right),\left(23.6089,11.8089\right),\left(23.6796,11.8796\right),\left(23.7504,11.9503\right),\left(23.8211,12.0210\right),\left(23.8918,12.0917\right),\left(23.9625,12.1624\right),\left(24.0333,12.2331\right),\left(24.1040,12.3038\right),\left(24.1748,12.3744\right),\left(24.2456,12.4450\right),\left(24.3164,12.5156\right),\left(24.3873,12.5862\right),\left(24.4581,12.6568\right),\left(24.5290,12.7273\right),\left(24.5999,12.7978\right),\left(24.6709,12.8683\right),\left(24.7419,12.9387\right),\left(24.8129,13.0091\right),\left(24.8840,13.0795\right),\left(24.9551,13.1498\right),\left(25.0262,13.2201\right),\left(25.0974,13.2903\right),\left(25.1686,13.3605\right),\left(25.2399,13.4306\right),\left(25.3113,13.5007\right),\left(25.3827,13.5707\right),\left(25.4541,13.6407\right),\left(25.5256,13.7106\right),\left(25.5972,13.7804\right),\left(25.6688,13.8502\right),\left(25.7405,13.9199\right),\left(25.8123,13.9896\right),\left(25.8841,14.0591\right),\left(25.9560,14.1286\right),\left(26.0280,14.1981\right),\left(26.1000,14.2674\right),\left(26.1721,14.3367\right),\left(26.2444,14.4059\right),\left(26.3166,14.4750\right),\left(26.3890,14.5440\right),\left(26.4615,14.6129\right),\left(26.5340,14.6817\right),\left(26.6067,14.7504\right),\left(26.6794,14.8191\right),\left(26.7522,14.8876\right),\left(26.8252,14.9560\right),\left(26.8982,15.0244\right),\left(26.9713,15.0926\right),\left(27.0445,15.1607\right),\left(27.1179,15.2287\right),\left(27.1913,15.2966\right),\left(27.2648,15.3643\right),\left(27.3385,15.4320\right),\left(27.4122,15.4995\right),\left(27.4861,15.5669\right),\left(27.5601,15.6342\right),\left(27.6342,15.7013\right),\left(27.7085,15.7683\right),\left(27.7828,15.8352\right),\left(27.8573,15.9019\right),\left(27.9319,15.9685\right),\left(28.0066,16.0350\right),\left(28.0815,16.1013\right),\left(28.1565,16.1675\right),\left(28.2316,16.2335\right),\left(28.3069,16.2993\right),\left(28.3823,16.3650\right),\left(28.4578,16.4306\right),\left(28.5335,16.4960\right),\left(28.6093,16.5612\right),\left(28.6852,16.6262\right),\left(28.7613,16.6911\right),\left(28.8376,16.7558\right),\left(28.9140,16.8204\right),\left(28.9905,16.8848\right),\left(29.0672,16.9490\right),\left(29.1441,17.0130\right),\left(29.2211,17.0768\right),\left(29.2982,17.1404\right),\left(29.3755,17.2039\right),\left(29.4530,17.2671\right),\left(29.5306,17.3302\right),\left(29.6084,17.3931\right),\left(29.6863,17.4557\right),\left(29.7645,17.5182\right),\left(29.8427,17.5804\right),\left(29.9212,17.6425\right),\left(29.9998,17.7043\right),\left(30.0786,17.7659\right),\left(30.1575,17.8273\right),\left(30.2366,17.8885\right),\left(30.3159,17.9495\right),\left(30.3954,18.0102\right),\left(30.4750,18.0708\right),\left(30.5548,18.1310\right),\left(30.6348,18.1911\right),\left(30.7150,18.2509\right),\left(30.7953,18.3105\right),\left(30.8758,18.3698\right),\left(30.9565,18.4289\right),\left(31.0374,18.4878\right),\left(31.1185,18.5464\right),\left(31.1997,18.6047\right),\left(31.2811,18.6628\right),\left(31.3627,18.7207\right),\left(31.4445,18.7782\right),\left(31.5265,18.8356\right),\left(31.6087,18.8926\right),\left(31.6910,18.9494\right),\left(31.7735,19.0059\right),\left(31.8563,19.0622\right),\left(31.9392,19.1182\right),\left(32.0222,19.1739\right),\left(32.1055,19.2293\right),\left(32.1890,19.2844\right),\left(32.2726,19.3393\right),\left(32.3565,19.3938\right),\left(32.4405,19.4481\right),\left(32.5247,19.5021\right),\left(32.6092,19.5558\right),\left(32.6938,19.6092\right),\left(32.7785,19.6623\right),\left(32.8635,19.7151\right),\left(32.9487,19.7676\right),\left(33.0340,19.8197\right),\left(33.1196,19.8716\right),\left(33.2053,19.9232\right),\left(33.2912,19.9744\right),\left(33.3774,20.0254\right),\left(33.4636,20.0760\right),\left(33.5501,20.1263\right),\left(33.6368,20.1763\right),\left(33.7237,20.2259\right),\left(33.8107,20.2752\right),\left(33.8980,20.3242\right),\left(33.9854,20.3729\right),\left(34.0730,20.4212\right),\left(34.1608,20.4693\right),\left(34.2487,20.5169\right),\left(34.3369,20.5642\right),\left(34.4252,20.6112\right),\left(34.5138,20.6579\right),\left(34.6025,20.7042\right),\left(34.6914,20.7501\right),\left(34.7804,20.7957\right),\left(34.8697,20.8410\right),\left(34.9591,20.8859\right),\left(35.0487,20.9305\right),\left(35.1385,20.9747\right),\left(35.2284,21.0185\right),\left(35.3185,21.0620\right),\left(35.4088,21.1051\right),\left(35.4993,21.1479\right),\left(35.5899,21.1903\right),\left(35.6807,21.2324\right),\left(35.7717,21.2740\right),\left(35.8629,21.3154\right),\left(35.9542,21.3563\right),\left(36.0457,21.3969\right),\left(36.1373,21.4371\right),\left(36.2291,21.4769\right),\left(36.3211,21.5164\right),\left(36.4132,21.5555\right),\left(36.5055,21.5942\right),\left(36.5979,21.6326\right),\left(36.6905,21.6706\right),\left(36.7833,21.7082\right),\left(36.8762,21.7454\right),\left(36.9693,21.7822\right),\left(37.0625,21.8187\right),\left(37.1558,21.8548\right),\left(37.2493,21.8905\right),\left(37.3430,21.9258\right),\left(37.4368,21.9608\right),\left(37.5307,21.9954\right),\left(37.6248,22.0295\right),\left(37.7190,22.0633\right),\left(37.8134,22.0968\right),\left(37.9078,22.1298\right),\left(38.0025,22.1625\right),\left(38.0972,22.1947\right),\left(38.1921,22.2266\right),\left(38.2871,22.2581\right),\left(38.3823,22.2892\right),\left(38.4775,22.3200\right),\left(38.5729,22.3503\right),\left(38.6684,22.3803\right),\left(38.7641,22.4099\right),\left(38.8598,22.4391\right),\left(38.9557,22.4679\right),\left(39.0517,22.4963\right),\left(39.1478,22.5243\right),\left(39.2440,22.5520\right),\left(39.3403,22.5793\right),\left(39.4368,22.6062\right),\left(39.5333,22.6327\right),\left(39.6299,22.6588\right),\left(39.7267,22.6846\right),\left(39.8235,22.7099\right),\left(39.9205,22.7349\right),\left(40.0175,22.7595\right),\left(40.1147,22.7838\right),\left(40.2119,22.8076\right),\left(40.3092,22.8311\right),\left(40.4067,22.8542\right),\left(40.5042,22.8769\right),\left(40.6018,22.8992\right),\left(40.6994,22.9212\right),\left(40.7972,22.9428\right),\left(40.8951,22.9640\right),\left(40.9930,22.9849\right),\left(41.0910,23.0053\right),\left(41.1891,23.0254\right),\left(41.2872,23.0452\right),\left(41.3855,23.0645\right),\left(41.4838,23.0835\right),\left(41.5822,23.1021\right),\left(41.6806,23.1204\right),\left(41.7791,23.1383\right),\left(41.8777,23.1558\right),\left(41.9763,23.1730\right),\left(42.0751,23.1898\right),\left(42.1738,23.2063\right),\left(42.2727,23.2224\right),\left(42.3715,23.2381\right),\left(42.4705,23.2535\right),\left(42.5695,23.2685\right),\left(42.6685,23.2831\right),\left(42.7676,23.2975\right),\left(42.8668,23.3114\right),\left(42.9660,23.3250\right),\left(43.0652,23.3383\right),\left(43.1645,23.3512\right),\left(43.2639,23.3638\right),\left(43.3633,23.3760\right),\left(43.4627,23.3879\right),\left(43.5622,23.3994\right),\left(43.6617,23.4106\right),\left(43.7612,23.4215\right),\left(43.8608,23.4320\right),\left(43.9604,23.4422\right),\left(44.0601,23.4520\right),\left(44.1598,23.4616\right),\left(44.2595,23.4707\right),\left(44.3592,23.4796\right),\left(44.4590,23.4881\right),\left(44.5588,23.4963\right),\left(44.6586,23.5042\right),\left(44.7585,23.5118\right),\left(44.8584,23.5190\right),\left(44.9583,23.5259\right),\left(45.0582,23.5325\right),\left(45.1581,23.5388\right),\left(45.2581,23.5447\right),\left(45.3581,23.5504\right),\left(45.4581,23.5557\right),\left(45.5581,23.5607\right),\left(45.6581,23.5654\right),\left(45.7582,23.5698\right),\left(45.8582,23.5739\right),\left(45.9583,23.5777\right),\left(46.0584,23.5812\right),\left(46.1585,23.5844\right),\left(46.2586,23.5873\right),\left(46.3587,23.5898\right),\left(46.4588,23.5921\right),\left(46.5589,23.5941\right),\left(46.6590,23.5958\right),\left(46.7592,23.5972\right),\left(46.8593,23.5984\right),\left(46.9594,23.5992\right),\left(47.0596,23.5997\right),\left(47.1597,23.6000\right),\left(47.2000,23.6000\right),\right]
l_{headings}=\left[0.0000,0.0000,0.0000,0.0000,0.0000,0.0000,0.0000,0.0000,0.0000,0.0000,0.0000,0.0000,0.0000,0.0000,0.0000,0.0000,0.0000,0.0000,0.0000,0.0000,0.0000,0.0000,0.0000,0.0000,0.0000,0.0000,0.0000,0.0000,0.0000,0.0000,0.0000,0.0000,0.0000,0.0000,0.0000,0.0000,0.0000,0.0000,0.0000,0.0000,0.0000,0.0000,0.0000,0.0000,0.0000,0.0000,0.0000,0.0000,0.0000,0.0000,0.0000,0.0000,0.0000,0.0000,0.0000,0.0000,0.0000,0.0000,0.0000,0.0000,0.0000,0.0000,0.0000,0.0000,0.0000,0.0000,0.0000,0.0000,0.0000,0.0000,0.0000,0.0000,0.0000,0.0000,0.0000,0.0000,0.0000,0.0000,0.0000,0.0000,0.0000,0.0000,0.0000,0.0000,0.0000,0.0000,0.0000,0.0000,0.0000,0.0000,0.0000,0.0000,0.0000,0.0000,0.0000,0.0000,0.0000,0.0000,0.0000,0.0000,0.0000,0.0000,0.0000,0.0000,0.0000,0.0000,0.0000,0.0000,0.0000,0.0000,0.0000,0.0000,0.0000,0.0000,0.0000,0.0000,0.0000,0.0000,0.0000,0.0000,0.0000,0.0000,0.0000,0.0000,0.0000,0.0000,0.0000,0.0000,0.0000,0.0000,0.0000,0.0000,0.0000,0.0000,0.0000,0.0000,0.0000,0.0000,0.0000,0.0000,0.0000,0.0000,0.0000,0.0000,0.0000,0.0000,0.0000,0.0000,0.0000,0.0000,0.0000,0.0000,0.0000,0.0000,0.0000,0.0000,0.0000,0.0000,0.0000,0.0000,0.0000,0.0000,0.0000,0.0000,0.0000,0.0000,0.0000,0.0000,0.0000,0.0000,0.0000,0.0000,0.0000,0.0000,0.0000,0.0000,0.0000,0.0000,0.0000,0.0000,0.0000,0.0000,0.0000,0.0000,0.0000,0.0000,0.0000,0.0000,0.0000,0.0000,0.0000,0.0000,0.0000,0.0000,0.0000,0.0000,0.0000,0.0000,0.0000,0.0000,0.0000,0.0000,0.0000,0.0000,0.0000,0.0000,0.0000,0.0000,0.0000,0.0000,0.0000,0.0000,0.0000,0.0000,0.0000,0.0000,0.0000,0.0000,0.0000,0.0000,0.0000,0.0000,0.0000,0.0000,0.0000,0.0000,0.0000,0.0000,0.0000,0.0000,0.0000,0.0000,0.0000,0.0000,0.0000,0.0000,0.0000,0.0028,0.0057,0.0085,0.0114,0.0143,0.0172,0.0201,0.0231,0.0260,0.0290,0.0320,0.0350,0.0380,0.0411,0.0441,0.0472,0.0503,0.0534,0.0565,0.0597,0.0628,0.0660,0.0692,0.0724,0.0756,0.0788,0.0821,0.0853,0.0886,0.0919,0.0952,0.0986,0.1019,0.1053,0.1087,0.1121,0.1155,0.1189,0.1223,0.1258,0.1293,0.1328,0.1363,0.1398,0.1433,0.1469,0.1505,0.1540,0.1576,0.1612,0.1649,0.1685,0.1722,0.1758,0.1795,0.1832,0.1869,0.1906,0.1944,0.1981,0.2019,0.2057,0.2095,0.2133,0.2171,0.2209,0.2247,0.2286,0.2324,0.2363,0.2402,0.2441,0.2480,0.2519,0.2558,0.2597,0.2637,0.2676,0.2716,0.2755,0.2795,0.2835,0.2875,0.2915,0.2955,0.2995,0.3035,0.3075,0.3115,0.3156,0.3196,0.3236,0.3277,0.3317,0.3358,0.3398,0.3439,0.3479,0.3520,0.3560,0.3601,0.3642,0.3682,0.3723,0.3764,0.3804,0.3845,0.3885,0.3926,0.3966,0.4007,0.4047,0.4088,0.4128,0.4168,0.4208,0.4249,0.4289,0.4329,0.4369,0.4409,0.4449,0.4488,0.4528,0.4568,0.4607,0.4646,0.4686,0.4725,0.4764,0.4803,0.4842,0.4880,0.4919,0.4957,0.4996,0.5034,0.5072,0.5110,0.5148,0.5185,0.5222,0.5260,0.5297,0.5334,0.5370,0.5407,0.5443,0.5479,0.5515,0.5551,0.5587,0.5622,0.5657,0.5692,0.5727,0.5762,0.5796,0.5830,0.5864,0.5898,0.5931,0.5964,0.5997,0.6030,0.6063,0.6095,0.6127,0.6159,0.6190,0.6221,0.6252,0.6283,0.6314,0.6344,0.6374,0.6404,0.6433,0.6462,0.6491,0.6520,0.6548,0.6576,0.6604,0.6632,0.6659,0.6686,0.6712,0.6739,0.6765,0.6791,0.6816,0.6841,0.6866,0.6891,0.6915,0.6939,0.6963,0.6987,0.7010,0.7033,0.7055,0.7077,0.7099,0.7121,0.7142,0.7163,0.7184,0.7204,0.7224,0.7244,0.7264,0.7283,0.7302,0.7320,0.7338,0.7356,0.7374,0.7391,0.7408,0.7425,0.7441,0.7457,0.7473,0.7488,0.7504,0.7518,0.7533,0.7547,0.7561,0.7574,0.7587,0.7600,0.7613,0.7625,0.7637,0.7649,0.7660,0.7671,0.7682,0.7692,0.7702,0.7712,0.7721,0.7730,0.7739,0.7747,0.7755,0.7763,0.7770,0.7778,0.7784,0.7791,0.7797,0.7803,0.7809,0.7814,0.7819,0.7823,0.7828,0.7831,0.7835,0.7838,0.7841,0.7844,0.7846,0.7848,0.7850,0.7852,0.7853,0.7853,0.7854,0.7854,0.7854,0.7853,0.7852,0.7851,0.7850,0.7848,0.7846,0.7843,0.7841,0.7838,0.7834,0.7831,0.7826,0.7822,0.7817,0.7812,0.7807,0.7802,0.7796,0.7789,0.7783,0.7776,0.7769,0.7761,0.7753,0.7745,0.7737,0.7728,0.7719,0.7709,0.7699,0.7689,0.7679,0.7668,0.7657,0.7646,0.7634,0.7622,0.7610,0.7597,0.7584,0.7571,0.7557,0.7543,0.7529,0.7515,0.7500,0.7485,0.7469,0.7453,0.7437,0.7421,0.7404,0.7387,0.7370,0.7352,0.7334,0.7316,0.7297,0.7278,0.7259,0.7239,0.7219,0.7199,0.7179,0.7158,0.7137,0.7115,0.7094,0.7072,0.7049,0.7027,0.7004,0.6981,0.6957,0.6933,0.6909,0.6885,0.6860,0.6835,0.6810,0.6784,0.6758,0.6732,0.6706,0.6679,0.6652,0.6624,0.6597,0.6569,0.6541,0.6512,0.6484,0.6455,0.6425,0.6396,0.6366,0.6336,0.6306,0.6275,0.6244,0.6213,0.6182,0.6150,0.6118,0.6086,0.6054,0.6021,0.5988,0.5955,0.5922,0.5889,0.5855,0.5821,0.5787,0.5752,0.5718,0.5683,0.5648,0.5612,0.5577,0.5541,0.5505,0.5469,0.5433,0.5397,0.5360,0.5323,0.5286,0.5249,0.5212,0.5174,0.5137,0.5099,0.5061,0.5023,0.4985,0.4946,0.4908,0.4869,0.4830,0.4791,0.4752,0.4713,0.4674,0.4634,0.4595,0.4555,0.4516,0.4476,0.4436,0.4396,0.4356,0.4316,0.4276,0.4236,0.4196,0.4155,0.4115,0.4074,0.4034,0.3993,0.3953,0.3912,0.3872,0.3831,0.3790,0.3750,0.3709,0.3668,0.3628,0.3587,0.3546,0.3506,0.3465,0.3424,0.3384,0.3343,0.3303,0.3262,0.3222,0.3181,0.3141,0.3100,0.3060,0.3020,0.2980,0.2940,0.2899,0.2859,0.2820,0.2780,0.2740,0.2700,0.2661,0.2621,0.2582,0.2542,0.2503,0.2464,0.2425,0.2386,0.2347,0.2308,0.2270,0.2231,0.2193,0.2154,0.2116,0.2078,0.2040,0.2003,0.1965,0.1927,0.1890,0.1853,0.1816,0.1779,0.1742,0.1705,0.1668,0.1632,0.1596,0.1560,0.1524,0.1488,0.1452,0.1417,0.1381,0.1346,0.1311,0.1276,0.1241,0.1207,0.1172,0.1138,0.1104,0.1070,0.1036,0.1002,0.0969,0.0935,0.0902,0.0869,0.0836,0.0804,0.0771,0.0739,0.0707,0.0675,0.0643,0.0611,0.0579,0.0548,0.0517,0.0486,0.0455,0.0424,0.0394,0.0363,0.0333,0.0303,0.0273,0.0243,0.0214,0.0184,0.0155,0.0126,0.0097,0.0068,0.0040,0.0011,6.2832,\right]
running path!
lin/ang/drive_left/drive_right/tv_l/tv_r/av_l/av_r/x/y/theta/tx/ty/ttheta: 0.14158 0.00093 0.00000 0.00000 0.00017 -0.00017 0.00017 -0.00017 -23.60000 -0.00005 -0.00263 -23.50000 0.00000 0.00000
lin/ang/drive_left/drive_right/tv_l/tv_r/av_l/av_r/x/y/theta/tx/ty/ttheta: 0.14158 0.00035 0.00000 0.00000 0.04483 0.03697 0.04483 0.03697 -23.60000 -0.00002 -0.00101 -23.50000 0.00000 0.00000
lin/ang/drive_left/drive_right/tv_l/tv_r/av_l/av_r/x/y/theta/tx/ty/ttheta: 0.14158 0.00074 0.09884 0.10660 0.10675 0.10469 0.10675 0.10469 -23.60000 -0.00004 -0.00209 -23.50000 0.00000 0.00000
lin/ang/drive_left/drive_right/tv_l/tv_r/av_l/av_r/x/y/theta/tx/ty/ttheta: 0.14158 0.00092 0.07784 0.07950 0.10661 0.10575 0.10661 0.10575 -23.60000 -0.00005 -0.00261 -23.50000 0.00000 0.00000
lin/ang/drive_left/drive_right/tv_l/tv_r/av_l/av_r/x/y/theta/tx/ty/ttheta: 0.14158 0.00025 0.06312 0.05323 0.10678 0.10642 0.10678 0.10642 -23.60000 -0.00001 -0.00072 -23.50000 0.00000 0.00000
lin/ang/drive_left/drive_right/tv_l/tv_r/av_l/av_r/x/y/theta/tx/ty/ttheta: 0.14158 -0.00101 0.06373 0.04858 0.10744 0.10675 0.10744 0.10675 -23.60000 0.00005 0.00286 -23.50000 0.00000 0.00000
lin/ang/drive_left/drive_right/tv_l/tv_r/av_l/av_r/x/y/theta/tx/ty/ttheta: 0.14158 0.00040 0.05941 0.05823 0.10744 0.10744 0.10744 0.10744 -23.60000 -0.00002 -0.00113 -23.50000 0.00000 0.00000
lin/ang/drive_left/drive_right/tv_l/tv_r/av_l/av_r/x/y/theta/tx/ty/ttheta: 0.14172 0.00094 0.05556 0.06278 0.10831 0.10694 0.10831 0.10694 -23.60295 -0.00005 -0.00267 -23.50000 0.00000 0.00000
lin/ang/drive_left/drive_right/tv_l/tv_r/av_l/av_r/x/y/theta/tx/ty/ttheta: 0.14006 0.00791 0.06253 0.06378 0.10778 0.10692 0.10778 0.10692 -23.56784 -0.00044 -0.02250 -23.50000 0.00000 0.00000
lin/ang/drive_left/drive_right/tv_l/tv_r/av_l/av_r/x/y/theta/tx/ty/ttheta: 0.24725 0.01242 0.06838 0.06591 0.10794 0.10708 0.10794 0.10708 -23.51588 -0.00066 -0.03240 -23.30000 0.00000 0.00000
lin/ang/drive_left/drive_right/tv_l/tv_r/av_l/av_r/x/y/theta/tx/ty/ttheta: 0.24487 0.01744 0.08010 0.05725 0.12064 0.12883 0.12064 0.12883 -23.46549 -0.00095 -0.04568 -23.30000 0.00000 0.00000
lin/ang/drive_left/drive_right/tv_l/tv_r/av_l/av_r/x/y/theta/tx/ty/ttheta: 0.28302 0.02809 0.08926 0.09467 0.14100 0.15092 0.14100 0.15092 -23.39684 -0.00152 -0.07145 -23.20000 0.00000 0.00000
lin/ang/drive_left/drive_right/tv_l/tv_r/av_l/av_r/x/y/theta/tx/ty/ttheta: 0.35038 0.03542 0.12967 0.12967 0.20769 0.24317 0.20769 0.24317 -23.32038 -0.00192 -0.08624 -23.00000 0.00000 0.00000
lin/ang/drive_left/drive_right/tv_l/tv_r/av_l/av_r/x/y/theta/tx/ty/ttheta: 0.37735 0.03826 0.36609 0.32875 0.33831 0.37506 0.33831 0.37506 -23.22273 -0.00216 -0.09081 -22.90000 0.00000 0.00000
lin/ang/drive_left/drive_right/tv_l/tv_r/av_l/av_r/x/y/theta/tx/ty/ttheta: 0.40094 0.05363 0.16440 0.22169 0.23956 0.28439 0.23956 0.28439 -23.09292 -0.00309 -0.12586 -22.80000 0.00000 0.00000
lin/ang/drive_left/drive_right/tv_l/tv_r/av_l/av_r/x/y/theta/tx/ty/ttheta: 0.47414 0.05704 0.40363 0.37413 0.39117 0.42161 0.39117 0.42161 -22.92786 -0.00348 -0.12563 -22.50000 0.00000 0.00000
lin/ang/drive_left/drive_right/tv_l/tv_r/av_l/av_r/x/y/theta/tx/ty/ttheta: 0.51389 0.04682 0.25934 0.33674 0.27208 0.38278 0.27208 0.38278 -22.73241 -0.00326 -0.09703 -22.30000 0.00000 0.00000
lin/ang/drive_left/drive_right/tv_l/tv_r/av_l/av_r/x/y/theta/tx/ty/ttheta: 0.54702 0.02270 0.46607 0.43282 0.45261 0.43717 0.45261 0.43717 -22.45915 -0.00244 -0.03776 -22.10000 0.00000 0.00000
lin/ang/drive_left/drive_right/tv_l/tv_r/av_l/av_r/x/y/theta/tx/ty/ttheta: 0.61894 -0.03117 0.42882 0.47672 0.35744 0.44061 0.35744 0.44061 -22.17377 0.00017 0.08314 -21.70000 0.00000 0.00000
lin/ang/drive_left/drive_right/tv_l/tv_r/av_l/av_r/x/y/theta/tx/ty/ttheta: 0.68184 -0.05517 0.53058 0.51074 0.44572 0.44867 0.44572 0.44867 -21.83934 0.00171 0.12838 -21.30000 0.00000 0.00000
lin/ang/drive_left/drive_right/tv_l/tv_r/av_l/av_r/x/y/theta/tx/ty/ttheta: 0.73727 -0.10222 0.54241 0.55631 0.48372 0.49947 0.48372 0.49947 -21.45299 0.00478 0.21840 -20.90000 0.00000 0.00000
lin/ang/drive_left/drive_right/tv_l/tv_r/av_l/av_r/x/y/theta/tx/ty/ttheta: 0.80404 -0.12866 0.67150 0.64937 0.54106 0.53317 0.54106 0.53317 -21.03151 0.00727 0.25453 -20.40000 0.00000 0.00000
lin/ang/drive_left/drive_right/tv_l/tv_r/av_l/av_r/x/y/theta/tx/ty/ttheta: 0.87892 -0.15051 0.72114 0.68391 0.50458 0.51983 0.50458 0.51983 -20.54608 0.00998 0.27450 -19.80000 0.00000 0.00000
lin/ang/drive_left/drive_right/tv_l/tv_r/av_l/av_r/x/y/theta/tx/ty/ttheta: 0.93207 -0.12780 0.75026 0.75962 0.55678 0.56297 0.55678 0.56297 -20.03279 0.01078 0.20989 -19.30000 0.00000 0.00000
lin/ang/drive_left/drive_right/tv_l/tv_r/av_l/av_r/x/y/theta/tx/ty/ttheta: 0.99280 -0.10865 0.82881 0.81523 0.60214 0.59356 0.60214 0.59356 -19.47849 0.01138 0.15583 -18.70000 0.00000 0.00000
lin/ang/drive_left/drive_right/tv_l/tv_r/av_l/av_r/x/y/theta/tx/ty/ttheta: 1.04501 -0.08181 0.85030 0.87187 0.60794 0.61394 0.60794 0.61394 -18.87989 0.01130 0.09252 -18.10000 0.00000 0.00000
lin/ang/drive_left/drive_right/tv_l/tv_r/av_l/av_r/x/y/theta/tx/ty/ttheta: 1.11367 -0.09631 0.90305 0.92018 0.64403 0.64644 0.64403 0.64644 -18.22779 0.02031 0.04768 -17.29999 0.00000 0.00000
lin/ang/drive_left/drive_right/tv_l/tv_r/av_l/av_r/x/y/theta/tx/ty/ttheta: 1.16194 -0.09878 1.04733 1.02495 0.67092 0.68256 0.67092 0.68256 -17.53295 0.02585 0.00810 -16.59999 0.00000 0.00000
lin/ang/drive_left/drive_right/tv_l/tv_r/av_l/av_r/x/y/theta/tx/ty/ttheta: 1.20424 -0.07652 1.05859 1.02699 0.66817 0.67161 0.66817 0.67161 -16.80752 0.02736 -0.05245 -15.89999 0.00000 0.00000
lin/ang/drive_left/drive_right/tv_l/tv_r/av_l/av_r/x/y/theta/tx/ty/ttheta: 1.26128 -0.08843 1.14524 1.15748 0.69811 0.73422 0.69811 0.73422 -16.04697 0.03863 -0.11290 -14.99999 0.00000 0.00000
lin/ang/drive_left/drive_right/tv_l/tv_r/av_l/av_r/x/y/theta/tx/ty/ttheta: 1.30030 -0.02153 1.16190 1.21101 0.70100 0.68803 0.70100 0.68803 -15.21622 0.03388 -0.21704 -14.19999 0.00000 0.00000
lin/ang/drive_left/drive_right/tv_l/tv_r/av_l/av_r/x/y/theta/tx/ty/ttheta: 1.31702 0.05846 1.19532 1.20498 0.72789 0.68206 0.72789 0.68206 -14.39294 0.02722 -0.33367 -13.39999 0.00000 0.00000
lin/ang/drive_left/drive_right/tv_l/tv_r/av_l/av_r/x/y/theta/tx/ty/ttheta: 1.31770 0.05243 1.25340 1.21967 0.71778 0.70892 0.71778 0.70892 -13.50719 0.04076 -0.42175 -12.49999 0.00000 0.00000
lin/ang/drive_left/drive_right/tv_l/tv_r/av_l/av_r/x/y/theta/tx/ty/ttheta: 1.31563 0.14675 1.24400 1.25289 0.65225 0.72225 0.65225 0.72225 -12.56331 0.03494 -0.57931 -11.59999 0.00000 0.00000
lin/ang/drive_left/drive_right/tv_l/tv_r/av_l/av_r/x/y/theta/tx/ty/ttheta: 1.31807 0.23407 1.25047 1.24587 0.67642 0.69556 0.67642 0.69556 -11.61497 0.02512 -0.68409 -10.59999 0.00000 0.00000
lin/ang/drive_left/drive_right/tv_l/tv_r/av_l/av_r/x/y/theta/tx/ty/ttheta: 1.27741 0.31648 1.29875 1.30354 0.65722 0.71386 0.65722 0.71386 -10.68043 0.01161 -0.75790 -9.69999 0.00000 0.00000
lin/ang/drive_left/drive_right/tv_l/tv_r/av_l/av_r/x/y/theta/tx/ty/ttheta: 1.22485 0.41612 1.28161 1.32656 0.57236 0.71625 0.57236 0.71625 -9.69395 -0.00439 -0.85001 -8.69998 0.00000 0.00000
lin/ang/drive_left/drive_right/tv_l/tv_r/av_l/av_r/x/y/theta/tx/ty/ttheta: 1.16887 0.48522 1.27024 1.30016 0.48817 0.61942 0.48817 0.61942 -8.69692 -0.02030 -0.88155 -7.69998 0.00000 0.00000
lin/ang/drive_left/drive_right/tv_l/tv_r/av_l/av_r/x/y/theta/tx/ty/ttheta: 1.11190 0.48524 1.11355 1.28269 0.39336 0.59511 0.39336 0.59511 -7.71362 -0.03168 -0.80923 -6.79998 0.00000 0.00000
lin/ang/drive_left/drive_right/tv_l/tv_r/av_l/av_r/x/y/theta/tx/ty/ttheta: 1.04725 0.46263 1.00354 1.29772 0.43839 0.52325 0.43839 0.52325 -6.66154 -0.04240 -0.68508 -5.79998 0.00000 0.00000
lin/ang/drive_left/drive_right/tv_l/tv_r/av_l/av_r/x/y/theta/tx/ty/ttheta: 0.98552 0.42947 1.20492 1.15122 0.50100 0.42108 0.50100 0.42108 -5.71334 -0.04986 -0.55884 -4.89998 0.00000 0.00000
lin/ang/drive_left/drive_right/tv_l/tv_r/av_l/av_r/x/y/theta/tx/ty/ttheta: 0.91485 0.44247 1.10219 1.07610 0.23958 0.42006 0.23958 0.42006 -4.71514 -0.08724 -0.27406 -3.89998 0.00000 0.00000
lin/ang/drive_left/drive_right/tv_l/tv_r/av_l/av_r/x/y/theta/tx/ty/ttheta: 0.84188 0.32384 0.64835 1.09039 0.18086 0.44797 0.18086 0.44797 -3.73041 -0.09238 0.04973 -2.99998 0.00000 0.00000
lin/ang/drive_left/drive_right/tv_l/tv_r/av_l/av_r/x/y/theta/tx/ty/ttheta: 0.76716 0.07820 1.16702 1.03893 0.54394 0.34275 0.54394 0.34275 -2.84522 -0.07993 0.53474 -2.09997 0.00000 0.00000
lin/ang/drive_left/drive_right/tv_l/tv_r/av_l/av_r/x/y/theta/tx/ty/ttheta: 0.69646 -0.16232 0.97252 0.91527 -0.02497 0.23153 -0.02497 0.23153 -2.01479 -0.07820 1.14560 -1.39997 0.00000 0.00000
lin/ang/drive_left/drive_right/tv_l/tv_r/av_l/av_r/x/y/theta/tx/ty/ttheta: 0.61850 -0.37577 0.14702 0.87500 0.04106 0.15725 0.04106 0.15725 -1.17856 -0.05912 1.56971 -0.69997 0.00000 0.00000
lin/ang/drive_left/drive_right/tv_l/tv_r/av_l/av_r/x/y/theta/tx/ty/ttheta: 0.53720 0.12130 0.97252 0.60738 0.52892 -0.00497 0.52892 -0.00497 -0.41077 -0.04104 1.77282 0.09994 0.00014 0.16221
lin/ang/drive_left/drive_right/tv_l/tv_r/av_l/av_r/x/y/theta/tx/ty/ttheta: 0.52633 0.58035 0.68944 0.71318 -0.02481 0.21781 -0.02481 0.21781 0.23922 -0.06531 1.82237 0.69906 0.00699 1.15400
lin/ang/drive_left/drive_right/tv_l/tv_r/av_l/av_r/x/y/theta/tx/ty/ttheta: 0.51656 1.05163 0.06483 0.77802 0.03439 0.04844 0.03439 0.04844 0.87157 -0.05231 1.55416 1.29796 0.02439 2.17915
lin/ang/drive_left/drive_right/tv_l/tv_r/av_l/av_r/x/y/theta/tx/ty/ttheta: 0.50671 1.38072 0.89033 0.54695 0.32375 0.10386 0.32375 0.10386 1.43865 0.00022 1.17583 1.79673 0.04719 3.05913
lin/ang/drive_left/drive_right/tv_l/tv_r/av_l/av_r/x/y/theta/tx/ty/ttheta: 0.50041 1.83939 0.25267 0.84285 -0.09550 0.42642 -0.09550 0.42642 1.93636 0.03395 0.71615 2.29510 0.07775 3.96259
lin/ang/drive_left/drive_right/tv_l/tv_r/av_l/av_r/x/y/theta/tx/ty/ttheta: 0.49545 2.27081 0.45384 0.84285 0.18289 0.23717 0.18289 0.23717 2.41106 0.07355 0.36992 2.79292 0.11626 4.88945
lin/ang/drive_left/drive_right/tv_l/tv_r/av_l/av_r/x/y/theta/tx/ty/ttheta: 0.49115 2.58090 0.19450 0.51868 -0.16236 0.27753 -0.16236 0.27753 2.80184 0.08488 0.48720 3.19067 0.15293 5.64767
lin/ang/drive_left/drive_right/tv_l/tv_r/av_l/av_r/x/y/theta/tx/ty/ttheta: 0.48791 2.84001 0.41275 0.64835 0.09050 0.54225 0.09050 0.54225 3.17420 0.09715 0.80281 3.58791 0.19492 6.42063
lin/ang/drive_left/drive_right/tv_l/tv_r/av_l/av_r/x/y/theta/tx/ty/ttheta: 0.48140 2.84779 0.23931 0.83813 -0.01675 0.58981 -0.01675 0.58981 3.54274 0.11876 1.49471 3.88545 0.22995 7.00992
lin/ang/drive_left/drive_right/tv_l/tv_r/av_l/av_r/x/y/theta/tx/ty/ttheta: 0.48050 2.90196 0.24323 0.71362 0.09375 0.50544 0.09375 0.50544 3.87467 0.12846 2.51983 4.28158 0.28145 7.80816
lin/ang/drive_left/drive_right/tv_l/tv_r/av_l/av_r/x/y/theta/tx/ty/ttheta: 0.47530 2.73631 0.26163 0.72081 0.09206 0.55339 0.09206 0.55339 4.22504 0.13067 4.02159 4.57818 0.32372 8.41606
lin/ang/drive_left/drive_right/tv_l/tv_r/av_l/av_r/x/y/theta/tx/ty/ttheta: 0.47476 2.65916 0.26074 0.73153 0.08967 0.56450 0.08967 0.56450 4.56192 0.13325 5.58930 4.97292 0.38502 9.23857
lin/ang/drive_left/drive_right/tv_l/tv_r/av_l/av_r/x/y/theta/tx/ty/ttheta: 0.46815 2.38143 0.26016 0.75187 0.09497 0.57458 0.09497 0.57458 4.95070 0.15977 7.32278 5.26838 0.43473 9.86421
lin/ang/drive_left/drive_right/tv_l/tv_r/av_l/av_r/x/y/theta/tx/ty/ttheta: 0.46616 2.14002 0.25976 0.84059 0.10456 0.50922 0.10456 0.50922 5.32857 0.19125 9.21241 5.66144 0.50606 10.70964
lin/ang/drive_left/drive_right/tv_l/tv_r/av_l/av_r/x/y/theta/tx/ty/ttheta: 0.46390 1.78974 0.28017 0.71637 0.11667 0.40775 0.11667 0.40775 5.71529 0.24763 11.22136 6.05342 0.58323 11.56739
lin/ang/drive_left/drive_right/tv_l/tv_r/av_l/av_r/x/y/theta/tx/ty/ttheta: 0.46174 1.40830 0.29970 0.82764 0.13639 0.37422 0.13639 0.37422 6.10237 0.31973 13.22021 6.44419 0.66630 12.43677
lin/ang/drive_left/drive_right/tv_l/tv_r/av_l/av_r/x/y/theta/tx/ty/ttheta: 0.45790 1.00201 0.31337 0.62225 0.13344 0.28197 0.13344 0.28197 6.52362 0.42219 15.13706 6.83366 0.75533 13.31704
lin/ang/drive_left/drive_right/tv_l/tv_r/av_l/av_r/x/y/theta/tx/ty/ttheta: 0.45654 0.61517 0.31674 0.72479 0.14903 0.31964 0.14903 0.31964 6.89326 0.52959 16.88170 7.22172 0.85037 14.20736
lin/ang/drive_left/drive_right/tv_l/tv_r/av_l/av_r/x/y/theta/tx/ty/ttheta: 0.45667 0.29352 0.35327 0.51267 0.20978 0.16664 0.20978 0.16664 7.23370 0.63882 18.38847 7.60826 0.95146 15.10680
lin/ang/drive_left/drive_right/tv_l/tv_r/av_l/av_r/x/y/theta/tx/ty/ttheta: 0.45274 -0.07169 0.46765 0.52609 0.21508 0.30150 0.21508 0.30150 7.56656 0.76672 19.71208 7.89710 1.03127 15.78676
lin/ang/drive_left/drive_right/tv_l/tv_r/av_l/av_r/x/y/theta/tx/ty/ttheta: 0.45094 -0.37782 0.46832 0.71318 0.18856 0.18411 0.18856 0.18411 7.93829 0.92989 20.86058 8.28070 1.14303 16.69966
lin/ang/drive_left/drive_right/tv_l/tv_r/av_l/av_r/x/y/theta/tx/ty/ttheta: 0.45130 -0.61406 0.42138 0.10593 0.25581 -0.13367 0.25581 -0.13367 8.27019 1.08159 21.84138 8.66248 1.26091 17.61870
lin/ang/drive_left/drive_right/tv_l/tv_r/av_l/av_r/x/y/theta/tx/ty/ttheta: 0.44829 -0.86734 0.52295 0.19450 0.32408 0.30989 0.32408 0.30989 8.58048 1.23710 22.66859 8.94756 1.35334 18.31129
lin/ang/drive_left/drive_right/tv_l/tv_r/av_l/av_r/x/y/theta/tx/ty/ttheta: 0.44673 -0.92734 0.43879 0.97252 0.31894 0.27992 0.31894 0.27992 8.86852 1.37474 23.08275 9.23151 1.44922 19.00609
lin/ang/drive_left/drive_right/tv_l/tv_r/av_l/av_r/x/y/theta/tx/ty/ttheta: 0.44862 -0.83869 0.58907 0.36527 0.43186 -0.17469 0.43186 -0.17469 9.17731 1.53826 23.09526 9.60827 1.58242 19.93496
lin/ang/drive_left/drive_right/tv_l/tv_r/av_l/av_r/x/y/theta/tx/ty/ttheta: 0.44942 -0.69102 0.45384 -0.12967 0.30783 0.06828 0.30783 0.06828 9.51030 1.72339 22.89782 9.98282 1.72172 20.86537
lin/ang/drive_left/drive_right/tv_l/tv_r/av_l/av_r/x/y/theta/tx/ty/ttheta: 0.44869 -0.46998 0.58351 0.69583 0.39064 0.45617 0.39064 0.45617 9.78408 1.89690 22.23655 10.26223 1.83017 21.56331
lin/ang/drive_left/drive_right/tv_l/tv_r/av_l/av_r/x/y/theta/tx/ty/ttheta: 0.44938 -0.05324 0.58351 0.64835 0.27119 -0.01867 0.27119 -0.01867 10.04562 2.03764 21.33959 10.54032 1.94203 22.26070
lin/ang/drive_left/drive_right/tv_l/tv_r/av_l/av_r/x/y/theta/tx/ty/ttheta: 0.44805 0.42816 0.31706 -0.17715 0.17694 -0.20669 0.17694 -0.20669 10.35442 2.18932 20.36806 10.81704 2.05727 22.95689
lin/ang/drive_left/drive_right/tv_l/tv_r/av_l/av_r/x/y/theta/tx/ty/ttheta: 0.44850 0.83135 0.65541 0.41275 0.29719 0.43633 0.29719 0.43633 10.62735 2.34231 19.49749 11.09235 2.17586 23.65121
lin/ang/drive_left/drive_right/tv_l/tv_r/av_l/av_r/x/y/theta/tx/ty/ttheta: 0.45059 1.46827 0.10593 1.16702 -0.13500 0.32408 -0.13500 0.32408 10.88741 2.44264 18.50047 11.36620 2.29777 24.34301
lin/ang/drive_left/drive_right/tv_l/tv_r/av_l/av_r/x/y/theta/tx/ty/ttheta: 0.45120 1.98764 0.34792 0.34152 0.28131 -0.10061 0.28131 -0.10061 11.17509 2.56651 17.72722 11.63858 2.42298 25.03165
lin/ang/drive_left/drive_right/tv_l/tv_r/av_l/av_r/x/y/theta/tx/ty/ttheta: 0.45263 2.37610 0.34792 0.32417 -0.07889 0.27086 -0.07889 0.27086 11.44921 2.68280 17.39335 11.90944 2.55145 25.71646
lin/ang/drive_left/drive_right/tv_l/tv_r/av_l/av_r/x/y/theta/tx/ty/ttheta: 0.45703 2.82629 0.00000 0.79374 0.06844 0.55403 0.06844 0.55403 11.67310 2.76027 17.16308 12.17876 2.68314 26.39677
lin/ang/drive_left/drive_right/tv_l/tv_r/av_l/av_r/x/y/theta/tx/ty/ttheta: 0.45557 3.01489 0.24103 0.42413 0.10111 0.43358 0.10111 0.43358 11.91174 2.84093 17.32950 12.35744 2.77270 26.84749
lin/ang/drive_left/drive_right/tv_l/tv_r/av_l/av_r/x/y/theta/tx/ty/ttheta: 0.45841 3.16310 0.26441 0.70945 0.07853 0.56806 0.07853 0.56806 12.17029 2.93340 17.96161 12.62413 2.90966 27.51887
lin/ang/drive_left/drive_right/tv_l/tv_r/av_l/av_r/x/y/theta/tx/ty/ttheta: 0.46070 3.25428 0.24729 0.70749 0.07050 0.51539 0.07050 0.51539 12.44539 3.02855 18.81066 12.88922 3.04974 28.18404
lin/ang/drive_left/drive_right/tv_l/tv_r/av_l/av_r/x/y/theta/tx/ty/ttheta: 0.46247 3.22523 0.23865 0.63102 0.01883 0.54275 0.01883 0.54275 12.73374 3.13551 19.95520 13.15268 3.19287 28.84236
lin/ang/drive_left/drive_right/tv_l/tv_r/av_l/av_r/x/y/theta/tx/ty/ttheta: 0.46532 3.06722 0.13042 0.65930 0.00511 0.55867 0.00511 0.55867 13.00200 3.24774 21.36516 13.41449 3.33900 29.49320
lin/ang/drive_left/drive_right/tv_l/tv_r/av_l/av_r/x/y/theta/tx/ty/ttheta: 0.46878 2.83198 0.20834 0.74049 0.06264 0.57256 0.06264 0.57256 13.26624 3.35226 23.07642 13.67465 3.48808 30.13597
lin/ang/drive_left/drive_right/tv_l/tv_r/av_l/av_r/x/y/theta/tx/ty/ttheta: 0.46966 2.53938 0.20204 0.85398 0.07272 0.58794 0.07272 0.58794 13.58995 3.47617 25.04712 13.93313 3.64006 30.77007
lin/ang/drive_left/drive_right/tv_l/tv_r/av_l/av_r/x/y/theta/tx/ty/ttheta: 0.47612 2.25354 0.20335 0.72056 0.08503 0.46644 0.08503 0.46644 13.92244 3.61888 27.19086 14.27517 3.84710 31.60109
lin/ang/drive_left/drive_right/tv_l/tv_r/av_l/av_r/x/y/theta/tx/ty/ttheta: 0.48164 1.76422 0.22697 0.77065 0.10181 0.50444 0.10181 0.50444 14.26378 3.81527 29.45569 14.61422 4.05904 32.41439
lin/ang/drive_left/drive_right/tv_l/tv_r/av_l/av_r/x/y/theta/tx/ty/ttheta: 0.48278 1.17168 0.23337 0.72205 0.11978 0.40108 0.11978 0.40108 14.57295 4.01175 31.65470 14.86653 4.22110 33.01198
lin/ang/drive_left/drive_right/tv_l/tv_r/av_l/av_r/x/y/theta/tx/ty/ttheta: 0.49210 0.74191 0.31698 0.65796 0.17983 0.35111 0.17983 0.35111 14.86410 4.17598 33.82058 15.20033 4.44124 33.79139
lin/ang/drive_left/drive_right/tv_l/tv_r/av_l/av_r/x/y/theta/tx/ty/ttheta: 0.49405 0.22608 0.44943 0.67675 0.20175 0.29431 0.20175 0.29431 15.16775 4.37826 35.81279 15.44873 4.60928 34.36227
lin/ang/drive_left/drive_right/tv_l/tv_r/av_l/av_r/x/y/theta/tx/ty/ttheta: 0.50325 -0.27093 0.35679 0.54725 0.18497 0.21217 0.18497 0.21217 15.44761 4.60072 37.59728 15.77734 4.83712 35.10441
lin/ang/drive_left/drive_right/tv_l/tv_r/av_l/av_r/x/y/theta/tx/ty/ttheta: 0.51069 -0.78965 0.64835 0.53205 0.38808 0.21592 0.38808 0.21592 15.74962 4.87434 39.16869 16.10304 5.06915 35.82393
lin/ang/drive_left/drive_right/tv_l/tv_r/av_l/av_r/x/y/theta/tx/ty/ttheta: 0.52106 -1.26491 0.38614 0.45384 0.25136 0.08933 0.25136 0.08933 16.00710 5.12426 40.53262 16.42586 5.30519 36.51993
lin/ang/drive_left/drive_right/tv_l/tv_r/av_l/av_r/x/y/theta/tx/ty/ttheta: 0.52875 -1.57342 0.64835 0.44397 0.51758 0.13944 0.51758 0.13944 16.31888 5.42115 41.45163 16.74584 5.54507 37.19162
lin/ang/drive_left/drive_right/tv_l/tv_r/av_l/av_r/x/y/theta/tx/ty/ttheta: 0.54091 -1.72101 0.52028 0.38901 0.46131 0.03133 0.46131 0.03133 16.56745 5.67434 41.85714 17.06305 5.78862 37.83826
lin/ang/drive_left/drive_right/tv_l/tv_r/av_l/av_r/x/y/theta/tx/ty/ttheta: 0.55249 -1.62037 0.75125 0.32417 0.55217 0.10933 0.55217 0.10933 16.84185 5.94950 41.61047 17.37755 6.03567 38.45922
lin/ang/drive_left/drive_right/tv_l/tv_r/av_l/av_r/x/y/theta/tx/ty/ttheta: 0.56556 -1.34640 0.58827 0.46547 0.43375 0.17472 0.43375 0.17472 17.10793 6.22343 40.87220 17.68941 6.28605 39.05393
lin/ang/drive_left/drive_right/tv_l/tv_r/av_l/av_r/x/y/theta/tx/ty/ttheta: 0.57728 -0.90606 0.86753 0.25934 0.55508 -0.00119 0.55508 -0.00119 17.41419 6.53599 39.67653 17.99873 6.53958 39.62185
lin/ang/drive_left/drive_right/tv_l/tv_r/av_l/av_r/x/y/theta/tx/ty/ttheta: 0.60030 -0.51438 0.51868 0.51868 0.28608 0.33331 0.28608 0.33331 17.67845 6.85043 38.48711 18.38193 6.86068 40.29345
lin/ang/drive_left/drive_right/tv_l/tv_r/av_l/av_r/x/y/theta/tx/ty/ttheta: 0.60856 0.01627 0.84285 0.77802 0.47139 0.21217 0.47139 0.21217 17.95409 7.12641 37.04852 18.61008 7.05545 40.67571
lin/ang/drive_left/drive_right/tv_l/tv_r/av_l/av_r/x/y/theta/tx/ty/ttheta: 0.62710 0.55669 0.38901 0.22708 0.20225 -0.04758 0.20225 -0.04758 18.22702 7.39754 35.78762 18.91231 7.31743 41.16090
lin/ang/drive_left/drive_right/tv_l/tv_r/av_l/av_r/x/y/theta/tx/ty/ttheta: 0.65369 1.01381 0.64835 0.47758 0.42400 0.47825 0.42400 0.47825 18.53755 7.74436 34.59530 19.28706 7.64838 41.72770
lin/ang/drive_left/drive_right/tv_l/tv_r/av_l/av_r/x/y/theta/tx/ty/ttheta: 0.67574 1.67352 0.77802 0.88302 0.20344 0.52222 0.20344 0.52222 18.85342 7.98441 33.59325 19.58458 7.91571 42.14912
lin/ang/drive_left/drive_right/tv_l/tv_r/av_l/av_r/x/y/theta/tx/ty/ttheta: 0.71036 2.48381 0.10593 0.57991 -0.12386 0.34189 -0.12386 0.34189 19.20133 8.21495 32.71340 19.95382 8.25282 42.63554
lin/ang/drive_left/drive_right/tv_l/tv_r/av_l/av_r/x/y/theta/tx/ty/ttheta: 0.73704 2.99744 0.28308 0.58482 0.36872 0.53933 0.36872 0.53933 19.55520 8.45282 32.34473 20.24722 8.52468 42.99222
lin/ang/drive_left/drive_right/tv_l/tv_r/av_l/av_r/x/y/theta/tx/ty/ttheta: 0.76867 3.39133 0.97252 0.77802 0.28350 0.75800 0.28350 0.75800 19.89221 8.65704 32.47093 20.53900 8.79828 43.31993
lin/ang/drive_left/drive_right/tv_l/tv_r/av_l/av_r/x/y/theta/tx/ty/ttheta: 0.80121 3.67847 0.30043 0.93974 -0.29636 0.81361 -0.29636 0.81361 20.25721 8.85695 33.04069 20.82928 9.07347 43.61859
lin/ang/drive_left/drive_right/tv_l/tv_r/av_l/av_r/x/y/theta/tx/ty/ttheta: 0.85931 3.95321 -0.12967 1.03950 0.08950 0.84525 0.08950 0.84525 20.69840 9.11343 34.01668 21.26219 9.48891 44.01196
lin/ang/drive_left/drive_right/tv_l/tv_r/av_l/av_r/x/y/theta/tx/ty/ttheta: 0.90918 3.94294 0.64835 1.03077 0.43222 0.85519 0.43222 0.85519 21.13841 9.35428 35.54221 21.62092 9.83721 44.28960
lin/ang/drive_left/drive_right/tv_l/tv_r/av_l/av_r/x/y/theta/tx/ty/ttheta: 0.97381 3.64763 0.64835 1.07244 -0.11000 0.84047 -0.11000 0.84047 21.58033 9.63132 37.56591 22.04936 10.25724 44.56250
lin/ang/drive_left/drive_right/tv_l/tv_r/av_l/av_r/x/y/theta/tx/ty/ttheta: 1.02952 3.07137 -0.17715 1.13146 -0.21986 0.87114 -0.21986 0.87114 22.03937 9.97028 39.78250 22.47606 10.67907 44.76959
lin/ang/drive_left/drive_right/tv_l/tv_r/av_l/av_r/x/y/theta/tx/ty/ttheta: 1.07990 2.25954 0.08858 1.22351 0.45256 0.85364 0.45256 0.85364 22.49580 10.31691 42.32606 22.90146 11.10219 44.91086
lin/ang/drive_left/drive_right/tv_l/tv_r/av_l/av_r/x/y/theta/tx/ty/ttheta: 1.10647 1.26123 0.91408 1.29669 0.58281 0.75492 0.58281 0.75492 22.94406 10.62809 45.29521 23.32606 11.52611 44.98628
lin/ang/drive_left/drive_right/tv_l/tv_r/av_l/av_r/x/y/theta/tx/ty/ttheta: 1.06908 -0.21561 0.43010 1.23864 0.30647 0.69808 0.30647 0.69808 23.37445 11.08313 48.25886 23.75035 11.95035 44.99586
lin/ang/drive_left/drive_right/tv_l/tv_r/av_l/av_r/x/y/theta/tx/ty/ttheta: 1.02711 -1.78869 0.90768 1.21826 0.62661 0.60231 0.62661 0.60231 23.79547 11.63119 50.91134 24.17481 12.37441 44.93961
lin/ang/drive_left/drive_right/tv_l/tv_r/av_l/av_r/x/y/theta/tx/ty/ttheta: 0.98211 -3.26898 0.77802 0.97252 0.46711 0.31194 0.46711 0.31194 24.21826 12.16361 53.34837 24.67089 12.86828 44.79078
lin/ang/drive_left/drive_right/tv_l/tv_r/av_l/av_r/x/y/theta/tx/ty/ttheta: 0.93743 -4.59025 1.23186 0.56748 0.75886 0.15467 0.75886 0.15467 24.62090 12.70436 55.40031 25.09739 13.29030 44.59188
lin/ang/drive_left/drive_right/tv_l/tv_r/av_l/av_r/x/y/theta/tx/ty/ttheta: 0.89153 -5.80831 0.74252 0.65571 0.60914 0.16547 0.60914 0.16547 24.98240 13.25710 56.89407 25.52560 13.71059 44.32718
lin/ang/drive_left/drive_right/tv_l/tv_r/av_l/av_r/x/y/theta/tx/ty/ttheta: 0.84572 -6.67003 1.16554 0.10593 0.79922 -0.22089 0.79922 -0.22089 25.31137 13.78221 57.39299 25.95599 14.12865 43.99672
lin/ang/drive_left/drive_right/tv_l/tv_r/av_l/av_r/x/y/theta/tx/ty/ttheta: 0.79039 -7.20069 1.25633 0.18045 0.88617 -0.02069 0.88617 -0.02069 25.70978 14.37245 56.96791 26.46148 14.61289 43.52818
lin/ang/drive_left/drive_right/tv_l/tv_r/av_l/av_r/x/y/theta/tx/ty/ttheta: 0.74273 -7.76281 1.31222 0.19450 0.88617 -0.19764 0.88617 -0.19764 25.94978 14.99823 55.65719 26.82515 14.95604 43.13890
lin/ang/drive_left/drive_right/tv_l/tv_r/av_l/av_r/x/y/theta/tx/ty/ttheta: 0.69642 -8.26283 1.34409 0.03461 0.88892 -0.23803 0.88892 -0.23803 26.19121 15.66862 53.47300 27.26483 15.36434 42.61195
lin/ang/drive_left/drive_right/tv_l/tv_r/av_l/av_r/x/y/theta/tx/ty/ttheta: 0.66183 -8.62434 1.42121 -0.04806 0.86992 -0.36603 0.86992 -0.36603 26.37931 16.31426 50.42533 27.70847 15.76832 42.02009
lin/ang/drive_left/drive_right/tv_l/tv_r/av_l/av_r/x/y/theta/tx/ty/ttheta: 0.63701 -8.28152 1.39581 0.00849 0.88461 -0.29381 0.88461 -0.29381 26.61127 16.88096 46.60521 28.00664 16.03498 41.58969
lin/ang/drive_left/drive_right/tv_l/tv_r/av_l/av_r/x/y/theta/tx/ty/ttheta: 0.61965 -7.99231 1.40334 -0.12967 0.85314 -0.49708 0.85314 -0.49708 26.78060 17.43377 42.17054 28.38226 16.36503 41.01171
lin/ang/drive_left/drive_right/tv_l/tv_r/av_l/av_r/x/y/theta/tx/ty/ttheta: 0.60648 -7.94903 1.47068 -0.19450 0.89150 -0.31519 0.89150 -0.31519 26.90527 18.10076 37.17728 28.76133 16.69113 40.38976
lin/ang/drive_left/drive_right/tv_l/tv_r/av_l/av_r/x/y/theta/tx/ty/ttheta: 0.59957 -7.61427 1.47978 -0.17953 0.88703 -0.37950 0.88703 -0.37950 27.04955 18.74955 31.71091 29.14406 17.01296 39.72441
lin/ang/drive_left/drive_right/tv_l/tv_r/av_l/av_r/x/y/theta/tx/ty/ttheta: 0.60032 -6.74699 1.55603 -0.26848 0.77975 -0.34136 0.77975 -0.34136 27.20191 19.31067 25.85629 29.53061 17.33018 39.01640
lin/ang/drive_left/drive_right/tv_l/tv_r/av_l/av_r/x/y/theta/tx/ty/ttheta: 0.60546 -5.93775 1.37530 -0.42587 0.72308 -0.36942 0.72308 -0.36942 27.33821 19.96337 19.65884 29.92118 17.64248 38.26652
lin/ang/drive_left/drive_right/tv_l/tv_r/av_l/av_r/x/y/theta/tx/ty/ttheta: 0.61208 -4.59809 1.34766 -0.06914 0.71369 -0.09667 0.71369 -0.09667 27.53801 20.53776 13.28334 30.23664 17.88853 37.63719
lin/ang/drive_left/drive_right/tv_l/tv_r/av_l/av_r/x/y/theta/tx/ty/ttheta: 0.62253 -3.08252 1.23825 -0.24569 0.64011 -0.11736 0.64011 -0.11736 27.76711 21.15061 6.82823 30.63482 18.19109 36.81469
lin/ang/drive_left/drive_right/tv_l/tv_r/av_l/av_r/x/y/theta/tx/ty/ttheta: 0.63288 -1.31807 1.10524 -0.19450 0.49158 0.04603 0.49158 0.04603 28.06379 21.73819 0.49375 31.03742 18.48777 35.95361
lin/ang/drive_left/drive_right/tv_l/tv_r/av_l/av_r/x/y/theta/tx/ty/ttheta: 0.64446 0.75374 0.90002 0.40963 0.31964 0.36756 0.31964 0.36756 28.33671 22.23218 -5.67383 31.36274 18.72066 35.23799
lin/ang/drive_left/drive_right/tv_l/tv_r/av_l/av_r/x/y/theta/tx/ty/ttheta: 0.65688 2.71666 0.64835 0.08941 0.15244 0.37986 0.15244 0.37986 28.64168 22.77201 -11.34509 31.77354 19.00593 34.31142
lin/ang/drive_left/drive_right/tv_l/tv_r/av_l/av_r/x/y/theta/tx/ty/ttheta: 0.66470 4.64479 0.41140 0.58351 0.12269 0.70531 0.12269 0.70531 28.97665 23.18885 -16.30336 32.10553 19.22928 33.54567
lin/ang/drive_left/drive_right/tv_l/tv_r/av_l/av_r/x/y/theta/tx/ty/ttheta: 0.67327 6.32139 0.38901 0.96063 -0.17244 0.79156 -0.17244 0.79156 29.30535 23.61642 -20.38624 32.52474 19.50209 32.55959
lin/ang/drive_left/drive_right/tv_l/tv_r/av_l/av_r/x/y/theta/tx/ty/ttheta: 0.67676 7.61938 -0.05418 0.88388 -0.17828 0.81911 -0.17828 0.81911 29.63374 23.92231 -23.42778 32.86352 19.71507 31.74895
lin/ang/drive_left/drive_right/tv_l/tv_r/av_l/av_r/x/y/theta/tx/ty/ttheta: 0.67337 8.21336 0.06488 0.90611 -0.24006 0.80231 -0.24006 0.80231 29.94065 24.08312 -25.25000 33.03404 19.81974 31.33681
lin/ang/drive_left/drive_right/tv_l/tv_r/av_l/av_r/x/y/theta/tx/ty/ttheta: 0.66981 8.53358 -0.12967 1.03200 -0.22858 0.84750 -0.22858 0.84750 30.20684 24.18723 -25.87422 33.29124 19.97443 30.71047
lin/ang/drive_left/drive_right/tv_l/tv_r/av_l/av_r/x/y/theta/tx/ty/ttheta: 0.66514 8.05778 -0.03318 1.10443 -0.36447 0.85281 -0.36447 0.85281 30.40670 24.27331 -25.36544 33.46365 20.07599 30.28775
lin/ang/drive_left/drive_right/tv_l/tv_r/av_l/av_r/x/y/theta/tx/ty/ttheta: 0.65762 6.91351 -0.17226 1.10528 -0.36206 0.85228 -0.36206 0.85228 30.57061 24.32304 -23.87082 33.55014 20.12629 30.07491
lin/ang/drive_left/drive_right/tv_l/tv_r/av_l/av_r/x/y/theta/tx/ty/ttheta: 0.64793 5.37305 -0.19619 1.09796 -0.34667 0.85383 -0.34667 0.85383 30.71670 24.33698 -21.44833 33.63681 20.17627 29.86109
lin/ang/drive_left/drive_right/tv_l/tv_r/av_l/av_r/x/y/theta/tx/ty/ttheta: 0.63498 3.55907 -0.19450 1.08900 -0.22483 0.87061 -0.22483 0.87061 30.87075 24.30517 -18.23698 33.72368 20.22592 29.64633
lin/ang/drive_left/drive_right/tv_l/tv_r/av_l/av_r/x/y/theta/tx/ty/ttheta: 0.61933 1.61319 -0.12967 1.03735 0.01608 0.71422 0.01608 0.71422 31.03272 24.23214 -14.41531 33.81072 20.27525 29.43066
lin/ang/drive_left/drive_right/tv_l/tv_r/av_l/av_r/x/y/theta/tx/ty/ttheta: 0.60186 -0.35712 0.47758 0.76710 0.45019 0.49247 0.45019 0.49247 31.20503 24.13544 -10.20749 33.89796 20.32424 29.21411
lin/ang/drive_left/drive_right/tv_l/tv_r/av_l/av_r/x/y/theta/tx/ty/ttheta: 0.58357 -2.21811 0.28896 0.71318 0.22553 0.36842 0.22553 0.36842 31.40451 24.05600 -6.10744 33.98538 20.37291 28.99666
lin/ang/drive_left/drive_right/tv_l/tv_r/av_l/av_r/x/y/theta/tx/ty/ttheta: 0.56506 -3.63898 0.32840 0.25553 0.39322 0.04194 0.39322 0.04194 31.70460 23.97938 -2.42572 34.16077 20.46925 28.55924
lin/ang/drive_left/drive_right/tv_l/tv_r/av_l/av_r/x/y/theta/tx/ty/ttheta: 0.54750 -4.75185 0.25934 0.44116 0.41819 0.17317 0.41819 0.17317 32.03007 23.92055 0.71525 34.33690 20.56425 28.11859
lin/ang/drive_left/drive_right/tv_l/tv_r/av_l/av_r/x/y/theta/tx/ty/ttheta: 0.53393 -5.51764 0.38901 0.38901 0.59956 -0.11875 0.59956 -0.11875 32.33806 23.91119 2.89010 34.51377 20.65787 27.67491
lin/ang/drive_left/drive_right/tv_l/tv_r/av_l/av_r/x/y/theta/tx/ty/ttheta: 0.52592 -5.73190 0.69310 0.07767 0.69369 -0.14717 0.69369 -0.14717 32.67934 23.92579 3.92653 34.78042 20.79574 27.00408
lin/ang/drive_left/drive_right/tv_l/tv_r/av_l/av_r/x/y/theta/tx/ty/ttheta: 0.52239 -5.36403 0.83290 -0.06483 0.76711 -0.33931 0.76711 -0.33931 33.00895 23.94218 3.64279 35.04868 20.93047 26.32749
lin/ang/drive_left/drive_right/tv_l/tv_r/av_l/av_r/x/y/theta/tx/ty/ttheta: 0.52093 -4.72168 0.94865 0.00067 0.78317 -0.27428 0.78317 -0.27428 33.35532 24.01276 2.25796 35.31853 21.06200 25.64575
lin/ang/drive_left/drive_right/tv_l/tv_r/av_l/av_r/x/y/theta/tx/ty/ttheta: 0.52248 -3.79580 1.03735 0.06483 0.60642 -0.16203 0.60642 -0.16203 33.68770 24.11492 -0.06786 35.58994 21.19031 24.95955
lin/ang/drive_left/drive_right/tv_l/tv_r/av_l/av_r/x/y/theta/tx/ty/ttheta: 0.52654 -2.54424 0.84285 0.00620 0.52311 -0.10011 0.52311 -0.10011 33.99991 24.20880 -3.05361 35.86287 21.31536 24.26953
lin/ang/drive_left/drive_right/tv_l/tv_r/av_l/av_r/x/y/theta/tx/ty/ttheta: 0.53011 -1.22436 0.88129 0.00004 0.51831 -0.00994 0.51831 -0.00994 34.33174 24.31006 -6.26230 36.13731 21.43710 23.57635
lin/ang/drive_left/drive_right/tv_l/tv_r/av_l/av_r/x/y/theta/tx/ty/ttheta: 0.53151 -0.11000 0.64835 0.19450 0.22758 0.23853 0.22758 0.23853 34.63715 24.44612 -9.56785 36.32108 21.51642 23.11281
lin/ang/drive_left/drive_right/tv_l/tv_r/av_l/av_r/x/y/theta/tx/ty/ttheta: 0.53882 1.23946 0.38901 0.63462 0.38583 0.36772 0.38583 0.36772 34.97260 24.56995 -12.75648 36.69054 21.67057 22.18319
lin/ang/drive_left/drive_right/tv_l/tv_r/av_l/av_r/x/y/theta/tx/ty/ttheta: 0.54120 2.45145 0.97252 0.21865 0.25103 0.24314 0.25103 0.24314 35.30798 24.65001 -15.60604 36.96926 21.78224 21.48449
lin/ang/drive_left/drive_right/tv_l/tv_r/av_l/av_r/x/y/theta/tx/ty/ttheta: 0.53853 3.47715 0.14702 0.26690 -0.25614 0.49947 -0.25614 0.49947 35.62731 24.66142 -17.88211 37.15582 21.85480 21.01837
lin/ang/drive_left/drive_right/tv_l/tv_r/av_l/av_r/x/y/theta/tx/ty/ttheta: 0.53643 4.52658 0.19450 0.77401 0.09992 0.70600 0.09992 0.70600 35.96409 24.60761 -19.47051 37.43677 21.96079 20.31910
lin/ang/drive_left/drive_right/tv_l/tv_r/av_l/av_r/x/y/theta/tx/ty/ttheta: 0.53099 5.08736 0.51868 0.95213 0.04706 0.58639 0.04706 0.58639 36.24192 24.52136 -20.03168 37.62478 22.02954 19.85318
lin/ang/drive_left/drive_right/tv_l/tv_r/av_l/av_r/x/y/theta/tx/ty/ttheta: 0.52143 5.33705 -0.06368 0.54495 -0.28917 0.51300 -0.28917 0.51300 36.57374 24.39766 -19.80738 37.81336 22.09676 19.38765
lin/ang/drive_left/drive_right/tv_l/tv_r/av_l/av_r/x/y/theta/tx/ty/ttheta: 0.51154 5.39993 0.01076 0.38901 -0.14169 0.63875 -0.14169 0.63875 36.88199 24.24002 -18.80896 38.00247 22.16245 18.92270
lin/ang/drive_left/drive_right/tv_l/tv_r/av_l/av_r/x/y/theta/tx/ty/ttheta: 0.50421 5.39917 0.01776 0.91671 -0.14219 0.76350 -0.14219 0.76350 37.12467 24.06904 -17.31813 38.19211 22.22660 18.45851
lin/ang/drive_left/drive_right/tv_l/tv_r/av_l/av_r/x/y/theta/tx/ty/ttheta: 0.49634 5.00845 0.00953 1.00913 -0.15058 0.75183 -0.15058 0.75183 37.38229 23.92343 -15.10451 38.38226 22.28923 17.99522
lin/ang/drive_left/drive_right/tv_l/tv_r/av_l/av_r/x/y/theta/tx/ty/ttheta: 0.48448 4.38465 0.00547 0.85361 -0.14631 0.57150 -0.14631 0.57150 37.62644 23.75110 -12.24193 38.47753 22.31996 17.76399
lin/ang/drive_left/drive_right/tv_l/tv_r/av_l/av_r/x/y/theta/tx/ty/ttheta: 0.47912 3.77263 -0.02988 0.84285 -0.12833 0.60214 -0.12833 0.60214 37.93877 23.60411 -9.04528 38.76407 22.40985 17.07211
lin/ang/drive_left/drive_right/tv_l/tv_r/av_l/av_r/x/y/theta/tx/ty/ttheta: 0.47199 3.02969 -0.01995 0.84285 -0.09667 0.48408 -0.09667 0.48408 38.21382 23.46817 -5.69869 38.95570 22.46786 16.61256
lin/ang/drive_left/drive_right/tv_l/tv_r/av_l/av_r/x/y/theta/tx/ty/ttheta: 0.46563 2.36762 -0.00810 0.84595 -0.03422 0.57614 -0.03422 0.57614 38.49172 23.31577 -2.25871 39.14778 22.52434 16.15458
lin/ang/drive_left/drive_right/tv_l/tv_r/av_l/av_r/x/y/theta/tx/ty/ttheta: 0.46397 1.73489 0.06441 0.90768 0.06414 0.43839 0.06414 0.43839 38.80095 23.18067 1.12194 39.43675 22.60617 15.47085
lin/ang/drive_left/drive_right/tv_l/tv_r/av_l/av_r/x/y/theta/tx/ty/ttheta: 0.45980 1.04434 0.13808 0.65137 0.10781 0.26622 0.10781 0.26622 39.08071 23.06504 4.44409 39.62994 22.65882 15.01738
lin/ang/drive_left/drive_right/tv_l/tv_r/av_l/av_r/x/y/theta/tx/ty/ttheta: 0.45925 0.34753 0.27932 0.71496 0.18650 0.35214 0.18650 0.35214 39.41233 22.98125 7.53445 39.92048 22.73493 14.34107
lin/ang/drive_left/drive_right/tv_l/tv_r/av_l/av_r/x/y/theta/tx/ty/ttheta: 0.46017 -0.26114 0.42942 0.71318 0.24506 0.13125 0.24506 0.13125 39.73202 22.90573 10.26249 40.21190 22.80761 13.66980
lin/ang/drive_left/drive_right/tv_l/tv_r/av_l/av_r/x/y/theta/tx/ty/ttheta: 0.46024 -0.81122 0.17291 0.16706 0.21936 -0.02344 0.21936 -0.02344 40.08053 22.86181 12.53059 40.50416 22.87690 13.00398
lin/ang/drive_left/drive_right/tv_l/tv_r/av_l/av_r/x/y/theta/tx/ty/ttheta: 0.46015 -1.50457 0.46156 0.47758 0.46336 0.45617 0.46336 0.45617 40.42360 22.90143 14.29703 40.79721 22.94279 12.34399
lin/ang/drive_left/drive_right/tv_l/tv_r/av_l/av_r/x/y/theta/tx/ty/ttheta: 0.46318 -2.02947 0.51461 0.71318 0.46558 -0.06761 0.46558 -0.06761 40.69979 22.95475 15.23529 41.09100 23.00533 11.69018
lin/ang/drive_left/drive_right/tv_l/tv_r/av_l/av_r/x/y/theta/tx/ty/ttheta: 0.46870 -2.53879 0.51702 -0.08821 0.49072 -0.18600 0.49072 -0.18600 41.03487 23.04796 15.56100 41.48378 23.08352 10.82863
lin/ang/drive_left/drive_right/tv_l/tv_r/av_l/av_r/x/y/theta/tx/ty/ttheta: 0.46756 -2.65715 0.63770 0.34792 0.59869 0.16186 0.59869 0.16186 41.40109 23.13456 15.18300 41.77911 23.13831 10.19045
lin/ang/drive_left/drive_right/tv_l/tv_r/av_l/av_r/x/y/theta/tx/ty/ttheta: 0.47319 -2.96246 0.66294 0.32417 0.59992 0.00683 0.59992 0.00683 41.72987 23.28689 14.20618 42.17382 23.20626 9.35071
lin/ang/drive_left/drive_right/tv_l/tv_r/av_l/av_r/x/y/theta/tx/ty/ttheta: 0.47740 -3.17044 0.73638 0.32417 0.55319 0.06092 0.55319 0.06092 42.09792 23.44000 13.01265 42.56948 23.26848 8.52423
lin/ang/drive_left/drive_right/tv_l/tv_r/av_l/av_r/x/y/theta/tx/ty/ttheta: 0.47793 -2.99328 0.74582 0.25934 0.55611 -0.07206 0.55611 -0.07206 42.44133 23.55067 11.34488 42.86679 23.31142 7.91335
lin/ang/drive_left/drive_right/tv_l/tv_r/av_l/av_r/x/y/theta/tx/ty/ttheta: 0.47925 -2.81417 0.87608 0.12967 0.61411 0.03953 0.61411 0.03953 42.85355 23.66678 9.45888 43.26389 23.36378 7.11113
lin/ang/drive_left/drive_right/tv_l/tv_r/av_l/av_r/x/y/theta/tx/ty/ttheta: 0.45988 -2.39383 0.78963 0.24980 0.47861 0.08417 0.47861 0.08417 43.21364 23.75443 7.15895 43.66168 23.41063 6.32326
lin/ang/drive_left/drive_right/tv_l/tv_r/av_l/av_r/x/y/theta/tx/ty/ttheta: 0.43860 -1.88016 0.77812 0.24348 0.42775 0.09564 0.42775 0.09564 43.58647 23.82482 4.77510 44.06008 23.45204 5.55003
lin/ang/drive_left/drive_right/tv_l/tv_r/av_l/av_r/x/y/theta/tx/ty/ttheta: 0.41723 -1.13246 0.72762 0.23520 0.35044 0.11242 0.35044 0.11242 43.96235 23.84123 2.38337 44.35923 23.47961 4.97982
lin/ang/drive_left/drive_right/tv_l/tv_r/av_l/av_r/x/y/theta/tx/ty/ttheta: 0.38808 -0.46777 0.64913 0.25529 0.23186 0.15383 0.23186 0.15383 44.37978 23.83705 0.21138 44.85837 23.51899 4.04818
lin/ang/drive_left/drive_right/tv_l/tv_r/av_l/av_r/x/y/theta/tx/ty/ttheta: 0.36515 0.29906 0.49523 0.36205 0.15933 0.17575 0.15933 0.17575 44.76404 23.79959 -1.77143 45.05819 23.53249 3.68210
lin/ang/drive_left/drive_right/tv_l/tv_r/av_l/av_r/x/y/theta/tx/ty/ttheta: 0.33510 0.95010 0.38902 0.38683 0.07375 0.20806 0.07375 0.20806 45.13010 23.75549 -3.50821 45.45809 23.55569 2.96123
lin/ang/drive_left/drive_right/tv_l/tv_r/av_l/av_r/x/y/theta/tx/ty/ttheta: 0.30573 1.52993 0.44392 0.49803 0.10558 0.23903 0.10558 0.23903 45.48711 23.70194 -4.95420 45.75818 23.56982 2.43049
lin/ang/drive_left/drive_right/tv_l/tv_r/av_l/av_r/x/y/theta/tx/ty/ttheta: 0.26845 1.90409 0.45384 0.41575 0.03697 0.25956 0.03697 0.25956 45.81118 23.65275 -5.84013 46.15847 23.58437 1.73603
lin/ang/drive_left/drive_right/tv_l/tv_r/av_l/av_r/x/y/theta/tx/ty/ttheta: 0.24773 2.00356 -0.02742 0.52629 -0.28594 0.41428 -0.28594 0.41428 46.10533 23.61565 -6.08864 46.25858 23.58725 1.56476
lin/ang/drive_left/drive_right/tv_l/tv_r/av_l/av_r/x/y/theta/tx/ty/ttheta: 0.19820 2.19622 0.08809 0.51868 -0.06758 0.28953 -0.06758 0.28953 46.42081 23.54916 -6.23462 46.65904 23.59582 0.88902
lin/ang/drive_left/drive_right/tv_l/tv_r/av_l/av_r/x/y/theta/tx/ty/ttheta: 0.16196 2.29710 0.10253 0.41376 -0.06689 0.30269 -0.06689 0.30269 46.66174 23.46162 -5.74221 46.85931 23.59835 0.55673
lin/ang/drive_left/drive_right/tv_l/tv_r/av_l/av_r/x/y/theta/tx/ty/ttheta: 0.11693 2.19926 0.07692 0.46089 -0.09786 0.31331 -0.09786 0.31331 46.86811 23.39360 -4.75545 47.05959 23.59972 0.22815
lin/ang/drive_left/drive_right/tv_l/tv_r/av_l/av_r/x/y/theta/tx/ty/ttheta: 0.07980 1.99280 0.03819 0.44634 -0.11328 0.24778 -0.11328 0.24778 47.08371 23.33239 -3.45487 47.15973 23.59998 0.06524
lin/ang/drive_left/drive_right/tv_l/tv_r/av_l/av_r/x/y/theta/tx/ty/ttheta: -0.00447 1.83343 0.02113 0.45602 -0.12114 0.17469 -0.12114 0.17469 47.28360 23.27012 -1.89878 47.20000 23.60000 359.99998
lin/ang/drive_left/drive_right/tv_l/tv_r/av_l/av_r/x/y/theta/tx/ty/ttheta: -0.01222 1.50785 0.00438 0.26857 -0.17506 0.08267 -0.17506 0.08267 47.45642 23.23863 -0.25769 47.20000 23.60000 359.99998
lin/ang/drive_left/drive_right/tv_l/tv_r/av_l/av_r/x/y/theta/tx/ty/ttheta: -0.01863 1.15160 -0.06483 0.24110 -0.19592 0.15467 -0.19592 0.15467 47.60240 23.22484 1.36679 47.20000 23.60000 359.99998
lin/ang/drive_left/drive_right/tv_l/tv_r/av_l/av_r/x/y/theta/tx/ty/ttheta: -0.02327 0.81347 -0.04164 0.28461 -0.13878 0.13925 -0.13878 0.13925 47.71205 23.21446 2.96055 47.20000 23.60000 359.99998
lin/ang/drive_left/drive_right/tv_l/tv_r/av_l/av_r/x/y/theta/tx/ty/ttheta: -0.02723 0.45164 -0.05643 0.28878 -0.11583 0.11719 -0.11583 0.11719 47.80743 23.21529 4.54389 47.20000 23.60000 359.99998
lin/ang/drive_left/drive_right/tv_l/tv_r/av_l/av_r/x/y/theta/tx/ty/ttheta: -0.03072 0.03488 -0.04470 0.26834 -0.10489 0.08917 -0.10489 0.08917 47.88987 23.24197 5.98469 47.20000 23.60000 359.99998
lin/ang/drive_left/drive_right/tv_l/tv_r/av_l/av_r/x/y/theta/tx/ty/ttheta: -0.03429 -0.31319 -0.03678 0.12967 -0.08369 -0.12814 -0.08369 -0.12814 47.97253 23.26562 7.24774 47.20000 23.60000 359.99998
lin/ang/drive_left/drive_right/tv_l/tv_r/av_l/av_r/x/y/theta/tx/ty/ttheta: -0.03691 -0.57942 -0.03163 -0.19302 -0.04567 -0.10658 -0.04567 -0.10658 48.03462 23.27981 8.32177 47.20000 23.60000 359.99998
lin/ang/drive_left/drive_right/tv_l/tv_r/av_l/av_r/x/y/theta/tx/ty/ttheta: -0.03851 -0.83575 0.03775 -0.03024 0.04997 -0.08353 0.04997 -0.08353 48.07253 23.30013 9.21207 47.20000 23.60000 359.99998
lin/ang/drive_left/drive_right/tv_l/tv_r/av_l/av_r/x/y/theta/tx/ty/ttheta: -0.03887 -0.99372 0.07553 -0.02059 0.07358 -0.10147 0.07358 -0.10147 48.08267 23.31096 9.76091 47.20000 23.60000 359.99998
lin/ang/drive_left/drive_right/tv_l/tv_r/av_l/av_r/x/y/theta/tx/ty/ttheta: -0.03923 -1.03945 0.10943 -0.02409 0.08469 -0.11600 0.08469 -0.11600 48.09150 23.31313 9.95577 47.20000 23.60000 359.99998
lin/ang/drive_left/drive_right/tv_l/tv_r/av_l/av_r/x/y/theta/tx/ty/ttheta: -0.03928 -1.00904 0.13879 -0.02486 0.09069 -0.12267 0.09069 -0.12267 48.09172 23.31236 9.83284 47.20000 23.60000 359.99998
lin/ang/drive_left/drive_right/tv_l/tv_r/av_l/av_r/x/y/theta/tx/ty/ttheta: -0.03945 -0.93611 0.10842 -0.03325 0.08658 -0.12336 0.08658 -0.12336 48.09423 23.30802 9.58811 47.20000 23.60000 359.99998
lin/ang/drive_left/drive_right/tv_l/tv_r/av_l/av_r/x/y/theta/tx/ty/ttheta: -0.03973 -0.84056 0.07918 -0.06076 0.08572 -0.12492 0.08572 -0.12492 48.09802 23.30475 9.22521 47.20000 23.60000 359.99998
lin/ang/drive_left/drive_right/tv_l/tv_r/av_l/av_r/x/y/theta/tx/ty/ttheta: -0.03991 -0.70444 0.06402 -0.08192 0.08297 -0.12131 0.08297 -0.12131 48.09971 23.29612 8.76730 47.20000 23.60000 359.99998
lin/ang/drive_left/drive_right/tv_l/tv_r/av_l/av_r/x/y/theta/tx/ty/ttheta: -0.04011 -0.57588 0.05158 -0.08105 0.07531 -0.11106 0.07531 -0.11106 48.10064 23.29242 8.25282 47.20000 23.60000 359.99998
lin/ang/drive_left/drive_right/tv_l/tv_r/av_l/av_r/x/y/theta/tx/ty/ttheta: -0.04032 -0.45542 0.02740 -0.09939 0.06639 -0.10333 0.06639 -0.10333 48.10117 23.29152 7.72306 47.20000 23.60000 359.99998
lin/ang/drive_left/drive_right/tv_l/tv_r/av_l/av_r/x/y/theta/tx/ty/ttheta: -0.04051 -0.34452 0.02981 -0.08047 0.05819 -0.09858 0.05819 -0.09858 48.10159 23.29109 7.22741 47.20000 23.60000 359.99998
lin/ang/drive_left/drive_right/tv_l/tv_r/av_l/av_r/x/y/theta/tx/ty/ttheta: -0.04067 -0.24296 0.02623 -0.07660 0.05475 -0.09136 0.05475 -0.09136 48.10214 23.28920 6.80026 47.20000 23.60000 359.99998
lin/ang/drive_left/drive_right/tv_l/tv_r/av_l/av_r/x/y/theta/tx/ty/ttheta: -0.04081 -0.15831 0.00801 -0.07373 0.01847 -0.08419 0.01847 -0.08419 48.10252 23.28825 6.43229 47.20000 23.60000 359.99998
lin/ang/drive_left/drive_right/tv_l/tv_r/av_l/av_r/x/y/theta/tx/ty/ttheta: -0.04094 -0.08400 -0.04421 -0.06788 -0.04742 -0.07853 -0.04742 -0.07853 48.10279 23.28796 6.09901 47.20000 23.60000 359.99998
lin/ang/drive_left/drive_right/tv_l/tv_r/av_l/av_r/x/y/theta/tx/ty/ttheta: -0.04118 -0.04089 -0.06041 -0.05837 -0.05492 -0.07544 -0.05492 -0.07544 48.10568 23.29230 5.82891 47.20000 23.60000 359.99998
lin/ang/drive_left/drive_right/tv_l/tv_r/av_l/av_r/x/y/theta/tx/ty/ttheta: -0.04060 -0.01491 -0.08683 -0.05705 -0.06553 -0.06894 -0.06553 -0.06894 48.09187 23.29376 5.65893 47.20000 23.60000 359.99998
lin/ang/drive_left/drive_right/tv_l/tv_r/av_l/av_r/x/y/theta/tx/ty/ttheta: -0.03939 0.00402 -0.09631 -0.04649 -0.06553 -0.06808 -0.06553 -0.06808 48.06627 23.29001 5.59506 47.20000 23.60000 359.99998
lin/ang/drive_left/drive_right/tv_l/tv_r/av_l/av_r/x/y/theta/tx/ty/ttheta: -0.03808 -0.01299 -0.10815 -0.04226 -0.06636 -0.06808 -0.06636 -0.06808 48.03844 23.29059 5.61257 47.20000 23.60000 359.99998
lin/ang/drive_left/drive_right/tv_l/tv_r/av_l/av_r/x/y/theta/tx/ty/ttheta: -0.03669 -0.02669 -0.10862 -0.03856 -0.06331 -0.06842 -0.06331 -0.06842 48.00945 23.28860 5.65818 47.20000 23.60000 359.99998
lin/ang/drive_left/drive_right/tv_l/tv_r/av_l/av_r/x/y/theta/tx/ty/ttheta: -0.03516 -0.03889 -0.09037 -0.03473 -0.06042 -0.06808 -0.06042 -0.06808 47.97753 23.28620 5.69852 47.20000 23.60000 359.99998
lin/ang/drive_left/drive_right/tv_l/tv_r/av_l/av_r/x/y/theta/tx/ty/ttheta: -0.03370 -0.04598 -0.06907 -0.03433 -0.05939 -0.06894 -0.05939 -0.06894 47.94704 23.28360 5.72181 47.20000 23.60000 359.99998
lin/ang/drive_left/drive_right/tv_l/tv_r/av_l/av_r/x/y/theta/tx/ty/ttheta: -0.03240 -0.05363 -0.06213 -0.03629 -0.05972 -0.06825 -0.05972 -0.06825 47.91966 23.28133 5.74676 47.20000 23.60000 359.99998
lin/ang/drive_left/drive_right/tv_l/tv_r/av_l/av_r/x/y/theta/tx/ty/ttheta: -0.03117 -0.04746 -0.05341 -0.04165 -0.05939 -0.06878 -0.05939 -0.06878 47.89378 23.27834 5.72676 47.20000 23.60000 359.99998
lin/ang/drive_left/drive_right/tv_l/tv_r/av_l/av_r/x/y/theta/tx/ty/ttheta: -0.02980 -0.05005 -0.04691 -0.03594 -0.05939 -0.06622 -0.05939 -0.06622 47.86478 23.27678 5.71503 47.20000 23.60000 359.99998
lin/ang/drive_left/drive_right/tv_l/tv_r/av_l/av_r/x/y/theta/tx/ty/ttheta: -0.02822 -0.05077 -0.04122 -0.03973 -0.05819 -0.05817 -0.05819 -0.05817 47.83120 23.27586 5.67746 47.20000 23.60000 359.99998
lin/ang/drive_left/drive_right/tv_l/tv_r/av_l/av_r/x/y/theta/tx/ty/ttheta: -0.02692 -0.06407 -0.03824 -0.02887 -0.05836 -0.05767 -0.05836 -0.05767 47.80358 23.27617 5.68229 47.20000 23.60000 359.99998
lin/ang/drive_left/drive_right/tv_l/tv_r/av_l/av_r/x/y/theta/tx/ty/ttheta: -0.02562 -0.06533 -0.04102 -0.03581 -0.05683 -0.05750 -0.05683 -0.05750 47.77625 23.27353 5.68628 47.20000 23.60000 359.99998
lin/ang/drive_left/drive_right/tv_l/tv_r/av_l/av_r/x/y/theta/tx/ty/ttheta: -0.02438 -0.07342 -0.03072 -0.03335 -0.04911 -0.05767 -0.04911 -0.05767 47.75026 23.27142 5.71166 47.20000 23.60000 359.99998
lin/ang/drive_left/drive_right/tv_l/tv_r/av_l/av_r/x/y/theta/tx/ty/ttheta: -0.02308 -0.07962 -0.03841 -0.03206 -0.05064 -0.05767 -0.05064 -0.05767 47.72278 23.27024 5.71159 47.20000 23.60000 359.99998
lin/ang/drive_left/drive_right/tv_l/tv_r/av_l/av_r/x/y/theta/tx/ty/ttheta: -0.02200 -0.08734 -0.02910 -0.03117 -0.04894 -0.05869 -0.04894 -0.05869 47.69969 23.27080 5.69683 47.20000 23.60000 359.99998
lin/ang/drive_left/drive_right/tv_l/tv_r/av_l/av_r/x/y/theta/tx/ty/ttheta: -0.02091 -0.08842 -0.02936 -0.03504 -0.05047 -0.05800 -0.05047 -0.05800 47.67686 23.26858 5.70016 47.20000 23.60000 359.99998
lin/ang/drive_left/drive_right/tv_l/tv_r/av_l/av_r/x/y/theta/tx/ty/ttheta: -0.01976 -0.09774 -0.02886 -0.02909 -0.04978 -0.05783 -0.04978 -0.05783 47.65238 23.26897 5.69262 47.20000 23.60000 359.99998
lin/ang/drive_left/drive_right/tv_l/tv_r/av_l/av_r/x/y/theta/tx/ty/ttheta: -0.01846 -0.10159 -0.02878 -0.03343 -0.05011 -0.05800 -0.05011 -0.05800 47.62504 23.26646 5.70440 47.20000 23.60000 359.99998
lin/ang/drive_left/drive_right/tv_l/tv_r/av_l/av_r/x/y/theta/tx/ty/ttheta: -0.01723 -0.09880 -0.04172 -0.03357 -0.05050 -0.05783 -0.05050 -0.05783 47.59912 23.26371 5.69592 47.20000 23.60000 359.99998
lin/ang/drive_left/drive_right/tv_l/tv_r/av_l/av_r/x/y/theta/tx/ty/ttheta: -0.01613 -0.11149 -0.03301 -0.03869 -0.04978 -0.05850 -0.04978 -0.05850 47.57610 23.26336 5.71542 47.20000 23.60000 359.99998
lin/ang/drive_left/drive_right/tv_l/tv_r/av_l/av_r/x/y/theta/tx/ty/ttheta: -0.01483 -0.11357 -0.03970 -0.03124 -0.05100 -0.05767 -0.05100 -0.05767 47.54877 23.26074 5.72170 47.20000 23.60000 359.99998
lin/ang/drive_left/drive_right/tv_l/tv_r/av_l/av_r/x/y/theta/tx/ty/ttheta: -0.01346 -0.11336 -0.05097 -0.03748 -0.01814 -0.05833 -0.01814 -0.05833 47.51990 23.25784 5.72106 47.20000 23.60000 359.99998
lin/ang/drive_left/drive_right/tv_l/tv_r/av_l/av_r/x/y/theta/tx/ty/ttheta: -0.01237 -0.11898 0.03431 -0.03598 0.04825 -0.05733 0.04825 -0.05733 47.49692 23.25707 5.71925 47.20000 23.60000 359.99998
lin/ang/drive_left/drive_right/tv_l/tv_r/av_l/av_r/x/y/theta/tx/ty/ttheta: -0.01137 -0.12264 0.06063 -0.02848 0.05319 -0.05783 0.05319 -0.05783 47.47543 23.25743 5.69524 47.20000 23.60000 359.99998
lin/ang/drive_left/drive_right/tv_l/tv_r/av_l/av_r/x/y/theta/tx/ty/ttheta: -0.01036 -0.11739 0.07393 -0.02417 0.05406 -0.05767 0.05406 -0.05767 47.45420 23.25502 5.67977 47.20000 23.60000 359.99998
lin/ang/drive_left/drive_right/tv_l/tv_r/av_l/av_r/x/y/theta/tx/ty/ttheta: -0.00951 -0.10726 0.08009 -0.03076 0.05322 -0.05733 0.05322 -0.05733 47.43612 23.25266 5.65005 47.20000 23.60000 359.99998
lin/ang/drive_left/drive_right/tv_l/tv_r/av_l/av_r/x/y/theta/tx/ty/ttheta: -0.00908 -0.10731 0.06066 -0.01606 0.04964 -0.05681 0.04964 -0.05681 47.42675 23.25417 5.61375 47.20000 23.60000 359.99998
lin/ang/drive_left/drive_right/tv_l/tv_r/av_l/av_r/x/y/theta/tx/ty/ttheta: -0.00897 -0.07728 0.03777 -0.02082 0.04808 -0.05697 0.04808 -0.05697 47.42386 23.25220 5.52605 47.20000 23.60000 359.99998
lin/ang/drive_left/drive_right/tv_l/tv_r/av_l/av_r/x/y/theta/tx/ty/ttheta: -0.00900 -0.05216 0.03002 -0.01621 0.04844 -0.05664 0.04844 -0.05664 47.42384 23.25323 5.41635 47.20000 23.60000 359.99998
lin/ang/drive_left/drive_right/tv_l/tv_r/av_l/av_r/x/y/theta/tx/ty/ttheta: -0.00903 -0.02111 0.01063 -0.00745 0.01781 -0.05236 0.01781 -0.05236 47.42407 23.25150 5.32570 47.20000 23.60000 359.99998
lin/ang/drive_left/drive_right/tv_l/tv_r/av_l/av_r/x/y/theta/tx/ty/ttheta: -0.00905 -0.00036 -0.01129 -0.00338 -0.04808 -0.04775 -0.04808 -0.04775 47.42421 23.25034 5.26511 47.20000 23.60000 359.99998
WARNING - pros.serial.terminal.terminal:reader - Connection to /dev/ttyACM1 broken - pros-cli version:3.5.6
WARNING - pros.serial.terminal.terminal:stop - Stopping terminal - pros-cli version:3.5.6

[tomas@nixbtw:~/projects/Robotics/current/libs/lyfast]$

