
[tomas@nixbtw:~/projects/Robotics/current/libs/lyfast]$ mu
Not sending analytics for this command.

Compiled src/main.cpp [WARNINGS]
In file included from ./include/api.h:68,
                 from ./include/main.h:37,
                 from src/main.cpp:1:
./include/pros/imu.hpp:145:30: warning: 'virtual int32_t pros::v5::Imu::reset(bool) const' was hidden [-Woverloaded-virtual=]
  145 |         virtual std::int32_t reset(bool blocking = false) const;
      |                              ^~~~~
src/main.cpp:51:13: note:   by 'int32_t ScaledIMU::reset(bool)'
   51 |     int32_t reset(bool blocking = false) {
      |             ^~~~~
./include/pros/imu.hpp:786:30: warning: 'virtual int32_t pros::v5::Imu::set_rotation(double) const' was hidden [-Woverloaded-virtual=]
  786 |         virtual std::int32_t set_rotation(const double target) const;
      |                              ^~~~~~~~~~~~
src/main.cpp:66:17: note:   by 'virtual int ScaledIMU::set_rotation(double)'
   66 |     virtual int set_rotation(double new_rotation) {
      |                 ^~~~~~~~~~~~
src/main.cpp: In function 'void timeCriticalTask()':
src/main.cpp:1117:36: warning: variable 'speeds' set but not used [-Wunused-but-set-variable]
 1117 |                 DifferentialSpeeds speeds =
      |                                    ^~~~~~
src/main.cpp: In function 'void odom_offset_tuning()':
src/main.cpp:1439:11: warning: unused variable 'pct' [-Wunused-variable]
 1439 |     float pct = 0.5;
      |           ^~~
Adding timestamp [OK]
Linking hot project with ./bin/cold.package.elf and blazing,Eigen,float_units,libc,liblvgl,libm,libpros,lyfast [OK]
Section sizes:
   text	   data	    bss	  total	    hex	filename
94.99KB 452.00B  46.01MB  46.11MB 2e19e12 bin/hot.package.elf
Creating bin/hot.package.bin for VEX EDR V5 [DONE]
Uploading program "lyfast" (lyfast) to V5 slot 1 on /dev/ttyACM0 (compressed)
Compressing library [####################################] 100%
Library is already onboard V5
Uploading slot_1.ini [####################################] 100%
Compressing binary [####################################] 100%
Uploading slot_1.bin (hot.package.bin) [####################################] 100%
Finished uploading "lyfast" (lyfast) to V5

[tomas@nixbtw:~/projects/Robotics/current/libs/lyfast]$ mu
Not sending analytics for this command.

make: Nothing to be done for 'quick'.
Uploading program "lyfast" (lyfast) to V5 slot 1 on /dev/ttyACM0 (compressed)
Compressing library [####################################] 100%
Library is already onboard V5
Uploading slot_1.ini [####################################] 100%
Compressing binary [####################################] 100%
Uploading slot_1.bin (hot.package.bin) [####################################] 100%
Finished uploading "lyfast" (lyfast) to V5

[tomas@nixbtw:~/projects/Robotics/current/libs/lyfast]$ t
Not sending analytics for this command.

Established terminal connection



         _+=+_
      .-`  .  `-.          8888888b.  8888888b.   .d88888b.   .d8888b.
   _+`     "     `+_       888   Y88b 888   Y88b d88P" "Y88b d88P  Y88b
  \\\sssssssssssss///      888    888 888    888 888     888 Y88b.
     .ss\  *  /ss.         888   d88P 888   d88P 888     888  "Y888b.
 .+bm  .s  *  s.  md+.     8888888P"  8888888P"  888     888     "Y88b.
.hMMMMs .  *  . sMMMMh.    888        888 T88b   888     888       "888
 `\hMMMb \ | / dMMMh:      888        888  T88b  Y88b. .d88P Y88b  d88P
   -SNMNo  -  oNMNs-       888        888   T88b  "Y88888P"   "Y8888P"
     `+dMh\./dMd/
        `:yNy:`                      Powered by PROS for VEX V5
           "                Copyright (c) Purdue University ACM SIGBots
Version:        4.2.1     Platform:  V1.1.5 (b18)     Uptime:    0.000 s
Compiled:   Jan  1 1980 00:00:00     Directory:





         _+=+_
      .-`  .  `-.          8888888b.  8888888b.   .d88888b.   .d8888b.
   _+`     "     `+_       888   Y88b 888   Y88b d88P" "Y88b d88P  Y88b
  \\\sssssssssssss///      888    888 888    888 888     888 Y88b.
     .ss\  *  /ss.         888   d88P 888   d88P 888     888  "Y888b.
 .+bm  .s  *  s.  md+.     8888888P"  8888888P"  888     888     "Y88b.
.hMMMMs .  *  . sMMMMh.    888        888 T88b   888     888       "888
 `\hMMMb \ | / dMMMh:      888        888  T88b  Y88b. .d88P Y88b  d88P
   -SNMNo  -  oNMNs-       888        888   T88b  "Y88888P"   "Y8888P"
     `+dMh\./dMd/
        `:yNy:`                      Powered by PROS for VEX V5
           "                Copyright (c) Purdue University ACM SIGBots
Version:        4.2.1     Platform:  V1.1.5 (b18)     Uptime:    0.000 s
Compiled:   Jan  1 1980 00:00:00     Directory:


starting task: 1288970
timed correctly: 1291860
total distance: 78.136703
delta_distance: 0.100000
allocated for points 791
adding points:1800
isolated constraints:2378
forwards pass:2793
backwards pass:3257
travel times:3339
final time:3350
a_{kin}=\left[149.9998,149.9998,149.9998,149.9998,149.9998,149.9998,149.9998,149.9998,149.9998,149.9998,149.9998,149.9998,149.9998,149.9998,149.9998,149.9998,149.9998,149.9998,149.9998,149.9998,149.9998,149.9998,149.9998,149.9998,149.9998,149.9998,149.9998,149.9998,149.9998,149.9998,149.9998,149.9998,149.9998,149.9998,149.9998,149.9998,149.9998,149.9998,149.9998,149.9998,149.9998,149.9998,149.9998,149.9998,149.9998,149.9998,149.9998,149.9998,149.9998,149.9998,149.9998,149.9998,149.9998,149.9998,149.9998,149.9998,149.9998,149.9998,149.9998,149.9998,149.9998,149.9998,149.9998,149.9998,149.9998,149.9998,149.9998,149.9998,149.9998,149.9998,149.9998,149.9998,149.9998,149.9998,149.9998,149.9998,149.9998,149.9998,149.9998,149.9998,149.9998,149.9998,149.9998,149.9998,149.9998,149.9998,149.9998,149.9998,149.9998,149.9998,149.9998,149.9998,149.9998,149.9998,149.9998,149.9998,149.9998,149.9998,149.9998,149.9998,149.9998,149.9998,149.9998,149.9998,149.9998,149.9998,149.9998,149.9998,149.9998,149.9998,149.9998,149.9998,149.9998,149.9998,149.9998,149.9998,149.9998,149.9998,149.9998,149.9998,149.9998,149.9998,149.9998,149.9998,149.9998,149.9998,149.9998,149.9998,149.9998,149.9998,149.9998,149.9998,149.9998,149.9998,149.9998,149.9998,149.9998,149.9998,149.9998,149.9998,149.9998,149.9998,149.9998,149.9998,149.9998,149.9998,149.9998,149.9998,149.9998,149.9998,149.9998,149.9998,149.9998,149.9998,149.9998,149.9998,149.9998,149.9998,149.9998,149.9998,149.9998,149.9998,149.9998,149.9998,149.9998,149.9998,149.9998,149.9998,149.9998,149.9998,149.9998,149.9998,149.9998,149.9998,149.9998,149.9998,149.9998,149.9998,149.9998,149.9998,149.9998,149.9998,149.9998,149.9998,149.9998,149.9998,149.9998,149.9998,149.9998,149.9998,149.9998,149.9998,149.9998,149.9998,149.9998,149.9998,149.9998,149.9998,149.9998,149.9998,149.9998,149.9998,149.9998,149.9998,149.9998,149.9998,149.9998,149.9998,149.9998,149.9998,149.9998,149.9998,149.9998,149.9998,149.9998,149.9998,149.9998,149.9998,149.9998,149.9998,149.9998,149.9998,149.9998,149.9998,149.9998,149.9998,149.9998,149.9998,149.9998,149.9998,149.9998,149.9998,149.9998,149.9998,149.9998,149.9998,130.6272,130.5320,130.4366,130.3412,130.2456,130.1499,130.0542,129.9585,129.8627,129.7668,129.6710,129.5751,129.4793,129.3835,129.2877,129.1920,129.0964,129.0009,128.9055,128.8102,128.7150,128.6200,128.5252,128.4306,128.3363,128.2421,128.1482,128.0546,127.9613,127.8683,127.7757,127.6834,127.5915,127.5000,127.4089,127.3183,127.2281,127.1384,127.0493,126.9606,126.8726,126.7851,126.6983,126.6121,126.5265,126.4417,126.3575,126.2741,126.1915,126.1096,126.0286,125.9484,125.8691,125.7906,125.7132,125.6366,125.5611,125.4865,125.4130,125.3405,125.2692,125.1989,125.1298,125.0619,124.9952,124.9297,124.8655,124.8026,124.7409,124.6806,124.6218,124.5643,124.5082,124.4536,124.4004,124.3488,124.2988,124.2502,124.2033,124.1580,124.1144,124.0724,124.0321,123.9936,123.9567,123.9217,123.8885,123.8571,123.8275,123.7998,123.7740,123.7502,123.7282,123.7082,123.6902,123.6742,123.6603,123.6483,123.6385,123.6307,123.6250,123.6214,123.6200,123.6207,123.6236,123.6286,123.6359,123.6453,123.6570,123.6709,123.6870,123.7055,123.7261,123.7490,123.7743,123.8018,123.8316,123.8637,123.8981,123.9348,123.9739,124.0152,124.0589,124.1049,124.1533,124.2039,124.2569,124.3122,124.3699,124.4298,124.4921,124.5567,124.6236,124.6928,124.7643,124.8381,124.9142,124.9925,125.0731,125.1560,125.2411,125.3285,125.4181,125.5099,125.6039,125.7001,125.7984,125.8989,126.0016,126.1064,126.2133,126.3223,126.4334,126.5466,126.6618,126.7791,126.8984,127.0196,127.1429,127.2681,127.3953,127.5243,127.6553,127.7882,127.9229,128.0595,128.1979,128.3381,128.4800,128.6238,128.7693,128.9165,129.0654,129.2160,129.3682,129.5221,129.6776,129.8347,129.9933,130.1535,130.3153,130.4785,130.6433,130.8095,130.9772,131.1463,131.3168,131.4887,131.6620,131.8366,132.0126,132.1898,132.3684,132.5482,132.7293,132.9117,133.0952,133.2800,133.4660,133.6531,133.8414,134.0308,134.2213,134.4130,134.6057,134.7995,134.9944,135.1903,135.3873,135.5853,135.7843,135.9842,136.1852,136.3871,136.5900,136.7939,136.9986,137.2043,137.4109,137.6185,137.8269,138.0362,138.2463,138.4574,138.6693,138.8820,139.0956,139.3101,139.5254,139.7415,139.9584,140.1761,140.3947,140.6140,140.8342,141.0551,141.2769,141.4994,141.7227,141.9468,142.1717,142.3974,142.6238,142.8510,143.0790,143.3078,143.5373,143.7676,143.9987,144.2306,144.4632,144.6966,144.9308,145.1658,145.4015,145.6380,145.8753,146.1134,146.3523,146.5919,146.8324,147.0736,147.3157,147.5585,147.8022,148.0466,148.2919,148.5380,148.7849,149.0326,149.2811,149.5305,149.7807,149.9683,149.7174,149.4674,149.2183,148.9699,148.7224,148.4757,148.2299,147.9848,147.7405,147.4971,147.2545,147.0126,146.7716,146.5313,146.2919,146.0532,145.8153,145.5782,145.3419,145.1063,144.8716,144.6376,144.4044,144.1719,143.9402,143.7094,143.4793,143.2499,143.0213,142.7935,142.5665,142.3403,142.1148,141.8901,141.6662,141.4431,141.2207,140.9992,140.7784,140.5585,140.3393,140.1210,139.9034,139.6867,139.4708,139.2557,139.0415,138.8281,138.6155,138.4038,138.1930,137.9830,137.7739,137.5657,137.3584,137.1520,136.9465,136.7420,136.5384,136.3357,136.1340,135.9333,135.7335,135.5348,135.3370,135.1403,134.9446,134.7500,134.5564,134.3639,134.1725,133.9822,133.7931,133.6050,133.4182,133.2325,133.0480,132.8647,132.6826,132.5018,132.3222,132.1440,131.9670,131.7913,131.6170,131.4440,131.2724,131.1022,130.9334,130.7660,130.6001,130.4357,130.2728,130.1114,129.9515,129.7932,129.6364,129.4813,129.3278,129.1759,129.0257,128.8772,128.7303,128.5853,128.4419,128.3003,128.1605,128.0225,127.8864,127.7521,127.6196,127.4891,127.3604,127.2337,127.1090,126.9861,126.8653,126.7465,126.6297,126.5150,126.4023,126.2917,126.1832,126.0767,125.9724,125.8703,125.7703,125.6724,125.5768,125.4833,125.3921,125.3030,125.2162,125.1317,125.0494,124.9693,124.8915,124.8161,124.7429,124.6720,124.6034,124.5371,124.4731,124.4114,124.3521,124.2951,124.2404,124.1881,124.1381,124.0904,124.0450,124.0020,123.9613,123.9230,123.8869,123.8532,123.8218,123.7926,123.7658,123.7413,123.7191,123.6992,123.6815,123.6660,123.6529,123.6419,123.6332,123.6267,123.6224,123.6202,123.6203,123.6224,123.6268,123.6332,123.6417,123.6523,123.6650,123.6797,123.6965,123.7152,123.7360,123.7587,123.7833,123.8098,123.8383,123.8686,123.9008,123.9348,123.9705,124.0081,124.0474,124.0884,124.1311,124.1756,124.2216,124.2693,124.3185,124.3693,124.4217,124.4755,124.5309,124.5877,124.6459,124.7055,124.7665,124.8288,124.8924,124.9573,125.0235,125.0909,125.1595,125.2293,125.3002,125.3722,125.4453,125.5195,125.5947,125.6709,125.7481,125.8262,125.9052,125.9851,126.0659,126.1476,126.2300,126.3132,126.3972,126.4819,126.5673,126.6534,126.7402,126.8276,126.9156,127.0041,127.0933,127.1829,127.2731,127.3637,127.4549,127.5464,127.6384,127.7307,127.8235,127.9166,128.0100,128.1037,128.1977,128.2920,128.3865,128.4813,128.5763,128.6714,128.7668,128.8623,128.9579,129.0536,129.1495,129.2454,129.3414,129.4375,129.5336,129.6297,129.7258,129.8219,129.9180,130.0141,130.1101,130.2060,130.3019,130.3977,130.4934,130.5889,130.6273\right]
a_{turn}=\left[5118110.0000,5118110.0000,5118110.0000,5118110.0000,5118110.0000,5118110.0000,5118110.0000,5118110.0000,5118110.0000,5118110.0000,5118110.0000,5118110.0000,5118110.0000,5118110.0000,5118110.0000,5118110.0000,5118110.0000,5118110.0000,5118110.0000,5118110.0000,5118110.0000,5118110.0000,5118110.0000,5118110.0000,5118110.0000,5118110.0000,5118110.0000,5118110.0000,5118110.0000,5118110.0000,5118110.0000,5118110.0000,5118110.0000,5118110.0000,5118110.0000,5118110.0000,5118110.0000,5118110.0000,5118110.0000,5118110.0000,5118110.0000,5118110.0000,5118110.0000,5118110.0000,5118110.0000,5118110.0000,5118110.0000,5118110.0000,5118110.0000,5118110.0000,5118110.0000,5118110.0000,5118110.0000,5118110.0000,5118110.0000,5118110.0000,5118110.0000,5118110.0000,5118110.0000,5118110.0000,5118110.0000,5118110.0000,5118110.0000,5118110.0000,5118110.0000,5118110.0000,5118110.0000,5118110.0000,5118110.0000,5118110.0000,5118110.0000,5118110.0000,5118110.0000,5118110.0000,5118110.0000,5118110.0000,5118110.0000,5118110.0000,5118110.0000,5118110.0000,5118110.0000,5118110.0000,5118110.0000,5118110.0000,5118110.0000,5118110.0000,5118110.0000,5118110.0000,5118110.0000,5118110.0000,5118110.0000,5118110.0000,5118110.0000,5118110.0000,5118110.0000,5118110.0000,5118110.0000,5118110.0000,5118110.0000,5118110.0000,5118110.0000,5118110.0000,5118110.0000,5118110.0000,5118110.0000,5118110.0000,5118110.0000,5118110.0000,5118110.0000,5118110.0000,5118110.0000,5118110.0000,5118110.0000,5118110.0000,5118110.0000,5118110.0000,5118110.0000,5118110.0000,5118110.0000,5118110.0000,5118110.0000,5118110.0000,5118110.0000,5118110.0000,5118110.0000,5118110.0000,5118110.0000,5118110.0000,5118110.0000,5118110.0000,5118110.0000,5118110.0000,5118110.0000,5118110.0000,5118110.0000,5118110.0000,5118110.0000,5118110.0000,5118110.0000,5118110.0000,5118110.0000,5118110.0000,5118110.0000,5118110.0000,5118110.0000,5118110.0000,5118110.0000,5118110.0000,5118110.0000,5118110.0000,5118110.0000,5118110.0000,5118110.0000,5118110.0000,5118110.0000,5118110.0000,5118110.0000,5118110.0000,5118110.0000,5118110.0000,5118110.0000,5118110.0000,5118110.0000,5118110.0000,5118110.0000,5118110.0000,5118110.0000,5118110.0000,5118110.0000,5118110.0000,5118110.0000,5118110.0000,5118110.0000,5118110.0000,5118110.0000,5118110.0000,5118110.0000,5118110.0000,5118110.0000,5118110.0000,5118110.0000,5118110.0000,5118110.0000,5118110.0000,5118110.0000,5118110.0000,5118110.0000,5118110.0000,5118110.0000,5118110.0000,5118110.0000,5118110.0000,5118110.0000,5118110.0000,5118110.0000,5118110.0000,5118110.0000,5118110.0000,5118110.0000,5118110.0000,5118110.0000,5118110.0000,5118110.0000,5118110.0000,5118110.0000,5118110.0000,5118110.0000,5118110.0000,5118110.0000,5118110.0000,5118110.0000,5118110.0000,5118110.0000,5118110.0000,5118110.0000,5118110.0000,5118110.0000,5118110.0000,5118110.0000,5118110.0000,5118110.0000,5118110.0000,5118110.0000,5118110.0000,5118110.0000,5118110.0000,5118110.0000,5118110.0000,5118110.0000,5118110.0000,5118110.0000,5118110.0000,5118110.0000,5118110.0000,5118110.0000,5118110.0000,46.0198,45.7612,45.5049,45.2508,44.9989,44.7492,44.5017,44.2564,44.0134,43.7726,43.5340,43.2977,43.0636,42.8318,42.6022,42.3749,42.1498,41.9270,41.7065,41.4883,41.2723,41.0586,40.8473,40.6382,40.4314,40.2269,40.0248,39.8249,39.6274,39.4323,39.2394,39.0489,38.8608,38.6749,38.4915,38.3104,38.1317,37.9554,37.7814,37.6098,37.4407,37.2739,37.1095,36.9476,36.7881,36.6309,36.4763,36.3240,36.1743,36.0270,35.8821,35.7397,35.5998,35.4624,35.3275,35.1950,35.0651,34.9377,34.8128,34.6905,34.5707,34.4534,34.3387,34.2267,34.1171,34.0102,33.9058,33.8041,33.7050,33.6085,33.5147,33.4235,33.3350,33.2491,33.1659,33.0855,33.0077,32.9326,32.8603,32.7908,32.7240,32.6599,32.5987,32.5402,32.4846,32.4318,32.3818,32.3347,32.2905,32.2492,32.2107,32.1752,32.1427,32.1130,32.0864,32.0628,32.0422,32.0246,32.0100,31.9986,31.9902,31.9849,31.9828,31.9839,31.9881,31.9955,32.0062,32.0201,32.0373,32.0578,32.0817,32.1089,32.1395,32.1736,32.2111,32.2521,32.2966,32.3446,32.3963,32.4515,32.5104,32.5731,32.6394,32.7095,32.7835,32.8613,32.9430,33.0286,33.1182,33.2119,33.3096,33.4115,33.5176,33.6279,33.7425,33.8615,33.9849,34.1127,34.2451,34.3821,34.5238,34.6702,34.8214,34.9775,35.1386,35.3047,35.4759,35.6524,35.8341,36.0212,36.2138,36.4120,36.6158,36.8254,37.0409,37.2624,37.4901,37.7239,37.9641,38.2108,38.4642,38.7243,38.9913,39.2653,39.5466,39.8352,40.1314,40.4353,40.7471,41.0670,41.3952,41.7319,42.0773,42.4316,42.7950,43.1679,43.5504,43.9428,44.3454,44.7585,45.1824,45.6173,46.0637,46.5217,46.9919,47.4746,47.9702,48.4790,49.0016,49.5383,50.0897,50.6562,51.2383,51.8367,52.4518,53.0843,53.7348,54.4040,55.0927,55.8015,56.5312,57.2827,58.0569,58.8546,59.6770,60.5249,61.3996,62.3022,63.2339,64.1961,65.1902,66.2178,67.2803,68.3796,69.5174,70.6958,71.9167,73.1826,74.4956,75.8586,77.2741,78.7453,80.2755,81.8680,83.5267,85.2557,87.0595,88.9428,90.9111,92.9699,95.1257,97.3853,99.7563,102.2471,104.8669,107.6258,110.5352,113.6075,116.8568,120.2986,123.9504,127.8322,131.9661,136.3773,141.0945,146.1511,151.5845,157.4384,163.7635,170.6190,178.0742,186.2116,195.1295,204.9453,215.8017,227.8732,241.3759,256.5803,273.8293,293.5652,316.3678,343.0110,374.5550,412.4890,458.9731,517.2640,592.5158,693.3928,835.6639,1051.3894,1417.2596,2173.6494,4661.4707,32251.1543,3616.0881,1915.4403,1302.7544,987.0308,794.4890,664.8046,571.5150,501.1865,446.2705,402.2003,366.0523,335.8665,310.2803,288.3164,269.2572,252.5620,237.8165,224.6985,212.9524,202.3739,192.7972,184.0867,176.1298,168.8332,162.1178,155.9170,150.1739,144.8396,139.8720,135.2347,130.8962,126.8283,123.0066,119.4095,116.0180,112.8148,109.7849,106.9147,104.1919,101.6055,99.1456,96.8034,94.5707,92.4400,90.4045,88.4583,86.5955,84.8110,83.1001,81.4584,79.8819,78.3669,76.9100,75.5080,74.1578,72.8569,71.6026,70.3926,69.2246,68.0966,67.0068,65.9532,64.9342,63.9482,62.9938,62.0694,61.1740,60.3061,59.4647,58.6486,57.8568,57.0884,56.3424,55.6179,54.9142,54.2305,53.5660,52.9200,52.2919,51.6810,51.0867,50.5085,49.9458,49.3981,48.8649,48.3458,47.8403,47.3479,46.8683,46.4011,45.9460,45.5025,45.0703,44.6491,44.2387,43.8386,43.4486,43.0685,42.6980,42.3368,41.9847,41.6415,41.3070,40.9808,40.6629,40.3531,40.0511,39.7568,39.4700,39.1905,38.9182,38.6529,38.3945,38.1428,37.8977,37.6591,37.4268,37.2007,36.9807,36.7666,36.5584,36.3560,36.1593,35.9681,35.7823,35.6019,35.4268,35.2569,35.0921,34.9323,34.7774,34.6274,34.4823,34.3418,34.2060,34.0748,33.9481,33.8259,33.7081,33.5946,33.4854,33.3805,33.2797,33.1831,33.0906,33.0020,32.9175,32.8369,32.7602,32.6873,32.6183,32.5530,32.4915,32.4336,32.3794,32.3289,32.2819,32.2385,32.1986,32.1621,32.1291,32.0996,32.0734,32.0507,32.0312,32.0151,32.0022,31.9926,31.9863,31.9831,31.9832,31.9864,31.9927,32.0022,32.0148,32.0304,32.0491,32.0709,32.0957,32.1234,32.1542,32.1879,32.2245,32.2641,32.3066,32.3520,32.4003,32.4514,32.5054,32.5623,32.6219,32.6844,32.7496,32.8177,32.8885,32.9620,33.0383,33.1174,33.1991,33.2836,33.3707,33.4605,33.5530,33.6482,33.7460,33.8465,33.9496,34.0552,34.1635,34.2745,34.3880,34.5040,34.6227,34.7439,34.8677,34.9940,35.1228,35.2542,35.3881,35.5245,35.6634,35.8048,35.9487,36.0951,36.2440,36.3953,36.5491,36.7053,36.8640,37.0251,37.1887,37.3547,37.5231,37.6939,37.8671,38.0427,38.2207,38.4011,38.5839,38.7690,38.9566,39.1464,39.3387,39.5333,39.7302,39.9295,40.1311,40.3350,40.5413,40.7499,40.9608,41.1740,41.3895,41.6073,41.8274,42.0498,42.2745,42.5015,42.7307,42.9622,43.1959,43.4320,43.6702,43.9108,44.1535,44.3986,44.6458,44.8953,45.1470,45.4010,45.6571,45.9155,46.0200\right]
d_{kin}=\left[149.9998,149.9998,149.9998,149.9998,149.9998,149.9998,149.9998,149.9998,149.9998,149.9998,149.9998,149.9998,149.9998,149.9998,149.9998,149.9998,149.9998,149.9998,149.9998,149.9998,149.9998,149.9998,149.9998,149.9998,149.9998,149.9998,149.9998,149.9998,149.9998,149.9998,149.9998,149.9998,149.9998,149.9998,149.9998,149.9998,149.9998,149.9998,149.9998,149.9998,149.9998,149.9998,149.9998,149.9998,149.9998,149.9998,149.9998,149.9998,149.9998,149.9998,149.9998,149.9998,149.9998,149.9998,149.9998,149.9998,149.9998,149.9998,149.9998,149.9998,149.9998,149.9998,149.9998,149.9998,149.9998,149.9998,149.9998,149.9998,149.9998,149.9998,149.9998,149.9998,149.9998,149.9998,149.9998,149.9998,149.9998,149.9998,149.9998,149.9998,149.9998,149.9998,149.9998,149.9998,149.9998,149.9998,149.9998,149.9998,149.9998,149.9998,149.9998,149.9998,149.9998,149.9998,149.9998,149.9998,149.9998,149.9998,149.9998,149.9998,149.9998,149.9998,149.9998,149.9998,149.9998,149.9998,149.9998,149.9998,149.9998,149.9998,149.9998,149.9998,149.9998,149.9998,149.9998,149.9998,149.9998,149.9998,149.9998,149.9998,149.9998,149.9998,149.9998,149.9998,149.9998,149.9998,149.9998,149.9998,149.9998,149.9998,149.9998,149.9998,149.9998,149.9998,149.9998,149.9998,149.9998,149.9998,149.9998,149.9998,149.9998,149.9998,149.9998,149.9998,149.9998,149.9998,149.9998,149.9998,149.9998,149.9998,149.9998,149.9998,149.9998,149.9998,149.9998,149.9998,149.9998,149.9998,149.9998,149.9998,149.9998,149.9998,149.9998,149.9998,149.9998,149.9998,149.9998,149.9998,149.9998,149.9998,149.9998,149.9998,149.9998,149.9998,149.9998,149.9998,149.9998,149.9998,149.9998,149.9998,149.9998,149.9998,149.9998,149.9998,149.9998,149.9998,149.9998,149.9998,149.9998,149.9998,149.9998,149.9998,149.9998,149.9998,149.9998,149.9998,149.9998,149.9998,149.9998,149.9998,149.9998,149.9998,149.9998,149.9998,149.9998,149.9998,149.9998,149.9998,149.9998,149.9998,149.9998,149.9998,149.9998,149.9998,149.9998,149.9998,149.9998,149.9998,149.9998,149.9998,149.9998,149.9998,149.9998,149.9998,149.9998,149.9998,149.9998,149.9998,149.9998,149.9998,149.9998,149.9998,149.9998,149.9998,149.9998,149.9998,130.6272,130.5320,130.4366,130.3412,130.2456,130.1499,130.0542,129.9585,129.8627,129.7668,129.6710,129.5751,129.4793,129.3835,129.2877,129.1920,129.0964,129.0009,128.9055,128.8102,128.7150,128.6200,128.5252,128.4306,128.3363,128.2421,128.1482,128.0546,127.9613,127.8683,127.7757,127.6834,127.5915,127.5000,127.4089,127.3183,127.2281,127.1384,127.0493,126.9606,126.8726,126.7851,126.6983,126.6121,126.5265,126.4417,126.3575,126.2741,126.1915,126.1096,126.0286,125.9484,125.8691,125.7906,125.7132,125.6366,125.5611,125.4865,125.4130,125.3405,125.2692,125.1989,125.1298,125.0619,124.9952,124.9297,124.8655,124.8026,124.7409,124.6806,124.6218,124.5643,124.5082,124.4536,124.4004,124.3488,124.2988,124.2502,124.2033,124.1580,124.1144,124.0724,124.0321,123.9936,123.9567,123.9217,123.8885,123.8571,123.8275,123.7998,123.7740,123.7502,123.7282,123.7082,123.6902,123.6742,123.6603,123.6483,123.6385,123.6307,123.6250,123.6214,123.6200,123.6207,123.6236,123.6286,123.6359,123.6453,123.6570,123.6709,123.6870,123.7055,123.7261,123.7490,123.7743,123.8018,123.8316,123.8637,123.8981,123.9348,123.9739,124.0152,124.0589,124.1049,124.1533,124.2039,124.2569,124.3122,124.3699,124.4298,124.4921,124.5567,124.6236,124.6928,124.7643,124.8381,124.9142,124.9925,125.0731,125.1560,125.2411,125.3285,125.4181,125.5099,125.6039,125.7001,125.7984,125.8989,126.0016,126.1064,126.2133,126.3223,126.4334,126.5466,126.6618,126.7791,126.8984,127.0196,127.1429,127.2681,127.3953,127.5243,127.6553,127.7882,127.9229,128.0595,128.1979,128.3381,128.4800,128.6238,128.7693,128.9165,129.0654,129.2160,129.3682,129.5221,129.6776,129.8347,129.9933,130.1535,130.3153,130.4785,130.6433,130.8095,130.9772,131.1463,131.3168,131.4887,131.6620,131.8366,132.0126,132.1898,132.3684,132.5482,132.7293,132.9117,133.0952,133.2800,133.4660,133.6531,133.8414,134.0308,134.2213,134.4130,134.6057,134.7995,134.9944,135.1903,135.3873,135.5853,135.7843,135.9842,136.1852,136.3871,136.5900,136.7939,136.9986,137.2043,137.4109,137.6185,137.8269,138.0362,138.2463,138.4574,138.6693,138.8820,139.0956,139.3101,139.5254,139.7415,139.9584,140.1761,140.3947,140.6140,140.8342,141.0551,141.2769,141.4994,141.7227,141.9468,142.1717,142.3974,142.6238,142.8510,143.0790,143.3078,143.5373,143.7676,143.9987,144.2306,144.4632,144.6966,144.9308,145.1658,145.4015,145.6380,145.8753,146.1134,146.3523,146.5919,146.8324,147.0736,147.3157,147.5585,147.8022,148.0466,148.2919,148.5380,148.7849,149.0326,149.2811,149.5305,149.7807,149.9683,149.7174,149.4674,149.2183,148.9699,148.7224,148.4757,148.2299,147.9848,147.7405,147.4971,147.2545,147.0126,146.7716,146.5313,146.2919,146.0532,145.8153,145.5782,145.3419,145.1063,144.8716,144.6376,144.4044,144.1719,143.9402,143.7094,143.4793,143.2499,143.0213,142.7935,142.5665,142.3403,142.1148,141.8901,141.6662,141.4431,141.2207,140.9992,140.7784,140.5585,140.3393,140.1210,139.9034,139.6867,139.4708,139.2557,139.0415,138.8281,138.6155,138.4038,138.1930,137.9830,137.7739,137.5657,137.3584,137.1520,136.9465,136.7420,136.5384,136.3357,136.1340,135.9333,135.7335,135.5348,135.3370,135.1403,134.9446,134.7500,134.5564,134.3639,134.1725,133.9822,133.7931,133.6050,133.4182,133.2325,133.0480,132.8647,132.6826,132.5018,132.3222,132.1440,131.9670,131.7913,131.6170,131.4440,131.2724,131.1022,130.9334,130.7660,130.6001,130.4357,130.2728,130.1114,129.9515,129.7932,129.6364,129.4813,129.3278,129.1759,129.0257,128.8772,128.7303,128.5853,128.4419,128.3003,128.1605,128.0225,127.8864,127.7521,127.6196,127.4891,127.3604,127.2337,127.1090,126.9861,126.8653,126.7465,126.6297,126.5150,126.4023,126.2917,126.1832,126.0767,125.9724,125.8703,125.7703,125.6724,125.5768,125.4833,125.3921,125.3030,125.2162,125.1317,125.0494,124.9693,124.8915,124.8161,124.7429,124.6720,124.6034,124.5371,124.4731,124.4114,124.3521,124.2951,124.2404,124.1881,124.1381,124.0904,124.0450,124.0020,123.9613,123.9230,123.8869,123.8532,123.8218,123.7926,123.7658,123.7413,123.7191,123.6992,123.6815,123.6660,123.6529,123.6419,123.6332,123.6267,123.6224,123.6202,123.6203,123.6224,123.6268,123.6332,123.6417,123.6523,123.6650,123.6797,123.6965,123.7152,123.7360,123.7587,123.7833,123.8098,123.8383,123.8686,123.9008,123.9348,123.9705,124.0081,124.0474,124.0884,124.1311,124.1756,124.2216,124.2693,124.3185,124.3693,124.4217,124.4755,124.5309,124.5877,124.6459,124.7055,124.7665,124.8288,124.8924,124.9573,125.0235,125.0909,125.1595,125.2293,125.3002,125.3722,125.4453,125.5195,125.5947,125.6709,125.7481,125.8262,125.9052,125.9851,126.0659,126.1476,126.2300,126.3132,126.3972,126.4819,126.5673,126.6534,126.7402,126.8276,126.9156,127.0041,127.0933,127.1829,127.2731,127.3637,127.4549,127.5464,127.6384,127.7307,127.8235,127.9166,128.0100,128.1037,128.1977,128.2920,128.3865,128.4813,128.5763,128.6714,128.7668,128.8623,128.9579,129.0536,129.1495,129.2454,129.3414,129.4375,129.5336,129.6297,129.7258,129.8219,129.9180,130.0141,130.1101,130.2060,130.3019,130.3977,130.4934,130.5889,130.6273\right]
d_{turn}=\left[5118110.0000,5118110.0000,5118110.0000,5118110.0000,5118110.0000,5118110.0000,5118110.0000,5118110.0000,5118110.0000,5118110.0000,5118110.0000,5118110.0000,5118110.0000,5118110.0000,5118110.0000,5118110.0000,5118110.0000,5118110.0000,5118110.0000,5118110.0000,5118110.0000,5118110.0000,5118110.0000,5118110.0000,5118110.0000,5118110.0000,5118110.0000,5118110.0000,5118110.0000,5118110.0000,5118110.0000,5118110.0000,5118110.0000,5118110.0000,5118110.0000,5118110.0000,5118110.0000,5118110.0000,5118110.0000,5118110.0000,5118110.0000,5118110.0000,5118110.0000,5118110.0000,5118110.0000,5118110.0000,5118110.0000,5118110.0000,5118110.0000,5118110.0000,5118110.0000,5118110.0000,5118110.0000,5118110.0000,5118110.0000,5118110.0000,5118110.0000,5118110.0000,5118110.0000,5118110.0000,5118110.0000,5118110.0000,5118110.0000,5118110.0000,5118110.0000,5118110.0000,5118110.0000,5118110.0000,5118110.0000,5118110.0000,5118110.0000,5118110.0000,5118110.0000,5118110.0000,5118110.0000,5118110.0000,5118110.0000,5118110.0000,5118110.0000,5118110.0000,5118110.0000,5118110.0000,5118110.0000,5118110.0000,5118110.0000,5118110.0000,5118110.0000,5118110.0000,5118110.0000,5118110.0000,5118110.0000,5118110.0000,5118110.0000,5118110.0000,5118110.0000,5118110.0000,5118110.0000,5118110.0000,5118110.0000,5118110.0000,5118110.0000,5118110.0000,5118110.0000,5118110.0000,5118110.0000,5118110.0000,5118110.0000,5118110.0000,5118110.0000,5118110.0000,5118110.0000,5118110.0000,5118110.0000,5118110.0000,5118110.0000,5118110.0000,5118110.0000,5118110.0000,5118110.0000,5118110.0000,5118110.0000,5118110.0000,5118110.0000,5118110.0000,5118110.0000,5118110.0000,5118110.0000,5118110.0000,5118110.0000,5118110.0000,5118110.0000,5118110.0000,5118110.0000,5118110.0000,5118110.0000,5118110.0000,5118110.0000,5118110.0000,5118110.0000,5118110.0000,5118110.0000,5118110.0000,5118110.0000,5118110.0000,5118110.0000,5118110.0000,5118110.0000,5118110.0000,5118110.0000,5118110.0000,5118110.0000,5118110.0000,5118110.0000,5118110.0000,5118110.0000,5118110.0000,5118110.0000,5118110.0000,5118110.0000,5118110.0000,5118110.0000,5118110.0000,5118110.0000,5118110.0000,5118110.0000,5118110.0000,5118110.0000,5118110.0000,5118110.0000,5118110.0000,5118110.0000,5118110.0000,5118110.0000,5118110.0000,5118110.0000,5118110.0000,5118110.0000,5118110.0000,5118110.0000,5118110.0000,5118110.0000,5118110.0000,5118110.0000,5118110.0000,5118110.0000,5118110.0000,5118110.0000,5118110.0000,5118110.0000,5118110.0000,5118110.0000,5118110.0000,5118110.0000,5118110.0000,5118110.0000,5118110.0000,5118110.0000,5118110.0000,5118110.0000,5118110.0000,5118110.0000,5118110.0000,5118110.0000,5118110.0000,5118110.0000,5118110.0000,5118110.0000,5118110.0000,5118110.0000,5118110.0000,5118110.0000,5118110.0000,5118110.0000,5118110.0000,5118110.0000,5118110.0000,5118110.0000,5118110.0000,5118110.0000,5118110.0000,5118110.0000,5118110.0000,5118110.0000,5118110.0000,5118110.0000,5118110.0000,5118110.0000,5118110.0000,5118110.0000,5118110.0000,5118110.0000,5118110.0000,5118110.0000,5118110.0000,5118110.0000,5118110.0000,46.0198,45.7612,45.5049,45.2508,44.9989,44.7492,44.5017,44.2564,44.0134,43.7726,43.5340,43.2977,43.0636,42.8318,42.6022,42.3749,42.1498,41.9270,41.7065,41.4883,41.2723,41.0586,40.8473,40.6382,40.4314,40.2269,40.0248,39.8249,39.6274,39.4323,39.2394,39.0489,38.8608,38.6749,38.4915,38.3104,38.1317,37.9554,37.7814,37.6098,37.4407,37.2739,37.1095,36.9476,36.7881,36.6309,36.4763,36.3240,36.1743,36.0270,35.8821,35.7397,35.5998,35.4624,35.3275,35.1950,35.0651,34.9377,34.8128,34.6905,34.5707,34.4534,34.3387,34.2267,34.1171,34.0102,33.9058,33.8041,33.7050,33.6085,33.5147,33.4235,33.3350,33.2491,33.1659,33.0855,33.0077,32.9326,32.8603,32.7908,32.7240,32.6599,32.5987,32.5402,32.4846,32.4318,32.3818,32.3347,32.2905,32.2492,32.2107,32.1752,32.1427,32.1130,32.0864,32.0628,32.0422,32.0246,32.0100,31.9986,31.9902,31.9849,31.9828,31.9839,31.9881,31.9955,32.0062,32.0201,32.0373,32.0578,32.0817,32.1089,32.1395,32.1736,32.2111,32.2521,32.2966,32.3446,32.3963,32.4515,32.5104,32.5731,32.6394,32.7095,32.7835,32.8613,32.9430,33.0286,33.1182,33.2119,33.3096,33.4115,33.5176,33.6279,33.7425,33.8615,33.9849,34.1127,34.2451,34.3821,34.5238,34.6702,34.8214,34.9775,35.1386,35.3047,35.4759,35.6524,35.8341,36.0212,36.2138,36.4120,36.6158,36.8254,37.0409,37.2624,37.4901,37.7239,37.9641,38.2108,38.4642,38.7243,38.9913,39.2653,39.5466,39.8352,40.1314,40.4353,40.7471,41.0670,41.3952,41.7319,42.0773,42.4316,42.7950,43.1679,43.5504,43.9428,44.3454,44.7585,45.1824,45.6173,46.0637,46.5217,46.9919,47.4746,47.9702,48.4790,49.0016,49.5383,50.0897,50.6562,51.2383,51.8367,52.4518,53.0843,53.7348,54.4040,55.0927,55.8015,56.5312,57.2827,58.0569,58.8546,59.6770,60.5249,61.3996,62.3022,63.2339,64.1961,65.1902,66.2178,67.2803,68.3796,69.5174,70.6958,71.9167,73.1826,74.4956,75.8586,77.2741,78.7453,80.2755,81.8680,83.5267,85.2557,87.0595,88.9428,90.9111,92.9699,95.1257,97.3853,99.7563,102.2471,104.8669,107.6258,110.5352,113.6075,116.8568,120.2986,123.9504,127.8322,131.9661,136.3773,141.0945,146.1511,151.5845,157.4384,163.7635,170.6190,178.0742,186.2116,195.1295,204.9453,215.8017,227.8732,241.3759,256.5803,273.8293,293.5652,316.3678,343.0110,374.5550,412.4890,458.9731,517.2640,592.5158,693.3928,835.6639,1051.3894,1417.2596,2173.6494,4661.4707,32251.1543,3616.0881,1915.4403,1302.7544,987.0308,794.4890,664.8046,571.5150,501.1865,446.2705,402.2003,366.0523,335.8665,310.2803,288.3164,269.2572,252.5620,237.8165,224.6985,212.9524,202.3739,192.7972,184.0867,176.1298,168.8332,162.1178,155.9170,150.1739,144.8396,139.8720,135.2347,130.8962,126.8283,123.0066,119.4095,116.0180,112.8148,109.7849,106.9147,104.1919,101.6055,99.1456,96.8034,94.5707,92.4400,90.4045,88.4583,86.5955,84.8110,83.1001,81.4584,79.8819,78.3669,76.9100,75.5080,74.1578,72.8569,71.6026,70.3926,69.2246,68.0966,67.0068,65.9532,64.9342,63.9482,62.9938,62.0694,61.1740,60.3061,59.4647,58.6486,57.8568,57.0884,56.3424,55.6179,54.9142,54.2305,53.5660,52.9200,52.2919,51.6810,51.0867,50.5085,49.9458,49.3981,48.8649,48.3458,47.8403,47.3479,46.8683,46.4011,45.9460,45.5025,45.0703,44.6491,44.2387,43.8386,43.4486,43.0685,42.6980,42.3368,41.9847,41.6415,41.3070,40.9808,40.6629,40.3531,40.0511,39.7568,39.4700,39.1905,38.9182,38.6529,38.3945,38.1428,37.8977,37.6591,37.4268,37.2007,36.9807,36.7666,36.5584,36.3560,36.1593,35.9681,35.7823,35.6019,35.4268,35.2569,35.0921,34.9323,34.7774,34.6274,34.4823,34.3418,34.2060,34.0748,33.9481,33.8259,33.7081,33.5946,33.4854,33.3805,33.2797,33.1831,33.0906,33.0020,32.9175,32.8369,32.7602,32.6873,32.6183,32.5530,32.4915,32.4336,32.3794,32.3289,32.2819,32.2385,32.1986,32.1621,32.1291,32.0996,32.0734,32.0507,32.0312,32.0151,32.0022,31.9926,31.9863,31.9831,31.9832,31.9864,31.9927,32.0022,32.0148,32.0304,32.0491,32.0709,32.0957,32.1234,32.1542,32.1879,32.2245,32.2641,32.3066,32.3520,32.4003,32.4514,32.5054,32.5623,32.6219,32.6844,32.7496,32.8177,32.8885,32.9620,33.0383,33.1174,33.1991,33.2836,33.3707,33.4605,33.5530,33.6482,33.7460,33.8465,33.9496,34.0552,34.1635,34.2745,34.3880,34.5040,34.6227,34.7439,34.8677,34.9940,35.1228,35.2542,35.3881,35.5245,35.6634,35.8048,35.9487,36.0951,36.2440,36.3953,36.5491,36.7053,36.8640,37.0251,37.1887,37.3547,37.5231,37.6939,37.8671,38.0427,38.2207,38.4011,38.5839,38.7690,38.9566,39.1464,39.3387,39.5333,39.7302,39.9295,40.1311,40.3350,40.5413,40.7499,40.9608,41.1740,41.3895,41.6073,41.8274,42.0498,42.2745,42.5015,42.7307,42.9622,43.1959,43.4320,43.6702,43.9108,44.1535,44.3986,44.6458,44.8953,45.1470,45.4010,45.6571,45.9155,46.0200\right]
v_{kin}=\left[69.9999,69.9999,69.9999,69.9999,69.9999,69.9999,69.9999,69.9999,69.9999,69.9999,69.9999,69.9999,69.9999,69.9999,69.9999,69.9999,69.9999,69.9999,69.9999,69.9999,69.9999,69.9999,69.9999,69.9999,69.9999,69.9999,69.9999,69.9999,69.9999,69.9999,69.9999,69.9999,69.9999,69.9999,69.9999,69.9999,69.9999,69.9999,69.9999,69.9999,69.9999,69.9999,69.9999,69.9999,69.9999,69.9999,69.9999,69.9999,69.9999,69.9999,69.9999,69.9999,69.9999,69.9999,69.9999,69.9999,69.9999,69.9999,69.9999,69.9999,69.9999,69.9999,69.9999,69.9999,69.9999,69.9999,69.9999,69.9999,69.9999,69.9999,69.9999,69.9999,69.9999,69.9999,69.9999,69.9999,69.9999,69.9999,69.9999,69.9999,69.9999,69.9999,69.9999,69.9999,69.9999,69.9999,69.9999,69.9999,69.9999,69.9999,69.9999,69.9999,69.9999,69.9999,69.9999,69.9999,69.9999,69.9999,69.9999,69.9999,69.9999,69.9999,69.9999,69.9999,69.9999,69.9999,69.9999,69.9999,69.9999,69.9999,69.9999,69.9999,69.9999,69.9999,69.9999,69.9999,69.9999,69.9999,69.9999,69.9999,69.9999,69.9999,69.9999,69.9999,69.9999,69.9999,69.9999,69.9999,69.9999,69.9999,69.9999,69.9999,69.9999,69.9999,69.9999,69.9999,69.9999,69.9999,69.9999,69.9999,69.9999,69.9999,69.9999,69.9999,69.9999,69.9999,69.9999,69.9999,69.9999,69.9999,69.9999,69.9999,69.9999,69.9999,69.9999,69.9999,69.9999,69.9999,69.9999,69.9999,69.9999,69.9999,69.9999,69.9999,69.9999,69.9999,69.9999,69.9999,69.9999,69.9999,69.9999,69.9999,69.9999,69.9999,69.9999,69.9999,69.9999,69.9999,69.9999,69.9999,69.9999,69.9999,69.9999,69.9999,69.9999,69.9999,69.9999,69.9999,69.9999,69.9999,69.9999,69.9999,69.9999,69.9999,69.9999,69.9999,69.9999,69.9999,69.9999,69.9999,69.9999,69.9999,69.9999,69.9999,69.9999,69.9999,69.9999,69.9999,69.9999,69.9999,69.9999,69.9999,69.9999,69.9999,69.9999,69.9999,69.9999,69.9999,69.9999,69.9999,69.9999,69.9999,69.9999,69.9999,69.9999,69.9999,69.9999,69.9999,69.9999,69.9999,69.9999,69.9999,69.9999,69.9999,69.9999,69.9999,60.9594,60.9149,60.8704,60.8259,60.7813,60.7366,60.6920,60.6473,60.6026,60.5578,60.5131,60.4684,60.4237,60.3790,60.3343,60.2896,60.2450,60.2004,60.1559,60.1114,60.0670,60.0227,59.9784,59.9343,59.8903,59.8463,59.8025,59.7588,59.7153,59.6719,59.6287,59.5856,59.5427,59.5000,59.4575,59.4152,59.3731,59.3313,59.2897,59.2483,59.2072,59.1664,59.1259,59.0856,59.0457,59.0061,58.9668,58.9279,58.8893,58.8512,58.8133,58.7759,58.7389,58.7023,58.6661,58.6304,58.5952,58.5604,58.5261,58.4922,58.4589,58.4262,58.3939,58.3622,58.3311,58.3005,58.2706,58.2412,58.2124,58.1843,58.1568,58.1300,58.1038,58.0783,58.0535,58.0295,58.0061,57.9834,57.9615,57.9404,57.9200,57.9005,57.8817,57.8637,57.8465,57.8301,57.8146,57.8000,57.7862,57.7733,57.7612,57.7501,57.7398,57.7305,57.7221,57.7146,57.7081,57.7026,57.6980,57.6943,57.6917,57.6900,57.6893,57.6897,57.6910,57.6934,57.6967,57.7012,57.7066,57.7131,57.7206,57.7292,57.7388,57.7496,57.7613,57.7742,57.7881,57.8031,57.8191,57.8362,57.8545,57.8738,57.8942,57.9156,57.9382,57.9618,57.9866,58.0124,58.0393,58.0673,58.0963,58.1265,58.1577,58.1900,58.2233,58.2578,58.2933,58.3298,58.3675,58.4061,58.4459,58.4866,58.5284,58.5713,58.6151,58.6600,58.7059,58.7528,58.8007,58.8497,58.8996,58.9504,59.0023,59.0551,59.1089,59.1636,59.2192,59.2758,59.3334,59.3918,59.4511,59.5114,59.5725,59.6345,59.6974,59.7611,59.8257,59.8911,59.9574,60.0244,60.0923,60.1610,60.2305,60.3008,60.3718,60.4436,60.5162,60.5895,60.6636,60.7383,60.8138,60.8900,60.9669,61.0444,61.1227,61.2016,61.2812,61.3614,61.4423,61.5237,61.6059,61.6886,61.7719,61.8558,61.9404,62.0254,62.1111,62.1973,62.2841,62.3714,62.4593,62.5477,62.6366,62.7261,62.8160,62.9065,62.9974,63.0888,63.1807,63.2731,63.3660,63.4593,63.5531,63.6473,63.7420,63.8371,63.9327,64.0287,64.1251,64.2219,64.3192,64.4169,64.5150,64.6134,64.7123,64.8116,64.9113,65.0114,65.1118,65.2127,65.3139,65.4155,65.5175,65.6199,65.7226,65.8257,65.9292,66.0330,66.1373,66.2418,66.3468,66.4521,66.5578,66.6638,66.7702,66.8770,66.9841,67.0916,67.1994,67.3076,67.4162,67.5251,67.6344,67.7440,67.8540,67.9644,68.0751,68.1863,68.2977,68.4096,68.5218,68.6344,68.7473,68.8606,68.9743,69.0884,69.2029,69.3177,69.4329,69.5485,69.6645,69.7809,69.8977,69.9852,69.8681,69.7515,69.6352,69.5193,69.4038,69.2887,69.1739,69.0596,68.9456,68.8320,68.7187,68.6059,68.4934,68.3813,68.2695,68.1582,68.0471,67.9365,67.8262,67.7163,67.6067,67.4975,67.3887,67.2802,67.1721,67.0644,66.9570,66.8500,66.7433,66.6370,66.5310,66.4255,66.3202,66.2154,66.1109,66.0068,65.9030,65.7996,65.6966,65.5940,65.4917,65.3898,65.2883,65.1871,65.0864,64.9860,64.8860,64.7864,64.6872,64.5884,64.4901,64.3921,64.2945,64.1973,64.1006,64.0043,63.9084,63.8129,63.7179,63.6233,63.5292,63.4355,63.3423,63.2496,63.1573,63.0655,62.9742,62.8833,62.7930,62.7032,62.6138,62.5250,62.4368,62.3490,62.2618,62.1751,62.0890,62.0035,61.9185,61.8342,61.7504,61.6672,61.5846,61.5026,61.4212,61.3405,61.2604,61.1810,61.1023,61.0241,60.9467,60.8700,60.7940,60.7186,60.6440,60.5702,60.4970,60.4246,60.3530,60.2821,60.2120,60.1427,60.0742,60.0065,59.9396,59.8735,59.8082,59.7438,59.6803,59.6176,59.5558,59.4949,59.4349,59.3757,59.3175,59.2602,59.2038,59.1484,59.0939,59.0403,58.9877,58.9361,58.8855,58.8358,58.7871,58.7395,58.6928,58.6471,58.6025,58.5589,58.5163,58.4747,58.4342,58.3948,58.3564,58.3190,58.2827,58.2475,58.2133,58.1802,58.1482,58.1173,58.0874,58.0587,58.0310,58.0044,57.9789,57.9544,57.9311,57.9088,57.8877,57.8676,57.8486,57.8307,57.8139,57.7981,57.7835,57.7699,57.7574,57.7460,57.7356,57.7263,57.7180,57.7108,57.7047,57.6996,57.6955,57.6924,57.6904,57.6894,57.6895,57.6905,57.6925,57.6955,57.6995,57.7044,57.7103,57.7172,57.7250,57.7338,57.7435,57.7540,57.7655,57.7779,57.7912,57.8054,57.8204,57.8362,57.8529,57.8704,57.8888,57.9079,57.9279,57.9486,57.9701,57.9923,58.0153,58.0390,58.0634,58.0886,58.1144,58.1409,58.1681,58.1959,58.2244,58.2534,58.2831,58.3134,58.3443,58.3758,58.4078,58.4403,58.4734,58.5070,58.5412,58.5758,58.6109,58.6464,58.6824,58.7189,58.7558,58.7931,58.8308,58.8689,58.9073,58.9462,58.9854,59.0249,59.0648,59.1049,59.1454,59.1862,59.2273,59.2686,59.3102,59.3520,59.3941,59.4364,59.4789,59.5217,59.5646,59.6077,59.6510,59.6944,59.7380,59.7817,59.8256,59.8696,59.9137,59.9579,60.0023,60.0467,60.0912,60.1357,60.1803,60.2250,60.2698,60.3145,60.3593,60.4042,60.4490,60.4939,60.5387,60.5836,60.6284,60.6732,60.7180,60.7628,60.8076,60.8522,60.8969,60.9415,60.9594\right]
v_{turn}=\left[3937008.0000,3937008.0000,3937008.0000,3937008.0000,3937008.0000,3937008.0000,3937008.0000,3937008.0000,3937008.0000,3937008.0000,3937008.0000,3937008.0000,3937008.0000,3937008.0000,3937008.0000,3937008.0000,3937008.0000,3937008.0000,3937008.0000,3937008.0000,3937008.0000,3937008.0000,3937008.0000,3937008.0000,3937008.0000,3937008.0000,3937008.0000,3937008.0000,3937008.0000,3937008.0000,3937008.0000,3937008.0000,3937008.0000,3937008.0000,3937008.0000,3937008.0000,3937008.0000,3937008.0000,3937008.0000,3937008.0000,3937008.0000,3937008.0000,3937008.0000,3937008.0000,3937008.0000,3937008.0000,3937008.0000,3937008.0000,3937008.0000,3937008.0000,3937008.0000,3937008.0000,3937008.0000,3937008.0000,3937008.0000,3937008.0000,3937008.0000,3937008.0000,3937008.0000,3937008.0000,3937008.0000,3937008.0000,3937008.0000,3937008.0000,3937008.0000,3937008.0000,3937008.0000,3937008.0000,3937008.0000,3937008.0000,3937008.0000,3937008.0000,3937008.0000,3937008.0000,3937008.0000,3937008.0000,3937008.0000,3937008.0000,3937008.0000,3937008.0000,3937008.0000,3937008.0000,3937008.0000,3937008.0000,3937008.0000,3937008.0000,3937008.0000,3937008.0000,3937008.0000,3937008.0000,3937008.0000,3937008.0000,3937008.0000,3937008.0000,3937008.0000,3937008.0000,3937008.0000,3937008.0000,3937008.0000,3937008.0000,3937008.0000,3937008.0000,3937008.0000,3937008.0000,3937008.0000,3937008.0000,3937008.0000,3937008.0000,3937008.0000,3937008.0000,3937008.0000,3937008.0000,3937008.0000,3937008.0000,3937008.0000,3937008.0000,3937008.0000,3937008.0000,3937008.0000,3937008.0000,3937008.0000,3937008.0000,3937008.0000,3937008.0000,3937008.0000,3937008.0000,3937008.0000,3937008.0000,3937008.0000,3937008.0000,3937008.0000,3937008.0000,3937008.0000,3937008.0000,3937008.0000,3937008.0000,3937008.0000,3937008.0000,3937008.0000,3937008.0000,3937008.0000,3937008.0000,3937008.0000,3937008.0000,3937008.0000,3937008.0000,3937008.0000,3937008.0000,3937008.0000,3937008.0000,3937008.0000,3937008.0000,3937008.0000,3937008.0000,3937008.0000,3937008.0000,3937008.0000,3937008.0000,3937008.0000,3937008.0000,3937008.0000,3937008.0000,3937008.0000,3937008.0000,3937008.0000,3937008.0000,3937008.0000,3937008.0000,3937008.0000,3937008.0000,3937008.0000,3937008.0000,3937008.0000,3937008.0000,3937008.0000,3937008.0000,3937008.0000,3937008.0000,3937008.0000,3937008.0000,3937008.0000,3937008.0000,3937008.0000,3937008.0000,3937008.0000,3937008.0000,3937008.0000,3937008.0000,3937008.0000,3937008.0000,3937008.0000,3937008.0000,3937008.0000,3937008.0000,3937008.0000,3937008.0000,3937008.0000,3937008.0000,3937008.0000,3937008.0000,3937008.0000,3937008.0000,3937008.0000,3937008.0000,3937008.0000,3937008.0000,3937008.0000,3937008.0000,3937008.0000,3937008.0000,3937008.0000,3937008.0000,3937008.0000,3937008.0000,3937008.0000,3937008.0000,3937008.0000,3937008.0000,3937008.0000,3937008.0000,3937008.0000,3937008.0000,3937008.0000,3937008.0000,3937008.0000,3937008.0000,3937008.0000,3937008.0000,3937008.0000,3937008.0000,3937008.0000,3937008.0000,3937008.0000,3937008.0000,3937008.0000,3937008.0000,35.3998,35.2010,35.0038,34.8083,34.6145,34.4224,34.2321,34.0434,33.8564,33.6712,33.4877,33.3059,33.1258,32.9475,32.7709,32.5961,32.4229,32.2516,32.0819,31.9141,31.7479,31.5836,31.4210,31.2601,31.1011,30.9438,30.7883,30.6346,30.4826,30.3325,30.1842,30.0376,29.8929,29.7500,29.6088,29.4696,29.3321,29.1964,29.0626,28.9307,28.8005,28.6722,28.5458,28.4212,28.2985,28.1776,28.0587,27.9416,27.8264,27.7130,27.6016,27.4921,27.3845,27.2787,27.1750,27.0731,26.9732,26.8751,26.7791,26.6850,26.5928,26.5026,26.4144,26.3282,26.2439,26.1617,26.0814,26.0032,25.9269,25.8527,25.7805,25.7104,25.6423,25.5762,25.5123,25.4504,25.3905,25.3328,25.2772,25.2237,25.1723,25.1230,25.0759,25.0310,24.9882,24.9475,24.9091,24.8729,24.8389,24.8071,24.7775,24.7502,24.7251,24.7023,24.6819,24.6637,24.6478,24.6343,24.6231,24.6143,24.6078,24.6038,24.6022,24.6030,24.6062,24.6119,24.6201,24.6309,24.6441,24.6599,24.6782,24.6992,24.7227,24.7489,24.7778,24.8093,24.8435,24.8805,24.9202,24.9627,25.0080,25.0562,25.1072,25.1612,25.2181,25.2779,25.3407,25.4066,25.4756,25.5476,25.6228,25.7012,25.7828,25.8676,25.9558,26.0473,26.1422,26.2406,26.3424,26.4478,26.5568,26.6694,26.7857,26.9058,27.0297,27.1575,27.2892,27.4249,27.5647,27.7086,27.8568,28.0092,28.1660,28.3273,28.4930,28.6634,28.8385,29.0184,29.2032,29.3930,29.5878,29.7879,29.9933,30.2041,30.4205,30.6425,30.8703,31.1041,31.3439,31.5900,31.8425,32.1015,32.3671,32.6397,32.9193,33.2061,33.5003,33.8022,34.1119,34.4296,34.7557,35.0902,35.4336,35.7860,36.1476,36.5189,36.9001,37.2916,37.6936,38.1064,38.5305,38.9663,39.4141,39.8744,40.3475,40.8341,41.3345,41.8493,42.3790,42.9242,43.4855,44.0636,44.6591,45.2728,45.9054,46.5576,47.2304,47.9247,48.6415,49.3816,50.1463,50.9367,51.7541,52.5997,53.4749,54.3814,55.3206,56.2943,57.3043,58.3527,59.4416,60.5733,61.7504,62.9754,64.2513,65.5813,66.9688,68.4176,69.9316,71.5153,73.1736,74.9118,76.7356,78.6516,80.6669,82.7891,85.0271,87.3904,89.8898,92.5374,95.3465,98.3325,101.5124,104.9056,108.5342,112.4239,116.6035,121.1065,125.9720,131.2454,136.9802,143.2397,150.0996,157.6503,166.0013,175.2871,185.6738,197.3695,210.6380,225.8194,243.3598,263.8546,288.1193,317.2992,353.0562,397.8954,455.7814,533.3791,642.8184,808.7611,1090.1997,1672.0380,3585.7466,24808.5801,2781.6064,1473.4158,1002.1188,759.2545,611.1454,511.3882,439.6269,385.5281,343.2850,309.3849,281.5787,258.3589,238.6771,221.7819,207.1209,194.2785,182.9358,172.8450,163.8096,155.6723,148.3056,141.6051,135.4844,129.8717,124.7060,119.9362,115.5184,111.4151,107.5938,104.0267,100.6894,97.5602,94.6204,91.8535,89.2446,86.7806,84.4499,82.2421,80.1476,78.1581,76.2659,74.4642,72.7467,71.1077,69.5420,68.0448,66.6120,65.2392,63.9231,62.6603,61.4476,60.2823,59.1616,58.0831,57.0445,56.0438,55.0789,54.1481,53.2497,52.3820,51.5437,50.7332,49.9494,49.1909,48.4567,47.7457,47.0569,46.3893,45.7421,45.1143,44.5052,43.9141,43.3403,42.7830,42.2417,41.7158,41.2046,40.7077,40.2245,39.7546,39.2975,38.8527,38.4198,37.9985,37.5884,37.1890,36.8002,36.4215,36.0526,35.6932,35.3431,35.0019,34.6695,34.3455,34.0297,33.7220,33.4220,33.1296,32.8446,32.5668,32.2959,32.0319,31.7746,31.5237,31.2792,31.0408,30.8086,30.5821,30.3615,30.1465,29.9371,29.7330,29.5342,29.3406,29.1521,28.9685,28.7898,28.6159,28.4467,28.2820,28.1219,27.9662,27.8148,27.6677,27.5249,27.3861,27.2514,27.1207,26.9939,26.8710,26.7519,26.6365,26.5248,26.4168,26.3123,26.2114,26.1139,26.0199,25.9293,25.8420,25.7580,25.6773,25.5998,25.5255,25.4543,25.3862,25.3212,25.2592,25.2001,25.1441,25.0910,25.0408,24.9935,24.9490,24.9073,24.8684,24.8322,24.7988,24.7681,24.7401,24.7147,24.6920,24.6719,24.6543,24.6394,24.6270,24.6171,24.6097,24.6048,24.6024,24.6025,24.6049,24.6098,24.6171,24.6268,24.6388,24.6532,24.6699,24.6890,24.7103,24.7340,24.7599,24.7881,24.8185,24.8512,24.8862,24.9233,24.9626,25.0042,25.0479,25.0938,25.1418,25.1920,25.2444,25.2988,25.3554,25.4141,25.4749,25.5378,25.6027,25.6698,25.7389,25.8100,25.8832,25.9585,26.0357,26.1150,26.1963,26.2797,26.3650,26.4523,26.5416,26.6328,26.7261,26.8213,26.9184,27.0176,27.1186,27.2216,27.3266,27.4334,27.5422,27.6529,27.7655,27.8800,27.9964,28.1147,28.2349,28.3569,28.4809,28.6067,28.7344,28.8639,28.9953,29.1285,29.2636,29.4005,29.5393,29.6799,29.8223,29.9666,30.1126,30.2605,30.4102,30.5617,30.7150,30.8701,31.0270,31.1856,31.3461,31.5083,31.6723,31.8381,32.0056,32.1749,32.3460,32.5189,32.6934,32.8698,33.0478,33.2277,33.4092,33.5925,33.7775,33.9643,34.1527,34.3429,34.5348,34.7285,34.9238,35.1209,35.3196,35.4000\right]
v_{friction}=\left[8719.3838,8719.3838,8719.3838,8719.3838,8719.3838,8719.3838,8719.3838,8719.3838,8719.3838,8719.3838,8719.3838,8719.3838,8719.3838,8719.3838,8719.3838,8719.3838,8719.3838,8719.3838,8719.3838,8719.3838,8719.3838,8719.3838,8719.3838,8719.3838,8719.3838,8719.3838,8719.3838,8719.3838,8719.3838,8719.3838,8719.3838,8719.3838,8719.3838,8719.3838,8719.3838,8719.3838,8719.3838,8719.3838,8719.3838,8719.3838,8719.3838,8719.3838,8719.3838,8719.3838,8719.3838,8719.3838,8719.3838,8719.3838,8719.3838,8719.3838,8719.3838,8719.3838,8719.3838,8719.3838,8719.3838,8719.3838,8719.3838,8719.3838,8719.3838,8719.3838,8719.3838,8719.3838,8719.3838,8719.3838,8719.3838,8719.3838,8719.3838,8719.3838,8719.3838,8719.3838,8719.3838,8719.3838,8719.3838,8719.3838,8719.3838,8719.3838,8719.3838,8719.3838,8719.3838,8719.3838,8719.3838,8719.3838,8719.3838,8719.3838,8719.3838,8719.3838,8719.3838,8719.3838,8719.3838,8719.3838,8719.3838,8719.3838,8719.3838,8719.3838,8719.3838,8719.3838,8719.3838,8719.3838,8719.3838,8719.3838,8719.3838,8719.3838,8719.3838,8719.3838,8719.3838,8719.3838,8719.3838,8719.3838,8719.3838,8719.3838,8719.3838,8719.3838,8719.3838,8719.3838,8719.3838,8719.3838,8719.3838,8719.3838,8719.3838,8719.3838,8719.3838,8719.3838,8719.3838,8719.3838,8719.3838,8719.3838,8719.3838,8719.3838,8719.3838,8719.3838,8719.3838,8719.3838,8719.3838,8719.3838,8719.3838,8719.3838,8719.3838,8719.3838,8719.3838,8719.3838,8719.3838,8719.3838,8719.3838,8719.3838,8719.3838,8719.3838,8719.3838,8719.3838,8719.3838,8719.3838,8719.3838,8719.3838,8719.3838,8719.3838,8719.3838,8719.3838,8719.3838,8719.3838,8719.3838,8719.3838,8719.3838,8719.3838,8719.3838,8719.3838,8719.3838,8719.3838,8719.3838,8719.3838,8719.3838,8719.3838,8719.3838,8719.3838,8719.3838,8719.3838,8719.3838,8719.3838,8719.3838,8719.3838,8719.3838,8719.3838,8719.3838,8719.3838,8719.3838,8719.3838,8719.3838,8719.3838,8719.3838,8719.3838,8719.3838,8719.3838,8719.3838,8719.3838,8719.3838,8719.3838,8719.3838,8719.3838,8719.3838,8719.3838,8719.3838,8719.3838,8719.3838,8719.3838,8719.3838,8719.3838,8719.3838,8719.3838,8719.3838,8719.3838,8719.3838,8719.3838,8719.3838,8719.3838,8719.3838,8719.3838,8719.3838,8719.3838,8719.3838,8719.3838,8719.3838,8719.3838,8719.3838,8719.3838,8719.3838,8719.3838,8719.3838,8719.3838,8719.3838,8719.3838,8719.3838,8719.3838,8719.3838,8719.3838,8719.3838,8719.3838,8719.3838,8719.3838,26.1459,26.0723,25.9992,25.9265,25.8542,25.7824,25.7110,25.6401,25.5696,25.4995,25.4299,25.3608,25.2922,25.2240,25.1563,25.0891,25.0224,24.9562,24.8905,24.8253,24.7606,24.6964,24.6327,24.5696,24.5070,24.4450,24.3835,24.3225,24.2621,24.2023,24.1431,24.0844,24.0263,23.9688,23.9119,23.8556,23.7998,23.7447,23.6903,23.6364,23.5832,23.5306,23.4787,23.4274,23.3768,23.3268,23.2775,23.2289,23.1809,23.1337,23.0871,23.0413,22.9961,22.9517,22.9080,22.8650,22.8228,22.7813,22.7405,22.7005,22.6613,22.6228,22.5852,22.5483,22.5122,22.4769,22.4423,22.4087,22.3758,22.3437,22.3125,22.2821,22.2526,22.2239,22.1961,22.1692,22.1431,22.1179,22.0936,22.0702,22.0477,22.0262,22.0055,21.9858,21.9670,21.9491,21.9322,21.9162,21.9012,21.8872,21.8742,21.8621,21.8510,21.8410,21.8319,21.8239,21.8168,21.8108,21.8059,21.8020,21.7991,21.7973,21.7966,21.7970,21.7984,21.8010,21.8046,21.8093,21.8152,21.8222,21.8303,21.8396,21.8500,21.8615,21.8743,21.8882,21.9033,21.9196,21.9371,21.9558,21.9757,21.9968,22.0192,22.0429,22.0678,22.0939,22.1214,22.1501,22.1802,22.2115,22.2442,22.2781,22.3135,22.3502,22.3882,22.4277,22.4685,22.5107,22.5544,22.5994,22.6459,22.6939,22.7433,22.7943,22.8467,22.9006,22.9561,23.0131,23.0717,23.1318,23.1936,23.2570,23.3220,23.3886,23.4570,23.5270,23.5988,23.6722,23.7475,23.8245,23.9034,23.9841,24.0666,24.1510,24.2374,24.3257,24.4159,24.5082,24.6025,24.6989,24.7974,24.8980,25.0008,25.1059,25.2132,25.3228,25.4347,25.5491,25.6658,25.7851,25.9069,26.0313,26.1583,26.2881,26.4206,26.5559,26.6942,26.8354,26.9796,27.1270,27.2775,27.4314,27.5885,27.7491,27.9133,28.0811,28.2526,28.4280,28.6074,28.7908,28.9784,29.1704,29.3669,29.5680,29.7738,29.9846,30.2005,30.4216,30.6483,30.8806,31.1188,31.3630,31.6137,31.8709,32.1350,32.4062,32.6848,32.9712,33.2657,33.5686,33.8804,34.2014,34.5321,34.8729,35.2244,35.5871,35.9616,36.3485,36.7485,37.1623,37.5907,38.0345,38.4947,38.9723,39.4685,39.9843,40.5211,41.0804,41.6637,42.2728,42.9097,43.5764,44.2754,45.0093,45.7811,46.5942,47.4524,48.3600,49.3219,50.3436,51.4318,52.5938,53.8384,55.1760,56.6185,58.1805,59.8795,61.7366,63.7780,66.0364,68.5531,71.3814,74.5914,78.2775,82.5704,87.6571,93.8169,101.4894,111.4158,124.9720,145.0961,179.6908,263.1434,692.1554,231.7664,168.6807,139.1113,121.0867,108.6363,99.3752,92.1393,86.2841,81.4198,77.2951,73.7399,70.6341,67.8904,65.4434,63.2433,61.2513,59.4363,57.7738,56.2435,54.8287,53.5157,52.2928,51.1502,50.0795,49.0734,48.1258,47.2311,46.3847,45.5823,44.8203,44.0955,43.4049,42.7460,42.1163,41.5139,40.9368,40.3834,39.8520,39.3412,38.8499,38.3767,37.9207,37.4808,37.0562,36.6460,36.2493,35.8657,35.4942,35.1343,34.7855,34.4473,34.1191,33.8004,33.4909,33.1902,32.8978,32.6133,32.3366,32.0672,31.8049,31.5493,31.3003,31.0576,30.8209,30.5900,30.3648,30.1449,29.9303,29.7208,29.5161,29.3162,29.1209,28.9300,28.7434,28.5610,28.3826,28.2082,28.0376,27.8707,27.7074,27.5477,27.3913,27.2383,27.0886,26.9420,26.7985,26.6580,26.5205,26.3858,26.2540,26.1249,25.9985,25.8748,25.7536,25.6349,25.5187,25.4050,25.2936,25.1846,25.0778,24.9733,24.8711,24.7709,24.6730,24.5771,24.4833,24.3915,24.3017,24.2139,24.1280,24.0440,23.9619,23.8817,23.8033,23.7267,23.6519,23.5788,23.5075,23.4379,23.3700,23.3037,23.2391,23.1761,23.1148,23.0550,22.9968,22.9402,22.8851,22.8316,22.7795,22.7290,22.6799,22.6323,22.5862,22.5415,22.4982,22.4563,22.4159,22.3768,22.3391,22.3028,22.2678,22.2342,22.2019,22.1709,22.1412,22.1128,22.0857,22.0599,22.0354,22.0121,21.9901,21.9693,21.9497,21.9314,21.9142,21.8983,21.8836,21.8700,21.8576,21.8464,21.8364,21.8275,21.8197,21.8131,21.8076,21.8032,21.8000,21.7978,21.7967,21.7968,21.7978,21.8000,21.8032,21.8075,21.8129,21.8192,21.8266,21.8350,21.8445,21.8549,21.8664,21.8788,21.8923,21.9067,21.9221,21.9384,21.9557,21.9740,21.9932,22.0133,22.0344,22.0564,22.0793,22.1031,22.1278,22.1534,22.1799,22.2072,22.2354,22.2645,22.2945,22.3253,22.3569,22.3894,22.4227,22.4568,22.4917,22.5275,22.5640,22.6013,22.6395,22.6783,22.7180,22.7584,22.7996,22.8416,22.8842,22.9277,22.9718,23.0167,23.0623,23.1086,23.1556,23.2033,23.2516,23.3007,23.3505,23.4009,23.4520,23.5037,23.5561,23.6091,23.6628,23.7171,23.7721,23.8276,23.8838,23.9405,23.9979,24.0559,24.1144,24.1736,24.2333,24.2936,24.3544,24.4158,24.4778,24.5403,24.6033,24.6669,24.7310,24.7957,24.8608,24.9265,24.9927,25.0594,25.1266,25.1942,25.2624,25.3310,25.4001,25.4697,25.5397,25.6102,25.6812,25.7526,25.8245,25.8968,25.9695,26.0427,26.1162,26.1459\right]
v_{forward}=\left[0.0000,6.0237,8.5188,10.4333,12.0474,13.4694,14.7550,15.9372,17.0376,18.0711,19.0486,19.9783,20.8667,21.7187,22.5386,23.3296,24.0947,24.8363,25.5563,26.2566,26.9387,27.6040,28.2536,28.8886,29.5099,30.1184,30.7149,31.3000,31.8743,32.4385,32.9931,33.5385,34.0751,34.6034,35.1238,35.6343,36.1311,36.6152,37.0870,37.5472,37.9965,38.4352,38.8638,39.2829,39.6928,40.0939,40.4866,40.8712,41.2480,41.6173,41.9794,42.3345,42.6830,43.0249,43.3607,43.6904,44.0142,44.3324,44.6451,44.9525,45.2548,45.5520,45.8445,46.1322,46.4153,46.6940,46.9684,47.2385,47.5046,47.7667,48.0248,48.2792,48.5299,48.7770,49.0206,49.2607,49.4975,49.7311,49.9614,50.1886,50.4128,50.6339,50.8522,51.0676,51.2802,51.4900,51.6972,51.9017,52.1037,52.3032,52.5002,52.6948,52.8870,53.0768,53.2644,53.4498,53.6329,53.8139,53.9928,54.1696,54.3444,54.5172,54.6880,54.8568,55.0238,55.1889,55.3521,55.5136,55.6733,55.8312,55.9874,56.1420,56.2948,56.4461,56.5957,56.7437,56.8902,57.0352,57.1786,57.3206,57.4611,57.6002,57.7378,57.8741,58.0089,58.1424,58.2746,58.4054,58.5350,58.6633,58.7903,58.9160,59.0406,59.1639,59.2860,59.4070,59.5268,59.6454,59.7629,59.8794,59.9947,60.1089,60.2220,60.3341,60.4452,60.5552,60.6642,60.7722,60.8792,60.9853,61.0903,61.1944,61.2976,61.3999,61.5012,61.6016,61.7011,61.7997,61.8975,61.9944,62.0904,62.1856,62.2800,62.3736,62.4663,62.5582,62.6493,62.7397,62.8292,62.9180,63.0060,63.0933,63.1799,63.2657,63.3507,63.4351,63.5188,63.6017,63.6840,63.7655,63.8464,63.9266,64.0062,64.0851,64.1633,64.2409,64.3179,64.3942,64.4699,64.5450,64.6195,64.6934,64.7667,64.8393,64.9114,64.9830,65.0539,65.1243,65.1941,65.2634,65.3321,65.4002,65.4679,65.5350,65.6015,65.6676,65.7331,65.7981,65.8626,65.9266,65.9901,66.0531,66.1156,66.1776,66.2391,66.3002,66.3608,66.4209,66.4806,66.5398,66.5986,66.6569,66.7148,66.7722,66.8292,66.8857,66.9419,66.9976,67.0529,67.1077,67.1622,67.2163,67.2699,67.3231,67.3760,67.4284,26.1459,26.0723,25.9992,25.9265,25.8542,25.7824,25.7110,25.6401,25.5696,25.4995,25.4299,25.3608,25.2922,25.2240,25.1563,25.0891,25.0224,24.9562,24.8905,24.8253,24.7606,24.6964,24.6327,24.5696,24.5070,24.4450,24.3835,24.3225,24.2621,24.2023,24.1431,24.0844,24.0263,23.9688,23.9119,23.8556,23.7998,23.7447,23.6903,23.6364,23.5832,23.5306,23.4787,23.4274,23.3768,23.3268,23.2775,23.2289,23.1809,23.1337,23.0871,23.0413,22.9961,22.9517,22.9080,22.8650,22.8228,22.7813,22.7405,22.7005,22.6613,22.6228,22.5852,22.5483,22.5122,22.4769,22.4423,22.4087,22.3758,22.3437,22.3125,22.2821,22.2526,22.2239,22.1961,22.1692,22.1431,22.1179,22.0936,22.0702,22.0477,22.0262,22.0055,21.9858,21.9670,21.9491,21.9322,21.9162,21.9012,21.8872,21.8742,21.8621,21.8510,21.8410,21.8319,21.8239,21.8168,21.8108,21.8059,21.8020,21.7991,21.7973,21.7966,21.7970,21.7984,21.8010,21.8046,21.8093,21.8152,21.8222,21.8303,21.8396,21.8500,21.8615,21.8743,21.8882,21.9033,21.9196,21.9371,21.9558,21.9757,21.9968,22.0192,22.0429,22.0678,22.0939,22.1214,22.1501,22.1802,22.2115,22.2442,22.2781,22.3135,22.3502,22.3882,22.4277,22.4685,22.5107,22.5544,22.5994,22.6459,22.6939,22.7433,22.7943,22.8467,22.9006,22.9561,23.0131,23.0717,23.1318,23.1936,23.2570,23.3220,23.3886,23.4570,23.5270,23.5988,23.6722,23.7475,23.8245,23.9034,23.9841,24.0666,24.1510,24.2374,24.3257,24.4159,24.5082,24.6025,24.6989,24.7974,24.8980,25.0008,25.1059,25.2132,25.3228,25.4347,25.5491,25.6658,25.7851,25.9069,26.0313,26.1583,26.2881,26.4206,26.5559,26.6942,26.8354,26.9796,27.1270,27.2775,27.4314,27.5885,27.7491,27.9133,28.0811,28.2526,28.4280,28.6074,28.7908,28.9784,29.1704,29.3661,29.5632,29.7616,29.9614,30.1628,30.3657,30.5701,30.7763,30.9842,31.1939,31.4054,31.6189,31.8345,32.0521,32.2719,32.4940,32.7184,32.9453,33.1748,33.4069,33.6418,33.8796,34.1204,34.3643,34.6115,34.8621,35.1163,35.3743,35.6361,35.9020,36.1723,36.4470,36.7265,37.0109,37.3006,37.5957,37.8967,38.2038,38.5174,38.8379,39.1657,39.5012,39.8449,40.1975,40.5594,40.9315,41.3070,41.6752,42.0362,42.3902,42.7376,43.0786,43.4134,43.7421,44.0651,44.3824,44.6942,45.0008,45.3023,45.5988,45.8904,46.1774,46.4598,46.7378,47.0115,47.2810,47.5464,47.8079,48.0654,48.3192,48.5694,48.8159,49.0589,49.2985,49.5348,49.7678,49.9977,50.2244,50.4480,50.6687,50.8865,51.1015,51.3136,51.5231,51.7298,51.9340,52.1355,52.3346,52.5312,52.7254,52.9172,53.1068,53.2940,52.2928,51.1502,50.0795,49.0734,48.1258,47.2311,46.3847,45.5823,44.8203,44.0955,43.4049,42.7460,42.1163,41.5139,40.9368,40.3834,39.8520,39.3412,38.8499,38.3767,37.9207,37.4808,37.0562,36.6460,36.2493,35.8657,35.4942,35.1343,34.7855,34.4473,34.1191,33.8004,33.4909,33.1902,32.8978,32.6133,32.3366,32.0672,31.8049,31.5493,31.3003,31.0576,30.8209,30.5900,30.3648,30.1449,29.9303,29.7208,29.5161,29.3162,29.1209,28.9300,28.7434,28.5610,28.3826,28.2082,28.0376,27.8707,27.7074,27.5477,27.3913,27.2383,27.0886,26.9420,26.7985,26.6580,26.5205,26.3858,26.2540,26.1249,25.9985,25.8748,25.7536,25.6349,25.5187,25.4050,25.2936,25.1846,25.0778,24.9733,24.8711,24.7709,24.6730,24.5771,24.4833,24.3915,24.3017,24.2139,24.1280,24.0440,23.9619,23.8817,23.8033,23.7267,23.6519,23.5788,23.5075,23.4379,23.3700,23.3037,23.2391,23.1761,23.1148,23.0550,22.9968,22.9402,22.8851,22.8316,22.7795,22.7290,22.6799,22.6323,22.5862,22.5415,22.4982,22.4563,22.4159,22.3768,22.3391,22.3028,22.2678,22.2342,22.2019,22.1709,22.1412,22.1128,22.0857,22.0599,22.0354,22.0121,21.9901,21.9693,21.9497,21.9314,21.9142,21.8983,21.8836,21.8700,21.8576,21.8464,21.8364,21.8275,21.8197,21.8131,21.8076,21.8032,21.8000,21.7978,21.7967,21.7968,21.7978,21.8000,21.8032,21.8075,21.8129,21.8192,21.8266,21.8350,21.8445,21.8549,21.8664,21.8788,21.8923,21.9067,21.9221,21.9384,21.9557,21.9740,21.9932,22.0133,22.0344,22.0564,22.0793,22.1031,22.1278,22.1534,22.1799,22.2072,22.2354,22.2645,22.2945,22.3253,22.3569,22.3894,22.4227,22.4568,22.4917,22.5275,22.5640,22.6013,22.6395,22.6783,22.7180,22.7584,22.7996,22.8416,22.8842,22.9277,22.9718,23.0167,23.0623,23.1086,23.1556,23.2033,23.2516,23.3007,23.3505,23.4009,23.4520,23.5037,23.5561,23.6091,23.6628,23.7171,23.7721,23.8276,23.8838,23.9405,23.9979,24.0559,24.1144,24.1736,24.2333,24.2936,24.3544,24.4158,24.4778,24.5403,24.6033,24.6669,24.7310,24.7957,24.8608,24.9265,24.9927,25.0594,25.1266,25.1942,25.2624,25.3310,25.4001,25.4697,25.5397,25.6102,25.6812,25.7526,25.8245,25.8968,25.9695,26.0427,26.1162,0.0000\right]
v_{backward}=\left[0.0000,6.0237,8.5188,10.4333,12.0474,13.4694,14.7550,15.9372,17.0376,18.0711,19.0486,19.9783,20.8667,21.7187,22.5386,23.3296,24.0947,24.8363,25.5563,26.2566,26.9387,27.6040,28.2536,28.8886,29.5099,30.1184,30.7149,31.3000,31.8743,32.4385,32.9931,33.5385,34.0751,34.6034,35.1238,35.6343,36.1311,36.6152,37.0870,37.5472,37.9965,38.4352,38.8638,39.2829,39.6928,40.0939,40.4866,40.8712,41.2480,41.6173,41.9794,42.3345,42.6830,43.0249,43.3607,43.6904,44.0142,44.3324,44.6451,44.9525,45.2548,45.5520,45.8445,46.1322,46.4153,46.6940,46.9684,47.2385,47.5046,47.7667,48.0248,48.2792,48.5299,48.7770,49.0206,49.2607,49.4975,49.7311,49.9614,50.1886,50.4128,50.6339,50.8522,51.0676,51.2802,51.4900,51.6972,51.9017,52.1037,52.3032,52.5002,52.6948,52.8870,53.0768,53.2644,53.4498,53.6329,53.8139,53.9928,54.1696,54.3444,54.5172,54.6880,54.8568,55.0238,55.1889,55.3521,55.5136,55.6733,55.8312,55.9874,56.1420,56.2948,56.4461,56.5957,56.7437,56.8902,57.0352,57.1786,57.3206,57.4611,57.6002,57.7378,57.8741,58.0089,58.1424,58.0149,57.8801,57.7439,57.6063,57.4673,57.3269,57.1850,57.0416,56.8967,56.7503,56.6023,56.4528,56.3016,56.1488,55.9944,55.8382,55.6803,55.5207,55.3594,55.1962,55.0312,54.8643,54.6955,54.5248,54.3521,54.1775,54.0008,53.8220,53.6411,53.4580,53.2727,53.0852,52.8955,52.7034,52.5089,52.3120,52.1127,51.9108,51.7064,51.4993,51.2896,51.0771,50.8618,50.6437,50.4227,50.1986,49.9716,49.7414,49.5080,49.2713,49.0313,48.7879,48.5410,48.2904,48.0362,47.7782,47.5163,47.2504,46.9805,46.7063,46.4278,46.1449,45.8573,45.5651,45.2681,44.9661,44.6589,44.3464,44.0285,43.7049,43.3755,43.0400,42.6983,42.3501,41.9953,41.6366,41.2748,40.9097,40.5414,40.1697,39.7945,39.4158,39.0334,38.6472,38.2571,37.8630,37.4647,37.0622,36.6552,36.2437,35.8274,35.4063,34.9801,34.5486,34.1117,33.6691,33.2206,32.7659,32.3049,31.8372,31.3625,30.8805,30.3909,29.8933,29.3872,28.8722,28.3480,27.8138,27.2692,26.7134,26.1459,26.0723,25.9992,25.9265,25.8542,25.7824,25.7110,25.6401,25.5696,25.4995,25.4299,25.3608,25.2922,25.2240,25.1563,25.0891,25.0224,24.9562,24.8905,24.8253,24.7606,24.6964,24.6327,24.5696,24.5070,24.4450,24.3835,24.3225,24.2621,24.2023,24.1431,24.0844,24.0263,23.9688,23.9119,23.8556,23.7998,23.7447,23.6903,23.6364,23.5832,23.5306,23.4787,23.4274,23.3768,23.3268,23.2775,23.2289,23.1809,23.1337,23.0871,23.0413,22.9961,22.9517,22.9080,22.8650,22.8228,22.7813,22.7405,22.7005,22.6613,22.6228,22.5852,22.5483,22.5122,22.4769,22.4423,22.4087,22.3758,22.3437,22.3125,22.2821,22.2526,22.2239,22.1961,22.1692,22.1431,22.1179,22.0936,22.0702,22.0477,22.0262,22.0055,21.9858,21.9670,21.9491,21.9322,21.9162,21.9012,21.8872,21.8742,21.8621,21.8510,21.8410,21.8319,21.8239,21.8168,21.8108,21.8059,21.8020,21.7991,21.7973,21.7966,21.7970,21.7984,21.8010,21.8046,21.8093,21.8152,21.8222,21.8303,21.8396,21.8500,21.8615,21.8743,21.8882,21.9033,21.9196,21.9371,21.9558,21.9757,21.9968,22.0192,22.0429,22.0678,22.0939,22.1214,22.1501,22.1802,22.2115,22.2442,22.2781,22.3135,22.3502,22.3882,22.4277,22.4685,22.5107,22.5544,22.5994,22.6459,22.6939,22.7433,22.7943,22.8467,22.9006,22.9561,23.0131,23.0717,23.1318,23.1936,23.2570,23.3220,23.3886,23.4570,23.5270,23.5988,23.6722,23.7475,23.8245,23.9034,23.9841,24.0666,24.1510,24.2374,24.3257,24.4159,24.5082,24.6025,24.6989,24.7974,24.8980,25.0008,25.1059,25.2132,25.3228,25.4347,25.5491,25.6658,25.7851,25.9069,26.0313,26.1583,26.2881,26.4206,26.5559,26.6942,26.8354,26.9796,27.1270,27.2775,27.4314,27.5885,27.7491,27.9133,28.0811,28.2526,28.4280,28.6074,28.7908,28.9784,29.1704,29.3661,29.5632,29.7616,29.9614,30.1628,30.3657,30.5701,30.7763,30.9842,31.1939,31.4054,31.6189,31.8345,32.0521,32.2719,32.4940,32.7184,32.9453,33.1748,33.4069,33.6418,33.8796,34.1204,34.3643,34.6115,34.8621,35.1163,35.3743,35.6361,35.9020,36.1723,36.4470,36.7265,37.0109,37.3006,37.5957,37.8967,38.2038,38.5174,38.8379,39.1657,39.5012,39.8449,40.1975,40.5594,40.9315,41.3070,41.6752,42.0362,42.3902,42.7376,43.0786,43.4134,43.7421,44.0651,44.3824,44.6942,45.0008,45.3023,45.5988,45.8904,46.1774,46.4598,46.7378,47.0115,47.2810,47.5464,47.8079,48.0654,48.3192,48.5694,48.8159,48.5758,48.3258,48.0721,47.8146,47.5533,47.2880,47.0186,46.7450,46.4671,46.1848,45.8980,45.6064,45.3101,45.0088,44.7023,44.3906,44.0734,43.7506,43.4220,43.0874,42.7493,42.4091,42.0667,41.7220,41.3750,41.0256,40.6738,40.3195,39.9626,39.6111,39.2682,38.9334,38.6063,38.2864,37.9732,37.6664,37.3657,37.0708,36.7812,36.4968,36.2174,35.9426,35.6722,35.4061,35.1441,34.8859,34.6314,34.3804,34.1329,33.8885,33.6473,33.4090,33.1736,32.9410,32.7110,32.4835,32.2584,32.0357,31.8152,31.5968,31.3806,31.1663,30.9540,30.7435,30.5348,30.3278,30.1224,29.9186,29.7164,29.5156,29.3162,29.1209,28.9300,28.7434,28.5610,28.3826,28.2082,28.0376,27.8707,27.7074,27.5477,27.3913,27.2383,27.0886,26.9420,26.7985,26.6580,26.5205,26.3858,26.2540,26.1249,25.9985,25.8748,25.7536,25.6349,25.5187,25.4050,25.2936,25.1846,25.0778,24.9733,24.8711,24.7709,24.6730,24.5771,24.4833,24.3915,24.3017,24.2139,24.1280,24.0440,23.9619,23.8817,23.8033,23.7267,23.6519,23.5788,23.5075,23.4379,23.3700,23.3037,23.2391,23.1761,23.1148,23.0550,22.9968,22.9402,22.8851,22.8316,22.7795,22.7290,22.6799,22.6323,22.5862,22.5415,22.4982,22.4563,22.4159,22.3768,22.3391,22.3028,22.2678,22.2342,22.2019,22.1709,22.1412,22.1128,22.0857,22.0599,22.0354,22.0121,21.9901,21.9693,21.9497,21.9314,21.9142,21.8983,21.8836,21.8700,21.8576,21.8464,21.8364,21.8275,21.8197,21.8131,21.8076,21.8032,21.8000,21.7978,21.7967,21.7968,21.7978,21.8000,21.8032,21.8075,21.8129,21.8192,21.8266,21.8350,21.8445,21.8549,21.8664,21.8788,21.8923,21.9067,21.9221,21.9384,21.9557,21.9740,21.9932,22.0133,22.0344,22.0564,22.0793,22.1031,22.1278,22.1534,22.1799,22.2072,22.2354,22.2645,22.2945,22.3253,22.3569,22.3894,22.4227,22.4568,22.4917,22.4191,22.2662,22.1117,21.9557,21.7979,21.6385,21.4774,21.3144,21.1496,20.9828,20.8142,20.6434,20.4706,20.2957,20.1185,19.9390,19.7571,19.5728,19.3860,19.1965,19.0043,18.8094,18.6115,18.4106,18.2066,17.9993,17.7886,17.5745,17.3567,17.1350,16.9094,16.6797,16.4456,16.2070,15.9636,15.7153,15.4617,15.2025,14.9376,14.6665,14.3888,14.1043,13.8123,13.5125,13.2043,12.8870,12.5600,12.2224,11.8734,11.5119,11.1366,10.7460,10.3385,9.9119,9.4636,8.9903,8.4878,7.9506,7.3710,6.7382,6.0352,5.2340,4.2795,3.0304,0.0000\right]
v_{final}=\left[0.0000,6.0237,8.5188,10.4333,12.0474,13.4694,14.7550,15.9372,17.0376,18.0711,19.0486,19.9783,20.8667,21.7187,22.5386,23.3296,24.0947,24.8363,25.5563,26.2566,26.9387,27.6040,28.2536,28.8886,29.5099,30.1184,30.7149,31.3000,31.8743,32.4385,32.9931,33.5385,34.0751,34.6034,35.1238,35.6343,36.1311,36.6152,37.0870,37.5472,37.9965,38.4352,38.8638,39.2829,39.6928,40.0939,40.4866,40.8712,41.2480,41.6173,41.9794,42.3345,42.6830,43.0249,43.3607,43.6904,44.0142,44.3324,44.6451,44.9525,45.2548,45.5520,45.8445,46.1322,46.4153,46.6940,46.9684,47.2385,47.5046,47.7667,48.0248,48.2792,48.5299,48.7770,49.0206,49.2607,49.4975,49.7311,49.9614,50.1886,50.4128,50.6339,50.8522,51.0676,51.2802,51.4900,51.6972,51.9017,52.1037,52.3032,52.5002,52.6948,52.8870,53.0768,53.2644,53.4498,53.6329,53.8139,53.9928,54.1696,54.3444,54.5172,54.6880,54.8568,55.0238,55.1889,55.3521,55.5136,55.6733,55.8312,55.9874,56.1420,56.2948,56.4461,56.5957,56.7437,56.8902,57.0352,57.1786,57.3206,57.4611,57.6002,57.7378,57.8741,58.0089,58.1424,58.0149,57.8801,57.7439,57.6063,57.4673,57.3269,57.1850,57.0416,56.8967,56.7503,56.6023,56.4528,56.3016,56.1488,55.9944,55.8382,55.6803,55.5207,55.3594,55.1962,55.0312,54.8643,54.6955,54.5248,54.3521,54.1775,54.0008,53.8220,53.6411,53.4580,53.2727,53.0852,52.8955,52.7034,52.5089,52.3120,52.1127,51.9108,51.7064,51.4993,51.2896,51.0771,50.8618,50.6437,50.4227,50.1986,49.9716,49.7414,49.5080,49.2713,49.0313,48.7879,48.5410,48.2904,48.0362,47.7782,47.5163,47.2504,46.9805,46.7063,46.4278,46.1449,45.8573,45.5651,45.2681,44.9661,44.6589,44.3464,44.0285,43.7049,43.3755,43.0400,42.6983,42.3501,41.9953,41.6366,41.2748,40.9097,40.5414,40.1697,39.7945,39.4158,39.0334,38.6472,38.2571,37.8630,37.4647,37.0622,36.6552,36.2437,35.8274,35.4063,34.9801,34.5486,34.1117,33.6691,33.2206,32.7659,32.3049,31.8372,31.3625,30.8805,30.3909,29.8933,29.3872,28.8722,28.3480,27.8138,27.2692,26.7134,26.1459,26.0723,25.9992,25.9265,25.8542,25.7824,25.7110,25.6401,25.5696,25.4995,25.4299,25.3608,25.2922,25.2240,25.1563,25.0891,25.0224,24.9562,24.8905,24.8253,24.7606,24.6964,24.6327,24.5696,24.5070,24.4450,24.3835,24.3225,24.2621,24.2023,24.1431,24.0844,24.0263,23.9688,23.9119,23.8556,23.7998,23.7447,23.6903,23.6364,23.5832,23.5306,23.4787,23.4274,23.3768,23.3268,23.2775,23.2289,23.1809,23.1337,23.0871,23.0413,22.9961,22.9517,22.9080,22.8650,22.8228,22.7813,22.7405,22.7005,22.6613,22.6228,22.5852,22.5483,22.5122,22.4769,22.4423,22.4087,22.3758,22.3437,22.3125,22.2821,22.2526,22.2239,22.1961,22.1692,22.1431,22.1179,22.0936,22.0702,22.0477,22.0262,22.0055,21.9858,21.9670,21.9491,21.9322,21.9162,21.9012,21.8872,21.8742,21.8621,21.8510,21.8410,21.8319,21.8239,21.8168,21.8108,21.8059,21.8020,21.7991,21.7973,21.7966,21.7970,21.7984,21.8010,21.8046,21.8093,21.8152,21.8222,21.8303,21.8396,21.8500,21.8615,21.8743,21.8882,21.9033,21.9196,21.9371,21.9558,21.9757,21.9968,22.0192,22.0429,22.0678,22.0939,22.1214,22.1501,22.1802,22.2115,22.2442,22.2781,22.3135,22.3502,22.3882,22.4277,22.4685,22.5107,22.5544,22.5994,22.6459,22.6939,22.7433,22.7943,22.8467,22.9006,22.9561,23.0131,23.0717,23.1318,23.1936,23.2570,23.3220,23.3886,23.4570,23.5270,23.5988,23.6722,23.7475,23.8245,23.9034,23.9841,24.0666,24.1510,24.2374,24.3257,24.4159,24.5082,24.6025,24.6989,24.7974,24.8980,25.0008,25.1059,25.2132,25.3228,25.4347,25.5491,25.6658,25.7851,25.9069,26.0313,26.1583,26.2881,26.4206,26.5559,26.6942,26.8354,26.9796,27.1270,27.2775,27.4314,27.5885,27.7491,27.9133,28.0811,28.2526,28.4280,28.6074,28.7908,28.9784,29.1704,29.3661,29.5632,29.7616,29.9614,30.1628,30.3657,30.5701,30.7763,30.9842,31.1939,31.4054,31.6189,31.8345,32.0521,32.2719,32.4940,32.7184,32.9453,33.1748,33.4069,33.6418,33.8796,34.1204,34.3643,34.6115,34.8621,35.1163,35.3743,35.6361,35.9020,36.1723,36.4470,36.7265,37.0109,37.3006,37.5957,37.8967,38.2038,38.5174,38.8379,39.1657,39.5012,39.8449,40.1975,40.5594,40.9315,41.3070,41.6752,42.0362,42.3902,42.7376,43.0786,43.4134,43.7421,44.0651,44.3824,44.6942,45.0008,45.3023,45.5988,45.8904,46.1774,46.4598,46.7378,47.0115,47.2810,47.5464,47.8079,48.0654,48.3192,48.5694,48.8159,48.5758,48.3258,48.0721,47.8146,47.5533,47.2880,47.0186,46.7450,46.4671,46.1848,45.8980,45.6064,45.3101,45.0088,44.7023,44.3906,44.0734,43.7506,43.4220,43.0874,42.7493,42.4091,42.0667,41.7220,41.3750,41.0256,40.6738,40.3195,39.9626,39.6111,39.2682,38.9334,38.6063,38.2864,37.9732,37.6664,37.3657,37.0708,36.7812,36.4968,36.2174,35.9426,35.6722,35.4061,35.1441,34.8859,34.6314,34.3804,34.1329,33.8885,33.6473,33.4090,33.1736,32.9410,32.7110,32.4835,32.2584,32.0357,31.8152,31.5968,31.3806,31.1663,30.9540,30.7435,30.5348,30.3278,30.1224,29.9186,29.7164,29.5156,29.3162,29.1209,28.9300,28.7434,28.5610,28.3826,28.2082,28.0376,27.8707,27.7074,27.5477,27.3913,27.2383,27.0886,26.9420,26.7985,26.6580,26.5205,26.3858,26.2540,26.1249,25.9985,25.8748,25.7536,25.6349,25.5187,25.4050,25.2936,25.1846,25.0778,24.9733,24.8711,24.7709,24.6730,24.5771,24.4833,24.3915,24.3017,24.2139,24.1280,24.0440,23.9619,23.8817,23.8033,23.7267,23.6519,23.5788,23.5075,23.4379,23.3700,23.3037,23.2391,23.1761,23.1148,23.0550,22.9968,22.9402,22.8851,22.8316,22.7795,22.7290,22.6799,22.6323,22.5862,22.5415,22.4982,22.4563,22.4159,22.3768,22.3391,22.3028,22.2678,22.2342,22.2019,22.1709,22.1412,22.1128,22.0857,22.0599,22.0354,22.0121,21.9901,21.9693,21.9497,21.9314,21.9142,21.8983,21.8836,21.8700,21.8576,21.8464,21.8364,21.8275,21.8197,21.8131,21.8076,21.8032,21.8000,21.7978,21.7967,21.7968,21.7978,21.8000,21.8032,21.8075,21.8129,21.8192,21.8266,21.8350,21.8445,21.8549,21.8664,21.8788,21.8923,21.9067,21.9221,21.9384,21.9557,21.9740,21.9932,22.0133,22.0344,22.0564,22.0793,22.1031,22.1278,22.1534,22.1799,22.2072,22.2354,22.2645,22.2945,22.3253,22.3569,22.3894,22.4227,22.4568,22.4917,22.4191,22.2662,22.1117,21.9557,21.7979,21.6385,21.4774,21.3144,21.1496,20.9828,20.8142,20.6434,20.4706,20.2957,20.1185,19.9390,19.7571,19.5728,19.3860,19.1965,19.0043,18.8094,18.6115,18.4106,18.2066,17.9993,17.7886,17.5745,17.3567,17.1350,16.9094,16.6797,16.4456,16.2070,15.9636,15.7153,15.4617,15.2025,14.9376,14.6665,14.3888,14.1043,13.8123,13.5125,13.2043,12.8870,12.5600,12.2224,11.8734,11.5119,11.1366,10.7460,10.3385,9.9119,9.4636,8.9903,8.4878,7.9506,7.3710,6.7382,6.0352,5.2340,4.2795,3.0304,0.0000\right]
l_{times}=\left[0.0000,0.0332,0.0470,0.0575,0.0664,0.0742,0.0813,0.0878,0.0939,0.0996,0.1050,0.1101,0.1150,0.1197,0.1242,0.1286,0.1328,0.1369,0.1409,0.1447,0.1485,0.1522,0.1557,0.1592,0.1627,0.1660,0.1693,0.1725,0.1757,0.1788,0.1819,0.1849,0.1878,0.1907,0.1936,0.1964,0.1992,0.2020,0.2047,0.2074,0.2100,0.2126,0.2152,0.2178,0.2203,0.2228,0.2253,0.2277,0.2302,0.2326,0.2350,0.2374,0.2397,0.2420,0.2444,0.2467,0.2489,0.2512,0.2535,0.2557,0.2579,0.2601,0.2623,0.2645,0.2666,0.2688,0.2709,0.2730,0.2751,0.2772,0.2793,0.2814,0.2835,0.2855,0.2876,0.2896,0.2916,0.2936,0.2957,0.2977,0.2996,0.3016,0.3036,0.3056,0.3075,0.3095,0.3114,0.3133,0.3152,0.3172,0.3191,0.3210,0.3229,0.3248,0.3266,0.3285,0.3304,0.3322,0.3341,0.3359,0.3378,0.3396,0.3415,0.3433,0.3451,0.3469,0.3487,0.3505,0.3523,0.3541,0.3559,0.3577,0.3595,0.3612,0.3630,0.3648,0.3665,0.3683,0.3700,0.3718,0.3735,0.3753,0.3770,0.3787,0.3805,0.3822,0.3839,0.3856,0.3874,0.3891,0.3908,0.3926,0.3943,0.3961,0.3978,0.3996,0.4014,0.4031,0.4049,0.4067,0.4085,0.4102,0.4120,0.4138,0.4156,0.4174,0.4193,0.4211,0.4229,0.4247,0.4266,0.4284,0.4303,0.4321,0.4340,0.4359,0.4377,0.4396,0.4415,0.4434,0.4453,0.4472,0.4491,0.4510,0.4530,0.4549,0.4568,0.4588,0.4608,0.4627,0.4647,0.4667,0.4687,0.4707,0.4727,0.4747,0.4768,0.4788,0.4809,0.4829,0.4850,0.4871,0.4892,0.4913,0.4934,0.4956,0.4977,0.4999,0.5021,0.5042,0.5064,0.5087,0.5109,0.5131,0.5154,0.5177,0.5200,0.5223,0.5246,0.5270,0.5293,0.5317,0.5342,0.5366,0.5390,0.5415,0.5440,0.5465,0.5491,0.5517,0.5543,0.5569,0.5596,0.5622,0.5649,0.5677,0.5705,0.5733,0.5761,0.5790,0.5819,0.5849,0.5878,0.5909,0.5940,0.5971,0.6002,0.6034,0.6067,0.6100,0.6134,0.6168,0.6203,0.6239,0.6275,0.6312,0.6350,0.6388,0.6427,0.6465,0.6504,0.6543,0.6582,0.6620,0.6660,0.6699,0.6738,0.6777,0.6817,0.6856,0.6896,0.6936,0.6976,0.7016,0.7056,0.7096,0.7137,0.7177,0.7218,0.7258,0.7299,0.7340,0.7381,0.7422,0.7463,0.7504,0.7546,0.7587,0.7629,0.7670,0.7712,0.7754,0.7796,0.7838,0.7880,0.7922,0.7965,0.8007,0.8050,0.8092,0.8135,0.8178,0.8221,0.8264,0.8307,0.8350,0.8393,0.8437,0.8480,0.8524,0.8567,0.8611,0.8655,0.8699,0.8743,0.8787,0.8831,0.8875,0.8919,0.8963,0.9008,0.9052,0.9097,0.9141,0.9186,0.9231,0.9276,0.9320,0.9365,0.9410,0.9455,0.9500,0.9546,0.9591,0.9636,0.9681,0.9727,0.9772,0.9817,0.9863,0.9908,0.9954,0.9999,1.0045,1.0091,1.0136,1.0182,1.0228,1.0274,1.0319,1.0365,1.0411,1.0457,1.0503,1.0548,1.0594,1.0640,1.0686,1.0732,1.0778,1.0824,1.0870,1.0915,1.0961,1.1007,1.1053,1.1099,1.1145,1.1190,1.1236,1.1282,1.1328,1.1373,1.1419,1.1464,1.1510,1.1556,1.1601,1.1647,1.1692,1.1737,1.1783,1.1828,1.1873,1.1918,1.1963,1.2008,1.2053,1.2098,1.2143,1.2187,1.2232,1.2277,1.2321,1.2365,1.2410,1.2454,1.2498,1.2542,1.2586,1.2630,1.2673,1.2717,1.2761,1.2804,1.2847,1.2890,1.2933,1.2976,1.3019,1.3062,1.3104,1.3147,1.3189,1.3231,1.3273,1.3315,1.3357,1.3399,1.3440,1.3482,1.3523,1.3564,1.3605,1.3645,1.3686,1.3726,1.3767,1.3807,1.3847,1.3886,1.3926,1.3965,1.4005,1.4044,1.4082,1.4121,1.4160,1.4198,1.4236,1.4274,1.4312,1.4349,1.4387,1.4424,1.4461,1.4498,1.4534,1.4571,1.4607,1.4643,1.4678,1.4714,1.4749,1.4784,1.4819,1.4854,1.4888,1.4922,1.4956,1.4990,1.5023,1.5057,1.5090,1.5122,1.5155,1.5187,1.5220,1.5252,1.5283,1.5315,1.5346,1.5377,1.5408,1.5439,1.5469,1.5499,1.5530,1.5559,1.5589,1.5618,1.5648,1.5677,1.5705,1.5734,1.5762,1.5790,1.5818,1.5846,1.5874,1.5901,1.5928,1.5955,1.5982,1.6008,1.6035,1.6061,1.6087,1.6112,1.6138,1.6163,1.6188,1.6213,1.6237,1.6261,1.6286,1.6309,1.6333,1.6357,1.6380,1.6403,1.6426,1.6449,1.6471,1.6494,1.6516,1.6538,1.6560,1.6582,1.6604,1.6625,1.6647,1.6668,1.6689,1.6711,1.6731,1.6752,1.6773,1.6794,1.6814,1.6835,1.6855,1.6876,1.6897,1.6918,1.6939,1.6960,1.6982,1.7003,1.7025,1.7046,1.7068,1.7090,1.7112,1.7135,1.7157,1.7180,1.7203,1.7225,1.7249,1.7272,1.7295,1.7319,1.7343,1.7367,1.7391,1.7416,1.7440,1.7465,1.7490,1.7516,1.7541,1.7567,1.7593,1.7619,1.7646,1.7673,1.7699,1.7726,1.7754,1.7781,1.7809,1.7837,1.7865,1.7893,1.7922,1.7951,1.7980,1.8009,1.8038,1.8068,1.8098,1.8128,1.8158,1.8189,1.8219,1.8250,1.8281,1.8313,1.8344,1.8376,1.8408,1.8440,1.8472,1.8505,1.8538,1.8571,1.8604,1.8638,1.8672,1.8706,1.8740,1.8774,1.8809,1.8844,1.8879,1.8914,1.8950,1.8986,1.9022,1.9058,1.9094,1.9131,1.9168,1.9205,1.9242,1.9279,1.9317,1.9355,1.9393,1.9431,1.9469,1.9508,1.9547,1.9585,1.9625,1.9664,1.9703,1.9743,1.9783,1.9823,1.9863,1.9903,1.9944,1.9984,2.0025,2.0066,2.0107,2.0148,2.0190,2.0231,2.0273,2.0314,2.0356,2.0399,2.0441,2.0483,2.0526,2.0568,2.0611,2.0654,2.0697,2.0740,2.0783,2.0826,2.0870,2.0913,2.0957,2.1001,2.1045,2.1088,2.1133,2.1177,2.1221,2.1265,2.1310,2.1354,2.1399,2.1443,2.1488,2.1533,2.1578,2.1623,2.1668,2.1713,2.1758,2.1803,2.1848,2.1894,2.1939,2.1984,2.2030,2.2075,2.2121,2.2166,2.2212,2.2258,2.2303,2.2349,2.2395,2.2441,2.2486,2.2532,2.2578,2.2624,2.2670,2.2716,2.2761,2.2807,2.2853,2.2899,2.2945,2.2991,2.3037,2.3083,2.3128,2.3174,2.3220,2.3266,2.3312,2.3357,2.3403,2.3449,2.3495,2.3540,2.3586,2.3631,2.3677,2.3723,2.3768,2.3813,2.3859,2.3904,2.3950,2.3995,2.4040,2.4085,2.4130,2.4175,2.4220,2.4265,2.4310,2.4355,2.4400,2.4445,2.4489,2.4534,2.4578,2.4623,2.4667,2.4713,2.4758,2.4804,2.4850,2.4896,2.4943,2.4990,2.5037,2.5085,2.5133,2.5182,2.5231,2.5281,2.5331,2.5381,2.5432,2.5483,2.5535,2.5587,2.5640,2.5694,2.5748,2.5802,2.5858,2.5913,2.5970,2.6027,2.6085,2.6144,2.6204,2.6264,2.6325,2.6387,2.6450,2.6515,2.6580,2.6646,2.6714,2.6783,2.6853,2.6924,2.6998,2.7072,2.7149,2.7228,2.7308,2.7391,2.7477,2.7565,2.7657,2.7752,2.7850,2.7954,2.8062,2.8176,2.8298,2.8429,2.8570,2.8727,2.8904,2.9115,2.9388,3.0048,\right]
l_{points}=\left[\left(-23.6000,0.0000\right),\left(-23.5000,0.0000\right),\left(-23.4000,0.0000\right),\left(-23.3000,0.0000\right),\left(-23.2000,0.0000\right),\left(-23.1000,0.0000\right),\left(-23.0000,0.0000\right),\left(-22.9000,0.0000\right),\left(-22.8000,0.0000\right),\left(-22.7000,0.0000\right),\left(-22.6000,0.0000\right),\left(-22.5000,0.0000\right),\left(-22.4000,0.0000\right),\left(-22.3000,0.0000\right),\left(-22.2000,0.0000\right),\left(-22.1000,0.0000\right),\left(-22.0000,0.0000\right),\left(-21.9000,0.0000\right),\left(-21.8000,0.0000\right),\left(-21.7000,0.0000\right),\left(-21.6000,0.0000\right),\left(-21.5000,0.0000\right),\left(-21.4000,0.0000\right),\left(-21.3000,0.0000\right),\left(-21.2000,0.0000\right),\left(-21.1000,0.0000\right),\left(-21.0000,0.0000\right),\left(-20.9000,0.0000\right),\left(-20.8000,0.0000\right),\left(-20.7000,0.0000\right),\left(-20.6000,0.0000\right),\left(-20.5000,0.0000\right),\left(-20.4000,0.0000\right),\left(-20.3000,0.0000\right),\left(-20.2000,0.0000\right),\left(-20.1000,0.0000\right),\left(-20.0000,0.0000\right),\left(-19.9000,0.0000\right),\left(-19.8000,0.0000\right),\left(-19.7000,0.0000\right),\left(-19.6000,0.0000\right),\left(-19.5000,0.0000\right),\left(-19.4000,0.0000\right),\left(-19.3000,0.0000\right),\left(-19.2000,0.0000\right),\left(-19.1000,0.0000\right),\left(-19.0000,0.0000\right),\left(-18.9000,0.0000\right),\left(-18.8000,0.0000\right),\left(-18.7000,0.0000\right),\left(-18.6000,0.0000\right),\left(-18.5000,0.0000\right),\left(-18.4000,0.0000\right),\left(-18.3000,0.0000\right),\left(-18.2000,0.0000\right),\left(-18.1000,0.0000\right),\left(-18.0000,0.0000\right),\left(-17.9000,0.0000\right),\left(-17.8000,0.0000\right),\left(-17.7000,0.0000\right),\left(-17.6000,0.0000\right),\left(-17.5000,0.0000\right),\left(-17.4000,0.0000\right),\left(-17.3000,0.0000\right),\left(-17.2000,0.0000\right),\left(-17.1000,0.0000\right),\left(-17.0000,0.0000\right),\left(-16.9000,0.0000\right),\left(-16.8000,0.0000\right),\left(-16.7000,0.0000\right),\left(-16.6000,0.0000\right),\left(-16.5000,0.0000\right),\left(-16.4000,0.0000\right),\left(-16.3000,0.0000\right),\left(-16.2000,0.0000\right),\left(-16.1000,0.0000\right),\left(-16.0000,0.0000\right),\left(-15.9000,0.0000\right),\left(-15.8000,0.0000\right),\left(-15.7000,0.0000\right),\left(-15.6000,0.0000\right),\left(-15.5000,0.0000\right),\left(-15.4000,0.0000\right),\left(-15.3000,0.0000\right),\left(-15.2000,0.0000\right),\left(-15.1000,0.0000\right),\left(-15.0000,0.0000\right),\left(-14.9000,0.0000\right),\left(-14.8000,0.0000\right),\left(-14.7000,0.0000\right),\left(-14.6000,0.0000\right),\left(-14.5000,0.0000\right),\left(-14.4000,0.0000\right),\left(-14.3000,0.0000\right),\left(-14.2000,0.0000\right),\left(-14.1000,0.0000\right),\left(-14.0000,0.0000\right),\left(-13.9000,0.0000\right),\left(-13.8000,0.0000\right),\left(-13.7000,0.0000\right),\left(-13.6000,0.0000\right),\left(-13.5000,0.0000\right),\left(-13.4000,0.0000\right),\left(-13.3000,0.0000\right),\left(-13.2000,0.0000\right),\left(-13.1000,0.0000\right),\left(-13.0000,0.0000\right),\left(-12.9000,0.0000\right),\left(-12.8000,0.0000\right),\left(-12.7000,0.0000\right),\left(-12.6000,0.0000\right),\left(-12.5000,0.0000\right),\left(-12.4000,0.0000\right),\left(-12.3000,0.0000\right),\left(-12.2000,0.0000\right),\left(-12.1000,0.0000\right),\left(-12.0000,0.0000\right),\left(-11.9000,0.0000\right),\left(-11.8000,0.0000\right),\left(-11.7000,0.0000\right),\left(-11.6000,0.0000\right),\left(-11.5000,0.0000\right),\left(-11.4000,0.0000\right),\left(-11.3000,0.0000\right),\left(-11.2000,0.0000\right),\left(-11.1000,0.0000\right),\left(-11.0000,0.0000\right),\left(-10.9000,0.0000\right),\left(-10.8000,0.0000\right),\left(-10.7000,0.0000\right),\left(-10.6000,0.0000\right),\left(-10.5000,0.0000\right),\left(-10.4000,0.0000\right),\left(-10.3000,0.0000\right),\left(-10.2000,0.0000\right),\left(-10.1000,0.0000\right),\left(-10.0000,0.0000\right),\left(-9.9000,0.0000\right),\left(-9.8000,0.0000\right),\left(-9.7000,0.0000\right),\left(-9.6000,0.0000\right),\left(-9.5000,0.0000\right),\left(-9.4000,0.0000\right),\left(-9.3000,0.0000\right),\left(-9.2000,0.0000\right),\left(-9.1000,0.0000\right),\left(-9.0000,0.0000\right),\left(-8.9000,0.0000\right),\left(-8.8000,0.0000\right),\left(-8.7000,0.0000\right),\left(-8.6000,0.0000\right),\left(-8.5000,0.0000\right),\left(-8.4000,0.0000\right),\left(-8.3000,0.0000\right),\left(-8.2000,0.0000\right),\left(-8.1000,0.0000\right),\left(-8.0000,0.0000\right),\left(-7.9000,0.0000\right),\left(-7.8000,0.0000\right),\left(-7.7000,0.0000\right),\left(-7.6000,0.0000\right),\left(-7.5000,0.0000\right),\left(-7.4000,0.0000\right),\left(-7.3000,0.0000\right),\left(-7.2000,0.0000\right),\left(-7.1000,0.0000\right),\left(-7.0000,0.0000\right),\left(-6.9000,0.0000\right),\left(-6.8000,0.0000\right),\left(-6.7000,0.0000\right),\left(-6.6000,0.0000\right),\left(-6.5000,0.0000\right),\left(-6.4000,0.0000\right),\left(-6.3000,0.0000\right),\left(-6.2000,0.0000\right),\left(-6.1000,0.0000\right),\left(-6.0000,0.0000\right),\left(-5.9000,0.0000\right),\left(-5.8000,0.0000\right),\left(-5.7000,0.0000\right),\left(-5.6000,0.0000\right),\left(-5.5000,0.0000\right),\left(-5.4000,0.0000\right),\left(-5.3000,0.0000\right),\left(-5.2000,0.0000\right),\left(-5.1000,0.0000\right),\left(-5.0000,0.0000\right),\left(-4.9000,0.0000\right),\left(-4.8000,0.0000\right),\left(-4.7000,0.0000\right),\left(-4.6000,0.0000\right),\left(-4.5000,0.0000\right),\left(-4.4000,0.0000\right),\left(-4.3000,0.0000\right),\left(-4.2000,0.0000\right),\left(-4.1000,0.0000\right),\left(-4.0000,0.0000\right),\left(-3.9000,0.0000\right),\left(-3.8000,0.0000\right),\left(-3.7000,0.0000\right),\left(-3.6000,0.0000\right),\left(-3.5000,0.0000\right),\left(-3.4000,0.0000\right),\left(-3.3000,0.0000\right),\left(-3.2000,0.0000\right),\left(-3.1000,0.0000\right),\left(-3.0000,0.0000\right),\left(-2.9000,0.0000\right),\left(-2.8000,0.0000\right),\left(-2.7000,0.0000\right),\left(-2.6000,0.0000\right),\left(-2.5000,0.0000\right),\left(-2.4000,0.0000\right),\left(-2.3000,0.0000\right),\left(-2.2000,0.0000\right),\left(-2.1000,0.0000\right),\left(-2.0000,0.0000\right),\left(-1.9000,0.0000\right),\left(-1.8000,0.0000\right),\left(-1.7000,0.0000\right),\left(-1.6000,0.0000\right),\left(-1.5000,0.0000\right),\left(-1.4000,0.0000\right),\left(-1.3000,0.0000\right),\left(-1.2000,0.0000\right),\left(-1.1000,0.0000\right),\left(-1.0000,0.0000\right),\left(-0.9000,0.0000\right),\left(-0.8000,0.0000\right),\left(-0.7000,0.0000\right),\left(-0.6000,0.0000\right),\left(-0.5000,0.0000\right),\left(-0.4000,0.0000\right),\left(-0.3000,0.0000\right),\left(-0.2000,0.0000\right),\left(-0.1000,0.0000\right),\left(0.0001,0.0000\right),\left(0.0999,0.0001\right),\left(0.1998,0.0006\right),\left(0.2997,0.0013\right),\left(0.3995,0.0023\right),\left(0.4994,0.0036\right),\left(0.5992,0.0051\right),\left(0.6991,0.0070\right),\left(0.7989,0.0092\right),\left(0.8987,0.0116\right),\left(0.9986,0.0144\right),\left(1.0984,0.0174\right),\left(1.1982,0.0207\right),\left(1.2980,0.0244\right),\left(1.3977,0.0283\right),\left(1.4975,0.0326\right),\left(1.5973,0.0371\right),\left(1.6970,0.0420\right),\left(1.7967,0.0472\right),\left(1.8964,0.0527\right),\left(1.9961,0.0585\right),\left(2.0958,0.0646\right),\left(2.1955,0.0710\right),\left(2.2951,0.0777\right),\left(2.3947,0.0848\right),\left(2.4943,0.0922\right),\left(2.5939,0.0999\right),\left(2.6934,0.1079\right),\left(2.7929,0.1163\right),\left(2.8924,0.1249\right),\left(2.9919,0.1339\right),\left(3.0913,0.1433\right),\left(3.1907,0.1529\right),\left(3.2900,0.1629\right),\left(3.3894,0.1733\right),\left(3.4887,0.1839\right),\left(3.5879,0.1949\right),\left(3.6871,0.2063\right),\left(3.7863,0.2179\right),\left(3.8854,0.2299\right),\left(3.9845,0.2423\right),\left(4.0836,0.2550\right),\left(4.1826,0.2681\right),\left(4.2816,0.2814\right),\left(4.3805,0.2952\right),\left(4.4794,0.3093\right),\left(4.5782,0.3237\right),\left(4.6769,0.3385\right),\left(4.7757,0.3537\right),\left(4.8743,0.3692\right),\left(4.9729,0.3850\right),\left(5.0715,0.4012\right),\left(5.1699,0.4178\right),\left(5.2684,0.4347\right),\left(5.3667,0.4520\right),\left(5.4650,0.4697\right),\left(5.5633,0.4877\right),\left(5.6614,0.5061\right),\left(5.7595,0.5248\right),\left(5.8576,0.5439\right),\left(5.9555,0.5634\right),\left(6.0534,0.5832\right),\left(6.1512,0.6034\right),\left(6.2490,0.6240\right),\left(6.3466,0.6450\right),\left(6.4442,0.6663\right),\left(6.5417,0.6880\right),\left(6.6391,0.7101\right),\left(6.7364,0.7325\right),\left(6.8337,0.7553\right),\left(6.9308,0.7785\right),\left(7.0279,0.8021\right),\left(7.1248,0.8260\right),\left(7.2217,0.8504\right),\left(7.3185,0.8751\right),\left(7.4152,0.9002\right),\left(7.5118,0.9256\right),\left(7.6083,0.9515\right),\left(7.7046,0.9777\right),\left(7.8009,1.0043\right),\left(7.8971,1.0313\right),\left(7.9932,1.0586\right),\left(8.0891,1.0864\right),\left(8.1850,1.1145\right),\left(8.2807,1.1430\right),\left(8.3763,1.1719\right),\left(8.4718,1.2012\right),\left(8.5672,1.2309\right),\left(8.6625,1.2609\right),\left(8.7576,1.2913\right),\left(8.8527,1.3221\right),\left(8.9476,1.3533\right),\left(9.0423,1.3849\right),\left(9.1370,1.4169\right),\left(9.2315,1.4492\right),\left(9.3259,1.4819\right),\left(9.4202,1.5151\right),\left(9.5143,1.5485\right),\left(9.6083,1.5824\right),\left(9.7021,1.6167\right),\left(9.7958,1.6513\right),\left(9.8894,1.6863\right),\left(9.9828,1.7217\right),\left(10.0761,1.7575\right),\left(10.1692,1.7936\right),\left(10.2622,1.8302\right),\left(10.3551,1.8671\right),\left(10.4478,1.9044\right),\left(10.5403,1.9420\right),\left(10.6327,1.9801\right),\left(10.7250,2.0185\right),\left(10.8170,2.0573\right),\left(10.9090,2.0964\right),\left(11.0007,2.1360\right),\left(11.0923,2.1759\right),\left(11.1838,2.2161\right),\left(11.2751,2.2568\right),\left(11.3662,2.2978\right),\left(11.4572,2.3391\right),\left(11.5480,2.3809\right),\left(11.6386,2.4230\right),\left(11.7290,2.4654\right),\left(11.8193,2.5083\right),\left(11.9094,2.5514\right),\left(11.9994,2.5950\right),\left(12.0892,2.6389\right),\left(12.1788,2.6831\right),\left(12.2682,2.7277\right),\left(12.3574,2.7727\right),\left(12.4465,2.8180\right),\left(12.5354,2.8637\right),\left(12.6241,2.9097\right),\left(12.7127,2.9560\right),\left(12.8010,3.0027\right),\left(12.8892,3.0497\right),\left(12.9772,3.0971\right),\left(13.0650,3.1448\right),\left(13.1527,3.1929\right),\left(13.2401,3.2412\right),\left(13.3274,3.2900\right),\left(13.4145,3.3390\right),\left(13.5014,3.3884\right),\left(13.5881,3.4381\right),\left(13.6747,3.4881\right),\left(13.7610,3.5384\right),\left(13.8472,3.5891\right),\left(13.9331,3.6401\right),\left(14.0189,3.6914\right),\left(14.1045,3.7430\right),\left(14.1899,3.7949\right),\left(14.2752,3.8471\right),\left(14.3602,3.8996\right),\left(14.4451,3.9525\right),\left(14.5297,4.0056\right),\left(14.6142,4.0590\right),\left(14.6985,4.1128\right),\left(14.7826,4.1668\right),\left(14.8665,4.2211\right),\left(14.9503,4.2757\right),\left(15.0338,4.3306\right),\left(15.1172,4.3858\right),\left(15.2003,4.4412\right),\left(15.2833,4.4970\right),\left(15.3661,4.5530\right),\left(15.4487,4.6093\right),\left(15.5312,4.6658\right),\left(15.6134,4.7227\right),\left(15.6955,4.7798\right),\left(15.7773,4.8371\right),\left(15.8590,4.8947\right),\left(15.9406,4.9526\right),\left(16.0219,5.0108\right),\left(16.1030,5.0691\right),\left(16.1840,5.1278\right),\left(16.2648,5.1867\right),\left(16.3454,5.2458\right),\left(16.4259,5.3052\right),\left(16.5061,5.3648\right),\left(16.5862,5.4247\right),\left(16.6661,5.4847\right),\left(16.7458,5.5451\right),\left(16.8254,5.6056\right),\left(16.9048,5.6664\right),\left(16.9840,5.7274\right),\left(17.0630,5.7886\right),\left(17.1419,5.8501\right),\left(17.2206,5.9117\right),\left(17.2992,5.9736\right),\left(17.3775,6.0357\right),\left(17.4558,6.0980\right),\left(17.5338,6.1605\right),\left(17.6117,6.2232\right),\left(17.6894,6.2860\right),\left(17.7670,6.3491\right),\left(17.8444,6.4124\right),\left(17.9216,6.4759\right),\left(17.9987,6.5396\right),\left(18.0757,6.6034\right),\left(18.1525,6.6675\right),\left(18.2291,6.7317\right),\left(18.3056,6.7961\right),\left(18.3819,6.8607\right),\left(18.4581,6.9254\right),\left(18.5342,6.9904\right),\left(18.6101,7.0554\right),\left(18.6858,7.1207\right),\left(18.7615,7.1861\right),\left(18.8370,7.2517\right),\left(18.9123,7.3174\right),\left(18.9875,7.3833\right),\left(19.0626,7.4494\right),\left(19.1375,7.5156\right),\left(19.2124,7.5819\right),\left(19.2871,7.6484\right),\left(19.3616,7.7150\right),\left(19.4361,7.7818\right),\left(19.5104,7.8487\right),\left(19.5846,7.9157\right),\left(19.6587,7.9829\right),\left(19.7326,8.0502\right),\left(19.8065,8.1176\right),\left(19.8802,8.1852\right),\left(19.9538,8.2528\right),\left(20.0273,8.3206\right),\left(20.1007,8.3885\right),\left(20.1740,8.4565\right),\left(20.2472,8.5247\right),\left(20.3203,8.5929\right),\left(20.3933,8.6613\right),\left(20.4662,8.7297\right),\left(20.5390,8.7983\right),\left(20.6117,8.8669\right),\left(20.6843,8.9357\right),\left(20.7568,9.0045\right),\left(20.8293,9.0735\right),\left(20.9016,9.1425\right),\left(20.9739,9.2116\right),\left(21.0461,9.2808\right),\left(21.1182,9.3501\right),\left(21.1902,9.4195\right),\left(21.2622,9.4889\right),\left(21.3341,9.5584\right),\left(21.4059,9.6280\right),\left(21.4776,9.6977\right),\left(21.5493,9.7674\right),\left(21.6209,9.8372\right),\left(21.6925,9.9071\right),\left(21.7640,9.9770\right),\left(21.8354,10.0470\right),\left(21.9068,10.1170\right),\left(21.9781,10.1871\right),\left(22.0494,10.2572\right),\left(22.1206,10.3274\right),\left(22.1918,10.3977\right),\left(22.2629,10.4680\right),\left(22.3340,10.5383\right),\left(22.4050,10.6087\right),\left(22.4761,10.6791\right),\left(22.5470,10.7495\right),\left(22.6180,10.8200\right),\left(22.6889,10.8905\right),\left(22.7598,10.9610\right),\left(22.8306,11.0316\right),\left(22.9015,11.1022\right),\left(22.9723,11.1728\right),\left(23.0431,11.2434\right),\left(23.1138,11.3141\right),\left(23.1846,11.3847\right),\left(23.2553,11.4554\right),\left(23.3261,11.5261\right),\left(23.3968,11.5968\right),\left(23.4675,11.6675\right),\left(23.5382,11.7382\right),\left(23.6089,11.8089\right),\left(23.6796,11.8796\right),\left(23.7504,11.9503\right),\left(23.8211,12.0210\right),\left(23.8918,12.0917\right),\left(23.9625,12.1624\right),\left(24.0333,12.2331\right),\left(24.1040,12.3038\right),\left(24.1748,12.3744\right),\left(24.2456,12.4450\right),\left(24.3164,12.5156\right),\left(24.3873,12.5862\right),\left(24.4581,12.6568\right),\left(24.5290,12.7273\right),\left(24.5999,12.7978\right),\left(24.6709,12.8683\right),\left(24.7419,12.9387\right),\left(24.8129,13.0091\right),\left(24.8840,13.0795\right),\left(24.9551,13.1498\right),\left(25.0262,13.2201\right),\left(25.0974,13.2903\right),\left(25.1686,13.3605\right),\left(25.2399,13.4306\right),\left(25.3113,13.5007\right),\left(25.3827,13.5707\right),\left(25.4541,13.6407\right),\left(25.5256,13.7106\right),\left(25.5972,13.7804\right),\left(25.6688,13.8502\right),\left(25.7405,13.9199\right),\left(25.8123,13.9896\right),\left(25.8841,14.0591\right),\left(25.9560,14.1286\right),\left(26.0280,14.1981\right),\left(26.1000,14.2674\right),\left(26.1721,14.3367\right),\left(26.2444,14.4059\right),\left(26.3166,14.4750\right),\left(26.3890,14.5440\right),\left(26.4615,14.6129\right),\left(26.5340,14.6817\right),\left(26.6067,14.7504\right),\left(26.6794,14.8191\right),\left(26.7522,14.8876\right),\left(26.8252,14.9560\right),\left(26.8982,15.0244\right),\left(26.9713,15.0926\right),\left(27.0445,15.1607\right),\left(27.1179,15.2287\right),\left(27.1913,15.2966\right),\left(27.2648,15.3643\right),\left(27.3385,15.4320\right),\left(27.4122,15.4995\right),\left(27.4861,15.5669\right),\left(27.5601,15.6342\right),\left(27.6342,15.7013\right),\left(27.7085,15.7683\right),\left(27.7828,15.8352\right),\left(27.8573,15.9019\right),\left(27.9319,15.9685\right),\left(28.0066,16.0350\right),\left(28.0815,16.1013\right),\left(28.1565,16.1675\right),\left(28.2316,16.2335\right),\left(28.3069,16.2993\right),\left(28.3823,16.3650\right),\left(28.4578,16.4306\right),\left(28.5335,16.4960\right),\left(28.6093,16.5612\right),\left(28.6852,16.6262\right),\left(28.7613,16.6911\right),\left(28.8376,16.7558\right),\left(28.9140,16.8204\right),\left(28.9905,16.8848\right),\left(29.0672,16.9490\right),\left(29.1441,17.0130\right),\left(29.2211,17.0768\right),\left(29.2982,17.1404\right),\left(29.3755,17.2039\right),\left(29.4530,17.2671\right),\left(29.5306,17.3302\right),\left(29.6084,17.3930\right),\left(29.6863,17.4557\right),\left(29.7645,17.5182\right),\left(29.8427,17.5804\right),\left(29.9212,17.6425\right),\left(29.9998,17.7043\right),\left(30.0786,17.7659\right),\left(30.1575,17.8273\right),\left(30.2366,17.8885\right),\left(30.3159,17.9495\right),\left(30.3954,18.0102\right),\left(30.4750,18.0708\right),\left(30.5548,18.1310\right),\left(30.6348,18.1911\right),\left(30.7150,18.2509\right),\left(30.7953,18.3105\right),\left(30.8758,18.3698\right),\left(30.9565,18.4289\right),\left(31.0374,18.4878\right),\left(31.1185,18.5464\right),\left(31.1997,18.6047\right),\left(31.2811,18.6628\right),\left(31.3627,18.7207\right),\left(31.4445,18.7782\right),\left(31.5265,18.8356\right),\left(31.6087,18.8926\right),\left(31.6910,18.9494\right),\left(31.7735,19.0059\right),\left(31.8563,19.0622\right),\left(31.9392,19.1182\right),\left(32.0222,19.1739\right),\left(32.1055,19.2293\right),\left(32.1890,19.2844\right),\left(32.2726,19.3393\right),\left(32.3565,19.3938\right),\left(32.4405,19.4481\right),\left(32.5247,19.5021\right),\left(32.6092,19.5558\right),\left(32.6938,19.6092\right),\left(32.7785,19.6623\right),\left(32.8635,19.7151\right),\left(32.9487,19.7676\right),\left(33.0340,19.8197\right),\left(33.1196,19.8716\right),\left(33.2053,19.9232\right),\left(33.2912,19.9744\right),\left(33.3774,20.0254\right),\left(33.4637,20.0760\right),\left(33.5501,20.1263\right),\left(33.6368,20.1763\right),\left(33.7237,20.2259\right),\left(33.8107,20.2752\right),\left(33.8980,20.3242\right),\left(33.9854,20.3729\right),\left(34.0730,20.4212\right),\left(34.1608,20.4692\right),\left(34.2487,20.5169\right),\left(34.3369,20.5642\right),\left(34.4252,20.6112\right),\left(34.5138,20.6579\right),\left(34.6025,20.7042\right),\left(34.6914,20.7501\right),\left(34.7804,20.7957\right),\left(34.8697,20.8410\right),\left(34.9591,20.8859\right),\left(35.0487,20.9305\right),\left(35.1385,20.9747\right),\left(35.2284,21.0185\right),\left(35.3185,21.0620\right),\left(35.4088,21.1051\right),\left(35.4993,21.1479\right),\left(35.5899,21.1903\right),\left(35.6807,21.2324\right),\left(35.7717,21.2740\right),\left(35.8629,21.3154\right),\left(35.9542,21.3563\right),\left(36.0457,21.3969\right),\left(36.1373,21.4371\right),\left(36.2291,21.4769\right),\left(36.3211,21.5164\right),\left(36.4132,21.5555\right),\left(36.5055,21.5942\right),\left(36.5979,21.6326\right),\left(36.6905,21.6706\right),\left(36.7833,21.7082\right),\left(36.8762,21.7454\right),\left(36.9693,21.7822\right),\left(37.0625,21.8187\right),\left(37.1558,21.8548\right),\left(37.2493,21.8905\right),\left(37.3430,21.9258\right),\left(37.4368,21.9608\right),\left(37.5307,21.9954\right),\left(37.6248,22.0295\right),\left(37.7190,22.0633\right),\left(37.8134,22.0968\right),\left(37.9078,22.1298\right),\left(38.0025,22.1625\right),\left(38.0972,22.1947\right),\left(38.1921,22.2266\right),\left(38.2871,22.2581\right),\left(38.3823,22.2892\right),\left(38.4775,22.3200\right),\left(38.5729,22.3503\right),\left(38.6684,22.3803\right),\left(38.7641,22.4099\right),\left(38.8598,22.4391\right),\left(38.9557,22.4679\right),\left(39.0517,22.4963\right),\left(39.1478,22.5243\right),\left(39.2440,22.5520\right),\left(39.3403,22.5793\right),\left(39.4367,22.6062\right),\left(39.5333,22.6327\right),\left(39.6299,22.6588\right),\left(39.7267,22.6846\right),\left(39.8235,22.7099\right),\left(39.9205,22.7349\right),\left(40.0175,22.7595\right),\left(40.1147,22.7838\right),\left(40.2119,22.8076\right),\left(40.3092,22.8311\right),\left(40.4067,22.8542\right),\left(40.5042,22.8769\right),\left(40.6018,22.8992\right),\left(40.6994,22.9212\right),\left(40.7972,22.9428\right),\left(40.8951,22.9640\right),\left(40.9930,22.9849\right),\left(41.0910,23.0053\right),\left(41.1891,23.0254\right),\left(41.2872,23.0452\right),\left(41.3855,23.0645\right),\left(41.4838,23.0835\right),\left(41.5822,23.1021\right),\left(41.6806,23.1204\right),\left(41.7791,23.1383\right),\left(41.8777,23.1558\right),\left(41.9763,23.1730\right),\left(42.0751,23.1898\right),\left(42.1738,23.2063\right),\left(42.2727,23.2224\right),\left(42.3715,23.2381\right),\left(42.4705,23.2535\right),\left(42.5695,23.2685\right),\left(42.6685,23.2831\right),\left(42.7676,23.2975\right),\left(42.8668,23.3114\right),\left(42.9660,23.3250\right),\left(43.0652,23.3383\right),\left(43.1645,23.3512\right),\left(43.2639,23.3638\right),\left(43.3633,23.3760\right),\left(43.4627,23.3879\right),\left(43.5622,23.3994\right),\left(43.6617,23.4106\right),\left(43.7612,23.4215\right),\left(43.8608,23.4320\right),\left(43.9604,23.4422\right),\left(44.0601,23.4520\right),\left(44.1598,23.4616\right),\left(44.2595,23.4707\right),\left(44.3592,23.4796\right),\left(44.4590,23.4881\right),\left(44.5588,23.4963\right),\left(44.6586,23.5042\right),\left(44.7585,23.5118\right),\left(44.8584,23.5190\right),\left(44.9583,23.5259\right),\left(45.0582,23.5325\right),\left(45.1581,23.5388\right),\left(45.2581,23.5447\right),\left(45.3581,23.5504\right),\left(45.4581,23.5557\right),\left(45.5581,23.5607\right),\left(45.6581,23.5654\right),\left(45.7582,23.5698\right),\left(45.8582,23.5739\right),\left(45.9583,23.5777\right),\left(46.0584,23.5812\right),\left(46.1585,23.5844\right),\left(46.2586,23.5873\right),\left(46.3587,23.5898\right),\left(46.4588,23.5921\right),\left(46.5589,23.5941\right),\left(46.6590,23.5958\right),\left(46.7592,23.5972\right),\left(46.8593,23.5984\right),\left(46.9594,23.5992\right),\left(47.0596,23.5997\right),\left(47.1597,23.6000\right),\left(47.2000,23.6000\right),\right]
l_{headings}=\left[0.0000,0.0000,0.0000,0.0000,0.0000,0.0000,0.0000,0.0000,0.0000,0.0000,0.0000,0.0000,0.0000,0.0000,0.0000,0.0000,0.0000,0.0000,0.0000,0.0000,0.0000,0.0000,0.0000,0.0000,0.0000,0.0000,0.0000,0.0000,0.0000,0.0000,0.0000,0.0000,0.0000,0.0000,0.0000,0.0000,0.0000,0.0000,0.0000,0.0000,0.0000,0.0000,0.0000,0.0000,0.0000,0.0000,0.0000,0.0000,0.0000,0.0000,0.0000,0.0000,0.0000,0.0000,0.0000,0.0000,0.0000,0.0000,0.0000,0.0000,0.0000,0.0000,0.0000,0.0000,0.0000,0.0000,0.0000,0.0000,0.0000,0.0000,0.0000,0.0000,0.0000,0.0000,0.0000,0.0000,0.0000,0.0000,0.0000,0.0000,0.0000,0.0000,0.0000,0.0000,0.0000,0.0000,0.0000,0.0000,0.0000,0.0000,0.0000,0.0000,0.0000,0.0000,0.0000,0.0000,0.0000,0.0000,0.0000,0.0000,0.0000,0.0000,0.0000,0.0000,0.0000,0.0000,0.0000,0.0000,0.0000,0.0000,0.0000,0.0000,0.0000,0.0000,0.0000,0.0000,0.0000,0.0000,0.0000,0.0000,0.0000,0.0000,0.0000,0.0000,0.0000,0.0000,0.0000,0.0000,0.0000,0.0000,0.0000,0.0000,0.0000,0.0000,0.0000,0.0000,0.0000,0.0000,0.0000,0.0000,0.0000,0.0000,0.0000,0.0000,0.0000,0.0000,0.0000,0.0000,0.0000,0.0000,0.0000,0.0000,0.0000,0.0000,0.0000,0.0000,0.0000,0.0000,0.0000,0.0000,0.0000,0.0000,0.0000,0.0000,0.0000,0.0000,0.0000,0.0000,0.0000,0.0000,0.0000,0.0000,0.0000,0.0000,0.0000,0.0000,0.0000,0.0000,0.0000,0.0000,0.0000,0.0000,0.0000,0.0000,0.0000,0.0000,0.0000,0.0000,0.0000,0.0000,0.0000,0.0000,0.0000,0.0000,0.0000,0.0000,0.0000,0.0000,0.0000,0.0000,0.0000,0.0000,0.0000,0.0000,0.0000,0.0000,0.0000,0.0000,0.0000,0.0000,0.0000,0.0000,0.0000,0.0000,0.0000,0.0000,0.0000,0.0000,0.0000,0.0000,0.0000,0.0000,0.0000,0.0000,0.0000,0.0000,0.0000,0.0000,0.0000,0.0000,0.0000,0.0000,0.0000,0.0000,0.0000,0.0000,0.0000,0.0028,0.0057,0.0085,0.0114,0.0143,0.0172,0.0201,0.0231,0.0260,0.0290,0.0320,0.0350,0.0380,0.0411,0.0441,0.0472,0.0503,0.0534,0.0565,0.0597,0.0628,0.0660,0.0692,0.0724,0.0756,0.0788,0.0821,0.0853,0.0886,0.0919,0.0952,0.0986,0.1019,0.1053,0.1087,0.1121,0.1155,0.1189,0.1223,0.1258,0.1293,0.1328,0.1363,0.1398,0.1433,0.1469,0.1505,0.1540,0.1576,0.1612,0.1649,0.1685,0.1722,0.1758,0.1795,0.1832,0.1869,0.1906,0.1944,0.1981,0.2019,0.2057,0.2095,0.2133,0.2171,0.2209,0.2247,0.2286,0.2324,0.2363,0.2402,0.2441,0.2480,0.2519,0.2558,0.2597,0.2637,0.2676,0.2716,0.2755,0.2795,0.2835,0.2875,0.2915,0.2955,0.2995,0.3035,0.3075,0.3115,0.3156,0.3196,0.3236,0.3277,0.3317,0.3358,0.3398,0.3439,0.3479,0.3520,0.3560,0.3601,0.3642,0.3682,0.3723,0.3764,0.3804,0.3845,0.3885,0.3926,0.3966,0.4007,0.4047,0.4088,0.4128,0.4168,0.4208,0.4249,0.4289,0.4329,0.4369,0.4409,0.4449,0.4488,0.4528,0.4568,0.4607,0.4646,0.4686,0.4725,0.4764,0.4803,0.4842,0.4880,0.4919,0.4957,0.4996,0.5034,0.5072,0.5110,0.5148,0.5185,0.5222,0.5260,0.5297,0.5334,0.5370,0.5407,0.5443,0.5479,0.5515,0.5551,0.5587,0.5622,0.5657,0.5692,0.5727,0.5762,0.5796,0.5830,0.5864,0.5898,0.5931,0.5964,0.5997,0.6030,0.6063,0.6095,0.6127,0.6159,0.6190,0.6221,0.6252,0.6283,0.6314,0.6344,0.6374,0.6404,0.6433,0.6462,0.6491,0.6520,0.6548,0.6576,0.6604,0.6632,0.6659,0.6686,0.6712,0.6739,0.6765,0.6791,0.6816,0.6841,0.6866,0.6891,0.6915,0.6939,0.6963,0.6987,0.7010,0.7033,0.7055,0.7077,0.7099,0.7121,0.7142,0.7163,0.7184,0.7204,0.7224,0.7244,0.7264,0.7283,0.7302,0.7320,0.7338,0.7356,0.7374,0.7391,0.7408,0.7425,0.7441,0.7457,0.7473,0.7488,0.7504,0.7518,0.7533,0.7547,0.7561,0.7574,0.7587,0.7600,0.7613,0.7625,0.7637,0.7649,0.7660,0.7671,0.7682,0.7692,0.7702,0.7712,0.7721,0.7730,0.7739,0.7747,0.7755,0.7763,0.7770,0.7778,0.7784,0.7791,0.7797,0.7803,0.7809,0.7814,0.7819,0.7823,0.7828,0.7831,0.7835,0.7838,0.7841,0.7844,0.7846,0.7848,0.7850,0.7852,0.7853,0.7853,0.7854,0.7854,0.7854,0.7853,0.7852,0.7851,0.7850,0.7848,0.7846,0.7843,0.7841,0.7838,0.7834,0.7831,0.7826,0.7822,0.7817,0.7812,0.7807,0.7802,0.7796,0.7789,0.7783,0.7776,0.7769,0.7761,0.7753,0.7745,0.7737,0.7728,0.7719,0.7709,0.7699,0.7689,0.7679,0.7668,0.7657,0.7646,0.7634,0.7622,0.7610,0.7597,0.7584,0.7571,0.7557,0.7543,0.7529,0.7515,0.7500,0.7485,0.7469,0.7453,0.7437,0.7421,0.7404,0.7387,0.7370,0.7352,0.7334,0.7316,0.7297,0.7278,0.7259,0.7239,0.7219,0.7199,0.7179,0.7158,0.7137,0.7115,0.7094,0.7072,0.7049,0.7027,0.7004,0.6981,0.6957,0.6933,0.6909,0.6885,0.6860,0.6835,0.6810,0.6784,0.6758,0.6732,0.6706,0.6679,0.6652,0.6624,0.6597,0.6569,0.6541,0.6512,0.6484,0.6455,0.6425,0.6396,0.6366,0.6336,0.6306,0.6275,0.6244,0.6213,0.6182,0.6150,0.6118,0.6086,0.6054,0.6021,0.5988,0.5955,0.5922,0.5889,0.5855,0.5821,0.5787,0.5752,0.5718,0.5683,0.5648,0.5612,0.5577,0.5541,0.5505,0.5469,0.5433,0.5397,0.5360,0.5323,0.5286,0.5249,0.5212,0.5174,0.5137,0.5099,0.5061,0.5023,0.4985,0.4946,0.4908,0.4869,0.4830,0.4791,0.4752,0.4713,0.4674,0.4634,0.4595,0.4555,0.4516,0.4476,0.4436,0.4396,0.4356,0.4316,0.4276,0.4236,0.4196,0.4155,0.4115,0.4074,0.4034,0.3993,0.3953,0.3912,0.3872,0.3831,0.3790,0.3750,0.3709,0.3668,0.3628,0.3587,0.3546,0.3506,0.3465,0.3424,0.3384,0.3343,0.3303,0.3262,0.3222,0.3181,0.3141,0.3100,0.3060,0.3020,0.2980,0.2940,0.2899,0.2859,0.2820,0.2780,0.2740,0.2700,0.2661,0.2621,0.2582,0.2542,0.2503,0.2464,0.2425,0.2386,0.2347,0.2308,0.2270,0.2231,0.2193,0.2154,0.2116,0.2078,0.2040,0.2003,0.1965,0.1927,0.1890,0.1853,0.1816,0.1779,0.1742,0.1705,0.1668,0.1632,0.1596,0.1560,0.1524,0.1488,0.1452,0.1417,0.1381,0.1346,0.1311,0.1276,0.1241,0.1207,0.1172,0.1138,0.1104,0.1070,0.1036,0.1002,0.0969,0.0935,0.0902,0.0869,0.0836,0.0804,0.0771,0.0739,0.0707,0.0675,0.0643,0.0611,0.0579,0.0548,0.0517,0.0486,0.0455,0.0424,0.0394,0.0363,0.0333,0.0303,0.0273,0.0243,0.0214,0.0184,0.0155,0.0126,0.0097,0.0068,0.0040,0.0011,6.2832,\right]
running path!
lin/ang/drive_left/drive_right/tv_l/tv_r/av_l/av_r/x/y/theta/tx/ty/ttheta: 0.31039 0.00000 0.00000 0.00000 0.00439 0.00000 0.00017 0.00000 -23.60000 0.00000 0.00000 -23.50000 0.00000 0.00000
lin/ang/drive_left/drive_right/tv_l/tv_r/av_l/av_r/x/y/theta/tx/ty/ttheta: 0.31039 0.00000 0.00000 0.00000 0.00439 0.00000 0.04739 0.15553 -23.60000 0.00000 0.00000 -23.50000 0.00000 0.00000
lin/ang/drive_left/drive_right/tv_l/tv_r/av_l/av_r/x/y/theta/tx/ty/ttheta: 0.31039 0.00000 0.00000 0.00000 0.00439 0.00000 0.52669 0.42108 -23.60000 0.00000 0.00000 -23.50000 0.00000 0.00000
lin/ang/drive_left/drive_right/tv_l/tv_r/av_l/av_r/x/y/theta/tx/ty/ttheta: 0.44317 0.00532 0.07944 0.07944 0.16342 0.00532 0.25186 0.24314 -23.53745 -0.00313 0.00000 -23.30000 0.00000 0.00000
lin/ang/drive_left/drive_right/tv_l/tv_r/av_l/av_r/x/y/theta/tx/ty/ttheta: 0.52128 0.00000 0.15534 0.15534 0.23021 0.00000 0.25939 0.32614 -23.41513 0.00000 0.00000 -23.10000 0.00000 0.00000
lin/ang/drive_left/drive_right/tv_l/tv_r/av_l/av_r/x/y/theta/tx/ty/ttheta: 0.56371 0.00000 0.17829 0.17829 0.27706 0.00000 0.39289 0.50478 -23.27474 0.00000 0.00000 -23.00000 0.00000 0.00000
lin/ang/drive_left/drive_right/tv_l/tv_r/av_l/av_r/x/y/theta/tx/ty/ttheta: 0.64641 0.00000 0.27935 0.27935 0.35769 0.00000 0.45119 0.50939 -23.05478 0.00000 0.00000 -22.70000 0.00000 0.00000
lin/ang/drive_left/drive_right/tv_l/tv_r/av_l/av_r/x/y/theta/tx/ty/ttheta: 0.73472 -0.00188 0.33739 0.33739 0.44983 -0.00188 0.53214 0.50683 -22.78912 0.00139 0.00000 -22.40000 0.00000 0.00000
lin/ang/drive_left/drive_right/tv_l/tv_r/av_l/av_r/x/y/theta/tx/ty/ttheta: 0.83275 -0.00173 0.45963 0.45963 0.55315 -0.00173 0.59000 0.56928 -22.42720 0.00139 0.00000 -21.90000 0.00000 0.00000
lin/ang/drive_left/drive_right/tv_l/tv_r/av_l/av_r/x/y/theta/tx/ty/ttheta: 0.92053 -0.00161 0.48302 0.48302 0.64040 -0.00161 0.44164 0.54086 -22.04687 0.00139 0.00000 -21.40000 0.00000 0.00000
lin/ang/drive_left/drive_right/tv_l/tv_r/av_l/av_r/x/y/theta/tx/ty/ttheta: 0.99075 -0.00151 0.58762 0.58762 0.70988 -0.00151 0.71575 0.54875 -21.58418 0.00139 0.00000 -21.00000 0.00000 0.00000
lin/ang/drive_left/drive_right/tv_l/tv_r/av_l/av_r/x/y/theta/tx/ty/ttheta: 1.06738 -0.00300 0.65734 0.65734 0.79426 -0.00300 0.54686 0.73511 -21.06659 0.00295 0.00000 -20.40000 0.00000 0.00000
lin/ang/drive_left/drive_right/tv_l/tv_r/av_l/av_r/x/y/theta/tx/ty/ttheta: 1.14444 -0.00570 0.73127 0.73127 0.88658 -0.00570 0.43408 0.62797 -20.49079 0.00608 0.00000 -19.70000 0.00000 0.00000
lin/ang/drive_left/drive_right/tv_l/tv_r/av_l/av_r/x/y/theta/tx/ty/ttheta: 1.19862 -0.00788 0.77760 0.77760 0.96419 -0.00788 0.71867 0.79431 -19.87850 0.00903 0.00000 -19.10000 0.00000 0.00000
lin/ang/drive_left/drive_right/tv_l/tv_r/av_l/av_r/x/y/theta/tx/ty/ttheta: 1.26454 -0.02221 0.89786 0.89786 1.04645 -0.02221 0.82253 0.83997 -19.17152 0.02745 0.00000 -18.30000 0.00000 0.00000
lin/ang/drive_left/drive_right/tv_l/tv_r/av_l/av_r/x/y/theta/tx/ty/ttheta: 1.31414 -0.02776 0.85726 0.85726 1.11464 -0.02776 0.62625 0.88789 -18.49651 0.03666 0.00000 -17.60000 0.00000 0.00000
lin/ang/drive_left/drive_right/tv_l/tv_r/av_l/av_r/x/y/theta/tx/ty/ttheta: 1.37068 -0.02595 1.06093 1.06093 1.18398 -0.02595 0.82219 0.87094 -17.66114 0.03666 0.00000 -16.69999 0.00000 0.00000
lin/ang/drive_left/drive_right/tv_l/tv_r/av_l/av_r/x/y/theta/tx/ty/ttheta: 1.41379 -0.02847 1.01040 1.01040 1.24223 -0.02847 0.85658 0.86222 -16.86555 0.04274 0.00000 -15.89999 0.00000 0.00000
lin/ang/drive_left/drive_right/tv_l/tv_r/av_l/av_r/x/y/theta/tx/ty/ttheta: 1.46835 -0.02658 1.16949 1.16949 1.31341 -0.02658 0.85778 0.86136 -15.94468 0.04274 0.00000 -14.79999 0.00000 0.00000
lin/ang/drive_left/drive_right/tv_l/tv_r/av_l/av_r/x/y/theta/tx/ty/ttheta: 1.50353 -0.02687 1.21980 1.21980 1.36069 -0.02687 0.88342 0.88497 -14.98421 0.04570 0.00000 -13.89999 0.00000 0.00000
lin/ang/drive_left/drive_right/tv_l/tv_r/av_l/av_r/x/y/theta/tx/ty/ttheta: 1.50619 -0.02526 1.32462 1.32462 1.41696 -0.02526 0.88719 0.88669 -13.94120 0.04570 0.00000 -12.79999 0.00000 0.00000
lin/ang/drive_left/drive_right/tv_l/tv_r/av_l/av_r/x/y/theta/tx/ty/ttheta: 1.46680 -0.02718 1.32660 1.32660 1.46256 -0.02718 0.71508 0.77531 -12.89663 0.05178 0.00000 -11.69999 0.00000 0.00000
lin/ang/drive_left/drive_right/tv_l/tv_r/av_l/av_r/x/y/theta/tx/ty/ttheta: 1.42644 -0.02736 1.33036 1.33036 1.50716 -0.02736 0.72653 0.74842 -11.84911 0.05490 0.00000 -10.59999 0.00000 0.00000
lin/ang/drive_left/drive_right/tv_l/tv_r/av_l/av_r/x/y/theta/tx/ty/ttheta: 1.37579 -0.02840 1.34779 1.34779 1.51883 -0.02840 0.73506 0.76261 -10.78786 0.05803 0.00000 -9.59999 0.00000 0.00000
lin/ang/drive_left/drive_right/tv_l/tv_r/av_l/av_r/x/y/theta/tx/ty/ttheta: 1.32340 -0.03001 1.46628 1.46628 1.47638 -0.03001 0.75869 0.73814 -9.63331 0.05803 0.00000 -8.39998 0.00000 0.00000
lin/ang/drive_left/drive_right/tv_l/tv_r/av_l/av_r/x/y/theta/tx/ty/ttheta: 1.25600 -0.03173 1.41575 1.41575 1.42520 -0.03173 0.60847 0.61753 -8.51854 0.05803 0.00000 -7.39998 0.00000 0.00000
lin/ang/drive_left/drive_right/tv_l/tv_r/av_l/av_r/x/y/theta/tx/ty/ttheta: 1.18291 -0.04695 1.41178 1.41178 1.37224 -0.04695 0.53283 0.54669 -7.40690 0.08079 0.00000 -6.29998 0.00000 0.00000
lin/ang/drive_left/drive_right/tv_l/tv_r/av_l/av_r/x/y/theta/tx/ty/ttheta: 1.10918 -0.05184 1.31888 1.31888 1.31178 -0.05184 0.41050 0.41956 -6.36842 0.08392 0.00000 -5.39998 0.00000 0.00000
lin/ang/drive_left/drive_right/tv_l/tv_r/av_l/av_r/x/y/theta/tx/ty/ttheta: 1.02563 -0.06201 1.35375 1.35375 1.24416 -0.06201 0.42364 0.40278 -5.30247 0.09313 0.00000 -4.29998 0.00000 0.00000
lin/ang/drive_left/drive_right/tv_l/tv_r/av_l/av_r/x/y/theta/tx/ty/ttheta: 0.93939 -0.06697 1.25666 1.25666 1.16647 -0.06697 0.32253 0.28678 -4.31298 0.09313 0.00000 -3.39998 0.00000 0.00000
lin/ang/drive_left/drive_right/tv_l/tv_r/av_l/av_r/x/y/theta/tx/ty/ttheta: 0.84534 -0.07065 1.24121 1.24121 1.07578 -0.07065 0.19167 0.15911 -3.33565 0.09000 0.00000 -2.49998 0.00000 0.00000
lin/ang/drive_left/drive_right/tv_l/tv_r/av_l/av_r/x/y/theta/tx/ty/ttheta: 0.75422 -0.06836 1.08807 1.08807 0.99590 -0.06836 -0.10608 -0.10900 -2.47890 0.08079 0.00000 -1.69997 0.00000 0.00000
lin/ang/drive_left/drive_right/tv_l/tv_r/av_l/av_r/x/y/theta/tx/ty/ttheta: 0.69231 0.70234 0.95413 0.95413 0.90947 -0.04042 -0.12850 -0.12147 -1.72762 0.04413 0.00000 -0.99997 0.00000 0.00000
lin/ang/drive_left/drive_right/tv_l/tv_r/av_l/av_r/x/y/theta/tx/ty/ttheta: 0.68472 0.75108 0.76988 0.76988 0.84033 0.00000 -0.04003 0.14442 -1.12141 0.00000 0.00000 -0.39997 0.00000 0.00000
lin/ang/drive_left/drive_right/tv_l/tv_r/av_l/av_r/x/y/theta/tx/ty/ttheta: 0.67229 0.82714 0.66132 0.66132 0.77280 0.06776 -0.11378 0.57594 -0.60069 -0.06568 0.00000 0.00008 0.00000 0.00014
lin/ang/drive_left/drive_right/tv_l/tv_r/av_l/av_r/x/y/theta/tx/ty/ttheta: 0.66530 1.00352 0.58563 0.58563 0.70656 0.23382 0.32408 0.69131 -0.13957 -0.09174 0.00000 0.49936 0.00356 0.81971
lin/ang/drive_left/drive_right/tv_l/tv_r/av_l/av_r/x/y/theta/tx/ty/ttheta: 0.65568 1.21457 0.67103 0.67103 0.68346 1.18158 0.37353 0.71231 0.38880 -0.14056 0.00000 0.99855 0.01435 1.66239
lin/ang/drive_left/drive_right/tv_l/tv_r/av_l/av_r/x/y/theta/tx/ty/ttheta: 0.64761 1.28419 0.68073 0.68073 0.67282 1.25352 0.20567 0.66761 0.92481 -0.05508 0.00000 1.49751 0.03259 2.52833
lin/ang/drive_left/drive_right/tv_l/tv_r/av_l/av_r/x/y/theta/tx/ty/ttheta: 0.63580 1.34879 0.62447 0.62447 0.66003 1.31853 0.04261 0.61033 1.41652 0.01529 0.00000 1.89644 0.05267 3.23794
lin/ang/drive_left/drive_right/tv_l/tv_r/av_l/av_r/x/y/theta/tx/ty/ttheta: 0.62965 1.65252 0.59732 0.59732 0.65285 1.62281 0.17728 0.60281 1.88685 -0.08566 0.00000 2.39472 0.08481 4.14610
lin/ang/drive_left/drive_right/tv_l/tv_r/av_l/av_r/x/y/theta/tx/ty/ttheta: 0.62237 1.91247 0.64013 0.64013 0.64449 1.88344 0.13503 0.64611 2.39089 -0.13604 0.00000 2.89240 0.12494 5.07761
lin/ang/drive_left/drive_right/tv_l/tv_r/av_l/av_r/x/y/theta/tx/ty/ttheta: 0.61594 2.21796 0.62645 0.62645 0.63691 2.18978 -0.15725 0.63619 2.88416 -0.21388 0.00000 3.38936 0.17326 6.03232
lin/ang/drive_left/drive_right/tv_l/tv_r/av_l/av_r/x/y/theta/tx/ty/ttheta: 0.60782 2.53872 0.59534 0.59534 0.62783 2.51134 -0.18789 0.68375 3.35293 -0.33290 0.00000 3.78631 0.21793 6.81259
lin/ang/drive_left/drive_right/tv_l/tv_r/av_l/av_r/x/y/theta/tx/ty/ttheta: 0.60074 2.92140 0.57217 0.57217 0.61976 2.89493 -0.24022 0.71300 3.80346 -0.49640 0.00000 4.18261 0.26805 7.60727
lin/ang/drive_left/drive_right/tv_l/tv_r/av_l/av_r/x/y/theta/tx/ty/ttheta: 0.59968 2.85544 -0.00769 1.17836 0.61634 2.83180 -0.29142 0.69161 4.26222 -0.58410 2.54803 4.67695 0.33852 8.62042
lin/ang/drive_left/drive_right/tv_l/tv_r/av_l/av_r/x/y/theta/tx/ty/ttheta: 0.59705 2.23949 -0.14865 1.08630 0.61296 2.21666 -0.13075 0.64611 4.62829 -0.59059 7.31996 4.97292 0.38502 9.23857
lin/ang/drive_left/drive_right/tv_l/tv_r/av_l/av_r/x/y/theta/tx/ty/ttheta: 0.59526 2.18134 0.31283 0.71786 0.61013 2.15967 0.26144 0.57375 5.06108 -0.75188 10.17003 5.36674 0.45202 10.07438
lin/ang/drive_left/drive_right/tv_l/tv_r/av_l/av_r/x/y/theta/tx/ty/ttheta: 0.59097 2.97289 0.63599 0.36256 0.60476 2.95250 0.45600 0.48922 5.52018 -1.09229 9.26046 5.75954 0.52480 10.92295
lin/ang/drive_left/drive_right/tv_l/tv_r/av_l/av_r/x/y/theta/tx/ty/ttheta: 0.58911 3.01597 0.21697 0.88474 0.60179 2.99698 0.20994 0.67400 5.98001 -1.21600 11.39416 6.15123 0.60344 11.78368
lin/ang/drive_left/drive_right/tv_l/tv_r/av_l/av_r/x/y/theta/tx/ty/ttheta: 0.59362 1.91590 -0.52968 1.66140 0.60515 1.89843 -0.30953 0.66100 6.39176 -1.06565 18.39337 6.54168 0.68799 12.65585
lin/ang/drive_left/drive_right/tv_l/tv_r/av_l/av_r/x/y/theta/tx/ty/ttheta: 0.59661 0.76826 -0.05159 1.21054 0.60694 0.75243 -0.11636 0.23169 6.79467 -0.85824 25.23090 6.93081 0.77852 13.53872
lin/ang/drive_left/drive_right/tv_l/tv_r/av_l/av_r/x/y/theta/tx/ty/ttheta: 0.59569 0.73059 0.51666 0.54616 0.60478 0.71652 0.43822 -0.15192 7.27587 -0.88789 27.38331 7.31850 0.87507 14.43141
lin/ang/drive_left/drive_right/tv_l/tv_r/av_l/av_r/x/y/theta/tx/ty/ttheta: 0.59427 1.71189 0.65924 0.35346 0.60176 1.70018 0.46919 -0.12731 7.81481 -1.07656 24.95603 7.80092 1.00429 15.55964
lin/ang/drive_left/drive_right/tv_l/tv_r/av_l/av_r/x/y/theta/tx/ty/ttheta: 0.59463 1.57506 0.11743 1.00321 0.60079 1.56536 0.28250 0.37644 8.28562 -1.04439 27.35684 8.18497 1.11451 16.47082
lin/ang/drive_left/drive_right/tv_l/tv_r/av_l/av_r/x/y/theta/tx/ty/ttheta: 0.59919 0.71940 -0.13274 1.19855 0.60398 0.71181 -0.16833 0.72875 8.61619 -0.78251 32.02942 8.56721 1.23086 17.38843
lin/ang/drive_left/drive_right/tv_l/tv_r/av_l/av_r/x/y/theta/tx/ty/ttheta: 0.59682 -0.00480 0.23191 0.86732 0.60056 -0.01074 0.29278 0.24808 8.92303 -0.46377 35.54545 8.85266 1.32215 18.08016
lin/ang/drive_left/drive_right/tv_l/tv_r/av_l/av_r/x/y/theta/tx/ty/ttheta: 0.59624 0.91419 1.01897 -0.00816 0.59816 0.91112 0.52344 -0.12008 9.39472 -0.44815 32.18156 9.32590 1.48195 19.23808
lin/ang/drive_left/drive_right/tv_l/tv_r/av_l/av_r/x/y/theta/tx/ty/ttheta: 0.59460 1.34804 0.49264 0.54056 0.59503 1.34736 0.40964 -0.04517 9.83017 -0.37956 31.14231 9.70211 1.61667 20.16747
lin/ang/drive_left/drive_right/tv_l/tv_r/av_l/av_r/x/y/theta/tx/ty/ttheta: 0.59704 0.60431 -0.11132 1.04302 0.59631 0.60548 -0.14664 0.43972 10.09668 -0.11953 35.05285 9.98282 1.72172 20.86537
lin/ang/drive_left/drive_right/tv_l/tv_r/av_l/av_r/x/y/theta/tx/ty/ttheta: 0.59929 -0.20106 0.11112 0.77082 0.59738 -0.19802 0.09908 0.57406 10.28574 0.20741 38.65671 10.26223 1.83017 21.56331
lin/ang/drive_left/drive_right/tv_l/tv_r/av_l/av_r/x/y/theta/tx/ty/ttheta: 0.59533 0.15916 0.91936 0.01473 0.59222 0.16411 0.60811 0.17436 10.60915 0.39039 37.00596 10.54032 1.94203 22.26070
lin/ang/drive_left/drive_right/tv_l/tv_r/av_l/av_r/x/y/theta/tx/ty/ttheta: 0.59349 0.92487 0.67755 0.33676 0.58873 0.93242 0.75819 0.00686 11.00785 0.51837 33.65713 10.90896 2.09643 23.18856
lin/ang/drive_left/drive_right/tv_l/tv_r/av_l/av_r/x/y/theta/tx/ty/ttheta: 0.58994 1.53909 0.58023 0.31634 0.58391 1.54861 0.19731 0.49828 11.35660 0.62730 31.00950 11.18379 2.21613 23.88212
lin/ang/drive_left/drive_right/tv_l/tv_r/av_l/av_r/x/y/theta/tx/ty/ttheta: 0.59333 0.78587 -0.12255 1.00466 0.58600 0.79738 -0.15725 0.76075 11.55771 0.95809 34.52121 11.45716 2.33915 24.57295
lin/ang/drive_left/drive_right/tv_l/tv_r/av_l/av_r/x/y/theta/tx/ty/ttheta: 0.60000 -0.20021 0.03080 0.97337 0.59089 -0.18603 -0.11172 0.65808 11.75755 1.35147 39.11464 11.81932 2.50827 25.48865
lin/ang/drive_left/drive_right/tv_l/tv_r/av_l/av_r/x/y/theta/tx/ty/ttheta: 0.59975 -0.39062 0.49235 0.45618 0.58927 -0.37442 0.40586 0.10831 12.02090 1.61900 40.03300 12.08916 2.63889 26.17054
lin/ang/drive_left/drive_right/tv_l/tv_r/av_l/av_r/x/y/theta/tx/ty/ttheta: 0.60346 0.37246 0.96743 -0.05806 0.59110 0.39134 0.56875 -0.14422 12.40277 1.71530 36.88326 12.44652 2.81801 27.07194
lin/ang/drive_left/drive_right/tv_l/tv_r/av_l/av_r/x/y/theta/tx/ty/ttheta: 0.60355 0.80021 0.54805 0.33929 0.58974 0.82110 0.32408 0.33828 12.73616 1.85105 35.21734 12.71267 2.95601 27.74131
lin/ang/drive_left/drive_right/tv_l/tv_r/av_l/av_r/x/y/theta/tx/ty/ttheta: 0.61208 0.04766 -0.04703 0.99439 0.59627 0.07123 0.00086 0.78917 12.95241 2.18320 39.00944 13.06504 3.14482 28.62372
lin/ang/drive_left/drive_right/tv_l/tv_r/av_l/av_r/x/y/theta/tx/ty/ttheta: 0.61506 -0.40541 0.20132 0.67555 0.59770 -0.37986 0.19883 0.61494 13.14409 2.49233 41.01279 13.32741 3.28996 29.27712
lin/ang/drive_left/drive_right/tv_l/tv_r/av_l/av_r/x/y/theta/tx/ty/ttheta: 0.62038 0.27929 1.04579 -0.05490 0.60088 0.30747 0.55267 0.21269 13.51124 2.65991 37.93472 13.67465 3.48808 30.13597
lin/ang/drive_left/drive_right/tv_l/tv_r/av_l/av_r/x/y/theta/tx/ty/ttheta: 0.62172 0.85572 0.75828 0.15741 0.60056 0.88586 0.52375 0.28044 13.85611 2.80048 35.46205 13.93313 3.64006 30.77007
lin/ang/drive_left/drive_right/tv_l/tv_r/av_l/av_r/x/y/theta/tx/ty/ttheta: 0.63006 0.47548 0.07024 0.94978 0.60660 0.50818 -0.00225 0.75733 14.13345 3.10067 37.61623 14.27517 3.84710 31.60109
lin/ang/drive_left/drive_right/tv_l/tv_r/av_l/av_r/x/y/theta/tx/ty/ttheta: 0.64138 -0.32640 0.07290 0.94809 0.61330 -0.28832 -0.04208 0.73131 14.33300 3.49117 41.44614 14.61422 4.05904 32.41438
lin/ang/drive_left/drive_right/tv_l/tv_r/av_l/av_r/x/y/theta/tx/ty/ttheta: 0.64997 -0.30450 0.70229 0.34137 0.61914 -0.26376 0.45978 0.24469 14.63433 3.77061 41.47328 14.95026 4.27571 33.20874
lin/ang/drive_left/drive_right/tv_l/tv_r/av_l/av_r/x/y/theta/tx/ty/ttheta: 0.66027 0.41753 0.94760 0.01932 0.62652 0.46088 0.60247 0.01114 15.01735 3.90712 38.47790 15.28331 4.49697 33.98300
lin/ang/drive_left/drive_right/tv_l/tv_r/av_l/av_r/x/y/theta/tx/ty/ttheta: 0.66880 0.88234 0.67288 0.45907 0.63195 0.92826 0.30906 0.48492 15.42310 4.11079 36.74867 15.61341 4.72266 34.73611
lin/ang/drive_left/drive_right/tv_l/tv_r/av_l/av_r/x/y/theta/tx/ty/ttheta: 0.68364 0.02667 -0.09698 1.17922 0.64032 0.07868 -0.02056 0.80592 15.65204 4.50545 41.12038 15.94056 4.95262 35.46706
lin/ang/drive_left/drive_right/tv_l/tv_r/av_l/av_r/x/y/theta/tx/ty/ttheta: 0.69515 -0.75219 0.22725 0.88714 0.64799 -0.69751 0.18531 0.31228 15.85236 4.93481 44.79443 16.26481 5.18668 36.17493
lin/ang/drive_left/drive_right/tv_l/tv_r/av_l/av_r/x/y/theta/tx/ty/ttheta: 0.71317 -0.11126 1.17175 -0.10406 0.66183 -0.05396 0.67281 -0.13108 16.22791 5.14940 41.95353 16.66611 5.48474 37.02601
lin/ang/drive_left/drive_right/tv_l/tv_r/av_l/av_r/x/y/theta/tx/ty/ttheta: 0.73938 0.86588 1.10907 0.03468 0.67803 0.93059 0.73253 0.00683 16.68399 5.30625 37.76811 17.06305 5.78861 37.83826
lin/ang/drive_left/drive_right/tv_l/tv_r/av_l/av_r/x/y/theta/tx/ty/ttheta: 0.75562 1.37972 0.54095 0.56005 0.68875 1.44722 0.23097 0.49569 17.08200 5.49776 35.81311 17.37755 6.03567 38.45923
lin/ang/drive_left/drive_right/tv_l/tv_r/av_l/av_r/x/y/theta/tx/ty/ttheta: 0.78372 0.57671 -0.06112 1.15206 0.70939 0.64799 -0.02531 0.82525 17.29035 5.93262 39.75792 17.76698 6.34914 39.19844
lin/ang/drive_left/drive_right/tv_l/tv_r/av_l/av_r/x/y/theta/tx/ty/ttheta: 0.80662 0.01446 0.29906 0.87151 0.72165 0.09520 0.29172 0.69847 17.53465 6.35472 42.37327 18.07567 6.60344 39.75960
lin/ang/drive_left/drive_right/tv_l/tv_r/av_l/av_r/x/y/theta/tx/ty/ttheta: 0.83624 0.98283 1.25162 -0.12304 0.74526 1.07102 0.76997 0.35333 17.96633 6.53165 38.02983 18.45812 6.92543 40.42261
lin/ang/drive_left/drive_right/tv_l/tv_r/av_l/av_r/x/y/theta/tx/ty/ttheta: 0.86121 2.03846 1.21763 -0.04576 0.76045 2.14026 0.63756 0.51283 18.44463 6.65696 33.40815 18.76147 7.18612 40.92181
lin/ang/drive_left/drive_right/tv_l/tv_r/av_l/av_r/x/y/theta/tx/ty/ttheta: 0.91088 1.79299 0.13096 1.23053 0.79788 1.91479 -0.05253 0.82217 18.84497 7.02132 35.35821 19.28706 7.64838 41.72771
lin/ang/drive_left/drive_right/tv_l/tv_r/av_l/av_r/x/y/theta/tx/ty/ttheta: 0.94885 0.38399 -0.17934 1.56720 0.82240 0.52500 -0.11567 0.66219 19.09208 7.58731 42.25088 19.65866 7.98288 42.24999
lin/ang/drive_left/drive_right/tv_l/tv_r/av_l/av_r/x/y/theta/tx/ty/ttheta: 0.99382 -0.28969 0.55353 0.87561 0.85659 -0.13407 0.41889 0.34819 19.40689 8.07144 45.60601 20.10073 8.38852 42.81749
lin/ang/drive_left/drive_right/tv_l/tv_r/av_l/av_r/x/y/theta/tx/ty/ttheta: 1.04266 0.57306 1.17319 0.16031 0.88511 0.75074 0.80831 -0.03336 19.91286 8.30255 41.67874 20.46621 8.72972 43.24073
lin/ang/drive_left/drive_right/tv_l/tv_r/av_l/av_r/x/y/theta/tx/ty/ttheta: 1.12239 1.03636 1.06066 0.35070 0.92881 1.25378 0.66153 0.51025 20.39106 8.59889 39.66436 20.97390 9.21162 43.75700
lin/ang/drive_left/drive_right/tv_l/tv_r/av_l/av_r/x/y/theta/tx/ty/ttheta: 1.16827 0.85814 0.61077 0.87771 0.95879 1.10935 0.50683 0.83553 20.77407 9.05495 40.20985 21.33407 9.55843 44.07114
lin/ang/drive_left/drive_right/tv_l/tv_r/av_l/av_r/x/y/theta/tx/ty/ttheta: 1.22727 0.84934 0.97852 0.78702 1.01152 1.15017 0.63739 0.85314 21.25003 9.56851 39.81005 21.83539 10.04697 44.43427
lin/ang/drive_left/drive_right/tv_l/tv_r/av_l/av_r/x/y/theta/tx/ty/ttheta: 1.26264 0.86420 0.87199 0.91693 1.09081 1.24008 0.65364 0.58006 21.77475 10.03919 39.41783 22.47606 10.67907 44.76959
lin/ang/drive_left/drive_right/tv_l/tv_r/av_l/av_r/x/y/theta/tx/ty/ttheta: 1.21889 1.01320 0.78296 0.90215 1.14132 1.41009 0.68889 0.79564 22.30829 10.43451 38.57961 22.90146 11.10219 44.91085
lin/ang/drive_left/drive_right/tv_l/tv_r/av_l/av_r/x/y/theta/tx/ty/ttheta: 1.16101 1.21137 1.13449 0.70221 1.19975 1.62511 0.66492 0.86136 22.89091 10.86299 37.37128 23.46751 11.66751 44.99679
lin/ang/drive_left/drive_right/tv_l/tv_r/av_l/av_r/x/y/theta/tx/ty/ttheta: 1.09462 0.60279 0.76215 1.41653 1.26456 0.97866 0.51794 0.69281 23.48503 11.49336 40.13968 24.10404 12.30377 44.95356
lin/ang/drive_left/drive_right/tv_l/tv_r/av_l/av_r/x/y/theta/tx/ty/ttheta: 1.03349 0.26014 0.83992 1.40333 1.24570 0.56674 0.37522 0.56806 24.12300 12.10567 41.60679 24.74188 12.93872 44.76220
lin/ang/drive_left/drive_right/tv_l/tv_r/av_l/av_r/x/y/theta/tx/ty/ttheta: 0.97314 0.18328 1.21983 0.88589 1.18212 0.43926 0.65056 0.32647 24.75553 12.64219 41.74011 25.23992 13.43062 44.51096
lin/ang/drive_left/drive_right/tv_l/tv_r/av_l/av_r/x/y/theta/tx/ty/ttheta: 0.92728 0.02523 0.97632 1.17978 1.10968 0.22743 0.68803 0.37664 25.37800 13.21950 42.08984 25.88409 14.05914 44.05635
lin/ang/drive_left/drive_right/tv_l/tv_r/av_l/av_r/x/y/theta/tx/ty/ttheta: 0.87277 -0.34963 0.80590 1.53483 1.02498 -0.18156 0.45547 0.38931 26.01718 13.88603 43.32587 26.46148 14.61288 43.52817
lin/ang/drive_left/drive_right/tv_l/tv_r/av_l/av_r/x/y/theta/tx/ty/ttheta: 0.83384 -0.75371 0.97023 1.02924 0.96379 -0.61186 0.38756 0.19422 26.52600 14.49267 44.39551 27.04452 15.16069 42.88358
lin/ang/drive_left/drive_right/tv_l/tv_r/av_l/av_r/x/y/theta/tx/ty/ttheta: 0.79123 -1.31103 0.79580 1.29953 0.90456 -1.19307 0.50647 -0.14903 27.04134 15.14368 46.15563 27.56012 15.63417 42.22457
lin/ang/drive_left/drive_right/tv_l/tv_r/av_l/av_r/x/y/theta/tx/ty/ttheta: 0.75957 -1.29633 1.19921 0.68379 0.86034 -1.19791 0.53131 -0.32833 27.55843 15.67432 44.96059 28.08150 16.10129 41.47764
lin/ang/drive_left/drive_right/tv_l/tv_r/av_l/av_r/x/y/theta/tx/ty/ttheta: 0.73514 -0.96659 1.45658 0.22051 0.82300 -0.88395 0.65158 -0.07753 28.05861 16.10423 42.13819 28.60928 16.56118 40.64379
lin/ang/drive_left/drive_right/tv_l/tv_r/av_l/av_r/x/y/theta/tx/ty/ttheta: 0.70703 -0.97647 1.05406 0.76271 0.78114 -0.90552 0.42042 0.23697 28.59003 16.58268 41.21567 29.06721 16.94896 39.86092
lin/ang/drive_left/drive_right/tv_l/tv_r/av_l/av_r/x/y/theta/tx/ty/ttheta: 0.68499 -1.56016 0.32999 1.27740 0.75007 -1.49352 0.11806 0.26983 28.93316 17.15264 42.36518 29.53060 17.33019 39.01639
lin/ang/drive_left/drive_right/tv_l/tv_r/av_l/av_r/x/y/theta/tx/ty/ttheta: 0.66963 -2.23675 0.83262 0.68201 0.72406 -2.17763 0.36003 0.04997 29.20646 17.73326 43.58027 29.99979 17.70431 38.11163
lin/ang/drive_left/drive_right/tv_l/tv_r/av_l/av_r/x/y/theta/tx/ty/ttheta: 0.65601 -1.89571 1.13217 0.23120 0.70496 -1.83986 0.67436 -0.33881 29.58536 18.11086 40.24550 30.39539 18.01024 37.31290
lin/ang/drive_left/drive_right/tv_l/tv_r/av_l/av_r/x/y/theta/tx/ty/ttheta: 0.64673 -1.01911 1.18875 0.03040 0.69076 -0.96658 0.74431 -0.12969 30.05699 18.28381 35.08418 30.79532 18.31048 36.47481
lin/ang/drive_left/drive_right/tv_l/tv_r/av_l/av_r/x/y/theta/tx/ty/ttheta: 0.63766 -1.03770 0.79828 0.51110 0.67512 -0.99128 0.40536 0.27069 30.43654 18.64060 33.83876 31.19972 18.60473 35.59872
lin/ang/drive_left/drive_right/tv_l/tv_r/av_l/av_r/x/y/theta/tx/ty/ttheta: 0.62321 -1.84616 0.24054 0.97399 0.65677 -1.80295 0.01317 0.44847 30.65778 19.16551 35.80725 31.52651 18.83557 34.87156
lin/ang/drive_left/drive_right/tv_l/tv_r/av_l/av_r/x/y/theta/tx/ty/ttheta: 0.61249 -2.41637 0.74080 0.47274 0.64315 -2.37578 0.49211 0.14614 30.85138 19.70964 36.10001 31.85625 19.06219 34.12198
lin/ang/drive_left/drive_right/tv_l/tv_r/av_l/av_r/x/y/theta/tx/ty/ttheta: 0.61049 -1.53027 1.29838 -0.24874 0.63841 -1.49234 0.83244 -0.29550 31.21273 19.90236 30.21041 32.18899 19.28441 33.35098
lin/ang/drive_left/drive_right/tv_l/tv_r/av_l/av_r/x/y/theta/tx/ty/ttheta: 0.60855 -1.02632 1.08451 0.12052 0.63187 -0.99377 0.34769 -0.13072 31.63690 20.11086 26.56679 32.60915 19.55579 32.35869
lin/ang/drive_left/drive_right/tv_l/tv_r/av_l/av_r/x/y/theta/tx/ty/ttheta: 0.59922 -2.11499 0.06408 1.00399 0.62024 -2.08501 0.02961 0.46286 31.86358 20.58209 30.22756 32.94869 19.76756 31.54344
lin/ang/drive_left/drive_right/tv_l/tv_r/av_l/av_r/x/y/theta/tx/ty/ttheta: 0.59403 -2.63909 0.54957 0.44938 0.61285 -2.61173 0.34633 0.20636 32.09817 20.95698 31.08398 33.29124 19.97443 30.71047
lin/ang/drive_left/drive_right/tv_l/tv_r/av_l/av_r/x/y/theta/tx/ty/ttheta: 0.59194 -2.06083 1.32297 -0.16013 0.60864 -2.03611 0.79856 -0.12528 32.51474 21.14377 27.07352 33.63681 20.17626 29.86109
lin/ang/drive_left/drive_right/tv_l/tv_r/av_l/av_r/x/y/theta/tx/ty/ttheta: 0.59047 -1.36104 1.02588 0.11437 0.60514 -1.33899 0.65208 -0.28319 32.95816 21.25214 22.87304 33.98537 20.37291 28.99666
lin/ang/drive_left/drive_right/tv_l/tv_r/av_l/av_r/x/y/theta/tx/ty/ttheta: 0.58945 -1.24839 0.50574 0.47040 0.60217 -1.22902 0.26708 0.31792 33.30124 21.42848 21.40295 34.33690 20.56424 28.11859
lin/ang/drive_left/drive_right/tv_l/tv_r/av_l/av_r/x/y/theta/tx/ty/ttheta: 0.58689 -1.65508 0.37325 0.59882 0.59771 -1.63840 0.27719 0.56500 33.60538 21.69969 22.23674 34.69136 20.75013 27.22837
lin/ang/drive_left/drive_right/tv_l/tv_r/av_l/av_r/x/y/theta/tx/ty/ttheta: 0.58558 -1.24937 0.96854 0.16125 0.59456 -1.23537 0.58639 0.30353 34.03121 21.82831 19.47687 35.04868 20.93046 26.32749
lin/ang/drive_left/drive_right/tv_l/tv_r/av_l/av_r/x/y/theta/tx/ty/ttheta: 0.58638 -1.01090 0.80422 0.40930 0.59314 -1.00025 0.42844 -0.05083 34.48869 21.96539 17.54097 35.49930 21.14790 25.18872
lin/ang/drive_left/drive_right/tv_l/tv_r/av_l/av_r/x/y/theta/tx/ty/ttheta: 0.58234 -1.27310 0.57657 0.59384 0.58740 -1.26510 0.24228 0.33603 34.90419 22.17876 18.01981 35.86287 21.31536 24.26953
lin/ang/drive_left/drive_right/tv_l/tv_r/av_l/av_r/x/y/theta/tx/ty/ttheta: 0.58026 -1.62547 0.46193 0.61142 0.58365 -1.62008 0.39850 0.32544 35.27120 22.41511 18.73162 36.22912 21.47695 23.34471
lin/ang/drive_left/drive_right/tv_l/tv_r/av_l/av_r/x/y/theta/tx/ty/ttheta: 0.58340 -0.87083 1.15038 -0.10347 0.58518 -0.86799 0.64542 0.06194 35.69254 22.43911 14.40865 36.59793 21.63260 22.41585
lin/ang/drive_left/drive_right/tv_l/tv_r/av_l/av_r/x/y/theta/tx/ty/ttheta: 0.58186 -0.66524 0.62112 0.57290 0.58207 -0.66490 0.22228 0.01317 36.14964 22.54849 12.76046 36.96926 21.78225 21.48449
lin/ang/drive_left/drive_right/tv_l/tv_r/av_l/av_r/x/y/theta/tx/ty/ttheta: 0.58170 -1.87247 0.04221 1.08634 0.58001 -1.87516 -0.02242 0.43683 36.50631 22.94460 17.14545 37.43677 21.96079 20.31910
lin/ang/drive_left/drive_right/tv_l/tv_r/av_l/av_r/x/y/theta/tx/ty/ttheta: 0.58073 -2.42118 0.52922 0.54648 0.57757 -2.42620 0.35572 0.20514 36.86060 23.22628 18.51739 37.81335 22.09676 19.38765
lin/ang/drive_left/drive_right/tv_l/tv_r/av_l/av_r/x/y/theta/tx/ty/ttheta: 0.58723 -1.75890 0.98026 -0.01539 0.58265 -1.76616 0.78828 -0.26231 37.25677 23.22511 14.67756 38.19210 22.22660 18.45850
lin/ang/drive_left/drive_right/tv_l/tv_r/av_l/av_r/x/y/theta/tx/ty/ttheta: 0.59018 -0.85430 0.98069 0.22248 0.58421 -0.86370 0.68322 -0.12542 37.74923 23.18621 9.81900 38.57292 22.35031 17.53305
lin/ang/drive_left/drive_right/tv_l/tv_r/av_l/av_r/x/y/theta/tx/ty/ttheta: 0.59229 -0.88173 0.57357 0.49451 0.58499 -0.89317 0.11739 0.46250 38.15183 23.32780 9.02244 38.95570 22.46787 16.61257
lin/ang/drive_left/drive_right/tv_l/tv_r/av_l/av_r/x/y/theta/tx/ty/ttheta: 0.58958 -2.12889 -0.07453 1.16749 0.58098 -2.14225 -0.05919 0.54858 38.51923 23.69513 13.81170 39.34032 22.57928 15.69831
lin/ang/drive_left/drive_right/tv_l/tv_r/av_l/av_r/x/y/theta/tx/ty/ttheta: 0.59431 -2.16544 0.75938 0.21546 0.58445 -2.18061 0.49467 0.15503 38.88406 23.81711 13.07885 39.72668 22.68457 14.79141
lin/ang/drive_left/drive_right/tv_l/tv_r/av_l/av_r/x/y/theta/tx/ty/ttheta: 0.59380 -1.33685 1.23647 -0.18897 0.59029 -1.36502 0.68067 -0.04314 39.31633 23.75072 8.66562 40.11466 22.78376 13.89298
lin/ang/drive_left/drive_right/tv_l/tv_r/av_l/av_r/x/y/theta/tx/ty/ttheta: 0.57823 -0.95826 0.75284 0.32890 0.59340 -1.01710 0.37694 0.24178 39.74776 23.73741 6.62782 40.50417 22.87690 13.00398
lin/ang/drive_left/drive_right/tv_l/tv_r/av_l/av_r/x/y/theta/tx/ty/ttheta: 0.55615 -2.00124 0.00381 1.11713 0.59106 -2.09126 0.02394 0.53008 40.15477 23.99552 11.07298 40.89506 22.96401 12.12536
lin/ang/drive_left/drive_right/tv_l/tv_r/av_l/av_r/x/y/theta/tx/ty/ttheta: 0.54186 -2.38350 0.48456 0.54472 0.59320 -2.49589 0.27172 0.29756 40.53740 24.14649 12.24545 41.28724 23.04516 11.25791
lin/ang/drive_left/drive_right/tv_l/tv_r/av_l/av_r/x/y/theta/tx/ty/ttheta: 0.52727 -1.80916 0.87481 0.10853 0.58311 -1.92773 0.61000 -0.13517 40.93831 24.10783 8.94919 41.68060 23.12041 10.40240
lin/ang/drive_left/drive_right/tv_l/tv_r/av_l/av_r/x/y/theta/tx/ty/ttheta: 0.50967 -1.25293 0.94077 0.12376 0.56835 -1.37456 0.59578 -0.21133 41.36817 24.05228 5.90893 42.07505 23.18982 9.55941
lin/ang/drive_left/drive_right/tv_l/tv_r/av_l/av_r/x/y/theta/tx/ty/ttheta: 0.49451 -1.33581 0.40503 0.61483 0.55122 -1.45053 0.21097 0.35814 41.76824 24.08673 5.92660 42.47048 23.25346 8.72958
lin/ang/drive_left/drive_right/tv_l/tv_r/av_l/av_r/x/y/theta/tx/ty/ttheta: 0.46898 -1.94102 0.08343 0.87806 0.52815 -2.05786 0.12147 0.43597 42.12983 24.24705 8.47934 42.66853 23.28315 8.31973
lin/ang/drive_left/drive_right/tv_l/tv_r/av_l/av_r/x/y/theta/tx/ty/ttheta: 0.45479 -1.84590 0.79061 0.13813 0.51196 -1.95535 0.49742 0.09222 42.49473 24.27611 7.36271 43.06525 23.33830 7.51046
lin/ang/drive_left/drive_right/tv_l/tv_r/av_l/av_r/x/y/theta/tx/ty/ttheta: 0.43659 -1.01125 0.83706 0.13650 0.49663 -1.12287 0.74583 -0.25239 42.89057 24.15516 3.09598 43.36328 23.37600 6.91280
lin/ang/drive_left/drive_right/tv_l/tv_r/av_l/av_r/x/y/theta/tx/ty/ttheta: 0.41327 -0.44731 0.65549 0.35406 0.47773 -0.56216 0.33708 0.12306 43.29096 24.05742 0.19098 43.76122 23.42148 6.12858
lin/ang/drive_left/drive_right/tv_l/tv_r/av_l/av_r/x/y/theta/tx/ty/ttheta: 0.39270 -1.20422 -0.13367 1.07063 0.45540 -1.31160 -0.22347 0.50308 43.65594 24.19791 3.38123 44.15977 23.46156 5.35903
lin/ang/drive_left/drive_right/tv_l/tv_r/av_l/av_r/x/y/theta/tx/ty/ttheta: 0.36631 -2.26640 -0.05153 0.90845 0.43320 -2.37682 -0.22878 0.32017 43.97297 24.42509 7.89905 44.45900 23.48813 4.79162
lin/ang/drive_left/drive_right/tv_l/tv_r/av_l/av_r/x/y/theta/tx/ty/ttheta: 0.34911 -2.75700 0.29358 0.48660 0.41289 -2.85904 0.35456 -0.28744 44.26552 24.54331 9.67271 44.75849 23.51176 4.23263
lin/ang/drive_left/drive_right/tv_l/tv_r/av_l/av_r/x/y/theta/tx/ty/ttheta: 0.32079 -1.89242 1.20616 -0.30608 0.38975 -1.99844 0.68597 -0.46831 44.63872 24.42422 5.27602 44.95827 23.52590 3.86468
lin/ang/drive_left/drive_right/tv_l/tv_r/av_l/av_r/x/y/theta/tx/ty/ttheta: 0.30548 -1.25752 0.60989 0.11745 0.37132 -1.35536 0.38294 -0.18275 44.93363 24.30101 1.99415 45.25810 23.54472 3.31979
lin/ang/drive_left/drive_right/tv_l/tv_r/av_l/av_r/x/y/theta/tx/ty/ttheta: 0.27585 -1.93352 -0.16556 0.81183 0.34864 -2.03711 -0.15947 0.32150 45.18093 24.43064 4.86392 45.55810 23.56071 2.78338
lin/ang/drive_left/drive_right/tv_l/tv_r/av_l/av_r/x/y/theta/tx/ty/ttheta: 0.26189 -2.74791 -0.00699 0.55620 0.32915 -2.84160 -0.10283 0.30594 45.37656 24.63183 7.96665 45.75818 23.56982 2.43049
lin/ang/drive_left/drive_right/tv_l/tv_r/av_l/av_r/x/y/theta/tx/ty/ttheta: 0.23939 -2.55043 0.72886 -0.19878 0.31262 -2.64939 0.47483 -0.29142 45.58556 24.63776 6.43711 45.95830 23.57770 2.08138
lin/ang/drive_left/drive_right/tv_l/tv_r/av_l/av_r/x/y/theta/tx/ty/ttheta: 0.22948 -1.63739 0.67698 -0.12545 0.29676 -1.72630 0.53675 -0.41497 45.81446 24.48054 1.74989 46.15847 23.58437 1.73603
lin/ang/drive_left/drive_right/tv_l/tv_r/av_l/av_r/x/y/theta/tx/ty/ttheta: 0.19754 -1.33310 0.36818 0.15401 0.27291 -1.42961 0.21372 -0.09497 46.02083 24.43379 0.18647 46.25857 23.58726 1.56475
lin/ang/drive_left/drive_right/tv_l/tv_r/av_l/av_r/x/y/theta/tx/ty/ttheta: 0.18074 -2.04666 -0.19034 0.62405 0.24996 -2.13327 -0.19592 0.34289 46.18808 24.59040 2.97858 46.45879 23.59213 1.22503
lin/ang/drive_left/drive_right/tv_l/tv_r/av_l/av_r/x/y/theta/tx/ty/ttheta: 0.15909 -2.61494 -0.00478 0.37712 0.23415 -2.70732 0.01131 0.07153 46.32439 24.74944 5.04270 46.55891 23.59413 1.05656
lin/ang/drive_left/drive_right/tv_l/tv_r/av_l/av_r/x/y/theta/tx/ty/ttheta: 0.14097 -1.90549 0.85877 -0.54174 0.22362 -2.00552 0.49125 -0.45242 46.45389 24.65053 1.20496 46.65905 23.59582 0.88903
lin/ang/drive_left/drive_right/tv_l/tv_r/av_l/av_r/x/y/theta/tx/ty/ttheta: 0.14338 -1.03841 0.51011 -0.20759 0.21238 -1.12133 0.14525 -0.33278 46.57021 24.48813 -3.15942 46.75917 23.59723 0.72241
lin/ang/drive_left/drive_right/tv_l/tv_r/av_l/av_r/x/y/theta/tx/ty/ttheta: 0.11682 -1.67459 -0.21405 0.48030 0.19534 -1.76737 -0.21183 0.26489 46.67880 24.60655 -0.25114 46.85931 23.59835 0.55674
lin/ang/drive_left/drive_right/tv_l/tv_r/av_l/av_r/x/y/theta/tx/ty/ttheta: 0.08402 -2.30070 -0.16137 0.35875 0.17819 -2.41001 -0.17639 0.34906 46.75451 24.76537 2.17551 46.95945 23.59918 0.39197
lin/ang/drive_left/drive_right/tv_l/tv_r/av_l/av_r/x/y/theta/tx/ty/ttheta: 0.08693 -2.14789 0.34103 -0.18326 0.16325 -2.23588 0.36769 -0.24228 46.81631 24.76147 0.81051 47.05959 23.59972 0.22815
lin/ang/drive_left/drive_right/tv_l/tv_r/av_l/av_r/x/y/theta/tx/ty/ttheta: 0.08792 -1.24590 0.71022 -0.55907 0.16424 -1.33388 0.51144 -0.29003 46.87197 24.60352 -3.55426 47.05959 23.59972 0.22815
lin/ang/drive_left/drive_right/tv_l/tv_r/av_l/av_r/x/y/theta/tx/ty/ttheta: 0.01025 -0.63564 0.30716 -0.15499 0.14319 -0.78550 0.24469 0.20603 46.92333 24.50146 -6.24330 47.05959 23.59972 0.22815
lin/ang/drive_left/drive_right/tv_l/tv_r/av_l/av_r/x/y/theta/tx/ty/ttheta: 0.00600 -1.07197 -0.23858 0.41022 0.13894 -1.22184 -0.24964 0.54397 47.00112 24.60153 -4.48438 47.05959 23.59972 0.22815
lin/ang/drive_left/drive_right/tv_l/tv_r/av_l/av_r/x/y/theta/tx/ty/ttheta: 0.00550 -1.78083 -0.22630 0.37260 0.11420 -1.90269 -0.17453 0.27481 47.06679 24.74290 -1.62719 47.15973 23.59997 0.06524
lin/ang/drive_left/drive_right/tv_l/tv_r/av_l/av_r/x/y/theta/tx/ty/ttheta: 0.00601 -1.49472 0.46764 -0.30967 0.08298 -1.58052 0.33675 -0.27394 47.12627 24.68029 -3.36269 47.20000 23.60000 359.99998
lin/ang/drive_left/drive_right/tv_l/tv_r/av_l/av_r/x/y/theta/tx/ty/ttheta: 0.00675 -0.50881 0.53897 -0.37927 0.08373 -0.59461 0.24075 -0.34392 47.17064 24.49017 -8.06220 47.20000 23.60000 359.99998
lin/ang/drive_left/drive_right/tv_l/tv_r/av_l/av_r/x/y/theta/tx/ty/ttheta: 0.00412 -0.53613 -0.02133 0.16432 0.08109 -0.62193 -0.15297 0.17317 47.22588 24.47902 -7.81922 47.20000 23.60000 359.99998
lin/ang/drive_left/drive_right/tv_l/tv_r/av_l/av_r/x/y/theta/tx/ty/ttheta: 0.00003 -1.29744 -0.47466 0.55315 0.07701 -1.38324 -0.16289 0.11175 47.27089 24.61325 -4.04629 47.20000 23.60000 359.99998
lin/ang/drive_left/drive_right/tv_l/tv_r/av_l/av_r/x/y/theta/tx/ty/ttheta: -0.00012 -1.10628 0.23108 -0.17859 0.07685 -1.19208 0.20311 -0.15878 47.28886 24.57874 -5.02789 47.20000 23.60000 359.99998
lin/ang/drive_left/drive_right/tv_l/tv_r/av_l/av_r/x/y/theta/tx/ty/ttheta: 0.00159 -0.28638 0.54574 -0.48024 0.07856 -0.37218 0.37828 -0.43564 47.29604 24.42721 -9.11077 47.20000 23.60000 359.99998
lin/ang/drive_left/drive_right/tv_l/tv_r/av_l/av_r/x/y/theta/tx/ty/ttheta: 0.00183 -0.11394 0.02993 -0.01297 0.07880 -0.19974 -0.02156 0.04686 47.29743 24.39518 -9.96646 47.20000 23.60000 359.99998
lin/ang/drive_left/drive_right/tv_l/tv_r/av_l/av_r/x/y/theta/tx/ty/ttheta: 0.00003 -0.68895 -0.40608 0.40895 0.07701 -0.77474 -0.33608 0.33622 47.31754 24.51685 -7.35412 47.20000 23.60000 359.99998
lin/ang/drive_left/drive_right/tv_l/tv_r/av_l/av_r/x/y/theta/tx/ty/ttheta: -0.00082 -0.99497 -0.06541 0.06328 0.07615 -1.08077 -0.04194 0.06894 47.32627 24.59695 -6.15611 47.20000 23.60000 359.99998
lin/ang/drive_left/drive_right/tv_l/tv_r/av_l/av_r/x/y/theta/tx/ty/ttheta: 0.00112 -0.44620 0.47431 -0.46941 0.07809 -0.53200 0.37419 -0.30767 47.31523 24.49919 -8.92076 47.20000 23.60000 359.99998
lin/ang/drive_left/drive_right/tv_l/tv_r/av_l/av_r/x/y/theta/tx/ty/ttheta: 0.00317 0.22352 0.34611 -0.34023 0.08014 0.13773 0.17950 -0.24247 47.29518 24.37925 -12.23834 47.20000 23.60000 359.99998
lin/ang/drive_left/drive_right/tv_l/tv_r/av_l/av_r/x/y/theta/tx/ty/ttheta: 0.00239 -0.01693 -0.19607 0.19788 0.07936 -0.10273 -0.27786 0.22433 47.30424 24.41984 -11.02339 47.20000 23.60000 359.99998
lin/ang/drive_left/drive_right/tv_l/tv_r/av_l/av_r/x/y/theta/tx/ty/ttheta: 0.00003 -0.75642 -0.38925 0.38288 0.07700 -0.84222 -0.19094 0.27086 47.32446 24.55914 -7.42934 47.20000 23.60000 359.99998
lin/ang/drive_left/drive_right/tv_l/tv_r/av_l/av_r/x/y/theta/tx/ty/ttheta: 0.00061 -0.60677 0.17232 -0.17085 0.07758 -0.69257 0.21578 -0.18208 47.32209 24.53808 -8.25874 47.20000 23.60000 359.99998
lin/ang/drive_left/drive_right/tv_l/tv_r/av_l/av_r/x/y/theta/tx/ty/ttheta: 0.00350 0.32885 0.60463 -0.59646 0.08047 0.24305 0.30167 -0.16544 47.29379 24.36842 -12.86649 47.20000 23.60000 359.99998
lin/ang/drive_left/drive_right/tv_l/tv_r/av_l/av_r/x/y/theta/tx/ty/ttheta: 0.00291 0.12345 -0.23683 0.23503 0.07989 0.03765 -0.16958 0.20944 47.30106 24.40487 -11.85278 47.20000 23.60000 359.99998
lin/ang/drive_left/drive_right/tv_l/tv_r/av_l/av_r/x/y/theta/tx/ty/ttheta: 0.00096 -0.45958 -0.32031 0.32313 0.07793 -0.54537 -0.22875 0.23528 47.32128 24.50882 -8.96210 47.20000 23.60000 359.99998
lin/ang/drive_left/drive_right/tv_l/tv_r/av_l/av_r/x/y/theta/tx/ty/ttheta: 0.00208 -0.10157 0.25893 -0.25583 0.07906 -0.18737 0.16531 -0.17264 47.31104 24.44247 -10.71305 47.20000 23.60000 359.99998
lin/ang/drive_left/drive_right/tv_l/tv_r/av_l/av_r/x/y/theta/tx/ty/ttheta: 0.00363 0.45029 0.32409 -0.31935 0.08060 0.36449 0.18531 -0.20142 47.29122 24.34033 -13.38555 47.20000 23.60000 359.99998
lin/ang/drive_left/drive_right/tv_l/tv_r/av_l/av_r/x/y/theta/tx/ty/ttheta: 0.00296 0.20748 -0.19410 0.19197 0.07993 0.12168 -0.16511 0.17608 47.30012 24.38334 -12.18753 47.20000 23.60000 359.99998
lin/ang/drive_left/drive_right/tv_l/tv_r/av_l/av_r/x/y/theta/tx/ty/ttheta: 0.00115 -0.38764 -0.23854 0.23331 0.07812 -0.47343 -0.35281 0.26831 47.31819 24.48991 -9.23857 47.20000 23.60000 359.99998
lin/ang/drive_left/drive_right/tv_l/tv_r/av_l/av_r/x/y/theta/tx/ty/ttheta: 0.00145 -0.29491 0.12910 -0.12828 0.07842 -0.38071 0.14031 -0.16697 47.31573 24.47320 -9.69934 47.20000 23.60000 359.99998
lin/ang/drive_left/drive_right/tv_l/tv_r/av_l/av_r/x/y/theta/tx/ty/ttheta: 0.00356 0.44825 0.45360 -0.44722 0.08053 0.36245 0.36478 -0.27311 47.29026 24.33458 -13.29339 47.20000 23.60000 359.99998
lin/ang/drive_left/drive_right/tv_l/tv_r/av_l/av_r/x/y/theta/tx/ty/ttheta: 0.00351 0.48485 -0.13225 0.14002 0.08048 0.39905 -0.11000 0.13106 47.29120 24.32539 -13.44571 47.20000 23.60000 359.99998
lin/ang/drive_left/drive_right/tv_l/tv_r/av_l/av_r/x/y/theta/tx/ty/ttheta: 0.00132 -0.27865 -0.51810 0.51141 0.07829 -0.36444 -0.40722 0.41544 47.31635 24.46157 -9.66735 47.20000 23.60000 359.99998
lin/ang/drive_left/drive_right/tv_l/tv_r/av_l/av_r/x/y/theta/tx/ty/ttheta: 0.00065 -0.50476 -0.04380 0.04200 0.07762 -0.59056 -0.09358 0.03097 47.32355 24.51053 -8.65365 47.20000 23.60000 359.99998
lin/ang/drive_left/drive_right/tv_l/tv_r/av_l/av_r/x/y/theta/tx/ty/ttheta: 0.00206 -0.04854 0.38803 -0.38411 0.07903 -0.13434 0.31075 -0.35692 47.31039 24.42438 -10.86537 47.20000 23.60000 359.99998
lin/ang/drive_left/drive_right/tv_l/tv_r/av_l/av_r/x/y/theta/tx/ty/ttheta: 0.00351 0.49587 0.25967 -0.25509 0.08048 0.41007 0.18481 -0.12422 47.28976 24.31947 -13.44571 47.20000 23.60000 359.99998
lin/ang/drive_left/drive_right/tv_l/tv_r/av_l/av_r/x/y/theta/tx/ty/ttheta: 0.00277 0.22120 -0.28005 0.27760 0.07974 0.13540 -0.25956 0.32867 47.29932 24.36622 -12.06338 47.20000 23.60000 359.99998
lin/ang/drive_left/drive_right/tv_l/tv_r/av_l/av_r/x/y/theta/tx/ty/ttheta: 0.00069 -0.47145 -0.28185 0.27580 0.07766 -0.55725 -0.20086 0.23081 47.32001 24.49247 -8.65365 47.20000 23.60000 359.99998
lin/ang/drive_left/drive_right/tv_l/tv_r/av_l/av_r/x/y/theta/tx/ty/ttheta: 0.00117 -0.33996 0.12934 -0.12804 0.07814 -0.42576 0.22142 -0.25856 47.31768 24.47480 -9.39089 47.20000 23.60000 359.99998
lin/ang/drive_left/drive_right/tv_l/tv_r/av_l/av_r/x/y/theta/tx/ty/ttheta: 0.00363 0.53331 0.56141 -0.55389 0.08060 0.44751 0.21697 -0.19917 47.28782 24.31296 -13.63002 47.20000 23.60000 359.99998
lin/ang/drive_left/drive_right/tv_l/tv_r/av_l/av_r/x/y/theta/tx/ty/ttheta: 0.00324 0.38381 -0.15079 0.14948 0.08021 0.29801 -0.20122 0.21386 47.29352 24.33938 -12.89278 47.20000 23.60000 359.99998
lin/ang/drive_left/drive_right/tv_l/tv_r/av_l/av_r/x/y/theta/tx/ty/ttheta: 0.00112 -0.35284 -0.36780 0.36143 0.07809 -0.43864 -0.28558 0.18325 47.31747 24.47510 -9.29873 47.20000 23.60000 359.99998
lin/ang/drive_left/drive_right/tv_l/tv_r/av_l/av_r/x/y/theta/tx/ty/ttheta: 0.00176 -0.14874 0.17248 -0.17069 0.07873 -0.23453 0.18497 -0.20586 47.31184 24.43837 -10.31244 47.20000 23.60000 359.99998
lin/ang/drive_left/drive_right/tv_l/tv_r/av_l/av_r/x/y/theta/tx/ty/ttheta: 0.00383 0.60250 0.51802 -0.51149 0.08080 0.51670 0.27292 -0.16411 47.28525 24.30289 -13.99864 47.20000 23.60000 359.99998
lin/ang/drive_left/drive_right/tv_l/tv_r/av_l/av_r/x/y/theta/tx/ty/ttheta: 0.00359 0.50897 -0.15055 0.14973 0.08057 0.42317 -0.17847 0.16992 47.28895 24.31937 -13.53786 47.20000 23.60000 359.99998
lin/ang/drive_left/drive_right/tv_l/tv_r/av_l/av_r/x/y/theta/tx/ty/ttheta: 0.00133 -0.27483 -0.36994 0.36718 0.07831 -0.36063 -0.30747 0.47775 47.31764 24.46489 -9.74257 47.20000 23.60000 359.99998
lin/ang/drive_left/drive_right/tv_l/tv_r/av_l/av_r/x/y/theta/tx/ty/ttheta: 0.00174 -0.12822 0.17216 -0.17101 0.07871 -0.21402 0.16169 0.03728 47.31235 24.43246 -10.38766 47.20000 23.60000 359.99998
lin/ang/drive_left/drive_right/tv_l/tv_r/av_l/av_r/x/y/theta/tx/ty/ttheta: 0.00407 0.73557 0.60431 -0.59679 0.08104 0.64977 0.29464 -0.16375 47.28088 24.27713 -14.62679 47.20000 23.60000 359.99998
lin/ang/drive_left/drive_right/tv_l/tv_r/av_l/av_r/x/y/theta/tx/ty/ttheta: 0.00354 0.63401 -0.17966 0.19417 0.08051 0.54822 -0.18653 0.17642 47.29046 24.29154 -14.10015 47.20000 23.60000 359.99998
lin/ang/drive_left/drive_right/tv_l/tv_r/av_l/av_r/x/y/theta/tx/ty/ttheta: 0.00109 -0.11228 -0.32863 0.34547 0.07807 -0.19808 -0.47036 0.42433 47.32568 24.42249 -10.40636 47.20000 23.60000 359.99998
lin/ang/drive_left/drive_right/tv_l/tv_r/av_l/av_r/x/y/theta/tx/ty/ttheta: 0.00026 -0.30463 -0.00470 0.01019 0.07723 -0.39042 -0.00481 0.02875 47.33171 24.44352 -9.26851 47.20000 23.60000 359.99998
lin/ang/drive_left/drive_right/tv_l/tv_r/av_l/av_r/x/y/theta/tx/ty/ttheta: 0.00174 0.32071 0.45689 -0.44394 0.07871 0.23491 0.36653 -0.36894 47.31139 24.30959 -12.09144 47.20000 23.60000 359.99998
lin/ang/drive_left/drive_right/tv_l/tv_r/av_l/av_r/x/y/theta/tx/ty/ttheta: 0.00240 0.85434 0.26180 -0.22230 0.07937 0.76854 0.18358 -0.20056 47.30353 24.20968 -14.70743 47.20000 23.60000 359.99998
lin/ang/drive_left/drive_right/tv_l/tv_r/av_l/av_r/x/y/theta/tx/ty/ttheta: 0.00108 0.44337 -0.38398 0.40392 0.07805 0.35757 -0.30083 0.30442 47.33058 24.28737 -12.76459 47.20000 23.60000 359.99998
lin/ang/drive_left/drive_right/tv_l/tv_r/av_l/av_r/x/y/theta/tx/ty/ttheta: -0.00129 -0.32741 -0.35410 0.36290 0.07568 -0.41321 -0.41117 0.39900 47.36178 24.43230 -9.01252 47.20000 23.60000 359.99998
lin/ang/drive_left/drive_right/tv_l/tv_r/av_l/av_r/x/y/theta/tx/ty/ttheta: -0.00122 -0.24433 0.15441 -0.14587 0.07575 -0.33013 0.13603 -0.16922 47.36172 24.41075 -9.34727 47.20000 23.60000 359.99998
lin/ang/drive_left/drive_right/tv_l/tv_r/av_l/av_r/x/y/theta/tx/ty/ttheta: 0.00080 0.50490 0.51802 -0.51149 0.07777 0.41910 0.41903 -0.31364 47.33674 24.27161 -13.03347 47.20000 23.60000 359.99998
lin/ang/drive_left/drive_right/tv_l/tv_r/av_l/av_r/x/y/theta/tx/ty/ttheta: 0.00079 0.54838 -0.13217 0.14010 0.07776 0.46258 -0.15108 0.19456 47.33847 24.26520 -13.27795 47.20000 23.60000 359.99998
lin/ang/drive_left/drive_right/tv_l/tv_r/av_l/av_r/x/y/theta/tx/ty/ttheta: -0.00099 -0.13265 -0.38901 0.38312 0.07598 -0.21845 -0.37864 0.43719 47.36241 24.39379 -9.96036 47.20000 23.60000 359.99998
lin/ang/drive_left/drive_right/tv_l/tv_r/av_l/av_r/x/y/theta/tx/ty/ttheta: -0.00155 -0.30539 -0.06516 0.06353 0.07542 -0.39119 -0.12817 0.08658 47.36638 24.42121 -9.03881 47.20000 23.60000 359.99998
lin/ang/drive_left/drive_right/tv_l/tv_r/av_l/av_r/x/y/theta/tx/ty/ttheta: -0.00064 0.04338 0.30166 -0.29888 0.07633 -0.04242 0.23989 -0.35231 47.35421 24.34477 -10.60545 47.20000 23.60000 359.99998
lin/ang/drive_left/drive_right/tv_l/tv_r/av_l/av_r/x/y/theta/tx/ty/ttheta: 0.00063 0.53032 0.23600 -0.23586 0.07760 0.44453 0.15675 -0.11719 47.33430 24.24960 -12.92626 47.20000 23.60000 359.99998
lin/ang/drive_left/drive_right/tv_l/tv_r/av_l/av_r/x/y/theta/tx/ty/ttheta: 0.00036 0.41937 -0.17208 0.17109 0.07734 0.33357 -0.25306 0.29586 47.33837 24.26945 -12.37333 47.20000 23.60000 359.99998
lin/ang/drive_left/drive_right/tv_l/tv_r/av_l/av_r/x/y/theta/tx/ty/ttheta: -0.00133 -0.24592 -0.34595 0.34039 0.07564 -0.33172 -0.24831 0.23047 47.36145 24.40370 -9.24006 47.20000 23.60000 359.99998
lin/ang/drive_left/drive_right/tv_l/tv_r/av_l/av_r/x/y/theta/tx/ty/ttheta: -0.00133 -0.23491 0.08579 -0.08579 0.07564 -0.32071 0.11156 -0.21200 47.36049 24.39770 -9.24006 47.20000 23.60000 359.99998
lin/ang/drive_left/drive_right/tv_l/tv_r/av_l/av_r/x/y/theta/tx/ty/ttheta: 0.00038 0.40271 0.45319 -0.44763 0.07735 0.31691 0.37164 -0.34461 47.33991 24.27854 -12.37333 47.20000 23.60000 359.99998
lin/ang/drive_left/drive_right/tv_l/tv_r/av_l/av_r/x/y/theta/tx/ty/ttheta: 0.00130 0.79720 0.13040 -0.12697 0.07827 0.71140 0.06403 0.04792 47.32410 24.20618 -14.30859 47.20000 23.60000 359.99998
lin/ang/drive_left/drive_right/tv_l/tv_r/av_l/av_r/x/y/theta/tx/ty/ttheta: 0.00042 0.36865 -0.32336 0.32009 0.07739 0.28285 -0.34600 0.42914 47.34580 24.30349 -12.46549 47.20000 23.60000 359.99998
lin/ang/drive_left/drive_right/tv_l/tv_r/av_l/av_r/x/y/theta/tx/ty/ttheta: -0.00116 -0.18603 -0.25778 0.25698 0.07582 -0.27183 -0.33194 0.18875 47.36615 24.40931 -9.77605 47.20000 23.60000 359.99998
lin/ang/drive_left/drive_right/tv_l/tv_r/av_l/av_r/x/y/theta/tx/ty/ttheta: -0.00095 -0.13355 0.11105 -0.11833 0.07602 -0.21935 0.12508 -0.26917 47.35999 24.39023 -9.90020 47.20000 23.60000 359.99998
lin/ang/drive_left/drive_right/tv_l/tv_r/av_l/av_r/x/y/theta/tx/ty/ttheta: 0.00059 0.50972 0.40657 -0.39357 0.07756 0.42392 0.33656 -0.26247 47.33984 24.26573 -13.00148 47.20000 23.60000 359.99998
lin/ang/drive_left/drive_right/tv_l/tv_r/av_l/av_r/x/y/theta/tx/ty/ttheta: 0.00095 0.66315 -0.04224 0.04355 0.07792 0.57735 -0.06453 0.12697 47.33338 24.23645 -13.73872 47.20000 23.60000 359.99998
lin/ang/drive_left/drive_right/tv_l/tv_r/av_l/av_r/x/y/theta/tx/ty/ttheta: -0.00026 0.16056 -0.43109 0.42684 0.07671 0.07476 -0.42897 0.42522 47.35340 24.33442 -11.34269 47.20000 23.60000 359.99998
lin/ang/drive_left/drive_right/tv_l/tv_r/av_l/av_r/x/y/theta/tx/ty/ttheta: -0.00148 -0.26836 -0.10912 0.10536 0.07549 -0.35415 -0.18103 0.21492 47.36633 24.41420 -9.22312 47.20000 23.60000 359.99998
lin/ang/drive_left/drive_right/tv_l/tv_r/av_l/av_r/x/y/theta/tx/ty/ttheta: -0.00083 -0.00056 0.21546 -0.21350 0.07614 -0.08636 0.25719 -0.24158 47.35574 24.34845 -10.32898 47.20000 23.60000 359.99998
lin/ang/drive_left/drive_right/tv_l/tv_r/av_l/av_r/x/y/theta/tx/ty/ttheta: 0.00063 0.58252 0.30281 -0.29774 0.07760 0.49672 0.22994 -0.22467 47.33504 24.23961 -13.18579 47.20000 23.60000 359.99998
lin/ang/drive_left/drive_right/tv_l/tv_r/av_l/av_r/x/y/theta/tx/ty/ttheta: 0.00059 0.56402 -0.12877 0.12861 0.07756 0.47822 -0.20942 0.19472 47.33574 24.24291 -13.09364 47.20000 23.60000 359.99998
lin/ang/drive_left/drive_right/tv_l/tv_r/av_l/av_r/x/y/theta/tx/ty/ttheta: -0.00125 -0.15871 -0.47496 0.46875 0.07572 -0.24451 -0.39081 0.39767 47.36082 24.38117 -9.59174 47.20000 23.60000 359.99998
lin/ang/drive_left/drive_right/tv_l/tv_r/av_l/av_r/x/y/theta/tx/ty/ttheta: -0.00207 -0.42860 -0.04412 0.04167 0.07490 -0.51440 -0.07817 0.02772 47.36728 24.42845 -8.20942 47.20000 23.60000 359.99998
lin/ang/drive_left/drive_right/tv_l/tv_r/av_l/av_r/x/y/theta/tx/ty/ttheta: -0.00069 0.07951 0.40964 -0.40539 0.07628 -0.00629 0.31925 -0.33964 47.35173 24.32494 -10.60545 47.20000 23.60000 359.99998
lin/ang/drive_left/drive_right/tv_l/tv_r/av_l/av_r/x/y/theta/tx/ty/ttheta: 0.00056 0.58883 0.23814 -0.23372 0.07753 0.50303 0.14236 -0.14664 47.33338 24.22940 -13.09364 47.20000 23.60000 359.99998
lin/ang/drive_left/drive_right/tv_l/tv_r/av_l/av_r/x/y/theta/tx/ty/ttheta: -0.00028 0.25226 -0.30363 0.30480 0.07669 0.16647 -0.33725 0.33094 47.34843 24.29637 -11.51006 47.20000 23.60000 359.99998
lin/ang/drive_left/drive_right/tv_l/tv_r/av_l/av_r/x/y/theta/tx/ty/ttheta: -0.00244 -0.53432 -0.41086 0.40416 0.07453 -0.62011 -0.22158 0.19608 47.37172 24.45153 -7.73171 47.20000 23.60000 359.99998
lin/ang/drive_left/drive_right/tv_l/tv_r/av_l/av_r/x/y/theta/tx/ty/ttheta: -0.00193 -0.36382 0.19377 -0.19230 0.07505 -0.44962 0.26247 -0.27033 47.36755 24.41826 -8.56110 47.20000 23.60000 359.99998
lin/ang/drive_left/drive_right/tv_l/tv_r/av_l/av_r/x/y/theta/tx/ty/ttheta: 0.00066 0.56053 0.47791 -0.47369 0.07763 0.47474 0.24072 -0.20981 47.33722 24.25157 -13.18579 47.20000 23.60000 359.99998
lin/ang/drive_left/drive_right/tv_l/tv_r/av_l/av_r/x/y/theta/tx/ty/ttheta: 0.00048 0.48655 -0.10757 0.10691 0.07745 0.40075 -0.18892 0.20533 47.34001 24.26479 -12.81717 47.20000 23.60000 359.99998
lin/ang/drive_left/drive_right/tv_l/tv_r/av_l/av_r/x/y/theta/tx/ty/ttheta: -0.00158 -0.28557 -0.45376 0.44706 0.07539 -0.37137 -0.38258 0.39561 47.36527 24.41031 -9.03881 47.20000 23.60000 359.99998
lin/ang/drive_left/drive_right/tv_l/tv_r/av_l/av_r/x/y/theta/tx/ty/ttheta: -0.00203 -0.43795 -0.04355 0.04224 0.07494 -0.52375 0.02772 -0.03372 47.36929 24.44019 -8.30157 47.20000 23.60000 359.99998
lin/ang/drive_left/drive_right/tv_l/tv_r/av_l/av_r/x/y/theta/tx/ty/ttheta: -0.00002 0.27768 0.49641 -0.49020 0.07695 0.19188 0.37097 -0.36978 47.34758 24.30435 -11.80347 47.20000 23.60000 359.99998
lin/ang/drive_left/drive_right/tv_l/tv_r/av_l/av_r/x/y/theta/tx/ty/ttheta: 0.00081 0.62144 0.08726 -0.08432 0.07778 0.53564 0.08608 -0.10439 47.33402 24.23886 -13.46226 47.20000 23.60000 359.99998
lin/ang/drive_left/drive_right/tv_l/tv_r/av_l/av_r/x/y/theta/tx/ty/ttheta: -0.00030 0.16698 -0.38803 0.38411 0.07667 0.08118 -0.35456 0.34942 47.35113 24.32432 -11.25053 47.20000 23.60000 359.99998
lin/ang/drive_left/drive_right/tv_l/tv_r/av_l/av_r/x/y/theta/tx/ty/ttheta: -0.00162 -0.31213 -0.23797 0.23389 0.07535 -0.39793 -0.17131 0.15347 47.36609 24.41818 -8.94666 47.20000 23.60000 359.99998
WARNING - pros.serial.terminal.terminal:reader - Connection to /dev/ttyACM1 broken - pros-cli version:3.5.6
WARNING - pros.serial.terminal.terminal:stop - Stopping terminal - pros-cli version:3.5.6

[tomas@nixbtw:~/projects/Robotics/current/libs/lyfast]$

