
[tomas@nixbtw:~/projects/Robotics/current/libs/lyfast]$ t
Not sending analytics for this command.

ERROR - pros.cli.common:resolve_v5_port - No v5 ports were found! If you think you have a v5 plugged in, run this command again with the --debug flag - pros-cli version:3.5.6
Sentry is attempting to send 1 pending events
Waiting up to 2 seconds
Press Ctrl-C to quit

[tomas@nixbtw:~/projects/Robotics/current/libs/lyfast]$ t
Not sending analytics for this command.

Established terminal connection
WARNING - pros.serial.terminal.terminal:reader - Connection to /dev/ttyACM1 broken - pros-cli version:3.5.6
WARNING - pros.serial.terminal.terminal:stop - Stopping terminal - pros-cli version:3.5.6

[tomas@nixbtw:~/projects/Robotics/current/libs/lyfast]$ t
Not sending analytics for this command.

Established terminal connection
LQR:computing forwards angle



         _+=+_
      .-`  .  `-.          8888888b.  8888888b.   .d88888b.   .d8888b.
   _+`     "     `+_       888   Y88b 888   Y88b d88P" "Y88b d88P  Y88b
  \\\sssssssssssss///      888    888 888    888 888     888 Y88b.
     .ss\  *  /ss.         888   d88P 888   d88P 888     888  "Y888b.
 .+bm  .s  *  s.  md+.     8888888P"  8888888P"  888     888     "Y88b.
.hMMMMs .  *  . sMMMMh.    888        888 T88b   888     888       "888
 `\hMMMb \ | / dMMMh:      888        888  T88b  Y88b. .d88P Y88b  d88P
   -SNMNo  -  oNMNs-       888        888   T88b  "Y88888P"   "Y8888P"
     `+dMh\./dMd/
        `:yNy:`                      Powered by PROS for VEX V5
           "                Copyright (c) Purdue University ACM SIGBots
Version:        4.2.1     Platform:  V1.1.5 (b18)     Uptime:    0.000 s
Compiled:   Jan  1 1980 00:00:00     Directory:


starting task: 2309148
timed correctly: 2312034
total distance: 102.674866
delta_distance: 0.100000
allocated for points 1036
adding points:2592
isolated constraints:3276
forwards pass:3819
backwards pass:4358
travel times:4466
final time:4477
a_{kin}=\left[168.8631,168.5402,168.2148,167.8871,167.5569,167.2245,166.8899,166.5531,166.2143,165.8736,165.5310,165.1867,164.8408,164.4934,164.1446,163.7946,163.4434,163.0914,162.7385,162.3850,162.0311,161.6769,161.3227,160.9686,160.6148,160.2616,159.9091,159.5577,159.2076,158.8590,158.5121,158.1674,157.8250,157.4853,157.1484,156.8149,156.4849,156.1589,155.8371,155.5199,155.2077,154.9009,154.5997,154.3046,154.0160,153.7343,153.4598,153.1930,152.9344,152.6842,152.4430,152.2112,151.9892,151.7774,151.5762,151.3862,151.2077,151.0412,150.8871,150.7459,150.6179,150.5036,150.4034,150.3177,150.2469,150.1914,150.1516,150.1279,150.1207,150.1302,150.1568,150.2008,150.2626,150.3425,150.4407,150.5575,150.6931,150.8477,151.0216,151.2149,151.4278,151.6604,151.9128,152.1852,152.4776,152.7901,153.1227,153.4753,153.8480,154.2408,154.6535,155.0861,155.5385,156.0105,156.5020,157.0128,157.5426,158.0914,158.6588,159.2446,159.8485,160.4702,161.1093,161.7656,162.4387,163.1282,163.8336,164.5548,165.2911,166.0422,166.8077,167.5870,168.3797,169.1854,170.0035,170.8336,171.6751,172.5276,173.3904,174.2631,175.1452,176.0361,176.9353,177.8422,178.7563,179.6770,180.6037,181.5360,182.4733,183.4149,184.3603,185.3091,186.2605,187.2142,188.1694,189.1258,190.0826,191.0394,191.9957,192.9509,193.9044,194.8559,195.8046,196.7502,197.6920,198.6297,199.5627,199.5119,198.6069,197.7242,196.8633,196.0238,195.2056,194.4082,193.6313,192.8747,192.1379,191.4207,190.7227,190.0435,189.3829,188.7406,188.1162,187.5093,186.9198,186.3472,185.7912,185.2516,184.7281,184.2203,183.7279,183.2506,182.7882,182.3404,181.9069,181.4874,181.0816,180.6893,180.3101,179.9439,179.5904,179.2493,178.9204,178.6034,178.2981,178.0042,177.7215,177.4498,177.1888,176.9384,176.6982,176.4681,176.2479,176.0373,175.8361,175.6442,175.4613,175.2872,175.1217,174.9647,174.8159,174.6752,174.5423,174.4171,174.2995,174.1891,174.0860,173.9898,173.9004,173.8177,173.7415,173.6716,173.6079,173.5502,173.4984,173.4523,173.4117,173.3766,173.3468,173.3221,173.3024,173.2876,173.2776,173.2721,173.2711,173.2744,173.2820,173.2937,173.3094,173.3290,173.3523,173.3792,173.4097,173.4436,173.4808,173.5213,173.5648,173.6114,173.6608,173.7132,173.7682,173.8258,173.8860,173.9486,174.0137,174.0809,174.1504,174.2220,174.2957,174.3713,174.4488,174.5281,174.6092,174.6919,174.7762,174.8621,174.9494,175.0382,175.1282,175.2196,175.3122,175.4059,175.5008,175.5967,175.6936,175.7915,175.8902,175.9898,176.0902,176.1914,176.2933,176.3958,176.4989,176.6026,176.7069,176.8117,176.9169,177.0225,177.1286,177.2349,177.3416,177.4486,177.5558,177.6633,177.7709,177.8787,177.9866,178.0947,178.2028,178.3109,178.4191,178.5273,178.6355,178.7437,178.8517,178.9597,179.0676,179.1753,179.2829,179.3904,179.4977,179.6047,179.7116,179.8182,179.9246,180.0307,180.1366,180.2422,180.3474,180.4524,180.5571,180.6613,180.7653,180.8689,180.9722,181.0750,181.1775,181.2796,181.3813,181.4826,181.5834,181.6839,181.7839,181.8835,181.9826,182.0813,182.1795,182.2773,182.3746,182.4714,182.5678,182.6637,182.7591,182.8540,182.9484,183.0424,183.1358,183.2288,183.3212,183.4131,183.5046,183.5956,183.6860,183.7759,183.8653,183.9542,184.0426,184.1305,184.2179,184.3048,184.3911,184.4770,184.5623,184.6471,184.7314,184.8152,184.8985,184.9812,185.0635,185.1452,185.2265,185.3072,185.3874,185.4671,185.5464,185.6251,185.7033,185.7810,185.8582,185.9349,186.0111,186.0869,186.1621,186.2368,186.3111,186.3849,186.4581,186.5310,186.6033,186.6751,186.7465,186.8174,186.8879,186.9578,187.0273,187.0963,187.1649,187.2330,187.3007,187.3679,187.4346,187.5009,187.5668,187.6322,187.6971,187.7617,187.8258,187.8895,187.9527,188.0155,188.0778,188.1398,188.2013,188.2624,188.3231,188.3834,188.4433,188.5027,188.5618,188.6205,188.6787,188.7366,188.7940,188.8511,188.9078,188.9641,189.0200,189.0755,189.1307,189.1855,189.2399,189.2939,189.3476,189.4009,189.4539,189.5064,189.5587,189.6105,189.6620,189.7132,189.7640,189.8145,189.8646,189.9144,189.9639,190.0130,190.0618,190.1102,190.1583,190.2061,190.2536,190.3008,190.3476,190.3941,190.4404,190.4863,190.5319,190.5771,190.6221,190.6668,190.7112,190.7552,190.7991,190.8425,190.8858,190.9287,190.9713,191.0137,191.0557,191.0975,191.1390,191.1803,191.2212,191.2619,191.3023,191.3425,191.3824,191.4220,191.4614,191.5005,191.5393,191.5779,191.6162,191.6544,191.6922,191.7298,191.7671,191.8042,191.8411,191.8777,191.9141,191.9503,191.9862,192.0219,192.0573,192.0926,192.1276,192.1624,192.1969,192.2312,192.2653,192.2992,192.3329,192.3664,192.3996,192.4326,192.4655,192.4981,192.5305,192.5627,192.5947,192.6265,192.6581,192.6895,192.7207,192.7517,192.7826,192.8132,192.8436,192.8739,192.9039,192.9338,192.9635,192.9930,193.0223,193.0514,193.0804,193.1091,193.1377,193.1661,193.1944,193.2225,193.2504,193.2781,193.3056,193.3331,193.3603,193.3873,193.4142,193.4410,193.4675,193.4940,193.5202,193.5463,193.5722,193.5980,193.6237,193.6491,193.6745,193.6996,193.7247,193.7495,193.7742,193.7988,193.8232,193.8475,193.8717,193.8957,193.9196,193.9433,193.9669,193.9903,194.0136,194.0368,194.0598,194.0827,194.1055,194.1281,194.1506,194.1730,194.1953,194.2174,194.2394,194.2612,194.2830,194.3046,194.3261,194.3475,194.3687,194.3898,194.4108,194.4317,194.4525,194.4732,194.4937,194.5141,194.5344,194.5546,194.5747,194.5947,194.6145,194.6343,194.6539,194.6734,194.6928,194.7121,194.7313,194.7504,194.7694,194.7883,194.8071,194.8258,194.8443,194.8628,194.8812,194.8995,194.9176,194.9357,194.9537,194.9716,194.9893,195.0070,195.0246,195.0421,195.0595,195.0768,195.0940,195.1112,195.1282,195.1451,195.1620,195.1787,195.1954,195.2120,195.2285,195.2449,195.2612,195.2774,195.2936,195.3097,195.3256,195.3415,195.3573,195.3731,195.3887,195.4043,195.4198,195.4352,195.4505,195.4658,195.4809,195.4960,195.5110,195.5260,195.5408,195.5556,195.5703,195.5850,195.5995,195.6140,195.6284,195.6427,195.6570,195.6712,195.6853,195.6994,195.7134,195.7273,195.7411,195.7549,195.7686,195.7822,195.7958,195.8093,195.8227,195.8361,195.8493,195.8626,195.8757,195.8889,195.9019,195.9149,195.9278,195.9406,195.9534,195.9661,195.9788,195.9914,196.0039,196.0164,196.0288,196.0411,196.0534,196.0657,196.0779,196.0900,196.1020,196.1140,196.1260,196.1378,196.1497,196.1615,196.1732,196.1848,196.1964,196.2080,196.2195,196.2309,196.2423,196.2537,196.2649,196.2762,196.2873,196.2985,196.3095,196.3205,196.3315,196.3424,196.3533,196.3641,196.3749,196.3856,196.3963,196.4069,196.4174,196.4280,196.4384,196.4489,196.4592,196.4696,196.4799,196.4901,196.5003,196.5104,196.5205,196.5306,196.5406,196.5505,196.5605,196.5703,196.5802,196.5899,196.5997,196.6094,196.6190,196.6286,196.6382,196.6477,196.6572,196.6666,196.6760,196.6854,196.6947,196.7040,196.7132,196.7224,196.7315,196.7406,196.7497,196.7588,196.7678,196.7767,196.7856,196.7945,196.8033,196.8121,196.8209,196.8296,196.8383,196.8469,196.8555,196.8641,196.8727,196.8812,196.8896,196.8981,196.9064,196.9148,196.9231,196.9314,196.9397,196.9479,196.9561,196.9642,196.9723,196.9804,196.9884,196.9964,197.0044,197.0123,197.0203,197.0282,197.0360,197.0438,197.0516,197.0593,197.0670,197.0747,197.0824,197.0900,197.0976,197.1051,197.1127,197.1201,197.1276,197.1351,197.1425,197.1498,197.1572,197.1645,197.1718,197.1790,197.1862,197.1934,197.2006,197.2077,197.2148,197.2219,197.2290,197.2360,197.2430,197.2500,197.2569,197.2638,197.2707,197.2775,197.2844,197.2912,197.2980,197.3047,197.3114,197.3181,197.3248,197.3314,197.3380,197.3446,197.3512,197.3577,197.3643,197.3707,197.3772,197.3836,197.3900,197.3964,197.4028,197.4091,197.4155,197.4217,197.4280,197.4342,197.4405,197.4467,197.4528,197.4590,197.4651,166.6967,166.4363,166.1739,165.9097,165.6436,165.3757,165.1059,164.8344,164.5610,164.2859,164.0090,163.7304,163.4502,163.1682,162.8846,162.5995,162.3128,162.0245,161.7348,161.4436,161.1510,160.8570,160.5617,160.2652,159.9674,159.6685,159.3685,159.0675,158.7654,158.4625,158.1587,157.8541,157.5488,157.2429,156.9365,156.6296,156.3223,156.0147,155.7069,155.3989,155.0910,154.7831,154.4755,154.1681,153.8611,153.5546,153.2488,152.9437,152.6394,152.3361,152.0339,151.7330,151.4334,151.1353,150.8389,150.5442,150.2515,149.9608,149.6723,149.3862,149.1025,148.8215,148.5434,148.2681,147.9960,147.7272,147.4618,147.2000,146.9420,146.6878,146.4378,146.1920,145.9505,145.7137,145.4816,145.2543,145.0321,144.8151,144.6034,144.3973,144.1968,144.0021,143.8134,143.6308,143.4544,143.2844,143.1209,142.9641,142.8141,142.6710,142.5348,142.4058,142.2841,142.1697,142.0627,141.9633,141.8715,141.7874,141.7111,141.6426,141.5821,141.5295,141.4849,141.4483,141.4198,141.3994,141.3872,141.3831,141.3872,141.3993,141.4197,141.4481,141.4846,141.5293,141.5819,141.6425,141.7110,141.7875,141.8717,141.9636,142.0633,142.1705,142.2851,142.4072,142.5366,142.6731,142.8167,142.9673,143.1247,143.2888,143.4595,143.6366,143.8200,144.0096,144.2052,144.4067,144.6140,144.8267,145.0449,145.2684,145.4970,145.7305,145.9688,146.2117,146.4591,146.7107,146.9666,147.2263,147.4899,147.7572,148.0279,148.3020,148.5792,148.8595,149.1426,149.4284,149.7167,150.0075,150.3005,150.5956,150.8926,151.1915,151.4920,151.7941,152.0975,152.4023,152.7081,153.0150,153.3227,153.6312,153.9404,154.2501,154.5601,154.8705,155.1811,155.4918,155.8025,156.1131,156.4235,156.7336,157.0433,157.3525,157.6612,157.9693,158.2767,158.5833,158.8890,159.1938,159.4977,159.8005,160.1022,160.4027,160.5280\right]
a_{turn}=\left[56.9440,56.2518,55.5686,54.8942,54.2287,53.5722,52.9247,52.2861,51.6565,51.0360,50.4244,49.8218,49.2283,48.6439,48.0686,47.5023,46.9452,46.3972,45.8584,45.3288,44.8084,44.2973,43.7954,43.3028,42.8195,42.3455,41.8810,41.4258,40.9801,40.5439,40.1172,39.7001,39.2925,38.8946,38.5064,38.1279,37.7592,37.4003,37.0513,36.7122,36.3831,36.0641,35.7552,35.4565,35.1681,34.8900,34.6223,34.3651,34.1185,33.8827,33.6575,33.4433,33.2401,33.0480,32.8671,32.6976,32.5396,32.3932,32.2586,32.1360,32.0255,31.9273,31.8416,31.7685,31.7084,31.6614,31.6278,31.6077,31.6016,31.6096,31.6321,31.6694,31.7218,31.7897,31.8735,31.9736,32.0904,32.2243,32.3760,32.5459,32.7346,32.9426,33.1707,33.4195,33.6897,33.9822,34.2977,34.6373,35.0018,35.3924,35.8101,36.2561,36.7318,37.2386,37.7780,38.3517,38.9614,39.6091,40.2968,41.0269,41.8019,42.6244,43.4975,44.4244,45.4086,46.4540,47.5650,48.7464,50.0032,51.3415,52.7677,54.2888,55.9131,57.6496,59.5083,61.5007,63.6398,65.9402,68.4190,71.0951,73.9909,77.1320,80.5483,84.2748,88.3528,92.8311,97.7683,103.2350,109.3168,116.1193,123.7739,132.4453,142.3443,153.7443,167.0062,182.6170,201.2494,223.8605,251.8593,287.4100,334.0129,397.7305,490.0469,635.6833,899.3862,1522.0138,4791.7134,4291.4888,1496.9771,912.2455,658.9809,517.6447,427.5082,365.0490,319.2394,284.2235,256.6043,234.2745,215.8578,200.4178,187.2949,176.0109,166.2109,157.6257,150.0479,143.3145,137.2962,131.8888,127.0072,122.5820,118.5550,114.8777,111.5095,108.4155,105.5662,102.9360,100.5028,98.2477,96.1538,94.2065,92.3929,90.7016,89.1224,87.6465,86.2657,84.9728,83.7614,82.6256,81.5602,80.5604,79.6219,78.7407,77.9132,77.1361,76.4065,75.7217,75.0790,74.4761,73.9109,73.3815,72.8859,72.4225,71.9898,71.5862,71.2104,70.8611,70.5372,70.2375,69.9611,69.7069,69.4741,69.2618,69.0693,68.8958,68.7405,68.6029,68.4823,68.3781,68.2898,68.2169,68.1589,68.1153,68.0856,68.0695,68.0666,68.0765,68.0988,68.1332,68.1794,68.2371,68.3060,68.3857,68.4762,68.5770,68.6880,68.8089,68.9396,69.0798,69.2292,69.3879,69.5554,69.7317,69.9166,70.1100,70.3117,70.5215,70.7393,70.9650,71.1984,71.4394,71.6880,71.9439,72.2071,72.4774,72.7548,73.0392,73.3304,73.6284,73.9331,74.2444,74.5622,74.8864,75.2170,75.5539,75.8970,76.2463,76.6016,76.9629,77.3302,77.7034,78.0824,78.4671,78.8576,79.2538,79.6555,80.0628,80.4756,80.8939,81.3176,81.7466,82.1810,82.6206,83.0655,83.5156,83.9708,84.4312,84.8966,85.3671,85.8426,86.3231,86.8084,87.2987,87.7939,88.2940,88.7988,89.3084,89.8228,90.3419,90.8657,91.3942,91.9273,92.4650,93.0074,93.5542,94.1057,94.6616,95.2221,95.7870,96.3563,96.9301,97.5083,98.0908,98.6778,99.2690,99.8646,100.4645,101.0687,101.6771,102.2898,102.9067,103.5278,104.1531,104.7826,105.4162,106.0540,106.6959,107.3419,107.9919,108.6461,109.3043,109.9666,110.6329,111.3032,111.9774,112.6557,113.3380,114.0242,114.7143,115.4084,116.1063,116.8082,117.5140,118.2236,118.9371,119.6544,120.3757,121.1006,121.8295,122.5621,123.2986,124.0387,124.7828,125.5305,126.2820,127.0371,127.7961,128.5587,129.3250,130.0950,130.8687,131.6461,132.4271,133.2118,134.0001,134.7921,135.5876,136.3868,137.1895,137.9959,138.8058,139.6193,140.4364,141.2570,142.0812,142.9089,143.7401,144.5748,145.4131,146.2549,147.1001,147.9489,148.8010,149.6568,150.5159,151.3784,152.2444,153.1138,153.9868,154.8631,155.7428,156.6259,157.5124,158.4023,159.2956,160.1922,161.0922,161.9956,162.9023,163.8124,164.7258,165.6425,166.5626,167.4859,168.4126,169.3426,170.2758,171.2123,172.1522,173.0953,174.0416,174.9913,175.9441,176.9003,177.8596,178.8222,179.7881,180.7571,181.7294,182.7049,183.6835,184.6655,185.6506,186.6388,187.6302,188.6248,189.6225,190.6234,191.6275,192.6348,193.6451,194.6586,195.6752,196.6949,197.7178,198.7439,199.7729,200.8051,201.8404,202.8787,203.9202,204.9647,206.0123,207.0630,208.1168,209.1736,210.2334,211.2963,212.3622,213.4312,214.5033,215.5782,216.6563,217.7374,218.8215,219.9086,220.9986,222.0918,223.1879,224.2870,225.3890,226.4939,227.6019,228.7130,229.8268,230.9437,232.0635,233.1863,234.3120,235.4407,236.5723,237.7068,238.8444,239.9847,241.1280,242.2742,243.4232,244.5753,245.7301,246.8879,248.0486,249.2122,250.3785,251.5478,252.7200,253.8951,255.0729,256.2536,257.4372,258.6237,259.8129,261.0051,262.2000,263.3980,264.5985,265.8020,267.0083,268.2173,269.4292,270.6440,271.8613,273.0816,274.3047,275.5305,276.7592,277.9906,279.2248,280.4618,281.7016,282.9441,284.1894,285.4375,286.6883,287.9418,289.1981,290.4572,291.7189,292.9835,294.2506,295.5206,296.7932,298.0687,299.3468,300.6276,301.9110,303.1973,304.4863,305.7779,307.0723,308.3693,309.6690,310.9715,312.2766,313.5844,314.8948,316.2079,317.5237,318.8422,320.1633,321.4871,322.8134,324.1425,325.4742,326.8085,328.1456,329.4851,330.8273,332.1721,333.5195,334.8696,336.2223,337.5777,338.9357,340.2961,341.6594,343.0250,344.3934,345.7643,347.1378,348.5139,349.8925,351.2739,352.6578,354.0442,355.4331,356.8248,358.2189,359.6156,361.0148,362.4167,363.8210,365.2280,366.6374,368.0495,369.4641,370.8812,372.3008,373.7229,375.1476,376.5749,378.0046,379.4368,380.8715,382.3087,383.7486,385.1909,386.6357,388.0830,389.5329,390.9852,392.4400,393.8973,395.3570,396.8194,398.2841,399.7513,401.2209,402.6931,404.1676,405.6447,407.1244,408.6063,410.0909,411.5779,413.0672,414.5589,416.0533,417.5500,419.0492,420.5508,422.0548,423.5613,425.0702,426.5814,428.0952,429.6112,431.1300,432.6512,434.1744,435.7003,437.2285,438.7593,440.2923,441.8278,443.3655,444.9059,446.4488,447.9939,449.5413,451.0912,452.6434,454.1980,455.7549,457.3144,458.8760,460.4402,462.0064,463.5752,465.1465,466.7201,468.2959,469.8742,471.4548,473.0378,474.6230,476.2108,477.8008,479.3934,480.9878,482.5848,484.1843,485.7860,487.3899,488.9964,490.6049,492.2161,493.8293,495.4449,497.0630,498.6831,500.3058,501.9307,503.5580,505.1872,506.8189,508.4530,510.0894,511.7279,513.3688,515.0123,516.6579,518.3056,519.9556,521.6082,523.2628,524.9196,526.5789,528.2404,529.9042,531.5700,533.2383,534.9089,536.5818,538.2568,539.9341,541.6136,543.2954,544.9798,546.6661,548.3546,550.0454,551.7386,553.4338,555.1312,556.8311,558.5330,560.2371,561.9437,563.6522,565.3633,567.0763,568.7916,570.5092,572.2291,573.9507,575.6752,577.4016,579.1301,580.8611,582.5939,584.3293,586.0667,587.8065,589.5483,591.2923,593.0384,594.7867,596.5373,598.2902,600.0453,601.8022,603.5616,605.3228,607.0866,608.8526,610.6206,612.3906,614.1628,615.9376,617.7143,619.4928,621.2739,623.0571,624.8422,626.6298,628.4194,630.2111,632.0049,633.8010,635.5989,637.3990,639.2017,641.0060,642.8132,644.6219,646.4328,648.2458,650.0612,651.8785,653.6981,655.5197,657.3433,659.1693,660.9971,662.8274,664.6595,666.4940,668.3303,670.1687,672.0096,673.8522,675.6972,677.5439,679.3931,681.2443,683.0972,684.9528,686.8102,688.6695,690.5312,692.3950,694.2609,696.1288,697.9986,699.8708,701.7446,703.6211,705.4993,707.3796,709.2620,711.1463,713.0330,714.9216,716.8122,718.7049,720.5998,722.4966,724.3954,726.2964,728.1995,730.1046,732.0116,733.9207,735.8320,737.7452,739.6605,741.5780,743.4972,745.4188,747.3424,749.2675,751.1951,753.1248,755.0563,756.9902,758.9257,760.8631,762.8027,764.7444,766.6880,768.6339,770.5816,772.5317,774.4832,776.4369,778.3925,780.3505,782.3105,784.2725,786.2365,788.2021,790.1700,792.1399,794.1116,796.0854,798.0613,800.0391,802.0190,804.0009,805.9847,807.9707,809.9581,811.9481,813.9397,815.9335,817.9293,52.5569,52.0676,51.5823,51.1011,50.6240,50.1510,49.6821,49.2174,48.7567,48.3003,47.8479,47.3998,46.9558,46.5160,46.0804,45.6490,45.2218,44.7988,44.3801,43.9656,43.5554,43.1494,42.7477,42.3504,41.9573,41.5685,41.1841,40.8039,40.4281,40.0567,39.6896,39.3269,38.9686,38.6147,38.2652,37.9201,37.5794,37.2432,36.9114,36.5841,36.2612,35.9428,35.6290,35.3196,35.0147,34.7144,34.4186,34.1274,33.8407,33.5585,33.2810,33.0080,32.7396,32.4758,32.2167,31.9622,31.7123,31.4671,31.2265,30.9906,30.7594,30.5329,30.3111,30.0939,29.8815,29.6739,29.4709,29.2727,29.0793,28.8906,28.7067,28.5276,28.3533,28.1838,28.0191,27.8592,27.7041,27.5539,27.4085,27.2679,27.1322,27.0014,26.8754,26.7544,26.6382,26.5268,26.4204,26.3189,26.2223,26.1306,26.0439,25.9620,25.8851,25.8131,25.7461,25.6840,25.6269,25.5747,25.5275,25.4852,25.4479,25.4155,25.3881,25.3657,25.3483,25.3358,25.3284,25.3258,25.3283,25.3358,25.3482,25.3656,25.3880,25.4154,25.4478,25.4851,25.5274,25.5747,25.6270,25.6842,25.7464,25.8136,25.8858,25.9629,26.0450,26.1320,26.2240,26.3210,26.4229,26.5297,26.6415,26.7582,26.8799,27.0064,27.1379,27.2743,27.4157,27.5619,27.7130,27.8691,28.0300,28.1957,28.3664,28.5419,28.7223,28.9076,29.0977,29.2926,29.4923,29.6969,29.9063,30.1205,30.3395,30.5633,30.7919,31.0253,31.2634,31.5063,31.7539,32.0063,32.2634,32.5253,32.7918,33.0631,33.3391,33.6197,33.9051,34.1951,34.4898,34.7891,35.0931,35.4017,35.7149,36.0328,36.3553,36.6824,37.0140,37.3503,37.6911,38.0365,38.3864,38.7409,39.0999,39.4635,39.8316,40.2042,40.5812,40.9628,41.3489,41.7394,42.1344,42.5339,42.7023\right]
d_{kin}=\left[168.8631,168.5402,168.2148,167.8871,167.5569,167.2245,166.8899,166.5531,166.2143,165.8736,165.5310,165.1867,164.8408,164.4934,164.1446,163.7946,163.4434,163.0914,162.7385,162.3850,162.0311,161.6769,161.3227,160.9686,160.6148,160.2616,159.9091,159.5577,159.2076,158.8590,158.5121,158.1674,157.8250,157.4853,157.1484,156.8149,156.4849,156.1589,155.8371,155.5199,155.2077,154.9009,154.5997,154.3046,154.0160,153.7343,153.4598,153.1930,152.9344,152.6842,152.4430,152.2112,151.9892,151.7774,151.5762,151.3862,151.2077,151.0412,150.8871,150.7459,150.6179,150.5036,150.4034,150.3177,150.2469,150.1914,150.1516,150.1279,150.1207,150.1302,150.1568,150.2008,150.2626,150.3425,150.4407,150.5575,150.6931,150.8477,151.0216,151.2149,151.4278,151.6604,151.9128,152.1852,152.4776,152.7901,153.1227,153.4753,153.8480,154.2408,154.6535,155.0861,155.5385,156.0105,156.5020,157.0128,157.5426,158.0914,158.6588,159.2446,159.8485,160.4702,161.1093,161.7656,162.4387,163.1282,163.8336,164.5548,165.2911,166.0422,166.8077,167.5870,168.3797,169.1854,170.0035,170.8336,171.6751,172.5276,173.3904,174.2631,175.1452,176.0361,176.9353,177.8422,178.7563,179.6770,180.6037,181.5360,182.4733,183.4149,184.3603,185.3091,186.2605,187.2142,188.1694,189.1258,190.0826,191.0394,191.9957,192.9509,193.9044,194.8559,195.8046,196.7502,197.6920,198.6297,199.5627,199.5119,198.6069,197.7242,196.8633,196.0238,195.2056,194.4082,193.6313,192.8747,192.1379,191.4207,190.7227,190.0435,189.3829,188.7406,188.1162,187.5093,186.9198,186.3472,185.7912,185.2516,184.7281,184.2203,183.7279,183.2506,182.7882,182.3404,181.9069,181.4874,181.0816,180.6893,180.3101,179.9439,179.5904,179.2493,178.9204,178.6034,178.2981,178.0042,177.7215,177.4498,177.1888,176.9384,176.6982,176.4681,176.2479,176.0373,175.8361,175.6442,175.4613,175.2872,175.1217,174.9647,174.8159,174.6752,174.5423,174.4171,174.2995,174.1891,174.0860,173.9898,173.9004,173.8177,173.7415,173.6716,173.6079,173.5502,173.4984,173.4523,173.4117,173.3766,173.3468,173.3221,173.3024,173.2876,173.2776,173.2721,173.2711,173.2744,173.2820,173.2937,173.3094,173.3290,173.3523,173.3792,173.4097,173.4436,173.4808,173.5213,173.5648,173.6114,173.6608,173.7132,173.7682,173.8258,173.8860,173.9486,174.0137,174.0809,174.1504,174.2220,174.2957,174.3713,174.4488,174.5281,174.6092,174.6919,174.7762,174.8621,174.9494,175.0382,175.1282,175.2196,175.3122,175.4059,175.5008,175.5967,175.6936,175.7915,175.8902,175.9898,176.0902,176.1914,176.2933,176.3958,176.4989,176.6026,176.7069,176.8117,176.9169,177.0225,177.1286,177.2349,177.3416,177.4486,177.5558,177.6633,177.7709,177.8787,177.9866,178.0947,178.2028,178.3109,178.4191,178.5273,178.6355,178.7437,178.8517,178.9597,179.0676,179.1753,179.2829,179.3904,179.4977,179.6047,179.7116,179.8182,179.9246,180.0307,180.1366,180.2422,180.3474,180.4524,180.5571,180.6613,180.7653,180.8689,180.9722,181.0750,181.1775,181.2796,181.3813,181.4826,181.5834,181.6839,181.7839,181.8835,181.9826,182.0813,182.1795,182.2773,182.3746,182.4714,182.5678,182.6637,182.7591,182.8540,182.9484,183.0424,183.1358,183.2288,183.3212,183.4131,183.5046,183.5956,183.6860,183.7759,183.8653,183.9542,184.0426,184.1305,184.2179,184.3048,184.3911,184.4770,184.5623,184.6471,184.7314,184.8152,184.8985,184.9812,185.0635,185.1452,185.2265,185.3072,185.3874,185.4671,185.5464,185.6251,185.7033,185.7810,185.8582,185.9349,186.0111,186.0869,186.1621,186.2368,186.3111,186.3849,186.4581,186.5310,186.6033,186.6751,186.7465,186.8174,186.8879,186.9578,187.0273,187.0963,187.1649,187.2330,187.3007,187.3679,187.4346,187.5009,187.5668,187.6322,187.6971,187.7617,187.8258,187.8895,187.9527,188.0155,188.0778,188.1398,188.2013,188.2624,188.3231,188.3834,188.4433,188.5027,188.5618,188.6205,188.6787,188.7366,188.7940,188.8511,188.9078,188.9641,189.0200,189.0755,189.1307,189.1855,189.2399,189.2939,189.3476,189.4009,189.4539,189.5064,189.5587,189.6105,189.6620,189.7132,189.7640,189.8145,189.8646,189.9144,189.9639,190.0130,190.0618,190.1102,190.1583,190.2061,190.2536,190.3008,190.3476,190.3941,190.4404,190.4863,190.5319,190.5771,190.6221,190.6668,190.7112,190.7552,190.7991,190.8425,190.8858,190.9287,190.9713,191.0137,191.0557,191.0975,191.1390,191.1803,191.2212,191.2619,191.3023,191.3425,191.3824,191.4220,191.4614,191.5005,191.5393,191.5779,191.6162,191.6544,191.6922,191.7298,191.7671,191.8042,191.8411,191.8777,191.9141,191.9503,191.9862,192.0219,192.0573,192.0926,192.1276,192.1624,192.1969,192.2312,192.2653,192.2992,192.3329,192.3664,192.3996,192.4326,192.4655,192.4981,192.5305,192.5627,192.5947,192.6265,192.6581,192.6895,192.7207,192.7517,192.7826,192.8132,192.8436,192.8739,192.9039,192.9338,192.9635,192.9930,193.0223,193.0514,193.0804,193.1091,193.1377,193.1661,193.1944,193.2225,193.2504,193.2781,193.3056,193.3331,193.3603,193.3873,193.4142,193.4410,193.4675,193.4940,193.5202,193.5463,193.5722,193.5980,193.6237,193.6491,193.6745,193.6996,193.7247,193.7495,193.7742,193.7988,193.8232,193.8475,193.8717,193.8957,193.9196,193.9433,193.9669,193.9903,194.0136,194.0368,194.0598,194.0827,194.1055,194.1281,194.1506,194.1730,194.1953,194.2174,194.2394,194.2612,194.2830,194.3046,194.3261,194.3475,194.3687,194.3898,194.4108,194.4317,194.4525,194.4732,194.4937,194.5141,194.5344,194.5546,194.5747,194.5947,194.6145,194.6343,194.6539,194.6734,194.6928,194.7121,194.7313,194.7504,194.7694,194.7883,194.8071,194.8258,194.8443,194.8628,194.8812,194.8995,194.9176,194.9357,194.9537,194.9716,194.9893,195.0070,195.0246,195.0421,195.0595,195.0768,195.0940,195.1112,195.1282,195.1451,195.1620,195.1787,195.1954,195.2120,195.2285,195.2449,195.2612,195.2774,195.2936,195.3097,195.3256,195.3415,195.3573,195.3731,195.3887,195.4043,195.4198,195.4352,195.4505,195.4658,195.4809,195.4960,195.5110,195.5260,195.5408,195.5556,195.5703,195.5850,195.5995,195.6140,195.6284,195.6427,195.6570,195.6712,195.6853,195.6994,195.7134,195.7273,195.7411,195.7549,195.7686,195.7822,195.7958,195.8093,195.8227,195.8361,195.8493,195.8626,195.8757,195.8889,195.9019,195.9149,195.9278,195.9406,195.9534,195.9661,195.9788,195.9914,196.0039,196.0164,196.0288,196.0411,196.0534,196.0657,196.0779,196.0900,196.1020,196.1140,196.1260,196.1378,196.1497,196.1615,196.1732,196.1848,196.1964,196.2080,196.2195,196.2309,196.2423,196.2537,196.2649,196.2762,196.2873,196.2985,196.3095,196.3205,196.3315,196.3424,196.3533,196.3641,196.3749,196.3856,196.3963,196.4069,196.4174,196.4280,196.4384,196.4489,196.4592,196.4696,196.4799,196.4901,196.5003,196.5104,196.5205,196.5306,196.5406,196.5505,196.5605,196.5703,196.5802,196.5899,196.5997,196.6094,196.6190,196.6286,196.6382,196.6477,196.6572,196.6666,196.6760,196.6854,196.6947,196.7040,196.7132,196.7224,196.7315,196.7406,196.7497,196.7588,196.7678,196.7767,196.7856,196.7945,196.8033,196.8121,196.8209,196.8296,196.8383,196.8469,196.8555,196.8641,196.8727,196.8812,196.8896,196.8981,196.9064,196.9148,196.9231,196.9314,196.9397,196.9479,196.9561,196.9642,196.9723,196.9804,196.9884,196.9964,197.0044,197.0123,197.0203,197.0282,197.0360,197.0438,197.0516,197.0593,197.0670,197.0747,197.0824,197.0900,197.0976,197.1051,197.1127,197.1201,197.1276,197.1351,197.1425,197.1498,197.1572,197.1645,197.1718,197.1790,197.1862,197.1934,197.2006,197.2077,197.2148,197.2219,197.2290,197.2360,197.2430,197.2500,197.2569,197.2638,197.2707,197.2775,197.2844,197.2912,197.2980,197.3047,197.3114,197.3181,197.3248,197.3314,197.3380,197.3446,197.3512,197.3577,197.3643,197.3707,197.3772,197.3836,197.3900,197.3964,197.4028,197.4091,197.4155,197.4217,197.4280,197.4342,197.4405,197.4467,197.4528,197.4590,197.4651,166.6967,166.4363,166.1739,165.9097,165.6436,165.3757,165.1059,164.8344,164.5610,164.2859,164.0090,163.7304,163.4502,163.1682,162.8846,162.5995,162.3128,162.0245,161.7348,161.4436,161.1510,160.8570,160.5617,160.2652,159.9674,159.6685,159.3685,159.0675,158.7654,158.4625,158.1587,157.8541,157.5488,157.2429,156.9365,156.6296,156.3223,156.0147,155.7069,155.3989,155.0910,154.7831,154.4755,154.1681,153.8611,153.5546,153.2488,152.9437,152.6394,152.3361,152.0339,151.7330,151.4334,151.1353,150.8389,150.5442,150.2515,149.9608,149.6723,149.3862,149.1025,148.8215,148.5434,148.2681,147.9960,147.7272,147.4618,147.2000,146.9420,146.6878,146.4378,146.1920,145.9505,145.7137,145.4816,145.2543,145.0321,144.8151,144.6034,144.3973,144.1968,144.0021,143.8134,143.6308,143.4544,143.2844,143.1209,142.9641,142.8141,142.6710,142.5348,142.4058,142.2841,142.1697,142.0627,141.9633,141.8715,141.7874,141.7111,141.6426,141.5821,141.5295,141.4849,141.4483,141.4198,141.3994,141.3872,141.3831,141.3872,141.3993,141.4197,141.4481,141.4846,141.5293,141.5819,141.6425,141.7110,141.7875,141.8717,141.9636,142.0633,142.1705,142.2851,142.4072,142.5366,142.6731,142.8167,142.9673,143.1247,143.2888,143.4595,143.6366,143.8200,144.0096,144.2052,144.4067,144.6140,144.8267,145.0449,145.2684,145.4970,145.7305,145.9688,146.2117,146.4591,146.7107,146.9666,147.2263,147.4899,147.7572,148.0279,148.3020,148.5792,148.8595,149.1426,149.4284,149.7167,150.0075,150.3005,150.5956,150.8926,151.1915,151.4920,151.7941,152.0975,152.4023,152.7081,153.0150,153.3227,153.6312,153.9404,154.2501,154.5601,154.8705,155.1811,155.4918,155.8025,156.1131,156.4235,156.7336,157.0433,157.3525,157.6612,157.9693,158.2767,158.5833,158.8890,159.1938,159.4977,159.8005,160.1022,160.4027,160.5280\right]
d_{turn}=\left[56.9440,56.2518,55.5686,54.8942,54.2287,53.5722,52.9247,52.2861,51.6565,51.0360,50.4244,49.8218,49.2283,48.6439,48.0686,47.5023,46.9452,46.3972,45.8584,45.3288,44.8084,44.2973,43.7954,43.3028,42.8195,42.3455,41.8810,41.4258,40.9801,40.5439,40.1172,39.7001,39.2925,38.8946,38.5064,38.1279,37.7592,37.4003,37.0513,36.7122,36.3831,36.0641,35.7552,35.4565,35.1681,34.8900,34.6223,34.3651,34.1185,33.8827,33.6575,33.4433,33.2401,33.0480,32.8671,32.6976,32.5396,32.3932,32.2586,32.1360,32.0255,31.9273,31.8416,31.7685,31.7084,31.6614,31.6278,31.6077,31.6016,31.6096,31.6321,31.6694,31.7218,31.7897,31.8735,31.9736,32.0904,32.2243,32.3760,32.5459,32.7346,32.9426,33.1707,33.4195,33.6897,33.9822,34.2977,34.6373,35.0018,35.3924,35.8101,36.2561,36.7318,37.2386,37.7780,38.3517,38.9614,39.6091,40.2968,41.0269,41.8019,42.6244,43.4975,44.4244,45.4086,46.4540,47.5650,48.7464,50.0032,51.3415,52.7677,54.2888,55.9131,57.6496,59.5083,61.5007,63.6398,65.9402,68.4190,71.0951,73.9909,77.1320,80.5483,84.2748,88.3528,92.8311,97.7683,103.2350,109.3168,116.1193,123.7739,132.4453,142.3443,153.7443,167.0062,182.6170,201.2494,223.8605,251.8593,287.4100,334.0129,397.7305,490.0469,635.6833,899.3862,1522.0138,4791.7134,4291.4888,1496.9771,912.2455,658.9809,517.6447,427.5082,365.0490,319.2394,284.2235,256.6043,234.2745,215.8578,200.4178,187.2949,176.0109,166.2109,157.6257,150.0479,143.3145,137.2962,131.8888,127.0072,122.5820,118.5550,114.8777,111.5095,108.4155,105.5662,102.9360,100.5028,98.2477,96.1538,94.2065,92.3929,90.7016,89.1224,87.6465,86.2657,84.9728,83.7614,82.6256,81.5602,80.5604,79.6219,78.7407,77.9132,77.1361,76.4065,75.7217,75.0790,74.4761,73.9109,73.3815,72.8859,72.4225,71.9898,71.5862,71.2104,70.8611,70.5372,70.2375,69.9611,69.7069,69.4741,69.2618,69.0693,68.8958,68.7405,68.6029,68.4823,68.3781,68.2898,68.2169,68.1589,68.1153,68.0856,68.0695,68.0666,68.0765,68.0988,68.1332,68.1794,68.2371,68.3060,68.3857,68.4762,68.5770,68.6880,68.8089,68.9396,69.0798,69.2292,69.3879,69.5554,69.7317,69.9166,70.1100,70.3117,70.5215,70.7393,70.9650,71.1984,71.4394,71.6880,71.9439,72.2071,72.4774,72.7548,73.0392,73.3304,73.6284,73.9331,74.2444,74.5622,74.8864,75.2170,75.5539,75.8970,76.2463,76.6016,76.9629,77.3302,77.7034,78.0824,78.4671,78.8576,79.2538,79.6555,80.0628,80.4756,80.8939,81.3176,81.7466,82.1810,82.6206,83.0655,83.5156,83.9708,84.4312,84.8966,85.3671,85.8426,86.3231,86.8084,87.2987,87.7939,88.2940,88.7988,89.3084,89.8228,90.3419,90.8657,91.3942,91.9273,92.4650,93.0074,93.5542,94.1057,94.6616,95.2221,95.7870,96.3563,96.9301,97.5083,98.0908,98.6778,99.2690,99.8646,100.4645,101.0687,101.6771,102.2898,102.9067,103.5278,104.1531,104.7826,105.4162,106.0540,106.6959,107.3419,107.9919,108.6461,109.3043,109.9666,110.6329,111.3032,111.9774,112.6557,113.3380,114.0242,114.7143,115.4084,116.1063,116.8082,117.5140,118.2236,118.9371,119.6544,120.3757,121.1006,121.8295,122.5621,123.2986,124.0387,124.7828,125.5305,126.2820,127.0371,127.7961,128.5587,129.3250,130.0950,130.8687,131.6461,132.4271,133.2118,134.0001,134.7921,135.5876,136.3868,137.1895,137.9959,138.8058,139.6193,140.4364,141.2570,142.0812,142.9089,143.7401,144.5748,145.4131,146.2549,147.1001,147.9489,148.8010,149.6568,150.5159,151.3784,152.2444,153.1138,153.9868,154.8631,155.7428,156.6259,157.5124,158.4023,159.2956,160.1922,161.0922,161.9956,162.9023,163.8124,164.7258,165.6425,166.5626,167.4859,168.4126,169.3426,170.2758,171.2123,172.1522,173.0953,174.0416,174.9913,175.9441,176.9003,177.8596,178.8222,179.7881,180.7571,181.7294,182.7049,183.6835,184.6655,185.6506,186.6388,187.6302,188.6248,189.6225,190.6234,191.6275,192.6348,193.6451,194.6586,195.6752,196.6949,197.7178,198.7439,199.7729,200.8051,201.8404,202.8787,203.9202,204.9647,206.0123,207.0630,208.1168,209.1736,210.2334,211.2963,212.3622,213.4312,214.5033,215.5782,216.6563,217.7374,218.8215,219.9086,220.9986,222.0918,223.1879,224.2870,225.3890,226.4939,227.6019,228.7130,229.8268,230.9437,232.0635,233.1863,234.3120,235.4407,236.5723,237.7068,238.8444,239.9847,241.1280,242.2742,243.4232,244.5753,245.7301,246.8879,248.0486,249.2122,250.3785,251.5478,252.7200,253.8951,255.0729,256.2536,257.4372,258.6237,259.8129,261.0051,262.2000,263.3980,264.5985,265.8020,267.0083,268.2173,269.4292,270.6440,271.8613,273.0816,274.3047,275.5305,276.7592,277.9906,279.2248,280.4618,281.7016,282.9441,284.1894,285.4375,286.6883,287.9418,289.1981,290.4572,291.7189,292.9835,294.2506,295.5206,296.7932,298.0687,299.3468,300.6276,301.9110,303.1973,304.4863,305.7779,307.0723,308.3693,309.6690,310.9715,312.2766,313.5844,314.8948,316.2079,317.5237,318.8422,320.1633,321.4871,322.8134,324.1425,325.4742,326.8085,328.1456,329.4851,330.8273,332.1721,333.5195,334.8696,336.2223,337.5777,338.9357,340.2961,341.6594,343.0250,344.3934,345.7643,347.1378,348.5139,349.8925,351.2739,352.6578,354.0442,355.4331,356.8248,358.2189,359.6156,361.0148,362.4167,363.8210,365.2280,366.6374,368.0495,369.4641,370.8812,372.3008,373.7229,375.1476,376.5749,378.0046,379.4368,380.8715,382.3087,383.7486,385.1909,386.6357,388.0830,389.5329,390.9852,392.4400,393.8973,395.3570,396.8194,398.2841,399.7513,401.2209,402.6931,404.1676,405.6447,407.1244,408.6063,410.0909,411.5779,413.0672,414.5589,416.0533,417.5500,419.0492,420.5508,422.0548,423.5613,425.0702,426.5814,428.0952,429.6112,431.1300,432.6512,434.1744,435.7003,437.2285,438.7593,440.2923,441.8278,443.3655,444.9059,446.4488,447.9939,449.5413,451.0912,452.6434,454.1980,455.7549,457.3144,458.8760,460.4402,462.0064,463.5752,465.1465,466.7201,468.2959,469.8742,471.4548,473.0378,474.6230,476.2108,477.8008,479.3934,480.9878,482.5848,484.1843,485.7860,487.3899,488.9964,490.6049,492.2161,493.8293,495.4449,497.0630,498.6831,500.3058,501.9307,503.5580,505.1872,506.8189,508.4530,510.0894,511.7279,513.3688,515.0123,516.6579,518.3056,519.9556,521.6082,523.2628,524.9196,526.5789,528.2404,529.9042,531.5700,533.2383,534.9089,536.5818,538.2568,539.9341,541.6136,543.2954,544.9798,546.6661,548.3546,550.0454,551.7386,553.4338,555.1312,556.8311,558.5330,560.2371,561.9437,563.6522,565.3633,567.0763,568.7916,570.5092,572.2291,573.9507,575.6752,577.4016,579.1301,580.8611,582.5939,584.3293,586.0667,587.8065,589.5483,591.2923,593.0384,594.7867,596.5373,598.2902,600.0453,601.8022,603.5616,605.3228,607.0866,608.8526,610.6206,612.3906,614.1628,615.9376,617.7143,619.4928,621.2739,623.0571,624.8422,626.6298,628.4194,630.2111,632.0049,633.8010,635.5989,637.3990,639.2017,641.0060,642.8132,644.6219,646.4328,648.2458,650.0612,651.8785,653.6981,655.5197,657.3433,659.1693,660.9971,662.8274,664.6595,666.4940,668.3303,670.1687,672.0096,673.8522,675.6972,677.5439,679.3931,681.2443,683.0972,684.9528,686.8102,688.6695,690.5312,692.3950,694.2609,696.1288,697.9986,699.8708,701.7446,703.6211,705.4993,707.3796,709.2620,711.1463,713.0330,714.9216,716.8122,718.7049,720.5998,722.4966,724.3954,726.2964,728.1995,730.1046,732.0116,733.9207,735.8320,737.7452,739.6605,741.5780,743.4972,745.4188,747.3424,749.2675,751.1951,753.1248,755.0563,756.9902,758.9257,760.8631,762.8027,764.7444,766.6880,768.6339,770.5816,772.5317,774.4832,776.4369,778.3925,780.3505,782.3105,784.2725,786.2365,788.2021,790.1700,792.1399,794.1116,796.0854,798.0613,800.0391,802.0190,804.0009,805.9847,807.9707,809.9581,811.9481,813.9397,815.9335,817.9293,52.5569,52.0676,51.5823,51.1011,50.6240,50.1510,49.6821,49.2174,48.7567,48.3003,47.8479,47.3998,46.9558,46.5160,46.0804,45.6490,45.2218,44.7988,44.3801,43.9656,43.5554,43.1494,42.7477,42.3504,41.9573,41.5685,41.1841,40.8039,40.4281,40.0567,39.6896,39.3269,38.9686,38.6147,38.2652,37.9201,37.5794,37.2432,36.9114,36.5841,36.2612,35.9428,35.6290,35.3196,35.0147,34.7144,34.4186,34.1274,33.8407,33.5585,33.2810,33.0080,32.7396,32.4758,32.2167,31.9622,31.7123,31.4671,31.2265,30.9906,30.7594,30.5329,30.3111,30.0939,29.8815,29.6739,29.4709,29.2727,29.0793,28.8906,28.7067,28.5276,28.3533,28.1838,28.0191,27.8592,27.7041,27.5539,27.4085,27.2679,27.1322,27.0014,26.8754,26.7544,26.6382,26.5268,26.4204,26.3189,26.2223,26.1306,26.0439,25.9620,25.8851,25.8131,25.7461,25.6840,25.6269,25.5747,25.5275,25.4852,25.4479,25.4155,25.3881,25.3657,25.3483,25.3358,25.3284,25.3258,25.3283,25.3358,25.3482,25.3656,25.3880,25.4154,25.4478,25.4851,25.5274,25.5747,25.6270,25.6842,25.7464,25.8136,25.8858,25.9629,26.0450,26.1320,26.2240,26.3210,26.4229,26.5297,26.6415,26.7582,26.8799,27.0064,27.1379,27.2743,27.4157,27.5619,27.7130,27.8691,28.0300,28.1957,28.3664,28.5419,28.7223,28.9076,29.0977,29.2926,29.4923,29.6969,29.9063,30.1205,30.3395,30.5633,30.7919,31.0253,31.2634,31.5063,31.7539,32.0063,32.2634,32.5253,32.7918,33.0631,33.3391,33.6197,33.9051,34.1951,34.4898,34.7891,35.0931,35.4017,35.7149,36.0328,36.3553,36.6824,37.0140,37.3503,37.6911,38.0365,38.3864,38.7409,39.0999,39.4635,39.8316,40.2042,40.5812,40.9628,41.3489,41.7394,42.1344,42.5339,42.7023\right]
v_{kin}=\left[59.1021,58.9891,58.8752,58.7605,58.6449,58.5286,58.4115,58.2936,58.1750,58.0558,57.9359,57.8154,57.6943,57.5727,57.4506,57.3281,57.2052,57.0820,56.9585,56.8348,56.7109,56.5869,56.4629,56.3390,56.2152,56.0915,55.9682,55.8452,55.7227,55.6006,55.4792,55.3586,55.2387,55.1198,55.0020,54.8852,54.7697,54.6556,54.5430,54.4320,54.3227,54.2153,54.1099,54.0066,53.9056,53.8070,53.7109,53.6176,53.5270,53.4395,53.3551,53.2739,53.1962,53.1221,53.0517,52.9852,52.9227,52.8644,52.8105,52.7611,52.7163,52.6763,52.6412,52.6112,52.5864,52.5670,52.5531,52.5448,52.5422,52.5456,52.5549,52.5703,52.5919,52.6199,52.6543,52.6951,52.7426,52.7967,52.8576,52.9252,52.9997,53.0811,53.1695,53.2648,53.3672,53.4765,53.5929,53.7164,53.8468,53.9843,54.1287,54.2801,54.4385,54.6037,54.7757,54.9545,55.1399,55.3320,55.5306,55.7356,55.9470,56.1646,56.3883,56.6180,56.8535,57.0949,57.3418,57.5942,57.8519,58.1148,58.3827,58.6555,58.9329,59.2149,59.5012,59.7918,60.0863,60.3846,60.6866,60.9921,61.3008,61.6127,61.9274,62.2448,62.5647,62.8869,63.2113,63.5376,63.8656,64.1952,64.5261,64.8582,65.1912,65.5250,65.8593,66.1940,66.5289,66.8638,67.1985,67.5328,67.8666,68.1995,68.5316,68.8626,69.1922,69.5204,69.8469,69.8291,69.5124,69.2035,68.9021,68.6083,68.3220,68.0429,67.7710,67.5061,67.2483,66.9972,66.7529,66.5152,66.2840,66.0592,65.8407,65.6283,65.4219,65.2215,65.0269,64.8381,64.6548,64.4771,64.3048,64.1377,63.9759,63.8191,63.6674,63.5206,63.3785,63.2412,63.1085,62.9804,62.8566,62.7373,62.6221,62.5112,62.4043,62.3015,62.2025,62.1074,62.0161,61.9284,61.8444,61.7638,61.6868,61.6130,61.5426,61.4755,61.4114,61.3505,61.2926,61.2376,61.1856,61.1363,61.0898,61.0460,61.0048,60.9662,60.9301,60.8964,60.8651,60.8362,60.8095,60.7851,60.7628,60.7426,60.7244,60.7083,60.6941,60.6818,60.6714,60.6627,60.6559,60.6507,60.6471,60.6452,60.6449,60.6461,60.6487,60.6528,60.6583,60.6651,60.6733,60.6827,60.6934,60.7053,60.7183,60.7324,60.7477,60.7640,60.7813,60.7996,60.8189,60.8390,60.8601,60.8820,60.9048,60.9283,60.9527,60.9777,61.0035,61.0300,61.0571,61.0848,61.1132,61.1422,61.1717,61.2017,61.2323,61.2634,61.2949,61.3269,61.3593,61.3921,61.4253,61.4588,61.4928,61.5270,61.5616,61.5964,61.6316,61.6670,61.7026,61.7385,61.7746,61.8109,61.8474,61.8841,61.9209,61.9579,61.9950,62.0322,62.0696,62.1070,62.1445,62.1821,62.2198,62.2575,62.2953,62.3331,62.3710,62.4088,62.4467,62.4846,62.5224,62.5603,62.5981,62.6359,62.6737,62.7114,62.7490,62.7866,62.8242,62.8617,62.8991,62.9364,62.9736,63.0108,63.0478,63.0848,63.1216,63.1583,63.1950,63.2315,63.2679,63.3041,63.3403,63.3763,63.4121,63.4479,63.4835,63.5189,63.5542,63.5894,63.6244,63.6592,63.6939,63.7285,63.7628,63.7970,63.8311,63.8650,63.8987,63.9323,63.9657,63.9989,64.0319,64.0648,64.0975,64.1301,64.1624,64.1946,64.2266,64.2584,64.2901,64.3216,64.3529,64.3840,64.4149,64.4457,64.4763,64.5067,64.5369,64.5669,64.5968,64.6265,64.6560,64.6853,64.7145,64.7434,64.7722,64.8008,64.8293,64.8575,64.8856,64.9135,64.9412,64.9688,64.9961,65.0233,65.0504,65.0772,65.1039,65.1304,65.1567,65.1829,65.2089,65.2347,65.2604,65.2858,65.3111,65.3363,65.3613,65.3861,65.4108,65.4352,65.4596,65.4837,65.5077,65.5316,65.5552,65.5788,65.6021,65.6253,65.6484,65.6713,65.6940,65.7166,65.7390,65.7613,65.7834,65.8054,65.8272,65.8489,65.8705,65.8919,65.9131,65.9342,65.9551,65.9760,65.9966,66.0172,66.0376,66.0578,66.0779,66.0979,66.1177,66.1374,66.1570,66.1764,66.1957,66.2149,66.2340,66.2529,66.2717,66.2903,66.3088,66.3272,66.3455,66.3637,66.3817,66.3996,66.4174,66.4351,66.4526,66.4700,66.4874,66.5045,66.5216,66.5386,66.5554,66.5722,66.5888,66.6053,66.6217,66.6380,66.6541,66.6702,66.6861,66.7020,66.7177,66.7334,66.7489,66.7643,66.7797,66.7949,66.8100,66.8250,66.8400,66.8548,66.8695,66.8841,66.8987,66.9131,66.9274,66.9417,66.9558,66.9699,66.9838,66.9977,67.0115,67.0252,67.0388,67.0523,67.0657,67.0790,67.0923,67.1054,67.1185,67.1315,67.1444,67.1572,67.1699,67.1826,67.1952,67.2077,67.2201,67.2324,67.2446,67.2568,67.2689,67.2809,67.2929,67.3047,67.3165,67.3282,67.3399,67.3514,67.3629,67.3743,67.3857,67.3969,67.4081,67.4193,67.4303,67.4413,67.4523,67.4631,67.4739,67.4846,67.4953,67.5058,67.5164,67.5268,67.5372,67.5475,67.5578,67.5680,67.5781,67.5882,67.5982,67.6082,67.6180,67.6279,67.6376,67.6473,67.6570,67.6666,67.6761,67.6856,67.6950,67.7043,67.7136,67.7229,67.7321,67.7412,67.7503,67.7593,67.7683,67.7772,67.7861,67.7949,67.8036,67.8123,67.8210,67.8296,67.8381,67.8466,67.8551,67.8635,67.8718,67.8801,67.8884,67.8966,67.9048,67.9129,67.9209,67.9290,67.9369,67.9448,67.9527,67.9606,67.9683,67.9761,67.9838,67.9914,67.9990,68.0066,68.0141,68.0216,68.0291,68.0364,68.0438,68.0511,68.0584,68.0656,68.0728,68.0799,68.0871,68.0941,68.1011,68.1081,68.1151,68.1220,68.1289,68.1357,68.1425,68.1492,68.1560,68.1627,68.1693,68.1759,68.1825,68.1890,68.1955,68.2020,68.2084,68.2148,68.2212,68.2275,68.2338,68.2401,68.2463,68.2525,68.2586,68.2647,68.2708,68.2769,68.2829,68.2889,68.2949,68.3008,68.3067,68.3126,68.3184,68.3242,68.3300,68.3357,68.3414,68.3471,68.3528,68.3584,68.3640,68.3695,68.3751,68.3806,68.3861,68.3915,68.3969,68.4023,68.4077,68.4130,68.4183,68.4236,68.4289,68.4341,68.4393,68.4445,68.4496,68.4547,68.4598,68.4649,68.4699,68.4750,68.4800,68.4849,68.4899,68.4948,68.4997,68.5045,68.5094,68.5142,68.5190,68.5238,68.5285,68.5332,68.5379,68.5426,68.5473,68.5519,68.5565,68.5611,68.5657,68.5702,68.5747,68.5792,68.5837,68.5881,68.5926,68.5970,68.6014,68.6057,68.6101,68.6144,68.6187,68.6230,68.6273,68.6315,68.6357,68.6399,68.6441,68.6482,68.6524,68.6565,68.6606,68.6647,68.6688,68.6728,68.6768,68.6808,68.6848,68.6888,68.6927,68.6967,68.7006,68.7045,68.7083,68.7122,68.7160,68.7199,68.7237,68.7274,68.7312,68.7350,68.7387,68.7424,68.7461,68.7498,68.7535,68.7571,68.7607,68.7644,68.7680,68.7715,68.7751,68.7786,68.7822,68.7857,68.7892,68.7927,68.7962,68.7996,68.8030,68.8065,68.8099,68.8133,68.8167,68.8200,68.8234,68.8267,68.8300,68.8333,68.8366,68.8399,68.8431,68.8464,68.8496,68.8528,68.8560,68.8592,68.8624,68.8656,68.8687,68.8718,68.8750,68.8781,68.8812,68.8842,68.8873,68.8904,68.8934,68.8964,68.8994,68.9024,68.9054,68.9084,68.9114,68.9143,68.9173,68.9202,68.9231,68.9260,68.9289,68.9318,68.9346,68.9375,68.9403,68.9431,68.9460,68.9488,68.9515,68.9543,68.9571,68.9599,68.9626,68.9653,68.9680,68.9708,68.9735,68.9762,68.9788,68.9815,68.9842,68.9868,68.9894,68.9921,68.9947,68.9973,68.9999,69.0024,69.0050,69.0076,69.0101,69.0127,69.0152,69.0177,69.0202,69.0227,69.0252,69.0277,69.0301,69.0326,69.0350,69.0375,69.0399,69.0423,69.0447,69.0471,69.0495,69.0519,69.0543,69.0566,69.0590,69.0613,69.0637,69.0660,69.0683,69.0706,69.0729,69.0752,69.0775,69.0798,69.0820,69.0843,69.0865,69.0888,69.0910,69.0932,69.0954,69.0976,69.0998,69.1020,69.1042,69.1063,69.1085,69.1106,69.1128,58.3439,58.2527,58.1609,58.0684,57.9753,57.8815,57.7871,57.6920,57.5963,57.5001,57.4031,57.3057,57.2076,57.1089,57.0096,56.9098,56.8095,56.7086,56.6072,56.5052,56.4028,56.2999,56.1966,56.0928,55.9886,55.8840,55.7790,55.6736,55.5679,55.4619,55.3555,55.2489,55.1421,55.0350,54.9278,54.8204,54.7128,54.6051,54.4974,54.3896,54.2819,54.1741,54.0664,53.9588,53.8514,53.7441,53.6371,53.5303,53.4238,53.3176,53.2119,53.1066,53.0017,52.8974,52.7936,52.6905,52.5880,52.4863,52.3853,52.2852,52.1859,52.0875,51.9902,51.8938,51.7986,51.7045,51.6116,51.5200,51.4297,51.3407,51.2532,51.1672,51.0827,50.9998,50.9185,50.8390,50.7612,50.6853,50.6112,50.5390,50.4689,50.4007,50.3347,50.2708,50.2090,50.1495,50.0923,50.0374,49.9849,49.9348,49.8872,49.8420,49.7994,49.7594,49.7220,49.6872,49.6550,49.6256,49.5989,49.5749,49.5537,49.5353,49.5197,49.5069,49.4969,49.4898,49.4855,49.4841,49.4855,49.4898,49.4969,49.5068,49.5196,49.5352,49.5537,49.5749,49.5989,49.6256,49.6551,49.6873,49.7221,49.7597,49.7998,49.8425,49.8878,49.9356,49.9859,50.0385,50.0936,50.1511,50.2108,50.2728,50.3370,50.4034,50.4718,50.5424,50.6149,50.6894,50.7657,50.8439,50.9239,51.0057,51.0891,51.1741,51.2607,51.3488,51.4383,51.5292,51.6215,51.7150,51.8098,51.9057,52.0027,52.1008,52.1999,52.2999,52.4009,52.5026,52.6052,52.7085,52.8124,52.9170,53.0222,53.1279,53.2341,53.3408,53.4478,53.5552,53.6629,53.7709,53.8791,53.9875,54.0961,54.2047,54.3134,54.4221,54.5309,54.6396,54.7482,54.8567,54.9651,55.0734,55.1814,55.2893,55.3968,55.5041,55.6112,55.7178,55.8242,55.9302,56.0358,56.1409,56.1848\right]
v_{turn}=\left[56.9440,56.2518,55.5686,54.8942,54.2287,53.5722,52.9247,52.2861,51.6565,51.0360,50.4244,49.8218,49.2283,48.6439,48.0686,47.5023,46.9452,46.3972,45.8584,45.3288,44.8084,44.2973,43.7954,43.3028,42.8195,42.3455,41.8810,41.4258,40.9801,40.5439,40.1172,39.7001,39.2925,38.8946,38.5064,38.1279,37.7592,37.4003,37.0513,36.7122,36.3831,36.0641,35.7552,35.4565,35.1681,34.8900,34.6223,34.3651,34.1185,33.8827,33.6575,33.4433,33.2401,33.0480,32.8671,32.6976,32.5396,32.3932,32.2586,32.1360,32.0255,31.9273,31.8416,31.7685,31.7084,31.6614,31.6278,31.6077,31.6016,31.6096,31.6321,31.6694,31.7218,31.7897,31.8735,31.9736,32.0904,32.2243,32.3760,32.5459,32.7346,32.9426,33.1707,33.4195,33.6897,33.9822,34.2977,34.6373,35.0018,35.3924,35.8101,36.2561,36.7318,37.2386,37.7780,38.3517,38.9614,39.6091,40.2968,41.0269,41.8019,42.6244,43.4975,44.4244,45.4086,46.4540,47.5650,48.7464,50.0032,51.3415,52.7677,54.2888,55.9131,57.6496,59.5083,61.5007,63.6398,65.9402,68.4190,71.0951,73.9909,77.1320,80.5483,84.2748,88.3528,92.8311,97.7683,103.2350,109.3168,116.1193,123.7739,132.4453,142.3443,153.7443,167.0062,182.6170,201.2494,223.8605,251.8593,287.4100,334.0129,397.7305,490.0469,635.6833,899.3862,1522.0138,4791.7134,4291.4888,1496.9771,912.2455,658.9809,517.6447,427.5082,365.0490,319.2394,284.2235,256.6043,234.2745,215.8578,200.4178,187.2949,176.0109,166.2109,157.6257,150.0479,143.3145,137.2962,131.8888,127.0072,122.5820,118.5550,114.8777,111.5095,108.4155,105.5662,102.9360,100.5028,98.2477,96.1538,94.2065,92.3929,90.7016,89.1224,87.6465,86.2657,84.9728,83.7614,82.6256,81.5602,80.5604,79.6219,78.7407,77.9132,77.1361,76.4065,75.7217,75.0790,74.4761,73.9109,73.3815,72.8859,72.4225,71.9898,71.5862,71.2104,70.8611,70.5372,70.2375,69.9611,69.7069,69.4741,69.2618,69.0693,68.8958,68.7405,68.6029,68.4823,68.3781,68.2898,68.2169,68.1589,68.1153,68.0856,68.0695,68.0666,68.0765,68.0988,68.1332,68.1794,68.2371,68.3060,68.3857,68.4762,68.5770,68.6880,68.8089,68.9396,69.0798,69.2292,69.3879,69.5554,69.7317,69.9166,70.1100,70.3117,70.5215,70.7393,70.9650,71.1984,71.4394,71.6880,71.9439,72.2071,72.4774,72.7548,73.0392,73.3304,73.6284,73.9331,74.2444,74.5622,74.8864,75.2170,75.5539,75.8970,76.2463,76.6016,76.9629,77.3302,77.7034,78.0824,78.4671,78.8576,79.2538,79.6555,80.0628,80.4756,80.8939,81.3176,81.7466,82.1810,82.6206,83.0655,83.5156,83.9708,84.4312,84.8966,85.3671,85.8426,86.3231,86.8084,87.2987,87.7939,88.2940,88.7988,89.3084,89.8228,90.3419,90.8657,91.3942,91.9273,92.4650,93.0074,93.5542,94.1057,94.6616,95.2221,95.7870,96.3563,96.9301,97.5083,98.0908,98.6778,99.2690,99.8646,100.4645,101.0687,101.6771,102.2898,102.9067,103.5278,104.1531,104.7826,105.4162,106.0540,106.6959,107.3419,107.9919,108.6461,109.3043,109.9666,110.6329,111.3032,111.9774,112.6557,113.3380,114.0242,114.7143,115.4084,116.1063,116.8082,117.5140,118.2236,118.9371,119.6544,120.3757,121.1006,121.8295,122.5621,123.2986,124.0387,124.7828,125.5305,126.2820,127.0371,127.7961,128.5587,129.3250,130.0950,130.8687,131.6461,132.4271,133.2118,134.0001,134.7921,135.5876,136.3868,137.1895,137.9959,138.8058,139.6193,140.4364,141.2570,142.0812,142.9089,143.7401,144.5748,145.4131,146.2549,147.1001,147.9489,148.8010,149.6568,150.5159,151.3784,152.2444,153.1138,153.9868,154.8631,155.7428,156.6259,157.5124,158.4023,159.2956,160.1922,161.0922,161.9956,162.9023,163.8124,164.7258,165.6425,166.5626,167.4859,168.4126,169.3426,170.2758,171.2123,172.1522,173.0953,174.0416,174.9913,175.9441,176.9003,177.8596,178.8222,179.7881,180.7571,181.7294,182.7049,183.6835,184.6655,185.6506,186.6388,187.6302,188.6248,189.6225,190.6234,191.6275,192.6348,193.6451,194.6586,195.6752,196.6949,197.7178,198.7439,199.7729,200.8051,201.8404,202.8787,203.9202,204.9647,206.0123,207.0630,208.1168,209.1736,210.2334,211.2963,212.3622,213.4312,214.5033,215.5782,216.6563,217.7374,218.8215,219.9086,220.9986,222.0918,223.1879,224.2870,225.3890,226.4939,227.6019,228.7130,229.8268,230.9437,232.0635,233.1863,234.3120,235.4407,236.5723,237.7068,238.8444,239.9847,241.1280,242.2742,243.4232,244.5753,245.7301,246.8879,248.0486,249.2122,250.3785,251.5478,252.7200,253.8951,255.0729,256.2536,257.4372,258.6237,259.8129,261.0051,262.2000,263.3980,264.5985,265.8020,267.0083,268.2173,269.4292,270.6440,271.8613,273.0816,274.3047,275.5305,276.7592,277.9906,279.2248,280.4618,281.7016,282.9441,284.1894,285.4375,286.6883,287.9418,289.1981,290.4572,291.7189,292.9835,294.2506,295.5206,296.7932,298.0687,299.3468,300.6276,301.9110,303.1973,304.4863,305.7779,307.0723,308.3693,309.6690,310.9715,312.2766,313.5844,314.8948,316.2079,317.5237,318.8422,320.1633,321.4871,322.8134,324.1425,325.4742,326.8085,328.1456,329.4851,330.8273,332.1721,333.5195,334.8696,336.2223,337.5777,338.9357,340.2961,341.6594,343.0250,344.3934,345.7643,347.1378,348.5139,349.8925,351.2739,352.6578,354.0442,355.4331,356.8248,358.2189,359.6156,361.0148,362.4167,363.8210,365.2280,366.6374,368.0495,369.4641,370.8812,372.3008,373.7229,375.1476,376.5749,378.0046,379.4368,380.8715,382.3087,383.7486,385.1909,386.6357,388.0830,389.5329,390.9852,392.4400,393.8973,395.3570,396.8194,398.2841,399.7513,401.2209,402.6931,404.1676,405.6447,407.1244,408.6063,410.0909,411.5779,413.0672,414.5589,416.0533,417.5500,419.0492,420.5508,422.0548,423.5613,425.0702,426.5814,428.0952,429.6112,431.1300,432.6512,434.1744,435.7003,437.2285,438.7593,440.2923,441.8278,443.3655,444.9059,446.4488,447.9939,449.5413,451.0912,452.6434,454.1980,455.7549,457.3144,458.8760,460.4402,462.0064,463.5752,465.1465,466.7201,468.2959,469.8742,471.4548,473.0378,474.6230,476.2108,477.8008,479.3934,480.9878,482.5848,484.1843,485.7860,487.3899,488.9964,490.6049,492.2161,493.8293,495.4449,497.0630,498.6831,500.3058,501.9307,503.5580,505.1872,506.8189,508.4530,510.0894,511.7279,513.3688,515.0123,516.6579,518.3056,519.9556,521.6082,523.2628,524.9196,526.5789,528.2404,529.9042,531.5700,533.2383,534.9089,536.5818,538.2568,539.9341,541.6136,543.2954,544.9798,546.6661,548.3546,550.0454,551.7386,553.4338,555.1312,556.8311,558.5330,560.2371,561.9437,563.6522,565.3633,567.0763,568.7916,570.5092,572.2291,573.9507,575.6752,577.4016,579.1301,580.8611,582.5939,584.3293,586.0667,587.8065,589.5483,591.2923,593.0384,594.7867,596.5373,598.2902,600.0453,601.8022,603.5616,605.3228,607.0866,608.8526,610.6206,612.3906,614.1628,615.9376,617.7143,619.4928,621.2739,623.0571,624.8422,626.6298,628.4194,630.2111,632.0049,633.8010,635.5989,637.3990,639.2017,641.0060,642.8132,644.6219,646.4328,648.2458,650.0612,651.8785,653.6981,655.5197,657.3433,659.1693,660.9971,662.8274,664.6595,666.4940,668.3303,670.1687,672.0096,673.8522,675.6972,677.5439,679.3931,681.2443,683.0972,684.9528,686.8102,688.6695,690.5312,692.3950,694.2609,696.1288,697.9986,699.8708,701.7446,703.6211,705.4993,707.3796,709.2620,711.1463,713.0330,714.9216,716.8122,718.7049,720.5998,722.4966,724.3954,726.2964,728.1995,730.1046,732.0116,733.9207,735.8320,737.7452,739.6605,741.5780,743.4972,745.4188,747.3424,749.2675,751.1951,753.1248,755.0563,756.9902,758.9257,760.8631,762.8027,764.7444,766.6880,768.6339,770.5816,772.5317,774.4832,776.4369,778.3925,780.3505,782.3105,784.2725,786.2365,788.2021,790.1700,792.1399,794.1116,796.0854,798.0613,800.0391,802.0190,804.0009,805.9847,807.9707,809.9581,811.9481,813.9397,815.9335,817.9293,52.5569,52.0676,51.5823,51.1011,50.6240,50.1510,49.6821,49.2174,48.7567,48.3003,47.8479,47.3998,46.9558,46.5160,46.0804,45.6490,45.2218,44.7988,44.3801,43.9656,43.5554,43.1494,42.7477,42.3504,41.9573,41.5685,41.1841,40.8039,40.4281,40.0567,39.6896,39.3269,38.9686,38.6147,38.2652,37.9201,37.5794,37.2432,36.9114,36.5841,36.2612,35.9428,35.6290,35.3196,35.0147,34.7144,34.4186,34.1274,33.8407,33.5585,33.2810,33.0080,32.7396,32.4758,32.2167,31.9622,31.7123,31.4671,31.2265,30.9906,30.7594,30.5329,30.3111,30.0939,29.8815,29.6739,29.4709,29.2727,29.0793,28.8906,28.7067,28.5276,28.3533,28.1838,28.0191,27.8592,27.7041,27.5539,27.4085,27.2679,27.1322,27.0014,26.8754,26.7544,26.6382,26.5268,26.4204,26.3189,26.2223,26.1306,26.0439,25.9620,25.8851,25.8131,25.7461,25.6840,25.6269,25.5747,25.5275,25.4852,25.4479,25.4155,25.3881,25.3657,25.3483,25.3358,25.3284,25.3258,25.3283,25.3358,25.3482,25.3656,25.3880,25.4154,25.4478,25.4851,25.5274,25.5747,25.6270,25.6842,25.7464,25.8136,25.8858,25.9629,26.0450,26.1320,26.2240,26.3210,26.4229,26.5297,26.6415,26.7582,26.8799,27.0064,27.1379,27.2743,27.4157,27.5619,27.7130,27.8691,28.0300,28.1957,28.3664,28.5419,28.7223,28.9076,29.0977,29.2926,29.4923,29.6969,29.9063,30.1205,30.3395,30.5633,30.7919,31.0253,31.2634,31.5063,31.7539,32.0063,32.2634,32.5253,32.7918,33.0631,33.3391,33.6197,33.9051,34.1951,34.4898,34.7891,35.0931,35.4017,35.7149,36.0328,36.3553,36.6824,37.0140,37.3503,37.6911,38.0365,38.3864,38.7409,39.0999,39.4635,39.8316,40.2042,40.5812,40.9628,41.3489,41.7394,42.1344,42.5339,42.7023\right]
v_{friction}=\left[104.8641,104.2248,103.5899,102.9594,102.3334,101.7121,101.0955,100.4838,99.8770,99.2752,98.6786,98.0872,97.5013,96.9208,96.3459,95.7767,95.2134,94.6561,94.1049,93.5599,93.0213,92.4892,91.9638,91.4451,90.9334,90.4287,89.9314,89.4413,88.9589,88.4841,88.0173,87.5585,87.1079,86.6657,86.2321,85.8072,85.3913,84.9846,84.5871,84.1991,83.8209,83.4527,83.0945,82.7467,82.4094,82.0829,81.7675,81.4632,81.1704,80.8894,80.6202,80.3633,80.1187,79.8868,79.6679,79.4622,79.2700,79.0915,78.9270,78.7769,78.6413,78.5206,78.4151,78.3252,78.2510,78.1930,78.1514,78.1267,78.1191,78.1290,78.1568,78.2028,78.2675,78.3513,78.4544,78.5775,78.7209,78.8851,79.0705,79.2777,79.5071,79.7594,80.0350,80.3346,80.6587,81.0081,81.3833,81.7852,82.2144,82.6718,83.1582,83.6745,84.2217,84.8007,85.4127,86.0587,86.7401,87.4581,88.2141,89.0097,89.8464,90.7260,91.6505,92.6218,93.6422,94.7140,95.8399,97.0228,98.2656,99.5720,100.9454,102.3901,103.9105,105.5117,107.1991,108.9790,110.8580,112.8438,114.9452,117.1716,119.5341,122.0450,124.7185,127.5709,130.6209,133.8904,137.4048,141.1939,145.2935,149.7459,154.6027,159.9267,165.7955,172.3067,179.5845,187.7903,197.1378,207.9176,220.5371,235.5882,253.9711,277.1386,307.6249,350.3669,416.7502,542.1406,961.9402,910.3464,537.6631,419.7189,356.7296,316.1685,287.3260,265.5084,248.2910,234.2786,222.6049,212.6989,204.1675,196.7301,190.1803,184.3625,179.1564,174.4681,170.2227,166.3596,162.8291,159.5903,156.6091,153.8565,151.3082,148.9432,146.7434,144.6933,142.7792,140.9893,139.3131,137.7412,136.2655,134.8786,133.5740,132.3458,131.1886,130.0978,129.0689,128.0981,127.1817,126.3165,125.4995,124.7279,123.9992,123.3111,122.6614,122.0482,121.4697,120.9241,120.4098,119.9254,119.4695,119.0408,118.6382,118.2605,117.9066,117.5756,117.2666,116.9786,116.7110,116.4628,116.2334,116.0220,115.8281,115.6511,115.4902,115.3450,115.2150,115.0996,114.9984,114.9109,114.8367,114.7754,114.7265,114.6898,114.6649,114.6513,114.6488,114.6572,114.6759,114.7049,114.7438,114.7923,114.8503,114.9173,114.9932,115.0779,115.1710,115.2723,115.3817,115.4990,115.6238,115.7562,115.8959,116.0427,116.1965,116.3571,116.5243,116.6980,116.8781,117.0644,117.2567,117.4550,117.6592,117.8690,118.0844,118.3052,118.5314,118.7629,118.9994,119.2409,119.4874,119.7387,119.9947,120.2553,120.5205,120.7901,121.0640,121.3422,121.6246,121.9111,122.2017,122.4962,122.7946,123.0967,123.4026,123.7122,124.0254,124.3420,124.6622,124.9857,125.3126,125.6428,125.9761,126.3127,126.6523,126.9949,127.3406,127.6892,128.0406,128.3949,128.7520,129.1118,129.4743,129.8394,130.2072,130.5775,130.9502,131.3255,131.7031,132.0831,132.4655,132.8501,133.2370,133.6261,134.0174,134.4109,134.8064,135.2040,135.6037,136.0053,136.4089,136.8145,137.2219,137.6312,138.0424,138.4553,138.8700,139.2865,139.7047,140.1246,140.5461,140.9693,141.3941,141.8204,142.2484,142.6778,143.1087,143.5412,143.9751,144.4103,144.8471,145.2852,145.7246,146.1655,146.6076,147.0510,147.4957,147.9416,148.3888,148.8372,149.2868,149.7375,150.1894,150.6425,151.0966,151.5519,152.0082,152.4656,152.9241,153.3836,153.8441,154.3056,154.7681,155.2315,155.6959,156.1613,156.6275,157.0947,157.5627,158.0316,158.5014,158.9720,159.4434,159.9157,160.3888,160.8627,161.3373,161.8127,162.2889,162.7658,163.2435,163.7218,164.2009,164.6806,165.1611,165.6422,166.1239,166.6064,167.0894,167.5732,168.0575,168.5424,169.0279,169.5140,170.0007,170.4880,170.9758,171.4642,171.9531,172.4426,172.9325,173.4230,173.9140,174.4054,174.8974,175.3899,175.8828,176.3762,176.8700,177.3643,177.8591,178.3543,178.8499,179.3459,179.8423,180.3391,180.8364,181.3340,181.8320,182.3303,182.8291,183.3282,183.8277,184.3275,184.8276,185.3281,185.8290,186.3301,186.8316,187.3334,187.8355,188.3379,188.8407,189.3437,189.8470,190.3505,190.8543,191.3585,191.8628,192.3675,192.8724,193.3775,193.8829,194.3885,194.8943,195.4005,195.9068,196.4133,196.9201,197.4270,197.9342,198.4416,198.9492,199.4570,199.9650,200.4731,200.9815,201.4900,201.9987,202.5076,203.0166,203.5258,204.0352,204.5447,205.0544,205.5643,206.0743,206.5844,207.0947,207.6051,208.1156,208.6263,209.1370,209.6479,210.1590,210.6702,211.1814,211.6928,212.2043,212.7159,213.2276,213.7394,214.2513,214.7634,215.2754,215.7876,216.2999,216.8121,217.3246,217.8371,218.3497,218.8623,219.3751,219.8878,220.4007,220.9136,221.4266,221.9396,222.4527,222.9658,223.4790,223.9922,224.5056,225.0189,225.5324,226.0458,226.5592,227.0728,227.5863,228.0998,228.6135,229.1271,229.6407,230.1544,230.6681,231.1818,231.6956,232.2093,232.7231,233.2369,233.7507,234.2646,234.7784,235.2923,235.8061,236.3200,236.8338,237.3476,237.8615,238.3754,238.8892,239.4030,239.9169,240.4307,240.9445,241.4583,241.9721,242.4859,242.9997,243.5135,244.0272,244.5409,245.0546,245.5683,246.0820,246.5956,247.1093,247.6228,248.1364,248.6500,249.1635,249.6769,250.1904,250.7038,251.2172,251.7306,252.2438,252.7571,253.2703,253.7834,254.2966,254.8097,255.3227,255.8358,256.3487,256.8617,257.3745,257.8874,258.4001,258.9128,259.4255,259.9381,260.4507,260.9633,261.4757,261.9881,262.5005,263.0128,263.5251,264.0372,264.5494,265.0614,265.5735,266.0854,266.5973,267.1092,267.6209,268.1326,268.6442,269.1558,269.6673,270.1787,270.6901,271.2014,271.7126,272.2238,272.7349,273.2459,273.7568,274.2678,274.7785,275.2893,275.7999,276.3105,276.8210,277.3315,277.8418,278.3521,278.8623,279.3724,279.8824,280.3924,280.9022,281.4120,281.9218,282.4314,282.9409,283.4504,283.9598,284.4691,284.9784,285.4875,285.9966,286.5055,287.0143,287.5232,288.0318,288.5405,289.0491,289.5575,290.0658,290.5741,291.0823,291.5904,292.0984,292.6063,293.1141,293.6219,294.1296,294.6371,295.1446,295.6519,296.1592,296.6664,297.1735,297.6805,298.1874,298.6941,299.2008,299.7075,300.2140,300.7204,301.2267,301.7329,302.2390,302.7451,303.2510,303.7569,304.2627,304.7682,305.2738,305.7792,306.2846,306.7898,307.2950,307.8000,308.3050,308.8098,309.3145,309.8192,310.3237,310.8282,311.3326,311.8369,312.3409,312.8449,313.3488,313.8527,314.3563,314.8599,315.3635,315.8670,316.3702,316.8734,317.3766,317.8795,318.3824,318.8852,319.3879,319.8905,320.3929,320.8953,321.3976,321.8998,322.4018,322.9037,323.4055,323.9073,324.4090,324.9105,325.4119,325.9132,326.4144,326.9155,327.4164,327.9173,328.4181,328.9187,329.4193,329.9197,330.4201,330.9203,331.4204,331.9204,332.4203,332.9201,333.4198,333.9194,334.4188,334.9183,335.4174,335.9167,336.4156,336.9146,337.4134,337.9121,338.4107,338.9091,339.4075,339.9058,340.4040,340.9020,341.4000,341.8977,342.3954,342.8931,343.3906,343.8879,344.3852,344.8824,345.3794,345.8763,346.3732,346.8699,347.3664,347.8629,348.3593,348.8556,349.3517,349.8478,350.3436,350.8394,351.3352,351.8307,352.3263,352.8216,353.3169,353.8120,354.3071,354.8019,355.2968,355.7915,356.2860,356.7805,357.2749,357.7692,358.2633,358.7573,359.2512,359.7450,360.2387,360.7323,361.2258,361.7191,362.2123,362.7055,363.1984,363.6914,364.1842,364.6768,365.1693,365.6618,366.1542,366.6465,367.1385,367.6306,368.1223,368.6142,369.1059,369.5974,370.0889,370.5801,371.0714,371.5625,372.0535,372.5443,373.0351,373.5258,374.0163,374.5067,374.9970,375.4873,375.9773,376.4673,376.9572,377.4469,377.9365,378.4261,378.9155,379.4048,379.8940,380.3830,380.8720,381.3609,381.8496,382.3383,382.8268,383.3151,383.8034,384.2916,384.7796,385.2675,385.7554,386.2432,386.7307,387.2182,387.7055,388.1928,388.6801,389.1671,389.6541,390.1409,390.6276,391.1142,391.6007,392.0871,392.5733,393.0595,393.5455,394.0315,394.5173,395.0031,395.4886,395.9741,396.4595,396.9447,397.4299,100.7436,100.2735,99.8051,99.3385,98.8737,98.4107,97.9496,97.4904,97.0331,96.5778,96.1245,95.6733,95.2242,94.7772,94.3323,93.8897,93.4494,93.0113,92.5756,92.1423,91.7115,91.2831,90.8572,90.4339,90.0132,89.5952,89.1799,88.7674,88.3577,87.9509,87.5470,87.1460,86.7481,86.3533,85.9616,85.5731,85.1879,84.8059,84.4273,84.0521,83.6804,83.3123,82.9477,82.5868,82.2296,81.8762,81.5266,81.1809,80.8392,80.5015,80.1679,79.8385,79.5132,79.1923,78.8757,78.5635,78.2558,77.9527,77.6541,77.3602,77.0711,76.7868,76.5074,76.2328,75.9633,75.6989,75.4396,75.1855,74.9367,74.6932,74.4551,74.2225,73.9954,73.7738,73.5579,73.3477,73.1433,72.9447,72.7520,72.5652,72.3845,72.2097,72.0411,71.8786,71.7224,71.5724,71.4287,71.2913,71.1604,71.0359,70.9178,70.8063,70.7014,70.6030,70.5113,70.4262,70.3478,70.2761,70.2112,70.1530,70.1017,70.0571,70.0194,69.9884,69.9644,69.9472,69.9369,69.9334,69.9368,69.9471,69.9643,69.9883,70.0192,70.0569,70.1015,70.1529,70.2111,70.2761,70.3479,70.4264,70.5117,70.6036,70.7022,70.8075,70.9193,71.0377,71.1627,71.2941,71.4320,71.5762,71.7269,71.8838,72.0470,72.2165,72.3921,72.5738,72.7616,72.9554,73.1551,73.3607,73.5722,73.7895,74.0125,74.2411,74.4753,74.7151,74.9604,75.2110,75.4670,75.7283,75.9948,76.2665,76.5433,76.8251,77.1118,77.4035,77.7000,78.0012,78.3071,78.6177,78.9329,79.2525,79.5766,79.9051,80.2379,80.5749,80.9161,81.2614,81.6108,81.9642,82.3215,82.6827,83.0477,83.4164,83.7889,84.1649,84.5446,84.9277,85.3143,85.7043,86.0977,86.4943,86.8942,87.2972,87.7034,88.1126,88.5249,88.9401,89.3582,89.7792,90.2030,90.6297,90.8089\right]
v_{forward}=\left[0.0000,3.3747,4.7581,5.8097,6.6882,7.4550,8.1420,8.7679,9.3453,9.8826,10.3862,10.8608,11.3103,11.7374,12.1448,12.5344,12.9078,13.2665,13.6117,13.9446,14.2659,14.5766,14.8774,15.1689,15.4518,15.7264,15.9934,16.2532,16.5061,16.7525,16.9928,17.2273,17.4562,17.6799,17.8985,18.1124,18.3217,18.5266,18.7274,18.9242,19.1172,19.3066,19.4925,19.6751,19.8545,20.0308,20.2043,20.3749,20.5429,20.7083,20.8713,21.0319,21.1903,21.3466,21.5009,21.6532,21.8037,21.9524,22.0995,22.2450,22.3890,22.5316,22.6728,22.8128,22.9517,23.0894,23.2261,23.3619,23.4968,23.6309,23.7643,23.8970,24.0292,24.1609,24.2921,24.4229,24.5535,24.6838,24.8141,24.9442,25.0743,25.2045,25.3349,25.4655,25.5964,25.7277,25.8594,25.9917,26.1246,26.2583,26.3927,26.5280,26.6644,26.8018,26.9404,27.0802,27.2215,27.3642,27.5086,27.6547,27.8027,27.9526,28.1047,28.2590,28.4158,28.5751,28.7373,28.9023,29.0705,29.2420,29.4170,29.5959,29.7787,29.9659,30.1577,30.3543,30.5563,30.7638,30.9775,31.1975,31.4246,31.6592,31.9019,32.1534,32.4144,32.6859,32.9686,33.2639,33.5728,33.8968,34.2377,34.5973,34.9780,35.3827,35.8145,36.2779,36.7778,37.3210,37.8659,38.3953,38.9103,39.4114,39.8994,40.3751,40.8389,41.2914,41.7331,42.1646,42.5862,42.9984,43.4015,43.7960,44.1821,44.5602,44.9305,45.2934,45.6492,45.9980,46.3401,46.6757,47.0051,47.3284,47.6459,47.9577,48.2640,48.5649,48.8591,49.1393,49.4070,49.6634,49.9096,50.1466,50.3752,50.5960,50.8099,51.0172,51.2186,51.4144,51.6052,51.7912,51.9727,52.1502,52.3238,52.4939,52.6606,52.8241,52.9848,53.1426,53.2979,53.4507,53.6012,53.7495,53.8958,54.0402,54.1827,54.3236,54.4628,54.6005,54.7367,54.8715,55.0051,55.1375,55.2687,55.3988,55.5278,55.6559,55.7831,55.9094,56.0349,56.1596,56.2836,56.4069,56.5296,56.6516,56.7731,56.8940,57.0145,57.1345,57.2540,57.3732,57.4920,57.6104,57.7285,57.8463,57.9639,58.0812,58.1983,58.3152,58.4319,58.5485,58.6649,58.7812,58.8974,59.0136,59.1297,59.2457,59.3618,59.4778,59.5938,59.7099,59.8260,59.9421,60.0583,60.1746,60.2910,60.4075,60.5242,60.6409,60.7579,60.8749,60.9922,61.0848,61.1132,61.1422,61.1717,61.2017,61.2323,61.2634,61.2949,61.3269,61.3593,61.3921,61.4253,61.4588,61.4928,61.5270,61.5616,61.5964,61.6316,61.6670,61.7026,61.7385,61.7746,61.8109,61.8474,61.8841,61.9209,61.9579,61.9950,62.0322,62.0696,62.1070,62.1445,62.1821,62.2198,62.2575,62.2953,62.3331,62.3710,62.4088,62.4467,62.4846,62.5224,62.5603,62.5981,62.6359,62.6737,62.7114,62.7490,62.7866,62.8242,62.8617,62.8991,62.9364,62.9736,63.0108,63.0478,63.0848,63.1216,63.1583,63.1950,63.2315,63.2679,63.3041,63.3403,63.3763,63.4121,63.4479,63.4835,63.5189,63.5542,63.5894,63.6244,63.6592,63.6939,63.7285,63.7628,63.7970,63.8311,63.8650,63.8987,63.9323,63.9657,63.9989,64.0319,64.0648,64.0975,64.1301,64.1624,64.1946,64.2266,64.2584,64.2901,64.3216,64.3529,64.3840,64.4149,64.4457,64.4763,64.5067,64.5369,64.5669,64.5968,64.6265,64.6560,64.6853,64.7145,64.7434,64.7722,64.8008,64.8293,64.8575,64.8856,64.9135,64.9412,64.9688,64.9961,65.0233,65.0504,65.0772,65.1039,65.1304,65.1567,65.1829,65.2089,65.2347,65.2604,65.2858,65.3111,65.3363,65.3613,65.3861,65.4108,65.4352,65.4596,65.4837,65.5077,65.5316,65.5552,65.5788,65.6021,65.6253,65.6484,65.6713,65.6940,65.7166,65.7390,65.7613,65.7834,65.8054,65.8272,65.8489,65.8705,65.8919,65.9131,65.9342,65.9551,65.9760,65.9966,66.0172,66.0376,66.0578,66.0779,66.0979,66.1177,66.1374,66.1570,66.1764,66.1957,66.2149,66.2340,66.2529,66.2717,66.2903,66.3088,66.3272,66.3455,66.3637,66.3817,66.3996,66.4174,66.4351,66.4526,66.4700,66.4874,66.5045,66.5216,66.5386,66.5554,66.5722,66.5888,66.6053,66.6217,66.6380,66.6541,66.6702,66.6861,66.7020,66.7177,66.7334,66.7489,66.7643,66.7797,66.7949,66.8100,66.8250,66.8400,66.8548,66.8695,66.8841,66.8987,66.9131,66.9274,66.9417,66.9558,66.9699,66.9838,66.9977,67.0115,67.0252,67.0388,67.0523,67.0657,67.0790,67.0923,67.1054,67.1185,67.1315,67.1444,67.1572,67.1699,67.1826,67.1952,67.2077,67.2201,67.2324,67.2446,67.2568,67.2689,67.2809,67.2929,67.3047,67.3165,67.3282,67.3399,67.3514,67.3629,67.3743,67.3857,67.3969,67.4081,67.4193,67.4303,67.4413,67.4523,67.4631,67.4739,67.4846,67.4953,67.5058,67.5164,67.5268,67.5372,67.5475,67.5578,67.5680,67.5781,67.5882,67.5982,67.6082,67.6180,67.6279,67.6376,67.6473,67.6570,67.6666,67.6761,67.6856,67.6950,67.7043,67.7136,67.7229,67.7321,67.7412,67.7503,67.7593,67.7683,67.7772,67.7861,67.7949,67.8036,67.8123,67.8210,67.8296,67.8381,67.8466,67.8551,67.8635,67.8718,67.8801,67.8884,67.8966,67.9048,67.9129,67.9209,67.9290,67.9369,67.9448,67.9527,67.9606,67.9683,67.9761,67.9838,67.9914,67.9990,68.0066,68.0141,68.0216,68.0291,68.0364,68.0438,68.0511,68.0584,68.0656,68.0728,68.0799,68.0871,68.0941,68.1011,68.1081,68.1151,68.1220,68.1289,68.1357,68.1425,68.1492,68.1560,68.1627,68.1693,68.1759,68.1825,68.1890,68.1955,68.2020,68.2084,68.2148,68.2212,68.2275,68.2338,68.2401,68.2463,68.2525,68.2586,68.2647,68.2708,68.2769,68.2829,68.2889,68.2949,68.3008,68.3067,68.3126,68.3184,68.3242,68.3300,68.3357,68.3414,68.3471,68.3528,68.3584,68.3640,68.3695,68.3751,68.3806,68.3861,68.3915,68.3969,68.4023,68.4077,68.4130,68.4183,68.4236,68.4289,68.4341,68.4393,68.4445,68.4496,68.4547,68.4598,68.4649,68.4699,68.4750,68.4800,68.4849,68.4899,68.4948,68.4997,68.5045,68.5094,68.5142,68.5190,68.5238,68.5285,68.5332,68.5379,68.5426,68.5473,68.5519,68.5565,68.5611,68.5657,68.5702,68.5747,68.5792,68.5837,68.5881,68.5926,68.5970,68.6014,68.6057,68.6101,68.6144,68.6187,68.6230,68.6273,68.6315,68.6357,68.6399,68.6441,68.6482,68.6524,68.6565,68.6606,68.6647,68.6688,68.6728,68.6768,68.6808,68.6848,68.6888,68.6927,68.6967,68.7006,68.7045,68.7083,68.7122,68.7160,68.7199,68.7237,68.7274,68.7312,68.7350,68.7387,68.7424,68.7461,68.7498,68.7535,68.7571,68.7607,68.7644,68.7680,68.7715,68.7751,68.7786,68.7822,68.7857,68.7892,68.7927,68.7962,68.7996,68.8030,68.8065,68.8099,68.8133,68.8167,68.8200,68.8234,68.8267,68.8300,68.8333,68.8366,68.8399,68.8431,68.8464,68.8496,68.8528,68.8560,68.8592,68.8624,68.8656,68.8687,68.8718,68.8750,68.8781,68.8812,68.8842,68.8873,68.8904,68.8934,68.8964,68.8994,68.9024,68.9054,68.9084,68.9114,68.9143,68.9173,68.9202,68.9231,68.9260,68.9289,68.9318,68.9346,68.9375,68.9403,68.9431,68.9460,68.9488,68.9515,68.9543,68.9571,68.9599,68.9626,68.9653,68.9680,68.9708,68.9735,68.9762,68.9788,68.9815,68.9842,68.9868,68.9894,68.9921,68.9947,68.9973,68.9999,69.0024,69.0050,69.0076,69.0101,69.0127,69.0152,69.0177,69.0202,69.0227,69.0252,69.0277,69.0301,69.0326,69.0350,69.0375,69.0399,69.0423,69.0447,69.0471,69.0495,69.0519,69.0543,69.0566,69.0590,69.0613,69.0637,69.0660,69.0683,69.0706,69.0729,69.0752,69.0775,69.0798,69.0820,69.0843,69.0865,69.0888,69.0910,69.0932,69.0954,69.0976,69.0998,69.1020,69.1042,69.1063,69.1085,69.1106,69.1128,52.5569,52.0676,51.5823,51.1011,50.6240,50.1510,49.6821,49.2174,48.7567,48.3003,47.8479,47.3998,46.9558,46.5160,46.0804,45.6490,45.2218,44.7988,44.3801,43.9656,43.5554,43.1494,42.7477,42.3504,41.9573,41.5685,41.1841,40.8039,40.4281,40.0567,39.6896,39.3269,38.9686,38.6147,38.2652,37.9201,37.5794,37.2432,36.9114,36.5841,36.2612,35.9428,35.6290,35.3196,35.0147,34.7144,34.4186,34.1274,33.8407,33.5585,33.2810,33.0080,32.7396,32.4758,32.2167,31.9622,31.7123,31.4671,31.2265,30.9906,30.7594,30.5329,30.3111,30.0939,29.8815,29.6739,29.4709,29.2727,29.0793,28.8906,28.7067,28.5276,28.3533,28.1838,28.0191,27.8592,27.7041,27.5539,27.4085,27.2679,27.1322,27.0014,26.8754,26.7544,26.6382,26.5268,26.4204,26.3189,26.2223,26.1306,26.0439,25.9620,25.8851,25.8131,25.7461,25.6840,25.6269,25.5747,25.5275,25.4852,25.4479,25.4155,25.3881,25.3657,25.3483,25.3358,25.3284,25.3258,25.3283,25.3358,25.3482,25.3656,25.3880,25.4154,25.4478,25.4851,25.5274,25.5747,25.6270,25.6842,25.7464,25.8136,25.8858,25.9629,26.0450,26.1320,26.2240,26.3210,26.4208,26.5206,26.6204,26.7203,26.8203,26.9203,27.0205,27.1207,27.2211,27.3216,27.4223,27.5232,27.6243,27.7255,27.8271,27.9288,28.0308,28.1331,28.2357,28.3385,28.4417,28.5452,28.6491,28.7533,28.8578,28.9628,29.0681,29.1738,29.2800,29.3866,29.4936,29.6011,29.7090,29.8174,29.9263,30.0356,30.1455,30.2559,30.3668,30.4783,30.5903,30.7028,30.8159,30.9296,31.0438,31.1587,31.2741,31.3901,31.5068,31.6240,31.7419,31.8604,31.9796,32.0994,32.2199,32.3410,32.4628,32.5853,32.7084,32.8322,32.9568,33.0820,33.2079,33.3346,0.0000\right]
v_{backward}=\left[0.0000,3.3747,4.7581,5.8097,6.6882,7.4550,8.1420,8.7679,9.3453,9.8826,10.3862,10.8608,11.3103,11.7374,12.1448,12.5344,12.9078,13.2665,13.6117,13.9446,14.2659,14.5766,14.8774,15.1689,15.4518,15.7264,15.9934,16.2532,16.5061,16.7525,16.9928,17.2273,17.4562,17.6799,17.8985,18.1124,18.3217,18.5266,18.7274,18.9242,19.1172,19.3066,19.4925,19.6751,19.8545,20.0308,20.2043,20.3749,20.5429,20.7083,20.8713,21.0319,21.1903,21.3466,21.5009,21.6532,21.8037,21.9524,22.0995,22.2450,22.3890,22.5316,22.6728,22.8128,22.9517,23.0894,23.2261,23.3619,23.4968,23.6309,23.7643,23.8970,24.0292,24.1609,24.2921,24.4229,24.5535,24.6838,24.8141,24.9442,25.0743,25.2045,25.3349,25.4655,25.5964,25.7277,25.8594,25.9917,26.1246,26.2583,26.3927,26.5280,26.6644,26.8018,26.9404,27.0802,27.2215,27.3642,27.5086,27.6547,27.8027,27.9526,28.1047,28.2590,28.4158,28.5751,28.7373,28.9023,29.0705,29.2420,29.4170,29.5959,29.7787,29.9659,30.1577,30.3543,30.5563,30.7638,30.9775,31.1975,31.4246,31.6592,31.9019,32.1534,32.4144,32.6859,32.9686,33.2639,33.5728,33.8968,34.2377,34.5973,34.9780,35.3827,35.8145,36.2779,36.7778,37.3210,37.8659,38.3953,38.9103,39.4114,39.8994,40.3751,40.8389,41.2914,41.7331,42.1646,42.5862,42.9984,43.4015,43.7960,44.1821,44.5602,44.9305,45.2934,45.6492,45.9980,46.3401,46.6757,47.0051,47.3284,47.6459,47.9577,48.2640,48.5649,48.8591,49.1393,49.4070,49.6634,49.9096,50.1466,50.3752,50.5960,50.8099,51.0172,51.2186,51.4144,51.6052,51.7912,51.9727,52.1502,52.3238,52.4939,52.6606,52.8241,52.9848,53.1426,53.2979,53.4507,53.6012,53.7495,53.8958,54.0402,54.1827,54.3236,54.4628,54.6005,54.7367,54.8715,55.0051,55.1375,55.2687,55.3988,55.5278,55.6559,55.7831,55.9094,56.0349,56.1596,56.2836,56.4069,56.5296,56.6516,56.7731,56.8940,57.0145,57.1345,57.2540,57.3732,57.4920,57.6104,57.7285,57.8463,57.9639,58.0812,58.1983,58.3152,58.4319,58.5485,58.6649,58.7812,58.8974,59.0136,59.1297,59.2457,59.3618,59.4778,59.5938,59.7099,59.8260,59.9421,60.0583,60.1746,60.2910,60.4075,60.5242,60.6409,60.7579,60.8749,60.9922,61.0848,61.1132,61.1422,61.1717,61.2017,61.2323,61.2634,61.2949,61.3269,61.3593,61.3921,61.4253,61.4588,61.4928,61.5270,61.5616,61.5964,61.6316,61.6670,61.7026,61.7385,61.7746,61.8109,61.8474,61.8841,61.9209,61.9579,61.9950,62.0322,62.0696,62.1070,62.1445,62.1821,62.2198,62.2575,62.2953,62.3331,62.3710,62.4088,62.4467,62.4846,62.5224,62.5603,62.5981,62.6359,62.6737,62.7114,62.7490,62.7866,62.8242,62.8617,62.8991,62.9364,62.9736,63.0108,63.0478,63.0848,63.1216,63.1583,63.1950,63.2315,63.2679,63.3041,63.3403,63.3763,63.4121,63.4479,63.4835,63.5189,63.5542,63.5894,63.6244,63.6592,63.6939,63.7285,63.7628,63.7970,63.8311,63.8650,63.8987,63.9323,63.9657,63.9989,64.0319,64.0648,64.0975,64.1301,64.1624,64.1946,64.2266,64.2584,64.2901,64.3216,64.3529,64.3840,64.4149,64.4457,64.4763,64.5067,64.5369,64.5669,64.5968,64.6265,64.6560,64.6853,64.7145,64.7434,64.7722,64.8008,64.8293,64.8575,64.8856,64.9135,64.9412,64.9688,64.9961,65.0233,65.0504,65.0772,65.1039,65.1304,65.1567,65.1829,65.2089,65.2347,65.2604,65.2858,65.3111,65.3363,65.3613,65.3861,65.4108,65.4352,65.4596,65.4837,65.5077,65.5316,65.5552,65.5788,65.6021,65.6253,65.6484,65.6713,65.6940,65.7166,65.7390,65.7613,65.7834,65.8054,65.8272,65.8489,65.8705,65.8919,65.9131,65.9342,65.9551,65.9760,65.9966,66.0172,66.0376,66.0578,66.0779,66.0979,66.1177,66.1374,66.1570,66.1764,66.1957,66.2149,66.2340,66.2529,66.2717,66.2903,66.3088,66.3272,66.3455,66.3637,66.3817,66.3996,66.4174,66.4351,66.4526,66.4700,66.4874,66.5045,66.5216,66.5386,66.5554,66.5722,66.5888,66.6053,66.6217,66.6380,66.6541,66.6702,66.6861,66.7020,66.7177,66.7334,66.7489,66.7643,66.7797,66.7949,66.8100,66.8250,66.8400,66.8548,66.8695,66.8841,66.8987,66.9131,66.9274,66.9417,66.9558,66.9699,66.9838,66.9977,67.0115,67.0252,67.0388,67.0523,67.0657,67.0790,67.0923,67.1054,67.1185,67.1315,67.1444,67.1572,67.1699,67.1826,67.1952,67.2077,67.2201,67.2324,67.2446,67.2568,67.2689,67.2809,67.2929,67.3047,67.3165,67.3282,67.3399,67.3514,67.3629,67.3743,67.3857,67.3969,67.4081,67.4193,67.4303,67.4413,67.4523,67.4631,67.4739,67.4846,67.4953,67.5058,67.5164,67.5268,67.5372,67.5475,67.5578,67.5680,67.5781,67.5882,67.5982,67.6082,67.6180,67.6279,67.6376,67.6473,67.6570,67.6666,67.6761,67.6856,67.6950,67.7043,67.7136,67.7229,67.7321,67.7412,67.7503,67.7593,67.7683,67.7772,67.7861,67.7949,67.8036,67.8123,67.8210,67.8296,67.8381,67.8466,67.8551,67.8635,67.8718,67.8801,67.8884,67.8966,67.9048,67.9129,67.9209,67.9290,67.9369,67.9448,67.9527,67.9606,67.9683,67.9761,67.9838,67.9914,67.9990,68.0066,68.0141,68.0216,68.0291,68.0364,68.0438,68.0511,68.0584,68.0656,68.0728,68.0799,68.0871,68.0941,68.1011,68.1081,68.1151,68.1220,68.1289,68.1357,68.1425,68.1492,68.1560,68.1627,68.1693,68.1759,68.1825,68.1890,68.1955,68.2020,68.2084,68.2148,68.2212,68.2275,68.2338,68.2401,68.2463,68.2525,68.2586,68.2647,68.2708,68.2769,68.2829,68.2889,68.2949,68.3008,68.3067,68.3126,68.3184,68.3242,68.3300,68.3357,68.3414,68.3471,68.3528,68.3584,68.3640,68.3695,68.3751,68.3806,68.3861,68.3915,68.3969,68.4023,68.4077,68.4130,68.4183,68.4236,68.4289,68.4341,68.4393,68.4445,68.4496,68.4547,68.4598,68.4649,68.4699,68.4750,68.4800,68.4849,68.4899,68.4948,68.4997,68.5045,68.5094,68.5142,68.4853,68.4316,68.3775,68.3230,68.2679,68.2124,68.1563,68.0998,68.0428,67.9853,67.9272,67.8687,67.8096,67.7500,67.6898,67.6292,67.5679,67.5062,67.4438,67.3809,67.3175,67.2534,67.1888,67.1236,67.0578,66.9914,66.9244,66.8568,66.7886,66.7197,66.6502,66.5801,66.5093,66.4379,66.3658,66.2930,66.2195,66.1454,66.0705,65.9950,65.9187,65.8417,65.7640,65.6856,65.6064,65.5265,65.4457,65.3643,65.2820,65.1989,65.1151,65.0304,64.9449,64.8586,64.7714,64.6834,64.5945,64.5047,64.4141,64.3226,64.2301,64.1367,64.0424,63.9472,63.8510,63.7538,63.6557,63.5565,63.4564,63.3552,63.2530,63.1497,63.0454,62.9400,62.8335,62.7259,62.6172,62.5074,62.3963,62.2841,62.1708,62.0562,61.9404,61.8233,61.7050,61.5855,61.4646,61.3424,61.2189,61.0940,60.9677,60.8401,60.7110,60.5805,60.4486,60.3151,60.1802,60.0437,59.9056,59.7660,59.6248,59.4819,59.3374,59.1912,59.0432,58.8936,58.7421,58.5889,58.4338,58.2768,58.1179,57.9571,57.7944,57.6296,57.4628,57.2939,57.1229,56.9498,56.7744,56.5968,56.4169,56.2347,56.0501,55.8631,55.6737,55.4817,55.2872,55.0900,54.8901,54.6876,54.4822,54.2740,54.0629,53.8487,53.6316,53.4113,53.1879,52.9612,52.7312,52.4977,52.2608,52.0203,51.7761,51.5282,51.2764,51.0207,50.7609,50.4969,50.2287,49.9561,49.6790,49.3972,49.1107,48.8192,48.5227,48.2211,47.9140,47.6014,47.2831,46.9590,46.6287,46.2922,45.9491,45.5994,45.2426,44.8787,44.5073,44.1281,43.7408,43.3451,42.9407,42.5273,42.1043,41.6714,41.2281,40.7741,40.3086,39.8313,39.3414,38.8384,38.3267,37.8080,37.2821,36.7487,36.2074,35.6578,35.5101,35.3632,35.2170,35.0716,34.9270,34.7831,34.6400,34.4976,34.3560,34.2151,34.0750,33.9356,33.7969,33.6590,33.5218,33.3854,33.2497,33.1147,32.9804,32.8468,32.7139,32.5817,32.4503,32.3195,32.1894,32.0600,31.9313,31.8033,31.6759,31.5492,31.4231,31.2977,31.1730,31.0488,30.9254,30.8025,30.6803,30.5586,30.4376,30.3172,30.1973,30.0781,29.9594,29.8412,29.7237,29.6067,29.4902,29.3742,29.2588,29.1439,29.0294,28.9155,28.8021,28.6891,28.5766,28.4645,28.3529,28.2417,28.1309,28.0205,27.9105,27.8009,27.6917,27.5828,27.4742,27.3660,27.2581,27.1505,27.0432,26.9361,26.8293,26.7228,26.6165,26.5104,26.4045,26.2988,26.1932,26.0878,25.9825,25.8774,25.7723,25.6673,25.5624,25.4575,25.3527,25.2478,25.1430,25.0381,24.9331,24.8281,24.7230,24.6177,24.5124,24.4068,24.3011,24.1952,24.0890,23.9826,23.8760,23.7690,23.6617,23.5540,23.4460,23.3375,23.2287,23.1193,23.0095,22.8992,22.7883,22.6769,22.5648,22.4521,22.3388,22.2247,22.1099,21.9943,21.8780,21.7608,21.6427,21.5237,21.4037,21.2828,21.1608,21.0377,20.9136,20.7882,20.6617,20.5339,20.4048,20.2744,20.1426,20.0093,19.8745,19.7381,19.6002,19.4605,19.3191,19.1759,19.0309,18.8839,18.7348,18.5837,18.4305,18.2749,18.1171,17.9568,17.7940,17.6287,17.4606,17.2896,17.1158,16.9389,16.7588,16.5755,16.3886,16.1982,16.0040,15.8060,15.6038,15.3973,15.1863,14.9706,14.7499,14.5240,14.2926,14.0554,13.8121,13.5623,13.3055,13.0415,12.7695,12.4892,12.1999,11.9009,11.5914,11.2705,10.9371,10.5901,10.2280,9.8491,9.4514,9.0322,8.5884,8.1159,7.6093,7.0612,6.4610,5.7924,5.0281,4.1151,2.9166,0.0000\right]
v_{final}=\left[0.0000,3.3747,4.7581,5.8097,6.6882,7.4550,8.1420,8.7679,9.3453,9.8826,10.3862,10.8608,11.3103,11.7374,12.1448,12.5344,12.9078,13.2665,13.6117,13.9446,14.2659,14.5766,14.8774,15.1689,15.4518,15.7264,15.9934,16.2532,16.5061,16.7525,16.9928,17.2273,17.4562,17.6799,17.8985,18.1124,18.3217,18.5266,18.7274,18.9242,19.1172,19.3066,19.4925,19.6751,19.8545,20.0308,20.2043,20.3749,20.5429,20.7083,20.8713,21.0319,21.1903,21.3466,21.5009,21.6532,21.8037,21.9524,22.0995,22.2450,22.3890,22.5316,22.6728,22.8128,22.9517,23.0894,23.2261,23.3619,23.4968,23.6309,23.7643,23.8970,24.0292,24.1609,24.2921,24.4229,24.5535,24.6838,24.8141,24.9442,25.0743,25.2045,25.3349,25.4655,25.5964,25.7277,25.8594,25.9917,26.1246,26.2583,26.3927,26.5280,26.6644,26.8018,26.9404,27.0802,27.2215,27.3642,27.5086,27.6547,27.8027,27.9526,28.1047,28.2590,28.4158,28.5751,28.7373,28.9023,29.0705,29.2420,29.4170,29.5959,29.7787,29.9659,30.1577,30.3543,30.5563,30.7638,30.9775,31.1975,31.4246,31.6592,31.9019,32.1534,32.4144,32.6859,32.9686,33.2639,33.5728,33.8968,34.2377,34.5973,34.9780,35.3827,35.8145,36.2779,36.7778,37.3210,37.8659,38.3953,38.9103,39.4114,39.8994,40.3751,40.8389,41.2914,41.7331,42.1646,42.5862,42.9984,43.4015,43.7960,44.1821,44.5602,44.9305,45.2934,45.6492,45.9980,46.3401,46.6757,47.0051,47.3284,47.6459,47.9577,48.2640,48.5649,48.8591,49.1393,49.4070,49.6634,49.9096,50.1466,50.3752,50.5960,50.8099,51.0172,51.2186,51.4144,51.6052,51.7912,51.9727,52.1502,52.3238,52.4939,52.6606,52.8241,52.9848,53.1426,53.2979,53.4507,53.6012,53.7495,53.8958,54.0402,54.1827,54.3236,54.4628,54.6005,54.7367,54.8715,55.0051,55.1375,55.2687,55.3988,55.5278,55.6559,55.7831,55.9094,56.0349,56.1596,56.2836,56.4069,56.5296,56.6516,56.7731,56.8940,57.0145,57.1345,57.2540,57.3732,57.4920,57.6104,57.7285,57.8463,57.9639,58.0812,58.1983,58.3152,58.4319,58.5485,58.6649,58.7812,58.8974,59.0136,59.1297,59.2457,59.3618,59.4778,59.5938,59.7099,59.8260,59.9421,60.0583,60.1746,60.2910,60.4075,60.5242,60.6409,60.7579,60.8749,60.9922,61.0848,61.1132,61.1422,61.1717,61.2017,61.2323,61.2634,61.2949,61.3269,61.3593,61.3921,61.4253,61.4588,61.4928,61.5270,61.5616,61.5964,61.6316,61.6670,61.7026,61.7385,61.7746,61.8109,61.8474,61.8841,61.9209,61.9579,61.9950,62.0322,62.0696,62.1070,62.1445,62.1821,62.2198,62.2575,62.2953,62.3331,62.3710,62.4088,62.4467,62.4846,62.5224,62.5603,62.5981,62.6359,62.6737,62.7114,62.7490,62.7866,62.8242,62.8617,62.8991,62.9364,62.9736,63.0108,63.0478,63.0848,63.1216,63.1583,63.1950,63.2315,63.2679,63.3041,63.3403,63.3763,63.4121,63.4479,63.4835,63.5189,63.5542,63.5894,63.6244,63.6592,63.6939,63.7285,63.7628,63.7970,63.8311,63.8650,63.8987,63.9323,63.9657,63.9989,64.0319,64.0648,64.0975,64.1301,64.1624,64.1946,64.2266,64.2584,64.2901,64.3216,64.3529,64.3840,64.4149,64.4457,64.4763,64.5067,64.5369,64.5669,64.5968,64.6265,64.6560,64.6853,64.7145,64.7434,64.7722,64.8008,64.8293,64.8575,64.8856,64.9135,64.9412,64.9688,64.9961,65.0233,65.0504,65.0772,65.1039,65.1304,65.1567,65.1829,65.2089,65.2347,65.2604,65.2858,65.3111,65.3363,65.3613,65.3861,65.4108,65.4352,65.4596,65.4837,65.5077,65.5316,65.5552,65.5788,65.6021,65.6253,65.6484,65.6713,65.6940,65.7166,65.7390,65.7613,65.7834,65.8054,65.8272,65.8489,65.8705,65.8919,65.9131,65.9342,65.9551,65.9760,65.9966,66.0172,66.0376,66.0578,66.0779,66.0979,66.1177,66.1374,66.1570,66.1764,66.1957,66.2149,66.2340,66.2529,66.2717,66.2903,66.3088,66.3272,66.3455,66.3637,66.3817,66.3996,66.4174,66.4351,66.4526,66.4700,66.4874,66.5045,66.5216,66.5386,66.5554,66.5722,66.5888,66.6053,66.6217,66.6380,66.6541,66.6702,66.6861,66.7020,66.7177,66.7334,66.7489,66.7643,66.7797,66.7949,66.8100,66.8250,66.8400,66.8548,66.8695,66.8841,66.8987,66.9131,66.9274,66.9417,66.9558,66.9699,66.9838,66.9977,67.0115,67.0252,67.0388,67.0523,67.0657,67.0790,67.0923,67.1054,67.1185,67.1315,67.1444,67.1572,67.1699,67.1826,67.1952,67.2077,67.2201,67.2324,67.2446,67.2568,67.2689,67.2809,67.2929,67.3047,67.3165,67.3282,67.3399,67.3514,67.3629,67.3743,67.3857,67.3969,67.4081,67.4193,67.4303,67.4413,67.4523,67.4631,67.4739,67.4846,67.4953,67.5058,67.5164,67.5268,67.5372,67.5475,67.5578,67.5680,67.5781,67.5882,67.5982,67.6082,67.6180,67.6279,67.6376,67.6473,67.6570,67.6666,67.6761,67.6856,67.6950,67.7043,67.7136,67.7229,67.7321,67.7412,67.7503,67.7593,67.7683,67.7772,67.7861,67.7949,67.8036,67.8123,67.8210,67.8296,67.8381,67.8466,67.8551,67.8635,67.8718,67.8801,67.8884,67.8966,67.9048,67.9129,67.9209,67.9290,67.9369,67.9448,67.9527,67.9606,67.9683,67.9761,67.9838,67.9914,67.9990,68.0066,68.0141,68.0216,68.0291,68.0364,68.0438,68.0511,68.0584,68.0656,68.0728,68.0799,68.0871,68.0941,68.1011,68.1081,68.1151,68.1220,68.1289,68.1357,68.1425,68.1492,68.1560,68.1627,68.1693,68.1759,68.1825,68.1890,68.1955,68.2020,68.2084,68.2148,68.2212,68.2275,68.2338,68.2401,68.2463,68.2525,68.2586,68.2647,68.2708,68.2769,68.2829,68.2889,68.2949,68.3008,68.3067,68.3126,68.3184,68.3242,68.3300,68.3357,68.3414,68.3471,68.3528,68.3584,68.3640,68.3695,68.3751,68.3806,68.3861,68.3915,68.3969,68.4023,68.4077,68.4130,68.4183,68.4236,68.4289,68.4341,68.4393,68.4445,68.4496,68.4547,68.4598,68.4649,68.4699,68.4750,68.4800,68.4849,68.4899,68.4948,68.4997,68.5045,68.5094,68.5142,68.4853,68.4316,68.3775,68.3230,68.2679,68.2124,68.1563,68.0998,68.0428,67.9853,67.9272,67.8687,67.8096,67.7500,67.6898,67.6292,67.5679,67.5062,67.4438,67.3809,67.3175,67.2534,67.1888,67.1236,67.0578,66.9914,66.9244,66.8568,66.7886,66.7197,66.6502,66.5801,66.5093,66.4379,66.3658,66.2930,66.2195,66.1454,66.0705,65.9950,65.9187,65.8417,65.7640,65.6856,65.6064,65.5265,65.4457,65.3643,65.2820,65.1989,65.1151,65.0304,64.9449,64.8586,64.7714,64.6834,64.5945,64.5047,64.4141,64.3226,64.2301,64.1367,64.0424,63.9472,63.8510,63.7538,63.6557,63.5565,63.4564,63.3552,63.2530,63.1497,63.0454,62.9400,62.8335,62.7259,62.6172,62.5074,62.3963,62.2841,62.1708,62.0562,61.9404,61.8233,61.7050,61.5855,61.4646,61.3424,61.2189,61.0940,60.9677,60.8401,60.7110,60.5805,60.4486,60.3151,60.1802,60.0437,59.9056,59.7660,59.6248,59.4819,59.3374,59.1912,59.0432,58.8936,58.7421,58.5889,58.4338,58.2768,58.1179,57.9571,57.7944,57.6296,57.4628,57.2939,57.1229,56.9498,56.7744,56.5968,56.4169,56.2347,56.0501,55.8631,55.6737,55.4817,55.2872,55.0900,54.8901,54.6876,54.4822,54.2740,54.0629,53.8487,53.6316,53.4113,53.1879,52.9612,52.7312,52.4977,52.2608,52.0203,51.7761,51.5282,51.2764,51.0207,50.7609,50.4969,50.2287,49.9561,49.6790,49.3972,49.1107,48.8192,48.5227,48.2211,47.9140,47.6014,47.2831,46.9590,46.6287,46.2922,45.9491,45.5994,45.2426,44.8787,44.5073,44.1281,43.7408,43.3451,42.9407,42.5273,42.1043,41.6714,41.2281,40.7741,40.3086,39.8313,39.3414,38.8384,38.3267,37.8080,37.2821,36.7487,36.2074,35.6578,35.5101,35.3632,35.2170,35.0716,34.9270,34.7831,34.6400,34.4976,34.3560,34.2151,34.0750,33.9356,33.7969,33.6590,33.5218,33.3854,33.2497,33.1147,32.9804,32.8468,32.7139,32.5817,32.4503,32.3195,32.1894,32.0600,31.9313,31.8033,31.6759,31.5492,31.4231,31.2977,31.1730,31.0488,30.9254,30.8025,30.6803,30.5586,30.4376,30.3172,30.1973,30.0781,29.9594,29.8412,29.7237,29.6067,29.4902,29.3742,29.2588,29.1439,29.0294,28.9155,28.8021,28.6891,28.5766,28.4645,28.3529,28.2417,28.1309,28.0205,27.9105,27.8009,27.6917,27.5828,27.4742,27.3660,27.2581,27.1505,27.0432,26.9361,26.8293,26.7228,26.6165,26.5104,26.4045,26.2988,26.1932,26.0878,25.9825,25.8774,25.7723,25.6673,25.5624,25.4575,25.3527,25.2478,25.1430,25.0381,24.9331,24.8281,24.7230,24.6177,24.5124,24.4068,24.3011,24.1952,24.0890,23.9826,23.8760,23.7690,23.6617,23.5540,23.4460,23.3375,23.2287,23.1193,23.0095,22.8992,22.7883,22.6769,22.5648,22.4521,22.3388,22.2247,22.1099,21.9943,21.8780,21.7608,21.6427,21.5237,21.4037,21.2828,21.1608,21.0377,20.9136,20.7882,20.6617,20.5339,20.4048,20.2744,20.1426,20.0093,19.8745,19.7381,19.6002,19.4605,19.3191,19.1759,19.0309,18.8839,18.7348,18.5837,18.4305,18.2749,18.1171,17.9568,17.7940,17.6287,17.4606,17.2896,17.1158,16.9389,16.7588,16.5755,16.3886,16.1982,16.0040,15.8060,15.6038,15.3973,15.1863,14.9706,14.7499,14.5240,14.2926,14.0554,13.8121,13.5623,13.3055,13.0415,12.7695,12.4892,12.1999,11.9009,11.5914,11.2705,10.9371,10.5901,10.2280,9.8491,9.4514,9.0322,8.5884,8.1159,7.6093,7.0612,6.4610,5.7924,5.0281,4.1151,2.9166,0.0000\right]
l_{times}=\left[0.0000,0.0593,0.0839,0.1028,0.1188,0.1329,0.1457,0.1576,0.1686,0.1790,0.1889,0.1983,0.2073,0.2160,0.2244,0.2325,0.2403,0.2480,0.2554,0.2627,0.2698,0.2767,0.2835,0.2901,0.2967,0.3031,0.3094,0.3156,0.3217,0.3277,0.3336,0.3395,0.3453,0.3509,0.3566,0.3621,0.3676,0.3730,0.3784,0.3837,0.3890,0.3942,0.3993,0.4044,0.4095,0.4145,0.4195,0.4244,0.4293,0.4342,0.4390,0.4437,0.4485,0.4532,0.4578,0.4625,0.4671,0.4717,0.4762,0.4807,0.4852,0.4896,0.4941,0.4985,0.5028,0.5072,0.5115,0.5158,0.5201,0.5243,0.5285,0.5327,0.5369,0.5410,0.5452,0.5493,0.5534,0.5574,0.5615,0.5655,0.5695,0.5734,0.5774,0.5813,0.5853,0.5892,0.5930,0.5969,0.6007,0.6045,0.6083,0.6121,0.6159,0.6196,0.6233,0.6270,0.6307,0.6344,0.6380,0.6417,0.6453,0.6489,0.6524,0.6560,0.6595,0.6630,0.6665,0.6700,0.6734,0.6769,0.6803,0.6837,0.6870,0.6904,0.6937,0.6970,0.7003,0.7035,0.7068,0.7100,0.7132,0.7164,0.7195,0.7226,0.7257,0.7288,0.7318,0.7349,0.7379,0.7408,0.7438,0.7467,0.7495,0.7524,0.7552,0.7580,0.7607,0.7634,0.7661,0.7687,0.7713,0.7738,0.7763,0.7788,0.7813,0.7837,0.7861,0.7885,0.7909,0.7932,0.7955,0.7978,0.8001,0.8024,0.8046,0.8068,0.8090,0.8112,0.8134,0.8155,0.8176,0.8198,0.8219,0.8240,0.8260,0.8281,0.8302,0.8322,0.8342,0.8363,0.8383,0.8403,0.8422,0.8442,0.8462,0.8482,0.8501,0.8521,0.8540,0.8559,0.8579,0.8598,0.8617,0.8636,0.8655,0.8674,0.8693,0.8712,0.8731,0.8749,0.8768,0.8787,0.8805,0.8824,0.8842,0.8861,0.8879,0.8897,0.8916,0.8934,0.8952,0.8970,0.8988,0.9007,0.9025,0.9043,0.9061,0.9078,0.9096,0.9114,0.9132,0.9150,0.9167,0.9185,0.9203,0.9220,0.9238,0.9255,0.9273,0.9290,0.9308,0.9325,0.9342,0.9360,0.9377,0.9394,0.9411,0.9429,0.9446,0.9463,0.9480,0.9497,0.9514,0.9531,0.9548,0.9565,0.9582,0.9598,0.9615,0.9632,0.9649,0.9665,0.9682,0.9699,0.9715,0.9732,0.9748,0.9765,0.9781,0.9798,0.9814,0.9831,0.9847,0.9863,0.9880,0.9896,0.9912,0.9929,0.9945,0.9961,0.9978,0.9994,1.0010,1.0026,1.0043,1.0059,1.0075,1.0091,1.0108,1.0124,1.0140,1.0156,1.0173,1.0189,1.0205,1.0221,1.0237,1.0253,1.0269,1.0286,1.0302,1.0318,1.0334,1.0350,1.0366,1.0382,1.0398,1.0414,1.0430,1.0446,1.0462,1.0478,1.0494,1.0510,1.0526,1.0542,1.0558,1.0574,1.0590,1.0606,1.0622,1.0638,1.0654,1.0670,1.0686,1.0701,1.0717,1.0733,1.0749,1.0765,1.0781,1.0797,1.0812,1.0828,1.0844,1.0860,1.0875,1.0891,1.0907,1.0923,1.0939,1.0954,1.0970,1.0986,1.1001,1.1017,1.1033,1.1048,1.1064,1.1080,1.1095,1.1111,1.1127,1.1142,1.1158,1.1174,1.1189,1.1205,1.1220,1.1236,1.1252,1.1267,1.1283,1.1298,1.1314,1.1329,1.1345,1.1360,1.1376,1.1391,1.1407,1.1422,1.1438,1.1453,1.1469,1.1484,1.1500,1.1515,1.1531,1.1546,1.1561,1.1577,1.1592,1.1608,1.1623,1.1638,1.1654,1.1669,1.1685,1.1700,1.1715,1.1731,1.1746,1.1761,1.1777,1.1792,1.1807,1.1823,1.1838,1.1853,1.1869,1.1884,1.1899,1.1915,1.1930,1.1945,1.1960,1.1976,1.1991,1.2006,1.2021,1.2037,1.2052,1.2067,1.2082,1.2098,1.2113,1.2128,1.2143,1.2158,1.2174,1.2189,1.2204,1.2219,1.2234,1.2249,1.2265,1.2280,1.2295,1.2310,1.2325,1.2340,1.2355,1.2371,1.2386,1.2401,1.2416,1.2431,1.2446,1.2461,1.2476,1.2491,1.2507,1.2522,1.2537,1.2552,1.2567,1.2582,1.2597,1.2612,1.2627,1.2642,1.2657,1.2672,1.2687,1.2702,1.2717,1.2732,1.2747,1.2763,1.2778,1.2793,1.2808,1.2823,1.2838,1.2853,1.2868,1.2883,1.2898,1.2913,1.2928,1.2943,1.2957,1.2972,1.2987,1.3002,1.3017,1.3032,1.3047,1.3062,1.3077,1.3092,1.3107,1.3122,1.3137,1.3152,1.3167,1.3182,1.3197,1.3212,1.3226,1.3241,1.3256,1.3271,1.3286,1.3301,1.3316,1.3331,1.3346,1.3361,1.3376,1.3390,1.3405,1.3420,1.3435,1.3450,1.3465,1.3480,1.3495,1.3509,1.3524,1.3539,1.3554,1.3569,1.3584,1.3599,1.3613,1.3628,1.3643,1.3658,1.3673,1.3688,1.3702,1.3717,1.3732,1.3747,1.3762,1.3777,1.3791,1.3806,1.3821,1.3836,1.3851,1.3865,1.3880,1.3895,1.3910,1.3925,1.3939,1.3954,1.3969,1.3984,1.3999,1.4013,1.4028,1.4043,1.4058,1.4072,1.4087,1.4102,1.4117,1.4132,1.4146,1.4161,1.4176,1.4191,1.4205,1.4220,1.4235,1.4250,1.4264,1.4279,1.4294,1.4309,1.4323,1.4338,1.4353,1.4368,1.4382,1.4397,1.4412,1.4426,1.4441,1.4456,1.4471,1.4485,1.4500,1.4515,1.4530,1.4544,1.4559,1.4574,1.4588,1.4603,1.4618,1.4632,1.4647,1.4662,1.4677,1.4691,1.4706,1.4721,1.4735,1.4750,1.4765,1.4779,1.4794,1.4809,1.4823,1.4838,1.4853,1.4868,1.4882,1.4897,1.4912,1.4926,1.4941,1.4956,1.4970,1.4985,1.5000,1.5014,1.5029,1.5044,1.5058,1.5073,1.5088,1.5102,1.5117,1.5132,1.5146,1.5161,1.5175,1.5190,1.5205,1.5219,1.5234,1.5249,1.5263,1.5278,1.5293,1.5307,1.5322,1.5337,1.5351,1.5366,1.5380,1.5395,1.5410,1.5424,1.5439,1.5454,1.5468,1.5483,1.5497,1.5512,1.5527,1.5541,1.5556,1.5571,1.5585,1.5600,1.5614,1.5629,1.5644,1.5658,1.5673,1.5687,1.5702,1.5717,1.5731,1.5746,1.5761,1.5775,1.5790,1.5804,1.5819,1.5834,1.5848,1.5863,1.5877,1.5892,1.5907,1.5921,1.5936,1.5950,1.5965,1.5980,1.5995,1.6009,1.6024,1.6039,1.6053,1.6068,1.6083,1.6098,1.6112,1.6127,1.6142,1.6157,1.6172,1.6187,1.6202,1.6216,1.6231,1.6246,1.6261,1.6276,1.6291,1.6306,1.6321,1.6336,1.6351,1.6366,1.6381,1.6396,1.6411,1.6426,1.6442,1.6457,1.6472,1.6487,1.6502,1.6518,1.6533,1.6548,1.6563,1.6579,1.6594,1.6609,1.6625,1.6640,1.6655,1.6671,1.6686,1.6702,1.6717,1.6733,1.6748,1.6764,1.6779,1.6795,1.6810,1.6826,1.6842,1.6857,1.6873,1.6889,1.6904,1.6920,1.6936,1.6952,1.6968,1.6984,1.6999,1.7015,1.7031,1.7047,1.7063,1.7079,1.7095,1.7112,1.7128,1.7144,1.7160,1.7176,1.7193,1.7209,1.7225,1.7241,1.7258,1.7274,1.7291,1.7307,1.7324,1.7340,1.7357,1.7374,1.7390,1.7407,1.7424,1.7440,1.7457,1.7474,1.7491,1.7508,1.7525,1.7542,1.7559,1.7576,1.7594,1.7611,1.7628,1.7645,1.7663,1.7680,1.7698,1.7715,1.7733,1.7750,1.7768,1.7786,1.7804,1.7822,1.7839,1.7857,1.7876,1.7894,1.7912,1.7930,1.7948,1.7967,1.7985,1.8004,1.8022,1.8041,1.8060,1.8079,1.8098,1.8117,1.8136,1.8155,1.8174,1.8193,1.8213,1.8232,1.8252,1.8272,1.8292,1.8312,1.8332,1.8352,1.8372,1.8393,1.8413,1.8434,1.8455,1.8476,1.8497,1.8518,1.8539,1.8561,1.8583,1.8604,1.8626,1.8649,1.8671,1.8694,1.8716,1.8739,1.8762,1.8786,1.8809,1.8833,1.8857,1.8882,1.8907,1.8931,1.8957,1.8982,1.9008,1.9035,1.9061,1.9088,1.9116,1.9143,1.9172,1.9200,1.9228,1.9257,1.9285,1.9314,1.9343,1.9372,1.9401,1.9430,1.9459,1.9488,1.9518,1.9548,1.9577,1.9607,1.9637,1.9667,1.9698,1.9728,1.9759,1.9789,1.9820,1.9851,1.9882,1.9913,1.9944,1.9976,2.0007,2.0039,2.0070,2.0102,2.0134,2.0167,2.0199,2.0231,2.0264,2.0296,2.0329,2.0362,2.0395,2.0428,2.0462,2.0495,2.0529,2.0562,2.0596,2.0630,2.0664,2.0699,2.0733,2.0767,2.0802,2.0837,2.0872,2.0907,2.0942,2.0977,2.1013,2.1049,2.1084,2.1120,2.1156,2.1192,2.1229,2.1265,2.1302,2.1339,2.1375,2.1413,2.1450,2.1487,2.1525,2.1562,2.1600,2.1638,2.1676,2.1714,2.1753,2.1791,2.1830,2.1869,2.1908,2.1947,2.1986,2.2026,2.2066,2.2106,2.2146,2.2186,2.2226,2.2267,2.2307,2.2348,2.2389,2.2431,2.2472,2.2514,2.2555,2.2597,2.2640,2.2682,2.2724,2.2767,2.2810,2.2853,2.2897,2.2940,2.2984,2.3028,2.3072,2.3117,2.3161,2.3206,2.3251,2.3297,2.3342,2.3388,2.3434,2.3480,2.3527,2.3574,2.3621,2.3668,2.3716,2.3764,2.3812,2.3861,2.3910,2.3959,2.4008,2.4058,2.4108,2.4159,2.4210,2.4261,2.4312,2.4364,2.4417,2.4469,2.4523,2.4576,2.4630,2.4685,2.4740,2.4795,2.4851,2.4908,2.4965,2.5022,2.5080,2.5139,2.5198,2.5258,2.5319,2.5380,2.5442,2.5505,2.5569,2.5633,2.5699,2.5765,2.5833,2.5901,2.5970,2.6041,2.6113,2.6186,2.6260,2.6336,2.6413,2.6493,2.6574,2.6657,2.6742,2.6829,2.6919,2.7012,2.7108,2.7208,2.7312,2.7420,2.7533,2.7653,2.7780,2.7916,2.8064,2.8228,2.8412,2.8631,2.8916,2.9601,\right]
l_{points}=\left[\left(-57.1730,46.6000\right),\left(-57.0733,46.6002\right),\left(-56.9735,46.6007\right),\left(-56.8738,46.6016\right),\left(-56.7741,46.6028\right),\left(-56.6744,46.6045\right),\left(-56.5747,46.6064\right),\left(-56.4750,46.6088\right),\left(-56.3753,46.6115\right),\left(-56.2756,46.6147\right),\left(-56.1760,46.6182\right),\left(-56.0763,46.6221\right),\left(-55.9767,46.6264\right),\left(-55.8771,46.6311\right),\left(-55.7775,46.6363\right),\left(-55.6779,46.6418\right),\left(-55.5784,46.6477\right),\left(-55.4788,46.6541\right),\left(-55.3793,46.6609\right),\left(-55.2799,46.6682\right),\left(-55.1805,46.6758\right),\left(-55.0811,46.6840\right),\left(-54.9817,46.6925\right),\left(-54.8824,46.7015\right),\left(-54.7831,46.7110\right),\left(-54.6839,46.7209\right),\left(-54.5847,46.7313\right),\left(-54.4856,46.7422\right),\left(-54.3865,46.7536\right),\left(-54.2875,46.7654\right),\left(-54.1885,46.7777\right),\left(-54.0896,46.7906\right),\left(-53.9908,46.8039\right),\left(-53.8920,46.8177\right),\left(-53.7933,46.8320\right),\left(-53.6947,46.8468\right),\left(-53.5962,46.8622\right),\left(-53.4977,46.8780\right),\left(-53.3993,46.8944\right),\left(-53.3010,46.9114\right),\left(-53.2028,46.9288\right),\left(-53.1047,46.9468\right),\left(-53.0067,46.9653\right),\left(-52.9088,46.9844\right),\left(-52.8110,47.0041\right),\left(-52.7134,47.0243\right),\left(-52.6158,47.0450\right),\left(-52.5184,47.0663\right),\left(-52.4210,47.0882\right),\left(-52.3238,47.1106\right),\left(-52.2268,47.1336\right),\left(-52.1298,47.1572\right),\left(-52.0330,47.1814\right),\left(-51.9364,47.2062\right),\left(-51.8399,47.2315\right),\left(-51.7436,47.2574\right),\left(-51.6474,47.2839\right),\left(-51.5514,47.3110\right),\left(-51.4555,47.3387\right),\left(-51.3598,47.3670\right),\left(-51.2643,47.3959\right),\left(-51.1689,47.4254\right),\left(-51.0738,47.4554\right),\left(-50.9788,47.4861\right),\left(-50.8840,47.5174\right),\left(-50.7895,47.5493\right),\left(-50.6951,47.5817\right),\left(-50.6009,47.6148\right),\left(-50.5069,47.6484\right),\left(-50.4132,47.6827\right),\left(-50.3196,47.7175\right),\left(-50.2263,47.7530\right),\left(-50.1332,47.7890\right),\left(-50.0403,47.8256\right),\left(-49.9476,47.8628\right),\left(-49.8552,47.9006\right),\left(-49.7630,47.9389\right),\left(-49.6710,47.9778\right),\left(-49.5793,48.0173\right),\left(-49.4879,48.0574\right),\left(-49.3966,48.0980\right),\left(-49.3056,48.1392\right),\left(-49.2149,48.1810\right),\left(-49.1244,48.2232\right),\left(-49.0341,48.2661\right),\left(-48.9441,48.3094\right),\left(-48.8544,48.3533\right),\left(-48.7649,48.3978\right),\left(-48.6757,48.4427\right),\left(-48.5867,48.4882\right),\left(-48.4980,48.5341\right),\left(-48.4095,48.5806\right),\left(-48.3213,48.6275\right),\left(-48.2333,48.6749\right),\left(-48.1456,48.7228\right),\left(-48.0581,48.7712\right),\left(-47.9709,48.8200\right),\left(-47.8839,48.8693\right),\left(-47.7972,48.9190\right),\left(-47.7107,48.9691\right),\left(-47.6244,49.0197\right),\left(-47.5384,49.0707\right),\left(-47.4527,49.1221\right),\left(-47.3671,49.1738\right),\left(-47.2818,49.2260\right),\left(-47.1967,49.2786\right),\left(-47.1119,49.3315\right),\left(-47.0273,49.3847\right),\left(-46.9428,49.4384\right),\left(-46.8586,49.4923\right),\left(-46.7746,49.5466\right),\left(-46.6908,49.6012\right),\left(-46.6072,49.6562\right),\left(-46.5238,49.7114\right),\left(-46.4406,49.7669\right),\left(-46.3576,49.8227\right),\left(-46.2747,49.8788\right),\left(-46.1920,49.9351\right),\left(-46.1095,49.9917\right),\left(-46.0272,50.0485\right),\left(-45.9450,50.1056\right),\left(-45.8630,50.1628\right),\left(-45.7811,50.2203\right),\left(-45.6993,50.2780\right),\left(-45.6177,50.3359\right),\left(-45.5362,50.3940\right),\left(-45.4548,50.4523\right),\left(-45.3736,50.5107\right),\left(-45.2924,50.5693\right),\left(-45.2114,50.6280\right),\left(-45.1305,50.6869\right),\left(-45.0496,50.7459\right),\left(-44.9689,50.8051\right),\left(-44.8882,50.8643\right),\left(-44.8076,50.9237\right),\left(-44.7271,50.9831\right),\left(-44.6466,51.0427\right),\left(-44.5662,51.1023\right),\left(-44.4859,51.1620\right),\left(-44.4055,51.2218\right),\left(-44.3253,51.2816\right),\left(-44.2450,51.3415\right),\left(-44.1648,51.4014\right),\left(-44.0846,51.4614\right),\left(-44.0045,51.5213\right),\left(-43.9243,51.5813\right),\left(-43.8442,51.6413\right),\left(-43.7640,51.7013\right),\left(-43.6839,51.7613\right),\left(-43.6037,51.8214\right),\left(-43.5235,51.8813\right),\left(-43.4433,51.9413\right),\left(-43.3631,52.0012\right),\left(-43.2829,52.0611\right),\left(-43.2026,52.1210\right),\left(-43.1223,52.1808\right),\left(-43.0419,52.2405\right),\left(-42.9615,52.3002\right),\left(-42.8810,52.3598\right),\left(-42.8005,52.4193\right),\left(-42.7199,52.4788\right),\left(-42.6392,52.5382\right),\left(-42.5585,52.5975\right),\left(-42.4777,52.6567\right),\left(-42.3969,52.7157\right),\left(-42.3159,52.7747\right),\left(-42.2349,52.8336\right),\left(-42.1538,52.8923\right),\left(-42.0726,52.9510\right),\left(-41.9913,53.0095\right),\left(-41.9099,53.0678\right),\left(-41.8284,53.1261\right),\left(-41.7468,53.1842\right),\left(-41.6651,53.2421\right),\left(-41.5833,53.2999\right),\left(-41.5013,53.3575\right),\left(-41.4193,53.4150\right),\left(-41.3372,53.4723\right),\left(-41.2549,53.5295\right),\left(-41.1725,53.5865\right),\left(-41.0900,53.6433\right),\left(-41.0074,53.6999\right),\left(-40.9246,53.7563\right),\left(-40.8417,53.8126\right),\left(-40.7587,53.8687\right),\left(-40.6755,53.9245\right),\left(-40.5923,53.9802\right),\left(-40.5089,54.0357\right),\left(-40.4253,54.0910\right),\left(-40.3416,54.1460\right),\left(-40.2578,54.2009\right),\left(-40.1738,54.2556\right),\left(-40.0897,54.3100\right),\left(-40.0055,54.3642\right),\left(-39.9211,54.4182\right),\left(-39.8366,54.4720\right),\left(-39.7519,54.5256\right),\left(-39.6671,54.5789\right),\left(-39.5822,54.6320\right),\left(-39.4971,54.6849\right),\left(-39.4118,54.7376\right),\left(-39.3264,54.7900\right),\left(-39.2409,54.8422\right),\left(-39.1552,54.8941\right),\left(-39.0694,54.9458\right),\left(-38.9834,54.9973\right),\left(-38.8973,55.0485\right),\left(-38.8111,55.0995\right),\left(-38.7247,55.1502\right),\left(-38.6381,55.2007\right),\left(-38.5514,55.2509\right),\left(-38.4646,55.3009\right),\left(-38.3776,55.3506\right),\left(-38.2904,55.4001\right),\left(-38.2032,55.4493\right),\left(-38.1158,55.4983\right),\left(-38.0282,55.5470\right),\left(-37.9405,55.5954\right),\left(-37.8526,55.6436\right),\left(-37.7647,55.6916\right),\left(-37.6765,55.7392\right),\left(-37.5883,55.7867\right),\left(-37.4999,55.8338\right),\left(-37.4113,55.8807\right),\left(-37.3226,55.9274\right),\left(-37.2338,55.9738\right),\left(-37.1448,56.0199\right),\left(-37.0558,56.0657\right),\left(-36.9665,56.1113\right),\left(-36.8772,56.1567\right),\left(-36.7877,56.2017\right),\left(-36.6980,56.2465\right),\left(-36.6083,56.2911\right),\left(-36.5184,56.3354\right),\left(-36.4284,56.3794\right),\left(-36.3382,56.4231\right),\left(-36.2480,56.4666\right),\left(-36.1576,56.5099\right),\left(-36.0670,56.5528\right),\left(-35.9764,56.5956\right),\left(-35.8856,56.6380\right),\left(-35.7947,56.6802\right),\left(-35.7037,56.7221\right),\left(-35.6126,56.7638\right),\left(-35.5213,56.8052\right),\left(-35.4300,56.8463\right),\left(-35.3385,56.8872\right),\left(-35.2469,56.9278\right),\left(-35.1552,56.9682\right),\left(-35.0633,57.0083\right),\left(-34.9714,57.0481\right),\left(-34.8794,57.0877\right),\left(-34.7872,57.1270\right),\left(-34.6949,57.1661\right),\left(-34.6025,57.2049\right),\left(-34.5101,57.2435\right),\left(-34.4175,57.2818\right),\left(-34.3248,57.3199\right),\left(-34.2320,57.3577\right),\left(-34.1391,57.3952\right),\left(-34.0461,57.4325\right),\left(-33.9530,57.4696\right),\left(-33.8598,57.5064\right),\left(-33.7665,57.5429\right),\left(-33.6731,57.5792\right),\left(-33.5796,57.6153\right),\left(-33.4860,57.6511\right),\left(-33.3924,57.6867\right),\left(-33.2986,57.7220\right),\left(-33.2048,57.7571\right),\left(-33.1108,57.7919\right),\left(-33.0168,57.8265\right),\left(-32.9226,57.8609\right),\left(-32.8284,57.8950\right),\left(-32.7341,57.9289\right),\left(-32.6398,57.9625\right),\left(-32.5453,57.9959\right),\left(-32.4508,58.0291\right),\left(-32.3561,58.0621\right),\left(-32.2614,58.0948\right),\left(-32.1666,58.1272\right),\left(-32.0718,58.1595\right),\left(-31.9768,58.1915\right),\left(-31.8818,58.2233\right),\left(-31.7867,58.2548\right),\left(-31.6915,58.2861\right),\left(-31.5963,58.3172\right),\left(-31.5010,58.3481\right),\left(-31.4056,58.3788\right),\left(-31.3101,58.4092\right),\left(-31.2146,58.4394\right),\left(-31.1190,58.4694\right),\left(-31.0233,58.4991\right),\left(-30.9276,58.5287\right),\left(-30.8318,58.5580\right),\left(-30.7359,58.5871\right),\left(-30.6400,58.6160\right),\left(-30.5440,58.6447\right),\left(-30.4479,58.6732\right),\left(-30.3518,58.7014\right),\left(-30.2556,58.7295\right),\left(-30.1594,58.7573\right),\left(-30.0631,58.7849\right),\left(-29.9667,58.8124\right),\left(-29.8703,58.8396\right),\left(-29.7738,58.8666\right),\left(-29.6773,58.8934\right),\left(-29.5807,58.9200\right),\left(-29.4841,58.9464\right),\left(-29.3874,58.9726\right),\left(-29.2906,58.9986\right),\left(-29.1938,59.0244\right),\left(-29.0970,59.0500\right),\left(-29.0001,59.0754\right),\left(-28.9031,59.1006\right),\left(-28.8061,59.1256\right),\left(-28.7090,59.1504\right),\left(-28.6119,59.1751\right),\left(-28.5148,59.1995\right),\left(-28.4176,59.2237\right),\left(-28.3203,59.2478\right),\left(-28.2230,59.2717\right),\left(-28.1257,59.2953\right),\left(-28.0283,59.3188\right),\left(-27.9309,59.3421\right),\left(-27.8334,59.3653\right),\left(-27.7359,59.3882\right),\left(-27.6384,59.4110\right),\left(-27.5408,59.4335\right),\left(-27.4431,59.4559\right),\left(-27.3454,59.4782\right),\left(-27.2477,59.5002\right),\left(-27.1500,59.5221\right),\left(-27.0522,59.5438\right),\left(-26.9543,59.5653\right),\left(-26.8565,59.5866\right),\left(-26.7586,59.6078\right),\left(-26.6606,59.6288\right),\left(-26.5626,59.6496\right),\left(-26.4646,59.6702\right),\left(-26.3666,59.6907\right),\left(-26.2685,59.7110\right),\left(-26.1704,59.7312\right),\left(-26.0722,59.7512\right),\left(-25.9740,59.7710\right),\left(-25.8758,59.7906\right),\left(-25.7776,59.8101\right),\left(-25.6793,59.8294\right),\left(-25.5810,59.8486\right),\left(-25.4826,59.8676\right),\left(-25.3842,59.8864\right),\left(-25.2858,59.9051\right),\left(-25.1874,59.9236\right),\left(-25.0889,59.9420\right),\left(-24.9904,59.9602\right),\left(-24.8919,59.9783\right),\left(-24.7934,59.9962\right),\left(-24.6948,60.0139\right),\left(-24.5962,60.0315\right),\left(-24.4976,60.0490\right),\left(-24.3989,60.0663\right),\left(-24.3002,60.0834\right),\left(-24.2015,60.1004\right),\left(-24.1028,60.1172\right),\left(-24.0040,60.1339\right),\left(-23.9053,60.1505\right),\left(-23.8065,60.1669\right),\left(-23.7076,60.1831\right),\left(-23.6088,60.1992\right),\left(-23.5099,60.2152\right),\left(-23.4110,60.2310\right),\left(-23.3121,60.2467\right),\left(-23.2132,60.2623\right),\left(-23.1142,60.2777\right),\left(-23.0152,60.2929\right),\left(-22.9162,60.3081\right),\left(-22.8172,60.3231\right),\left(-22.7181,60.3379\right),\left(-22.6191,60.3526\right),\left(-22.5200,60.3672\right),\left(-22.4209,60.3816\right),\left(-22.3218,60.3959\right),\left(-22.2226,60.4101\right),\left(-22.1235,60.4242\right),\left(-22.0243,60.4381\right),\left(-21.9251,60.4518\right),\left(-21.8259,60.4655\right),\left(-21.7267,60.4790\right),\left(-21.6274,60.4924\right),\left(-21.5282,60.5057\right),\left(-21.4289,60.5188\right),\left(-21.3296,60.5318\right),\left(-21.2303,60.5447\right),\left(-21.1309,60.5574\right),\left(-21.0316,60.5701\right),\left(-20.9322,60.5826\right),\left(-20.8329,60.5949\right),\left(-20.7335,60.6072\right),\left(-20.6341,60.6193\right),\left(-20.5347,60.6314\right),\left(-20.4352,60.6432\right),\left(-20.3358,60.6550\right),\left(-20.2363,60.6667\right),\left(-20.1368,60.6782\right),\left(-20.0374,60.6896\right),\left(-19.9379,60.7009\right),\left(-19.8384,60.7121\right),\left(-19.7388,60.7232\right),\left(-19.6393,60.7341\right),\left(-19.5397,60.7450\right),\left(-19.4402,60.7557\right),\left(-19.3406,60.7663\right),\left(-19.2410,60.7768\right),\left(-19.1414,60.7871\right),\left(-19.0418,60.7974\right),\left(-18.9422,60.8076\right),\left(-18.8426,60.8176\right),\left(-18.7429,60.8275\right),\left(-18.6433,60.8374\right),\left(-18.5436,60.8471\right),\left(-18.4440,60.8567\right),\left(-18.3443,60.8662\right),\left(-18.2446,60.8756\right),\left(-18.1449,60.8849\right),\left(-18.0452,60.8940\right),\left(-17.9454,60.9031\right),\left(-17.8457,60.9121\right),\left(-17.7460,60.9209\right),\left(-17.6462,60.9297\right),\left(-17.5465,60.9383\right),\left(-17.4467,60.9469\right),\left(-17.3470,60.9553\right),\left(-17.2472,60.9637\right),\left(-17.1474,60.9719\right),\left(-17.0476,60.9801\right),\left(-16.9478,60.9881\right),\left(-16.8480,60.9961\right),\left(-16.7482,61.0039\right),\left(-16.6483,61.0116\right),\left(-16.5485,61.0193\right),\left(-16.4487,61.0268\right),\left(-16.3488,61.0343\right),\left(-16.2490,61.0416\right),\left(-16.1491,61.0489\right),\left(-16.0492,61.0560\right),\left(-15.9494,61.0631\right),\left(-15.8495,61.0701\right),\left(-15.7496,61.0769\right),\left(-15.6497,61.0837\right),\left(-15.5498,61.0904\right),\left(-15.4499,61.0970\right),\left(-15.3500,61.1035\right),\left(-15.2501,61.1099\right),\left(-15.1502,61.1162\right),\left(-15.0502,61.1224\right),\left(-14.9503,61.1286\right),\left(-14.8504,61.1346\right),\left(-14.7504,61.1406\right),\left(-14.6505,61.1464\right),\left(-14.5505,61.1522\right),\left(-14.4506,61.1579\right),\left(-14.3506,61.1635\right),\left(-14.2506,61.1690\right),\left(-14.1507,61.1744\right),\left(-14.0507,61.1797\right),\left(-13.9507,61.1850\right),\left(-13.8507,61.1901\right),\left(-13.7507,61.1952\right),\left(-13.6508,61.2002\right),\left(-13.5508,61.2051\right),\left(-13.4508,61.2099\right),\left(-13.3507,61.2147\right),\left(-13.2507,61.2193\right),\left(-13.1507,61.2239\right),\left(-13.0507,61.2284\right),\left(-12.9507,61.2328\right),\left(-12.8507,61.2371\right),\left(-12.7507,61.2413\right),\left(-12.6506,61.2455\right),\left(-12.5506,61.2496\right),\left(-12.4506,61.2535\right),\left(-12.3505,61.2575\right),\left(-12.2505,61.2613\right),\left(-12.1504,61.2651\right),\left(-12.0504,61.2687\right),\left(-11.9504,61.2723\right),\left(-11.8503,61.2758\right),\left(-11.7503,61.2793\right),\left(-11.6502,61.2826\right),\left(-11.5502,61.2859\right),\left(-11.4501,61.2891\right),\left(-11.3500,61.2923\right),\left(-11.2500,61.2953\right),\left(-11.1499,61.2983\right),\left(-11.0498,61.3012\right),\left(-10.9498,61.3040\right),\left(-10.8497,61.3068\right),\left(-10.7496,61.3094\right),\left(-10.6496,61.3120\right),\left(-10.5495,61.3146\right),\left(-10.4494,61.3170\right),\left(-10.3493,61.3194\right),\left(-10.2493,61.3217\right),\left(-10.1492,61.3240\right),\left(-10.0491,61.3261\right),\left(-9.9490,61.3282\right),\left(-9.8489,61.3302\right),\left(-9.7488,61.3322\right),\left(-9.6488,61.3340\right),\left(-9.5487,61.3359\right),\left(-9.4486,61.3376\right),\left(-9.3485,61.3393\right),\left(-9.2484,61.3409\right),\left(-9.1483,61.3424\right),\left(-9.0482,61.3438\right),\left(-8.9481,61.3452\right),\left(-8.8480,61.3465\right),\left(-8.7479,61.3478\right),\left(-8.6478,61.3490\right),\left(-8.5478,61.3501\right),\left(-8.4477,61.3511\right),\left(-8.3476,61.3521\right),\left(-8.2475,61.3530\right),\left(-8.1474,61.3539\right),\left(-8.0473,61.3546\right),\left(-7.9472,61.3554\right),\left(-7.8471,61.3560\right),\left(-7.7470,61.3566\right),\left(-7.6469,61.3571\right),\left(-7.5468,61.3576\right),\left(-7.4467,61.3579\right),\left(-7.3466,61.3583\right),\left(-7.2465,61.3585\right),\left(-7.1464,61.3587\right),\left(-7.0463,61.3588\right),\left(-6.9462,61.3589\right),\left(-6.8461,61.3589\right),\left(-6.7460,61.3589\right),\left(-6.6459,61.3587\right),\left(-6.5458,61.3586\right),\left(-6.4457,61.3583\right),\left(-6.3456,61.3580\right),\left(-6.2455,61.3576\right),\left(-6.1454,61.3572\right),\left(-6.0453,61.3567\right),\left(-5.9452,61.3562\right),\left(-5.8451,61.3555\right),\left(-5.7450,61.3549\right),\left(-5.6450,61.3541\right),\left(-5.5449,61.3533\right),\left(-5.4448,61.3525\right),\left(-5.3447,61.3516\right),\left(-5.2446,61.3506\right),\left(-5.1445,61.3496\right),\left(-5.0444,61.3485\right),\left(-4.9443,61.3473\right),\left(-4.8443,61.3461\right),\left(-4.7442,61.3449\right),\left(-4.6441,61.3436\right),\left(-4.5440,61.3422\right),\left(-4.4439,61.3407\right),\left(-4.3439,61.3392\right),\left(-4.2438,61.3377\right),\left(-4.1437,61.3361\right),\left(-4.0436,61.3344\right),\left(-3.9435,61.3327\right),\left(-3.8435,61.3309\right),\left(-3.7434,61.3291\right),\left(-3.6433,61.3272\right),\left(-3.5432,61.3253\right),\left(-3.4432,61.3233\right),\left(-3.3431,61.3212\right),\left(-3.2430,61.3191\right),\left(-3.1430,61.3170\right),\left(-3.0429,61.3148\right),\left(-2.9428,61.3125\right),\left(-2.8428,61.3102\right),\left(-2.7427,61.3078\right),\left(-2.6427,61.3054\right),\left(-2.5426,61.3029\right),\left(-2.4426,61.3003\right),\left(-2.3425,61.2978\right),\left(-2.2425,61.2951\right),\left(-2.1424,61.2924\right),\left(-2.0424,61.2897\right),\left(-1.9423,61.2869\right),\left(-1.8423,61.2840\right),\left(-1.7422,61.2811\right),\left(-1.6422,61.2782\right),\left(-1.5421,61.2752\right),\left(-1.4421,61.2721\right),\left(-1.3420,61.2690\right),\left(-1.2420,61.2659\right),\left(-1.1420,61.2627\right),\left(-1.0419,61.2594\right),\left(-0.9419,61.2561\right),\left(-0.8419,61.2527\right),\left(-0.7419,61.2493\right),\left(-0.6418,61.2459\right),\left(-0.5418,61.2424\right),\left(-0.4418,61.2388\right),\left(-0.3418,61.2352\right),\left(-0.2418,61.2316\right),\left(-0.1417,61.2279\right),\left(-0.0417,61.2241\right),\left(0.0583,61.2203\right),\left(0.1583,61.2165\right),\left(0.2583,61.2126\right),\left(0.3583,61.2086\right),\left(0.4583,61.2047\right),\left(0.5583,61.2006\right),\left(0.6583,61.1965\right),\left(0.7583,61.1924\right),\left(0.8583,61.1882\right),\left(0.9583,61.1840\right),\left(1.0583,61.1797\right),\left(1.1583,61.1754\right),\left(1.2582,61.1711\right),\left(1.3582,61.1666\right),\left(1.4582,61.1622\right),\left(1.5582,61.1577\right),\left(1.6582,61.1531\right),\left(1.7581,61.1486\right),\left(1.8581,61.1439\right),\left(1.9581,61.1392\right),\left(2.0581,61.1345\right),\left(2.1580,61.1297\right),\left(2.2580,61.1249\right),\left(2.3580,61.1200\right),\left(2.4579,61.1152\right),\left(2.5579,61.1102\right),\left(2.6578,61.1052\right),\left(2.7578,61.1002\right),\left(2.8577,61.0951\right),\left(2.9577,61.0900\right),\left(3.0576,61.0848\right),\left(3.1575,61.0796\right),\left(3.2575,61.0743\right),\left(3.3574,61.0690\right),\left(3.4574,61.0637\right),\left(3.5573,61.0583\right),\left(3.6572,61.0529\right),\left(3.7571,61.0474\right),\left(3.8571,61.0419\right),\left(3.9570,61.0363\right),\left(4.0569,61.0307\right),\left(4.1568,61.0251\right),\left(4.2568,61.0194\right),\left(4.3567,61.0137\right),\left(4.4566,61.0079\right),\left(4.5565,61.0021\right),\left(4.6564,60.9963\right),\left(4.7563,60.9904\right),\left(4.8562,60.9845\right),\left(4.9561,60.9785\right),\left(5.0560,60.9725\right),\left(5.1559,60.9665\right),\left(5.2558,60.9604\right),\left(5.3557,60.9543\right),\left(5.4555,60.9481\right),\left(5.5554,60.9419\right),\left(5.6553,60.9356\right),\left(5.7552,60.9293\right),\left(5.8550,60.9230\right),\left(5.9549,60.9167\right),\left(6.0548,60.9102\right),\left(6.1546,60.9038\right),\left(6.2545,60.8973\right),\left(6.3544,60.8908\right),\left(6.4542,60.8842\right),\left(6.5541,60.8776\right),\left(6.6539,60.8710\right),\left(6.7538,60.8643\right),\left(6.8536,60.8576\right),\left(6.9535,60.8508\right),\left(7.0533,60.8441\right),\left(7.1531,60.8372\right),\left(7.2530,60.8304\right),\left(7.3528,60.8234\right),\left(7.4526,60.8165\right),\left(7.5525,60.8095\right),\left(7.6523,60.8025\right),\left(7.7521,60.7955\right),\left(7.8519,60.7884\right),\left(7.9518,60.7812\right),\left(8.0516,60.7741\right),\left(8.1514,60.7669\right),\left(8.2512,60.7596\right),\left(8.3510,60.7523\right),\left(8.4508,60.7450\right),\left(8.5506,60.7377\right),\left(8.6504,60.7303\right),\left(8.7502,60.7229\right),\left(8.8500,60.7154\right),\left(8.9498,60.7079\right),\left(9.0495,60.7004\right),\left(9.1493,60.6928\right),\left(9.2491,60.6852\right),\left(9.3489,60.6776\right),\left(9.4487,60.6699\right),\left(9.5484,60.6622\right),\left(9.6482,60.6545\right),\left(9.7480,60.6467\right),\left(9.8477,60.6389\right),\left(9.9475,60.6310\right),\left(10.0473,60.6232\right),\left(10.1470,60.6153\right),\left(10.2468,60.6073\right),\left(10.3465,60.5993\right),\left(10.4463,60.5913\right),\left(10.5460,60.5833\right),\left(10.6457,60.5752\right),\left(10.7455,60.5670\right),\left(10.8452,60.5589\right),\left(10.9450,60.5507\right),\left(11.0447,60.5425\right),\left(11.1444,60.5342\right),\left(11.2441,60.5259\right),\left(11.3439,60.5176\right),\left(11.4436,60.5093\right),\left(11.5433,60.5009\right),\left(11.6430,60.4925\right),\left(11.7427,60.4840\right),\left(11.8424,60.4755\right),\left(11.9421,60.4670\right),\left(12.0418,60.4584\right),\left(12.1415,60.4499\right),\left(12.2412,60.4412\right),\left(12.3409,60.4326\right),\left(12.4406,60.4239\right),\left(12.5403,60.4152\right),\left(12.6400,60.4064\right),\left(12.7396,60.3977\right),\left(12.8393,60.3889\right),\left(12.9390,60.3800\right),\left(13.0387,60.3711\right),\left(13.1383,60.3622\right),\left(13.2380,60.3533\right),\left(13.3376,60.3443\right),\left(13.4373,60.3353\right),\left(13.5369,60.3263\right),\left(13.6366,60.3172\right),\left(13.7363,60.3081\right),\left(13.8359,60.2990\right),\left(13.9356,60.2899\right),\left(14.0352,60.2807\right),\left(14.1348,60.2715\right),\left(14.2345,60.2622\right),\left(14.3341,60.2529\right),\left(14.4337,60.2436\right),\left(14.5333,60.2343\right),\left(14.6330,60.2249\right),\left(14.7326,60.2155\right),\left(14.8322,60.2061\right),\left(14.9318,60.1966\right),\left(15.0314,60.1871\right),\left(15.1310,60.1776\right),\left(15.2306,60.1681\right),\left(15.3302,60.1585\right),\left(15.4298,60.1489\right),\left(15.5295,60.1392\right),\left(15.6290,60.1296\right),\left(15.7286,60.1199\right),\left(15.8282,60.1101\right),\left(15.9278,60.1004\right),\left(16.0274,60.0906\right),\left(16.1270,60.0808\right),\left(16.2265,60.0710\right),\left(16.3261,60.0611\right),\left(16.4257,60.0512\right),\left(16.5253,60.0413\right),\left(16.6248,60.0313\right),\left(16.7244,60.0213\right),\left(16.8239,60.0113\right),\left(16.9235,60.0012\right),\left(17.0231,59.9912\right),\left(17.1226,59.9811\right),\left(17.2221,59.9709\right),\left(17.3217,59.9608\right),\left(17.4212,59.9506\right),\left(17.5208,59.9404\right),\left(17.6203,59.9301\right),\left(17.7198,59.9199\right),\left(17.8194,59.9096\right),\left(17.9189,59.8993\right),\left(18.0184,59.8889\right),\left(18.1179,59.8785\right),\left(18.2174,59.8681\right),\left(18.3170,59.8577\right),\left(18.4165,59.8472\right),\left(18.5160,59.8367\right),\left(18.6155,59.8262\right),\left(18.7150,59.8157\right),\left(18.8145,59.8051\right),\left(18.9140,59.7945\right),\left(19.0135,59.7839\right),\left(19.1130,59.7732\right),\left(19.2125,59.7626\right),\left(19.3119,59.7519\right),\left(19.4114,59.7411\right),\left(19.5109,59.7304\right),\left(19.6104,59.7196\right),\left(19.7098,59.7088\right),\left(19.8093,59.6979\right),\left(19.9088,59.6871\right),\left(20.0082,59.6762\right),\left(20.1077,59.6653\right),\left(20.2072,59.6543\right),\left(20.3066,59.6433\right),\left(20.4061,59.6324\right),\left(20.5055,59.6213\right),\left(20.6049,59.6103\right),\left(20.7044,59.5992\right),\left(20.8038,59.5881\right),\left(20.9032,59.5770\right),\left(21.0027,59.5658\right),\left(21.1021,59.5547\right),\left(21.2016,59.5435\right),\left(21.3010,59.5323\right),\left(21.4004,59.5210\right),\left(21.4998,59.5097\right),\left(21.5992,59.4984\right),\left(21.6987,59.4871\right),\left(21.7981,59.4758\right),\left(21.8975,59.4644\right),\left(21.9969,59.4530\right),\left(22.0963,59.4416\right),\left(22.1957,59.4301\right),\left(22.2951,59.4186\right),\left(22.3945,59.4071\right),\left(22.4939,59.3956\right),\left(22.5932,59.3841\right),\left(22.6926,59.3725\right),\left(22.7920,59.3609\right),\left(22.8914,59.3493\right),\left(22.9802,59.3388\right),\left(23.0786,59.3217\right),\left(23.1769,59.3042\right),\left(23.2751,59.2863\right),\left(23.3732,59.2680\right),\left(23.4713,59.2493\right),\left(23.5693,59.2303\right),\left(23.6672,59.2109\right),\left(23.7651,59.1910\right),\left(23.8628,59.1708\right),\left(23.9605,59.1501\right),\left(24.0581,59.1291\right),\left(24.1556,59.1076\right),\left(24.2530,59.0858\right),\left(24.3503,59.0635\right),\left(24.4476,59.0407\right),\left(24.5447,59.0176\right),\left(24.6417,58.9940\right),\left(24.7386,58.9700\right),\left(24.8354,58.9456\right),\left(24.9321,58.9207\right),\left(25.0286,58.8954\right),\left(25.1251,58.8696\right),\left(25.2214,58.8434\right),\left(25.3176,58.8168\right),\left(25.4137,58.7896\right),\left(25.5097,58.7620\right),\left(25.6055,58.7340\right),\left(25.7012,58.7055\right),\left(25.7967,58.6765\right),\left(25.8921,58.6470\right),\left(25.9873,58.6171\right),\left(26.0824,58.5866\right),\left(26.1773,58.5557\right),\left(26.2721,58.5243\right),\left(26.3667,58.4924\right),\left(26.4611,58.4600\right),\left(26.5554,58.4271\right),\left(26.6495,58.3937\right),\left(26.7434,58.3598\right),\left(26.8371,58.3253\right),\left(26.9306,58.2904\right),\left(27.0240,58.2549\right),\left(27.1171,58.2189\right),\left(27.2100,58.1824\right),\left(27.3027,58.1454\right),\left(27.3953,58.1078\right),\left(27.4875,58.0697\right),\left(27.5796,58.0310\right),\left(27.6714,57.9918\right),\left(27.7630,57.9521\right),\left(27.8544,57.9118\right),\left(27.9455,57.8710\right),\left(28.0364,57.8296\right),\left(28.1270,57.7876\right),\left(28.2173,57.7451\right),\left(28.3074,57.7020\right),\left(28.3972,57.6583\right),\left(28.4868,57.6141\right),\left(28.5760,57.5693\right),\left(28.6650,57.5240\right),\left(28.7537,57.4780\right),\left(28.8420,57.4315\right),\left(28.9301,57.3844\right),\left(29.0178,57.3367\right),\left(29.1053,57.2884\right),\left(29.1924,57.2395\right),\left(29.2791,57.1901\right),\left(29.3656,57.1400\right),\left(29.4517,57.0894\right),\left(29.5374,57.0382\right),\left(29.6228,56.9863\right),\left(29.7078,56.9339\right),\left(29.7924,56.8809\right),\left(29.8767,56.8272\right),\left(29.9606,56.7730\right),\left(30.0441,56.7182\right),\left(30.1272,56.6627\right),\left(30.2099,56.6067\right),\left(30.2922,56.5501\right),\left(30.3741,56.4928\right),\left(30.4555,56.4350\right),\left(30.5366,56.3765\right),\left(30.6172,56.3175\right),\left(30.6973,56.2578\right),\left(30.7770,56.1976\right),\left(30.8563,56.1367\right),\left(30.9351,56.0753\right),\left(31.0134,56.0132\right),\left(31.0912,55.9506\right),\left(31.1686,55.8873\right),\left(31.2455,55.8235\right),\left(31.3219,55.7591\right),\left(31.3978,55.6940\right),\left(31.4732,55.6284\right),\left(31.5481,55.5622\right),\left(31.6224,55.4955\right),\left(31.6963,55.4281\right),\left(31.7696,55.3602\right),\left(31.8424,55.2917\right),\left(31.9146,55.2226\right),\left(31.9864,55.1530\right),\left(32.0575,55.0827\right),\left(32.1281,55.0120\right),\left(32.1982,54.9406\right),\left(32.2677,54.8688\right),\left(32.3366,54.7963\right),\left(32.4049,54.7234\right),\left(32.4727,54.6499\right),\left(32.5399,54.5758\right),\left(32.6065,54.5012\right),\left(32.6725,54.4261\right),\left(32.7380,54.3505\right),\left(32.8028,54.2744\right),\left(32.8670,54.1977\right),\left(32.9307,54.1206\right),\left(32.9937,54.0429\right),\left(33.0561,53.9648\right),\left(33.1179,53.8861\right),\left(33.1791,53.8070\right),\left(33.2397,53.7274\right),\left(33.2997,53.6474\right),\left(33.3590,53.5668\right),\left(33.4177,53.4858\right),\left(33.4758,53.4044\right),\left(33.5333,53.3225\right),\left(33.5901,53.2402\right),\left(33.6463,53.1574\right),\left(33.7019,53.0742\right),\left(33.7568,52.9906\right),\left(33.8112,52.9066\right),\left(33.8649,52.8222\right),\left(33.9179,52.7373\right),\left(33.9703,52.6521\right),\left(34.0221,52.5665\right),\left(34.0733,52.4805\right),\left(34.1238,52.3941\right),\left(34.1737,52.3074\right),\left(34.2230,52.2203\right),\left(34.2716,52.1328\right),\left(34.3197,52.0450\right),\left(34.3671,51.9568\right),\left(34.4138,51.8683\right),\left(34.4599,51.7795\right),\left(34.5055,51.6904\right),\left(34.5504,51.6009\right),\left(34.5946,51.5112\right),\left(34.6383,51.4211\right),\left(34.6813,51.3307\right),\left(34.7237,51.2400\right),\left(34.7656,51.1491\right),\left(34.8068,51.0579\right),\left(34.8474,50.9664\right),\left(34.8874,50.8746\right),\left(34.9267,50.7826\right),\left(34.9655,50.6903\right),\left(35.0037,50.5977\right),\left(35.0413,50.5050\right),\left(35.0784,50.4119\right),\left(35.1148,50.3187\right),\left(35.1506,50.2252\right),\left(35.1859,50.1315\right),\left(35.2206,50.0376\right),\left(35.2547,49.9435\right),\left(35.2882,49.8491\right),\left(35.3212,49.7546\right),\left(35.3536,49.6599\right),\left(35.3855,49.5649\right),\left(35.4168,49.4698\right),\left(35.4475,49.3745\right),\left(35.4777,49.2791\right),\left(35.5074,49.1834\right),\left(35.5365,49.0876\right),\left(35.5651,48.9917\right),\left(35.5931,48.8955\right),\left(35.6206,48.7992\right),\left(35.6476,48.7028\right),\left(35.6741,48.6062\right),\left(35.7000,48.5095\right),\left(35.7254,48.4127\right),\left(35.7504,48.3157\right),\left(35.7748,48.2186\right),\left(35.7987,48.1213\right),\left(35.8221,48.0240\right),\left(35.8450,47.9265\right),\left(35.8675,47.8289\right),\left(35.8894,47.7312\right),\left(35.9109,47.6334\right),\left(35.9318,47.5354\right),\left(35.9524,47.4374\right),\left(35.9724,47.3393\right),\left(35.9920,47.2411\right),\left(36.0000,47.2000\right),\right]
l_{headings}=\left[0.0000,0.0035,0.0071,0.0107,0.0144,0.0181,0.0218,0.0256,0.0294,0.0333,0.0373,0.0412,0.0453,0.0493,0.0535,0.0576,0.0619,0.0661,0.0705,0.0748,0.0793,0.0837,0.0883,0.0928,0.0975,0.1022,0.1069,0.1117,0.1165,0.1214,0.1264,0.1314,0.1364,0.1415,0.1467,0.1519,0.1571,0.1624,0.1678,0.1732,0.1787,0.1842,0.1897,0.1953,0.2010,0.2067,0.2124,0.2182,0.2240,0.2299,0.2358,0.2417,0.2477,0.2537,0.2598,0.2659,0.2720,0.2782,0.2843,0.2905,0.2967,0.3030,0.3092,0.3155,0.3218,0.3281,0.3344,0.3407,0.3471,0.3534,0.3597,0.3660,0.3723,0.3786,0.3849,0.3911,0.3973,0.4036,0.4097,0.4159,0.4220,0.4281,0.4341,0.4401,0.4461,0.4520,0.4579,0.4636,0.4694,0.4751,0.4807,0.4862,0.4917,0.4971,0.5024,0.5077,0.5129,0.5180,0.5230,0.5279,0.5327,0.5374,0.5421,0.5466,0.5511,0.5554,0.5597,0.5639,0.5679,0.5719,0.5757,0.5794,0.5831,0.5866,0.5900,0.5933,0.5965,0.5996,0.6026,0.6055,0.6082,0.6109,0.6134,0.6158,0.6181,0.6204,0.6225,0.6245,0.6263,0.6281,0.6298,0.6314,0.6328,0.6342,0.6354,0.6366,0.6376,0.6386,0.6394,0.6401,0.6408,0.6413,0.6418,0.6422,0.6424,0.6426,0.6427,0.6427,0.6426,0.6424,0.6422,0.6418,0.6414,0.6409,0.6403,0.6396,0.6389,0.6381,0.6372,0.6362,0.6352,0.6341,0.6329,0.6317,0.6304,0.6290,0.6276,0.6261,0.6245,0.6229,0.6213,0.6195,0.6178,0.6159,0.6141,0.6122,0.6102,0.6082,0.6061,0.6040,0.6019,0.5997,0.5974,0.5952,0.5929,0.5905,0.5881,0.5857,0.5833,0.5808,0.5783,0.5758,0.5732,0.5707,0.5680,0.5654,0.5627,0.5601,0.5574,0.5546,0.5519,0.5492,0.5464,0.5436,0.5408,0.5380,0.5351,0.5323,0.5294,0.5265,0.5237,0.5208,0.5179,0.5150,0.5121,0.5091,0.5062,0.5033,0.5004,0.4974,0.4945,0.4915,0.4886,0.4857,0.4827,0.4798,0.4768,0.4739,0.4709,0.4680,0.4651,0.4621,0.4592,0.4563,0.4534,0.4504,0.4475,0.4446,0.4417,0.4388,0.4360,0.4331,0.4302,0.4273,0.4245,0.4216,0.4188,0.4160,0.4132,0.4104,0.4076,0.4048,0.4020,0.3992,0.3965,0.3937,0.3910,0.3882,0.3855,0.3828,0.3801,0.3774,0.3748,0.3721,0.3695,0.3668,0.3642,0.3616,0.3590,0.3564,0.3538,0.3513,0.3487,0.3462,0.3437,0.3412,0.3387,0.3362,0.3337,0.3313,0.3288,0.3264,0.3240,0.3216,0.3192,0.3168,0.3144,0.3121,0.3097,0.3074,0.3051,0.3028,0.3005,0.2982,0.2960,0.2937,0.2915,0.2892,0.2870,0.2848,0.2826,0.2805,0.2783,0.2762,0.2740,0.2719,0.2698,0.2677,0.2656,0.2635,0.2615,0.2594,0.2574,0.2554,0.2534,0.2514,0.2494,0.2474,0.2454,0.2435,0.2415,0.2396,0.2377,0.2358,0.2339,0.2320,0.2301,0.2283,0.2264,0.2246,0.2227,0.2209,0.2191,0.2173,0.2155,0.2138,0.2120,0.2103,0.2085,0.2068,0.2051,0.2034,0.2017,0.2000,0.1983,0.1966,0.1950,0.1933,0.1917,0.1900,0.1884,0.1868,0.1852,0.1836,0.1820,0.1805,0.1789,0.1774,0.1758,0.1743,0.1727,0.1712,0.1697,0.1682,0.1667,0.1653,0.1638,0.1623,0.1609,0.1594,0.1580,0.1565,0.1551,0.1537,0.1523,0.1509,0.1495,0.1481,0.1468,0.1454,0.1440,0.1427,0.1413,0.1400,0.1387,0.1374,0.1360,0.1347,0.1334,0.1322,0.1309,0.1296,0.1283,0.1271,0.1258,0.1246,0.1233,0.1221,0.1209,0.1197,0.1184,0.1172,0.1160,0.1148,0.1137,0.1125,0.1113,0.1101,0.1090,0.1078,0.1067,0.1055,0.1044,0.1033,0.1021,0.1010,0.0999,0.0988,0.0977,0.0966,0.0955,0.0945,0.0934,0.0923,0.0912,0.0902,0.0891,0.0881,0.0870,0.0860,0.0850,0.0839,0.0829,0.0819,0.0809,0.0799,0.0789,0.0779,0.0769,0.0759,0.0749,0.0740,0.0730,0.0720,0.0711,0.0701,0.0692,0.0682,0.0673,0.0664,0.0654,0.0645,0.0636,0.0627,0.0617,0.0608,0.0599,0.0590,0.0581,0.0572,0.0564,0.0555,0.0546,0.0537,0.0529,0.0520,0.0511,0.0503,0.0494,0.0486,0.0477,0.0469,0.0461,0.0452,0.0444,0.0436,0.0427,0.0419,0.0411,0.0403,0.0395,0.0387,0.0379,0.0371,0.0363,0.0355,0.0347,0.0340,0.0332,0.0324,0.0317,0.0309,0.0301,0.0294,0.0286,0.0279,0.0271,0.0264,0.0256,0.0249,0.0242,0.0234,0.0227,0.0220,0.0212,0.0205,0.0198,0.0191,0.0184,0.0177,0.0170,0.0163,0.0156,0.0149,0.0142,0.0135,0.0128,0.0121,0.0115,0.0108,0.0101,0.0094,0.0088,0.0081,0.0075,0.0068,0.0061,0.0055,0.0048,0.0042,0.0035,0.0029,0.0023,0.0016,0.0010,0.0004,6.2829,6.2823,6.2817,6.2810,6.2804,6.2798,6.2792,6.2786,6.2780,6.2774,6.2768,6.2762,6.2756,6.2750,6.2744,6.2738,6.2732,6.2726,6.2720,6.2714,6.2709,6.2703,6.2697,6.2691,6.2686,6.2680,6.2674,6.2669,6.2663,6.2657,6.2652,6.2646,6.2641,6.2635,6.2630,6.2624,6.2619,6.2613,6.2608,6.2603,6.2597,6.2592,6.2586,6.2581,6.2576,6.2571,6.2565,6.2560,6.2555,6.2550,6.2545,6.2539,6.2534,6.2529,6.2524,6.2519,6.2514,6.2509,6.2504,6.2499,6.2494,6.2489,6.2484,6.2479,6.2474,6.2469,6.2464,6.2460,6.2455,6.2450,6.2445,6.2440,6.2436,6.2431,6.2426,6.2421,6.2417,6.2412,6.2407,6.2403,6.2398,6.2393,6.2389,6.2384,6.2380,6.2375,6.2371,6.2366,6.2362,6.2357,6.2353,6.2348,6.2344,6.2339,6.2335,6.2330,6.2326,6.2322,6.2317,6.2313,6.2309,6.2304,6.2300,6.2296,6.2292,6.2287,6.2283,6.2279,6.2275,6.2270,6.2266,6.2262,6.2258,6.2254,6.2250,6.2246,6.2241,6.2237,6.2233,6.2229,6.2225,6.2221,6.2217,6.2213,6.2209,6.2205,6.2201,6.2197,6.2193,6.2189,6.2185,6.2181,6.2178,6.2174,6.2170,6.2166,6.2162,6.2158,6.2155,6.2151,6.2147,6.2143,6.2139,6.2136,6.2132,6.2128,6.2124,6.2121,6.2117,6.2113,6.2110,6.2106,6.2102,6.2099,6.2095,6.2091,6.2088,6.2084,6.2081,6.2077,6.2073,6.2070,6.2066,6.2063,6.2059,6.2056,6.2052,6.2049,6.2045,6.2042,6.2038,6.2035,6.2031,6.2028,6.2025,6.2021,6.2018,6.2014,6.2011,6.2008,6.2004,6.2001,6.1998,6.1994,6.1991,6.1988,6.1984,6.1981,6.1978,6.1975,6.1971,6.1968,6.1965,6.1962,6.1958,6.1955,6.1952,6.1949,6.1945,6.1942,6.1939,6.1936,6.1933,6.1930,6.1927,6.1923,6.1920,6.1917,6.1914,6.1911,6.1908,6.1905,6.1902,6.1899,6.1896,6.1893,6.1890,6.1887,6.1884,6.1881,6.1878,6.1875,6.1872,6.1869,6.1866,6.1863,6.1860,6.1857,6.1854,6.1851,6.1848,6.1845,6.1842,6.1839,6.1836,6.1834,6.1831,6.1828,6.1825,6.1822,6.1819,6.1816,6.1814,6.1811,6.1808,6.1805,6.1802,6.1800,6.1797,6.1794,6.1791,6.1788,6.1786,6.1783,6.1780,6.1778,6.1775,6.1772,6.1769,6.1767,6.1764,6.1761,6.1759,6.1756,6.1753,6.1751,6.1748,6.1745,6.1743,6.1740,6.1737,6.1735,6.1732,6.1730,6.1727,6.1724,6.1722,6.1719,6.1717,6.1714,6.1712,6.1709,6.1706,6.1704,6.1701,6.1699,6.1696,6.1694,6.1691,6.1689,6.1686,6.1684,6.1681,6.1679,6.1676,6.1674,6.1671,6.1669,6.1666,6.1127,6.1089,6.1050,6.1011,6.0972,6.0932,6.0892,6.0852,6.0811,6.0770,6.0728,6.0686,6.0644,6.0601,6.0558,6.0515,6.0471,6.0426,6.0382,6.0336,6.0291,6.0245,6.0198,6.0151,6.0104,6.0056,6.0008,5.9959,5.9910,5.9860,5.9810,5.9760,5.9709,5.9657,5.9605,5.9553,5.9500,5.9447,5.9393,5.9338,5.9284,5.9228,5.9173,5.9116,5.9059,5.9002,5.8944,5.8886,5.8827,5.8768,5.8708,5.8648,5.8587,5.8526,5.8464,5.8402,5.8339,5.8276,5.8212,5.8148,5.8084,5.8018,5.7953,5.7887,5.7820,5.7753,5.7685,5.7617,5.7549,5.7480,5.7411,5.7341,5.7271,5.7200,5.7129,5.7057,5.6985,5.6913,5.6840,5.6767,5.6694,5.6620,5.6546,5.6471,5.6396,5.6321,5.6246,5.6170,5.6094,5.6018,5.5941,5.5864,5.5787,5.5710,5.5632,5.5554,5.5476,5.5398,5.5320,5.5242,5.5163,5.5085,5.5006,5.4927,5.4848,5.4769,5.4690,5.4612,5.4533,5.4454,5.4375,5.4296,5.4217,5.4138,5.4060,5.3981,5.3903,5.3824,5.3746,5.3668,5.3590,5.3513,5.3435,5.3358,5.3281,5.3205,5.3128,5.3052,5.2976,5.2901,5.2825,5.2750,5.2676,5.2601,5.2528,5.2454,5.2381,5.2308,5.2236,5.2164,5.2092,5.2021,5.1950,5.1880,5.1810,5.1740,5.1671,5.1603,5.1535,5.1467,5.1400,5.1333,5.1267,5.1201,5.1136,5.1071,5.1007,5.0943,5.0880,5.0817,5.0754,5.0693,5.0631,5.0570,5.0510,5.0450,5.0391,5.0332,5.0274,5.0216,5.0159,5.0102,5.0046,4.9990,4.9935,4.9880,4.9825,4.9771,4.9718,4.9665,4.9613,4.9561,4.9509,4.9458,4.9408,4.9358,4.9308,4.9259,4.9210,4.9162,4.9114,4.9067,4.9048,\right]
running path!
LQR:computing forwards angle
LQR:using forwards angle
lin/ang/drive_left/drive_right/tv_l/tv_r/av_l/av_r/x/y/theta/tx/ty/ttheta: 0.12085 0.17096 0.00004 -0.00004 0.00000 0.00000 0.00050 -0.00017 -57.17300 46.60000 0.00219 -57.17300 46.60000 0.00000
target: 0.12085 0.02280
target: 0.00000 -0.00004
fb: 0.00000 -0.00032 0.52214 0.83795
fb: 0.00000 0.00000 0.52214 0.83795
LQR:using forwards angle
lin/ang/drive_left/drive_right/tv_l/tv_r/av_l/av_r/x/y/theta/tx/ty/ttheta: 0.12085 0.17114 -0.00000 0.00000 0.00000 0.00000 0.33247 0.42022 -57.17300 46.60000 0.00084 -57.17300 46.60000 0.00000
target: 0.12085 0.02282
target: 0.00000 -0.00001
fb: -0.00000 0.00023 0.11491 0.15748
fb: 0.00396 0.00294 0.11491 0.15748
LQR:using forwards angle
lin/ang/drive_left/drive_right/tv_l/tv_r/av_l/av_r/x/y/theta/tx/ty/ttheta: 0.12066 0.16932 0.00102 0.00690 0.00000 0.00000 0.19197 0.22844 -57.16988 46.60000 0.01445 -57.17300 46.60000 0.00000
target: 0.12066 0.02258
target: -0.00020 -0.00026
fb: 0.00395 0.00201 0.11575 0.15470
fb: 0.03089 -0.00100 0.11575 0.15470
LQR:using forwards angle
lin/ang/drive_left/drive_right/tv_l/tv_r/av_l/av_r/x/y/theta/tx/ty/ttheta: 0.11913 0.16875 0.03189 0.02989 0.00000 0.00000 0.11497 0.15397 -57.14556 46.60001 0.01877 -57.17300 46.60000 0.00000
target: 0.11913 0.02250
target: -0.00172 -0.00033
fb: 0.08339 0.00590 0.10814 0.14892
fb: 0.09507 0.00408 0.10814 0.14892
lin/ang/drive_left/drive_right/tv_l/tv_r/av_l/av_r/x/y/theta/tx/ty/ttheta: 0.18924 0.29202 0.09098 0.09915 0.08572 0.11999 0.10300 0.14067 -57.07071 46.60006 0.06164 -57.07327 46.60017 0.20192
target: 0.18924 0.03894
target: 0.08560 0.01783
fb: 0.07743 0.00200 0.34884 0.61808
fb: 0.07765 0.00263 0.34884 0.61808
lin/ang/drive_left/drive_right/tv_l/tv_r/av_l/av_r/x/y/theta/tx/ty/ttheta: 0.20851 0.34206 0.07502 0.08029 0.12085 0.17125 0.27942 0.45069 -57.00956 46.60014 0.08156 -56.97354 46.60070 0.40633
target: 0.20851 0.04561
target: 0.12256 0.02742
fb: 0.10282 0.00036 0.18157 0.34583
fb: 0.13769 0.00024 0.18157 0.34583
lin/ang/drive_left/drive_right/tv_l/tv_r/av_l/av_r/x/y/theta/tx/ty/ttheta: 0.23866 0.42114 0.13745 0.13793 0.14757 0.21167 0.19864 0.36567 -56.90114 46.60030 0.08415 -56.87382 46.60159 0.61325
target: 0.23866 0.05616
target: 0.14886 0.03614
fb: 0.21335 0.00713 0.21166 0.44167
fb: 0.25386 0.02454 0.21166 0.44167
lin/ang/drive_left/drive_right/tv_l/tv_r/av_l/av_r/x/y/theta/tx/ty/ttheta: 0.27714 0.53599 0.22932 0.27840 0.18936 0.27832 0.20156 0.40944 -56.70126 46.60075 0.22022 -56.67438 46.60446 1.03473
target: 0.27714 0.07147
target: 0.19063 0.05045
fb: 0.23832 0.03187 0.22440 0.53961
fb: 0.24400 0.03828 0.22440 0.53961
lin/ang/drive_left/drive_right/tv_l/tv_r/av_l/av_r/x/y/theta/tx/ty/ttheta: 0.31010 0.63038 0.20572 0.28228 0.22271 0.33538 0.20842 0.49128 -56.50913 46.60198 0.52162 -56.47498 46.60881 1.46659
target: 0.31010 0.08406
target: 0.22433 0.06140
fb: 0.26138 0.04599 0.21979 0.52525
fb: 0.29065 0.05930 0.21979 0.52525
lin/ang/drive_left/drive_right/tv_l/tv_r/av_l/av_r/x/y/theta/tx/ty/ttheta: 0.32809 0.68316 0.23134 0.34995 0.25102 0.38728 0.20311 0.48492 -56.28030 46.60493 0.97403 -56.27561 46.61468 1.90905
target: 0.32809 0.09110
target: 0.25125 0.06941
fb: 0.31174 0.07130 0.18766 0.43936
fb: 0.30770 0.07557 0.18766 0.43936
lin/ang/drive_left/drive_right/tv_l/tv_r/av_l/av_r/x/y/theta/tx/ty/ttheta: 0.35240 0.73435 0.23213 0.38327 0.27586 0.43599 0.18069 0.43292 -56.03807 46.61035 1.60505 -56.07630 46.62211 2.36232
target: 0.35240 0.09793
target: 0.27407 0.07402
fb: 0.33106 0.07830 0.22241 0.48412
fb: 0.34847 0.08215 0.22241 0.48412
lin/ang/drive_left/drive_right/tv_l/tv_r/av_l/av_r/x/y/theta/tx/ty/ttheta: 0.38468 0.83193 0.26632 0.43062 0.30848 0.50531 0.21047 0.45925 -55.76384 46.61962 2.29447 -55.77747 46.63626 3.06291
target: 0.38468 0.11094
target: 0.30786 0.08490
fb: 0.38154 0.08706 0.22430 0.58398
fb: 0.44350 0.09345 0.22430 0.58398
lin/ang/drive_left/drive_right/tv_l/tv_r/av_l/av_r/x/y/theta/tx/ty/ttheta: 0.41458 0.95716 0.35005 0.53694 0.34574 0.59364 0.21319 0.54036 -55.41502 46.63596 3.07004 -55.37935 46.66093 4.03665
target: 0.41458 0.12764
target: 0.34749 0.10216
fb: 0.42006 0.09989 0.19020 0.62449
fb: 0.46083 0.10696 0.19020 0.62449
lin/ang/drive_left/drive_right/tv_l/tv_r/av_l/av_r/x/y/theta/tx/ty/ttheta: 0.43632 1.03260 0.35387 0.56779 0.37025 0.65813 0.19081 0.57972 -55.05285 46.65839 3.95881 -55.08107 46.68395 4.79735
target: 0.43632 0.13770
target: 0.36900 0.10973
fb: 0.53049 0.11696 0.19427 0.56721
fb: 0.50702 0.12913 0.19427 0.56721
lin/ang/drive_left/drive_right/tv_l/tv_r/av_l/av_r/x/y/theta/tx/ty/ttheta: 0.46413 1.14868 0.37789 0.63615 0.39945 0.74277 0.18875 0.55064 -54.65484 46.68948 5.01618 -54.68390 46.72095 5.85297
target: 0.46413 0.15318
target: 0.39821 0.12281
fb: 0.51112 0.14077 0.18790 0.65400
fb: 0.51877 0.14863 0.18790 0.65400
lin/ang/drive_left/drive_right/tv_l/tv_r/av_l/av_r/x/y/theta/tx/ty/ttheta: 0.48392 1.22094 0.37014 0.66740 0.42551 0.82639 0.18222 0.60456 -54.24834 46.72950 6.25962 -54.28749 46.76541 6.95640
target: 0.48392 0.16281
target: 0.42386 0.13288
fb: 0.54762 0.15399 0.18731 0.60084
fb: 0.59215 0.16122 0.18731 0.60084
lin/ang/drive_left/drive_right/tv_l/tv_r/av_l/av_r/x/y/theta/tx/ty/ttheta: 0.51311 1.36503 0.43093 0.75337 0.45462 0.92964 0.18153 0.59289 -53.78549 46.78576 7.61398 -53.79333 46.83200 8.40311
target: 0.51311 0.18203
target: 0.45454 0.15036
fb: 0.57466 0.16898 0.16828 0.73162
fb: 0.58057 0.17396 0.16828 0.73162
lin/ang/drive_left/drive_right/tv_l/tv_r/av_l/av_r/x/y/theta/tx/ty/ttheta: 0.53616 1.47590 0.40661 0.75452 0.48068 1.03095 0.16753 0.66989 -53.33322 46.85225 9.08744 -53.30104 46.91136 9.92361
target: 0.53616 0.19681
target: 0.48262 0.16657
fb: 0.61540 0.17819 0.16451 0.70154
fb: 0.57277 0.18409 0.16451 0.70154
lin/ang/drive_left/drive_right/tv_l/tv_r/av_l/av_r/x/y/theta/tx/ty/ttheta: 0.55337 1.52198 0.38868 0.75686 0.49975 1.10982 0.16511 0.64953 -52.88885 46.92921 10.64404 -52.90884 46.98443 11.19117
target: 0.55337 0.20296
target: 0.49930 0.17224
fb: 0.62302 0.19369 0.19245 0.63706
fb: 0.69665 0.20327 0.19245 0.63706
lin/ang/drive_left/drive_right/tv_l/tv_r/av_l/av_r/x/y/theta/tx/ty/ttheta: 0.58145 1.67505 0.49338 0.89992 0.52599 1.22235 0.18461 0.61667 -52.35127 47.03828 12.34964 -52.32383 47.11063 13.17148
target: 0.58145 0.22337
target: 0.52799 0.19485
fb: 0.68886 0.21087 0.15033 0.80315
fb: 0.72943 0.21117 0.15033 0.80315
lin/ang/drive_left/drive_right/tv_l/tv_r/av_l/av_r/x/y/theta/tx/ty/ttheta: 0.59534 1.72185 0.51826 0.94060 0.54612 1.30835 0.16186 0.70547 -51.79227 47.17011 14.16299 -51.83991 47.23150 14.88544
target: 0.59534 0.22961
target: 0.54465 0.20578
fb: 0.71796 0.20980 0.17230 0.66643
fb: 0.70050 0.21744 0.17230 0.66643
lin/ang/drive_left/drive_right/tv_l/tv_r/av_l/av_r/x/y/theta/tx/ty/ttheta: 0.62121 1.82579 0.48307 0.91794 0.56868 1.39820 0.17353 0.63583 -51.25971 47.31363 15.99867 -51.26428 47.39590 17.00221
target: 0.62121 0.24347
target: 0.56955 0.22620
fb: 0.75073 0.23052 0.17986 0.79065
fb: 0.73122 0.24169 0.17986 0.79065
lin/ang/drive_left/drive_right/tv_l/tv_r/av_l/av_r/x/y/theta/tx/ty/ttheta: 0.64229 1.86951 0.48953 0.97292 0.58994 1.46872 0.17900 0.68083 -50.70902 47.48161 18.02761 -50.69508 47.58171 19.16084
target: 0.64229 0.24930
target: 0.59204 0.24110
fb: 0.64774 0.24946 0.21097 0.73610
fb: 0.72138 0.25839 0.21097 0.73610
lin/ang/drive_left/drive_right/tv_l/tv_r/av_l/av_r/x/y/theta/tx/ty/ttheta: 0.65583 1.79725 0.46298 0.97977 0.60698 1.50916 0.21028 0.66972 -50.17258 47.66828 20.20966 -50.22629 47.75295 20.96971
target: 0.65583 0.23966
target: 0.60598 0.23983
fb: 0.76985 0.26843 0.28472 0.60704
fb: 0.75433 0.27560 0.28472 0.60704
lin/ang/drive_left/drive_right/tv_l/tv_r/av_l/av_r/x/y/theta/tx/ty/ttheta: 0.68020 1.71037 0.47873 1.02994 0.62697 1.53200 0.26897 0.62128 -49.61960 47.88500 22.54719 -49.67105 47.97783 23.12195
target: 0.68020 0.22808
target: 0.62641 0.24042
fb: 0.79313 0.27915 0.36681 0.64513
fb: 0.79886 0.27747 0.36681 0.64513
lin/ang/drive_left/drive_right/tv_l/tv_r/av_l/av_r/x/y/theta/tx/ty/ttheta: 0.70067 1.57737 0.52138 1.07633 0.64682 1.52399 0.33775 0.62472 -49.04388 48.13832 24.93881 -49.12438 48.22324 25.21810
target: 0.70067 0.21034
target: 0.64506 0.23379
fb: 0.78145 0.27405 0.41152 0.58432
fb: 0.79492 0.27356 0.41152 0.58432
lin/ang/drive_left/drive_right/tv_l/tv_r/av_l/av_r/x/y/theta/tx/ty/ttheta: 0.73605 1.41506 0.52136 1.06849 0.67037 1.47404 0.39217 0.58383 -48.48202 48.41409 27.29172 -48.49795 48.53411 27.54099
target: 0.73605 0.18870
target: 0.67231 0.22713
fb: 0.74263 0.27301 0.53786 0.62514
fb: 0.78922 0.26575 0.53786 0.62514
lin/ang/drive_left/drive_right/tv_l/tv_r/av_l/av_r/x/y/theta/tx/ty/ttheta: 0.76712 1.15516 0.52347 1.05497 0.69143 1.39736 0.48542 0.59972 -47.93621 48.71113 29.60658 -47.97087 48.82001 29.38493
target: 0.76712 0.15404
target: 0.69255 0.20522
fb: 0.87270 0.25312 0.64200 0.51106
fb: 0.84369 0.23659 0.64200 0.51106
lin/ang/drive_left/drive_right/tv_l/tv_r/av_l/av_r/x/y/theta/tx/ty/ttheta: 0.79644 0.90492 0.60709 1.08028 0.71386 1.29224 0.59219 0.52856 -47.36496 49.05019 31.71071 -47.45267 49.12206 31.05924
target: 0.79644 0.12067
target: 0.71211 0.17972
fb: 0.85929 0.21352 0.66990 0.49463
fb: 0.82286 0.18480 0.66990 0.49463
lin/ang/drive_left/drive_right/tv_l/tv_r/av_l/av_r/x/y/theta/tx/ty/ttheta: 0.85362 0.65414 0.63806 1.00765 0.74275 1.13912 0.61856 0.49400 -46.81903 49.39909 33.42214 -46.85863 49.49232 32.76476
target: 0.85362 0.08723
target: 0.74361 0.15722
fb: 0.91025 0.15277 0.85209 0.61635
fb: 0.96851 0.12564 0.85209 0.61635
lin/ang/drive_left/drive_right/tv_l/tv_r/av_l/av_r/x/y/theta/tx/ty/ttheta: 0.93216 0.43342 0.84287 1.09415 0.77613 0.96029 0.70925 0.56792 -46.18704 49.82588 34.61835 -46.27472 49.87875 34.17769
target: 0.93216 0.05780
target: 0.77414 0.13711
fb: 0.94753 0.10014 0.98684 0.74699
fb: 0.91857 0.08124 0.98684 0.74699
lin/ang/drive_left/drive_right/tv_l/tv_r/av_l/av_r/x/y/theta/tx/ty/ttheta: 1.06174 0.16730 0.83733 0.99982 0.82333 0.73375 0.60931 0.69297 -45.59466 50.24088 35.39768 -45.61769 50.33593 35.41739
target: 1.06174 0.02231
target: 0.82504 0.11783
fb: 0.95358 0.06205 1.34434 0.96928
fb: 1.07990 0.05493 1.34434 0.96928
lin/ang/drive_left/drive_right/tv_l/tv_r/av_l/av_r/x/y/theta/tx/ty/ttheta: 1.16775 -0.17190 1.02497 1.13484 0.88844 0.49146 0.68375 0.78967 -44.90379 50.73659 35.90034 -44.96888 50.80507 36.25741
target: 1.16775 -0.02292
target: 0.88785 0.09498
fb: 1.04882 0.05415 1.38625 0.81388
fb: 1.01374 0.05237 1.38625 0.81388
lin/ang/drive_left/drive_right/tv_l/tv_r/av_l/av_r/x/y/theta/tx/ty/ttheta: 1.24770 -0.51352 0.96137 1.06612 0.98832 0.23299 0.85264 0.67997 -44.25911 51.20728 36.35805 -44.32528 51.28161 36.71464
target: 1.24770 -0.06848
target: 0.98788 0.06196
fb: 1.04686 0.04878 1.34867 0.69124
fb: 1.11289 0.04007 1.34867 0.69124
lin/ang/drive_left/drive_right/tv_l/tv_r/av_l/av_r/x/y/theta/tx/ty/ttheta: 1.31154 -0.89588 1.07281 1.15296 1.09216 -0.09427 0.88719 0.68239 -43.55527 51.72929 36.73984 -43.60371 51.82135 36.80813
target: 1.31154 -0.11947
target: 1.09293 0.01110
fb: 1.19439 0.02673 1.38403 0.57025
fb: 1.16934 0.01257 1.38403 0.57025
lin/ang/drive_left/drive_right/tv_l/tv_r/av_l/av_r/x/y/theta/tx/ty/ttheta: 1.35751 -1.25789 1.15678 1.18191 1.17704 -0.42936 0.90839 0.59681 -42.81836 52.28132 36.90866 -42.88100 52.35980 36.50731
target: 1.35751 -0.16774
target: 1.17690 -0.04804
fb: 1.17322 -0.00568 1.35192 0.48426
fb: 1.14247 -0.02578 1.35192 0.48426
lin/ang/drive_left/drive_right/tv_l/tv_r/av_l/av_r/x/y/theta/tx/ty/ttheta: 1.39367 -1.55942 1.16825 1.11670 1.24814 -0.74516 0.92261 0.50922 -42.09865 52.82101 36.77350 -42.15378 52.89234 35.87140
target: 1.39367 -0.20795
target: 1.24807 -0.10789
fb: 1.17374 -0.04499 1.31222 0.46934
fb: 1.37733 -0.06431 1.31222 0.46934
lin/ang/drive_left/drive_right/tv_l/tv_r/av_l/av_r/x/y/theta/tx/ty/ttheta: 1.43344 -1.89106 1.44163 1.31302 1.31077 -1.07339 0.92931 0.47533 -41.22745 53.46689 36.30392 -41.25489 53.52948 34.72731
target: 1.43344 -0.25217
target: 1.31148 -0.17811
fb: 1.34636 -0.08158 1.41067 0.44040
fb: 1.28074 -0.10176 1.41067 0.44040
lin/ang/drive_left/drive_right/tv_l/tv_r/av_l/av_r/x/y/theta/tx/ty/ttheta: 1.46664 -2.13545 1.38250 1.17898 1.35377 -1.30696 0.93594 0.45275 -40.41081 54.05856 35.51615 -40.42530 54.09097 33.42060
target: 1.46664 -0.28476
target: 1.35410 -0.23292
fb: 1.35259 -0.11760 1.35585 0.46687
fb: 1.34497 -0.12884 1.35585 0.46687
lin/ang/drive_left/drive_right/tv_l/tv_r/av_l/av_r/x/y/theta/tx/ty/ttheta: 1.50421 -2.37757 1.47381 1.21613 1.39374 -1.49551 0.94025 0.45719 -39.54336 54.66606 34.45729 -39.49706 54.68493 31.77901
target: 1.50421 -0.31705
target: 1.39605 -0.28689
fb: 1.31990 -0.14135 1.42006 0.47699
fb: 1.24608 -0.15476 1.42006 0.47699
lin/ang/drive_left/drive_right/tv_l/tv_r/av_l/av_r/x/y/theta/tx/ty/ttheta: 1.52697 -2.48812 1.40084 1.09132 1.42329 -1.60189 0.94108 0.46917 -38.72856 55.21266 33.18499 -38.72465 55.15018 30.33327
target: 1.52697 -0.33179
target: 1.42182 -0.31650
fb: 1.35496 -0.16652 1.27191 0.51305
fb: 1.45985 -0.17563 1.27191 0.51305
lin/ang/drive_left/drive_right/tv_l/tv_r/av_l/av_r/x/y/theta/tx/ty/ttheta: 1.55636 -2.68095 1.63548 1.28422 1.46030 -1.68700 0.95169 0.50408 -37.75890 55.82993 31.71490 -37.67653 55.73924 28.33187
target: 1.55636 -0.35751
target: 1.46136 -0.35977
fb: 1.34915 -0.18439 1.40422 0.46770
fb: 1.40350 -0.19420 1.40422 0.46770
lin/ang/drive_left/drive_right/tv_l/tv_r/av_l/av_r/x/y/theta/tx/ty/ttheta: 1.56647 -2.77113 1.59770 1.20930 1.49304 -1.71911 0.96181 0.47842 -36.81054 56.39724 30.08826 -36.69804 56.24654 26.47847
target: 1.56194 -0.36846
target: 1.49407 -0.38622
fb: 1.43668 -0.20549 1.22094 0.44187
fb: 1.34564 -0.21983 1.22094 0.44187
lin/ang/drive_left/drive_right/tv_l/tv_r/av_l/av_r/x/y/theta/tx/ty/ttheta: 1.57322 -2.76536 1.56547 1.12582 1.52253 -1.71922 0.96231 0.45825 -35.88569 56.91420 28.26084 -35.79473 56.68018 24.81379
target: 1.56384 -0.36656
target: 1.52108 -0.39469
fb: 1.46401 -0.23137 1.12642 0.50504
fb: 1.45636 -0.23976 1.12642 0.50504
lin/ang/drive_left/drive_right/tv_l/tv_r/av_l/av_r/x/y/theta/tx/ty/ttheta: 1.58297 -2.72923 1.69612 1.21660 1.55228 -1.69272 0.96008 0.49058 -34.86686 57.44041 26.23657 -34.78719 57.12703 23.03189
target: 1.56954 -0.36086
target: 1.53596 -0.39444
fb: 1.38073 -0.24435 1.11820 0.55281
fb: 1.36905 -0.24568 1.11820 0.55281
lin/ang/drive_left/drive_right/tv_l/tv_r/av_l/av_r/x/y/theta/tx/ty/ttheta: 1.59519 -2.64698 1.61474 1.12337 1.56105 -1.62689 0.96044 0.53781 -33.89170 57.89981 24.13105 -33.76651 57.54293 21.32047
target: 1.58064 -0.34976
target: 1.54534 -0.38506
fb: 1.36334 -0.24954 1.10523 0.62468
fb: 1.45052 -0.25191 1.10523 0.62468
lin/ang/drive_left/drive_right/tv_l/tv_r/av_l/av_r/x/y/theta/tx/ty/ttheta: 1.60428 -2.51813 1.70243 1.19860 1.57092 -1.55287 0.96436 0.59597 -32.84087 58.34716 21.97648 -32.73414 57.92890 19.69136
target: 1.59628 -0.33412
target: 1.56038 -0.37002
fb: 1.47568 -0.25182 1.09154 0.69374
fb: 1.52049 -0.25585 1.09154 0.69374
lin/ang/drive_left/drive_right/tv_l/tv_r/av_l/av_r/x/y/theta/tx/ty/ttheta: 1.61612 -2.38030 1.77634 1.26464 1.58230 -1.46756 0.96367 0.66492 -31.72236 58.77398 19.79522 -31.59629 58.31723 18.01491
target: 1.61350 -0.31690
target: 1.57803 -0.35237
fb: 1.52647 -0.25817 1.08159 0.73393
fb: 1.44111 -0.26478 1.08159 0.73393
lin/ang/drive_left/drive_right/tv_l/tv_r/av_l/av_r/x/y/theta/tx/ty/ttheta: 1.62571 -2.14622 1.70589 1.17633 1.59287 -1.38831 0.95942 0.71164 -30.64765 59.13797 17.54831 -30.54400 58.64470 16.57228
target: 1.62571 -0.28620
target: 1.59051 -0.32141
fb: 1.36922 -0.26916 0.95616 0.82568
fb: 1.51663 -0.26949 0.95616 0.82568
lin/ang/drive_left/drive_right/tv_l/tv_r/av_l/av_r/x/y/theta/tx/ty/ttheta: 1.63668 -1.88004 1.78612 1.24715 1.60422 -1.30317 0.83158 0.78881 -29.50174 59.47390 15.23394 -29.38738 58.97259 15.09953
target: 1.63668 -0.25070
target: 1.60321 -0.28418
fb: 1.46432 -0.26522 0.89491 0.88594
fb: 1.44282 -0.24368 0.89491 0.88594
lin/ang/drive_left/drive_right/tv_l/tv_r/av_l/av_r/x/y/theta/tx/ty/ttheta: 1.64424 -1.57230 1.68651 1.19914 1.61428 -1.22777 0.82303 0.80489 -28.39971 59.74976 13.04735 -28.32034 59.24780 13.83864
target: 1.64424 -0.20967
target: 1.61257 -0.24133
fb: 1.52609 -0.22713 0.81281 0.94430
fb: 1.44655 -0.21519 0.81281 0.94430
lin/ang/drive_left/drive_right/tv_l/tv_r/av_l/av_r/x/y/theta/tx/ty/ttheta: 1.65636 -1.31546 1.66174 1.23135 1.62473 -1.14940 0.81961 0.78661 -27.28597 59.98817 11.14684 -27.14997 59.52207 12.55508
target: 1.65636 -0.17542
target: 1.62678 -0.20500
fb: 1.53559 -0.19944 0.84888 0.96069
fb: 1.50059 -0.18022 0.84888 0.96069
lin/ang/drive_left/drive_right/tv_l/tv_r/av_l/av_r/x/y/theta/tx/ty/ttheta: 1.66032 -1.07507 1.68081 1.32037 1.63377 -1.08161 0.82681 0.76569 -26.12363 60.20030 9.51558 -26.07221 59.75116 11.45750
target: 1.66032 -0.14336
target: 1.63265 -0.17103
fb: 1.44221 -0.16558 0.79823 0.94146
fb: 1.42866 -0.15578 0.79823 0.94146
lin/ang/drive_left/drive_right/tv_l/tv_r/av_l/av_r/x/y/theta/tx/ty/ttheta: 1.67219 -0.88054 1.58444 1.27288 1.64301 -1.01232 0.80833 0.73439 -25.01206 60.37303 8.13481 -24.89191 59.97828 10.34014
target: 1.67219 -0.11742
target: 1.64599 -0.14361
fb: 1.46169 -0.14596 0.85265 0.96931
fb: 1.56797 -0.13539 0.85265 0.96931
lin/ang/drive_left/drive_right/tv_l/tv_r/av_l/av_r/x/y/theta/tx/ty/ttheta: 1.67756 -0.71055 1.70336 1.43257 1.65159 -0.94793 0.83142 0.78008 -23.78807 60.53458 6.92596 -23.70763 60.18314 9.29986
target: 1.67756 -0.09475
target: 1.65337 -0.11895
fb: 1.52529 -0.12279 0.82514 0.94337
fb: 1.50205 -0.11511 0.82514 0.94337
lin/ang/drive_left/drive_right/tv_l/tv_r/av_l/av_r/x/y/theta/tx/ty/ttheta: 1.68477 -0.57095 1.61715 1.38694 1.65954 -0.88832 0.82133 0.76964 -22.61275 60.66649 5.90380 -22.52000 60.36719 8.33031
target: 1.68477 -0.07614
target: 1.66245 -0.09845
fb: 1.59312 -0.10746 0.84425 0.94744
fb: 1.54849 -0.09896 0.84425 0.94744
lin/ang/drive_left/drive_right/tv_l/tv_r/av_l/av_r/x/y/theta/tx/ty/ttheta: 1.68969 -0.45328 1.64745 1.44952 1.66688 -0.83327 0.82150 0.91747 -21.39902 60.78267 5.01687 -21.32958 60.53180 7.42554
target: 1.68969 -0.06044
target: 1.66912 -0.08101
fb: 1.49194 -0.09079 0.83964 0.93603
fb: 1.59667 -0.07746 0.83964 0.93603
lin/ang/drive_left/drive_right/tv_l/tv_r/av_l/av_r/x/y/theta/tx/ty/ttheta: 1.69230 -0.36835 1.67413 1.51921 1.67365 -0.78251 0.81994 0.83281 -20.14592 60.88428 4.29395 -20.13685 60.67821 6.58001
target: 1.69230 -0.04912
target: 1.67335 -0.06807
fb: 1.53081 -0.06340 0.84648 0.91089
fb: 1.38531 -0.05444 0.84648 0.91089
lin/ang/drive_left/drive_right/tv_l/tv_r/av_l/av_r/x/y/theta/tx/ty/ttheta: 1.69722 -0.32726 1.43975 1.33086 1.67939 -0.73948 0.82064 0.84219 -19.05784 60.96102 3.78761 -19.04183 60.79741 5.85264
target: 1.69722 -0.04364
target: 1.67964 -0.06122
fb: 1.50926 -0.04913 0.88925 0.89342
fb: 1.67978 -0.04183 0.88925 0.89342
lin/ang/drive_left/drive_right/tv_l/tv_r/av_l/av_r/x/y/theta/tx/ty/ttheta: 1.70136 -0.33030 1.72161 1.63796 1.68564 -0.69263 0.84322 0.85744 -17.73776 61.04370 3.39680 -17.74598 60.92093 5.04680
target: 1.70136 -0.04405
target: 1.68490 -0.06050
fb: 1.70511 -0.03524 0.92333 0.85619
fb: 1.58281 -0.02873 0.92333 0.85619
lin/ang/drive_left/drive_right/tv_l/tv_r/av_l/av_r/x/y/theta/tx/ty/ttheta: 1.70833 -0.37152 1.61154 1.55408 1.69135 -0.64976 0.88822 0.84561 -16.49347 61.11454 3.12196 -16.44866 61.02682 4.29415
target: 1.70833 -0.04954
target: 1.69325 -0.06463
fb: 1.58254 -0.02136 0.97477 0.83672
fb: 1.64673 -0.02202 0.97477 0.83672
lin/ang/drive_left/drive_right/tv_l/tv_r/av_l/av_r/x/y/theta/tx/ty/ttheta: 1.71256 -0.44358 1.66875 1.62470 1.69659 -0.61050 0.91014 0.81942 -15.19865 61.18311 2.93557 -15.15016 61.11622 3.58986
target: 1.71256 -0.05915
target: 1.69872 -0.07299
fb: 1.60989 -0.02489 0.99771 0.79307
fb: 1.70303 -0.02768 0.99771 0.79307
lin/ang/drive_left/drive_right/tv_l/tv_r/av_l/av_r/x/y/theta/tx/ty/ttheta: 1.71438 -0.51335 1.73071 1.67535 1.70139 -0.57451 0.84681 0.80319 -13.85931 61.24917 2.70973 -13.85073 61.19015 2.92959
target: 1.71438 -0.06845
target: 1.70166 -0.08117
fb: 1.64303 -0.03146 0.99424 0.77652
fb: 1.61766 -0.02900 0.99424 0.77652
lin/ang/drive_left/drive_right/tv_l/tv_r/av_l/av_r/x/y/theta/tx/ty/ttheta: 1.71910 -0.57993 1.64667 1.58866 1.70579 -0.54148 0.94297 0.77186 -12.58685 61.30636 2.44996 -12.55060 61.24955 2.30946
target: 1.71910 -0.07733
target: 1.70739 -0.08904
fb: 1.72048 -0.02771 1.01487 0.78632
fb: 1.58853 -0.03217 1.01487 0.78632
lin/ang/drive_left/drive_right/tv_l/tv_r/av_l/av_r/x/y/theta/tx/ty/ttheta: 1.71966 -0.64120 1.62071 1.55636 1.70954 -0.51338 0.90239 0.77839 -11.33707 61.35725 2.19264 -11.35004 61.29226 1.76967
target: 1.71966 -0.08550
target: 1.70881 -0.09636
fb: 1.68941 -0.03749 0.99956 0.76481
fb: 1.76712 -0.04282 0.99956 0.76481
lin/ang/drive_left/drive_right/tv_l/tv_r/av_l/av_r/x/y/theta/tx/ty/ttheta: 1.72328 -0.70390 1.80995 1.72430 1.71356 -0.48322 0.87694 0.76914 -9.94651 61.40663 1.84756 -9.94902 61.32820 1.17613
target: 1.72328 -0.09387
target: 1.71332 -0.10382
fb: 1.68950 -0.05019 1.02364 0.77157
fb: 1.74382 -0.05144 1.02364 0.77157
lin/ang/drive_left/drive_right/tv_l/tv_r/av_l/av_r/x/y/theta/tx/ty/ttheta: 1.72753 -0.74173 1.79525 1.69238 1.71725 -0.45559 0.87456 0.76947 -8.57399 61.44575 1.41093 -8.54776 61.35008 0.61827
target: 1.72753 -0.09891
target: 1.71838 -0.10806
fb: 1.69749 -0.05389 1.01305 0.79175
fb: 1.71869 -0.05677 1.01305 0.79175
lin/ang/drive_left/drive_right/tv_l/tv_r/av_l/av_r/x/y/theta/tx/ty/ttheta: 1.72757 -0.75486 1.77546 1.66193 1.72039 -0.43199 0.95067 0.78025 -7.22097 61.47348 0.93546 -7.24649 61.35852 0.12948
target: 1.72757 -0.10066
target: 1.71910 -0.10913
fb: 1.66620 -0.05996 0.97598 0.79105
fb: 1.71499 -0.06339 0.97598 0.79105
lin/ang/drive_left/drive_right/tv_l/tv_r/av_l/av_r/x/y/theta/tx/ty/ttheta: 1.73250 -0.75760 1.77839 1.65160 1.72352 -0.40855 0.89061 0.78675 -5.87068 61.48912 0.40547 -5.84514 61.35554 359.63192
target: 1.73250 -0.10103
target: 1.72468 -0.10884
fb: 1.77900 -0.06496 0.99223 0.82333
fb: 1.70333 -0.06602 0.99223 0.82333
lin/ang/drive_left/drive_right/tv_l/tv_r/av_l/av_r/x/y/theta/tx/ty/ttheta: 1.73279 -0.73386 1.76934 1.63731 1.72620 -0.38847 0.93425 0.80919 -4.52948 61.49206 -0.15728 -4.54401 61.34218 359.19457
target: 1.73279 -0.09786
target: 1.72553 -0.10512
fb: 1.71107 -0.07039 0.94747 0.82664
fb: 1.78281 -0.07399 0.94747 0.82664
lin/ang/drive_left/drive_right/tv_l/tv_r/av_l/av_r/x/y/theta/tx/ty/ttheta: 1.73487 -0.69392 1.85681 1.70882 1.72887 -0.36846 0.89917 0.81892 -3.12574 61.48057 -0.77764 -3.14298 61.31697 358.74795
target: 1.73487 -0.09253
target: 1.72816 -0.09925
fb: 1.75966 -0.07495 0.93875 0.85344
fb: 1.64315 -0.07244 0.93875 0.85344
lin/ang/drive_left/drive_right/tv_l/tv_r/av_l/av_r/x/y/theta/tx/ty/ttheta: 1.73714 -0.63013 1.71559 1.57071 1.73116 -0.35124 0.89219 0.83606 -1.83217 61.45588 -1.41095 -1.84226 61.28403 358.35421
target: 1.73714 -0.08403
target: 1.73088 -0.09028
fb: 1.75366 -0.06611 0.91389 0.88209
fb: 1.80018 -0.06196 0.91389 0.88209
lin/ang/drive_left/drive_right/tv_l/tv_r/av_l/av_r/x/y/theta/tx/ty/ttheta: 1.73842 -0.58328 1.86214 1.73823 1.73346 -0.33404 0.87986 0.86531 -0.41532 61.41424 -1.96121 -0.44180 61.23882 357.95098
target: 1.73842 -0.07778
target: 1.73249 -0.08372
fb: 1.78471 -0.05856 0.91796 0.87030
fb: 1.79438 -0.05260 0.91796 0.87030
lin/ang/drive_left/drive_right/tv_l/tv_r/av_l/av_r/x/y/theta/tx/ty/ttheta: 1.72972 -0.54599 1.84698 1.74178 1.73558 -0.31810 0.89797 0.86411 0.99654 61.35996 -2.43884 0.95828 61.18400 357.56778
target: 1.72972 -0.07281
target: 1.73413 -0.07854
fb: 1.80405 -0.04775 0.87218 0.81810
fb: 1.85634 -0.05111 0.87218 0.81810
lin/ang/drive_left/drive_right/tv_l/tv_r/av_l/av_r/x/y/theta/tx/ty/ttheta: 1.71034 -0.52093 1.90745 1.80523 1.73769 -0.30228 0.86256 0.82439 2.45666 61.29249 -2.86358 2.45792 61.11515 357.17767
target: 1.71034 -0.06947
target: 1.73817 -0.07514
fb: 1.77670 -0.05314 0.82205 0.75421
fb: 1.77891 -0.05121 0.82205 0.75421
lin/ang/drive_left/drive_right/tv_l/tv_r/av_l/av_r/x/y/theta/tx/ty/ttheta: 1.68625 -0.47574 1.83012 1.72770 1.73952 -0.28859 0.83192 0.76656 3.85534 61.21691 -3.31192 3.85707 61.04190 356.83129
target: 1.68625 -0.06344
target: 1.74008 -0.06924
fb: 1.77117 -0.04803 0.76819 0.74319
fb: 1.80006 -0.04754 0.76819 0.74319
lin/ang/drive_left/drive_right/tv_l/tv_r/av_l/av_r/x/y/theta/tx/ty/ttheta: 1.65801 -0.43377 1.84760 1.75252 1.72974 -0.27401 0.78147 0.74656 5.27003 61.12981 -3.72255 5.25576 60.96038 356.50074
target: 1.65801 -0.05784
target: 1.72958 -0.06359
fb: 1.83888 -0.04456 0.73408 0.71370
fb: 1.78853 -0.03642 0.73408 0.71370
lin/ang/drive_left/drive_right/tv_l/tv_r/av_l/av_r/x/y/theta/tx/ty/ttheta: 1.62862 -0.40401 1.82495 1.75211 1.70824 -0.25869 0.74397 0.72311 6.67505 61.03390 -4.07050 6.65392 60.87099 356.18497
target: 1.62862 -0.05387
target: 1.70779 -0.05927
fb: 1.72053 -0.03320 0.72160 0.68854
fb: 1.75715 -0.03450 0.72160 0.68854
lin/ang/drive_left/drive_right/tv_l/tv_r/av_l/av_r/x/y/theta/tx/ty/ttheta: 1.59638 -0.38568 1.79165 1.72264 1.68384 -0.24404 0.72961 0.69231 8.05488 60.93211 -4.36139 8.05156 60.77406 355.88291
target: 1.59638 -0.05143
target: 1.68425 -0.05653
fb: 1.82908 -0.03239 0.70089 0.65360
fb: 1.68187 -0.02620 0.70089 0.65360
lin/ang/drive_left/drive_right/tv_l/tv_r/av_l/av_r/x/y/theta/tx/ty/ttheta: 1.55743 -0.37027 1.70807 1.65567 1.65816 -0.23094 0.71078 0.66564 9.37512 60.82845 -4.61314 9.34889 60.67760 355.61394
target: 1.55743 -0.04938
target: 1.65750 -0.05436
fb: 1.75729 -0.02071 0.65325 0.60461
fb: 1.84246 -0.02428 0.65325 0.60461
lin/ang/drive_left/drive_right/tv_l/tv_r/av_l/av_r/x/y/theta/tx/ty/ttheta: 1.51258 -0.37775 1.86673 1.81818 1.62426 -0.21630 0.67328 0.62611 10.82099 60.70950 -4.80644 10.84522 60.55889 355.31644
target: 1.51258 -0.05037
target: 1.62600 -0.05515
fb: 1.84448 -0.03144 0.62527 0.53776
fb: 1.71478 -0.03481 0.62527 0.53776
lin/ang/drive_left/drive_right/tv_l/tv_r/av_l/av_r/x/y/theta/tx/ty/ttheta: 1.46323 -0.35312 1.74958 1.67997 1.59048 -0.20391 0.64522 0.58997 12.16620 60.59333 -5.09109 12.14152 60.44985 355.06908
target: 1.46323 -0.04709
target: 1.58992 -0.05172
fb: 1.74369 -0.03272 0.55369 0.52296
fb: 1.79595 -0.02646 0.55369 0.52296
lin/ang/drive_left/drive_right/tv_l/tv_r/av_l/av_r/x/y/theta/tx/ty/ttheta: 1.40314 -0.33619 1.82241 1.76949 1.54858 -0.19076 0.65089 0.57850 13.57447 60.46474 -5.34537 13.53695 60.32630 354.81286
target: 1.40314 -0.04483
target: 1.54742 -0.04937
fb: 1.67984 -0.02140 0.48181 0.44225
fb: 1.72439 -0.02004 0.48181 0.44225
lin/ang/drive_left/drive_right/tv_l/tv_r/av_l/av_r/x/y/theta/tx/ty/ttheta: 1.34027 -0.33743 1.74443 1.70435 1.49970 -0.17766 0.62011 0.54292 14.92615 60.33615 -5.52344 14.93181 60.19663 354.56659
target: 1.34027 -0.04500
target: 1.50060 -0.04938
fb: 1.63104 -0.01754 0.45514 0.38556
fb: 1.64074 -0.01746 0.45514 0.38556
lin/ang/drive_left/drive_right/tv_l/tv_r/av_l/av_r/x/y/theta/tx/ty/ttheta: 1.26319 -0.34063 1.65820 1.62327 1.44652 -0.16539 0.55217 0.50683 16.21191 60.21008 -5.67383 16.22653 60.07096 354.34625
target: 1.26319 -0.04542
target: 1.44786 -0.04984
fb: 1.54587 -0.02149 0.35761 0.28336
fb: 1.58670 -0.02113 0.35761 0.28336
lin/ang/drive_left/drive_right/tv_l/tv_r/av_l/av_r/x/y/theta/tx/ty/ttheta: 1.18343 -0.33263 1.60784 1.56557 1.38906 -0.15380 0.48236 0.42367 17.45495 60.08445 -5.85695 17.42123 59.95061 354.14965
target: 1.18343 -0.04436
target: 1.38812 -0.04873
fb: 1.66407 0.00000 0.29898 0.24378
fb: 1.47786 -0.02817 0.29898 0.24378
lin/ang/drive_left/drive_right/tv_l/tv_r/av_l/av_r/x/y/theta/tx/ty/ttheta: 1.09152 -0.33919 1.50603 1.44970 1.32132 -0.14176 0.42400 0.36394 18.61248 59.96512 -5.97798 18.61549 59.82622 353.95920
target: 1.09152 -0.04523
target: 1.32214 -0.04964
fb: 1.45674 -0.01624 0.21448 0.13348
fb: 1.45273 -0.01857 0.21448 0.13348
lin/ang/drive_left/drive_right/tv_l/tv_r/av_l/av_r/x/y/theta/tx/ty/ttheta: 0.98529 -0.33397 1.47130 1.43416 1.24741 -0.13008 0.34375 0.25425 19.75000 59.84459 -6.12752 19.70985 59.70876 353.78976
target: 0.98529 -0.04454
target: 1.24621 -0.04906
fb: 1.35388 -0.01599 0.09111 -0.13086
fb: 1.31502 -0.01280 0.09111 -0.13086
lin/ang/drive_left/drive_right/tv_l/tv_r/av_l/av_r/x/y/theta/tx/ty/ttheta: 0.89641 -1.62867 1.32782 1.30222 1.15822 -0.11746 0.20464 -0.01264 20.77940 59.73289 -6.25122 20.80382 59.58812 353.62504
target: 0.89641 -0.21718
target: 1.16012 -0.04905
fb: 1.30134 -0.01618 1.32372 -1.29001
fb: 1.19477 -0.01474 1.32372 -1.29001
lin/ang/drive_left/drive_right/tv_l/tv_r/av_l/av_r/x/y/theta/tx/ty/ttheta: 0.86907 -1.68338 1.20951 1.18003 1.06945 -0.10604 0.33778 -0.45928 21.71445 59.62939 -6.38406 21.69865 59.48711 353.49363
target: 0.86907 -0.22448
target: 1.06945 -0.04791
fb: 1.10366 -0.02243 0.60255 0.11963
fb: 1.03205 -0.04161 0.60255 0.11963
lin/ang/drive_left/drive_right/tv_l/tv_r/av_l/av_r/x/y/theta/tx/ty/ttheta: 0.84400 -1.70634 1.07366 0.99043 0.97350 -0.09464 0.57253 0.07239 22.52187 59.53745 -6.65921 22.49385 59.39561 353.37926
target: 0.84400 -0.22754
target: 0.97296 -0.04222
fb: 0.97201 -0.07514 0.57860 0.14073
fb: 0.93941 -0.11530 0.57860 0.14073
lin/ang/drive_left/drive_right/tv_l/tv_r/av_l/av_r/x/y/theta/tx/ty/ttheta: 0.82280 -2.37887 1.05471 0.82410 0.89451 -1.37833 0.57461 0.18822 23.25602 59.44711 -7.47748 23.27509 59.28627 349.56777
target: 0.82280 -0.31722
target: 0.89640 -0.29558
fb: 0.83710 -0.15381 1.18668 -0.61228
fb: 0.82168 -0.18022 1.18668 -0.61228
lin/ang/drive_left/drive_right/tv_l/tv_r/av_l/av_r/x/y/theta/tx/ty/ttheta: 0.80435 -2.45224 1.00190 0.64146 0.87264 -1.42260 0.79703 -0.19403 23.89641 59.35500 -8.91270 23.86285 59.17078 348.18597
target: 0.80435 -0.32701
target: 0.87242 -0.30581
fb: 0.82361 -0.19722 0.71997 -0.13800
fb: 0.79287 -0.22198 0.71997 -0.13800
lin/ang/drive_left/drive_right/tv_l/tv_r/av_l/av_r/x/y/theta/tx/ty/ttheta: 0.78436 -2.47734 1.01486 0.57089 0.85145 -1.46868 0.73969 -0.09394 24.51161 59.24884 -10.71385 24.44756 59.04074 346.72395
target: 0.78436 -0.33035
target: 0.85031 -0.30870
fb: 0.82423 -0.26119 0.66823 -0.11872
fb: 0.80886 -0.30253 0.66823 -0.11872
lin/ang/drive_left/drive_right/tv_l/tv_r/av_l/av_r/x/y/theta/tx/ty/ttheta: 0.76755 -2.38478 1.11139 0.50634 0.83093 -1.51631 0.66306 -0.10131 25.13490 59.11804 -13.13592 25.02864 58.89541 345.17711
target: 0.76755 -0.31801
target: 0.82843 -0.29723
fb: 0.80520 -0.34291 0.56961 0.15298
fb: 0.80172 -0.37512 0.56961 0.15298
lin/ang/drive_left/drive_right/tv_l/tv_r/av_l/av_r/x/y/theta/tx/ty/ttheta: 0.75038 -2.23910 1.17684 0.42660 0.80780 -1.57332 0.58708 0.10558 25.74571 58.95886 -16.22102 25.70115 58.70547 343.25927
target: 0.75038 -0.29858
target: 0.80913 -0.27793
fb: 0.68363 -0.38991 0.50005 0.20321
fb: 0.65658 -0.39924 0.50005 0.20321
lin/ang/drive_left/drive_right/tv_l/tv_r/av_l/av_r/x/y/theta/tx/ty/ttheta: 0.73565 -1.89978 1.05582 0.25733 0.79179 -1.61457 0.51436 0.18719 26.23742 58.79934 -19.61175 26.17733 58.55570 341.81130
target: 0.73565 -0.25334
target: 0.79299 -0.23309
fb: 0.64492 -0.39946 0.30862 0.40296
fb: 0.61003 -0.39395 0.30862 0.40296
lin/ang/drive_left/drive_right/tv_l/tv_r/av_l/av_r/x/y/theta/tx/ty/ttheta: 0.72574 -1.53791 1.00398 0.21609 0.77619 -1.65578 0.38739 0.34103 26.68470 58.62438 -23.02072 26.64948 58.39368 340.29584
target: 0.72574 -0.20508
target: 0.77893 -0.18649
fb: 0.60999 -0.38648 0.26428 0.48145
fb: 0.54791 -0.37386 0.26428 0.48145
lin/ang/drive_left/drive_right/tv_l/tv_r/av_l/av_r/x/y/theta/tx/ty/ttheta: 0.71345 -1.14267 0.92177 0.17404 0.76398 -1.68840 0.29722 0.43597 27.07687 58.44467 -26.28764 27.02396 58.25491 339.03376
target: 0.71345 -0.15237
target: 0.76572 -0.13457
fb: 0.56142 -0.34287 0.17383 0.53915
fb: 0.63263 -0.29809 0.17383 0.53915
lin/ang/drive_left/drive_right/tv_l/tv_r/av_l/av_r/x/y/theta/tx/ty/ttheta: 0.69989 -0.88784 0.93072 0.33454 0.74905 -1.72824 0.22533 0.49519 27.51772 58.21283 -29.04160 27.48754 58.06968 337.39285
target: 0.69989 -0.11839
target: 0.75109 -0.10192
fb: 0.62855 -0.25692 0.24356 0.44522
fb: 0.61284 -0.22714 0.24356 0.44522
lin/ang/drive_left/drive_right/tv_l/tv_r/av_l/av_r/x/y/theta/tx/ty/ttheta: 0.68779 -0.70228 0.83998 0.38570 0.73735 -1.75893 0.24058 0.44436 27.93508 57.97065 -31.12143 27.85440 57.91179 336.02902
target: 0.68779 -0.09365
target: 0.73552 -0.07919
fb: 0.63951 -0.18971 0.27778 0.41303
fb: 0.64514 -0.14162 0.27778 0.41303
lin/ang/drive_left/drive_right/tv_l/tv_r/av_l/av_r/x/y/theta/tx/ty/ttheta: 0.67572 -0.75256 0.78676 0.50352 0.72016 -1.80206 0.27189 0.40894 28.36643 57.70237 -32.54505 28.39724 57.65834 333.89800
target: 0.67572 -0.10035
target: 0.72251 -0.08832
fb: 0.61967 -0.10507 0.46703 0.21269
fb: 0.56492 -0.07724 0.46703 0.21269
lin/ang/drive_left/drive_right/tv_l/tv_r/av_l/av_r/x/y/theta/tx/ty/ttheta: 0.66273 -0.82711 0.64216 0.48768 0.70893 -1.82823 0.40058 0.26661 28.73968 57.46040 -33.32837 28.75367 57.47801 332.42102
target: 0.66273 -0.11030
target: 0.70902 -0.10024
fb: 0.58037 -0.04839 0.48531 0.17411
fb: 0.55875 -0.02123 0.48531 0.17411
lin/ang/drive_left/drive_right/tv_l/tv_r/av_l/av_r/x/y/theta/tx/ty/ttheta: 0.65271 -1.00044 0.57998 0.53753 0.69785 -1.85175 0.46236 0.19814 29.10657 57.21759 -33.62747 29.10526 57.28841 330.89996
target: 0.65271 -0.13341
target: 0.69594 -0.12578
fb: 0.56060 -0.01220 0.59392 0.08294
fb: 0.63825 -0.01528 0.59392 0.08294
lin/ang/drive_left/drive_right/tv_l/tv_r/av_l/av_r/x/y/theta/tx/ty/ttheta: 0.63918 -1.28695 0.65353 0.62297 0.68418 -1.87664 0.54328 0.13125 29.52476 56.93887 -33.74553 29.53740 57.03816 328.93866
target: 0.63918 -0.17161
target: 0.68206 -0.16700
fb: 0.61095 -0.02748 0.69684 -0.22415
fb: 0.64417 -0.04821 0.69684 -0.22415
lin/ang/drive_left/drive_right/tv_l/tv_r/av_l/av_r/x/y/theta/tx/ty/ttheta: 0.62750 -1.62768 0.69239 0.59596 0.66799 -1.89855 0.61617 -0.11517 29.94579 56.65601 -34.07073 30.04411 56.71817 326.50222
target: 0.62750 -0.21705
target: 0.67020 -0.21658
fb: 0.70832 -0.06842 0.78404 -0.30561
fb: 0.64057 -0.10430 0.78404 -0.30561
lin/ang/drive_left/drive_right/tv_l/tv_r/av_l/av_r/x/y/theta/tx/ty/ttheta: 0.61647 -1.85282 0.74487 0.53627 0.65462 -1.90896 0.68239 -0.24778 30.36204 56.37118 -34.81282 30.45554 56.43498 324.40871
target: 0.61647 -0.24707
target: 0.65653 -0.24983
fb: 0.59257 -0.15470 0.71644 -0.24240
fb: 0.63948 -0.19646 0.71644 -0.24240
lin/ang/drive_left/drive_right/tv_l/tv_r/av_l/av_r/x/y/theta/tx/ty/ttheta: 0.60260 -1.95015 0.83594 0.44302 0.64129 -1.91123 0.64250 -0.23697 30.77177 56.07852 -36.32165 30.85627 56.13672 322.26464
target: 0.60260 -0.26005
target: 0.64289 -0.26662
fb: 0.57579 -0.23323 0.60670 -0.17112
fb: 0.53724 -0.27236 0.60670 -0.17112
lin/ang/drive_left/drive_right/tv_l/tv_r/av_l/av_r/x/y/theta/tx/ty/ttheta: 0.59032 -1.85879 0.80960 0.26487 0.63063 -1.90664 0.60181 -0.17367 31.10774 55.82150 -38.49402 31.16861 55.88733 320.51810
target: 0.59032 -0.24787
target: 0.63095 -0.25760
fb: 0.55872 -0.31308 0.44630 0.15224
fb: 0.53961 -0.35344 0.44630 0.15224
lin/ang/drive_left/drive_right/tv_l/tv_r/av_l/av_r/x/y/theta/tx/ty/ttheta: 0.57774 -1.64093 0.89305 0.18617 0.61993 -1.89596 0.46919 0.09669 31.43369 55.54900 -41.35780 31.47318 55.62844 318.74862
target: 0.57774 -0.21882
target: 0.61885 -0.23176
fb: 0.52841 -0.38570 0.31176 0.27229
fb: 0.50144 -0.39907 0.31176 0.27229
lin/ang/drive_left/drive_right/tv_l/tv_r/av_l/av_r/x/y/theta/tx/ty/ttheta: 0.56919 -1.33279 0.90051 0.10237 0.60916 -1.87897 0.34872 0.23614 31.72234 55.27965 -44.72967 31.76961 55.36018 316.96113
target: 0.56919 -0.17773
target: 0.60807 -0.19243
fb: 0.51891 -0.39529 0.21676 0.39562
fb: 0.52855 -0.38204 0.21676 0.39562
lin/ang/drive_left/drive_right/tv_l/tv_r/av_l/av_r/x/y/theta/tx/ty/ttheta: 0.55650 -1.00371 0.91060 0.14651 0.59827 -1.85551 0.25325 0.34925 32.00935 54.97833 -48.06958 32.05752 55.08275 315.16083
target: 0.55650 -0.13384
target: 0.59612 -0.15149
fb: 0.48960 -0.36298 0.13605 0.42730
fb: 0.49137 -0.32569 0.13605 0.42730
lin/ang/drive_left/drive_right/tv_l/tv_r/av_l/av_r/x/y/theta/tx/ty/ttheta: 0.54483 -0.72195 0.81706 0.16568 0.58723 -1.82557 0.17386 0.39767 32.25994 54.68359 -51.02855 32.33660 54.79634 313.35323
target: 0.54483 -0.09627
target: 0.58536 -0.11675
fb: 0.49681 -0.28347 0.13932 0.42235
fb: 0.48880 -0.25142 0.13932 0.42235
lin/ang/drive_left/drive_right/tv_l/tv_r/av_l/av_r/x/y/theta/tx/ty/ttheta: 0.53286 -0.53813 0.74022 0.23738 0.57599 -1.78923 0.15400 0.40603 32.49568 54.37937 -53.32679 32.60652 54.50123 311.54400
target: 0.53286 -0.07176
target: 0.57450 -0.09493
fb: 0.46913 -0.21582 0.18877 0.35908
fb: 0.42422 -0.16125 0.18877 0.35908
lin/ang/drive_left/drive_right/tv_l/tv_r/av_l/av_r/x/y/theta/tx/ty/ttheta: 0.52613 -0.47439 0.58547 0.26296 0.56451 -1.74669 0.18803 0.34975 32.69114 54.10851 -54.94692 32.86704 54.19772 309.73878
target: 0.52613 -0.06326
target: 0.56583 -0.08682
fb: 0.44323 -0.10927 0.29766 0.29105
fb: 0.45458 -0.07013 0.29766 0.29105
lin/ang/drive_left/drive_right/tv_l/tv_r/av_l/av_r/x/y/theta/tx/ty/ttheta: 0.51338 -0.48794 0.52471 0.38445 0.55570 -1.71091 0.26947 0.29619 32.89457 53.81400 -55.71774 33.05612 53.96476 308.39088
target: 0.51338 -0.06507
target: 0.55411 -0.09025
fb: 0.46402 -0.03933 0.32816 0.19450
fb: 0.51788 -0.01655 0.32816 0.19450
lin/ang/drive_left/drive_right/tv_l/tv_r/av_l/av_r/x/y/theta/tx/ty/ttheta: 0.49932 -0.63992 0.53443 0.50133 0.54365 -1.65833 0.30850 0.21233 33.12339 53.47647 -55.95781 33.29965 53.64735 306.60604
target: 0.49932 -0.08533
target: 0.54162 -0.11249
fb: 0.51002 -0.00372 0.44480 -0.10701
fb: 0.48304 -0.00166 0.44480 -0.10701
lin/ang/drive_left/drive_right/tv_l/tv_r/av_l/av_r/x/y/theta/tx/ty/ttheta: 0.48596 -0.83521 0.48470 0.48139 0.53120 -1.60061 0.40039 -0.04089 33.33623 53.16125 -55.98091 33.53326 53.32250 304.84017
target: 0.48596 -0.11138
target: 0.53010 -0.14027
fb: 0.48303 -0.00076 0.49993 -0.16819
fb: 0.45568 -0.00400 0.49993 -0.16819
lin/ang/drive_left/drive_right/tv_l/tv_r/av_l/av_r/x/y/theta/tx/ty/ttheta: 0.47671 -1.05773 0.45968 0.45168 0.51828 -1.53826 0.45669 -0.13894 33.53694 52.86384 -56.00136 33.75685 52.99061 303.09809
target: 0.47671 -0.14105
target: 0.51913 -0.16897
fb: 0.47915 -0.02062 0.56265 -0.20255
fb: 0.50648 -0.05558 0.56265 -0.20255
lin/ang/drive_left/drive_right/tv_l/tv_r/av_l/av_r/x/y/theta/tx/ty/ttheta: 0.46101 -1.21928 0.56206 0.45090 0.50481 -1.47183 0.51317 -0.17828 33.75923 52.53273 -56.32874 33.97034 52.65210 301.38426
target: 0.46101 -0.16259
target: 0.50565 -0.19171
fb: 0.47570 -0.10700 0.49701 -0.20955
fb: 0.44520 -0.15873 0.49701 -0.20955
lin/ang/drive_left/drive_right/tv_l/tv_r/av_l/av_r/x/y/theta/tx/ty/ttheta: 0.44599 -1.19873 0.60393 0.28647 0.49430 -1.41966 0.49022 -0.18547 33.95100 52.23930 -57.47051 34.12383 52.39411 300.11985
target: 0.44599 -0.15985
target: 0.49252 -0.18975
fb: 0.38533 -0.20499 0.34497 0.09458
fb: 0.39909 -0.23875 0.34497 0.09458
lin/ang/drive_left/drive_right/tv_l/tv_r/av_l/av_r/x/y/theta/tx/ty/ttheta: 0.43667 -1.12187 0.63785 0.16034 0.47965 -1.34741 0.37319 0.05067 34.11540 51.97149 -59.37713 34.31966 52.04499 298.46476
target: 0.43667 -0.14960
target: 0.48158 -0.17773
fb: 0.43837 -0.26396 0.31210 0.17017
fb: 0.38224 -0.27377 0.31210 0.17017
lin/ang/drive_left/drive_right/tv_l/tv_r/av_l/av_r/x/y/theta/tx/ty/ttheta: 0.42251 -0.90185 0.65600 0.10847 0.46813 -1.29147 0.31486 0.15397 34.26377 51.70965 -61.68755 34.45994 51.77953 297.24819
target: 0.42251 -0.12026
target: 0.46963 -0.14891
fb: 0.37432 -0.26972 0.14282 0.28264
fb: 0.39389 -0.25550 0.14282 0.28264
lin/ang/drive_left/drive_right/tv_l/tv_r/av_l/av_r/x/y/theta/tx/ty/ttheta: 0.40715 -0.67988 0.64939 0.13838 0.45610 -1.23425 0.20172 0.24383 34.40546 51.43378 -63.94424 34.59462 51.51116 296.05409
target: 0.40715 -0.09066
target: 0.45675 -0.11978
fb: 0.40150 -0.24222 0.10215 0.29822
fb: 0.40513 -0.22322 0.10215 0.29822
lin/ang/drive_left/drive_right/tv_l/tv_r/av_l/av_r/x/y/theta/tx/ty/ttheta: 0.39575 -0.50949 0.62835 0.18192 0.44350 -1.17592 0.13722 0.27308 34.54055 51.14480 -65.94406 34.72374 51.24005 294.88336
target: 0.39575 -0.06794
target: 0.44292 -0.09473
fb: 0.36038 -0.19407 0.13559 0.28993
fb: 0.34846 -0.16360 0.13559 0.28993
lin/ang/drive_left/drive_right/tv_l/tv_r/av_l/av_r/x/y/theta/tx/ty/ttheta: 0.38063 -0.38090 0.51206 0.18486 0.43025 -1.11662 0.13739 0.27036 34.64879 50.89269 -67.48087 34.84736 50.96637 293.73679
target: 0.38063 -0.05079
target: 0.43063 -0.07794
fb: 0.37340 -0.13835 0.12987 0.24801
fb: 0.37519 -0.11160 0.12987 0.24801
lin/ang/drive_left/drive_right/tv_l/tv_r/av_l/av_r/x/y/theta/tx/ty/ttheta: 0.36345 -0.31614 0.48679 0.26359 0.41627 -1.05647 0.13500 0.23800 34.75926 50.61869 -68.55478 34.96554 50.69028 292.61498
target: 0.36345 -0.04216
target: 0.41669 -0.06966
fb: 0.38467 -0.07920 0.15599 0.18738
fb: 0.36525 -0.05114 0.15599 0.18738
lin/ang/drive_left/drive_right/tv_l/tv_r/av_l/av_r/x/y/theta/tx/ty/ttheta: 0.35174 -0.34577 0.41639 0.31411 0.40147 -0.99553 0.15775 0.18772 34.86302 50.35047 -69.11479 35.07836 50.41194 291.51838
target: 0.35174 -0.04611
target: 0.40239 -0.07114
fb: 0.33594 -0.03192 0.25433 0.12744
fb: 0.35303 -0.01960 0.25433 0.12744
lin/ang/drive_left/drive_right/tv_l/tv_r/av_l/av_r/x/y/theta/tx/ty/ttheta: 0.33319 -0.40236 0.37263 0.33343 0.38573 -0.93382 0.22517 0.13842 34.96154 50.09054 -69.33614 35.18590 50.13151 290.44732
target: 0.33319 -0.05365
target: 0.38767 -0.07907
fb: 0.35693 -0.01183 0.24333 -0.10047
fb: 0.36460 -0.00732 0.24333 -0.10047
lin/ang/drive_left/drive_right/tv_l/tv_r/av_l/av_r/x/y/theta/tx/ty/ttheta: 0.31242 -0.47788 0.37192 0.35728 0.36891 -0.87129 0.23681 -0.06314 35.06263 49.82184 -69.41842 35.28825 49.84912 289.40203
target: 0.31242 -0.06373
target: 0.37146 -0.08961
fb: 0.37429 -0.00582 0.24806 -0.14437
fb: 0.33567 -0.00758 0.24806 -0.14437
lin/ang/drive_left/drive_right/tv_l/tv_r/av_l/av_r/x/y/theta/tx/ty/ttheta: 0.30178 -0.54954 0.34325 0.32810 0.35701 -0.82911 0.23717 -0.12953 35.15544 49.57436 -69.47600 35.35364 49.65986 288.71947
target: 0.30178 -0.07328
target: 0.35651 -0.09654
fb: 0.31826 -0.00967 0.29422 -0.10935
fb: 0.29890 -0.02466 0.29422 -0.10935
lin/ang/drive_left/drive_right/tv_l/tv_r/av_l/av_r/x/y/theta/tx/ty/ttheta: 0.28034 -0.61254 0.32356 0.27424 0.33796 -0.76493 0.26867 -0.09858 35.23775 49.35386 -69.62349 35.44754 49.37453 287.71716
target: 0.28034 -0.08168
target: 0.34050 -0.10559
fb: 0.27769 -0.05964 0.23641 -0.16862
fb: 0.27596 -0.09083 0.23641 -0.16862
lin/ang/drive_left/drive_right/tv_l/tv_r/av_l/av_r/x/y/theta/tx/ty/ttheta: 0.26141 -0.57523 0.36679 0.18513 0.32435 -0.72141 0.23256 -0.14306 35.31241 49.14980 -70.27000 35.50739 49.18343 287.06326
target: 0.26141 -0.07671
target: 0.32596 -0.10119
fb: 0.25277 -0.11208 0.15423 -0.08153
fb: 0.23351 -0.13268 0.15423 -0.08153
lin/ang/drive_left/drive_right/tv_l/tv_r/av_l/av_r/x/y/theta/tx/ty/ttheta: 0.25239 -0.50332 0.36619 0.10083 0.30988 -0.67716 0.17178 -0.08831 35.37299 48.97621 -71.32166 35.56507 48.99165 286.42070
target: 0.25239 -0.06712
target: 0.31210 -0.08899
fb: 0.19703 -0.15141 0.15836 0.15516
fb: 0.17199 -0.16278 0.15836 0.15516
lin/ang/drive_left/drive_right/tv_l/tv_r/av_l/av_r/x/y/theta/tx/ty/ttheta: 0.24040 -0.34239 0.33477 0.00920 0.30228 -0.65470 0.15347 0.10814 35.41487 48.84743 -72.67165 35.59311 48.89553 286.10367
target: 0.24040 -0.04566
target: 0.30262 -0.06790
fb: 0.16806 -0.16334 -0.11101 0.22673
fb: 0.15633 -0.15420 -0.11101 0.22673
lin/ang/drive_left/drive_right/tv_l/tv_r/av_l/av_r/x/y/theta/tx/ty/ttheta: 0.22846 -0.17899 0.31054 0.00213 0.29442 -0.63199 -0.04875 0.19197 35.45015 48.72950 -74.03602 35.62062 48.79925 285.78946
target: 0.22846 -0.02387
target: 0.29347 -0.04654
fb: 0.15425 -0.13920 -0.13791 0.24289
fb: 0.15413 -0.12186 -0.13791 0.24289
lin/ang/drive_left/drive_right/tv_l/tv_r/av_l/av_r/x/y/theta/tx/ty/ttheta: 0.21601 -0.04649 0.27599 0.03227 0.28627 -0.60898 -0.11533 0.21986 35.48237 48.61249 -75.15768 35.64761 48.70281 285.47808
target: 0.21601 -0.00620
target: 0.28414 -0.02937
fb: 0.13081 -0.09822 -0.13708 0.22594
fb: 0.11515 -0.06676 -0.13708 0.22594
lin/ang/drive_left/drive_right/tv_l/tv_r/av_l/av_r/x/y/theta/tx/ty/ttheta: 0.21635 0.00634 0.18191 0.04839 0.27780 -0.58565 -0.12253 0.21475 35.50499 48.52469 -75.86653 35.67407 48.60624 285.16947
target: 0.21635 0.00085
target: 0.27601 -0.01921
fb: 0.13229 -0.02109 0.13802 0.22625
fb: 0.09687 0.02218 0.13802 0.22625
lin/ang/drive_left/drive_right/tv_l/tv_r/av_l/av_r/x/y/theta/tx/ty/ttheta: 0.20548 -0.00404 0.07468 0.11905 0.26899 -0.56194 0.08092 0.21253 35.52356 48.45071 -75.86183 35.70001 48.50953 284.86364
target: 0.20548 -0.00054
target: 0.26833 -0.02113
fb: 0.06746 0.05183 0.13439 0.11887
fb: 0.08871 0.06270 0.13439 0.11887
lin/ang/drive_left/drive_right/tv_l/tv_r/av_l/av_r/x/y/theta/tx/ty/ttheta: 0.19413 -0.07542 0.02601 0.15141 0.25979 -0.53780 0.13089 0.12850 35.54090 48.38305 -75.36976 35.72545 48.41268 284.56057
target: 0.19413 -0.01006
target: 0.26064 -0.03130
fb: 0.10432 0.06737 0.18435 -0.10603
fb: 0.12573 0.06124 0.18435 -0.10603
lin/ang/drive_left/drive_right/tv_l/tv_r/av_l/av_r/x/y/theta/tx/ty/ttheta: 0.18034 -0.15295 0.06449 0.18696 0.25017 -0.51316 0.16375 -0.07100 35.56639 48.28739 -74.81719 35.75037 48.31568 284.26026
target: 0.18034 -0.02040
target: 0.25116 -0.04242
fb: 0.11588 0.04561 0.18132 -0.13765
fb: 0.09858 0.02637 0.18132 -0.13765
lin/ang/drive_left/drive_right/tv_l/tv_r/av_l/av_r/x/y/theta/tx/ty/ttheta: 0.18145 -0.23008 0.07221 0.12495 0.24006 -0.48793 0.17111 -0.12097 35.58694 48.21254 -74.50794 35.77478 48.21857 283.96271
target: 0.18145 -0.03068
target: 0.24216 -0.04934
fb: 0.09697 0.00595 0.25779 0.08097
fb: 0.10660 -0.01168 0.25779 0.08097
lin/ang/drive_left/drive_right/tv_l/tv_r/av_l/av_r/x/y/theta/tx/ty/ttheta: 0.17748 -0.22708 0.11828 0.09492 0.24006 -0.48793 0.22006 0.05544 35.60937 48.13165 -74.53256 35.77478 48.21857 283.96271
target: 0.17748 -0.03028
target: 0.23819 -0.04894
fb: 0.10872 -0.03004 0.16859 0.12066
fb: 0.12254 -0.04801 0.16859 0.12066
lin/ang/drive_left/drive_right/tv_l/tv_r/av_l/av_r/x/y/theta/tx/ty/ttheta: 0.16235 -0.19153 0.17055 0.07453 0.22942 -0.46200 0.16922 0.11156 35.63484 48.03858 -74.86791 35.79869 48.12133 283.66786
target: 0.16235 -0.02554
target: 0.22766 -0.04508
fb: 0.09926 -0.05864 0.08117 0.09370
fb: 0.08781 -0.05302 0.08117 0.09370
lin/ang/drive_left/drive_right/tv_l/tv_r/av_l/av_r/x/y/theta/tx/ty/ttheta: 0.14676 -0.13502 0.14083 0.03479 0.21814 -0.43526 0.10283 0.09942 35.65255 47.97175 -75.34770 35.82211 48.02397 283.37575
target: 0.14676 -0.01800
target: 0.21778 -0.03869
fb: 0.11489 -0.04481 -0.11164 0.10786
fb: 0.13977 -0.03782 -0.11164 0.10786
lin/ang/drive_left/drive_right/tv_l/tv_r/av_l/av_r/x/y/theta/tx/ty/ttheta: 0.12683 -0.08891 0.17759 0.10195 0.20614 -0.40751 -0.06178 0.10419 35.68001 47.86518 -75.70271 35.84503 47.92649 283.08632
target: 0.12683 -0.01186
target: 0.20526 -0.03407
fb: 0.13794 -0.02854 -0.13758 -0.08388
fb: 0.10697 -0.01576 -0.13758 -0.08388
lin/ang/drive_left/drive_right/tv_l/tv_r/av_l/av_r/x/y/theta/tx/ty/ttheta: 0.12755 -0.10089 0.12273 0.09120 0.19328 -0.37853 -0.12011 -0.05631 35.70065 47.78352 -75.89306 35.86745 47.82889 282.79956
target: 0.12755 -0.01345
target: 0.19312 -0.03180
fb: 0.09695 -0.00602 0.16363 0.12152
fb: 0.09315 -0.00145 0.16363 0.12152
lin/ang/drive_left/drive_right/tv_l/tv_r/av_l/av_r/x/y/theta/tx/ty/ttheta: 0.10563 -0.08466 0.09460 0.09170 0.17935 -0.34800 0.09222 0.09531 35.71850 47.71238 -75.92515 35.88940 47.73118 282.51548
target: 0.10563 -0.01129
target: 0.18046 -0.03165
fb: 0.08339 0.00592 -0.13292 -0.12620
fb: 0.06393 0.01063 -0.13292 -0.12620
lin/ang/drive_left/drive_right/tv_l/tv_r/av_l/av_r/x/y/theta/tx/ty/ttheta: 0.10325 -0.09273 0.05330 0.07456 0.17935 -0.34800 -0.06675 -0.09019 35.73077 47.66356 -75.85405 35.88940 47.73118 282.51548
target: 0.10325 -0.01237
target: 0.17808 -0.03272
fb: 0.06193 0.00988 0.13440 0.10026
fb: 0.05797 0.00772 0.13440 0.10026
lin/ang/drive_left/drive_right/tv_l/tv_r/av_l/av_r/x/y/theta/tx/ty/ttheta: 0.07540 -0.07480 0.05024 0.06569 0.16411 -0.31545 0.08197 0.06706 35.74195 47.61931 -75.77841 35.91086 47.63337 282.23402
target: 0.07540 -0.00997
target: 0.16543 -0.03375
fb: 0.05047 0.00834 -0.17601 -0.16452
fb: 0.04276 0.00549 -0.17601 -0.16452
lin/ang/drive_left/drive_right/tv_l/tv_r/av_l/av_r/x/y/theta/tx/ty/ttheta: 0.07382 -0.08141 0.03727 0.04824 0.16411 -0.31545 -0.10747 -0.12472 35.75024 47.58668 -75.71898 35.91086 47.63337 282.23402
target: 0.07382 -0.01086
target: 0.16384 -0.03463
fb: 0.03484 0.00110 0.12188 0.09249
fb: 0.01942 -0.00190 0.12188 0.09249
lin/ang/drive_left/drive_right/tv_l/tv_r/av_l/av_r/x/y/theta/tx/ty/ttheta: 0.07309 -0.08103 0.02132 0.01752 0.16411 -0.31545 0.08075 0.06144 35.75402 47.57186 -75.72242 35.91086 47.63337 282.23402
target: 0.07309 -0.01081
target: 0.16312 -0.03458
fb: 0.00773 0.00072 0.11978 0.10167
fb: 0.00376 -0.00210 0.11978 0.10167
lin/ang/drive_left/drive_right/tv_l/tv_r/av_l/av_r/x/y/theta/tx/ty/ttheta: 0.07295 -0.08038 0.00585 0.00166 0.16411 -0.31545 0.11056 0.09808 35.75474 47.56899 -75.72831 35.91086 47.63337 282.23402
target: 0.07295 -0.01072
target: 0.16298 -0.03450
fb: 0.00002 -0.00386 0.12205 0.10453
fb: 0.00003 -0.00321 0.12205 0.10453
lin/ang/drive_left/drive_right/tv_l/tv_r/av_l/av_r/x/y/theta/tx/ty/ttheta: 0.07295 -0.07703 0.00324 -0.00318 0.16411 -0.31545 0.12081 0.10267 35.75475 47.56897 -75.75869 35.91086 47.63337 282.23402
target: 0.07295 -0.01027
target: 0.16297 -0.03405
fb: 0.00003 -0.00401 0.12010 0.10770
fb: 0.00004 -0.00656 0.12010 0.10770
lin/ang/drive_left/drive_right/tv_l/tv_r/av_l/av_r/x/y/theta/tx/ty/ttheta: 0.07294 -0.07203 0.00660 -0.00652 0.16411 -0.31545 0.11689 0.10078 35.75476 47.56894 -75.80408 35.91086 47.63337 282.23402
target: 0.07294 -0.00960
target: 0.16296 -0.03338
fb: 0.01177 -0.01429 0.11816 0.10961
fb: 0.02725 -0.01417 0.11816 0.10961
lin/ang/drive_left/drive_right/tv_l/tv_r/av_l/av_r/x/y/theta/tx/ty/ttheta: 0.07664 -0.08851 0.04142 0.01308 0.14713 -0.28017 0.10814 0.09753 35.76000 47.54814 -75.92637 35.93184 47.53545 281.95518
target: 0.07664 -0.01180
target: 0.14969 -0.03088
fb: 0.03119 -0.00705 0.15575 0.10889
fb: 0.03315 -0.00507 0.15575 0.10889
lin/ang/drive_left/drive_right/tv_l/tv_r/av_l/av_r/x/y/theta/tx/ty/ttheta: 0.07540 -0.08283 0.03822 0.02807 0.14713 -0.28017 0.14097 0.09717 35.76633 47.52282 -75.97844 35.93184 47.53545 281.95518
target: 0.07540 -0.01104
target: 0.14844 -0.03012
fb: 0.03865 -0.00405 0.11448 0.10446
fb: 0.04835 -0.00238 0.11448 0.10446
lin/ang/drive_left/drive_right/tv_l/tv_r/av_l/av_r/x/y/theta/tx/ty/ttheta: 0.07359 -0.07983 0.05073 0.04597 0.14713 -0.28017 0.11069 0.09822 35.77554 47.48588 -76.00608 35.93184 47.53545 281.95518
target: 0.07359 -0.01065
target: 0.14664 -0.02972
fb: 0.05628 -0.00140 0.11291 0.09928
fb: 0.06797 0.00033 0.11291 0.09928
lin/ang/drive_left/drive_right/tv_l/tv_r/av_l/av_r/x/y/theta/tx/ty/ttheta: 0.00172 0.03033 0.06764 0.06830 0.12771 -0.24093 0.10814 0.08847 35.78848 47.43395 -76.01068 35.95235 47.43743 281.67897
target: 0.00172 0.00404
target: 0.12943 -0.02808
fb: 0.07171 0.00032 -0.49444 -0.31087
fb: 0.07171 0.00002 -0.49444 -0.31087
lin/ang/drive_left/drive_right/tv_l/tv_r/av_l/av_r/x/y/theta/tx/ty/ttheta: -0.00096 0.03017 0.07169 0.07173 0.12771 -0.24093 -0.21558 -0.17486 35.80213 47.37916 -76.00921 35.95235 47.43743 281.67897
target: -0.00096 0.00402
target: 0.12676 -0.02810
fb: 0.06795 0.00264 -0.09597 -0.08898
fb: 0.05823 0.00423 -0.09597 -0.08898
lin/ang/drive_left/drive_right/tv_l/tv_r/av_l/av_r/x/y/theta/tx/ty/ttheta: 0.00161 0.00344 0.05400 0.06246 0.10452 -0.19533 -0.15983 -0.11825 35.81323 47.33467 -75.97969 35.97238 47.33931 281.40532
target: 0.00161 0.00046
target: 0.10613 -0.02559
fb: 0.04653 0.00403 0.11328 -0.08865
fb: 0.02507 0.01757 0.11328 -0.08865
lin/ang/drive_left/drive_right/tv_l/tv_r/av_l/av_r/x/y/theta/tx/ty/ttheta: 0.00069 -0.00589 0.00750 0.04264 0.10452 -0.19533 0.06606 -0.08161 35.81802 47.31552 -75.88687 35.97238 47.33931 281.40532
target: 0.00069 -0.00079
target: 0.10521 -0.02683
fb: 0.00757 0.02365 0.08434 -0.09201
fb: -0.00013 0.01085 0.08434 -0.09201
lin/ang/drive_left/drive_right/tv_l/tv_r/av_l/av_r/x/y/theta/tx/ty/ttheta: 0.00071 -0.02079 -0.01098 0.01072 0.10452 -0.19533 0.08728 -0.08433 35.81799 47.31562 -75.73864 35.97238 47.33931 281.40532
target: 0.00071 -0.00277
target: 0.10524 -0.02882
fb: 0.00392 0.00171 0.09485 -0.09397
fb: 0.00001 -0.00448 0.09485 -0.09397
lin/ang/drive_left/drive_right/tv_l/tv_r/av_l/av_r/x/y/theta/tx/ty/ttheta: 0.00071 -0.01959 0.00449 -0.00447 0.10452 -0.19533 0.09292 -0.08589 35.81799 47.31561 -75.75056 35.97238 47.33931 281.40532
target: 0.00071 -0.00261
target: 0.10523 -0.02866
fb: 0.00007 -0.01491 0.08171 -0.08107
fb: 0.00412 -0.02291 0.08171 -0.08107
lin/ang/drive_left/drive_right/tv_l/tv_r/av_l/av_r/x/y/theta/tx/ty/ttheta: 0.00054 -0.00327 0.02703 -0.01880 0.10452 -0.19533 0.08006 -0.07958 35.81879 47.31247 -75.91308 35.97238 47.33931 281.40532
target: 0.00054 -0.00044
target: 0.10506 -0.02648
fb: 0.00020 -0.03081 -0.09320 0.09213
fb: 0.00025 -0.03548 -0.09320 0.09213
lin/ang/drive_left/drive_right/tv_l/tv_r/av_l/av_r/x/y/theta/tx/ty/ttheta: 0.00049 0.02531 0.03573 -0.03523 0.10452 -0.19533 -0.06125 0.04672 35.81884 47.31228 -76.19791 35.97238 47.33931 281.40532
target: 0.00049 0.00338
target: 0.10501 -0.02267
fb: 0.00027 -0.03599 -0.10589 0.10593
fb: 0.00024 -0.02618 -0.10589 0.10593
lin/ang/drive_left/drive_right/tv_l/tv_r/av_l/av_r/x/y/theta/tx/ty/ttheta: 0.00045 0.05211 0.02642 -0.02595 0.10452 -0.19533 -0.09892 0.09683 35.81888 47.31210 -76.46504 35.97238 47.33931 281.40532
target: 0.00045 0.00695
target: 0.10497 -0.01910
fb: 0.00015 -0.01380 -0.10769 0.10772
fb: 0.00006 -0.00122 -0.10769 0.10772
lin/ang/drive_left/drive_right/tv_l/tv_r/av_l/av_r/x/y/theta/tx/ty/ttheta: 0.00044 0.05859 0.00128 -0.00116 0.10452 -0.19533 -0.10422 0.10164 35.81889 47.31205 -76.52958 35.97238 47.33931 281.40532
target: 0.00044 0.00781
target: 0.10496 -0.01823
fb: -0.00004 0.01056 -0.09206 0.09237
fb: -0.00011 0.01827 -0.09206 0.09237
lin/ang/drive_left/drive_right/tv_l/tv_r/av_l/av_r/x/y/theta/tx/ty/ttheta: 0.00046 0.04616 -0.01838 0.01816 0.10452 -0.19533 -0.09447 0.09225 35.81887 47.31214 -76.40570 35.97238 47.33931 281.40532
target: 0.00046 0.00616
target: 0.10498 -0.01989
fb: -0.00017 0.02567 0.08470 -0.08410
fb: -0.00025 0.03943 0.08470 -0.08410
lin/ang/drive_left/drive_right/tv_l/tv_r/av_l/av_r/x/y/theta/tx/ty/ttheta: 0.00050 0.01810 -0.03967 0.03918 0.10452 -0.19533 0.05319 -0.04467 35.81883 47.31233 -76.12600 35.97238 47.33931 281.40532
target: 0.00050 0.00241
target: 0.10503 -0.02363
fb: -0.00032 0.04402 0.10072 -0.09984
fb: -0.00031 0.03707 0.10072 -0.09984
lin/ang/drive_left/drive_right/tv_l/tv_r/av_l/av_r/x/y/theta/tx/ty/ttheta: 0.00056 -0.01688 -0.03738 0.03676 0.10452 -0.19533 0.09583 -0.08556 35.81877 47.31256 -75.77757 35.97238 47.33931 281.40532
target: 0.00056 -0.00225
target: 0.10508 -0.02830
fb: -0.00025 0.02788 0.11052 -0.10949
fb: -0.00017 0.01569 0.11052 -0.10949
lin/ang/drive_left/drive_right/tv_l/tv_r/av_l/av_r/x/y/theta/tx/ty/ttheta: 0.00059 -0.03567 -0.01586 0.01553 0.10452 -0.19533 0.11053 -0.10044 35.81873 47.31269 -75.59034 35.97238 47.33931 281.40532
target: 0.00059 -0.00476
target: 0.10511 -0.03080
fb: -0.00006 0.00067 0.09973 -0.09891
fb: 0.00005 -0.01289 0.09973 -0.09891
lin/ang/drive_left/drive_right/tv_l/tv_r/av_l/av_r/x/y/theta/tx/ty/ttheta: 0.00058 -0.03040 0.01294 -0.01284 0.10452 -0.19533 0.08983 -0.09411 35.81874 47.31265 -75.64283 35.97238 47.33931 281.40532
target: 0.00058 -0.00405
target: 0.10510 -0.03010
fb: 0.00016 -0.02947 -0.08034 0.08080
fb: 0.00027 -0.04111 -0.08034 0.08080
lin/ang/drive_left/drive_right/tv_l/tv_r/av_l/av_r/x/y/theta/tx/ty/ttheta: 0.00053 0.00004 0.04137 -0.04084 0.10452 -0.19533 -0.05117 0.03917 35.81880 47.31245 -75.94606 35.97238 47.33931 281.40532
target: 0.00053 0.00000
target: 0.10505 -0.02604
fb: 0.00033 -0.04674 -0.10434 0.10439
fb: 0.00033 -0.04033 -0.10434 0.10439
lin/ang/drive_left/drive_right/tv_l/tv_r/av_l/av_r/x/y/theta/tx/ty/ttheta: 0.00047 0.03758 0.04066 -0.04000 0.10452 -0.19533 -0.09633 0.09447 35.81886 47.31219 -76.32020 35.97238 47.33931 281.40532
target: 0.00047 0.00501
target: 0.10499 -0.02104
fb: 0.00026 -0.02699 -0.11461 0.11450
fb: 0.00015 -0.01123 -0.11461 0.11450
lin/ang/drive_left/drive_right/tv_l/tv_r/av_l/av_r/x/y/theta/tx/ty/ttheta: 0.00044 0.05406 0.01138 -0.01109 0.10452 -0.19533 -0.11036 0.10900 35.81889 47.31208 -76.48440 35.97238 47.33931 281.40532
target: 0.00044 0.00721
target: 0.10497 -0.01884
fb: 0.00003 0.00247 -0.09958 0.09976
fb: -0.00006 0.01289 -0.09958 0.09976
lin/ang/drive_left/drive_right/tv_l/tv_r/av_l/av_r/x/y/theta/tx/ty/ttheta: 0.00046 0.04744 -0.01295 0.01283 0.10452 -0.19533 -0.09136 0.09603 35.81887 47.31213 -76.41841 35.97238 47.33931 281.40532
target: 0.00046 0.00633
target: 0.10498 -0.01972
fb: -0.00016 0.03042 -0.08014 0.08066
fb: -0.00029 0.04564 -0.08014 0.08066
lin/ang/drive_left/drive_right/tv_l/tv_r/av_l/av_r/x/y/theta/tx/ty/ttheta: 0.00051 0.01464 -0.04593 0.04535 0.10452 -0.19533 -0.08042 0.07958 35.81882 47.31235 -76.09159 35.97238 47.33931 281.40532
target: 0.00051 0.00195
target: 0.10503 -0.02409
fb: -0.00036 0.04957 0.10495 -0.10400
fb: -0.00037 0.04725 0.10495 -0.10400
lin/ang/drive_left/drive_right/tv_l/tv_r/av_l/av_r/x/y/theta/tx/ty/ttheta: 0.00058 -0.02711 -0.04762 0.04688 0.10452 -0.19533 0.05392 -0.06811 35.81875 47.31263 -75.67561 35.97238 47.33931 281.40532
target: 0.00058 -0.00362
target: 0.10510 -0.02966
fb: -0.00033 0.04057 0.11723 -0.11609
fb: -0.00025 0.02409 0.11723 -0.11609
lin/ang/drive_left/drive_right/tv_l/tv_r/av_l/av_r/x/y/theta/tx/ty/ttheta: 0.00062 -0.05501 -0.02433 0.02384 0.10452 -0.19533 0.10575 -0.10661 35.81870 47.31282 -75.39778 35.97238 47.33931 281.40532
target: 0.00062 -0.00734
target: 0.10514 -0.03338
fb: -0.00012 0.00816 0.10941 -0.10843
fb: -0.00002 -0.00383 0.10941 -0.10843
lin/ang/drive_left/drive_right/tv_l/tv_r/av_l/av_r/x/y/theta/tx/ty/ttheta: 0.00062 -0.05688 0.00381 -0.00384 0.10452 -0.19533 0.10678 -0.10625 35.81870 47.31283 -75.37916 35.97238 47.33931 281.40532
target: 0.00062 -0.00759
target: 0.10515 -0.03363
fb: 0.00006 -0.01323 0.08862 -0.08802
fb: 0.00014 -0.02330 0.08862 -0.08802
lin/ang/drive_left/drive_right/tv_l/tv_r/av_l/av_r/x/y/theta/tx/ty/ttheta: 0.00060 -0.04112 0.02344 -0.02316 0.10452 -0.19533 0.08539 -0.08589 35.81873 47.31272 -75.53610 35.97238 47.33931 281.40532
target: 0.00060 -0.00548
target: 0.10512 -0.03153
fb: 0.00024 -0.03889 -0.08751 0.08784
fb: 0.00034 -0.04991 -0.08751 0.08784
lin/ang/drive_left/drive_right/tv_l/tv_r/av_l/av_r/x/y/theta/tx/ty/ttheta: 0.00054 -0.00281 0.05025 -0.04957 0.10452 -0.19533 -0.04636 0.04775 35.81879 47.31247 -75.91766 35.97238 47.33931 281.40532
target: 0.00054 -0.00038
target: 0.10506 -0.02642
fb: 0.00038 -0.04980 -0.11034 0.11029
fb: 0.00034 -0.03997 -0.11034 0.11029
lin/ang/drive_left/drive_right/tv_l/tv_r/av_l/av_r/x/y/theta/tx/ty/ttheta: 0.00047 0.03589 0.04031 -0.03963 0.10452 -0.19533 -0.10097 0.10422 35.81886 47.31221 -76.30338 35.97238 47.33931 281.40532
target: 0.00047 0.00479
target: 0.10500 -0.02126
fb: 0.00026 -0.02832 -0.11534 0.11522
fb: 0.00016 -0.01400 -0.11534 0.11522
lin/ang/drive_left/drive_right/tv_l/tv_r/av_l/av_r/x/y/theta/tx/ty/ttheta: 0.00044 0.05414 0.01417 -0.01384 0.10452 -0.19533 -0.11156 0.11139 35.81889 47.31208 -76.48523 35.97238 47.33931 281.40532
target: 0.00044 0.00722
target: 0.10497 -0.01883
fb: 0.00005 0.00073 -0.10102 0.10117
fb: -0.00006 0.01412 -0.10102 0.10117
lin/ang/drive_left/drive_right/tv_l/tv_r/av_l/av_r/x/y/theta/tx/ty/ttheta: 0.00046 0.04774 -0.01417 0.01406 0.10452 -0.19533 -0.10197 0.10183 35.81887 47.31213 -76.42145 35.97238 47.33931 281.40532
target: 0.00046 0.00637
target: 0.10498 -0.01968
fb: -0.00018 0.03397 -0.08035 0.08087
fb: -0.00429 0.05014 -0.08035 0.08087
lin/ang/drive_left/drive_right/tv_l/tv_r/av_l/av_r/x/y/theta/tx/ty/ttheta: 0.00066 0.01147 -0.05443 0.04585 0.10452 -0.19533 -0.08264 0.08058 35.81807 47.31541 -76.06005 35.97238 47.33931 281.40532
target: 0.00066 0.00153
target: 0.10518 -0.02452
fb: -0.00039 0.05318 0.10888 -0.10641
fb: 0.00357 0.05130 0.10888 -0.10641
lin/ang/drive_left/drive_right/tv_l/tv_r/av_l/av_r/x/y/theta/tx/ty/ttheta: 0.00059 -0.03361 -0.04772 0.05487 0.10452 -0.19533 0.06125 -0.06881 35.81875 47.31268 -75.61115 35.97238 47.33931 281.40532
target: 0.00059 -0.00448
target: 0.10511 -0.03053
fb: -0.00036 0.04273 0.12003 -0.12016
fb: -0.00026 0.02533 0.12003 -0.12016
lin/ang/drive_left/drive_right/tv_l/tv_r/av_l/av_r/x/y/theta/tx/ty/ttheta: 0.00063 -0.06297 -0.02559 0.02507 0.10452 -0.19533 0.11294 -0.11378 35.81870 47.31287 -75.31874 35.97238 47.33931 281.40532
target: 0.00063 -0.00840
target: 0.10516 -0.03444
fb: -0.00014 0.01032 0.11155 -0.11054
fb: -0.00003 -0.00213 0.11155 -0.11054
lin/ang/drive_left/drive_right/tv_l/tv_r/av_l/av_r/x/y/theta/tx/ty/ttheta: 0.00064 -0.06651 0.00210 -0.00216 0.10452 -0.19533 0.11464 -0.11381 35.81869 47.31290 -75.28353 35.97238 47.33931 281.40532
target: 0.00064 -0.00887
target: 0.10516 -0.03492
fb: 0.00006 -0.01407 0.09113 -0.09049
fb: 0.00017 -0.02951 0.09113 -0.09049
lin/ang/drive_left/drive_right/tv_l/tv_r/av_l/av_r/x/y/theta/tx/ty/ttheta: 0.00061 -0.04770 0.02967 -0.02934 0.10452 -0.19533 0.09275 -0.09206 35.81873 47.31277 -75.47078 35.97238 47.33931 281.40532
target: 0.00061 -0.00636
target: 0.10513 -0.03241
fb: 0.00029 -0.04617 -0.08918 0.08947
fb: 0.00039 -0.05598 -0.08918 0.08947
lin/ang/drive_left/drive_right/tv_l/tv_r/av_l/av_r/x/y/theta/tx/ty/ttheta: 0.00054 -0.00364 0.05637 -0.05559 0.10452 -0.19533 -0.04450 0.06042 35.81880 47.31247 -75.90965 35.97238 47.33931 281.40532
target: 0.00054 -0.00049
target: 0.10506 -0.02653
fb: 0.00042 -0.05502 -0.11489 0.11475
fb: 0.00030 -0.02378 -0.11489 0.11475
lin/ang/drive_left/drive_right/tv_l/tv_r/av_l/av_r/x/y/theta/tx/ty/ttheta: 0.00048 0.03034 0.02408 -0.02348 0.10452 -0.19533 -0.10317 0.10472 35.81886 47.31225 -76.24823 35.97238 47.33931 281.40532
target: 0.00048 0.00405
target: 0.10501 -0.02200
fb: 0.00024 -0.03839 -0.11085 0.11081
fb: 0.00024 -0.02358 -0.11085 0.11081
lin/ang/drive_left/drive_right/tv_l/tv_r/av_l/av_r/x/y/theta/tx/ty/ttheta: 0.00044 0.05705 0.02382 -0.02334 0.10452 -0.19533 -0.11189 0.11103 35.81890 47.31206 -76.51447 35.97238 47.33931 281.40532
target: 0.00044 0.00761
target: 0.10496 -0.01844
fb: 0.00012 -0.00795 -0.10821 0.10823
fb: 0.00000 0.00708 -0.10821 0.10823
lin/ang/drive_left/drive_right/tv_l/tv_r/av_l/av_r/x/y/theta/tx/ty/ttheta: 0.00044 0.05743 -0.00707 0.00708 0.10452 -0.19533 -0.10061 0.10111 35.81890 47.31206 -76.51824 35.97238 47.33931 281.40532
target: 0.00044 0.00766
target: 0.10496 -0.01839
fb: -0.00013 0.02686 -0.08700 0.08740
fb: -0.00029 0.04845 -0.08700 0.08740
lin/ang/drive_left/drive_right/tv_l/tv_r/av_l/av_r/x/y/theta/tx/ty/ttheta: 0.00049 0.02497 -0.04874 0.04816 0.10452 -0.19533 -0.08131 0.07975 35.81885 47.31228 -76.19468 35.97238 47.33931 281.40532
target: 0.00049 0.00333
target: 0.10501 -0.02272
fb: -0.00039 0.05501 0.10344 -0.10251
fb: -0.00042 0.05447 0.10344 -0.10251
lin/ang/drive_left/drive_right/tv_l/tv_r/av_l/av_r/x/y/theta/tx/ty/ttheta: 0.00057 -0.02225 -0.05489 0.05406 0.10452 -0.19533 0.06825 -0.07597 35.81877 47.31260 -75.72425 35.97238 47.33931 281.40532
target: 0.00057 -0.00297
target: 0.10509 -0.02901
fb: -0.00040 0.05021 0.12105 -0.11984
fb: -0.00033 0.03534 0.12105 -0.11984
lin/ang/drive_left/drive_right/tv_l/tv_r/av_l/av_r/x/y/theta/tx/ty/ttheta: 0.00063 -0.05916 -0.03567 0.03502 0.10452 -0.19533 0.11428 -0.10797 35.81871 47.31285 -75.35666 35.97238 47.33931 281.40532
target: 0.00063 -0.00789
target: 0.10515 -0.03394
fb: -0.00021 0.01911 0.11719 -0.11607
fb: -0.00009 0.00535 0.11719 -0.11607
lin/ang/drive_left/drive_right/tv_l/tv_r/av_l/av_r/x/y/theta/tx/ty/ttheta: 0.00064 -0.06972 -0.00544 0.00526 0.10452 -0.19533 0.11500 -0.11225 35.81869 47.31292 -75.25156 35.97238 47.33931 281.40532
target: 0.00064 -0.00930
target: 0.10517 -0.03534
fb: 0.00001 -0.00731 0.09718 -0.09643
fb: 0.00010 -0.02017 0.09718 -0.09643
lin/ang/drive_left/drive_right/tv_l/tv_r/av_l/av_r/x/y/theta/tx/ty/ttheta: 0.00063 -0.05786 0.02027 -0.02007 0.10452 -0.19533 0.09067 -0.09242 35.81871 47.31284 -75.36962 35.97238 47.33931 281.40532
target: 0.00063 -0.00772
target: 0.10515 -0.03376
fb: 0.00022 -0.03821 -0.08234 0.08275
fb: 0.00035 -0.05326 -0.08234 0.08275
lin/ang/drive_left/drive_right/tv_l/tv_r/av_l/av_r/x/y/theta/tx/ty/ttheta: 0.00056 -0.01840 0.05361 -0.05291 0.10452 -0.19533 -0.05253 0.06092 35.81878 47.31257 -75.76261 35.97238 47.33931 281.40532
target: 0.00056 -0.00245
target: 0.10508 -0.02850
fb: 0.00042 -0.05822 -0.10939 0.10934
fb: 0.00042 -0.05126 -0.10939 0.10934
lin/ang/drive_left/drive_right/tv_l/tv_r/av_l/av_r/x/y/theta/tx/ty/ttheta: 0.00049 0.02881 0.05168 -0.05084 0.10452 -0.19533 -0.09617 0.09772 35.81886 47.31226 -76.23303 35.97238 47.33931 281.40532
target: 0.00049 0.00384
target: 0.10501 -0.02220
fb: 0.00035 -0.03940 -0.12135 0.12112
fb: 0.00024 -0.02448 -0.12135 0.12112
lin/ang/drive_left/drive_right/tv_l/tv_r/av_l/av_r/x/y/theta/tx/ty/ttheta: 0.00044 0.05635 0.02472 -0.02424 0.10452 -0.19533 -0.11739 0.11772 35.81890 47.31207 -76.50752 35.97238 47.33931 281.40532
target: 0.00044 0.00751
target: 0.10496 -0.01853
fb: 0.00013 -0.00874 -0.10879 0.10881
fb: 0.00001 0.00694 -0.10879 0.10881
lin/ang/drive_left/drive_right/tv_l/tv_r/av_l/av_r/x/y/theta/tx/ty/ttheta: 0.00044 0.05713 -0.00694 0.00695 0.10452 -0.19533 -0.10197 0.10217 35.81890 47.31206 -76.51523 35.97238 47.33931 281.40532
target: 0.00044 0.00762
target: 0.10496 -0.01843
fb: -0.00013 0.02644 -0.08728 0.08768
fb: -0.00029 0.04932 -0.08728 0.08768
lin/ang/drive_left/drive_right/tv_l/tv_r/av_l/av_r/x/y/theta/tx/ty/ttheta: 0.00049 0.02447 -0.04961 0.04903 0.10452 -0.19533 -0.08147 0.07958 35.81885 47.31229 -76.18969 35.97238 47.33931 281.40532
target: 0.00049 0.00326
target: 0.10501 -0.02278
fb: -0.00040 0.05697 0.10366 -0.10273
fb: -0.00043 0.05599 0.10366 -0.10273
lin/ang/drive_left/drive_right/tv_l/tv_r/av_l/av_r/x/y/theta/tx/ty/ttheta: 0.00057 -0.02425 -0.05642 0.05556 0.10452 -0.19533 0.06808 -0.07617 35.81877 47.31261 -75.70434 35.97238 47.33931 281.40532
target: 0.00057 -0.00323
target: 0.10509 -0.02928
fb: -0.00041 0.05126 0.12250 -0.12127
fb: 0.00342 0.03641 0.12250 -0.12127
lin/ang/drive_left/drive_right/tv_l/tv_r/av_l/av_r/x/y/theta/tx/ty/ttheta: 0.00049 -0.06207 -0.03299 0.03983 0.10452 -0.19533 0.11394 -0.11567 35.81944 47.31001 -75.32767 35.97238 47.33931 281.40532
target: 0.00049 -0.00828
target: 0.10501 -0.03432
fb: 0.00354 0.02007 0.11758 -0.11783
fb: -0.00010 0.00559 0.11758 -0.11783
lin/ang/drive_left/drive_right/tv_l/tv_r/av_l/av_r/x/y/theta/tx/ty/ttheta: 0.00051 -0.07313 -0.00569 0.00549 0.10452 -0.19533 0.11500 -0.11397 35.81942 47.31008 -75.21744 35.97238 47.33931 281.40532
target: 0.00051 -0.00975
target: 0.10503 -0.03580
fb: -0.00374 -0.00731 0.09794 -0.09731
fb: 0.00011 -0.02109 0.09794 -0.09731
lin/ang/drive_left/drive_right/tv_l/tv_r/av_l/av_r/x/y/theta/tx/ty/ttheta: 0.00049 -0.06088 0.02119 -0.02098 0.10452 -0.19533 0.08950 -0.09172 35.81944 47.31000 -75.33943 35.97238 47.33931 281.40532
target: 0.00049 -0.00812
target: 0.10501 -0.03417
fb: 0.00398 -0.04020 -0.08236 0.08263
fb: 0.00036 -0.05498 -0.08236 0.08263
lin/ang/drive_left/drive_right/tv_l/tv_r/av_l/av_r/x/y/theta/tx/ty/ttheta: 0.00042 -0.01985 0.05535 -0.05462 0.10452 -0.19533 -0.05903 0.06108 35.81951 47.30972 -75.74840 35.97238 47.33931 281.40532
target: 0.00042 -0.00265
target: 0.10495 -0.02869
fb: -0.00332 -0.05862 -0.11055 0.11035
fb: 0.00042 -0.05108 -0.11055 0.11035
lin/ang/drive_left/drive_right/tv_l/tv_r/av_l/av_r/x/y/theta/tx/ty/ttheta: 0.00035 0.02744 0.05150 -0.05066 0.10452 -0.19533 -0.10489 0.10506 35.81958 47.30940 -76.21975 35.97238 47.33931 281.40532
target: 0.00035 0.00366
target: 0.10487 -0.02239
fb: 0.00410 -0.03937 -0.12131 0.12095
fb: 0.00024 -0.02474 -0.12131 0.12095
lin/ang/drive_left/drive_right/tv_l/tv_r/av_l/av_r/x/y/theta/tx/ty/ttheta: 0.00030 0.05505 0.02499 -0.02450 0.10452 -0.19533 -0.11942 0.11892 35.81963 47.30922 -76.49524 35.97238 47.33931 281.40532
target: 0.00030 0.00734
target: 0.10483 -0.01871
fb: 0.00013 -0.00915 -0.10876 0.10864
fb: 0.00001 0.00734 -0.10876 0.10864
lin/ang/drive_left/drive_right/tv_l/tv_r/av_l/av_r/x/y/theta/tx/ty/ttheta: 0.00030 0.05583 -0.00733 0.00735 0.10452 -0.19533 -0.10061 0.10181 35.81963 47.30921 -76.50300 35.97238 47.33931 281.40532
target: 0.00030 0.00745
target: 0.10482 -0.01860
fb: -0.00014 0.02839 -0.08719 0.08746
fb: -0.00405 0.05130 -0.08719 0.08746
lin/ang/drive_left/drive_right/tv_l/tv_r/av_l/av_r/x/y/theta/tx/ty/ttheta: 0.00050 0.02150 -0.05536 0.04725 0.10452 -0.19533 -0.08078 0.07975 35.81887 47.31231 -76.16061 35.97238 47.33931 281.40532
target: 0.00050 0.00287
target: 0.10502 -0.02318
fb: -0.00041 0.05742 0.10600 -0.10378
fb: 0.00332 0.05615 0.10600 -0.10378
lin/ang/drive_left/drive_right/tv_l/tv_r/av_l/av_r/x/y/theta/tx/ty/ttheta: 0.00044 -0.02745 -0.05283 0.05946 0.10452 -0.19533 0.07528 -0.07564 35.81950 47.30978 -75.67267 35.97238 47.33931 281.40532
target: 0.00044 -0.00366
target: 0.10496 -0.02971
fb: -0.00041 0.05078 0.12238 -0.12252
fb: -0.00033 0.03515 0.12238 -0.12252
lin/ang/drive_left/drive_right/tv_l/tv_r/av_l/av_r/x/y/theta/tx/ty/ttheta: 0.00050 -0.06449 -0.03548 0.03482 0.10452 -0.19533 0.11533 -0.11481 35.81944 47.31003 -75.30348 35.97238 47.33931 281.40532
target: 0.00050 -0.00860
target: 0.10502 -0.03465
fb: -0.00021 0.01893 0.11787 -0.11687
fb: -0.00009 0.00461 0.11787 -0.11687
lin/ang/drive_left/drive_right/tv_l/tv_r/av_l/av_r/x/y/theta/tx/ty/ttheta: 0.00051 -0.07464 -0.00470 0.00452 0.10452 -0.19533 0.11431 -0.11433 35.81942 47.31009 -75.20232 35.97238 47.33931 281.40532
target: 0.00051 -0.00995
target: 0.10503 -0.03600
fb: 0.00001 -0.00818 0.09739 -0.09677
fb: 0.00012 -0.02224 0.09739 -0.09677
lin/ang/drive_left/drive_right/tv_l/tv_r/av_l/av_r/x/y/theta/tx/ty/ttheta: 0.00049 -0.06152 0.02236 -0.02212 0.10452 -0.19533 0.09069 -0.09292 35.81944 47.31001 -75.33304 35.97238 47.33931 281.40532
target: 0.00049 -0.00820
target: 0.10501 -0.03425
fb: 0.00024 -0.04052 -0.08298 0.08325
fb: 0.00036 -0.05355 -0.08298 0.08325
lin/ang/drive_left/drive_right/tv_l/tv_r/av_l/av_r/x/y/theta/tx/ty/ttheta: 0.00043 -0.02097 0.05390 -0.05319 0.10452 -0.19533 -0.05475 0.04739 35.81951 47.30973 -75.73721 35.97238 47.33931 281.40532
target: 0.00043 -0.00280
target: 0.10495 -0.02884
fb: 0.00042 -0.05721 -0.11002 0.10983
fb: 0.00041 -0.04960 -0.11002 0.10983
lin/ang/drive_left/drive_right/tv_l/tv_r/av_l/av_r/x/y/theta/tx/ty/ttheta: 0.00035 0.02505 0.05000 -0.04919 0.10452 -0.19533 -0.10317 0.09361 35.81959 47.30942 -76.19612 35.97238 47.33931 281.40532
target: 0.00035 0.00334
target: 0.10487 -0.02271
fb: 0.00033 -0.03769 -0.12000 0.11966
fb: 0.00024 -0.02410 -0.12000 0.11966
lin/ang/drive_left/drive_right/tv_l/tv_r/av_l/av_r/x/y/theta/tx/ty/ttheta: 0.00031 0.05166 0.02433 -0.02386 0.10452 -0.19533 -0.11175 0.10814 35.81963 47.30924 -76.46162 35.97238 47.33931 281.40532
target: 0.00031 0.00689
target: 0.10483 -0.01916
fb: 0.00012 -0.00847 -0.10755 0.10745
fb: 0.00000 0.00797 -0.10755 0.10745
lin/ang/drive_left/drive_right/tv_l/tv_r/av_l/av_r/x/y/theta/tx/ty/ttheta: 0.00031 0.05188 -0.00797 0.00797 0.10452 -0.19533 -0.10131 0.10267 35.81963 47.30924 -76.46375 35.97238 47.33931 281.40532
target: 0.00031 0.00692
target: 0.10483 -0.01913
fb: -0.00013 0.02657 -0.08626 0.08654
fb: -0.00028 0.04634 -0.08626 0.08654
lin/ang/drive_left/drive_right/tv_l/tv_r/av_l/av_r/x/y/theta/tx/ty/ttheta: 0.00036 0.02047 -0.04662 0.04607 0.10452 -0.19533 -0.08161 0.08128 35.81958 47.30945 -76.15047 35.97238 47.33931 281.40532
target: 0.00036 0.00273
target: 0.10488 -0.02332
fb: -0.00038 0.05462 0.10306 -0.10227
fb: -0.00042 0.05451 0.10306 -0.10227
lin/ang/drive_left/drive_right/tv_l/tv_r/av_l/av_r/x/y/theta/tx/ty/ttheta: 0.00043 -0.02655 -0.05492 0.05409 0.10452 -0.19533 0.06144 -0.06825 35.81950 47.30977 -75.68158 35.97238 47.33931 281.40532
target: 0.00043 -0.00354
target: 0.10496 -0.02959
fb: -0.00039 0.04848 0.12135 -0.12026
fb: -0.00032 0.03460 0.12135 -0.12026
lin/ang/drive_left/drive_right/tv_l/tv_r/av_l/av_r/x/y/theta/tx/ty/ttheta: 0.00049 -0.06237 -0.03491 0.03428 0.10452 -0.19533 0.11431 -0.11258 35.81944 47.31001 -75.32461 35.97238 47.33931 281.40532
target: 0.00049 -0.00832
target: 0.10501 -0.03436
fb: -0.00020 0.01904 0.11663 -0.11565
fb: -0.00009 0.00452 0.11663 -0.11565
lin/ang/drive_left/drive_right/tv_l/tv_r/av_l/av_r/x/y/theta/tx/ty/ttheta: 0.00051 -0.07253 -0.00461 0.00443 0.10452 -0.19533 0.11431 -0.11414 35.81942 47.31008 -75.22338 35.97238 47.33931 281.40532
target: 0.00051 -0.00967
target: 0.10503 -0.03572
fb: 0.00002 -0.00859 0.09714 -0.09652
fb: 0.00012 -0.02377 0.09714 -0.09652
lin/ang/drive_left/drive_right/tv_l/tv_r/av_l/av_r/x/y/theta/tx/ty/ttheta: 0.00049 -0.05857 0.02390 -0.02365 0.10452 -0.19533 0.09242 -0.09325 35.81945 47.30999 -75.36242 35.97238 47.33931 281.40532
target: 0.00049 -0.00781
target: 0.10501 -0.03386
fb: 0.00025 -0.04231 -0.08401 0.08426
fb: 0.00037 -0.05555 -0.08401 0.08426
lin/ang/drive_left/drive_right/tv_l/tv_r/av_l/av_r/x/y/theta/tx/ty/ttheta: 0.00042 -0.01639 0.05592 -0.05518 0.10452 -0.19533 -0.05953 0.05219 35.81952 47.30970 -75.78289 35.97238 47.33931 281.40532
target: 0.00042 -0.00219
target: 0.10494 -0.02823
fb: 0.00043 -0.05693 -0.11190 0.11167
fb: 0.00040 -0.04821 -0.11190 0.11167
lin/ang/drive_left/drive_right/tv_l/tv_r/av_l/av_r/x/y/theta/tx/ty/ttheta: 0.00035 0.02891 0.04861 -0.04780 0.10452 -0.19533 -0.10489 0.10353 35.81960 47.30940 -76.23460 35.97238 47.33931 281.40532
target: 0.00035 0.00385
target: 0.10487 -0.02219
fb: 0.00032 -0.03561 -0.11988 0.11954
fb: 0.00022 -0.02137 -0.11988 0.11954
lin/ang/drive_left/drive_right/tv_l/tv_r/av_l/av_r/x/y/theta/tx/ty/ttheta: 0.00031 0.05344 0.02158 -0.02115 0.10452 -0.19533 -0.11222 0.11208 35.81964 47.30923 -76.47940 35.97238 47.33931 281.40532
target: 0.00031 0.00713
target: 0.10483 -0.01892
fb: 0.00010 -0.00588 -0.10609 0.10601
fb: -0.00001 0.00979 -0.10609 0.10601
lin/ang/drive_left/drive_right/tv_l/tv_r/av_l/av_r/x/y/theta/tx/ty/ttheta: 0.00031 0.05176 -0.00980 0.00977 0.10452 -0.19533 -0.10011 0.10197 35.81963 47.30924 -76.46262 35.97238 47.33931 281.40532
target: 0.00031 0.00690
target: 0.10483 -0.01914
fb: -0.00016 0.03147 -0.08471 0.08502
fb: -0.00032 0.05126 -0.08471 0.08502
lin/ang/drive_left/drive_right/tv_l/tv_r/av_l/av_r/x/y/theta/tx/ty/ttheta: 0.00037 0.01613 -0.05157 0.05094 0.10452 -0.19533 -0.08044 0.08025 35.81958 47.30948 -76.10719 35.97238 47.33931 281.40532
target: 0.00037 0.00215
target: 0.10489 -0.02390
fb: -0.00041 0.05665 0.10700 -0.10614
fb: -0.00043 0.05524 0.10700 -0.10614
lin/ang/drive_left/drive_right/tv_l/tv_r/av_l/av_r/x/y/theta/tx/ty/ttheta: 0.00044 -0.03209 -0.05567 0.05482 0.10452 -0.19533 0.07544 -0.06875 35.81949 47.30981 -75.62642 35.97238 47.33931 281.40532
target: 0.00044 -0.00428
target: 0.10497 -0.03033
fb: -0.00039 0.04729 0.12298 -0.12187
fb: -0.00030 0.03147 0.12298 -0.12187
lin/ang/drive_left/drive_right/tv_l/tv_r/av_l/av_r/x/y/theta/tx/ty/ttheta: 0.00050 -0.06604 -0.03177 0.03117 0.10452 -0.19533 0.11531 -0.11358 35.81943 47.31004 -75.28804 35.97238 47.33931 281.40532
target: 0.00050 -0.00881
target: 0.10502 -0.03485
fb: -0.00018 0.01600 0.11556 -0.11461
fb: -0.00007 0.00192 0.11556 -0.11461
lin/ang/drive_left/drive_right/tv_l/tv_r/av_l/av_r/x/y/theta/tx/ty/ttheta: 0.00051 -0.07376 -0.00199 0.00185 0.10452 -0.19533 0.11497 -0.11414 35.81942 47.31009 -75.21105 35.97238 47.33931 281.40532
target: 0.00051 -0.00984
target: 0.10503 -0.03588
fb: 0.00003 -0.01036 0.09533 -0.09474
fb: 0.00013 -0.02356 0.09533 -0.09474
lin/ang/drive_left/drive_right/tv_l/tv_r/av_l/av_r/x/y/theta/tx/ty/ttheta: 0.00049 -0.05914 0.02369 -0.02343 0.10452 -0.19533 0.09053 -0.09103 35.81945 47.30999 -75.35679 35.97238 47.33931 281.40532
target: 0.00049 -0.00789
target: 0.10501 -0.03393
fb: 0.00025 -0.04222 -0.08449 0.08473
fb: 0.00037 -0.05574 -0.08449 0.08473
lin/ang/drive_left/drive_right/tv_l/tv_r/av_l/av_r/x/y/theta/tx/ty/ttheta: 0.00042 -0.01691 0.05612 -0.05537 0.10452 -0.19533 -0.05989 0.05581 35.81952 47.30970 -75.77773 35.97238 47.33931 281.40532
target: 0.00042 -0.00225
target: 0.10494 -0.02830
fb: 0.00043 -0.05667 -0.11187 0.11165
fb: 0.00040 -0.04805 -0.11187 0.11165
lin/ang/drive_left/drive_right/tv_l/tv_r/av_l/av_r/x/y/theta/tx/ty/ttheta: 0.00035 0.02821 0.04845 -0.04765 0.10452 -0.19533 -0.10472 0.10300 35.81960 47.30940 -76.22767 35.97238 47.33931 281.40532
target: 0.00035 0.00376
target: 0.10487 -0.02229
fb: 0.00032 -0.03571 -0.11965 0.11932
fb: 0.00021 -0.02040 -0.11965 0.11932
lin/ang/drive_left/drive_right/tv_l/tv_r/av_l/av_r/x/y/theta/tx/ty/ttheta: 0.00031 0.05238 0.02061 -0.02019 0.10452 -0.19533 -0.11192 0.11122 35.81964 47.30924 -76.46877 35.97238 47.33931 281.40532
target: 0.00031 0.00698
target: 0.10483 -0.01906
fb: 0.00010 -0.00454 -0.10566 0.10559
fb: -0.00003 0.01137 -0.10566 0.10559
lin/ang/drive_left/drive_right/tv_l/tv_r/av_l/av_r/x/y/theta/tx/ty/ttheta: 0.00031 0.04944 -0.01140 0.01135 0.10452 -0.19533 -0.10028 0.10164 35.81963 47.30926 -76.43943 35.97238 47.33931 281.40532
target: 0.00031 0.00659
target: 0.10483 -0.01945
fb: -0.00017 0.03301 -0.08341 0.08375
fb: -0.00033 0.05251 -0.08341 0.08375
lin/ang/drive_left/drive_right/tv_l/tv_r/av_l/av_r/x/y/theta/tx/ty/ttheta: 0.00037 0.01260 -0.05284 0.05219 0.10452 -0.19533 -0.08025 0.08025 35.81957 47.30951 -76.07199 35.97238 47.33931 281.40532
target: 0.00037 0.00168
target: 0.10489 -0.02437
fb: -0.00042 0.05793 0.10840 -0.10752
fb: -0.00043 0.05545 0.10840 -0.10752
lin/ang/drive_left/drive_right/tv_l/tv_r/av_l/av_r/x/y/theta/tx/ty/ttheta: 0.00045 -0.03626 -0.05588 0.05501 0.10452 -0.19533 0.07561 -0.07594 35.81949 47.30984 -75.58486 35.97238 47.33931 281.40532
target: 0.00045 -0.00483
target: 0.10497 -0.03088
fb: -0.00039 0.04651 0.12400 -0.12288
fb: -0.00029 0.03019 0.12400 -0.12288
lin/ang/drive_left/drive_right/tv_l/tv_r/av_l/av_r/x/y/theta/tx/ty/ttheta: 0.00050 -0.06932 -0.03048 0.02990 0.10452 -0.19533 0.11533 -0.11533 35.81943 47.31006 -75.25533 35.97238 47.33931 281.40532
target: 0.00050 -0.00924
target: 0.10503 -0.03529
fb: -0.00017 0.01421 0.11525 -0.11430
fb: -0.00005 -0.00014 0.11525 -0.11430
lin/ang/drive_left/drive_right/tv_l/tv_r/av_l/av_r/x/y/theta/tx/ty/ttheta: 0.00051 -0.07539 0.00008 -0.00019 0.10452 -0.19533 0.11464 -0.11481 35.81942 47.31010 -75.19484 35.97238 47.33931 281.40532
target: 0.00051 -0.01005
target: 0.10504 -0.03610
fb: 0.00005 -0.01245 0.09418 -0.09362
fb: 0.00014 -0.02532 0.09418 -0.09362
lin/ang/drive_left/drive_right/tv_l/tv_r/av_l/av_r/x/y/theta/tx/ty/ttheta: 0.00049 -0.05910 0.02546 -0.02517 0.10452 -0.19533 0.08981 -0.09086 35.81945 47.30999 -75.35712 35.97238 47.33931 281.40532
target: 0.00049 -0.00788
target: 0.10501 -0.03393
fb: 0.00026 -0.04372 -0.08583 0.08605
fb: 0.00038 -0.05706 -0.08583 0.08605
lin/ang/drive_left/drive_right/tv_l/tv_r/av_l/av_r/x/y/theta/tx/ty/ttheta: 0.00042 -0.01566 0.05744 -0.05668 0.10452 -0.19533 -0.05989 0.05544 35.81952 47.30970 -75.79015 35.97238 47.33931 281.40532
target: 0.00042 -0.00209
target: 0.10494 -0.02814
fb: 0.00044 -0.05724 -0.11300 0.11276
fb: 0.00040 -0.04772 -0.11300 0.11276
lin/ang/drive_left/drive_right/tv_l/tv_r/av_l/av_r/x/y/theta/tx/ty/ttheta: 0.00034 0.02956 0.04812 -0.04732 0.10452 -0.19533 -0.10489 0.10333 35.81960 47.30939 -76.24111 35.97238 47.33931 281.40532
target: 0.00034 0.00394
target: 0.10487 -0.02211
fb: 0.00032 -0.03532 -0.11990 0.11956
fb: 0.00021 -0.01957 -0.11990 0.11956
lin/ang/drive_left/drive_right/tv_l/tv_r/av_l/av_r/x/y/theta/tx/ty/ttheta: 0.00031 0.05320 0.01978 -0.01937 0.10452 -0.19533 -0.11222 0.11103 35.81964 47.30923 -76.47698 35.97238 47.33931 281.40532
target: 0.00031 0.00709
target: 0.10483 -0.01895
fb: 0.00009 -0.00372 -0.10533 0.10528
fb: -0.00003 0.01254 -0.10533 0.10528
lin/ang/drive_left/drive_right/tv_l/tv_r/av_l/av_r/x/y/theta/tx/ty/ttheta: 0.00031 0.04940 -0.01257 0.01251 0.10452 -0.19533 -0.10011 0.10061 35.81963 47.30926 -76.43908 35.97238 47.33931 281.40532
target: 0.00031 0.00659
target: 0.10483 -0.01946
fb: -0.00018 0.03360 -0.08272 0.08306
fb: -0.00033 0.05307 -0.08272 0.08306
lin/ang/drive_left/drive_right/tv_l/tv_r/av_l/av_r/x/y/theta/tx/ty/ttheta: 0.00037 0.01207 -0.05340 0.05274 0.10452 -0.19533 -0.08061 0.07956 35.81957 47.30951 -76.06669 35.97238 47.33931 281.40532
target: 0.00037 0.00161
target: 0.10489 -0.02444
fb: -0.00042 0.05840 0.10886 -0.10798
fb: -0.00043 0.05565 0.10886 -0.10798
WARNING - pros.serial.terminal.terminal:reader - Connection to /dev/ttyACM1 broken - pros-cli version:3.5.6
WARNING - pros.serial.terminal.terminal:stop - Stopping terminal - pros-cli version:3.5.6

[tomas@nixbtw:~/projects/Robotics/current/libs/lyfast]$

