
[tomas@nixbtw:~/projects/Robotics/current/libs/lyfast]$ mu
Not sending analytics for this command.

Compiled src/main.cpp [WARNINGS]
In file included from ./include/api.h:68,
                 from ./include/main.h:37,
                 from src/main.cpp:1:
./include/pros/imu.hpp:145:30: warning: 'virtual int32_t pros::v5::Imu::reset(bool) const' was hidden [-Woverloaded-virtual=]
  145 |         virtual std::int32_t reset(bool blocking = false) const;
      |                              ^~~~~
src/main.cpp:51:13: note:   by 'int32_t ScaledIMU::reset(bool)'
   51 |     int32_t reset(bool blocking = false) {
      |             ^~~~~
./include/pros/imu.hpp:786:30: warning: 'virtual int32_t pros::v5::Imu::set_rotation(double) const' was hidden [-Woverloaded-virtual=]
  786 |         virtual std::int32_t set_rotation(const double target) const;
      |                              ^~~~~~~~~~~~
src/main.cpp:66:17: note:   by 'virtual int ScaledIMU::set_rotation(double)'
   66 |     virtual int set_rotation(double new_rotation) {
      |                 ^~~~~~~~~~~~
src/main.cpp: In function 'void odom_offset_tuning()':
src/main.cpp:1383:11: warning: unused variable 'pct' [-Wunused-variable]
 1383 |     float pct = 0.5;
      |           ^~~
Adding timestamp [OK]
Linking hot project with ./bin/cold.package.elf and blazing,Eigen,float_units,libc,liblvgl,libm,libpros,lyfast [OK]
Section sizes:
   text	   data	    bss	  total	    hex	filename
92.52KB 452.00B  46.01MB  46.10MB 2e19045 bin/hot.package.elf
Creating bin/hot.package.bin for VEX EDR V5 [DONE]
Uploading program "lyfast" (lyfast) to V5 slot 1 on /dev/ttyACM0 (compressed)
Compressing library [####################################] 100%
Library is already onboard V5
Uploading slot_1.ini [####################################] 100%
Compressing binary [####################################] 100%
Uploading slot_1.bin (hot.package.bin) [####################################] 100%
Finished uploading "lyfast" (lyfast) to V5

[tomas@nixbtw:~/projects/Robotics/current/libs/lyfast]$

[tomas@nixbtw:~/projects/Robotics/current/libs/lyfast]$ t
Not sending analytics for this command.

Established terminal connection



         _+=+_
      .-`  .  `-.          8888888b.  8888888b.   .d88888b.   .d8888b.
   _+`     "     `+_       888   Y88b 888   Y88b d88P" "Y88b d88P  Y88b
  \\\sssssssssssss///      888    888 888    888 888     888 Y88b.
     .ss\  *  /ss.         888   d88P 888   d88P 888     888  "Y888b.
 .+bm  .s  *  s.  md+.     8888888P"  8888888P"  888     888     "Y88b.
.hMMMMs .  *  . sMMMMh.    888        888 T88b   888     888       "888
 `\hMMMb \ | / dMMMh:      888        888  T88b  Y88b. .d88P Y88b  d88P
   -SNMNo  -  oNMNs-       888        888   T88b  "Y88888P"   "Y8888P"
     `+dMh\./dMd/
        `:yNy:`                      Powered by PROS for VEX V5
           "                Copyright (c) Purdue University ACM SIGBots
Version:        4.2.1     Platform:  V1.1.5 (b18)     Uptime:    0.000 s
Compiled:   Jan  1 1980 00:00:00     Directory:





         _+=+_
      .-`  .  `-.          8888888b.  8888888b.   .d88888b.   .d8888b.
   _+`     "     `+_       888   Y88b 888   Y88b d88P" "Y88b d88P  Y88b
  \\\sssssssssssss///      888    888 888    888 888     888 Y88b.
     .ss\  *  /ss.         888   d88P 888   d88P 888     888  "Y888b.
 .+bm  .s  *  s.  md+.     8888888P"  8888888P"  888     888     "Y88b.
.hMMMMs .  *  . sMMMMh.    888        888 T88b   888     888       "888
 `\hMMMb \ | / dMMMh:      888        888  T88b  Y88b. .d88P Y88b  d88P
   -SNMNo  -  oNMNs-       888        888   T88b  "Y88888P"   "Y8888P"
     `+dMh\./dMd/
        `:yNy:`                      Powered by PROS for VEX V5
           "                Copyright (c) Purdue University ACM SIGBots
Version:        4.2.1     Platform:  V1.1.5 (b18)     Uptime:    0.000 s
Compiled:   Jan  1 1980 00:00:00     Directory:


total distance: 78.136703
delta_distance: 0.100000
allocated for points 791
adding points:1769
isolated constraints:2348
forwards pass:2766
backwards pass:3174
travel times:3352
final time:3365
a_{kin}=\left[99.9999,99.9999,99.9999,99.9999,99.9999,99.9999,99.9999,99.9999,99.9999,99.9999,99.9999,99.9999,99.9999,99.9999,99.9999,99.9999,99.9999,99.9999,99.9999,99.9999,99.9999,99.9999,99.9999,99.9999,99.9999,99.9999,99.9999,99.9999,99.9999,99.9999,99.9999,99.9999,99.9999,99.9999,99.9999,99.9999,99.9999,99.9999,99.9999,99.9999,99.9999,99.9999,99.9999,99.9999,99.9999,99.9999,99.9999,99.9999,99.9999,99.9999,99.9999,99.9999,99.9999,99.9999,99.9999,99.9999,99.9999,99.9999,99.9999,99.9999,99.9999,99.9999,99.9999,99.9999,99.9999,99.9999,99.9999,99.9999,99.9999,99.9999,99.9999,99.9999,99.9999,99.9999,99.9999,99.9999,99.9999,99.9999,99.9999,99.9999,99.9999,99.9999,99.9999,99.9999,99.9999,99.9999,99.9999,99.9999,99.9999,99.9999,99.9999,99.9999,99.9999,99.9999,99.9999,99.9999,99.9999,99.9999,99.9999,99.9999,99.9999,99.9999,99.9999,99.9999,99.9999,99.9999,99.9999,99.9999,99.9999,99.9999,99.9999,99.9999,99.9999,99.9999,99.9999,99.9999,99.9999,99.9999,99.9999,99.9999,99.9999,99.9999,99.9999,99.9999,99.9999,99.9999,99.9999,99.9999,99.9999,99.9999,99.9999,99.9999,99.9999,99.9999,99.9999,99.9999,99.9999,99.9999,99.9999,99.9999,99.9999,99.9999,99.9999,99.9999,99.9999,99.9999,99.9999,99.9999,99.9999,99.9999,99.9999,99.9999,99.9999,99.9999,99.9999,99.9999,99.9999,99.9999,99.9999,99.9999,99.9999,99.9999,99.9999,99.9999,99.9999,99.9999,99.9999,99.9999,99.9999,99.9999,99.9999,99.9999,99.9999,99.9999,99.9999,99.9999,99.9999,99.9999,99.9999,99.9999,99.9999,99.9999,99.9999,99.9999,99.9999,99.9999,99.9999,99.9999,99.9999,99.9999,99.9999,99.9999,99.9999,99.9999,99.9999,99.9999,99.9999,99.9999,99.9999,99.9999,99.9999,99.9999,99.9999,99.9999,99.9999,99.9999,99.9999,99.9999,99.9999,99.9999,99.9999,99.9999,99.9999,99.9999,99.9999,99.9999,99.9999,99.9999,99.9999,99.9999,99.9999,99.9999,99.9999,99.9999,99.9999,99.9999,99.9999,99.9999,99.9999,99.9999,99.9999,99.9999,99.9999,99.9999,99.9999,99.9999,87.0848,87.0213,86.9578,86.8941,86.8304,86.7666,86.7028,86.6390,86.5751,86.5112,86.4473,86.3834,86.3195,86.2556,86.1918,86.1280,86.0643,86.0006,85.9370,85.8734,85.8100,85.7467,85.6835,85.6204,85.5575,85.4948,85.4322,85.3698,85.3075,85.2456,85.1838,85.1223,85.0610,85.0000,84.9393,84.8788,84.8187,84.7589,84.6995,84.6404,84.5817,84.5234,84.4655,84.4081,84.3510,84.2944,84.2383,84.1827,84.1276,84.0731,84.0191,83.9656,83.9127,83.8604,83.8088,83.7577,83.7074,83.6577,83.6087,83.5603,83.5128,83.4659,83.4199,83.3746,83.3301,83.2865,83.2437,83.2017,83.1606,83.1204,83.0812,83.0428,83.0055,82.9690,82.9336,82.8992,82.8658,82.8335,82.8022,82.7720,82.7429,82.7149,82.6881,82.6624,82.6378,82.6145,82.5923,82.5714,82.5517,82.5332,82.5160,82.5001,82.4855,82.4722,82.4602,82.4495,82.4402,82.4322,82.4257,82.4205,82.4167,82.4143,82.4133,82.4138,82.4157,82.4191,82.4239,82.4302,82.4380,82.4473,82.4580,82.4703,82.4841,82.4994,82.5162,82.5345,82.5544,82.5758,82.5987,82.6232,82.6492,82.6768,82.7059,82.7366,82.7688,82.8026,82.8379,82.8748,82.9133,82.9532,82.9947,83.0378,83.0824,83.1285,83.1762,83.2254,83.2761,83.3283,83.3821,83.4373,83.4941,83.5523,83.6120,83.6732,83.7359,83.8000,83.8656,83.9326,84.0011,84.0709,84.1422,84.2149,84.2890,84.3644,84.4412,84.5194,84.5989,84.6798,84.7619,84.8454,84.9302,85.0162,85.1035,85.1921,85.2819,85.3730,85.4653,85.5587,85.6534,85.7492,85.8462,85.9443,86.0436,86.1440,86.2455,86.3481,86.4517,86.5564,86.6622,86.7690,86.8769,86.9857,87.0955,87.2063,87.3181,87.4309,87.5445,87.6591,87.7746,87.8911,88.0084,88.1266,88.2456,88.3655,88.4862,88.6078,88.7301,88.8533,88.9773,89.1021,89.2276,89.3539,89.4809,89.6087,89.7372,89.8664,89.9963,90.1269,90.2582,90.3902,90.5228,90.6562,90.7901,90.9248,91.0600,91.1959,91.3324,91.4696,91.6073,91.7456,91.8846,92.0241,92.1642,92.3049,92.4462,92.5880,92.7304,92.8734,93.0169,93.1610,93.3056,93.4507,93.5964,93.7427,93.8894,94.0367,94.1846,94.3329,94.4818,94.6312,94.7811,94.9316,95.0825,95.2340,95.3860,95.5385,95.6915,95.8451,95.9991,96.1537,96.3088,96.4644,96.6205,96.7772,96.9343,97.0920,97.2502,97.4089,97.5682,97.7280,97.8883,98.0491,98.2104,98.3723,98.5348,98.6977,98.8613,99.0253,99.1899,99.3550,99.5207,99.6870,99.8538,99.9788,99.8116,99.6450,99.4788,99.3133,99.1483,98.9838,98.8199,98.6565,98.4937,98.3314,98.1696,98.0084,97.8477,97.6875,97.5279,97.3688,97.2102,97.0521,96.8946,96.7376,96.5810,96.4251,96.2696,96.1146,95.9602,95.8062,95.6528,95.4999,95.3475,95.1957,95.0443,94.8935,94.7432,94.5934,94.4441,94.2954,94.1472,93.9995,93.8523,93.7056,93.5595,93.4140,93.2689,93.1245,92.9805,92.8371,92.6943,92.5521,92.4103,92.2692,92.1287,91.9887,91.8493,91.7105,91.5723,91.4347,91.2977,91.1613,91.0256,90.8905,90.7560,90.6222,90.4890,90.3565,90.2247,90.0935,89.9631,89.8333,89.7043,89.5759,89.4483,89.3215,89.1954,89.0700,88.9454,88.8216,88.6986,88.5764,88.4551,88.3345,88.2148,88.0960,87.9780,87.8609,87.7446,87.6293,87.5149,87.4015,87.2889,87.1774,87.0667,86.9571,86.8485,86.7409,86.6343,86.5288,86.4243,86.3209,86.2185,86.1173,86.0171,85.9181,85.8202,85.7235,85.6279,85.5335,85.4403,85.3484,85.2576,85.1680,85.0797,84.9927,84.9070,84.8225,84.7393,84.6574,84.5769,84.4977,84.4198,84.3433,84.2682,84.1944,84.1221,84.0512,83.9816,83.9135,83.8468,83.7816,83.7178,83.6555,83.5947,83.5353,83.4775,83.4211,83.3662,83.3129,83.2610,83.2107,83.1619,83.1146,83.0689,83.0247,82.9821,82.9410,82.9014,82.8634,82.8270,82.7921,82.7587,82.7269,82.6967,82.6680,82.6409,82.6153,82.5913,82.5688,82.5478,82.5284,82.5106,82.4942,82.4794,82.4661,82.4543,82.4440,82.4352,82.4279,82.4221,82.4178,82.4149,82.4135,82.4135,82.4150,82.4178,82.4221,82.4278,82.4349,82.4433,82.4532,82.4643,82.4768,82.4906,82.5058,82.5222,82.5399,82.5589,82.5791,82.6005,82.6232,82.6470,82.6721,82.6983,82.7256,82.7541,82.7837,82.8144,82.8462,82.8790,82.9129,82.9478,82.9837,83.0206,83.0584,83.0973,83.1370,83.1776,83.2192,83.2616,83.3049,83.3490,83.3940,83.4397,83.4862,83.5335,83.5815,83.6302,83.6797,83.7298,83.7806,83.8320,83.8841,83.9368,83.9901,84.0440,84.0984,84.1533,84.2088,84.2648,84.3213,84.3782,84.4356,84.4935,84.5517,84.6104,84.6694,84.7289,84.7886,84.8487,84.9092,84.9699,85.0309,85.0922,85.1538,85.2156,85.2777,85.3400,85.4025,85.4651,85.5280,85.5910,85.6542,85.7175,85.7810,85.8445,85.9082,85.9719,86.0358,86.0997,86.1636,86.2276,86.2917,86.3557,86.4198,86.4839,86.5480,86.6120,86.6761,86.7401,86.8040,86.8679,86.9318,86.9956,87.0593,87.0849\right]
a_{turn}=\left[5118110.0000,5118110.0000,5118110.0000,5118110.0000,5118110.0000,5118110.0000,5118110.0000,5118110.0000,5118110.0000,5118110.0000,5118110.0000,5118110.0000,5118110.0000,5118110.0000,5118110.0000,5118110.0000,5118110.0000,5118110.0000,5118110.0000,5118110.0000,5118110.0000,5118110.0000,5118110.0000,5118110.0000,5118110.0000,5118110.0000,5118110.0000,5118110.0000,5118110.0000,5118110.0000,5118110.0000,5118110.0000,5118110.0000,5118110.0000,5118110.0000,5118110.0000,5118110.0000,5118110.0000,5118110.0000,5118110.0000,5118110.0000,5118110.0000,5118110.0000,5118110.0000,5118110.0000,5118110.0000,5118110.0000,5118110.0000,5118110.0000,5118110.0000,5118110.0000,5118110.0000,5118110.0000,5118110.0000,5118110.0000,5118110.0000,5118110.0000,5118110.0000,5118110.0000,5118110.0000,5118110.0000,5118110.0000,5118110.0000,5118110.0000,5118110.0000,5118110.0000,5118110.0000,5118110.0000,5118110.0000,5118110.0000,5118110.0000,5118110.0000,5118110.0000,5118110.0000,5118110.0000,5118110.0000,5118110.0000,5118110.0000,5118110.0000,5118110.0000,5118110.0000,5118110.0000,5118110.0000,5118110.0000,5118110.0000,5118110.0000,5118110.0000,5118110.0000,5118110.0000,5118110.0000,5118110.0000,5118110.0000,5118110.0000,5118110.0000,5118110.0000,5118110.0000,5118110.0000,5118110.0000,5118110.0000,5118110.0000,5118110.0000,5118110.0000,5118110.0000,5118110.0000,5118110.0000,5118110.0000,5118110.0000,5118110.0000,5118110.0000,5118110.0000,5118110.0000,5118110.0000,5118110.0000,5118110.0000,5118110.0000,5118110.0000,5118110.0000,5118110.0000,5118110.0000,5118110.0000,5118110.0000,5118110.0000,5118110.0000,5118110.0000,5118110.0000,5118110.0000,5118110.0000,5118110.0000,5118110.0000,5118110.0000,5118110.0000,5118110.0000,5118110.0000,5118110.0000,5118110.0000,5118110.0000,5118110.0000,5118110.0000,5118110.0000,5118110.0000,5118110.0000,5118110.0000,5118110.0000,5118110.0000,5118110.0000,5118110.0000,5118110.0000,5118110.0000,5118110.0000,5118110.0000,5118110.0000,5118110.0000,5118110.0000,5118110.0000,5118110.0000,5118110.0000,5118110.0000,5118110.0000,5118110.0000,5118110.0000,5118110.0000,5118110.0000,5118110.0000,5118110.0000,5118110.0000,5118110.0000,5118110.0000,5118110.0000,5118110.0000,5118110.0000,5118110.0000,5118110.0000,5118110.0000,5118110.0000,5118110.0000,5118110.0000,5118110.0000,5118110.0000,5118110.0000,5118110.0000,5118110.0000,5118110.0000,5118110.0000,5118110.0000,5118110.0000,5118110.0000,5118110.0000,5118110.0000,5118110.0000,5118110.0000,5118110.0000,5118110.0000,5118110.0000,5118110.0000,5118110.0000,5118110.0000,5118110.0000,5118110.0000,5118110.0000,5118110.0000,5118110.0000,5118110.0000,5118110.0000,5118110.0000,5118110.0000,5118110.0000,5118110.0000,5118110.0000,5118110.0000,5118110.0000,5118110.0000,5118110.0000,5118110.0000,5118110.0000,5118110.0000,5118110.0000,5118110.0000,5118110.0000,5118110.0000,5118110.0000,5118110.0000,5118110.0000,5118110.0000,5118110.0000,5118110.0000,5118110.0000,5118110.0000,5118110.0000,5118110.0000,5118110.0000,5118110.0000,5118110.0000,5118110.0000,5118110.0000,5118110.0000,5118110.0000,46.0198,45.7612,45.5049,45.2508,44.9989,44.7492,44.5017,44.2564,44.0134,43.7726,43.5340,43.2977,43.0636,42.8318,42.6022,42.3749,42.1498,41.9270,41.7065,41.4883,41.2723,41.0586,40.8473,40.6382,40.4314,40.2269,40.0248,39.8249,39.6274,39.4323,39.2394,39.0489,38.8608,38.6749,38.4915,38.3104,38.1317,37.9554,37.7814,37.6098,37.4407,37.2739,37.1095,36.9476,36.7881,36.6309,36.4763,36.3240,36.1743,36.0270,35.8821,35.7397,35.5998,35.4624,35.3275,35.1950,35.0651,34.9377,34.8128,34.6905,34.5707,34.4534,34.3387,34.2267,34.1171,34.0102,33.9058,33.8041,33.7050,33.6085,33.5147,33.4235,33.3350,33.2491,33.1659,33.0855,33.0077,32.9326,32.8603,32.7908,32.7240,32.6599,32.5987,32.5402,32.4846,32.4318,32.3818,32.3347,32.2905,32.2492,32.2107,32.1752,32.1427,32.1130,32.0864,32.0628,32.0422,32.0246,32.0100,31.9985,31.9902,31.9849,31.9828,31.9839,31.9881,31.9955,32.0062,32.0201,32.0373,32.0578,32.0817,32.1089,32.1395,32.1736,32.2111,32.2521,32.2966,32.3446,32.3963,32.4515,32.5105,32.5731,32.6394,32.7095,32.7835,32.8613,32.9430,33.0286,33.1182,33.2119,33.3096,33.4115,33.5176,33.6279,33.7425,33.8615,33.9849,34.1128,34.2451,34.3821,34.5238,34.6702,34.8214,34.9775,35.1386,35.3047,35.4759,35.6524,35.8341,36.0212,36.2138,36.4120,36.6158,36.8254,37.0409,37.2624,37.4901,37.7239,37.9641,38.2108,38.4642,38.7243,38.9913,39.2653,39.5466,39.8352,40.1314,40.4353,40.7471,41.0670,41.3952,41.7319,42.0773,42.4316,42.7950,43.1679,43.5504,43.9428,44.3454,44.7585,45.1824,45.6173,46.0637,46.5217,46.9919,47.4746,47.9702,48.4790,49.0016,49.5383,50.0897,50.6562,51.2383,51.8367,52.4518,53.0843,53.7348,54.4041,55.0927,55.8015,56.5312,57.2827,58.0569,58.8546,59.6770,60.5249,61.3996,62.3022,63.2339,64.1961,65.1902,66.2178,67.2803,68.3796,69.5174,70.6958,71.9167,73.1826,74.4956,75.8586,77.2741,78.7453,80.2755,81.8680,83.5267,85.2557,87.0595,88.9428,90.9111,92.9699,95.1257,97.3853,99.7563,102.2471,104.8669,107.6258,110.5352,113.6075,116.8568,120.2986,123.9504,127.8322,131.9661,136.3773,141.0945,146.1511,151.5845,157.4384,163.7635,170.6190,178.0742,186.2116,195.1295,204.9453,215.8017,227.8733,241.3759,256.5803,273.8293,293.5652,316.3678,343.0110,374.5550,412.4890,458.9731,517.2640,592.5158,693.3928,835.6639,1051.3894,1417.2596,2173.6494,4661.4707,32251.1543,3616.0881,1915.4403,1302.7544,987.0308,794.4890,664.8046,571.5150,501.1865,446.2705,402.2003,366.0523,335.8665,310.2803,288.3164,269.2573,252.5620,237.8164,224.6984,212.9524,202.3740,192.7972,184.0866,176.1298,168.8332,162.1178,155.9170,150.1739,144.8396,139.8720,135.2347,130.8962,126.8283,123.0066,119.4095,116.0180,112.8148,109.7849,106.9147,104.1919,101.6055,99.1456,96.8034,94.5707,92.4400,90.4045,88.4582,86.5955,84.8110,83.1001,81.4584,79.8819,78.3669,76.9100,75.5080,74.1578,72.8569,71.6026,70.3926,69.2246,68.0966,67.0068,65.9532,64.9342,63.9482,62.9938,62.0695,61.1740,60.3061,59.4647,58.6486,57.8568,57.0884,56.3424,55.6179,54.9142,54.2305,53.5660,52.9200,52.2919,51.6810,51.0867,50.5085,49.9458,49.3981,48.8649,48.3458,47.8402,47.3479,46.8683,46.4011,45.9460,45.5025,45.0703,44.6491,44.2386,43.8386,43.4486,43.0685,42.6980,42.3368,41.9847,41.6415,41.3070,40.9808,40.6629,40.3531,40.0511,39.7568,39.4700,39.1905,38.9182,38.6529,38.3945,38.1428,37.8977,37.6591,37.4268,37.2007,36.9807,36.7666,36.5585,36.3560,36.1593,35.9681,35.7823,35.6019,35.4268,35.2569,35.0921,34.9323,34.7774,34.6274,34.4823,34.3418,34.2060,34.0748,33.9481,33.8259,33.7081,33.5946,33.4854,33.3805,33.2797,33.1831,33.0906,33.0020,32.9175,32.8369,32.7602,32.6874,32.6183,32.5530,32.4915,32.4336,32.3795,32.3289,32.2819,32.2385,32.1986,32.1621,32.1291,32.0996,32.0734,32.0506,32.0312,32.0151,32.0022,31.9926,31.9863,31.9831,31.9832,31.9864,31.9927,32.0022,32.0148,32.0304,32.0491,32.0709,32.0957,32.1234,32.1541,32.1879,32.2245,32.2641,32.3066,32.3520,32.4003,32.4514,32.5054,32.5623,32.6219,32.6844,32.7496,32.8177,32.8885,32.9620,33.0383,33.1174,33.1991,33.2836,33.3707,33.4605,33.5530,33.6482,33.7460,33.8465,33.9495,34.0553,34.1635,34.2745,34.3880,34.5040,34.6227,34.7439,34.8677,34.9940,35.1228,35.2542,35.3881,35.5245,35.6634,35.8049,35.9488,36.0951,36.2440,36.3953,36.5491,36.7053,36.8640,37.0251,37.1887,37.3547,37.5231,37.6939,37.8671,38.0427,38.2207,38.4011,38.5839,38.7690,38.9566,39.1464,39.3387,39.5333,39.7302,39.9295,40.1311,40.3350,40.5413,40.7499,40.9608,41.1740,41.3895,41.6073,41.8274,42.0498,42.2745,42.5015,42.7307,42.9622,43.1959,43.4320,43.6702,43.9108,44.1535,44.3985,44.6458,44.8953,45.1470,45.4009,45.6571,45.9155,46.0200\right]
d_{kin}=\left[99.9999,99.9999,99.9999,99.9999,99.9999,99.9999,99.9999,99.9999,99.9999,99.9999,99.9999,99.9999,99.9999,99.9999,99.9999,99.9999,99.9999,99.9999,99.9999,99.9999,99.9999,99.9999,99.9999,99.9999,99.9999,99.9999,99.9999,99.9999,99.9999,99.9999,99.9999,99.9999,99.9999,99.9999,99.9999,99.9999,99.9999,99.9999,99.9999,99.9999,99.9999,99.9999,99.9999,99.9999,99.9999,99.9999,99.9999,99.9999,99.9999,99.9999,99.9999,99.9999,99.9999,99.9999,99.9999,99.9999,99.9999,99.9999,99.9999,99.9999,99.9999,99.9999,99.9999,99.9999,99.9999,99.9999,99.9999,99.9999,99.9999,99.9999,99.9999,99.9999,99.9999,99.9999,99.9999,99.9999,99.9999,99.9999,99.9999,99.9999,99.9999,99.9999,99.9999,99.9999,99.9999,99.9999,99.9999,99.9999,99.9999,99.9999,99.9999,99.9999,99.9999,99.9999,99.9999,99.9999,99.9999,99.9999,99.9999,99.9999,99.9999,99.9999,99.9999,99.9999,99.9999,99.9999,99.9999,99.9999,99.9999,99.9999,99.9999,99.9999,99.9999,99.9999,99.9999,99.9999,99.9999,99.9999,99.9999,99.9999,99.9999,99.9999,99.9999,99.9999,99.9999,99.9999,99.9999,99.9999,99.9999,99.9999,99.9999,99.9999,99.9999,99.9999,99.9999,99.9999,99.9999,99.9999,99.9999,99.9999,99.9999,99.9999,99.9999,99.9999,99.9999,99.9999,99.9999,99.9999,99.9999,99.9999,99.9999,99.9999,99.9999,99.9999,99.9999,99.9999,99.9999,99.9999,99.9999,99.9999,99.9999,99.9999,99.9999,99.9999,99.9999,99.9999,99.9999,99.9999,99.9999,99.9999,99.9999,99.9999,99.9999,99.9999,99.9999,99.9999,99.9999,99.9999,99.9999,99.9999,99.9999,99.9999,99.9999,99.9999,99.9999,99.9999,99.9999,99.9999,99.9999,99.9999,99.9999,99.9999,99.9999,99.9999,99.9999,99.9999,99.9999,99.9999,99.9999,99.9999,99.9999,99.9999,99.9999,99.9999,99.9999,99.9999,99.9999,99.9999,99.9999,99.9999,99.9999,99.9999,99.9999,99.9999,99.9999,99.9999,99.9999,99.9999,99.9999,99.9999,99.9999,99.9999,99.9999,99.9999,99.9999,99.9999,99.9999,99.9999,99.9999,99.9999,99.9999,99.9999,99.9999,99.9999,99.9999,99.9999,87.0848,87.0213,86.9578,86.8941,86.8304,86.7666,86.7028,86.6390,86.5751,86.5112,86.4473,86.3834,86.3195,86.2556,86.1918,86.1280,86.0643,86.0006,85.9370,85.8734,85.8100,85.7467,85.6835,85.6204,85.5575,85.4948,85.4322,85.3698,85.3075,85.2456,85.1838,85.1223,85.0610,85.0000,84.9393,84.8788,84.8187,84.7589,84.6995,84.6404,84.5817,84.5234,84.4655,84.4081,84.3510,84.2944,84.2383,84.1827,84.1276,84.0731,84.0191,83.9656,83.9127,83.8604,83.8088,83.7577,83.7074,83.6577,83.6087,83.5603,83.5128,83.4659,83.4199,83.3746,83.3301,83.2865,83.2437,83.2017,83.1606,83.1204,83.0812,83.0428,83.0055,82.9690,82.9336,82.8992,82.8658,82.8335,82.8022,82.7720,82.7429,82.7149,82.6881,82.6624,82.6378,82.6145,82.5923,82.5714,82.5517,82.5332,82.5160,82.5001,82.4855,82.4722,82.4602,82.4495,82.4402,82.4322,82.4257,82.4205,82.4167,82.4143,82.4133,82.4138,82.4157,82.4191,82.4239,82.4302,82.4380,82.4473,82.4580,82.4703,82.4841,82.4994,82.5162,82.5345,82.5544,82.5758,82.5987,82.6232,82.6492,82.6768,82.7059,82.7366,82.7688,82.8026,82.8379,82.8748,82.9133,82.9532,82.9947,83.0378,83.0824,83.1285,83.1762,83.2254,83.2761,83.3283,83.3821,83.4373,83.4941,83.5523,83.6120,83.6732,83.7359,83.8000,83.8656,83.9326,84.0011,84.0709,84.1422,84.2149,84.2890,84.3644,84.4412,84.5194,84.5989,84.6798,84.7619,84.8454,84.9302,85.0162,85.1035,85.1921,85.2819,85.3730,85.4653,85.5587,85.6534,85.7492,85.8462,85.9443,86.0436,86.1440,86.2455,86.3481,86.4517,86.5564,86.6622,86.7690,86.8769,86.9857,87.0955,87.2063,87.3181,87.4309,87.5445,87.6591,87.7746,87.8911,88.0084,88.1266,88.2456,88.3655,88.4862,88.6078,88.7301,88.8533,88.9773,89.1021,89.2276,89.3539,89.4809,89.6087,89.7372,89.8664,89.9963,90.1269,90.2582,90.3902,90.5228,90.6562,90.7901,90.9248,91.0600,91.1959,91.3324,91.4696,91.6073,91.7456,91.8846,92.0241,92.1642,92.3049,92.4462,92.5880,92.7304,92.8734,93.0169,93.1610,93.3056,93.4507,93.5964,93.7427,93.8894,94.0367,94.1846,94.3329,94.4818,94.6312,94.7811,94.9316,95.0825,95.2340,95.3860,95.5385,95.6915,95.8451,95.9991,96.1537,96.3088,96.4644,96.6205,96.7772,96.9343,97.0920,97.2502,97.4089,97.5682,97.7280,97.8883,98.0491,98.2104,98.3723,98.5348,98.6977,98.8613,99.0253,99.1899,99.3550,99.5207,99.6870,99.8538,99.9788,99.8116,99.6450,99.4788,99.3133,99.1483,98.9838,98.8199,98.6565,98.4937,98.3314,98.1696,98.0084,97.8477,97.6875,97.5279,97.3688,97.2102,97.0521,96.8946,96.7376,96.5810,96.4251,96.2696,96.1146,95.9602,95.8062,95.6528,95.4999,95.3475,95.1957,95.0443,94.8935,94.7432,94.5934,94.4441,94.2954,94.1472,93.9995,93.8523,93.7056,93.5595,93.4140,93.2689,93.1245,92.9805,92.8371,92.6943,92.5521,92.4103,92.2692,92.1287,91.9887,91.8493,91.7105,91.5723,91.4347,91.2977,91.1613,91.0256,90.8905,90.7560,90.6222,90.4890,90.3565,90.2247,90.0935,89.9631,89.8333,89.7043,89.5759,89.4483,89.3215,89.1954,89.0700,88.9454,88.8216,88.6986,88.5764,88.4551,88.3345,88.2148,88.0960,87.9780,87.8609,87.7446,87.6293,87.5149,87.4015,87.2889,87.1774,87.0667,86.9571,86.8485,86.7409,86.6343,86.5288,86.4243,86.3209,86.2185,86.1173,86.0171,85.9181,85.8202,85.7235,85.6279,85.5335,85.4403,85.3484,85.2576,85.1680,85.0797,84.9927,84.9070,84.8225,84.7393,84.6574,84.5769,84.4977,84.4198,84.3433,84.2682,84.1944,84.1221,84.0512,83.9816,83.9135,83.8468,83.7816,83.7178,83.6555,83.5947,83.5353,83.4775,83.4211,83.3662,83.3129,83.2610,83.2107,83.1619,83.1146,83.0689,83.0247,82.9821,82.9410,82.9014,82.8634,82.8270,82.7921,82.7587,82.7269,82.6967,82.6680,82.6409,82.6153,82.5913,82.5688,82.5478,82.5284,82.5106,82.4942,82.4794,82.4661,82.4543,82.4440,82.4352,82.4279,82.4221,82.4178,82.4149,82.4135,82.4135,82.4150,82.4178,82.4221,82.4278,82.4349,82.4433,82.4532,82.4643,82.4768,82.4906,82.5058,82.5222,82.5399,82.5589,82.5791,82.6005,82.6232,82.6470,82.6721,82.6983,82.7256,82.7541,82.7837,82.8144,82.8462,82.8790,82.9129,82.9478,82.9837,83.0206,83.0584,83.0973,83.1370,83.1776,83.2192,83.2616,83.3049,83.3490,83.3940,83.4397,83.4862,83.5335,83.5815,83.6302,83.6797,83.7298,83.7806,83.8320,83.8841,83.9368,83.9901,84.0440,84.0984,84.1533,84.2088,84.2648,84.3213,84.3782,84.4356,84.4935,84.5517,84.6104,84.6694,84.7289,84.7886,84.8487,84.9092,84.9699,85.0309,85.0922,85.1538,85.2156,85.2777,85.3400,85.4025,85.4651,85.5280,85.5910,85.6542,85.7175,85.7810,85.8445,85.9082,85.9719,86.0358,86.0997,86.1636,86.2276,86.2917,86.3557,86.4198,86.4839,86.5480,86.6120,86.6761,86.7401,86.8040,86.8679,86.9318,86.9956,87.0593,87.0849\right]
d_{turn}=\left[5118110.0000,5118110.0000,5118110.0000,5118110.0000,5118110.0000,5118110.0000,5118110.0000,5118110.0000,5118110.0000,5118110.0000,5118110.0000,5118110.0000,5118110.0000,5118110.0000,5118110.0000,5118110.0000,5118110.0000,5118110.0000,5118110.0000,5118110.0000,5118110.0000,5118110.0000,5118110.0000,5118110.0000,5118110.0000,5118110.0000,5118110.0000,5118110.0000,5118110.0000,5118110.0000,5118110.0000,5118110.0000,5118110.0000,5118110.0000,5118110.0000,5118110.0000,5118110.0000,5118110.0000,5118110.0000,5118110.0000,5118110.0000,5118110.0000,5118110.0000,5118110.0000,5118110.0000,5118110.0000,5118110.0000,5118110.0000,5118110.0000,5118110.0000,5118110.0000,5118110.0000,5118110.0000,5118110.0000,5118110.0000,5118110.0000,5118110.0000,5118110.0000,5118110.0000,5118110.0000,5118110.0000,5118110.0000,5118110.0000,5118110.0000,5118110.0000,5118110.0000,5118110.0000,5118110.0000,5118110.0000,5118110.0000,5118110.0000,5118110.0000,5118110.0000,5118110.0000,5118110.0000,5118110.0000,5118110.0000,5118110.0000,5118110.0000,5118110.0000,5118110.0000,5118110.0000,5118110.0000,5118110.0000,5118110.0000,5118110.0000,5118110.0000,5118110.0000,5118110.0000,5118110.0000,5118110.0000,5118110.0000,5118110.0000,5118110.0000,5118110.0000,5118110.0000,5118110.0000,5118110.0000,5118110.0000,5118110.0000,5118110.0000,5118110.0000,5118110.0000,5118110.0000,5118110.0000,5118110.0000,5118110.0000,5118110.0000,5118110.0000,5118110.0000,5118110.0000,5118110.0000,5118110.0000,5118110.0000,5118110.0000,5118110.0000,5118110.0000,5118110.0000,5118110.0000,5118110.0000,5118110.0000,5118110.0000,5118110.0000,5118110.0000,5118110.0000,5118110.0000,5118110.0000,5118110.0000,5118110.0000,5118110.0000,5118110.0000,5118110.0000,5118110.0000,5118110.0000,5118110.0000,5118110.0000,5118110.0000,5118110.0000,5118110.0000,5118110.0000,5118110.0000,5118110.0000,5118110.0000,5118110.0000,5118110.0000,5118110.0000,5118110.0000,5118110.0000,5118110.0000,5118110.0000,5118110.0000,5118110.0000,5118110.0000,5118110.0000,5118110.0000,5118110.0000,5118110.0000,5118110.0000,5118110.0000,5118110.0000,5118110.0000,5118110.0000,5118110.0000,5118110.0000,5118110.0000,5118110.0000,5118110.0000,5118110.0000,5118110.0000,5118110.0000,5118110.0000,5118110.0000,5118110.0000,5118110.0000,5118110.0000,5118110.0000,5118110.0000,5118110.0000,5118110.0000,5118110.0000,5118110.0000,5118110.0000,5118110.0000,5118110.0000,5118110.0000,5118110.0000,5118110.0000,5118110.0000,5118110.0000,5118110.0000,5118110.0000,5118110.0000,5118110.0000,5118110.0000,5118110.0000,5118110.0000,5118110.0000,5118110.0000,5118110.0000,5118110.0000,5118110.0000,5118110.0000,5118110.0000,5118110.0000,5118110.0000,5118110.0000,5118110.0000,5118110.0000,5118110.0000,5118110.0000,5118110.0000,5118110.0000,5118110.0000,5118110.0000,5118110.0000,5118110.0000,5118110.0000,5118110.0000,5118110.0000,5118110.0000,5118110.0000,5118110.0000,5118110.0000,5118110.0000,5118110.0000,5118110.0000,5118110.0000,5118110.0000,5118110.0000,5118110.0000,5118110.0000,5118110.0000,5118110.0000,5118110.0000,5118110.0000,5118110.0000,46.0198,45.7612,45.5049,45.2508,44.9989,44.7492,44.5017,44.2564,44.0134,43.7726,43.5340,43.2977,43.0636,42.8318,42.6022,42.3749,42.1498,41.9270,41.7065,41.4883,41.2723,41.0586,40.8473,40.6382,40.4314,40.2269,40.0248,39.8249,39.6274,39.4323,39.2394,39.0489,38.8608,38.6749,38.4915,38.3104,38.1317,37.9554,37.7814,37.6098,37.4407,37.2739,37.1095,36.9476,36.7881,36.6309,36.4763,36.3240,36.1743,36.0270,35.8821,35.7397,35.5998,35.4624,35.3275,35.1950,35.0651,34.9377,34.8128,34.6905,34.5707,34.4534,34.3387,34.2267,34.1171,34.0102,33.9058,33.8041,33.7050,33.6085,33.5147,33.4235,33.3350,33.2491,33.1659,33.0855,33.0077,32.9326,32.8603,32.7908,32.7240,32.6599,32.5987,32.5402,32.4846,32.4318,32.3818,32.3347,32.2905,32.2492,32.2107,32.1752,32.1427,32.1130,32.0864,32.0628,32.0422,32.0246,32.0100,31.9985,31.9902,31.9849,31.9828,31.9839,31.9881,31.9955,32.0062,32.0201,32.0373,32.0578,32.0817,32.1089,32.1395,32.1736,32.2111,32.2521,32.2966,32.3446,32.3963,32.4515,32.5105,32.5731,32.6394,32.7095,32.7835,32.8613,32.9430,33.0286,33.1182,33.2119,33.3096,33.4115,33.5176,33.6279,33.7425,33.8615,33.9849,34.1128,34.2451,34.3821,34.5238,34.6702,34.8214,34.9775,35.1386,35.3047,35.4759,35.6524,35.8341,36.0212,36.2138,36.4120,36.6158,36.8254,37.0409,37.2624,37.4901,37.7239,37.9641,38.2108,38.4642,38.7243,38.9913,39.2653,39.5466,39.8352,40.1314,40.4353,40.7471,41.0670,41.3952,41.7319,42.0773,42.4316,42.7950,43.1679,43.5504,43.9428,44.3454,44.7585,45.1824,45.6173,46.0637,46.5217,46.9919,47.4746,47.9702,48.4790,49.0016,49.5383,50.0897,50.6562,51.2383,51.8367,52.4518,53.0843,53.7348,54.4041,55.0927,55.8015,56.5312,57.2827,58.0569,58.8546,59.6770,60.5249,61.3996,62.3022,63.2339,64.1961,65.1902,66.2178,67.2803,68.3796,69.5174,70.6958,71.9167,73.1826,74.4956,75.8586,77.2741,78.7453,80.2755,81.8680,83.5267,85.2557,87.0595,88.9428,90.9111,92.9699,95.1257,97.3853,99.7563,102.2471,104.8669,107.6258,110.5352,113.6075,116.8568,120.2986,123.9504,127.8322,131.9661,136.3773,141.0945,146.1511,151.5845,157.4384,163.7635,170.6190,178.0742,186.2116,195.1295,204.9453,215.8017,227.8733,241.3759,256.5803,273.8293,293.5652,316.3678,343.0110,374.5550,412.4890,458.9731,517.2640,592.5158,693.3928,835.6639,1051.3894,1417.2596,2173.6494,4661.4707,32251.1543,3616.0881,1915.4403,1302.7544,987.0308,794.4890,664.8046,571.5150,501.1865,446.2705,402.2003,366.0523,335.8665,310.2803,288.3164,269.2573,252.5620,237.8164,224.6984,212.9524,202.3740,192.7972,184.0866,176.1298,168.8332,162.1178,155.9170,150.1739,144.8396,139.8720,135.2347,130.8962,126.8283,123.0066,119.4095,116.0180,112.8148,109.7849,106.9147,104.1919,101.6055,99.1456,96.8034,94.5707,92.4400,90.4045,88.4582,86.5955,84.8110,83.1001,81.4584,79.8819,78.3669,76.9100,75.5080,74.1578,72.8569,71.6026,70.3926,69.2246,68.0966,67.0068,65.9532,64.9342,63.9482,62.9938,62.0695,61.1740,60.3061,59.4647,58.6486,57.8568,57.0884,56.3424,55.6179,54.9142,54.2305,53.5660,52.9200,52.2919,51.6810,51.0867,50.5085,49.9458,49.3981,48.8649,48.3458,47.8402,47.3479,46.8683,46.4011,45.9460,45.5025,45.0703,44.6491,44.2386,43.8386,43.4486,43.0685,42.6980,42.3368,41.9847,41.6415,41.3070,40.9808,40.6629,40.3531,40.0511,39.7568,39.4700,39.1905,38.9182,38.6529,38.3945,38.1428,37.8977,37.6591,37.4268,37.2007,36.9807,36.7666,36.5585,36.3560,36.1593,35.9681,35.7823,35.6019,35.4268,35.2569,35.0921,34.9323,34.7774,34.6274,34.4823,34.3418,34.2060,34.0748,33.9481,33.8259,33.7081,33.5946,33.4854,33.3805,33.2797,33.1831,33.0906,33.0020,32.9175,32.8369,32.7602,32.6874,32.6183,32.5530,32.4915,32.4336,32.3795,32.3289,32.2819,32.2385,32.1986,32.1621,32.1291,32.0996,32.0734,32.0506,32.0312,32.0151,32.0022,31.9926,31.9863,31.9831,31.9832,31.9864,31.9927,32.0022,32.0148,32.0304,32.0491,32.0709,32.0957,32.1234,32.1541,32.1879,32.2245,32.2641,32.3066,32.3520,32.4003,32.4514,32.5054,32.5623,32.6219,32.6844,32.7496,32.8177,32.8885,32.9620,33.0383,33.1174,33.1991,33.2836,33.3707,33.4605,33.5530,33.6482,33.7460,33.8465,33.9495,34.0553,34.1635,34.2745,34.3880,34.5040,34.6227,34.7439,34.8677,34.9940,35.1228,35.2542,35.3881,35.5245,35.6634,35.8049,35.9488,36.0951,36.2440,36.3953,36.5491,36.7053,36.8640,37.0251,37.1887,37.3547,37.5231,37.6939,37.8671,38.0427,38.2207,38.4011,38.5839,38.7690,38.9566,39.1464,39.3387,39.5333,39.7302,39.9295,40.1311,40.3350,40.5413,40.7499,40.9608,41.1740,41.3895,41.6073,41.8274,42.0498,42.2745,42.5015,42.7307,42.9622,43.1959,43.4320,43.6702,43.9108,44.1535,44.3985,44.6458,44.8953,45.1470,45.4009,45.6571,45.9155,46.0200\right]
v_{kin}=\left[49.9999,49.9999,49.9999,49.9999,49.9999,49.9999,49.9999,49.9999,49.9999,49.9999,49.9999,49.9999,49.9999,49.9999,49.9999,49.9999,49.9999,49.9999,49.9999,49.9999,49.9999,49.9999,49.9999,49.9999,49.9999,49.9999,49.9999,49.9999,49.9999,49.9999,49.9999,49.9999,49.9999,49.9999,49.9999,49.9999,49.9999,49.9999,49.9999,49.9999,49.9999,49.9999,49.9999,49.9999,49.9999,49.9999,49.9999,49.9999,49.9999,49.9999,49.9999,49.9999,49.9999,49.9999,49.9999,49.9999,49.9999,49.9999,49.9999,49.9999,49.9999,49.9999,49.9999,49.9999,49.9999,49.9999,49.9999,49.9999,49.9999,49.9999,49.9999,49.9999,49.9999,49.9999,49.9999,49.9999,49.9999,49.9999,49.9999,49.9999,49.9999,49.9999,49.9999,49.9999,49.9999,49.9999,49.9999,49.9999,49.9999,49.9999,49.9999,49.9999,49.9999,49.9999,49.9999,49.9999,49.9999,49.9999,49.9999,49.9999,49.9999,49.9999,49.9999,49.9999,49.9999,49.9999,49.9999,49.9999,49.9999,49.9999,49.9999,49.9999,49.9999,49.9999,49.9999,49.9999,49.9999,49.9999,49.9999,49.9999,49.9999,49.9999,49.9999,49.9999,49.9999,49.9999,49.9999,49.9999,49.9999,49.9999,49.9999,49.9999,49.9999,49.9999,49.9999,49.9999,49.9999,49.9999,49.9999,49.9999,49.9999,49.9999,49.9999,49.9999,49.9999,49.9999,49.9999,49.9999,49.9999,49.9999,49.9999,49.9999,49.9999,49.9999,49.9999,49.9999,49.9999,49.9999,49.9999,49.9999,49.9999,49.9999,49.9999,49.9999,49.9999,49.9999,49.9999,49.9999,49.9999,49.9999,49.9999,49.9999,49.9999,49.9999,49.9999,49.9999,49.9999,49.9999,49.9999,49.9999,49.9999,49.9999,49.9999,49.9999,49.9999,49.9999,49.9999,49.9999,49.9999,49.9999,49.9999,49.9999,49.9999,49.9999,49.9999,49.9999,49.9999,49.9999,49.9999,49.9999,49.9999,49.9999,49.9999,49.9999,49.9999,49.9999,49.9999,49.9999,49.9999,49.9999,49.9999,49.9999,49.9999,49.9999,49.9999,49.9999,49.9999,49.9999,49.9999,49.9999,49.9999,49.9999,49.9999,49.9999,49.9999,49.9999,49.9999,49.9999,49.9999,49.9999,49.9999,49.9999,49.9999,49.9999,49.9999,49.9999,43.5424,43.5107,43.4789,43.4471,43.4152,43.3833,43.3514,43.3195,43.2875,43.2556,43.2237,43.1917,43.1598,43.1278,43.0959,43.0640,43.0321,43.0003,42.9685,42.9367,42.9050,42.8733,42.8418,42.8102,42.7788,42.7474,42.7161,42.6849,42.6538,42.6228,42.5919,42.5611,42.5305,42.5000,42.4696,42.4394,42.4094,42.3795,42.3498,42.3202,42.2909,42.2617,42.2328,42.2040,42.1755,42.1472,42.1192,42.0914,42.0638,42.0365,42.0095,41.9828,41.9564,41.9302,41.9044,41.8789,41.8537,41.8288,41.8043,41.7802,41.7564,41.7330,41.7099,41.6873,41.6651,41.6432,41.6218,41.6009,41.5803,41.5602,41.5406,41.5214,41.5027,41.4845,41.4668,41.4496,41.4329,41.4167,41.4011,41.3860,41.3715,41.3575,41.3440,41.3312,41.3189,41.3072,41.2962,41.2857,41.2758,41.2666,41.2580,41.2501,41.2427,41.2361,41.2301,41.2248,41.2201,41.2161,41.2128,41.2102,41.2083,41.2071,41.2067,41.2069,41.2079,41.2095,41.2120,41.2151,41.2190,41.2236,41.2290,41.2351,41.2420,41.2497,41.2581,41.2673,41.2772,41.2879,41.2994,41.3116,41.3246,41.3384,41.3530,41.3683,41.3844,41.4013,41.4190,41.4374,41.4566,41.4766,41.4974,41.5189,41.5412,41.5643,41.5881,41.6127,41.6381,41.6642,41.6910,41.7187,41.7470,41.7762,41.8060,41.8366,41.8680,41.9000,41.9328,41.9663,42.0005,42.0355,42.0711,42.1075,42.1445,42.1822,42.2206,42.2597,42.2995,42.3399,42.3810,42.4227,42.4651,42.5081,42.5518,42.5961,42.6410,42.6865,42.7326,42.7794,42.8267,42.8746,42.9231,42.9722,43.0218,43.0720,43.1227,43.1740,43.2259,43.2782,43.3311,43.3845,43.4384,43.4929,43.5478,43.6032,43.6591,43.7154,43.7723,43.8296,43.8873,43.9455,44.0042,44.0633,44.1228,44.1827,44.2431,44.3039,44.3651,44.4267,44.4886,44.5510,44.6138,44.6769,44.7404,44.8043,44.8686,44.9332,44.9981,45.0634,45.1291,45.1951,45.2614,45.3281,45.3951,45.4624,45.5300,45.5980,45.6662,45.7348,45.8036,45.8728,45.9423,46.0121,46.0821,46.1525,46.2231,46.2940,46.3652,46.4367,46.5085,46.5805,46.6528,46.7254,46.7982,46.8713,46.9447,47.0184,47.0923,47.1665,47.2409,47.3156,47.3906,47.4658,47.5413,47.6170,47.6930,47.7693,47.8458,47.9225,47.9996,48.0769,48.1544,48.2322,48.3103,48.3886,48.4672,48.5460,48.6251,48.7045,48.7841,48.8640,48.9441,49.0245,49.1052,49.1862,49.2674,49.3489,49.4306,49.5127,49.5950,49.6775,49.7604,49.8435,49.9269,49.9894,49.9058,49.8225,49.7394,49.6566,49.5741,49.4919,49.4100,49.3283,49.2468,49.1657,49.0848,49.0042,48.9239,48.8438,48.7640,48.6844,48.6051,48.5261,48.4473,48.3688,48.2905,48.2125,48.1348,48.0573,47.9801,47.9031,47.8264,47.7500,47.6738,47.5978,47.5222,47.4468,47.3716,47.2967,47.2221,47.1477,47.0736,46.9997,46.9261,46.8528,46.7798,46.7070,46.6345,46.5622,46.4903,46.4186,46.3472,46.2760,46.2052,46.1346,46.0643,45.9943,45.9246,45.8552,45.7861,45.7173,45.6488,45.5807,45.5128,45.4452,45.3780,45.3111,45.2445,45.1783,45.1123,45.0468,44.9815,44.9167,44.8521,44.7880,44.7242,44.6607,44.5977,44.5350,44.4727,44.4108,44.3493,44.2882,44.2275,44.1673,44.1074,44.0480,43.9890,43.9304,43.8723,43.8147,43.7575,43.7007,43.6445,43.5887,43.5334,43.4786,43.4243,43.3705,43.3172,43.2644,43.2121,43.1604,43.1093,43.0586,43.0086,42.9591,42.9101,42.8618,42.8140,42.7668,42.7202,42.6742,42.6288,42.5840,42.5399,42.4964,42.4535,42.4112,42.3697,42.3287,42.2884,42.2488,42.2099,42.1717,42.1341,42.0972,42.0611,42.0256,41.9908,41.9568,41.9234,41.8908,41.8589,41.8278,41.7974,41.7677,41.7387,41.7106,41.6831,41.6564,41.6305,41.6054,41.5810,41.5573,41.5345,41.5124,41.4910,41.4705,41.4507,41.4317,41.4135,41.3960,41.3794,41.3635,41.3483,41.3340,41.3204,41.3076,41.2956,41.2844,41.2739,41.2642,41.2553,41.2471,41.2397,41.2331,41.2272,41.2220,41.2176,41.2140,41.2111,41.2089,41.2075,41.2067,41.2068,41.2075,41.2089,41.2111,41.2139,41.2174,41.2217,41.2266,41.2322,41.2384,41.2453,41.2529,41.2611,41.2699,41.2794,41.2895,41.3003,41.3116,41.3235,41.3360,41.3491,41.3628,41.3771,41.3919,41.4072,41.4231,41.4395,41.4564,41.4739,41.4918,41.5103,41.5292,41.5486,41.5685,41.5888,41.6096,41.6308,41.6525,41.6745,41.6970,41.7198,41.7431,41.7667,41.7907,41.8151,41.8398,41.8649,41.8903,41.9160,41.9421,41.9684,41.9950,42.0220,42.0492,42.0767,42.1044,42.1324,42.1606,42.1891,42.2178,42.2467,42.2759,42.3052,42.3347,42.3644,42.3943,42.4244,42.4546,42.4850,42.5155,42.5461,42.5769,42.6078,42.6389,42.6700,42.7012,42.7326,42.7640,42.7955,42.8271,42.8588,42.8905,42.9223,42.9541,42.9860,43.0179,43.0498,43.0818,43.1138,43.1458,43.1779,43.2099,43.2419,43.2740,43.3060,43.3380,43.3700,43.4020,43.4340,43.4659,43.4978,43.5296,43.5424\right]
v_{turn}=\left[3937008.0000,3937008.0000,3937008.0000,3937008.0000,3937008.0000,3937008.0000,3937008.0000,3937008.0000,3937008.0000,3937008.0000,3937008.0000,3937008.0000,3937008.0000,3937008.0000,3937008.0000,3937008.0000,3937008.0000,3937008.0000,3937008.0000,3937008.0000,3937008.0000,3937008.0000,3937008.0000,3937008.0000,3937008.0000,3937008.0000,3937008.0000,3937008.0000,3937008.0000,3937008.0000,3937008.0000,3937008.0000,3937008.0000,3937008.0000,3937008.0000,3937008.0000,3937008.0000,3937008.0000,3937008.0000,3937008.0000,3937008.0000,3937008.0000,3937008.0000,3937008.0000,3937008.0000,3937008.0000,3937008.0000,3937008.0000,3937008.0000,3937008.0000,3937008.0000,3937008.0000,3937008.0000,3937008.0000,3937008.0000,3937008.0000,3937008.0000,3937008.0000,3937008.0000,3937008.0000,3937008.0000,3937008.0000,3937008.0000,3937008.0000,3937008.0000,3937008.0000,3937008.0000,3937008.0000,3937008.0000,3937008.0000,3937008.0000,3937008.0000,3937008.0000,3937008.0000,3937008.0000,3937008.0000,3937008.0000,3937008.0000,3937008.0000,3937008.0000,3937008.0000,3937008.0000,3937008.0000,3937008.0000,3937008.0000,3937008.0000,3937008.0000,3937008.0000,3937008.0000,3937008.0000,3937008.0000,3937008.0000,3937008.0000,3937008.0000,3937008.0000,3937008.0000,3937008.0000,3937008.0000,3937008.0000,3937008.0000,3937008.0000,3937008.0000,3937008.0000,3937008.0000,3937008.0000,3937008.0000,3937008.0000,3937008.0000,3937008.0000,3937008.0000,3937008.0000,3937008.0000,3937008.0000,3937008.0000,3937008.0000,3937008.0000,3937008.0000,3937008.0000,3937008.0000,3937008.0000,3937008.0000,3937008.0000,3937008.0000,3937008.0000,3937008.0000,3937008.0000,3937008.0000,3937008.0000,3937008.0000,3937008.0000,3937008.0000,3937008.0000,3937008.0000,3937008.0000,3937008.0000,3937008.0000,3937008.0000,3937008.0000,3937008.0000,3937008.0000,3937008.0000,3937008.0000,3937008.0000,3937008.0000,3937008.0000,3937008.0000,3937008.0000,3937008.0000,3937008.0000,3937008.0000,3937008.0000,3937008.0000,3937008.0000,3937008.0000,3937008.0000,3937008.0000,3937008.0000,3937008.0000,3937008.0000,3937008.0000,3937008.0000,3937008.0000,3937008.0000,3937008.0000,3937008.0000,3937008.0000,3937008.0000,3937008.0000,3937008.0000,3937008.0000,3937008.0000,3937008.0000,3937008.0000,3937008.0000,3937008.0000,3937008.0000,3937008.0000,3937008.0000,3937008.0000,3937008.0000,3937008.0000,3937008.0000,3937008.0000,3937008.0000,3937008.0000,3937008.0000,3937008.0000,3937008.0000,3937008.0000,3937008.0000,3937008.0000,3937008.0000,3937008.0000,3937008.0000,3937008.0000,3937008.0000,3937008.0000,3937008.0000,3937008.0000,3937008.0000,3937008.0000,3937008.0000,3937008.0000,3937008.0000,3937008.0000,3937008.0000,3937008.0000,3937008.0000,3937008.0000,3937008.0000,3937008.0000,3937008.0000,3937008.0000,3937008.0000,3937008.0000,3937008.0000,3937008.0000,3937008.0000,3937008.0000,3937008.0000,3937008.0000,3937008.0000,3937008.0000,3937008.0000,3937008.0000,3937008.0000,3937008.0000,3937008.0000,3937008.0000,3937008.0000,3937008.0000,3937008.0000,3937008.0000,3937008.0000,3937008.0000,3937008.0000,35.3998,35.2010,35.0038,34.8083,34.6145,34.4224,34.2321,34.0434,33.8564,33.6712,33.4877,33.3059,33.1258,32.9475,32.7709,32.5961,32.4229,32.2516,32.0819,31.9141,31.7479,31.5836,31.4210,31.2601,31.1011,30.9438,30.7883,30.6346,30.4826,30.3325,30.1842,30.0376,29.8929,29.7500,29.6088,29.4696,29.3321,29.1964,29.0626,28.9307,28.8005,28.6722,28.5458,28.4212,28.2985,28.1776,28.0587,27.9416,27.8264,27.7131,27.6016,27.4921,27.3845,27.2787,27.1750,27.0731,26.9732,26.8752,26.7791,26.6850,26.5928,26.5026,26.4144,26.3282,26.2439,26.1617,26.0814,26.0032,25.9269,25.8527,25.7805,25.7104,25.6423,25.5762,25.5123,25.4504,25.3905,25.3328,25.2772,25.2237,25.1723,25.1230,25.0759,25.0310,24.9882,24.9475,24.9091,24.8729,24.8389,24.8071,24.7775,24.7502,24.7251,24.7023,24.6819,24.6637,24.6478,24.6343,24.6231,24.6143,24.6078,24.6038,24.6022,24.6030,24.6062,24.6119,24.6201,24.6309,24.6441,24.6599,24.6782,24.6992,24.7227,24.7489,24.7778,24.8093,24.8435,24.8805,24.9202,24.9627,25.0080,25.0562,25.1072,25.1612,25.2181,25.2779,25.3407,25.4066,25.4756,25.5476,25.6228,25.7012,25.7828,25.8676,25.9558,26.0473,26.1422,26.2406,26.3424,26.4478,26.5568,26.6694,26.7857,26.9058,27.0297,27.1575,27.2892,27.4249,27.5647,27.7086,27.8568,28.0092,28.1660,28.3273,28.4930,28.6634,28.8385,29.0184,29.2032,29.3930,29.5878,29.7879,29.9933,30.2041,30.4205,30.6425,30.8703,31.1041,31.3439,31.5900,31.8425,32.1015,32.3671,32.6397,32.9193,33.2061,33.5003,33.8022,34.1119,34.4296,34.7557,35.0902,35.4336,35.7860,36.1477,36.5189,36.9001,37.2916,37.6936,38.1064,38.5305,38.9663,39.4141,39.8744,40.3475,40.8341,41.3345,41.8493,42.3790,42.9242,43.4855,44.0636,44.6591,45.2728,45.9054,46.5576,47.2304,47.9247,48.6415,49.3816,50.1463,50.9367,51.7541,52.5997,53.4749,54.3814,55.3206,56.2943,57.3043,58.3527,59.4416,60.5733,61.7504,62.9754,64.2513,65.5813,66.9688,68.4176,69.9316,71.5153,73.1736,74.9118,76.7356,78.6516,80.6669,82.7891,85.0271,87.3904,89.8898,92.5374,95.3465,98.3325,101.5124,104.9056,108.5342,112.4239,116.6035,121.1065,125.9720,131.2454,136.9802,143.2397,150.0996,157.6503,166.0013,175.2871,185.6738,197.3695,210.6380,225.8194,243.3598,263.8546,288.1193,317.2992,353.0562,397.8954,455.7814,533.3791,642.8184,808.7611,1090.1997,1672.0380,3585.7466,24808.5801,2781.6064,1473.4158,1002.1188,759.2545,611.1454,511.3882,439.6269,385.5281,343.2850,309.3849,281.5787,258.3589,238.6771,221.7819,207.1210,194.2784,182.9357,172.8449,163.8096,155.6723,148.3056,141.6051,135.4844,129.8717,124.7060,119.9362,115.5184,111.4151,107.5938,104.0267,100.6894,97.5602,94.6204,91.8535,89.2446,86.7806,84.4499,82.2421,80.1476,78.1581,76.2659,74.4642,72.7467,71.1077,69.5420,68.0448,66.6119,65.2392,63.9231,62.6603,61.4476,60.2823,59.1616,58.0831,57.0445,56.0438,55.0789,54.1481,53.2497,52.3820,51.5437,50.7332,49.9494,49.1909,48.4567,47.7457,47.0569,46.3893,45.7421,45.1143,44.5052,43.9141,43.3403,42.7830,42.2417,41.7158,41.2046,40.7077,40.2245,39.7546,39.2975,38.8527,38.4198,37.9985,37.5884,37.1891,36.8002,36.4215,36.0526,35.6932,35.3430,35.0019,34.6695,34.3455,34.0297,33.7220,33.4220,33.1296,32.8446,32.5668,32.2959,32.0319,31.7746,31.5237,31.2792,31.0409,30.8085,30.5821,30.3615,30.1465,29.9371,29.7330,29.5342,29.3406,29.1521,28.9685,28.7898,28.6159,28.4467,28.2820,28.1219,27.9662,27.8148,27.6677,27.5249,27.3861,27.2514,27.1207,26.9939,26.8710,26.7519,26.6365,26.5248,26.4168,26.3123,26.2114,26.1139,26.0199,25.9293,25.8420,25.7580,25.6773,25.5998,25.5255,25.4543,25.3862,25.3212,25.2592,25.2001,25.1441,25.0910,25.0408,24.9935,24.9490,24.9073,24.8684,24.8322,24.7988,24.7681,24.7401,24.7147,24.6920,24.6719,24.6543,24.6394,24.6270,24.6171,24.6097,24.6048,24.6024,24.6025,24.6049,24.6098,24.6171,24.6268,24.6388,24.6532,24.6699,24.6890,24.7103,24.7340,24.7599,24.7881,24.8185,24.8512,24.8862,24.9233,24.9626,25.0042,25.0479,25.0938,25.1418,25.1920,25.2444,25.2988,25.3554,25.4141,25.4749,25.5378,25.6027,25.6698,25.7389,25.8100,25.8832,25.9585,26.0357,26.1150,26.1963,26.2797,26.3650,26.4523,26.5416,26.6328,26.7261,26.8213,26.9184,27.0176,27.1186,27.2216,27.3266,27.4334,27.5422,27.6529,27.7655,27.8800,27.9964,28.1147,28.2349,28.3569,28.4809,28.6067,28.7344,28.8639,28.9953,29.1285,29.2636,29.4006,29.5393,29.6799,29.8223,29.9666,30.1126,30.2605,30.4102,30.5617,30.7150,30.8701,31.0269,31.1856,31.3461,31.5083,31.6723,31.8381,32.0056,32.1749,32.3460,32.5189,32.6934,32.8698,33.0478,33.2277,33.4092,33.5925,33.7775,33.9643,34.1527,34.3429,34.5348,34.7285,34.9238,35.1208,35.3196,35.4000\right]
v_{friction}=\left[6754.0059,6754.0059,6754.0059,6754.0059,6754.0059,6754.0059,6754.0059,6754.0059,6754.0059,6754.0059,6754.0059,6754.0059,6754.0059,6754.0059,6754.0059,6754.0059,6754.0059,6754.0059,6754.0059,6754.0059,6754.0059,6754.0059,6754.0059,6754.0059,6754.0059,6754.0059,6754.0059,6754.0059,6754.0059,6754.0059,6754.0059,6754.0059,6754.0059,6754.0059,6754.0059,6754.0059,6754.0059,6754.0059,6754.0059,6754.0059,6754.0059,6754.0059,6754.0059,6754.0059,6754.0059,6754.0059,6754.0059,6754.0059,6754.0059,6754.0059,6754.0059,6754.0059,6754.0059,6754.0059,6754.0059,6754.0059,6754.0059,6754.0059,6754.0059,6754.0059,6754.0059,6754.0059,6754.0059,6754.0059,6754.0059,6754.0059,6754.0059,6754.0059,6754.0059,6754.0059,6754.0059,6754.0059,6754.0059,6754.0059,6754.0059,6754.0059,6754.0059,6754.0059,6754.0059,6754.0059,6754.0059,6754.0059,6754.0059,6754.0059,6754.0059,6754.0059,6754.0059,6754.0059,6754.0059,6754.0059,6754.0059,6754.0059,6754.0059,6754.0059,6754.0059,6754.0059,6754.0059,6754.0059,6754.0059,6754.0059,6754.0059,6754.0059,6754.0059,6754.0059,6754.0059,6754.0059,6754.0059,6754.0059,6754.0059,6754.0059,6754.0059,6754.0059,6754.0059,6754.0059,6754.0059,6754.0059,6754.0059,6754.0059,6754.0059,6754.0059,6754.0059,6754.0059,6754.0059,6754.0059,6754.0059,6754.0059,6754.0059,6754.0059,6754.0059,6754.0059,6754.0059,6754.0059,6754.0059,6754.0059,6754.0059,6754.0059,6754.0059,6754.0059,6754.0059,6754.0059,6754.0059,6754.0059,6754.0059,6754.0059,6754.0059,6754.0059,6754.0059,6754.0059,6754.0059,6754.0059,6754.0059,6754.0059,6754.0059,6754.0059,6754.0059,6754.0059,6754.0059,6754.0059,6754.0059,6754.0059,6754.0059,6754.0059,6754.0059,6754.0059,6754.0059,6754.0059,6754.0059,6754.0059,6754.0059,6754.0059,6754.0059,6754.0059,6754.0059,6754.0059,6754.0059,6754.0059,6754.0059,6754.0059,6754.0059,6754.0059,6754.0059,6754.0059,6754.0059,6754.0059,6754.0059,6754.0059,6754.0059,6754.0059,6754.0059,6754.0059,6754.0059,6754.0059,6754.0059,6754.0059,6754.0059,6754.0059,6754.0059,6754.0059,6754.0059,6754.0059,6754.0059,6754.0059,6754.0059,6754.0059,6754.0059,6754.0059,6754.0059,6754.0059,6754.0059,6754.0059,6754.0059,6754.0059,6754.0059,6754.0059,6754.0059,6754.0059,6754.0059,6754.0059,6754.0059,6754.0059,6754.0059,6754.0059,6754.0059,6754.0059,6754.0059,6754.0059,6754.0059,6754.0059,6754.0059,6754.0059,6754.0059,6754.0059,6754.0059,6754.0059,6754.0059,6754.0059,20.2525,20.1955,20.1389,20.0826,20.0266,19.9710,19.9157,19.8607,19.8061,19.7518,19.6979,19.6444,19.5912,19.5384,19.4860,19.4339,19.3823,19.3310,19.2801,19.2296,19.1794,19.1297,19.0804,19.0315,18.9830,18.9350,18.8874,18.8401,18.7934,18.7470,18.7011,18.6557,18.6107,18.5661,18.5220,18.4784,18.4353,18.3926,18.3504,18.3087,18.2675,18.2267,18.1865,18.1468,18.1076,18.0689,18.0307,17.9930,17.9559,17.9193,17.8832,17.8477,17.8127,17.7783,17.7445,17.7112,17.6784,17.6463,17.6147,17.5838,17.5534,17.5236,17.4944,17.4658,17.4378,17.4105,17.3838,17.3577,17.3322,17.3074,17.2832,17.2597,17.2368,17.2146,17.1930,17.1722,17.1520,17.1325,17.1137,17.0955,17.0781,17.0614,17.0454,17.0301,17.0155,17.0017,16.9886,16.9762,16.9646,16.9538,16.9436,16.9343,16.9257,16.9179,16.9109,16.9047,16.8993,16.8946,16.8908,16.8877,16.8855,16.8842,16.8836,16.8839,16.8850,16.8869,16.8898,16.8934,16.8980,16.9034,16.9097,16.9168,16.9249,16.9339,16.9437,16.9545,16.9662,16.9788,16.9924,17.0069,17.0223,17.0387,17.0560,17.0743,17.0936,17.1139,17.1352,17.1574,17.1807,17.2050,17.2302,17.2566,17.2840,17.3124,17.3419,17.3724,17.4040,17.4367,17.4705,17.5054,17.5415,17.5786,17.6169,17.6564,17.6970,17.7387,17.7817,17.8259,17.8712,17.9178,17.9657,18.0148,18.0651,18.1168,18.1697,18.2239,18.2795,18.3364,18.3947,18.4544,18.5155,18.5780,18.6419,18.7073,18.7742,18.8426,18.9125,18.9840,19.0570,19.1317,19.2080,19.2859,19.3656,19.4469,19.5300,19.6149,19.7017,19.7902,19.8807,19.9731,20.0674,20.1638,20.2622,20.3627,20.4653,20.5701,20.6772,20.7866,20.8983,21.0125,21.1291,21.2482,21.3700,21.4944,21.6215,21.7515,21.8844,22.0203,22.1592,22.3013,22.4466,22.5953,22.7475,22.9032,23.0627,23.2260,23.3932,23.5645,23.7400,23.9200,24.1045,24.2937,24.4878,24.6871,24.8916,25.1017,25.3175,25.5394,25.7675,26.0021,26.2436,26.4923,26.7484,27.0124,27.2847,27.5657,27.8557,28.1554,28.4653,28.7858,29.1176,29.4614,29.8179,30.1878,30.5721,30.9717,31.3875,31.8207,32.2726,32.7444,33.2377,33.7541,34.2956,34.8640,35.4619,36.0917,36.7565,37.4595,38.2046,38.9960,39.8389,40.7390,41.7031,42.7391,43.8565,45.0664,46.3824,47.8210,49.4022,51.1516,53.1010,55.2918,57.7783,60.6335,63.9588,67.8989,72.6702,78.6133,86.3023,96.8029,112.3909,139.1879,203.8300,536.1413,179.5255,130.6595,107.7551,93.7933,84.1493,76.9757,71.3708,66.8354,63.0675,59.8726,57.1187,54.7129,52.5876,50.6922,48.9881,47.4450,46.0392,44.7514,43.5660,42.4702,41.4531,40.5058,39.6208,38.7914,38.0121,37.2781,36.5851,35.9294,35.3079,34.7177,34.1562,33.6213,33.1109,32.6232,32.1565,31.7095,31.2808,30.8692,30.4736,30.0930,29.7265,29.3732,29.0325,28.7036,28.3858,28.0786,27.7814,27.4937,27.2149,26.9448,26.6828,26.4285,26.1817,25.9420,25.7090,25.4825,25.2622,25.0478,24.8392,24.6360,24.4380,24.2451,24.0571,23.8738,23.6949,23.5204,23.3502,23.1839,23.0216,22.8631,22.7083,22.5570,22.4091,22.2646,22.1233,21.9851,21.8500,21.7178,21.5886,21.4621,21.3383,21.2172,21.0987,20.9827,20.8692,20.7580,20.6492,20.5427,20.4384,20.3363,20.2363,20.1384,20.0425,19.9486,19.8567,19.7667,19.6786,19.5924,19.5079,19.4252,19.3443,19.2650,19.1875,19.1116,19.0373,18.9647,18.8936,18.8240,18.7560,18.6895,18.6244,18.5608,18.4987,18.4380,18.3786,18.3207,18.2641,18.2088,18.1549,18.1023,18.0510,18.0009,17.9522,17.9046,17.8583,17.8133,17.7694,17.7267,17.6852,17.6449,17.6058,17.5678,17.5309,17.4952,17.4605,17.4270,17.3946,17.3633,17.3330,17.3038,17.2757,17.2486,17.2225,17.1975,17.1735,17.1505,17.1285,17.1075,17.0876,17.0685,17.0505,17.0334,17.0173,17.0022,16.9880,16.9747,16.9624,16.9509,16.9404,16.9309,16.9222,16.9144,16.9075,16.9015,16.8964,16.8921,16.8887,16.8862,16.8845,16.8837,16.8837,16.8845,16.8862,16.8887,16.8920,16.8962,16.9011,16.9068,16.9134,16.9207,16.9288,16.9376,16.9473,16.9577,16.9688,16.9808,16.9934,17.0068,17.0210,17.0359,17.0515,17.0678,17.0848,17.1025,17.1210,17.1401,17.1599,17.1805,17.2016,17.2235,17.2460,17.2692,17.2931,17.3176,17.3427,17.3685,17.3950,17.4220,17.4497,17.4780,17.5069,17.5364,17.5666,17.5973,17.6286,17.6605,17.6930,17.7261,17.7597,17.7939,17.8286,17.8640,17.8998,17.9362,17.9732,18.0107,18.0487,18.0872,18.1262,18.1658,18.2059,18.2465,18.2876,18.3291,18.3712,18.4138,18.4568,18.5003,18.5443,18.5887,18.6336,18.6790,18.7248,18.7710,18.8177,18.8649,18.9124,18.9604,19.0088,19.0577,19.1069,19.1566,19.2067,19.2571,19.3080,19.3593,19.4109,19.4629,19.5154,19.5681,19.6213,19.6748,19.7287,19.7830,19.8376,19.8926,19.9479,20.0035,20.0595,20.1159,20.1726,20.2295,20.2526\right]
v_{forward}=\left[0.0000,5.3877,7.6194,9.3319,10.7755,12.0474,13.1972,14.2546,15.2389,16.1632,17.0376,17.8691,18.6637,19.4258,20.1591,20.8667,21.5510,22.2143,22.8583,23.4847,24.0947,24.6898,25.2708,25.8387,26.3945,26.9387,27.4722,27.9956,28.5093,29.0139,29.5099,29.9977,30.4777,30.9503,31.4157,31.8744,32.3265,32.7724,33.2123,33.6465,34.0751,34.4984,34.9166,35.3298,35.7343,36.1303,36.5180,36.8979,37.2703,37.6354,37.9935,38.3449,38.6899,39.0286,39.3613,39.6882,40.0095,40.3254,40.6360,40.9415,41.2421,41.5379,41.8290,42.1157,42.3980,42.6760,42.9499,43.2198,43.4858,43.7479,44.0064,44.2612,44.5126,44.7605,45.0050,45.2463,45.4843,45.7193,45.9512,46.1802,46.4062,46.6294,46.8498,47.0675,47.2826,47.4950,47.7049,47.9123,48.1172,48.3198,48.5200,48.7179,48.9135,49.1069,49.2982,49.4873,49.6743,49.8593,49.9999,49.9999,49.9999,49.9999,49.9999,49.9999,49.9999,49.9999,49.9999,49.9999,49.9999,49.9999,49.9999,49.9999,49.9999,49.9999,49.9999,49.9999,49.9999,49.9999,49.9999,49.9999,49.9999,49.9999,49.9999,49.9999,49.9999,49.9999,49.9999,49.9999,49.9999,49.9999,49.9999,49.9999,49.9999,49.9999,49.9999,49.9999,49.9999,49.9999,49.9999,49.9999,49.9999,49.9999,49.9999,49.9999,49.9999,49.9999,49.9999,49.9999,49.9999,49.9999,49.9999,49.9999,49.9999,49.9999,49.9999,49.9999,49.9999,49.9999,49.9999,49.9999,49.9999,49.9999,49.9999,49.9999,49.9999,49.9999,49.9999,49.9999,49.9999,49.9999,49.9999,49.9999,49.9999,49.9999,49.9999,49.9999,49.9999,49.9999,49.9999,49.9999,49.9999,49.9999,49.9999,49.9999,49.9999,49.9999,49.9999,49.9999,49.9999,49.9999,49.9999,49.9999,49.9999,49.9999,49.9999,49.9999,49.9999,49.9999,49.9999,49.9999,49.9999,49.9999,49.9999,49.9999,49.9999,49.9999,49.9999,49.9999,49.9999,49.9999,49.9999,49.9999,49.9999,49.9999,49.9999,49.9999,49.9999,49.9999,49.9999,49.9999,49.9999,49.9999,49.9999,49.9999,49.9999,49.9999,49.9999,49.9999,49.9999,49.9999,49.9999,49.9999,49.9999,49.9999,49.9999,49.9999,20.2525,20.1955,20.1389,20.0826,20.0266,19.9710,19.9157,19.8607,19.8061,19.7518,19.6979,19.6444,19.5912,19.5384,19.4860,19.4339,19.3823,19.3310,19.2801,19.2296,19.1794,19.1297,19.0804,19.0315,18.9830,18.9350,18.8874,18.8401,18.7934,18.7470,18.7011,18.6557,18.6107,18.5661,18.5220,18.4784,18.4353,18.3926,18.3504,18.3087,18.2675,18.2267,18.1865,18.1468,18.1076,18.0689,18.0307,17.9930,17.9559,17.9193,17.8832,17.8477,17.8127,17.7783,17.7445,17.7112,17.6784,17.6463,17.6147,17.5838,17.5534,17.5236,17.4944,17.4658,17.4378,17.4105,17.3838,17.3577,17.3322,17.3074,17.2832,17.2597,17.2368,17.2146,17.1930,17.1722,17.1520,17.1325,17.1137,17.0955,17.0781,17.0614,17.0454,17.0301,17.0155,17.0017,16.9886,16.9762,16.9646,16.9538,16.9436,16.9343,16.9257,16.9179,16.9109,16.9047,16.8993,16.8946,16.8908,16.8877,16.8855,16.8842,16.8836,16.8839,16.8850,16.8869,16.8898,16.8934,16.8980,16.9034,16.9097,16.9168,16.9249,16.9339,16.9437,16.9545,16.9662,16.9788,16.9924,17.0069,17.0223,17.0387,17.0560,17.0743,17.0936,17.1139,17.1352,17.1574,17.1807,17.2050,17.2302,17.2566,17.2840,17.3124,17.3419,17.3724,17.4040,17.4367,17.4705,17.5054,17.5415,17.5786,17.6169,17.6564,17.6970,17.7387,17.7817,17.8259,17.8712,17.9178,17.9657,18.0148,18.0651,18.1168,18.1697,18.2239,18.2795,18.3364,18.3947,18.4544,18.5155,18.5780,18.6419,18.7073,18.7742,18.8426,18.9125,18.9840,19.0570,19.1317,19.2080,19.2859,19.3656,19.4469,19.5300,19.6149,19.7017,19.7902,19.8807,19.9731,20.0674,20.1638,20.2622,20.3627,20.4653,20.5701,20.6772,20.7866,20.8983,21.0125,21.1291,21.2482,21.3700,21.4944,21.6215,21.7515,21.8844,22.0203,22.1592,22.3013,22.4466,22.5953,22.7475,22.9032,23.0627,23.2260,23.3932,23.5645,23.7400,23.9200,24.1045,24.2937,24.4878,24.6871,24.8916,25.1017,25.3175,25.5394,25.7675,26.0021,26.2436,26.4923,26.7484,27.0124,27.2847,27.5657,27.8557,28.1554,28.4653,28.7829,29.1041,29.4291,29.7582,30.0915,30.4294,30.7721,31.1199,31.4731,31.8320,32.1970,32.5685,32.9469,33.3326,33.7262,34.1282,34.5391,34.9568,35.3694,35.7731,36.1682,36.5552,36.9343,37.3060,37.6704,38.0278,38.3786,38.7230,39.0611,39.3932,39.7196,40.0403,40.3557,40.6658,40.9708,41.2709,41.5663,41.8570,42.1432,42.4251,42.7027,42.9762,43.2457,43.5113,43.7731,44.0312,44.2857,44.5367,44.7843,45.0285,45.2695,45.5072,45.7419,45.9735,46.2022,46.4280,46.6509,46.8710,47.0885,47.3033,47.4450,46.0392,44.7514,43.5660,42.4702,41.4531,40.5058,39.6208,38.7914,38.0121,37.2781,36.5851,35.9294,35.3079,34.7177,34.1562,33.6213,33.1109,32.6232,32.1565,31.7095,31.2808,30.8692,30.4736,30.0930,29.7265,29.3732,29.0325,28.7036,28.3858,28.0786,27.7814,27.4937,27.2149,26.9448,26.6828,26.4285,26.1817,25.9420,25.7090,25.4825,25.2622,25.0478,24.8392,24.6360,24.4380,24.2451,24.0571,23.8738,23.6949,23.5204,23.3502,23.1839,23.0216,22.8631,22.7083,22.5570,22.4091,22.2646,22.1233,21.9851,21.8500,21.7178,21.5886,21.4621,21.3383,21.2172,21.0987,20.9827,20.8692,20.7580,20.6492,20.5427,20.4384,20.3363,20.2363,20.1384,20.0425,19.9486,19.8567,19.7667,19.6786,19.5924,19.5079,19.4252,19.3443,19.2650,19.1875,19.1116,19.0373,18.9647,18.8936,18.8240,18.7560,18.6895,18.6244,18.5608,18.4987,18.4380,18.3786,18.3207,18.2641,18.2088,18.1549,18.1023,18.0510,18.0009,17.9522,17.9046,17.8583,17.8133,17.7694,17.7267,17.6852,17.6449,17.6058,17.5678,17.5309,17.4952,17.4605,17.4270,17.3946,17.3633,17.3330,17.3038,17.2757,17.2486,17.2225,17.1975,17.1735,17.1505,17.1285,17.1075,17.0876,17.0685,17.0505,17.0334,17.0173,17.0022,16.9880,16.9747,16.9624,16.9509,16.9404,16.9309,16.9222,16.9144,16.9075,16.9015,16.8964,16.8921,16.8887,16.8862,16.8845,16.8837,16.8837,16.8845,16.8862,16.8887,16.8920,16.8962,16.9011,16.9068,16.9134,16.9207,16.9288,16.9376,16.9473,16.9577,16.9688,16.9808,16.9934,17.0068,17.0210,17.0359,17.0515,17.0678,17.0848,17.1025,17.1210,17.1401,17.1599,17.1805,17.2016,17.2235,17.2460,17.2692,17.2931,17.3176,17.3427,17.3685,17.3950,17.4220,17.4497,17.4780,17.5069,17.5364,17.5666,17.5973,17.6286,17.6605,17.6930,17.7261,17.7597,17.7939,17.8286,17.8640,17.8998,17.9362,17.9732,18.0107,18.0487,18.0872,18.1262,18.1658,18.2059,18.2465,18.2876,18.3291,18.3712,18.4138,18.4568,18.5003,18.5443,18.5887,18.6336,18.6790,18.7248,18.7710,18.8177,18.8649,18.9124,18.9604,19.0088,19.0577,19.1069,19.1566,19.2067,19.2571,19.3080,19.3593,19.4109,19.4629,19.5154,19.5681,19.6213,19.6748,19.7287,19.7830,19.8376,19.8926,19.9479,20.0035,20.0595,20.1159,20.1726,20.2295,0.0000\right]
v_{backward}=\left[0.0000,5.3877,7.6194,9.3319,10.7755,12.0474,13.1972,14.2546,15.2389,16.1632,17.0376,17.8691,18.6637,19.4258,20.1591,20.8667,21.5510,22.2143,22.8583,23.4847,24.0947,24.6898,25.2708,25.8387,26.3945,26.9387,27.4722,27.9956,28.5093,29.0139,29.5099,29.9977,30.4777,30.9503,31.4157,31.8744,32.3265,32.7724,33.2123,33.6465,34.0751,34.4984,34.9166,35.3298,35.7343,36.1303,36.5180,36.8979,37.2703,37.6354,37.9935,38.3449,38.6899,39.0286,39.3613,39.6882,40.0095,40.3254,40.6360,40.9415,41.2421,41.5379,41.8290,42.1157,42.3980,42.6760,42.9499,43.2198,43.4858,43.7479,44.0064,44.2612,44.5126,44.7605,45.0050,45.2463,45.4843,45.7193,45.9512,46.1802,46.4062,46.6294,46.8498,47.0675,47.2826,47.4950,47.7049,47.9123,48.1172,48.3198,48.5200,48.7179,48.9135,49.1069,49.2982,49.4873,49.6743,49.8593,49.9999,49.9999,49.9999,49.9999,49.9999,49.9999,49.9999,49.9999,49.9999,49.9999,49.9999,49.9999,49.9999,49.9999,49.9999,49.9999,49.9999,49.9999,49.9999,49.9999,49.9999,49.9999,49.9999,49.9999,49.9999,49.9999,49.9999,49.9999,49.9999,49.9999,49.9999,49.9999,49.9999,49.9910,49.8075,49.6220,49.4344,49.2446,49.0528,48.8588,48.6625,48.4640,48.2631,48.0599,47.8543,47.6462,47.4359,47.2246,47.0123,46.7992,46.5850,46.3698,46.1537,45.9365,45.7183,45.4990,45.2787,45.0573,44.8348,44.6112,44.3865,44.1606,43.9336,43.7054,43.4760,43.2454,43.0135,42.7804,42.5460,42.3103,42.0733,41.8349,41.5952,41.3541,41.1116,40.8676,40.6222,40.3752,40.1268,39.8768,39.6253,39.3721,39.1173,38.8608,38.6026,38.3427,38.0810,37.8175,37.5521,37.2849,37.0157,36.7445,36.4714,36.1962,35.9188,35.6393,35.3576,35.0737,34.7874,34.4987,34.2076,33.9140,33.6179,33.3191,33.0176,32.7133,32.4062,32.0961,31.7831,31.4669,31.1474,30.8247,30.4986,30.1689,29.8356,29.4985,29.1576,28.8126,28.4634,28.1098,27.7518,27.3891,27.0215,26.6489,26.2710,25.8875,25.4983,25.1031,24.7015,24.2933,23.8781,23.4556,23.0253,22.5868,22.1396,21.6833,21.2171,20.7404,20.2525,20.1955,20.1389,20.0826,20.0266,19.9710,19.9157,19.8607,19.8061,19.7518,19.6979,19.6444,19.5912,19.5384,19.4860,19.4339,19.3823,19.3310,19.2801,19.2296,19.1794,19.1297,19.0804,19.0315,18.9830,18.9350,18.8874,18.8401,18.7934,18.7470,18.7011,18.6557,18.6107,18.5661,18.5220,18.4784,18.4353,18.3926,18.3504,18.3087,18.2675,18.2267,18.1865,18.1468,18.1076,18.0689,18.0307,17.9930,17.9559,17.9193,17.8832,17.8477,17.8127,17.7783,17.7445,17.7112,17.6784,17.6463,17.6147,17.5838,17.5534,17.5236,17.4944,17.4658,17.4378,17.4105,17.3838,17.3577,17.3322,17.3074,17.2832,17.2597,17.2368,17.2146,17.1930,17.1722,17.1520,17.1325,17.1137,17.0955,17.0781,17.0614,17.0454,17.0301,17.0155,17.0017,16.9886,16.9762,16.9646,16.9538,16.9436,16.9343,16.9257,16.9179,16.9109,16.9047,16.8993,16.8946,16.8908,16.8877,16.8855,16.8842,16.8836,16.8839,16.8850,16.8869,16.8898,16.8934,16.8980,16.9034,16.9097,16.9168,16.9249,16.9339,16.9437,16.9545,16.9662,16.9788,16.9924,17.0069,17.0223,17.0387,17.0560,17.0743,17.0936,17.1139,17.1352,17.1574,17.1807,17.2050,17.2302,17.2566,17.2840,17.3124,17.3419,17.3724,17.4040,17.4367,17.4705,17.5054,17.5415,17.5786,17.6169,17.6564,17.6970,17.7387,17.7817,17.8259,17.8712,17.9178,17.9657,18.0148,18.0651,18.1168,18.1697,18.2239,18.2795,18.3364,18.3947,18.4544,18.5155,18.5780,18.6419,18.7073,18.7742,18.8426,18.9125,18.9840,19.0570,19.1317,19.2080,19.2859,19.3656,19.4469,19.5300,19.6149,19.7017,19.7902,19.8807,19.9731,20.0674,20.1638,20.2622,20.3627,20.4653,20.5701,20.6772,20.7866,20.8983,21.0125,21.1291,21.2482,21.3700,21.4944,21.6215,21.7515,21.8844,22.0203,22.1592,22.3013,22.4466,22.5953,22.7475,22.9032,23.0627,23.2260,23.3932,23.5645,23.7400,23.9200,24.1045,24.2937,24.4878,24.6871,24.8916,25.1017,25.3175,25.5394,25.7675,26.0021,26.2436,26.4923,26.7484,27.0124,27.2847,27.5657,27.8557,28.1554,28.4653,28.7829,29.1041,29.4291,29.7582,30.0915,30.4294,30.7721,31.1199,31.4731,31.8320,32.1970,32.5685,32.9469,33.3326,33.7262,34.1282,34.5391,34.9568,35.3694,35.7731,36.1682,36.5552,36.9343,37.3060,37.6704,38.0278,38.3786,38.7230,39.0611,39.3932,39.7196,40.0403,40.3557,40.6658,40.9708,41.2709,41.5663,41.8570,42.1432,42.1072,41.8709,41.6330,41.3933,41.1517,40.9084,40.6632,40.4170,40.1697,39.9213,39.6717,39.4210,39.1691,38.9160,38.6617,38.4061,38.1492,37.8910,37.6314,37.3705,37.1082,36.8444,36.5792,36.3125,36.0442,35.7744,35.5030,35.2299,34.9551,34.6786,34.4003,34.1202,33.8383,33.5544,33.2686,32.9807,32.6908,32.3988,32.1045,31.8081,31.5093,31.2081,30.9045,30.5983,30.2896,29.9781,29.6639,29.3468,29.0267,28.7036,28.3858,28.0786,27.7814,27.4937,27.2149,26.9448,26.6828,26.4285,26.1817,25.9420,25.7090,25.4825,25.2622,25.0478,24.8392,24.6360,24.4380,24.2451,24.0571,23.8738,23.6949,23.5204,23.3502,23.1839,23.0216,22.8631,22.7083,22.5570,22.4091,22.2646,22.1233,21.9851,21.8500,21.7178,21.5886,21.4621,21.3383,21.2172,21.0987,20.9827,20.8692,20.7580,20.6492,20.5427,20.4384,20.3363,20.2363,20.1384,20.0425,19.9486,19.8567,19.7667,19.6786,19.5924,19.5079,19.4252,19.3443,19.2650,19.1875,19.1116,19.0373,18.9647,18.8936,18.8240,18.7560,18.6895,18.6244,18.5608,18.4987,18.4380,18.3786,18.3207,18.2641,18.2088,18.1549,18.1023,18.0510,18.0009,17.9522,17.9046,17.8583,17.8133,17.7694,17.7267,17.6852,17.6449,17.6058,17.5678,17.5309,17.4952,17.4605,17.4270,17.3946,17.3633,17.3330,17.3038,17.2757,17.2486,17.2225,17.1975,17.1735,17.1505,17.1285,17.1075,17.0876,17.0685,17.0505,17.0334,17.0173,17.0022,16.9880,16.9747,16.9624,16.9509,16.9404,16.9309,16.9222,16.9144,16.9075,16.9015,16.8964,16.8921,16.8887,16.8862,16.8845,16.8837,16.8837,16.8845,16.8862,16.8887,16.8920,16.8962,16.9011,16.9068,16.9134,16.9207,16.9288,16.9376,16.9473,16.9577,16.9688,16.9808,16.9934,17.0068,17.0210,17.0359,17.0515,17.0678,17.0848,17.1025,17.1210,17.1401,17.1599,17.1805,17.2016,17.2235,17.2460,17.2692,17.2931,17.3176,17.3427,17.3685,17.3950,17.4220,17.4497,17.4780,17.5069,17.5364,17.5666,17.5973,17.6286,17.6605,17.6930,17.7261,17.7597,17.7939,17.8286,17.8640,17.8998,17.9362,17.9732,18.0107,18.0487,18.0872,18.1262,18.1658,18.2059,18.2465,18.2066,17.9993,17.7886,17.5745,17.3567,17.1350,16.9094,16.6797,16.4456,16.2070,15.9636,15.7153,15.4617,15.2025,14.9376,14.6665,14.3888,14.1043,13.8123,13.5125,13.2043,12.8870,12.5600,12.2224,11.8734,11.5119,11.1366,10.7460,10.3385,9.9119,9.4636,8.9903,8.4878,7.9506,7.3710,6.7382,6.0352,5.2340,4.2795,3.0304,0.0000\right]
v_{final}=\left[0.0000,5.3877,7.6194,9.3319,10.7755,12.0474,13.1972,14.2546,15.2389,16.1632,17.0376,17.8691,18.6637,19.4258,20.1591,20.8667,21.5510,22.2143,22.8583,23.4847,24.0947,24.6898,25.2708,25.8387,26.3945,26.9387,27.4722,27.9956,28.5093,29.0139,29.5099,29.9977,30.4777,30.9503,31.4157,31.8744,32.3265,32.7724,33.2123,33.6465,34.0751,34.4984,34.9166,35.3298,35.7343,36.1303,36.5180,36.8979,37.2703,37.6354,37.9935,38.3449,38.6899,39.0286,39.3613,39.6882,40.0095,40.3254,40.6360,40.9415,41.2421,41.5379,41.8290,42.1157,42.3980,42.6760,42.9499,43.2198,43.4858,43.7479,44.0064,44.2612,44.5126,44.7605,45.0050,45.2463,45.4843,45.7193,45.9512,46.1802,46.4062,46.6294,46.8498,47.0675,47.2826,47.4950,47.7049,47.9123,48.1172,48.3198,48.5200,48.7179,48.9135,49.1069,49.2982,49.4873,49.6743,49.8593,49.9999,49.9999,49.9999,49.9999,49.9999,49.9999,49.9999,49.9999,49.9999,49.9999,49.9999,49.9999,49.9999,49.9999,49.9999,49.9999,49.9999,49.9999,49.9999,49.9999,49.9999,49.9999,49.9999,49.9999,49.9999,49.9999,49.9999,49.9999,49.9999,49.9999,49.9999,49.9999,49.9999,49.9910,49.8075,49.6220,49.4344,49.2446,49.0528,48.8588,48.6625,48.4640,48.2631,48.0599,47.8543,47.6462,47.4359,47.2246,47.0123,46.7992,46.5850,46.3698,46.1537,45.9365,45.7183,45.4990,45.2787,45.0573,44.8348,44.6112,44.3865,44.1606,43.9336,43.7054,43.4760,43.2454,43.0135,42.7804,42.5460,42.3103,42.0733,41.8349,41.5952,41.3541,41.1116,40.8676,40.6222,40.3752,40.1268,39.8768,39.6253,39.3721,39.1173,38.8608,38.6026,38.3427,38.0810,37.8175,37.5521,37.2849,37.0157,36.7445,36.4714,36.1962,35.9188,35.6393,35.3576,35.0737,34.7874,34.4987,34.2076,33.9140,33.6179,33.3191,33.0176,32.7133,32.4062,32.0961,31.7831,31.4669,31.1474,30.8247,30.4986,30.1689,29.8356,29.4985,29.1576,28.8126,28.4634,28.1098,27.7518,27.3891,27.0215,26.6489,26.2710,25.8875,25.4983,25.1031,24.7015,24.2933,23.8781,23.4556,23.0253,22.5868,22.1396,21.6833,21.2171,20.7404,20.2525,20.1955,20.1389,20.0826,20.0266,19.9710,19.9157,19.8607,19.8061,19.7518,19.6979,19.6444,19.5912,19.5384,19.4860,19.4339,19.3823,19.3310,19.2801,19.2296,19.1794,19.1297,19.0804,19.0315,18.9830,18.9350,18.8874,18.8401,18.7934,18.7470,18.7011,18.6557,18.6107,18.5661,18.5220,18.4784,18.4353,18.3926,18.3504,18.3087,18.2675,18.2267,18.1865,18.1468,18.1076,18.0689,18.0307,17.9930,17.9559,17.9193,17.8832,17.8477,17.8127,17.7783,17.7445,17.7112,17.6784,17.6463,17.6147,17.5838,17.5534,17.5236,17.4944,17.4658,17.4378,17.4105,17.3838,17.3577,17.3322,17.3074,17.2832,17.2597,17.2368,17.2146,17.1930,17.1722,17.1520,17.1325,17.1137,17.0955,17.0781,17.0614,17.0454,17.0301,17.0155,17.0017,16.9886,16.9762,16.9646,16.9538,16.9436,16.9343,16.9257,16.9179,16.9109,16.9047,16.8993,16.8946,16.8908,16.8877,16.8855,16.8842,16.8836,16.8839,16.8850,16.8869,16.8898,16.8934,16.8980,16.9034,16.9097,16.9168,16.9249,16.9339,16.9437,16.9545,16.9662,16.9788,16.9924,17.0069,17.0223,17.0387,17.0560,17.0743,17.0936,17.1139,17.1352,17.1574,17.1807,17.2050,17.2302,17.2566,17.2840,17.3124,17.3419,17.3724,17.4040,17.4367,17.4705,17.5054,17.5415,17.5786,17.6169,17.6564,17.6970,17.7387,17.7817,17.8259,17.8712,17.9178,17.9657,18.0148,18.0651,18.1168,18.1697,18.2239,18.2795,18.3364,18.3947,18.4544,18.5155,18.5780,18.6419,18.7073,18.7742,18.8426,18.9125,18.9840,19.0570,19.1317,19.2080,19.2859,19.3656,19.4469,19.5300,19.6149,19.7017,19.7902,19.8807,19.9731,20.0674,20.1638,20.2622,20.3627,20.4653,20.5701,20.6772,20.7866,20.8983,21.0125,21.1291,21.2482,21.3700,21.4944,21.6215,21.7515,21.8844,22.0203,22.1592,22.3013,22.4466,22.5953,22.7475,22.9032,23.0627,23.2260,23.3932,23.5645,23.7400,23.9200,24.1045,24.2937,24.4878,24.6871,24.8916,25.1017,25.3175,25.5394,25.7675,26.0021,26.2436,26.4923,26.7484,27.0124,27.2847,27.5657,27.8557,28.1554,28.4653,28.7829,29.1041,29.4291,29.7582,30.0915,30.4294,30.7721,31.1199,31.4731,31.8320,32.1970,32.5685,32.9469,33.3326,33.7262,34.1282,34.5391,34.9568,35.3694,35.7731,36.1682,36.5552,36.9343,37.3060,37.6704,38.0278,38.3786,38.7230,39.0611,39.3932,39.7196,40.0403,40.3557,40.6658,40.9708,41.2709,41.5663,41.8570,42.1432,42.1072,41.8709,41.6330,41.3933,41.1517,40.9084,40.6632,40.4170,40.1697,39.9213,39.6717,39.4210,39.1691,38.9160,38.6617,38.4061,38.1492,37.8910,37.6314,37.3705,37.1082,36.8444,36.5792,36.3125,36.0442,35.7744,35.5030,35.2299,34.9551,34.6786,34.4003,34.1202,33.8383,33.5544,33.2686,32.9807,32.6908,32.3988,32.1045,31.8081,31.5093,31.2081,30.9045,30.5983,30.2896,29.9781,29.6639,29.3468,29.0267,28.7036,28.3858,28.0786,27.7814,27.4937,27.2149,26.9448,26.6828,26.4285,26.1817,25.9420,25.7090,25.4825,25.2622,25.0478,24.8392,24.6360,24.4380,24.2451,24.0571,23.8738,23.6949,23.5204,23.3502,23.1839,23.0216,22.8631,22.7083,22.5570,22.4091,22.2646,22.1233,21.9851,21.8500,21.7178,21.5886,21.4621,21.3383,21.2172,21.0987,20.9827,20.8692,20.7580,20.6492,20.5427,20.4384,20.3363,20.2363,20.1384,20.0425,19.9486,19.8567,19.7667,19.6786,19.5924,19.5079,19.4252,19.3443,19.2650,19.1875,19.1116,19.0373,18.9647,18.8936,18.8240,18.7560,18.6895,18.6244,18.5608,18.4987,18.4380,18.3786,18.3207,18.2641,18.2088,18.1549,18.1023,18.0510,18.0009,17.9522,17.9046,17.8583,17.8133,17.7694,17.7267,17.6852,17.6449,17.6058,17.5678,17.5309,17.4952,17.4605,17.4270,17.3946,17.3633,17.3330,17.3038,17.2757,17.2486,17.2225,17.1975,17.1735,17.1505,17.1285,17.1075,17.0876,17.0685,17.0505,17.0334,17.0173,17.0022,16.9880,16.9747,16.9624,16.9509,16.9404,16.9309,16.9222,16.9144,16.9075,16.9015,16.8964,16.8921,16.8887,16.8862,16.8845,16.8837,16.8837,16.8845,16.8862,16.8887,16.8920,16.8962,16.9011,16.9068,16.9134,16.9207,16.9288,16.9376,16.9473,16.9577,16.9688,16.9808,16.9934,17.0068,17.0210,17.0359,17.0515,17.0678,17.0848,17.1025,17.1210,17.1401,17.1599,17.1805,17.2016,17.2235,17.2460,17.2692,17.2931,17.3176,17.3427,17.3685,17.3950,17.4220,17.4497,17.4780,17.5069,17.5364,17.5666,17.5973,17.6286,17.6605,17.6930,17.7261,17.7597,17.7939,17.8286,17.8640,17.8998,17.9362,17.9732,18.0107,18.0487,18.0872,18.1262,18.1658,18.2059,18.2465,18.2066,17.9993,17.7886,17.5745,17.3567,17.1350,16.9094,16.6797,16.4456,16.2070,15.9636,15.7153,15.4617,15.2025,14.9376,14.6665,14.3888,14.1043,13.8123,13.5125,13.2043,12.8870,12.5600,12.2224,11.8734,11.5119,11.1366,10.7460,10.3385,9.9119,9.4636,8.9903,8.4878,7.9506,7.3710,6.7382,6.0352,5.2340,4.2795,3.0304,0.0000\right]
l_{times}=\left[0.0000,0.0371,0.0525,0.0643,0.0742,0.0830,0.0909,0.0982,0.1050,0.1114,0.1174,0.1231,0.1286,0.1338,0.1389,0.1438,0.1485,0.1531,0.1575,0.1618,0.1660,0.1701,0.1741,0.1780,0.1819,0.1856,0.1893,0.1929,0.1964,0.1999,0.2033,0.2067,0.2100,0.2132,0.2165,0.2196,0.2227,0.2258,0.2288,0.2318,0.2348,0.2377,0.2406,0.2434,0.2462,0.2490,0.2518,0.2545,0.2572,0.2599,0.2625,0.2651,0.2677,0.2703,0.2728,0.2754,0.2779,0.2804,0.2828,0.2853,0.2877,0.2901,0.2925,0.2949,0.2973,0.2996,0.3020,0.3043,0.3066,0.3089,0.3112,0.3134,0.3157,0.3179,0.3202,0.3224,0.3246,0.3268,0.3290,0.3311,0.3333,0.3354,0.3376,0.3397,0.3418,0.3439,0.3460,0.3481,0.3502,0.3523,0.3544,0.3564,0.3585,0.3605,0.3625,0.3646,0.3666,0.3686,0.3706,0.3726,0.3746,0.3766,0.3786,0.3806,0.3826,0.3846,0.3866,0.3886,0.3906,0.3926,0.3946,0.3966,0.3986,0.4006,0.4026,0.4046,0.4066,0.4086,0.4106,0.4126,0.4146,0.4166,0.4186,0.4206,0.4226,0.4246,0.4266,0.4286,0.4306,0.4326,0.4346,0.4366,0.4386,0.4406,0.4426,0.4447,0.4467,0.4487,0.4508,0.4528,0.4549,0.4570,0.4591,0.4612,0.4633,0.4654,0.4675,0.4696,0.4718,0.4739,0.4761,0.4783,0.4804,0.4826,0.4848,0.4871,0.4893,0.4915,0.4938,0.4960,0.4983,0.5006,0.5029,0.5052,0.5075,0.5098,0.5122,0.5145,0.5169,0.5193,0.5217,0.5241,0.5265,0.5289,0.5314,0.5339,0.5364,0.5389,0.5414,0.5439,0.5465,0.5490,0.5516,0.5542,0.5568,0.5594,0.5621,0.5648,0.5675,0.5702,0.5729,0.5757,0.5784,0.5812,0.5840,0.5869,0.5898,0.5926,0.5955,0.5985,0.6014,0.6044,0.6074,0.6105,0.6136,0.6167,0.6198,0.6230,0.6261,0.6294,0.6326,0.6359,0.6393,0.6426,0.6460,0.6495,0.6530,0.6565,0.6601,0.6637,0.6674,0.6711,0.6749,0.6787,0.6826,0.6866,0.6906,0.6947,0.6988,0.7031,0.7074,0.7118,0.7162,0.7208,0.7255,0.7302,0.7351,0.7400,0.7450,0.7500,0.7550,0.7600,0.7650,0.7700,0.7750,0.7801,0.7852,0.7903,0.7954,0.8005,0.8056,0.8107,0.8159,0.8210,0.8262,0.8314,0.8366,0.8418,0.8471,0.8523,0.8576,0.8629,0.8682,0.8735,0.8788,0.8841,0.8894,0.8948,0.9002,0.9055,0.9109,0.9163,0.9218,0.9272,0.9326,0.9381,0.9436,0.9490,0.9545,0.9600,0.9655,0.9711,0.9766,0.9822,0.9877,0.9933,0.9989,1.0045,1.0101,1.0157,1.0213,1.0270,1.0326,1.0383,1.0440,1.0497,1.0553,1.0610,1.0668,1.0725,1.0782,1.0839,1.0897,1.0955,1.1012,1.1070,1.1128,1.1186,1.1244,1.1302,1.1360,1.1418,1.1476,1.1535,1.1593,1.1651,1.1710,1.1769,1.1827,1.1886,1.1945,1.2003,1.2062,1.2121,1.2180,1.2239,1.2298,1.2357,1.2416,1.2475,1.2534,1.2594,1.2653,1.2712,1.2771,1.2830,1.2889,1.2949,1.3008,1.3067,1.3126,1.3186,1.3245,1.3304,1.3363,1.3422,1.3482,1.3541,1.3600,1.3659,1.3718,1.3777,1.3836,1.3895,1.3954,1.4012,1.4071,1.4130,1.4189,1.4247,1.4306,1.4364,1.4423,1.4481,1.4539,1.4597,1.4655,1.4713,1.4771,1.4829,1.4887,1.4944,1.5002,1.5059,1.5117,1.5174,1.5231,1.5288,1.5345,1.5401,1.5458,1.5514,1.5571,1.5627,1.5683,1.5739,1.5794,1.5850,1.5906,1.5961,1.6016,1.6071,1.6126,1.6180,1.6235,1.6289,1.6343,1.6397,1.6451,1.6504,1.6558,1.6611,1.6664,1.6717,1.6769,1.6822,1.6874,1.6926,1.6977,1.7029,1.7080,1.7131,1.7182,1.7233,1.7283,1.7333,1.7383,1.7433,1.7483,1.7532,1.7581,1.7630,1.7678,1.7726,1.7774,1.7822,1.7869,1.7917,1.7964,1.8010,1.8057,1.8103,1.8149,1.8194,1.8239,1.8284,1.8329,1.8373,1.8418,1.8461,1.8505,1.8548,1.8591,1.8634,1.8676,1.8718,1.8759,1.8801,1.8842,1.8882,1.8923,1.8963,1.9002,1.9042,1.9081,1.9119,1.9158,1.9196,1.9233,1.9270,1.9307,1.9344,1.9380,1.9415,1.9451,1.9486,1.9520,1.9554,1.9588,1.9622,1.9655,1.9687,1.9720,1.9752,1.9783,1.9814,1.9845,1.9876,1.9906,1.9936,1.9965,1.9994,2.0023,2.0052,2.0080,2.0108,2.0135,2.0162,2.0189,2.0216,2.0242,2.0269,2.0294,2.0320,2.0346,2.0371,2.0396,2.0421,2.0446,2.0470,2.0494,2.0519,2.0543,2.0566,2.0590,2.0614,2.0638,2.0662,2.0686,2.0711,2.0735,2.0760,2.0785,2.0809,2.0835,2.0860,2.0885,2.0911,2.0937,2.0963,2.0989,2.1015,2.1042,2.1068,2.1095,2.1122,2.1149,2.1177,2.1204,2.1232,2.1260,2.1289,2.1317,2.1346,2.1375,2.1404,2.1433,2.1463,2.1493,2.1523,2.1554,2.1584,2.1615,2.1647,2.1678,2.1710,2.1742,2.1775,2.1808,2.1841,2.1875,2.1908,2.1943,2.1977,2.2012,2.2048,2.2084,2.2120,2.2156,2.2193,2.2231,2.2268,2.2306,2.2345,2.2383,2.2422,2.2462,2.2502,2.2542,2.2582,2.2623,2.2664,2.2705,2.2747,2.2789,2.2831,2.2874,2.2917,2.2960,2.3004,2.3048,2.3092,2.3136,2.3181,2.3226,2.3272,2.3317,2.3363,2.3409,2.3456,2.3503,2.3550,2.3597,2.3644,2.3692,2.3740,2.3788,2.3837,2.3886,2.3935,2.3984,2.4034,2.4083,2.4133,2.4184,2.4234,2.4285,2.4336,2.4387,2.4438,2.4490,2.4542,2.4594,2.4646,2.4698,2.4751,2.4804,2.4857,2.4910,2.4964,2.5017,2.5071,2.5125,2.5179,2.5233,2.5288,2.5343,2.5397,2.5452,2.5508,2.5563,2.5618,2.5674,2.5730,2.5786,2.5842,2.5898,2.5954,2.6011,2.6067,2.6124,2.6181,2.6238,2.6295,2.6352,2.6410,2.6467,2.6525,2.6582,2.6640,2.6698,2.6756,2.6814,2.6872,2.6930,2.6988,2.7047,2.7105,2.7164,2.7222,2.7281,2.7339,2.7398,2.7457,2.7516,2.7575,2.7634,2.7693,2.7752,2.7811,2.7870,2.7929,2.7988,2.8047,2.8106,2.8165,2.8225,2.8284,2.8343,2.8402,2.8462,2.8521,2.8580,2.8639,2.8698,2.8758,2.8817,2.8876,2.8935,2.8994,2.9053,2.9112,2.9171,2.9230,2.9289,2.9348,2.9407,2.9466,2.9525,2.9583,2.9642,2.9701,2.9759,2.9818,2.9876,2.9935,2.9993,3.0051,3.0109,3.0167,3.0225,3.0283,3.0341,3.0399,3.0457,3.0514,3.0572,3.0629,3.0687,3.0744,3.0801,3.0858,3.0915,3.0972,3.1029,3.1085,3.1142,3.1198,3.1255,3.1311,3.1367,3.1423,3.1479,3.1535,3.1591,3.1646,3.1702,3.1757,3.1812,3.1867,3.1922,3.1977,3.2032,3.2087,3.2143,3.2200,3.2257,3.2315,3.2374,3.2433,3.2494,3.2555,3.2617,3.2680,3.2744,3.2810,3.2876,3.2944,3.3012,3.3083,3.3154,3.3227,3.3302,3.3379,3.3458,3.3538,3.3621,3.3707,3.3795,3.3886,3.3981,3.4080,3.4183,3.4292,3.4406,3.4528,3.4658,3.4800,3.4957,3.5134,3.5344,3.5618,3.6278,\right]
l_{points}=\left[\left(-23.6000,0.0000\right),\left(-23.5000,0.0000\right),\left(-23.4000,0.0000\right),\left(-23.3000,0.0000\right),\left(-23.2000,0.0000\right),\left(-23.1000,0.0000\right),\left(-23.0000,0.0000\right),\left(-22.9000,0.0000\right),\left(-22.8000,0.0000\right),\left(-22.7000,0.0000\right),\left(-22.6000,0.0000\right),\left(-22.5000,0.0000\right),\left(-22.4000,0.0000\right),\left(-22.3000,0.0000\right),\left(-22.2000,0.0000\right),\left(-22.1000,0.0000\right),\left(-22.0000,0.0000\right),\left(-21.9000,0.0000\right),\left(-21.8000,0.0000\right),\left(-21.7000,0.0000\right),\left(-21.6000,0.0000\right),\left(-21.5000,0.0000\right),\left(-21.4000,0.0000\right),\left(-21.3000,0.0000\right),\left(-21.2000,0.0000\right),\left(-21.1000,0.0000\right),\left(-21.0000,0.0000\right),\left(-20.9000,0.0000\right),\left(-20.8000,0.0000\right),\left(-20.7000,0.0000\right),\left(-20.6000,0.0000\right),\left(-20.5000,0.0000\right),\left(-20.4000,0.0000\right),\left(-20.3000,0.0000\right),\left(-20.2000,0.0000\right),\left(-20.1000,0.0000\right),\left(-20.0000,0.0000\right),\left(-19.9000,0.0000\right),\left(-19.8000,0.0000\right),\left(-19.7000,0.0000\right),\left(-19.6000,0.0000\right),\left(-19.5000,0.0000\right),\left(-19.4000,0.0000\right),\left(-19.3000,0.0000\right),\left(-19.2000,0.0000\right),\left(-19.1000,0.0000\right),\left(-19.0000,0.0000\right),\left(-18.9000,0.0000\right),\left(-18.8000,0.0000\right),\left(-18.7000,0.0000\right),\left(-18.6000,0.0000\right),\left(-18.5000,0.0000\right),\left(-18.4000,0.0000\right),\left(-18.3000,0.0000\right),\left(-18.2000,0.0000\right),\left(-18.1000,0.0000\right),\left(-18.0000,0.0000\right),\left(-17.9000,0.0000\right),\left(-17.8000,0.0000\right),\left(-17.7000,0.0000\right),\left(-17.6000,0.0000\right),\left(-17.5000,0.0000\right),\left(-17.4000,0.0000\right),\left(-17.3000,0.0000\right),\left(-17.2000,0.0000\right),\left(-17.1000,0.0000\right),\left(-17.0000,0.0000\right),\left(-16.9000,0.0000\right),\left(-16.8000,0.0000\right),\left(-16.7000,0.0000\right),\left(-16.6000,0.0000\right),\left(-16.5000,0.0000\right),\left(-16.4000,0.0000\right),\left(-16.3000,0.0000\right),\left(-16.2000,0.0000\right),\left(-16.1000,0.0000\right),\left(-16.0000,0.0000\right),\left(-15.9000,0.0000\right),\left(-15.8000,0.0000\right),\left(-15.7000,0.0000\right),\left(-15.6000,0.0000\right),\left(-15.5000,0.0000\right),\left(-15.4000,0.0000\right),\left(-15.3000,0.0000\right),\left(-15.2000,0.0000\right),\left(-15.1000,0.0000\right),\left(-15.0000,0.0000\right),\left(-14.9000,0.0000\right),\left(-14.8000,0.0000\right),\left(-14.7000,0.0000\right),\left(-14.6000,0.0000\right),\left(-14.5000,0.0000\right),\left(-14.4000,0.0000\right),\left(-14.3000,0.0000\right),\left(-14.2000,0.0000\right),\left(-14.1000,0.0000\right),\left(-14.0000,0.0000\right),\left(-13.9000,0.0000\right),\left(-13.8000,0.0000\right),\left(-13.7000,0.0000\right),\left(-13.6000,0.0000\right),\left(-13.5000,0.0000\right),\left(-13.4000,0.0000\right),\left(-13.3000,0.0000\right),\left(-13.2000,0.0000\right),\left(-13.1000,0.0000\right),\left(-13.0000,0.0000\right),\left(-12.9000,0.0000\right),\left(-12.8000,0.0000\right),\left(-12.7000,0.0000\right),\left(-12.6000,0.0000\right),\left(-12.5000,0.0000\right),\left(-12.4000,0.0000\right),\left(-12.3000,0.0000\right),\left(-12.2000,0.0000\right),\left(-12.1000,0.0000\right),\left(-12.0000,0.0000\right),\left(-11.9000,0.0000\right),\left(-11.8000,0.0000\right),\left(-11.7000,0.0000\right),\left(-11.6000,0.0000\right),\left(-11.5000,0.0000\right),\left(-11.4000,0.0000\right),\left(-11.3000,0.0000\right),\left(-11.2000,0.0000\right),\left(-11.1000,0.0000\right),\left(-11.0000,0.0000\right),\left(-10.9000,0.0000\right),\left(-10.8000,0.0000\right),\left(-10.7000,0.0000\right),\left(-10.6000,0.0000\right),\left(-10.5000,0.0000\right),\left(-10.4000,0.0000\right),\left(-10.3000,0.0000\right),\left(-10.2000,0.0000\right),\left(-10.1000,0.0000\right),\left(-10.0000,0.0000\right),\left(-9.9000,0.0000\right),\left(-9.8000,0.0000\right),\left(-9.7000,0.0000\right),\left(-9.6000,0.0000\right),\left(-9.5000,0.0000\right),\left(-9.4000,0.0000\right),\left(-9.3000,0.0000\right),\left(-9.2000,0.0000\right),\left(-9.1000,0.0000\right),\left(-9.0000,0.0000\right),\left(-8.9000,0.0000\right),\left(-8.8000,0.0000\right),\left(-8.7000,0.0000\right),\left(-8.6000,0.0000\right),\left(-8.5000,0.0000\right),\left(-8.4000,0.0000\right),\left(-8.3000,0.0000\right),\left(-8.2000,0.0000\right),\left(-8.1000,0.0000\right),\left(-8.0000,0.0000\right),\left(-7.9000,0.0000\right),\left(-7.8000,0.0000\right),\left(-7.7000,0.0000\right),\left(-7.6000,0.0000\right),\left(-7.5000,0.0000\right),\left(-7.4000,0.0000\right),\left(-7.3000,0.0000\right),\left(-7.2000,0.0000\right),\left(-7.1000,0.0000\right),\left(-7.0000,0.0000\right),\left(-6.9000,0.0000\right),\left(-6.8000,0.0000\right),\left(-6.7000,0.0000\right),\left(-6.6000,0.0000\right),\left(-6.5000,0.0000\right),\left(-6.4000,0.0000\right),\left(-6.3000,0.0000\right),\left(-6.2000,0.0000\right),\left(-6.1000,0.0000\right),\left(-6.0000,0.0000\right),\left(-5.9000,0.0000\right),\left(-5.8000,0.0000\right),\left(-5.7000,0.0000\right),\left(-5.6000,0.0000\right),\left(-5.5000,0.0000\right),\left(-5.4000,0.0000\right),\left(-5.3000,0.0000\right),\left(-5.2000,0.0000\right),\left(-5.1000,0.0000\right),\left(-5.0000,0.0000\right),\left(-4.9000,0.0000\right),\left(-4.8000,0.0000\right),\left(-4.7000,0.0000\right),\left(-4.6000,0.0000\right),\left(-4.5000,0.0000\right),\left(-4.4000,0.0000\right),\left(-4.3000,0.0000\right),\left(-4.2000,0.0000\right),\left(-4.1000,0.0000\right),\left(-4.0000,0.0000\right),\left(-3.9000,0.0000\right),\left(-3.8000,0.0000\right),\left(-3.7000,0.0000\right),\left(-3.6000,0.0000\right),\left(-3.5000,0.0000\right),\left(-3.4000,0.0000\right),\left(-3.3000,0.0000\right),\left(-3.2000,0.0000\right),\left(-3.1000,0.0000\right),\left(-3.0000,0.0000\right),\left(-2.9000,0.0000\right),\left(-2.8000,0.0000\right),\left(-2.7000,0.0000\right),\left(-2.6000,0.0000\right),\left(-2.5000,0.0000\right),\left(-2.4000,0.0000\right),\left(-2.3000,0.0000\right),\left(-2.2000,0.0000\right),\left(-2.1000,0.0000\right),\left(-2.0000,0.0000\right),\left(-1.9000,0.0000\right),\left(-1.8000,0.0000\right),\left(-1.7000,0.0000\right),\left(-1.6000,0.0000\right),\left(-1.5000,0.0000\right),\left(-1.4000,0.0000\right),\left(-1.3000,0.0000\right),\left(-1.2000,0.0000\right),\left(-1.1000,0.0000\right),\left(-1.0000,0.0000\right),\left(-0.9000,0.0000\right),\left(-0.8000,0.0000\right),\left(-0.7000,0.0000\right),\left(-0.6000,0.0000\right),\left(-0.5000,0.0000\right),\left(-0.4000,0.0000\right),\left(-0.3000,0.0000\right),\left(-0.2000,0.0000\right),\left(-0.1000,0.0000\right),\left(0.0001,0.0000\right),\left(0.0999,0.0001\right),\left(0.1998,0.0006\right),\left(0.2997,0.0013\right),\left(0.3995,0.0023\right),\left(0.4994,0.0036\right),\left(0.5992,0.0051\right),\left(0.6991,0.0070\right),\left(0.7989,0.0092\right),\left(0.8987,0.0116\right),\left(0.9986,0.0144\right),\left(1.0984,0.0174\right),\left(1.1982,0.0207\right),\left(1.2980,0.0244\right),\left(1.3977,0.0283\right),\left(1.4975,0.0326\right),\left(1.5973,0.0371\right),\left(1.6970,0.0420\right),\left(1.7967,0.0472\right),\left(1.8964,0.0527\right),\left(1.9961,0.0585\right),\left(2.0958,0.0646\right),\left(2.1955,0.0710\right),\left(2.2951,0.0777\right),\left(2.3947,0.0848\right),\left(2.4943,0.0922\right),\left(2.5939,0.0999\right),\left(2.6934,0.1079\right),\left(2.7929,0.1163\right),\left(2.8924,0.1249\right),\left(2.9919,0.1339\right),\left(3.0913,0.1433\right),\left(3.1907,0.1529\right),\left(3.2900,0.1629\right),\left(3.3894,0.1733\right),\left(3.4887,0.1839\right),\left(3.5879,0.1949\right),\left(3.6871,0.2063\right),\left(3.7863,0.2179\right),\left(3.8854,0.2299\right),\left(3.9845,0.2423\right),\left(4.0836,0.2550\right),\left(4.1826,0.2681\right),\left(4.2816,0.2814\right),\left(4.3805,0.2952\right),\left(4.4794,0.3093\right),\left(4.5782,0.3237\right),\left(4.6769,0.3385\right),\left(4.7757,0.3537\right),\left(4.8743,0.3692\right),\left(4.9729,0.3850\right),\left(5.0715,0.4012\right),\left(5.1699,0.4178\right),\left(5.2684,0.4347\right),\left(5.3667,0.4520\right),\left(5.4650,0.4697\right),\left(5.5633,0.4877\right),\left(5.6614,0.5061\right),\left(5.7595,0.5248\right),\left(5.8576,0.5439\right),\left(5.9555,0.5634\right),\left(6.0534,0.5832\right),\left(6.1512,0.6034\right),\left(6.2490,0.6240\right),\left(6.3466,0.6450\right),\left(6.4442,0.6663\right),\left(6.5417,0.6880\right),\left(6.6391,0.7101\right),\left(6.7364,0.7325\right),\left(6.8337,0.7553\right),\left(6.9308,0.7785\right),\left(7.0279,0.8021\right),\left(7.1248,0.8260\right),\left(7.2217,0.8504\right),\left(7.3185,0.8751\right),\left(7.4152,0.9002\right),\left(7.5118,0.9256\right),\left(7.6083,0.9515\right),\left(7.7046,0.9777\right),\left(7.8009,1.0043\right),\left(7.8971,1.0313\right),\left(7.9932,1.0586\right),\left(8.0891,1.0864\right),\left(8.1850,1.1145\right),\left(8.2807,1.1430\right),\left(8.3763,1.1719\right),\left(8.4718,1.2012\right),\left(8.5672,1.2309\right),\left(8.6625,1.2609\right),\left(8.7576,1.2913\right),\left(8.8527,1.3221\right),\left(8.9476,1.3533\right),\left(9.0423,1.3849\right),\left(9.1370,1.4169\right),\left(9.2315,1.4492\right),\left(9.3259,1.4819\right),\left(9.4202,1.5151\right),\left(9.5143,1.5485\right),\left(9.6083,1.5824\right),\left(9.7021,1.6167\right),\left(9.7958,1.6513\right),\left(9.8894,1.6863\right),\left(9.9828,1.7217\right),\left(10.0761,1.7575\right),\left(10.1692,1.7936\right),\left(10.2622,1.8302\right),\left(10.3551,1.8671\right),\left(10.4478,1.9044\right),\left(10.5403,1.9420\right),\left(10.6327,1.9801\right),\left(10.7250,2.0185\right),\left(10.8170,2.0573\right),\left(10.9090,2.0964\right),\left(11.0007,2.1360\right),\left(11.0923,2.1759\right),\left(11.1838,2.2161\right),\left(11.2751,2.2568\right),\left(11.3662,2.2978\right),\left(11.4572,2.3391\right),\left(11.5480,2.3809\right),\left(11.6386,2.4230\right),\left(11.7290,2.4654\right),\left(11.8193,2.5083\right),\left(11.9094,2.5514\right),\left(11.9994,2.5950\right),\left(12.0892,2.6389\right),\left(12.1788,2.6831\right),\left(12.2682,2.7277\right),\left(12.3574,2.7727\right),\left(12.4465,2.8180\right),\left(12.5354,2.8637\right),\left(12.6241,2.9097\right),\left(12.7127,2.9560\right),\left(12.8010,3.0027\right),\left(12.8892,3.0497\right),\left(12.9772,3.0971\right),\left(13.0650,3.1448\right),\left(13.1527,3.1929\right),\left(13.2401,3.2412\right),\left(13.3274,3.2900\right),\left(13.4145,3.3390\right),\left(13.5014,3.3884\right),\left(13.5881,3.4381\right),\left(13.6746,3.4881\right),\left(13.7610,3.5384\right),\left(13.8472,3.5891\right),\left(13.9331,3.6401\right),\left(14.0189,3.6914\right),\left(14.1045,3.7430\right),\left(14.1899,3.7949\right),\left(14.2752,3.8471\right),\left(14.3602,3.8996\right),\left(14.4451,3.9525\right),\left(14.5297,4.0056\right),\left(14.6142,4.0590\right),\left(14.6985,4.1128\right),\left(14.7826,4.1668\right),\left(14.8665,4.2211\right),\left(14.9503,4.2757\right),\left(15.0338,4.3306\right),\left(15.1172,4.3858\right),\left(15.2003,4.4412\right),\left(15.2833,4.4970\right),\left(15.3661,4.5530\right),\left(15.4487,4.6093\right),\left(15.5312,4.6658\right),\left(15.6134,4.7227\right),\left(15.6955,4.7798\right),\left(15.7773,4.8371\right),\left(15.8590,4.8947\right),\left(15.9406,4.9526\right),\left(16.0219,5.0108\right),\left(16.1030,5.0691\right),\left(16.1840,5.1278\right),\left(16.2648,5.1867\right),\left(16.3454,5.2458\right),\left(16.4259,5.3052\right),\left(16.5061,5.3648\right),\left(16.5862,5.4247\right),\left(16.6661,5.4847\right),\left(16.7458,5.5451\right),\left(16.8254,5.6056\right),\left(16.9048,5.6664\right),\left(16.9840,5.7274\right),\left(17.0630,5.7886\right),\left(17.1419,5.8501\right),\left(17.2206,5.9117\right),\left(17.2992,5.9736\right),\left(17.3775,6.0357\right),\left(17.4558,6.0980\right),\left(17.5338,6.1605\right),\left(17.6117,6.2232\right),\left(17.6894,6.2860\right),\left(17.7670,6.3491\right),\left(17.8444,6.4124\right),\left(17.9216,6.4759\right),\left(17.9987,6.5396\right),\left(18.0757,6.6034\right),\left(18.1525,6.6675\right),\left(18.2291,6.7317\right),\left(18.3056,6.7961\right),\left(18.3819,6.8607\right),\left(18.4581,6.9254\right),\left(18.5342,6.9904\right),\left(18.6101,7.0554\right),\left(18.6858,7.1207\right),\left(18.7615,7.1861\right),\left(18.8370,7.2517\right),\left(18.9123,7.3174\right),\left(18.9875,7.3833\right),\left(19.0626,7.4494\right),\left(19.1375,7.5156\right),\left(19.2124,7.5819\right),\left(19.2871,7.6484\right),\left(19.3616,7.7150\right),\left(19.4361,7.7818\right),\left(19.5104,7.8487\right),\left(19.5846,7.9157\right),\left(19.6587,7.9829\right),\left(19.7326,8.0502\right),\left(19.8065,8.1176\right),\left(19.8802,8.1852\right),\left(19.9538,8.2528\right),\left(20.0273,8.3206\right),\left(20.1007,8.3885\right),\left(20.1740,8.4565\right),\left(20.2472,8.5247\right),\left(20.3203,8.5929\right),\left(20.3933,8.6613\right),\left(20.4662,8.7297\right),\left(20.5390,8.7983\right),\left(20.6117,8.8669\right),\left(20.6843,8.9357\right),\left(20.7568,9.0045\right),\left(20.8293,9.0735\right),\left(20.9016,9.1425\right),\left(20.9739,9.2116\right),\left(21.0461,9.2808\right),\left(21.1182,9.3501\right),\left(21.1902,9.4195\right),\left(21.2622,9.4889\right),\left(21.3341,9.5584\right),\left(21.4059,9.6280\right),\left(21.4776,9.6977\right),\left(21.5493,9.7674\right),\left(21.6209,9.8372\right),\left(21.6925,9.9071\right),\left(21.7640,9.9770\right),\left(21.8354,10.0470\right),\left(21.9068,10.1170\right),\left(21.9781,10.1871\right),\left(22.0494,10.2572\right),\left(22.1206,10.3274\right),\left(22.1918,10.3977\right),\left(22.2629,10.4680\right),\left(22.3340,10.5383\right),\left(22.4050,10.6087\right),\left(22.4761,10.6791\right),\left(22.5470,10.7495\right),\left(22.6180,10.8200\right),\left(22.6889,10.8905\right),\left(22.7598,10.9610\right),\left(22.8306,11.0316\right),\left(22.9015,11.1022\right),\left(22.9723,11.1728\right),\left(23.0431,11.2434\right),\left(23.1138,11.3141\right),\left(23.1846,11.3847\right),\left(23.2553,11.4554\right),\left(23.3261,11.5261\right),\left(23.3968,11.5968\right),\left(23.4675,11.6675\right),\left(23.5382,11.7382\right),\left(23.6089,11.8089\right),\left(23.6796,11.8796\right),\left(23.7504,11.9503\right),\left(23.8211,12.0210\right),\left(23.8918,12.0917\right),\left(23.9625,12.1624\right),\left(24.0333,12.2331\right),\left(24.1040,12.3038\right),\left(24.1748,12.3744\right),\left(24.2456,12.4450\right),\left(24.3164,12.5156\right),\left(24.3873,12.5862\right),\left(24.4581,12.6568\right),\left(24.5290,12.7273\right),\left(24.5999,12.7978\right),\left(24.6709,12.8683\right),\left(24.7419,12.9387\right),\left(24.8129,13.0091\right),\left(24.8840,13.0795\right),\left(24.9551,13.1498\right),\left(25.0262,13.2201\right),\left(25.0974,13.2903\right),\left(25.1686,13.3605\right),\left(25.2399,13.4306\right),\left(25.3113,13.5007\right),\left(25.3827,13.5707\right),\left(25.4541,13.6407\right),\left(25.5256,13.7106\right),\left(25.5972,13.7804\right),\left(25.6688,13.8502\right),\left(25.7405,13.9199\right),\left(25.8123,13.9896\right),\left(25.8841,14.0591\right),\left(25.9560,14.1286\right),\left(26.0280,14.1981\right),\left(26.1000,14.2674\right),\left(26.1721,14.3367\right),\left(26.2444,14.4059\right),\left(26.3166,14.4750\right),\left(26.3890,14.5440\right),\left(26.4615,14.6129\right),\left(26.5340,14.6817\right),\left(26.6067,14.7504\right),\left(26.6794,14.8191\right),\left(26.7522,14.8876\right),\left(26.8252,14.9560\right),\left(26.8982,15.0244\right),\left(26.9713,15.0926\right),\left(27.0445,15.1607\right),\left(27.1179,15.2287\right),\left(27.1913,15.2966\right),\left(27.2648,15.3643\right),\left(27.3385,15.4320\right),\left(27.4122,15.4995\right),\left(27.4861,15.5669\right),\left(27.5601,15.6342\right),\left(27.6342,15.7013\right),\left(27.7085,15.7683\right),\left(27.7828,15.8352\right),\left(27.8573,15.9019\right),\left(27.9319,15.9685\right),\left(28.0066,16.0350\right),\left(28.0815,16.1013\right),\left(28.1565,16.1675\right),\left(28.2316,16.2335\right),\left(28.3069,16.2993\right),\left(28.3823,16.3650\right),\left(28.4578,16.4306\right),\left(28.5335,16.4960\right),\left(28.6093,16.5612\right),\left(28.6852,16.6262\right),\left(28.7613,16.6911\right),\left(28.8376,16.7558\right),\left(28.9140,16.8204\right),\left(28.9905,16.8848\right),\left(29.0672,16.9490\right),\left(29.1441,17.0130\right),\left(29.2211,17.0768\right),\left(29.2982,17.1404\right),\left(29.3755,17.2039\right),\left(29.4530,17.2671\right),\left(29.5306,17.3302\right),\left(29.6084,17.3931\right),\left(29.6863,17.4557\right),\left(29.7645,17.5182\right),\left(29.8427,17.5804\right),\left(29.9212,17.6425\right),\left(29.9998,17.7043\right),\left(30.0786,17.7659\right),\left(30.1575,17.8273\right),\left(30.2366,17.8885\right),\left(30.3159,17.9495\right),\left(30.3954,18.0102\right),\left(30.4750,18.0708\right),\left(30.5548,18.1310\right),\left(30.6348,18.1911\right),\left(30.7150,18.2509\right),\left(30.7953,18.3105\right),\left(30.8758,18.3698\right),\left(30.9565,18.4289\right),\left(31.0374,18.4878\right),\left(31.1185,18.5464\right),\left(31.1997,18.6047\right),\left(31.2811,18.6628\right),\left(31.3627,18.7207\right),\left(31.4445,18.7782\right),\left(31.5265,18.8356\right),\left(31.6087,18.8926\right),\left(31.6910,18.9494\right),\left(31.7735,19.0059\right),\left(31.8563,19.0622\right),\left(31.9392,19.1182\right),\left(32.0222,19.1739\right),\left(32.1055,19.2293\right),\left(32.1890,19.2844\right),\left(32.2726,19.3393\right),\left(32.3565,19.3938\right),\left(32.4405,19.4481\right),\left(32.5247,19.5021\right),\left(32.6092,19.5558\right),\left(32.6938,19.6092\right),\left(32.7785,19.6623\right),\left(32.8635,19.7151\right),\left(32.9487,19.7676\right),\left(33.0340,19.8197\right),\left(33.1196,19.8716\right),\left(33.2053,19.9232\right),\left(33.2912,19.9744\right),\left(33.3774,20.0254\right),\left(33.4636,20.0760\right),\left(33.5501,20.1263\right),\left(33.6368,20.1763\right),\left(33.7237,20.2259\right),\left(33.8107,20.2752\right),\left(33.8980,20.3242\right),\left(33.9854,20.3729\right),\left(34.0730,20.4212\right),\left(34.1608,20.4693\right),\left(34.2487,20.5169\right),\left(34.3369,20.5642\right),\left(34.4252,20.6112\right),\left(34.5138,20.6579\right),\left(34.6025,20.7042\right),\left(34.6914,20.7501\right),\left(34.7804,20.7957\right),\left(34.8697,20.8410\right),\left(34.9591,20.8859\right),\left(35.0487,20.9305\right),\left(35.1385,20.9747\right),\left(35.2284,21.0185\right),\left(35.3185,21.0620\right),\left(35.4088,21.1051\right),\left(35.4993,21.1479\right),\left(35.5899,21.1903\right),\left(35.6807,21.2324\right),\left(35.7717,21.2740\right),\left(35.8629,21.3154\right),\left(35.9542,21.3563\right),\left(36.0457,21.3969\right),\left(36.1373,21.4371\right),\left(36.2291,21.4769\right),\left(36.3211,21.5164\right),\left(36.4132,21.5555\right),\left(36.5055,21.5942\right),\left(36.5979,21.6326\right),\left(36.6905,21.6706\right),\left(36.7833,21.7082\right),\left(36.8762,21.7454\right),\left(36.9693,21.7822\right),\left(37.0625,21.8187\right),\left(37.1558,21.8548\right),\left(37.2493,21.8905\right),\left(37.3430,21.9258\right),\left(37.4368,21.9608\right),\left(37.5307,21.9954\right),\left(37.6248,22.0295\right),\left(37.7190,22.0633\right),\left(37.8134,22.0968\right),\left(37.9078,22.1298\right),\left(38.0025,22.1625\right),\left(38.0972,22.1947\right),\left(38.1921,22.2266\right),\left(38.2871,22.2581\right),\left(38.3823,22.2892\right),\left(38.4775,22.3200\right),\left(38.5729,22.3503\right),\left(38.6684,22.3803\right),\left(38.7641,22.4099\right),\left(38.8598,22.4391\right),\left(38.9557,22.4679\right),\left(39.0517,22.4963\right),\left(39.1478,22.5243\right),\left(39.2440,22.5520\right),\left(39.3403,22.5793\right),\left(39.4368,22.6062\right),\left(39.5333,22.6327\right),\left(39.6299,22.6588\right),\left(39.7267,22.6846\right),\left(39.8235,22.7099\right),\left(39.9205,22.7349\right),\left(40.0175,22.7595\right),\left(40.1147,22.7838\right),\left(40.2119,22.8076\right),\left(40.3092,22.8311\right),\left(40.4067,22.8542\right),\left(40.5042,22.8769\right),\left(40.6018,22.8992\right),\left(40.6994,22.9212\right),\left(40.7972,22.9428\right),\left(40.8951,22.9640\right),\left(40.9930,22.9849\right),\left(41.0910,23.0053\right),\left(41.1891,23.0254\right),\left(41.2872,23.0452\right),\left(41.3855,23.0645\right),\left(41.4838,23.0835\right),\left(41.5822,23.1021\right),\left(41.6806,23.1204\right),\left(41.7791,23.1383\right),\left(41.8777,23.1558\right),\left(41.9763,23.1730\right),\left(42.0751,23.1898\right),\left(42.1738,23.2063\right),\left(42.2727,23.2224\right),\left(42.3715,23.2381\right),\left(42.4705,23.2535\right),\left(42.5695,23.2685\right),\left(42.6685,23.2831\right),\left(42.7676,23.2975\right),\left(42.8668,23.3114\right),\left(42.9660,23.3250\right),\left(43.0652,23.3383\right),\left(43.1645,23.3512\right),\left(43.2639,23.3638\right),\left(43.3633,23.3760\right),\left(43.4627,23.3879\right),\left(43.5622,23.3994\right),\left(43.6617,23.4106\right),\left(43.7612,23.4215\right),\left(43.8608,23.4320\right),\left(43.9604,23.4422\right),\left(44.0601,23.4520\right),\left(44.1598,23.4616\right),\left(44.2595,23.4707\right),\left(44.3592,23.4796\right),\left(44.4590,23.4881\right),\left(44.5588,23.4963\right),\left(44.6586,23.5042\right),\left(44.7585,23.5118\right),\left(44.8584,23.5190\right),\left(44.9583,23.5259\right),\left(45.0582,23.5325\right),\left(45.1581,23.5388\right),\left(45.2581,23.5447\right),\left(45.3581,23.5504\right),\left(45.4581,23.5557\right),\left(45.5581,23.5607\right),\left(45.6581,23.5654\right),\left(45.7582,23.5698\right),\left(45.8582,23.5739\right),\left(45.9583,23.5777\right),\left(46.0584,23.5812\right),\left(46.1585,23.5844\right),\left(46.2586,23.5873\right),\left(46.3587,23.5898\right),\left(46.4588,23.5921\right),\left(46.5589,23.5941\right),\left(46.6590,23.5958\right),\left(46.7592,23.5972\right),\left(46.8593,23.5984\right),\left(46.9594,23.5992\right),\left(47.0596,23.5997\right),\left(47.1597,23.6000\right),\left(47.2000,23.6000\right),\right]
l_{headings}=\left[0.0000,0.0000,0.0000,0.0000,0.0000,0.0000,0.0000,0.0000,0.0000,0.0000,0.0000,0.0000,0.0000,0.0000,0.0000,0.0000,0.0000,0.0000,0.0000,0.0000,0.0000,0.0000,0.0000,0.0000,0.0000,0.0000,0.0000,0.0000,0.0000,0.0000,0.0000,0.0000,0.0000,0.0000,0.0000,0.0000,0.0000,0.0000,0.0000,0.0000,0.0000,0.0000,0.0000,0.0000,0.0000,0.0000,0.0000,0.0000,0.0000,0.0000,0.0000,0.0000,0.0000,0.0000,0.0000,0.0000,0.0000,0.0000,0.0000,0.0000,0.0000,0.0000,0.0000,0.0000,0.0000,0.0000,0.0000,0.0000,0.0000,0.0000,0.0000,0.0000,0.0000,0.0000,0.0000,0.0000,0.0000,0.0000,0.0000,0.0000,0.0000,0.0000,0.0000,0.0000,0.0000,0.0000,0.0000,0.0000,0.0000,0.0000,0.0000,0.0000,0.0000,0.0000,0.0000,0.0000,0.0000,0.0000,0.0000,0.0000,0.0000,0.0000,0.0000,0.0000,0.0000,0.0000,0.0000,0.0000,0.0000,0.0000,0.0000,0.0000,0.0000,0.0000,0.0000,0.0000,0.0000,0.0000,0.0000,0.0000,0.0000,0.0000,0.0000,0.0000,0.0000,0.0000,0.0000,0.0000,0.0000,0.0000,0.0000,0.0000,0.0000,0.0000,0.0000,0.0000,0.0000,0.0000,0.0000,0.0000,0.0000,0.0000,0.0000,0.0000,0.0000,0.0000,0.0000,0.0000,0.0000,0.0000,0.0000,0.0000,0.0000,0.0000,0.0000,0.0000,0.0000,0.0000,0.0000,0.0000,0.0000,0.0000,0.0000,0.0000,0.0000,0.0000,0.0000,0.0000,0.0000,0.0000,0.0000,0.0000,0.0000,0.0000,0.0000,0.0000,0.0000,0.0000,0.0000,0.0000,0.0000,0.0000,0.0000,0.0000,0.0000,0.0000,0.0000,0.0000,0.0000,0.0000,0.0000,0.0000,0.0000,0.0000,0.0000,0.0000,0.0000,0.0000,0.0000,0.0000,0.0000,0.0000,0.0000,0.0000,0.0000,0.0000,0.0000,0.0000,0.0000,0.0000,0.0000,0.0000,0.0000,0.0000,0.0000,0.0000,0.0000,0.0000,0.0000,0.0000,0.0000,0.0000,0.0000,0.0000,0.0000,0.0000,0.0000,0.0000,0.0000,0.0000,0.0000,0.0000,0.0000,0.0000,0.0000,0.0000,0.0000,0.0028,0.0057,0.0085,0.0114,0.0143,0.0172,0.0201,0.0231,0.0260,0.0290,0.0320,0.0350,0.0380,0.0411,0.0441,0.0472,0.0503,0.0534,0.0565,0.0597,0.0628,0.0660,0.0692,0.0724,0.0756,0.0788,0.0821,0.0853,0.0886,0.0919,0.0952,0.0986,0.1019,0.1053,0.1087,0.1121,0.1155,0.1189,0.1223,0.1258,0.1293,0.1328,0.1363,0.1398,0.1433,0.1469,0.1505,0.1540,0.1576,0.1612,0.1649,0.1685,0.1722,0.1758,0.1795,0.1832,0.1869,0.1906,0.1944,0.1981,0.2019,0.2057,0.2095,0.2133,0.2171,0.2209,0.2247,0.2286,0.2324,0.2363,0.2402,0.2441,0.2480,0.2519,0.2558,0.2597,0.2637,0.2676,0.2716,0.2755,0.2795,0.2835,0.2875,0.2915,0.2955,0.2995,0.3035,0.3075,0.3115,0.3156,0.3196,0.3236,0.3277,0.3317,0.3358,0.3398,0.3439,0.3479,0.3520,0.3560,0.3601,0.3642,0.3682,0.3723,0.3764,0.3804,0.3845,0.3885,0.3926,0.3966,0.4007,0.4047,0.4088,0.4128,0.4168,0.4208,0.4249,0.4289,0.4329,0.4369,0.4409,0.4449,0.4488,0.4528,0.4568,0.4607,0.4646,0.4686,0.4725,0.4764,0.4803,0.4842,0.4880,0.4919,0.4957,0.4996,0.5034,0.5072,0.5110,0.5148,0.5185,0.5222,0.5260,0.5297,0.5334,0.5370,0.5407,0.5443,0.5479,0.5515,0.5551,0.5587,0.5622,0.5657,0.5692,0.5727,0.5762,0.5796,0.5830,0.5864,0.5898,0.5931,0.5964,0.5997,0.6030,0.6063,0.6095,0.6127,0.6159,0.6190,0.6221,0.6252,0.6283,0.6314,0.6344,0.6374,0.6404,0.6433,0.6462,0.6491,0.6520,0.6548,0.6576,0.6604,0.6632,0.6659,0.6686,0.6712,0.6739,0.6765,0.6791,0.6816,0.6841,0.6866,0.6891,0.6915,0.6939,0.6963,0.6987,0.7010,0.7033,0.7055,0.7077,0.7099,0.7121,0.7142,0.7163,0.7184,0.7204,0.7224,0.7244,0.7264,0.7283,0.7302,0.7320,0.7338,0.7356,0.7374,0.7391,0.7408,0.7425,0.7441,0.7457,0.7473,0.7488,0.7504,0.7518,0.7533,0.7547,0.7561,0.7574,0.7587,0.7600,0.7613,0.7625,0.7637,0.7649,0.7660,0.7671,0.7682,0.7692,0.7702,0.7712,0.7721,0.7730,0.7739,0.7747,0.7755,0.7763,0.7770,0.7778,0.7784,0.7791,0.7797,0.7803,0.7809,0.7814,0.7819,0.7823,0.7828,0.7831,0.7835,0.7838,0.7841,0.7844,0.7846,0.7848,0.7850,0.7852,0.7853,0.7853,0.7854,0.7854,0.7854,0.7853,0.7852,0.7851,0.7850,0.7848,0.7846,0.7843,0.7841,0.7838,0.7834,0.7831,0.7826,0.7822,0.7817,0.7812,0.7807,0.7802,0.7796,0.7789,0.7783,0.7776,0.7769,0.7761,0.7753,0.7745,0.7737,0.7728,0.7719,0.7709,0.7699,0.7689,0.7679,0.7668,0.7657,0.7646,0.7634,0.7622,0.7610,0.7597,0.7584,0.7571,0.7557,0.7543,0.7529,0.7515,0.7500,0.7485,0.7469,0.7453,0.7437,0.7421,0.7404,0.7387,0.7370,0.7352,0.7334,0.7316,0.7297,0.7278,0.7259,0.7239,0.7219,0.7199,0.7179,0.7158,0.7137,0.7115,0.7094,0.7072,0.7049,0.7027,0.7004,0.6981,0.6957,0.6933,0.6909,0.6885,0.6860,0.6835,0.6810,0.6784,0.6758,0.6732,0.6706,0.6679,0.6652,0.6624,0.6597,0.6569,0.6541,0.6512,0.6484,0.6455,0.6425,0.6396,0.6366,0.6336,0.6306,0.6275,0.6244,0.6213,0.6182,0.6150,0.6118,0.6086,0.6054,0.6021,0.5988,0.5955,0.5922,0.5889,0.5855,0.5821,0.5787,0.5752,0.5718,0.5683,0.5648,0.5612,0.5577,0.5541,0.5505,0.5469,0.5433,0.5397,0.5360,0.5323,0.5286,0.5249,0.5212,0.5174,0.5137,0.5099,0.5061,0.5023,0.4985,0.4946,0.4908,0.4869,0.4830,0.4791,0.4752,0.4713,0.4674,0.4634,0.4595,0.4555,0.4516,0.4476,0.4436,0.4396,0.4356,0.4316,0.4276,0.4236,0.4196,0.4155,0.4115,0.4074,0.4034,0.3993,0.3953,0.3912,0.3872,0.3831,0.3790,0.3750,0.3709,0.3668,0.3628,0.3587,0.3546,0.3506,0.3465,0.3424,0.3384,0.3343,0.3303,0.3262,0.3222,0.3181,0.3141,0.3100,0.3060,0.3020,0.2980,0.2940,0.2899,0.2859,0.2820,0.2780,0.2740,0.2700,0.2661,0.2621,0.2582,0.2542,0.2503,0.2464,0.2425,0.2386,0.2347,0.2308,0.2270,0.2231,0.2193,0.2154,0.2116,0.2078,0.2040,0.2003,0.1965,0.1927,0.1890,0.1853,0.1816,0.1779,0.1742,0.1705,0.1668,0.1632,0.1596,0.1560,0.1524,0.1488,0.1452,0.1417,0.1381,0.1346,0.1311,0.1276,0.1241,0.1207,0.1172,0.1138,0.1104,0.1070,0.1036,0.1002,0.0969,0.0935,0.0902,0.0869,0.0836,0.0804,0.0771,0.0739,0.0707,0.0675,0.0643,0.0611,0.0579,0.0548,0.0517,0.0486,0.0455,0.0424,0.0394,0.0363,0.0333,0.0303,0.0273,0.0243,0.0214,0.0184,0.0155,0.0126,0.0097,0.0068,0.0040,0.0011,6.2832,\right]
running path!
lin/ang/drive_left/drive_right/tv_l/tv_r/av_l/av_r/x/y/theta/tx/ty/ttheta: 0.14158 -0.00012 0.00000 0.00000 0.00000 0.00017 0.00000 0.00017 -23.60000 -0.00000 0.00045 -23.50000 0.00000 0.00000
lin/ang/drive_left/drive_right/tv_l/tv_r/av_l/av_r/x/y/theta/tx/ty/ttheta: 0.14158 0.00091 0.00000 0.00000 0.14219 0.05939 0.14219 0.05939 -23.60000 -0.00000 -0.00330 -23.50000 0.00000 0.00000
lin/ang/drive_left/drive_right/tv_l/tv_r/av_l/av_r/x/y/theta/tx/ty/ttheta: 0.14158 0.00109 0.20638 0.20638 0.15556 0.18497 0.15556 0.18497 -23.60000 -0.00000 -0.00398 -23.50000 0.00000 0.00000
lin/ang/drive_left/drive_right/tv_l/tv_r/av_l/av_r/x/y/theta/tx/ty/ttheta: 0.14180 0.01697 0.09038 0.11740 0.11172 0.12047 0.11172 0.12047 -23.60447 0.00000 -0.06169 -23.50000 0.00000 0.00000
lin/ang/drive_left/drive_right/tv_l/tv_r/av_l/av_r/x/y/theta/tx/ty/ttheta: 0.14180 0.01880 0.07550 0.07457 0.10814 0.11822 0.10814 0.11822 -23.60447 0.00000 -0.06834 -23.50000 0.00000 0.00000
lin/ang/drive_left/drive_right/tv_l/tv_r/av_l/av_r/x/y/theta/tx/ty/ttheta: 0.14072 0.02397 0.06449 0.06895 0.10539 0.11719 0.10539 0.11719 -23.58170 -0.00003 -0.08720 -23.50000 0.00000 0.00000
lin/ang/drive_left/drive_right/tv_l/tv_r/av_l/av_r/x/y/theta/tx/ty/ttheta: 0.24776 0.02145 0.06462 0.07545 0.10422 0.11756 0.10422 0.11756 -23.52663 -0.00011 -0.06926 -23.30000 0.00000 0.00000
lin/ang/drive_left/drive_right/tv_l/tv_r/av_l/av_r/x/y/theta/tx/ty/ttheta: 0.24509 0.01664 0.12967 0.06483 0.21269 0.23664 0.21269 0.23664 -23.47017 -0.00017 -0.05329 -23.30000 0.00000 0.00000
lin/ang/drive_left/drive_right/tv_l/tv_r/av_l/av_r/x/y/theta/tx/ty/ttheta: 0.28359 0.02392 0.12967 0.19450 0.18511 0.20036 0.18511 0.20036 -23.40900 -0.00023 -0.07425 -23.20000 0.00000 0.00000
lin/ang/drive_left/drive_right/tv_l/tv_r/av_l/av_r/x/y/theta/tx/ty/ttheta: 0.34938 0.02493 0.18734 0.12967 0.24142 0.27328 0.24142 0.27328 -23.29919 -0.00039 -0.07273 -23.00000 0.00000 0.00000
lin/ang/drive_left/drive_right/tv_l/tv_r/av_l/av_r/x/y/theta/tx/ty/ttheta: 0.37655 0.02472 0.29527 0.33604 0.39561 0.45806 0.39561 0.45806 -23.20589 -0.00050 -0.06965 -22.90000 0.00000 0.00000
lin/ang/drive_left/drive_right/tv_l/tv_r/av_l/av_r/x/y/theta/tx/ty/ttheta: 0.42612 0.02600 0.27302 0.29919 0.36806 0.32461 0.36806 0.32461 -23.02884 -0.00073 -0.06882 -22.70000 0.00000 0.00000
lin/ang/drive_left/drive_right/tv_l/tv_r/av_l/av_r/x/y/theta/tx/ty/ttheta: 0.49277 0.03698 0.33624 0.38901 0.43428 0.43597 0.43428 0.43597 -22.79514 -0.00099 -0.09552 -22.40000 0.00000 0.00000
lin/ang/drive_left/drive_right/tv_l/tv_r/av_l/av_r/x/y/theta/tx/ty/ttheta: 0.55063 0.07554 0.41389 0.42281 0.46525 0.45258 0.46525 0.45258 -22.53549 -0.00155 -0.19447 -22.10000 0.00000 0.00000
lin/ang/drive_left/drive_right/tv_l/tv_r/av_l/av_r/x/y/theta/tx/ty/ttheta: 0.61987 0.09858 0.45871 0.45376 0.47964 0.50614 0.47964 0.50614 -22.19335 -0.00277 -0.23884 -21.70000 0.00000 0.00000
lin/ang/drive_left/drive_right/tv_l/tv_r/av_l/av_r/x/y/theta/tx/ty/ttheta: 0.68190 0.12248 0.53017 0.54212 0.50650 0.53214 0.50650 0.53214 -21.84062 -0.00433 -0.27961 -21.30000 0.00000 0.00000
lin/ang/drive_left/drive_right/tv_l/tv_r/av_l/av_r/x/y/theta/tx/ty/ttheta: 0.75309 0.12834 0.60876 0.60921 0.53128 0.49519 0.53128 0.49519 -21.41148 -0.00642 -0.26640 -20.80000 0.00000 0.00000
lin/ang/drive_left/drive_right/tv_l/tv_r/av_l/av_r/x/y/theta/tx/ty/ttheta: 0.81592 0.14528 0.64807 0.73203 0.54156 0.53969 0.54156 0.53969 -20.92897 -0.00864 -0.28260 -20.30000 0.00000 0.00000
lin/ang/drive_left/drive_right/tv_l/tv_r/av_l/av_r/x/y/theta/tx/ty/ttheta: 0.88801 0.16850 0.72652 0.73917 0.56569 0.52344 0.56569 0.52344 -20.40511 -0.01129 -0.30743 -19.70000 0.00000 0.00000
lin/ang/drive_left/drive_right/tv_l/tv_r/av_l/av_r/x/y/theta/tx/ty/ttheta: 0.95304 0.20581 0.77092 0.79109 0.57733 0.59322 0.57733 0.59322 -19.84631 -0.01440 -0.36215 -19.10000 0.00000 0.00000
lin/ang/drive_left/drive_right/tv_l/tv_r/av_l/av_r/x/y/theta/tx/ty/ttheta: 1.02176 0.23965 0.85091 0.77802 0.59581 0.45378 0.59581 0.45378 -19.22463 -0.01849 -0.39657 -18.40000 0.00000 0.00000
lin/ang/drive_left/drive_right/tv_l/tv_r/av_l/av_r/x/y/theta/tx/ty/ttheta: 1.07046 0.30788 0.88969 0.97252 0.59067 0.61633 0.59067 0.61633 -18.60916 -0.02300 -0.51152 -17.80000 0.00000 0.00000
lin/ang/drive_left/drive_right/tv_l/tv_r/av_l/av_r/x/y/theta/tx/ty/ttheta: 1.13355 0.38918 1.09606 0.90878 0.56583 0.56158 0.56583 0.56158 -17.90056 -0.02970 -0.62605 -17.00000 0.00000 0.00000
lin/ang/drive_left/drive_right/tv_l/tv_r/av_l/av_r/x/y/theta/tx/ty/ttheta: 1.17956 0.46215 0.95480 1.03556 0.51589 0.63911 0.51589 0.63911 -17.20121 -0.03763 -0.71736 -16.29999 0.00000 0.00000
lin/ang/drive_left/drive_right/tv_l/tv_r/av_l/av_r/x/y/theta/tx/ty/ttheta: 1.23866 0.51514 1.13935 1.08609 0.62692 0.59269 0.62692 0.59269 -16.42861 -0.04746 -0.73514 -15.39999 0.00000 0.00000
lin/ang/drive_left/drive_right/tv_l/tv_r/av_l/av_r/x/y/theta/tx/ty/ttheta: 1.27306 0.54780 1.11947 1.06655 0.64183 0.56464 0.64183 0.56464 -15.66661 -0.05715 -0.73082 -14.69999 0.00000 0.00000
lin/ang/drive_left/drive_right/tv_l/tv_r/av_l/av_r/x/y/theta/tx/ty/ttheta: 1.31943 0.60689 1.11760 1.16702 0.65328 0.79531 0.65328 0.79531 -14.84501 -0.06776 -0.76137 -13.79999 0.00000 0.00000
lin/ang/drive_left/drive_right/tv_l/tv_r/av_l/av_r/x/y/theta/tx/ty/ttheta: 1.31704 0.64595 1.18437 1.06384 0.67656 0.57614 0.67656 0.57614 -13.99459 -0.07907 -0.75834 -12.99999 0.00000 0.00000
lin/ang/drive_left/drive_right/tv_l/tv_r/av_l/av_r/x/y/theta/tx/ty/ttheta: 1.31952 0.70303 1.15525 1.06384 0.64250 0.84103 0.64250 0.84103 -13.14711 -0.09041 -0.78568 -12.09999 0.00000 0.00000
lin/ang/drive_left/drive_right/tv_l/tv_r/av_l/av_r/x/y/theta/tx/ty/ttheta: 1.31698 0.72207 1.19377 1.27021 0.67758 0.91167 0.67758 0.91167 -12.29360 -0.10202 -0.74259 -11.29999 0.00000 0.00000
lin/ang/drive_left/drive_right/tv_l/tv_r/av_l/av_r/x/y/theta/tx/ty/ttheta: 1.30868 0.69989 1.24893 1.36153 0.64561 0.61394 0.64561 0.61394 -11.32096 -0.11419 -0.60045 -10.29999 0.00000 0.00000
lin/ang/drive_left/drive_right/tv_l/tv_r/av_l/av_r/x/y/theta/tx/ty/ttheta: 1.26095 0.63868 1.23995 1.31536 0.57819 0.74722 0.57819 0.74722 -10.36066 -0.12337 -0.40510 -9.39998 0.00000 0.00000
lin/ang/drive_left/drive_right/tv_l/tv_r/av_l/av_r/x/y/theta/tx/ty/ttheta: 1.20529 0.58051 1.27395 1.36527 0.53625 0.68319 0.53625 0.68319 -9.34838 -0.12980 -0.22813 -8.29998 0.00000 0.00000
lin/ang/drive_left/drive_right/tv_l/tv_r/av_l/av_r/x/y/theta/tx/ty/ttheta: 1.15094 0.46943 1.24631 1.26269 0.29994 0.56281 0.29994 0.56281 -8.36203 -0.13272 0.03405 -7.49998 0.00000 0.00000
lin/ang/drive_left/drive_right/tv_l/tv_r/av_l/av_r/x/y/theta/tx/ty/ttheta: 1.09493 0.32030 1.03993 1.26505 0.27869 0.55936 0.27869 0.55936 -7.43983 -0.13088 0.35017 -6.49998 0.00000 0.00000
lin/ang/drive_left/drive_right/tv_l/tv_r/av_l/av_r/x/y/theta/tx/ty/ttheta: 1.02985 0.07995 1.03735 1.19349 0.48953 0.29672 0.48953 0.29672 -6.40188 -0.12266 0.82891 -5.49998 0.00000 0.00000
lin/ang/drive_left/drive_right/tv_l/tv_r/av_l/av_r/x/y/theta/tx/ty/ttheta: 0.97268 -0.24954 1.23455 0.98712 0.49861 0.22944 0.49861 0.22944 -5.52886 -0.10753 1.47515 -4.69998 0.00000 0.00000
lin/ang/drive_left/drive_right/tv_l/tv_r/av_l/av_r/x/y/theta/tx/ty/ttheta: 0.90561 -0.47825 1.12867 0.78074 0.27156 0.34392 0.27156 0.34392 -4.57368 -0.08090 1.81316 -3.79998 0.00000 0.00000
lin/ang/drive_left/drive_right/tv_l/tv_r/av_l/av_r/x/y/theta/tx/ty/ttheta: 0.83973 -0.52935 0.92230 0.98712 0.26797 0.18786 0.26797 0.18786 -3.68379 -0.05292 1.74130 -2.99998 0.00000 0.00000
lin/ang/drive_left/drive_right/tv_l/tv_r/av_l/av_r/x/y/theta/tx/ty/ttheta: 0.77308 -0.53838 1.02427 0.93427 0.39408 0.09172 0.39408 0.09172 -2.88531 -0.02905 1.57349 -2.19997 0.00000 0.00000
lin/ang/drive_left/drive_right/tv_l/tv_r/av_l/av_r/x/y/theta/tx/ty/ttheta: 0.71308 -0.42240 0.97691 0.72789 0.23525 0.02533 0.23525 0.02533 -2.16439 -0.01033 1.16046 -1.59997 0.00000 0.00000
lin/ang/drive_left/drive_right/tv_l/tv_r/av_l/av_r/x/y/theta/tx/ty/ttheta: 0.64646 -0.18847 0.77054 0.55831 0.08933 0.17417 0.08933 0.17417 -1.52114 0.00085 0.46942 -0.89997 0.00000 0.00000
lin/ang/drive_left/drive_right/tv_l/tv_r/av_l/av_r/x/y/theta/tx/ty/ttheta: 0.59528 0.07906 0.56416 0.75506 0.08539 0.30372 0.08539 0.30372 -0.95562 0.00366 -0.24561 -0.49997 0.00000 0.00000
lin/ang/drive_left/drive_right/tv_l/tv_r/av_l/av_r/x/y/theta/tx/ty/ttheta: 0.53763 0.83001 0.57870 0.61335 0.04056 0.16206 0.04056 0.16206 -0.42098 0.00030 -0.53647 0.09994 0.00014 0.16221
lin/ang/drive_left/drive_right/tv_l/tv_r/av_l/av_r/x/y/theta/tx/ty/ttheta: 0.52909 0.99808 0.53890 0.62645 0.07528 0.38122 0.07528 0.38122 0.03841 -0.00375 -0.31341 0.49936 0.00356 0.81971
lin/ang/drive_left/drive_right/tv_l/tv_r/av_l/av_r/x/y/theta/tx/ty/ttheta: 0.52198 1.08883 0.41596 0.83282 0.02139 0.41050 0.02139 0.41050 0.47035 -0.00534 0.17105 0.89873 0.01160 1.49200
lin/ang/drive_left/drive_right/tv_l/tv_r/av_l/av_r/x/y/theta/tx/ty/ttheta: 0.51506 1.01666 0.38901 0.73966 0.17894 0.20344 0.17894 0.20344 0.83016 -0.00315 0.93877 1.19816 0.02074 2.00596
lin/ang/drive_left/drive_right/tv_l/tv_r/av_l/av_r/x/y/theta/tx/ty/ttheta: 0.51208 0.98900 0.44818 0.53329 0.18086 0.27069 0.18086 0.27069 1.18065 0.00391 1.76624 1.59726 0.03715 2.70432
lin/ang/drive_left/drive_right/tv_l/tv_r/av_l/av_r/x/y/theta/tx/ty/ttheta: 0.50766 0.94742 0.41487 0.73966 0.14100 0.41186 0.14100 0.41186 1.49153 0.01447 2.44370 1.89644 0.05267 3.23794
lin/ang/drive_left/drive_right/tv_l/tv_r/av_l/av_r/x/y/theta/tx/ty/ttheta: 0.50451 0.99969 0.41689 0.54552 0.18256 0.27378 0.18256 0.27378 1.85126 0.03076 3.05583 2.29510 0.07775 3.96259
lin/ang/drive_left/drive_right/tv_l/tv_r/av_l/av_r/x/y/theta/tx/ty/ttheta: 0.49720 0.98960 0.39689 0.61777 0.16017 0.44950 0.16017 0.44950 2.22745 0.05187 3.66663 2.59387 0.09989 4.51591
lin/ang/drive_left/drive_right/tv_l/tv_r/av_l/av_r/x/y/theta/tx/ty/ttheta: 0.49494 1.03144 0.37711 0.60213 0.16872 0.36461 0.16872 0.36461 2.57422 0.07504 4.33897 2.99185 0.13394 5.26670
lin/ang/drive_left/drive_right/tv_l/tv_r/av_l/av_r/x/y/theta/tx/ty/ttheta: 0.49090 1.05149 0.38280 0.60213 0.17828 0.40636 0.17828 0.40636 2.96202 0.10577 5.08623 3.38936 0.17326 6.03232
lin/ang/drive_left/drive_right/tv_l/tv_r/av_l/av_r/x/y/theta/tx/ty/ttheta: 0.48500 1.00812 0.38611 0.60213 0.16442 0.38225 0.16442 0.38225 3.31568 0.13834 5.82008 3.68713 0.20625 6.61616
lin/ang/drive_left/drive_right/tv_l/tv_r/av_l/av_r/x/y/theta/tx/ty/ttheta: 0.48057 1.01375 0.38009 0.61072 0.16667 0.38669 0.16667 0.38669 3.71771 0.18078 6.62896 4.08360 0.25501 7.40726
lin/ang/drive_left/drive_right/tv_l/tv_r/av_l/av_r/x/y/theta/tx/ty/ttheta: 0.47774 1.04233 0.37386 0.58461 0.16119 0.34547 0.16119 0.34547 4.09017 0.22527 7.38436 4.47936 0.30928 8.21256
lin/ang/drive_left/drive_right/tv_l/tv_r/av_l/av_r/x/y/theta/tx/ty/ttheta: 0.47540 1.06263 0.37962 0.64427 0.15519 0.38961 0.15519 0.38961 4.45595 0.27400 8.17364 4.87432 0.36916 9.03168
lin/ang/drive_left/drive_right/tv_l/tv_r/av_l/av_r/x/y/theta/tx/ty/ttheta: 0.47249 1.08962 0.38457 0.64649 0.14183 0.30661 0.14183 0.30661 4.83755 0.33007 8.95717 5.26838 0.43473 9.86421
lin/ang/drive_left/drive_right/tv_l/tv_r/av_l/av_r/x/y/theta/tx/ty/ttheta: 0.46851 1.10261 0.39227 0.59129 0.11825 0.33864 0.11825 0.33864 5.24555 0.39593 9.79420 5.66144 0.50606 10.70964
lin/ang/drive_left/drive_right/tv_l/tv_r/av_l/av_r/x/y/theta/tx/ty/ttheta: 0.46304 1.04021 0.36416 0.62469 0.11686 0.33589 0.11686 0.33589 5.60584 0.45944 10.63480 5.95553 0.56339 11.35183
lin/ang/drive_left/drive_right/tv_l/tv_r/av_l/av_r/x/y/theta/tx/ty/ttheta: 0.46092 1.01011 0.38908 0.58369 0.14342 0.30953 0.14342 0.30953 5.98175 0.53167 11.60546 6.34662 0.64498 12.21838
lin/ang/drive_left/drive_right/tv_l/tv_r/av_l/av_r/x/y/theta/tx/ty/ttheta: 0.46015 0.98988 0.36298 0.60578 0.12097 0.32564 0.12097 0.32564 6.33379 0.60548 12.54448 6.73642 0.73251 13.09600
lin/ang/drive_left/drive_right/tv_l/tv_r/av_l/av_r/x/y/theta/tx/ty/ttheta: 0.45812 0.97167 0.36036 0.59628 0.14733 0.32594 0.14733 0.32594 6.71592 0.69216 13.47928 7.12484 0.82604 13.98390
lin/ang/drive_left/drive_right/tv_l/tv_r/av_l/av_r/x/y/theta/tx/ty/ttheta: 0.45467 0.88967 0.36603 0.57467 0.15556 0.32853 0.15556 0.32853 7.04465 0.77230 14.37421 7.41518 0.90015 14.65600
lin/ang/drive_left/drive_right/tv_l/tv_r/av_l/av_r/x/y/theta/tx/ty/ttheta: 0.45448 0.89100 0.37418 0.59170 0.15828 0.30408 0.15828 0.30408 7.39580 0.86375 15.24946 7.80092 1.00429 15.55964
lin/ang/drive_left/drive_right/tv_l/tv_r/av_l/av_r/x/y/theta/tx/ty/ttheta: 0.45111 0.83138 0.36414 0.59171 0.15656 0.31536 0.15656 0.31536 7.72782 0.95558 16.08044 8.08912 1.08638 16.24237
lin/ang/drive_left/drive_right/tv_l/tv_r/av_l/av_r/x/y/theta/tx/ty/ttheta: 0.45084 0.85926 0.36549 0.57662 0.16617 0.28917 0.16617 0.28917 8.08786 1.06072 16.88588 8.47183 1.20120 17.15849
lin/ang/drive_left/drive_right/tv_l/tv_r/av_l/av_r/x/y/theta/tx/ty/ttheta: 0.45066 0.88683 0.38167 0.53614 0.16922 0.31175 0.16922 0.31175 8.45068 1.17230 17.70037 8.85266 1.32215 18.08016
lin/ang/drive_left/drive_right/tv_l/tv_r/av_l/av_r/x/y/theta/tx/ty/ttheta: 0.44767 0.85648 0.36937 0.56943 0.14628 0.32542 0.14628 0.32542 8.78302 1.27956 18.46256 9.13699 1.41688 18.77428
lin/ang/drive_left/drive_right/tv_l/tv_r/av_l/av_r/x/y/theta/tx/ty/ttheta: 0.44883 0.89481 0.36417 0.52859 0.15056 0.31931 0.15056 0.31931 9.12686 1.39571 19.25646 9.51428 1.54855 19.70254
lin/ang/drive_left/drive_right/tv_l/tv_r/av_l/av_r/x/y/theta/tx/ty/ttheta: 0.44937 0.94809 0.36661 0.58323 0.15586 0.35181 0.15586 0.35181 9.48779 1.52312 20.01665 9.88940 1.68632 20.63271
lin/ang/drive_left/drive_right/tv_l/tv_r/av_l/av_r/x/y/theta/tx/ty/ttheta: 0.44663 0.90466 0.37726 0.56099 0.14422 0.32425 0.14422 0.32425 9.82393 1.64693 20.82960 10.16924 1.79364 21.33070
lin/ang/drive_left/drive_right/tv_l/tv_r/av_l/av_r/x/y/theta/tx/ty/ttheta: 0.44871 0.94098 0.36401 0.57228 0.13892 0.31742 0.13892 0.31742 10.16267 1.77716 21.64211 10.54032 1.94203 22.26070
lin/ang/drive_left/drive_right/tv_l/tv_r/av_l/av_r/x/y/theta/tx/ty/ttheta: 0.44707 0.88283 0.36060 0.62977 0.14392 0.34958 0.14392 0.34958 10.48254 1.90546 22.49451 10.81704 2.05727 22.95689
lin/ang/drive_left/drive_right/tv_l/tv_r/av_l/av_r/x/y/theta/tx/ty/ttheta: 0.45145 0.90300 0.37043 0.52784 0.15417 0.24828 0.15417 0.24828 10.78478 2.03189 23.33905 11.18379 2.21613 23.88212
lin/ang/drive_left/drive_right/tv_l/tv_r/av_l/av_r/x/y/theta/tx/ty/ttheta: 0.44863 0.84767 0.36469 0.61619 0.15878 0.37356 0.15878 0.37356 11.13289 2.18365 24.17150 11.45716 2.33915 24.57295
lin/ang/drive_left/drive_right/tv_l/tv_r/av_l/av_r/x/y/theta/tx/ty/ttheta: 0.45366 0.88853 0.35652 0.54579 0.15864 0.24347 0.15864 0.24347 11.43139 2.31880 24.94365 11.81932 2.50827 25.48865
lin/ang/drive_left/drive_right/tv_l/tv_r/av_l/av_r/x/y/theta/tx/ty/ttheta: 0.45633 0.92807 0.37120 0.58351 0.16581 0.37711 0.16581 0.37711 11.78070 2.48276 25.71655 12.17876 2.68314 26.39677
lin/ang/drive_left/drive_right/tv_l/tv_r/av_l/av_r/x/y/theta/tx/ty/ttheta: 0.45656 0.91956 0.36612 0.58355 0.14886 0.30781 0.14886 0.30781 12.07977 2.62787 26.40280 12.44652 2.81801 27.07194
lin/ang/drive_left/drive_right/tv_l/tv_r/av_l/av_r/x/y/theta/tx/ty/ttheta: 0.45959 0.96696 0.35932 0.57881 0.14992 0.34106 0.14992 0.34106 12.43168 2.80403 27.14863 12.80104 3.00270 27.96305
lin/ang/drive_left/drive_right/tv_l/tv_r/av_l/av_r/x/y/theta/tx/ty/ttheta: 0.46024 0.94607 0.36632 0.57707 0.15997 0.35111 0.15997 0.35111 12.72962 2.95797 27.86504 13.06504 3.14482 28.62372
lin/ang/drive_left/drive_right/tv_l/tv_r/av_l/av_r/x/y/theta/tx/ty/ttheta: 0.46605 0.97606 0.36152 0.58492 0.16064 0.34033 0.16064 0.34033 13.03917 3.12294 28.64290 13.41449 3.33900 29.49320
lin/ang/drive_left/drive_right/tv_l/tv_r/av_l/av_r/x/y/theta/tx/ty/ttheta: 0.46592 0.92365 0.37342 0.57386 0.16289 0.35131 0.16289 0.35131 13.35830 3.29869 29.43103 13.67465 3.48808 30.13597
lin/ang/drive_left/drive_right/tv_l/tv_r/av_l/av_r/x/y/theta/tx/ty/ttheta: 0.47162 0.95039 0.38087 0.58740 0.16239 0.33128 0.16239 0.33128 13.68046 3.48186 30.19091 14.01892 3.69136 30.97941
lin/ang/drive_left/drive_right/tv_l/tv_r/av_l/av_r/x/y/theta/tx/ty/ttheta: 0.47759 0.97060 0.39303 0.58282 0.15453 0.37611 0.15453 0.37611 14.00405 3.67159 30.95412 14.36022 3.89963 31.80613
lin/ang/drive_left/drive_right/tv_l/tv_r/av_l/av_r/x/y/theta/tx/ty/ttheta: 0.47877 0.91656 0.37881 0.58898 0.16031 0.35111 0.16031 0.35111 14.31069 3.85684 31.71214 14.61422 4.05904 32.41439
lin/ang/drive_left/drive_right/tv_l/tv_r/av_l/av_r/x/y/theta/tx/ty/ttheta: 0.48464 0.92160 0.38452 0.58683 0.17708 0.36139 0.17708 0.36139 14.64739 4.06651 32.48445 14.95026 4.27571 33.20874
lin/ang/drive_left/drive_right/tv_l/tv_r/av_l/av_r/x/y/theta/tx/ty/ttheta: 0.49232 0.93122 0.41062 0.58738 0.17917 0.38003 0.17917 0.38003 14.95924 4.26646 33.22282 15.28331 4.49697 33.98301
lin/ang/drive_left/drive_right/tv_l/tv_r/av_l/av_r/x/y/theta/tx/ty/ttheta: 0.50168 0.91816 0.41031 0.59596 0.17417 0.38500 0.17417 0.38500 15.24943 4.45789 33.99833 15.61341 4.72266 34.73611
lin/ang/drive_left/drive_right/tv_l/tv_r/av_l/av_r/x/y/theta/tx/ty/ttheta: 0.50391 0.82351 0.40373 0.60305 0.18567 0.38994 0.18567 0.38994 15.55592 4.66617 34.79945 15.85904 4.89474 35.28645
lin/ang/drive_left/drive_right/tv_l/tv_r/av_l/av_r/x/y/theta/tx/ty/ttheta: 0.51238 0.77216 0.43268 0.62333 0.22589 0.35881 0.22589 0.35881 15.87567 4.89008 35.62667 16.18402 5.12779 36.00016
lin/ang/drive_left/drive_right/tv_l/tv_r/av_l/av_r/x/y/theta/tx/ty/ttheta: 0.52264 0.70745 0.45756 0.59369 0.21594 0.36258 0.21594 0.36258 16.17353 5.10521 36.45303 16.50612 5.36480 36.69016
lin/ang/drive_left/drive_right/tv_l/tv_r/av_l/av_r/x/y/theta/tx/ty/ttheta: 0.53179 0.63978 0.47669 0.60853 0.21250 0.36169 0.21250 0.36169 16.50024 5.34829 37.25254 16.82540 5.60562 37.35566
lin/ang/drive_left/drive_right/tv_l/tv_r/av_l/av_r/x/y/theta/tx/ty/ttheta: 0.54981 0.60928 0.49414 0.61417 0.22894 0.35025 0.22894 0.35025 16.81372 5.58844 38.04923 17.22063 5.91171 38.15199
lin/ang/drive_left/drive_right/tv_l/tv_r/av_l/av_r/x/y/theta/tx/ty/ttheta: 0.56029 0.53208 0.50847 0.58173 0.24483 0.37197 0.24483 0.37197 17.14438 5.84901 38.79419 17.53380 6.16045 38.75989
lin/ang/drive_left/drive_right/tv_l/tv_r/av_l/av_r/x/y/theta/tx/ty/ttheta: 0.57281 0.44712 0.49767 0.67882 0.25547 0.38092 0.25547 0.38092 17.45506 6.10037 39.52410 17.84439 6.41243 39.34127
lin/ang/drive_left/drive_right/tv_l/tv_r/av_l/av_r/x/y/theta/tx/ty/ttheta: 0.58554 0.36664 0.51981 0.61328 0.28950 0.31928 0.28950 0.31928 17.77777 6.36835 40.20512 18.15246 6.66748 39.89564
lin/ang/drive_left/drive_right/tv_l/tv_r/av_l/av_r/x/y/theta/tx/ty/ttheta: 0.59991 0.34224 0.51904 0.65249 0.31928 0.36225 0.31928 0.36225 18.09179 6.63500 40.70327 18.45812 6.92543 40.42261
lin/ang/drive_left/drive_right/tv_l/tv_r/av_l/av_r/x/y/theta/tx/ty/ttheta: 0.62337 0.37403 0.56241 0.62163 0.33178 0.36719 0.33178 0.36719 18.42674 6.92429 41.12744 18.83696 7.25169 41.04223
lin/ang/drive_left/drive_right/tv_l/tv_r/av_l/av_r/x/y/theta/tx/ty/ttheta: 0.64780 0.43517 0.55662 0.65071 0.32489 0.43408 0.32489 0.43408 18.78720 7.23996 41.45047 19.21237 7.58189 41.61789
lin/ang/drive_left/drive_right/tv_l/tv_r/av_l/av_r/x/y/theta/tx/ty/ttheta: 0.66620 0.45033 0.58907 0.65179 0.34803 0.47706 0.34803 0.47706 19.12884 7.54255 41.78321 19.51038 7.84868 42.04645
lin/ang/drive_left/drive_right/tv_l/tv_r/av_l/av_r/x/y/theta/tx/ty/ttheta: 0.70760 0.51227 0.60083 0.77301 0.34547 0.48372 0.34547 0.48372 19.49599 7.87159 42.14365 19.95382 8.25282 42.63554
lin/ang/drive_left/drive_right/tv_l/tv_r/av_l/av_r/x/y/theta/tx/ty/ttheta: 0.74207 0.49310 0.60624 0.68773 0.39542 0.45192 0.39542 0.45192 19.88568 8.22562 42.59150 20.32032 8.59292 43.07687
lin/ang/drive_left/drive_right/tv_l/tv_r/av_l/av_r/x/y/theta/tx/ty/ttheta: 0.78259 0.46372 0.65432 0.81491 0.44058 0.56569 0.44058 0.56569 20.25591 8.56721 43.01834 20.68432 8.93568 43.47289
lin/ang/drive_left/drive_right/tv_l/tv_r/av_l/av_r/x/y/theta/tx/ty/ttheta: 0.85181 0.42605 0.67024 0.82571 0.47961 0.51708 0.47961 0.51708 20.65451 8.94074 43.51035 21.19023 9.41947 43.95096
lin/ang/drive_left/drive_right/tv_l/tv_r/av_l/av_r/x/y/theta/tx/ty/ttheta: 0.91216 0.35558 0.77688 0.83166 0.54928 0.57219 0.54928 0.57219 21.07552 9.34198 43.93574 21.62092 9.83721 44.28960
lin/ang/drive_left/drive_right/tv_l/tv_r/av_l/av_r/x/y/theta/tx/ty/ttheta: 0.98464 0.28664 0.78190 0.93884 0.56739 0.61103 0.56739 0.61103 21.54531 9.79608 44.28660 22.12059 10.32743 44.60158
lin/ang/drive_left/drive_right/tv_l/tv_r/av_l/av_r/x/y/theta/tx/ty/ttheta: 1.04837 0.18001 0.95286 0.95059 0.64353 0.61547 0.64353 0.61547 22.00905 10.24973 44.60286 22.61798 10.81999 44.82399
lin/ang/drive_left/drive_right/tv_l/tv_r/av_l/av_r/x/y/theta/tx/ty/ttheta: 1.11455 0.05970 0.90675 0.95041 0.59169 0.60844 0.59169 0.60844 22.50859 10.74340 44.81317 23.18459 11.38474 44.96845
lin/ang/drive_left/drive_right/tv_l/tv_r/av_l/av_r/x/y/theta/tx/ty/ttheta: 1.07706 -0.08041 1.02321 0.97359 0.55869 0.63089 0.55869 0.63089 23.00331 11.23557 44.95882 23.67964 11.87964 44.99884
lin/ang/drive_left/drive_right/tv_l/tv_r/av_l/av_r/x/y/theta/tx/ty/ttheta: 1.02787 -0.22827 1.03735 0.97252 0.61292 0.48131 0.61292 0.48131 23.57033 11.80220 45.04434 24.17481 12.37441 44.93961
lin/ang/drive_left/drive_right/tv_l/tv_r/av_l/av_r/x/y/theta/tx/ty/ttheta: 0.97822 -0.36654 1.05185 1.01107 0.54961 0.49228 0.54961 0.49228 24.12046 12.35338 45.03178 24.67089 12.86828 44.79078
lin/ang/drive_left/drive_right/tv_l/tv_r/av_l/av_r/x/y/theta/tx/ty/ttheta: 0.92576 -0.49737 1.08147 0.97252 0.47536 0.18292 0.47536 0.18292 24.65295 12.88574 44.86757 25.23992 13.43062 44.51096
lin/ang/drive_left/drive_right/tv_l/tv_r/av_l/av_r/x/y/theta/tx/ty/ttheta: 0.86971 -0.64279 0.99370 0.76614 0.40569 0.16494 0.40569 0.16494 25.23785 13.46715 44.72066 25.74050 13.91993 44.17016
lin/ang/drive_left/drive_right/tv_l/tv_r/av_l/av_r/x/y/theta/tx/ty/ttheta: 0.80889 -0.78992 0.99768 0.71318 0.39853 0.35386 0.39853 0.35386 25.81149 14.03417 44.41060 26.31664 14.47496 43.67115
lin/ang/drive_left/drive_right/tv_l/tv_r/av_l/av_r/x/y/theta/tx/ty/ttheta: 0.75548 -0.77329 0.94749 0.91956 0.36975 0.15025 0.36975 0.15025 26.32143 14.53118 43.81208 26.75223 14.88761 43.22039
lin/ang/drive_left/drive_right/tv_l/tv_r/av_l/av_r/x/y/theta/tx/ty/ttheta: 0.69884 -0.84970 0.86380 0.71318 0.32956 -0.02839 0.32956 -0.02839 26.88290 15.06716 43.18508 27.33848 15.43198 42.51781
lin/ang/drive_left/drive_right/tv_l/tv_r/av_l/av_r/x/y/theta/tx/ty/ttheta: 0.65988 -0.81029 0.84658 0.50681 0.32136 0.05203 0.32136 0.05203 27.37382 15.52450 42.28861 27.85731 15.90193 41.80847
lin/ang/drive_left/drive_right/tv_l/tv_r/av_l/av_r/x/y/theta/tx/ty/ttheta: 0.62989 -0.61293 0.84385 0.60766 0.27325 0.19781 0.27325 0.19781 27.83151 15.93706 41.17511 28.23161 16.23346 41.24821
lin/ang/drive_left/drive_right/tv_l/tv_r/av_l/av_r/x/y/theta/tx/ty/ttheta: 0.60669 -0.39372 0.71362 0.71609 0.19933 0.22725 0.19933 0.22725 28.23513 16.28625 39.99849 28.60928 16.56118 40.64380
lin/ang/drive_left/drive_right/tv_l/tv_r/av_l/av_r/x/y/theta/tx/ty/ttheta: 0.58631 -0.48863 0.77802 0.59186 0.18086 0.11925 0.18086 0.11925 28.65689 16.63719 39.52866 29.06721 16.94896 39.86092
lin/ang/drive_left/drive_right/tv_l/tv_r/av_l/av_r/x/y/theta/tx/ty/ttheta: 0.56990 -0.45586 0.64835 0.59934 0.20292 0.22944 0.20292 0.22944 29.03764 16.94914 38.77802 29.45298 17.26713 39.16138
lin/ang/drive_left/drive_right/tv_l/tv_r/av_l/av_r/x/y/theta/tx/ty/ttheta: 0.55612 -0.54321 0.69700 0.55389 0.26267 0.19283 0.26267 0.19283 29.37642 17.22025 38.45473 29.76446 17.51818 38.57144
lin/ang/drive_left/drive_right/tv_l/tv_r/av_l/av_r/x/y/theta/tx/ty/ttheta: 0.54501 -0.72472 0.63062 0.50699 0.25633 0.20206 0.25633 0.20206 29.68875 17.46799 38.33870 30.07856 17.76594 37.95510
lin/ang/drive_left/drive_right/tv_l/tv_r/av_l/av_r/x/y/theta/tx/ty/ttheta: 0.53633 -0.96009 0.64400 0.50147 0.35011 0.19267 0.35011 0.19267 29.97623 17.69524 38.31125 30.39539 18.01024 37.31291
lin/ang/drive_left/drive_right/tv_l/tv_r/av_l/av_r/x/y/theta/tx/ty/ttheta: 0.52747 -1.21066 0.67032 0.38661 0.37336 0.11347 0.37336 0.11347 30.28057 17.93565 38.26153 30.71498 18.25091 36.64552
lin/ang/drive_left/drive_right/tv_l/tv_r/av_l/av_r/x/y/theta/tx/ty/ttheta: 0.51478 -1.21184 0.63261 0.35065 0.40706 0.13381 0.40706 0.13381 30.57493 18.16722 37.87238 30.87584 18.36982 36.30260
lin/ang/drive_left/drive_right/tv_l/tv_r/av_l/av_r/x/y/theta/tx/ty/ttheta: 0.50834 -1.21053 0.66371 0.38684 0.40775 0.11036 0.40775 0.11036 30.86054 18.38786 37.06354 31.19972 18.60472 35.59871
lin/ang/drive_left/drive_right/tv_l/tv_r/av_l/av_r/x/y/theta/tx/ty/ttheta: 0.50294 -1.10766 0.60969 0.27104 0.40569 0.16614 0.40569 0.16614 31.14356 18.59963 35.97220 31.52650 18.83557 34.87155
lin/ang/drive_left/drive_right/tv_l/tv_r/av_l/av_r/x/y/theta/tx/ty/ttheta: 0.49427 -0.88263 0.70863 0.47741 0.37081 0.26403 0.37081 0.26403 31.44576 18.81652 34.74824 31.77354 19.00593 34.31142
lin/ang/drive_left/drive_right/tv_l/tv_r/av_l/av_r/x/y/theta/tx/ty/ttheta: 0.48932 -0.70404 0.53491 0.41549 0.24672 0.07581 0.24672 0.07581 31.74872 19.02421 33.48075 32.10553 19.22928 33.54567
lin/ang/drive_left/drive_right/tv_l/tv_r/av_l/av_r/x/y/theta/tx/ty/ttheta: 0.48279 -0.48915 0.62362 0.38414 0.33092 0.21150 0.33092 0.21150 32.03573 19.21187 32.31816 32.35649 19.39383 32.95776
lin/ang/drive_left/drive_right/tv_l/tv_r/av_l/av_r/x/y/theta/tx/ty/ttheta: 0.47809 -0.30951 0.54283 0.48826 0.19628 0.28372 0.19628 0.28372 32.29906 19.37676 31.27007 32.60915 19.55579 32.35869
lin/ang/drive_left/drive_right/tv_l/tv_r/av_l/av_r/x/y/theta/tx/ty/ttheta: 0.47573 -0.25103 0.33645 0.38608 0.19675 0.20942 0.19675 0.20942 32.59140 19.55262 30.39959 32.94869 19.76756 31.54344
lin/ang/drive_left/drive_right/tv_l/tv_r/av_l/av_r/x/y/theta/tx/ty/ttheta: 0.47026 -0.29226 0.49220 0.45094 0.42639 0.33197 0.42639 0.33197 32.95201 19.76285 29.79246 33.29124 19.97443 30.71047
lin/ang/drive_left/drive_right/tv_l/tv_r/av_l/av_r/x/y/theta/tx/ty/ttheta: 0.46812 -0.39439 0.69857 0.51868 0.31056 0.23939 0.31056 0.23939 33.26271 19.93979 29.32679 33.63681 20.17627 29.86109
lin/ang/drive_left/drive_right/tv_l/tv_r/av_l/av_r/x/y/theta/tx/ty/ttheta: 0.46157 -0.49075 0.49220 0.37777 0.04925 0.15042 0.04925 0.15042 33.59339 20.12496 29.00381 33.89796 20.32424 29.21411
lin/ang/drive_left/drive_right/tv_l/tv_r/av_l/av_r/x/y/theta/tx/ty/ttheta: 0.46110 -0.67608 0.32417 0.40854 0.31572 0.24844 0.31572 0.24844 33.89028 20.28900 28.69382 34.24874 20.51692 28.33931
lin/ang/drive_left/drive_right/tv_l/tv_r/av_l/av_r/x/y/theta/tx/ty/ttheta: 0.45557 -0.81596 0.53055 0.51841 0.53883 0.15125 0.53883 0.15125 34.21483 20.46614 28.42919 34.51377 20.65787 27.67491
lin/ang/drive_left/drive_right/tv_l/tv_r/av_l/av_r/x/y/theta/tx/ty/ttheta: 0.45470 -1.05727 0.73692 0.31203 0.35403 -0.06878 0.35403 -0.06878 34.53479 20.63897 28.18534 34.86966 20.84100 26.77916
lin/ang/drive_left/drive_right/tv_l/tv_r/av_l/av_r/x/y/theta/tx/ty/ttheta: 0.45344 -1.23306 0.53055 0.12967 0.21167 0.15350 0.21167 0.15350 34.87052 20.81803 27.70534 35.22840 21.01851 25.87352
lin/ang/drive_left/drive_right/tv_l/tv_r/av_l/av_r/x/y/theta/tx/ty/ttheta: 0.45156 -1.26077 0.62186 0.33604 0.43358 0.31844 0.43358 0.31844 35.14591 20.96169 27.03093 35.49930 21.14791 25.18873
lin/ang/drive_left/drive_right/tv_l/tv_r/av_l/av_r/x/y/theta/tx/ty/ttheta: 0.44840 -1.29288 0.58351 0.51868 0.34444 0.08589 0.34444 0.08589 35.45136 21.11640 26.36176 35.77172 21.27404 24.49992
lin/ang/drive_left/drive_right/tv_l/tv_r/av_l/av_r/x/y/theta/tx/ty/ttheta: 0.44803 -1.39342 0.59083 0.31230 0.37350 -0.18464 0.37350 -0.18464 35.79457 21.28507 25.62206 36.13731 21.43710 23.57635
lin/ang/drive_left/drive_right/tv_l/tv_r/av_l/av_r/x/y/theta/tx/ty/ttheta: 0.44906 -1.51342 0.62665 0.12967 0.38500 0.08350 0.38500 0.08350 36.12037 21.44018 24.92355 36.50550 21.59424 22.64837
lin/ang/drive_left/drive_right/tv_l/tv_r/av_l/av_r/x/y/theta/tx/ty/ttheta: 0.44804 -1.41977 0.57197 0.32895 0.38019 0.22211 0.38019 0.22211 36.40553 21.57121 23.87635 36.78329 21.70817 21.95038
lin/ang/drive_left/drive_right/tv_l/tv_r/av_l/av_r/x/y/theta/tx/ty/ttheta: 0.44586 -1.30013 0.63527 0.38901 0.40931 0.06161 0.40931 0.06161 36.71958 21.70839 22.76988 37.06246 21.81871 21.25146
lin/ang/drive_left/drive_right/tv_l/tv_r/av_l/av_r/x/y/theta/tx/ty/ttheta: 0.44670 -1.25758 0.58378 0.18263 0.33436 0.02208 0.33436 0.02208 37.07443 21.85531 21.65181 37.43677 21.96079 20.31910
lin/ang/drive_left/drive_right/tv_l/tv_r/av_l/av_r/x/y/theta/tx/ty/ttheta: 0.45033 -1.21404 0.60206 0.38901 0.35867 0.23736 0.35867 0.23736 37.38383 21.97646 20.55826 37.81336 22.09676 19.38765
lin/ang/drive_left/drive_right/tv_l/tv_r/av_l/av_r/x/y/theta/tx/ty/ttheta: 0.45023 -1.05968 0.57265 0.35065 0.34686 -0.02583 0.34686 -0.02583 37.67812 22.08516 19.41549 38.09722 22.19472 18.69049
lin/ang/drive_left/drive_right/tv_l/tv_r/av_l/av_r/x/y/theta/tx/ty/ttheta: 0.44942 -0.92252 0.59812 0.19450 0.32442 0.13772 0.32442 0.13772 37.99201 22.19409 18.34335 38.38226 22.28923 17.99522
lin/ang/drive_left/drive_right/tv_l/tv_r/av_l/av_r/x/y/theta/tx/ty/ttheta: 0.44937 -0.75240 0.55360 0.40088 0.28936 0.33214 0.28936 0.33214 38.29621 22.29332 17.19762 38.66843 22.38027 17.30241
lin/ang/drive_left/drive_right/tv_l/tv_r/av_l/av_r/x/y/theta/tx/ty/ttheta: 0.45309 -0.68175 0.54904 0.51868 0.27700 0.16753 0.27700 0.16753 38.63284 22.39574 16.15218 39.05168 22.49629 16.38338
lin/ang/drive_left/drive_right/tv_l/tv_r/av_l/av_r/x/y/theta/tx/ty/ttheta: 0.45298 -0.58273 0.52018 0.31230 0.28744 0.00272 0.28744 0.00272 38.94924 22.48598 15.25287 39.34032 22.57927 15.69830
lin/ang/drive_left/drive_right/tv_l/tv_r/av_l/av_r/x/y/theta/tx/ty/ttheta: 0.45334 -0.52724 0.54904 0.31230 0.29364 0.30900 0.29364 0.30900 39.26082 22.56979 14.48834 39.62994 22.65882 15.01738
lin/ang/drive_left/drive_right/tv_l/tv_r/av_l/av_r/x/y/theta/tx/ty/ttheta: 0.45463 -0.48370 0.49305 0.51868 0.27842 0.31997 0.27842 0.31997 39.55729 22.64538 13.76557 39.92048 22.73493 14.34107
lin/ang/drive_left/drive_right/tv_l/tv_r/av_l/av_r/x/y/theta/tx/ty/ttheta: 0.45941 -0.56931 0.52279 0.31230 0.29653 0.07922 0.29653 0.07922 39.89608 22.72740 13.21545 40.30923 22.83109 13.44724
lin/ang/drive_left/drive_right/tv_l/tv_r/av_l/av_r/x/y/theta/tx/ty/ttheta: 0.45941 -0.63016 0.51058 0.36253 0.30714 0.29944 0.30714 0.29944 40.22804 22.80472 12.78237 40.60176 22.89924 12.78332
lin/ang/drive_left/drive_right/tv_l/tv_r/av_l/av_r/x/y/theta/tx/ty/ttheta: 0.45999 -0.69259 0.53427 0.56890 0.32936 0.23869 0.32936 0.23869 40.55160 22.87747 12.34398 40.89506 22.96401 12.12536
lin/ang/drive_left/drive_right/tv_l/tv_r/av_l/av_r/x/y/theta/tx/ty/ttheta: 0.46599 -0.83515 0.49454 0.36253 0.31211 -0.06075 0.31211 -0.06075 40.88029 22.94872 11.91627 41.28724 23.04516 11.25792
lin/ang/drive_left/drive_right/tv_l/tv_r/av_l/av_r/x/y/theta/tx/ty/ttheta: 0.46624 -0.91263 0.56749 0.15615 0.37558 0.19236 0.37558 0.19236 41.21833 23.01945 11.49871 41.58215 23.10215 10.61513
lin/ang/drive_left/drive_right/tv_l/tv_r/av_l/av_r/x/y/theta/tx/ty/ttheta: 0.47223 -0.99709 0.56423 0.36253 0.34617 0.37558 0.34617 0.37558 41.55706 23.08748 10.88107 41.97635 23.17301 9.76895
lin/ang/drive_left/drive_right/tv_l/tv_r/av_l/av_r/x/y/theta/tx/ty/ttheta: 0.47590 -1.05401 0.57938 0.56890 0.36019 0.12306 0.36019 0.12306 41.94917 23.16162 10.18554 42.37153 23.23809 8.93578
lin/ang/drive_left/drive_right/tv_l/tv_r/av_l/av_r/x/y/theta/tx/ty/ttheta: 0.47524 -1.03728 0.60329 0.36253 0.37900 -0.13503 0.37900 -0.13503 42.31820 23.22678 9.49695 42.66853 23.28315 8.31973
lin/ang/drive_left/drive_right/tv_l/tv_r/av_l/av_r/x/y/theta/tx/ty/ttheta: 0.48002 -1.06886 0.61527 0.19450 0.35144 0.18958 0.35144 0.18958 42.69695 23.28892 8.74090 43.06525 23.33829 7.51046
lin/ang/drive_left/drive_right/tv_l/tv_r/av_l/av_r/x/y/theta/tx/ty/ttheta: 0.47152 -0.99548 0.57641 0.40088 0.34256 0.33622 0.34256 0.33622 43.04937 23.34163 7.76607 43.46270 23.38788 6.71539
lin/ang/drive_left/drive_right/tv_l/tv_r/av_l/av_r/x/y/theta/tx/ty/ttheta: 0.45197 -0.83089 0.61541 0.51868 0.36308 0.10233 0.36308 0.10233 43.40903 23.38908 6.78102 43.76123 23.42148 6.12858
lin/ang/drive_left/drive_right/tv_l/tv_r/av_l/av_r/x/y/theta/tx/ty/ttheta: 0.42905 -0.73314 0.55697 0.31230 0.26094 -0.05956 0.26094 -0.05956 43.79340 23.43316 5.84914 44.15977 23.46156 5.35904
lin/ang/drive_left/drive_right/tv_l/tv_r/av_l/av_r/x/y/theta/tx/ty/ttheta: 0.40578 -0.66863 0.54622 0.31230 0.23717 0.23117 0.23717 0.23117 44.14495 23.46791 5.04472 44.55881 23.49633 4.60435
lin/ang/drive_left/drive_right/tv_l/tv_r/av_l/av_r/x/y/theta/tx/ty/ttheta: 0.38341 -0.53320 0.48937 0.51868 0.18719 0.18769 0.18719 0.18769 44.48037 23.49626 4.21052 44.85837 23.51899 4.04818
lin/ang/drive_left/drive_right/tv_l/tv_r/av_l/av_r/x/y/theta/tx/ty/ttheta: 0.35908 -0.44788 0.46607 0.31230 0.18258 -0.11517 0.18258 -0.11517 44.82366 23.52045 3.53839 45.15814 23.53876 3.50047
lin/ang/drive_left/drive_right/tv_l/tv_r/av_l/av_r/x/y/theta/tx/ty/ttheta: 0.33420 -0.38305 0.44660 0.31230 0.15281 0.17625 0.15281 0.17625 45.13800 23.53911 2.93973 45.45809 23.55569 2.96123
lin/ang/drive_left/drive_right/tv_l/tv_r/av_l/av_r/x/y/theta/tx/ty/ttheta: 0.30739 -0.28367 0.39238 0.45384 0.14731 0.11822 0.14731 0.11822 45.44201 23.55379 2.25567 45.75818 23.56982 2.43049
lin/ang/drive_left/drive_right/tv_l/tv_r/av_l/av_r/x/y/theta/tx/ty/ttheta: 0.28554 -0.18330 0.32653 0.24747 0.06894 -0.12200 0.06894 -0.12200 45.69277 23.56303 1.70839 45.95830 23.57770 2.08138
lin/ang/drive_left/drive_right/tv_l/tv_r/av_l/av_r/x/y/theta/tx/ty/ttheta: 0.25474 -0.11727 0.25936 0.24747 0.15642 0.16492 0.15642 0.16492 45.95558 23.57030 1.16538 46.25858 23.58725 1.56476
lin/ang/drive_left/drive_right/tv_l/tv_r/av_l/av_r/x/y/theta/tx/ty/ttheta: 0.23825 0.02667 0.38901 0.45384 0.09086 0.14219 0.09086 0.14219 46.14984 23.57374 0.60840 46.35868 23.58984 1.39442
lin/ang/drive_left/drive_right/tv_l/tv_r/av_l/av_r/x/y/theta/tx/ty/ttheta: 0.21227 0.08149 0.18263 0.25379 -0.10094 0.14014 -0.10094 0.14014 46.34103 23.57543 0.24232 46.55892 23.59412 1.05656
lin/ang/drive_left/drive_right/tv_l/tv_r/av_l/av_r/x/y/theta/tx/ty/ttheta: 0.18278 0.02702 0.11443 0.32417 0.00358 0.06642 0.00358 0.06642 46.51357 23.57606 0.24110 46.75917 23.59723 0.72241
lin/ang/drive_left/drive_right/tv_l/tv_r/av_l/av_r/x/y/theta/tx/ty/ttheta: 0.16310 -0.07006 0.11833 0.17818 0.01522 0.02636 0.01522 0.02636 46.65240 23.57678 0.47073 46.85931 23.59835 0.55673
lin/ang/drive_left/drive_right/tv_l/tv_r/av_l/av_r/x/y/theta/tx/ty/ttheta: 0.14245 -0.18283 0.18950 0.03563 0.09358 -0.01386 0.09358 -0.01386 46.75905 23.57779 0.75770 46.95945 23.59918 0.39198
lin/ang/drive_left/drive_right/tv_l/tv_r/av_l/av_r/x/y/theta/tx/ty/ttheta: 0.11811 -0.26084 0.19131 0.07232 0.11328 0.00358 0.11328 0.00358 46.86125 23.57924 0.94210 47.05959 23.59972 0.22815
lin/ang/drive_left/drive_right/tv_l/tv_r/av_l/av_r/x/y/theta/tx/ty/ttheta: 0.11420 -0.25174 0.25654 0.05617 0.04822 0.01264 0.04822 0.01264 46.94378 23.58061 0.91842 47.05959 23.59972 0.22815
lin/ang/drive_left/drive_right/tv_l/tv_r/av_l/av_r/x/y/theta/tx/ty/ttheta: 0.11115 -0.18705 0.14500 0.06483 0.09428 0.03217 0.09428 0.03217 47.00804 23.58159 0.69674 47.05959 23.59972 0.22815
lin/ang/drive_left/drive_right/tv_l/tv_r/av_l/av_r/x/y/theta/tx/ty/ttheta: 0.08242 -0.12617 0.18947 0.12733 0.04361 0.09686 0.04361 0.09686 47.04488 23.58199 0.44678 47.15973 23.59998 0.06524
lin/ang/drive_left/drive_right/tv_l/tv_r/av_l/av_r/x/y/theta/tx/ty/ttheta: 0.08046 -0.08995 0.12432 0.19443 -0.03867 0.03319 -0.03867 0.03319 47.08614 23.58229 0.32180 47.15973 23.59998 0.06524
lin/ang/drive_left/drive_right/tv_l/tv_r/av_l/av_r/x/y/theta/tx/ty/ttheta: 0.00359 -0.01920 -0.04652 0.06483 0.04722 0.06158 0.04722 0.06158 47.12437 23.58249 0.31274 47.20000 23.60000 359.99998
lin/ang/drive_left/drive_right/tv_l/tv_r/av_l/av_r/x/y/theta/tx/ty/ttheta: 0.00258 -0.03518 0.09881 0.10948 -0.06828 0.04553 -0.06828 0.04553 47.14570 23.58261 0.36911 47.20000 23.60000 359.99998
lin/ang/drive_left/drive_right/tv_l/tv_r/av_l/av_r/x/y/theta/tx/ty/ttheta: 0.00214 -0.05008 0.00000 -0.09689 0.03611 -0.02994 0.03611 -0.02994 47.15487 23.58268 0.42186 47.20000 23.60000 359.99998
lin/ang/drive_left/drive_right/tv_l/tv_r/av_l/av_r/x/y/theta/tx/ty/ttheta: 0.00186 -0.05439 0.02447 -0.09109 0.05697 -0.06111 0.05697 -0.06111 47.16095 23.58272 0.43711 47.20000 23.60000 359.99998
lin/ang/drive_left/drive_right/tv_l/tv_r/av_l/av_r/x/y/theta/tx/ty/ttheta: 0.00171 -0.04597 0.04451 -0.07939 0.05681 -0.05578 0.05681 -0.05578 47.16392 23.58274 0.40724 47.20000 23.60000 359.99998
lin/ang/drive_left/drive_right/tv_l/tv_r/av_l/av_r/x/y/theta/tx/ty/ttheta: 0.00171 -0.02839 0.03486 -0.02069 0.02619 -0.02361 0.02619 -0.02361 47.16396 23.58274 0.34485 47.20000 23.60000 359.99998
lin/ang/drive_left/drive_right/tv_l/tv_r/av_l/av_r/x/y/theta/tx/ty/ttheta: 0.00171 -0.01561 0.00191 -0.00254 0.00633 -0.00428 0.00633 -0.00428 47.16399 23.58274 0.29951 47.20000 23.60000 359.99998
lin/ang/drive_left/drive_right/tv_l/tv_r/av_l/av_r/x/y/theta/tx/ty/ttheta: 0.00164 -0.01591 0.00026 -0.00687 0.00461 -0.00292 0.00461 -0.00292 47.16556 23.58275 0.30057 47.20000 23.60000 359.99998
lin/ang/drive_left/drive_right/tv_l/tv_r/av_l/av_r/x/y/theta/tx/ty/ttheta: 0.00164 -0.02633 -0.04672 -0.00015 0.03731 -0.03764 0.03731 -0.03764 47.16553 23.58275 0.33756 47.20000 23.60000 359.99998
lin/ang/drive_left/drive_right/tv_l/tv_r/av_l/av_r/x/y/theta/tx/ty/ttheta: 0.00164 -0.02980 -0.00244 -0.03070 0.05150 -0.05253 0.05150 -0.05253 47.16552 23.58275 0.34989 47.20000 23.60000 359.99998
lin/ang/drive_left/drive_right/tv_l/tv_r/av_l/av_r/x/y/theta/tx/ty/ttheta: 0.00163 -0.01405 0.01983 -0.01694 0.05389 -0.04978 0.05389 -0.04978 47.16556 23.58275 0.29396 47.20000 23.60000 359.99998
lin/ang/drive_left/drive_right/tv_l/tv_r/av_l/av_r/x/y/theta/tx/ty/ttheta: 0.00163 0.00237 0.02397 -0.00220 0.02069 -0.01558 0.02069 -0.01558 47.16560 23.58275 0.23564 47.20000 23.60000 359.99998
lin/ang/drive_left/drive_right/tv_l/tv_r/av_l/av_r/x/y/theta/tx/ty/ttheta: 0.00163 0.00808 -0.03243 0.01694 0.00497 -0.00358 0.00497 -0.00358 47.16562 23.58275 0.21539 47.20000 23.60000 359.99998
lin/ang/drive_left/drive_right/tv_l/tv_r/av_l/av_r/x/y/theta/tx/ty/ttheta: 0.00163 -0.00332 -0.00635 0.03910 0.00908 0.05219 0.00908 0.05219 47.16559 23.58275 0.25585 47.20000 23.60000 359.99998
lin/ang/drive_left/drive_right/tv_l/tv_r/av_l/av_r/x/y/theta/tx/ty/ttheta: 0.00163 -0.01430 -0.00023 0.07129 0.04208 0.02278 0.04208 0.02278 47.16556 23.58275 0.29486 47.20000 23.60000 359.99998
lin/ang/drive_left/drive_right/tv_l/tv_r/av_l/av_r/x/y/theta/tx/ty/ttheta: 0.00163 -0.01483 0.02179 0.01935 0.05319 -0.01472 0.05319 -0.01472 47.16556 23.58275 0.29674 47.20000 23.60000 359.99998
lin/ang/drive_left/drive_right/tv_l/tv_r/av_l/av_r/x/y/theta/tx/ty/ttheta: 0.00163 -0.00238 0.01220 -0.02172 0.04997 -0.04964 0.04997 -0.04964 47.16559 23.58275 0.25254 47.20000 23.60000 359.99998
lin/ang/drive_left/drive_right/tv_l/tv_r/av_l/av_r/x/y/theta/tx/ty/ttheta: 0.00163 0.00333 0.00795 -0.10353 0.01900 0.00017 0.01900 0.00017 47.16561 23.58275 0.23225 47.20000 23.60000 359.99998
lin/ang/drive_left/drive_right/tv_l/tv_r/av_l/av_r/x/y/theta/tx/ty/ttheta: 0.00163 0.00059 -0.01044 0.03094 0.00908 0.05372 0.00908 0.05372 47.16560 23.58275 0.24199 47.20000 23.60000 359.99998
lin/ang/drive_left/drive_right/tv_l/tv_r/av_l/av_r/x/y/theta/tx/ty/ttheta: 0.00163 -0.00786 -0.01528 0.07026 0.03869 0.00719 0.03869 0.00719 47.16558 23.58275 0.27197 47.20000 23.60000 359.99998
lin/ang/drive_left/drive_right/tv_l/tv_r/av_l/av_r/x/y/theta/tx/ty/ttheta: 0.00163 -0.01168 0.01799 0.02757 0.05236 -0.01097 0.05236 -0.01097 47.16557 23.58275 0.28556 47.20000 23.60000 359.99998
lin/ang/drive_left/drive_right/tv_l/tv_r/av_l/av_r/x/y/theta/tx/ty/ttheta: 0.00163 -0.00200 0.00968 0.00748 0.05031 -0.00700 0.05031 -0.00700 47.16559 23.58275 0.25118 47.20000 23.60000 359.99998
lin/ang/drive_left/drive_right/tv_l/tv_r/av_l/av_r/x/y/theta/tx/ty/ttheta: 0.00163 0.00313 0.00366 0.00042 0.03525 0.04603 0.03525 0.04603 47.16560 23.58275 0.23298 47.20000 23.60000 359.99998
lin/ang/drive_left/drive_right/tv_l/tv_r/av_l/av_r/x/y/theta/tx/ty/ttheta: 0.00163 -0.00176 -0.02699 0.04050 0.01967 0.05594 0.01967 0.05594 47.16559 23.58275 0.25032 47.20000 23.60000 359.99998
lin/ang/drive_left/drive_right/tv_l/tv_r/av_l/av_r/x/y/theta/tx/ty/ttheta: 0.00163 -0.01195 -0.00108 0.11860 0.03544 0.00597 0.03544 0.00597 47.16557 23.58275 0.28652 47.20000 23.60000 359.99998
lin/ang/drive_left/drive_right/tv_l/tv_r/av_l/av_r/x/y/theta/tx/ty/ttheta: 0.00163 -0.01214 0.01716 0.03357 0.05050 -0.01028 0.05050 -0.01028 47.16557 23.58275 0.28718 47.20000 23.60000 359.99998
lin/ang/drive_left/drive_right/tv_l/tv_r/av_l/av_r/x/y/theta/tx/ty/ttheta: 0.00163 -0.00279 0.01011 0.00302 0.05014 -0.00683 0.05014 -0.00683 47.16559 23.58275 0.25399 47.20000 23.60000 359.99998
lin/ang/drive_left/drive_right/tv_l/tv_r/av_l/av_r/x/y/theta/tx/ty/ttheta: 0.00163 0.00079 0.00128 -0.01884 0.01575 0.00258 0.01575 0.00258 47.16560 23.58275 0.24128 47.20000 23.60000 359.99998
lin/ang/drive_left/drive_right/tv_l/tv_r/av_l/av_r/x/y/theta/tx/ty/ttheta: 0.00163 -0.00497 -0.00948 0.03491 0.00617 0.05064 0.00617 0.05064 47.16558 23.58275 0.26173 47.20000 23.60000 359.99998
lin/ang/drive_left/drive_right/tv_l/tv_r/av_l/av_r/x/y/theta/tx/ty/ttheta: 0.00163 -0.01403 0.03255 0.08301 0.04092 0.00478 0.04092 0.00478 47.16556 23.58275 0.29389 47.20000 23.60000 359.99998
lin/ang/drive_left/drive_right/tv_l/tv_r/av_l/av_r/x/y/theta/tx/ty/ttheta: 0.00164 -0.01569 0.02476 0.01999 0.05303 -0.01147 0.05303 -0.01147 47.16556 23.58275 0.29978 47.20000 23.60000 359.99998
lin/ang/drive_left/drive_right/tv_l/tv_r/av_l/av_r/x/y/theta/tx/ty/ttheta: 0.00163 -0.00386 0.01924 -0.04854 0.05050 -0.05083 0.05050 -0.05083 47.16559 23.58275 0.25776 47.20000 23.60000 359.99998
lin/ang/drive_left/drive_right/tv_l/tv_r/av_l/av_r/x/y/theta/tx/ty/ttheta: 0.00163 0.00358 0.00243 -0.06412 0.01558 -0.00222 0.01558 -0.00222 47.16561 23.58275 0.23137 47.20000 23.60000 359.99998
lin/ang/drive_left/drive_right/tv_l/tv_r/av_l/av_r/x/y/theta/tx/ty/ttheta: 0.00163 -0.00132 -0.00297 0.01046 0.00547 0.05303 0.00547 0.05303 47.16559 23.58275 0.24875 47.20000 23.60000 359.99998
lin/ang/drive_left/drive_right/tv_l/tv_r/av_l/av_r/x/y/theta/tx/ty/ttheta: 0.00163 -0.01114 -0.00051 0.09992 0.03886 0.00700 0.03886 0.00700 47.16557 23.58275 0.28363 47.20000 23.60000 359.99998
lin/ang/drive_left/drive_right/tv_l/tv_r/av_l/av_r/x/y/theta/tx/ty/ttheta: 0.00163 -0.01158 -0.00027 0.03118 0.05014 -0.01025 0.05014 -0.01025 47.16557 23.58275 0.28518 47.20000 23.60000 359.99998
lin/ang/drive_left/drive_right/tv_l/tv_r/av_l/av_r/x/y/theta/tx/ty/ttheta: 0.00163 -0.00132 0.00736 -0.00572 0.05097 -0.00717 0.05097 -0.00717 47.16559 23.58275 0.24875 47.20000 23.60000 359.99998
lin/ang/drive_left/drive_right/tv_l/tv_r/av_l/av_r/x/y/theta/tx/ty/ttheta: 0.00163 0.00322 0.00213 -0.00032 0.01317 0.04603 0.01317 0.04603 47.16561 23.58275 0.23264 47.20000 23.60000 359.99998
lin/ang/drive_left/drive_right/tv_l/tv_r/av_l/av_r/x/y/theta/tx/ty/ttheta: 0.00163 -0.00346 -0.02791 0.04516 0.00358 0.05183 0.00358 0.05183 47.16559 23.58275 0.25635 47.20000 23.60000 359.99998
lin/ang/drive_left/drive_right/tv_l/tv_r/av_l/av_r/x/y/theta/tx/ty/ttheta: 0.00164 -0.01787 0.00078 0.02223 0.04125 0.01986 0.04125 0.01986 47.16555 23.58275 0.30751 47.20000 23.60000 359.99998
lin/ang/drive_left/drive_right/tv_l/tv_r/av_l/av_r/x/y/theta/tx/ty/ttheta: 0.00164 -0.02746 0.00672 -0.00139 0.05353 0.01983 0.05353 0.01983 47.16553 23.58275 0.34155 47.20000 23.60000 359.99998
lin/ang/drive_left/drive_right/tv_l/tv_r/av_l/av_r/x/y/theta/tx/ty/ttheta: 0.00163 -0.01429 0.00397 -0.03011 0.05286 -0.05033 0.05286 -0.05033 47.16556 23.58275 0.29481 47.20000 23.60000 359.99998
lin/ang/drive_left/drive_right/tv_l/tv_r/av_l/av_r/x/y/theta/tx/ty/ttheta: 0.00148 -0.00062 0.00103 -0.08681 0.03150 -0.04056 0.03150 -0.04056 47.16872 23.58277 0.24627 47.20000 23.60000 359.99998
lin/ang/drive_left/drive_right/tv_l/tv_r/av_l/av_r/x/y/theta/tx/ty/ttheta: 0.00134 0.00153 0.00017 -0.01673 0.01419 -0.01969 0.01419 -0.01969 47.17168 23.58278 0.23861 47.20000 23.60000 359.99998
lin/ang/drive_left/drive_right/tv_l/tv_r/av_l/av_r/x/y/theta/tx/ty/ttheta: 0.00135 -0.01054 -0.00619 0.02980 0.01539 0.04994 0.01539 0.04994 47.17165 23.58278 0.28151 47.20000 23.60000 359.99998
lin/ang/drive_left/drive_right/tv_l/tv_r/av_l/av_r/x/y/theta/tx/ty/ttheta: 0.00120 -0.01746 -0.00053 0.06611 0.03628 0.03728 0.03628 0.03728 47.17476 23.58280 0.30613 47.20000 23.60000 359.99998
lin/ang/drive_left/drive_right/tv_l/tv_r/av_l/av_r/x/y/theta/tx/ty/ttheta: 0.00120 -0.01105 0.00964 -0.03674 0.05200 -0.05014 0.05200 -0.05014 47.17478 23.58280 0.28333 47.20000 23.60000 359.99998
lin/ang/drive_left/drive_right/tv_l/tv_r/av_l/av_r/x/y/theta/tx/ty/ttheta: 0.00112 0.00148 0.00277 -0.08051 0.03369 -0.04158 0.03369 -0.04158 47.17637 23.58280 0.23872 47.20000 23.60000 359.99998
lin/ang/drive_left/drive_right/tv_l/tv_r/av_l/av_r/x/y/theta/tx/ty/ttheta: 0.00112 0.00258 0.00046 -0.00245 0.01506 -0.01983 0.01506 -0.01983 47.17638 23.58280 0.23482 47.20000 23.60000 359.99998
lin/ang/drive_left/drive_right/tv_l/tv_r/av_l/av_r/x/y/theta/tx/ty/ttheta: 0.00112 -0.00821 -0.00643 0.06481 0.01486 0.05050 0.01486 0.05050 47.17635 23.58280 0.27324 47.20000 23.60000 359.99998
lin/ang/drive_left/drive_right/tv_l/tv_r/av_l/av_r/x/y/theta/tx/ty/ttheta: 0.00112 -0.01377 -0.00064 0.07343 0.03594 0.03881 0.03594 0.03881 47.17634 23.58280 0.29304 47.20000 23.60000 359.99998
lin/ang/drive_left/drive_right/tv_l/tv_r/av_l/av_r/x/y/theta/tx/ty/ttheta: 0.00112 -0.00799 0.00960 0.01750 0.05219 0.00786 0.05219 0.00786 47.17635 23.58280 0.27243 47.20000 23.60000 359.99998
lin/ang/drive_left/drive_right/tv_l/tv_r/av_l/av_r/x/y/theta/tx/ty/ttheta: 0.00112 0.00237 0.00270 -0.02002 0.03300 -0.03506 0.03300 -0.03506 47.17638 23.58280 0.23558 47.20000 23.60000 359.99998
lin/ang/drive_left/drive_right/tv_l/tv_r/av_l/av_r/x/y/theta/tx/ty/ttheta: 0.00112 0.00196 0.00046 0.00264 0.01525 0.04808 0.01525 0.04808 47.17637 23.58280 0.23704 47.20000 23.60000 359.99998
lin/ang/drive_left/drive_right/tv_l/tv_r/av_l/av_r/x/y/theta/tx/ty/ttheta: 0.00112 -0.00927 0.01329 0.05111 0.03781 0.05286 0.03781 0.05286 47.17635 23.58280 0.27700 47.20000 23.60000 359.99998
lin/ang/drive_left/drive_right/tv_l/tv_r/av_l/av_r/x/y/theta/tx/ty/ttheta: 0.00113 -0.02205 0.00602 0.03613 0.05167 0.04908 0.05167 0.04908 47.17631 23.58280 0.32249 47.20000 23.60000 359.99998
lin/ang/drive_left/drive_right/tv_l/tv_r/av_l/av_r/x/y/theta/tx/ty/ttheta: 0.00099 -0.02081 0.01116 -0.03372 0.05253 -0.05272 0.05253 -0.05272 47.17927 23.58282 0.31807 47.20000 23.60000 359.99998
lin/ang/drive_left/drive_right/tv_l/tv_r/av_l/av_r/x/y/theta/tx/ty/ttheta: 0.00098 -0.00787 0.00630 -0.06634 0.04994 -0.05492 0.04994 -0.05492 47.17930 23.58282 0.27199 47.20000 23.60000 359.99998
lin/ang/drive_left/drive_right/tv_l/tv_r/av_l/av_r/x/y/theta/tx/ty/ttheta: 0.00083 0.00049 0.01720 -0.08644 0.01419 -0.00172 0.01419 -0.00172 47.18245 23.58283 0.24217 47.20000 23.60000 359.99998
lin/ang/drive_left/drive_right/tv_l/tv_r/av_l/av_r/x/y/theta/tx/ty/ttheta: 0.00069 -0.00173 -0.02448 -0.01922 0.00050 0.01267 0.00050 0.01267 47.18540 23.58285 0.25010 47.20000 23.60000 359.99998
lin/ang/drive_left/drive_right/tv_l/tv_r/av_l/av_r/x/y/theta/tx/ty/ttheta: 0.00055 -0.01209 -0.00207 0.01610 0.03678 0.01917 0.03678 0.01917 47.18850 23.58286 0.28709 47.20000 23.60000 359.99998
lin/ang/drive_left/drive_right/tv_l/tv_r/av_l/av_r/x/y/theta/tx/ty/ttheta: 0.00040 -0.01477 0.01063 0.01056 0.05100 0.00358 0.05100 0.00358 47.19162 23.58288 0.29664 47.20000 23.60000 359.99998
lin/ang/drive_left/drive_right/tv_l/tv_r/av_l/av_r/x/y/theta/tx/ty/ttheta: 0.00040 -0.00061 0.00599 -0.03802 0.04978 -0.05014 0.04978 -0.05014 47.19166 23.58288 0.24606 47.20000 23.60000 359.99998
lin/ang/drive_left/drive_right/tv_l/tv_r/av_l/av_r/x/y/theta/tx/ty/ttheta: 0.00040 0.00731 0.00077 -0.07907 -0.00083 -0.00169 -0.00083 -0.00169 47.19168 23.58288 0.21776 47.20000 23.60000 359.99998
lin/ang/drive_left/drive_right/tv_l/tv_r/av_l/av_r/x/y/theta/tx/ty/ttheta: 0.00040 0.00088 -0.00368 0.03650 -0.01131 0.05389 -0.01131 0.05389 47.19166 23.58288 0.24073 47.20000 23.60000 359.99998
WARNING - pros.serial.terminal.terminal:reader - Connection to /dev/ttyACM1 broken - pros-cli version:3.5.6
WARNING - pros.serial.terminal.terminal:stop - Stopping terminal - pros-cli version:3.5.6

[tomas@nixbtw:~/projects/Robotics/current/libs/lyfast]$

