
[tomas@nixbtw:~/projects/Robotics/current/libs/lyfast]$ t
Not sending analytics for this command.

Established terminal connection



         _+=+_
      .-`  .  `-.          8888888b.  8888888b.   .d88888b.   .d8888b.
   _+`     "     `+_       888   Y88b 888   Y88b d88P" "Y88b d88P  Y88b
  \\\sssssssssssss///      888    888 888    888 888     888 Y88b.
     .ss\  *  /ss.         888   d88P 888   d88P 888     888  "Y888b.
 .+bm  .s  *  s.  md+.     8888888P"  8888888P"  888     888     "Y88b.
.hMMMMs .  *  . sMMMMh.    888        888 T88b   888     888       "888
 `\hMMMb \ | / dMMMh:      888        888  T88b  Y88b. .d88P Y88b  d88P
   -SNMNo  -  oNMNs-       888        888   T88b  "Y88888P"   "Y8888P"
     `+dMh\./dMd/
        `:yNy:`                      Powered by PROS for VEX V5
           "                Copyright (c) Purdue University ACM SIGBots
Version:        4.2.1     Platform:  V1.1.5 (b18)     Uptime:    0.000 s
Compiled:   Jan  1 1980 00:00:00     Directory:


starting task: 2318972
timed correctly: 2321863
total distance: 78.136703
delta_distance: 0.100000
allocated for points 791
adding points:1756
isolated constraints:2335
forwards pass:2752
backwards pass:3159
travel times:3343
final time:3356
a_{kin}=\left[149.9998,149.9998,149.9998,149.9998,149.9998,149.9998,149.9998,149.9998,149.9998,149.9998,149.9998,149.9998,149.9998,149.9998,149.9998,149.9998,149.9998,149.9998,149.9998,149.9998,149.9998,149.9998,149.9998,149.9998,149.9998,149.9998,149.9998,149.9998,149.9998,149.9998,149.9998,149.9998,149.9998,149.9998,149.9998,149.9998,149.9998,149.9998,149.9998,149.9998,149.9998,149.9998,149.9998,149.9998,149.9998,149.9998,149.9998,149.9998,149.9998,149.9998,149.9998,149.9998,149.9998,149.9998,149.9998,149.9998,149.9998,149.9998,149.9998,149.9998,149.9998,149.9998,149.9998,149.9998,149.9998,149.9998,149.9998,149.9998,149.9998,149.9998,149.9998,149.9998,149.9998,149.9998,149.9998,149.9998,149.9998,149.9998,149.9998,149.9998,149.9998,149.9998,149.9998,149.9998,149.9998,149.9998,149.9998,149.9998,149.9998,149.9998,149.9998,149.9998,149.9998,149.9998,149.9998,149.9998,149.9998,149.9998,149.9998,149.9998,149.9998,149.9998,149.9998,149.9998,149.9998,149.9998,149.9998,149.9998,149.9998,149.9998,149.9998,149.9998,149.9998,149.9998,149.9998,149.9998,149.9998,149.9998,149.9998,149.9998,149.9998,149.9998,149.9998,149.9998,149.9998,149.9998,149.9998,149.9998,149.9998,149.9998,149.9998,149.9998,149.9998,149.9998,149.9998,149.9998,149.9998,149.9998,149.9998,149.9998,149.9998,149.9998,149.9998,149.9998,149.9998,149.9998,149.9998,149.9998,149.9998,149.9998,149.9998,149.9998,149.9998,149.9998,149.9998,149.9998,149.9998,149.9998,149.9998,149.9998,149.9998,149.9998,149.9998,149.9998,149.9998,149.9998,149.9998,149.9998,149.9998,149.9998,149.9998,149.9998,149.9998,149.9998,149.9998,149.9998,149.9998,149.9998,149.9998,149.9998,149.9998,149.9998,149.9998,149.9998,149.9998,149.9998,149.9998,149.9998,149.9998,149.9998,149.9998,149.9998,149.9998,149.9998,149.9998,149.9998,149.9998,149.9998,149.9998,149.9998,149.9998,149.9998,149.9998,149.9998,149.9998,149.9998,149.9998,149.9998,149.9998,149.9998,149.9998,149.9998,149.9998,149.9998,149.9998,149.9998,149.9998,149.9998,149.9998,149.9998,149.9998,149.9998,149.9998,149.9998,149.9998,149.9998,149.9998,149.9998,149.9998,149.9998,149.9998,149.9998,149.9998,149.9998,149.9998,149.9998,130.6272,130.5320,130.4366,130.3412,130.2456,130.1499,130.0542,129.9585,129.8627,129.7668,129.6710,129.5751,129.4793,129.3835,129.2877,129.1920,129.0964,129.0009,128.9055,128.8102,128.7150,128.6200,128.5252,128.4306,128.3363,128.2421,128.1482,128.0546,127.9613,127.8683,127.7757,127.6834,127.5915,127.5000,127.4089,127.3183,127.2281,127.1384,127.0493,126.9606,126.8726,126.7851,126.6983,126.6121,126.5265,126.4417,126.3575,126.2741,126.1915,126.1096,126.0286,125.9484,125.8691,125.7906,125.7132,125.6366,125.5611,125.4865,125.4130,125.3405,125.2692,125.1989,125.1298,125.0619,124.9952,124.9297,124.8655,124.8026,124.7409,124.6806,124.6218,124.5643,124.5082,124.4536,124.4004,124.3488,124.2988,124.2502,124.2033,124.1580,124.1144,124.0724,124.0321,123.9936,123.9567,123.9217,123.8885,123.8571,123.8275,123.7998,123.7740,123.7502,123.7282,123.7082,123.6902,123.6742,123.6603,123.6483,123.6385,123.6307,123.6250,123.6214,123.6200,123.6207,123.6236,123.6286,123.6359,123.6453,123.6570,123.6709,123.6870,123.7055,123.7261,123.7490,123.7743,123.8018,123.8316,123.8637,123.8981,123.9348,123.9739,124.0152,124.0589,124.1049,124.1533,124.2039,124.2569,124.3122,124.3699,124.4298,124.4921,124.5567,124.6236,124.6928,124.7643,124.8381,124.9142,124.9925,125.0731,125.1560,125.2411,125.3285,125.4181,125.5099,125.6039,125.7001,125.7984,125.8989,126.0016,126.1064,126.2133,126.3223,126.4334,126.5466,126.6618,126.7791,126.8984,127.0196,127.1429,127.2681,127.3953,127.5243,127.6553,127.7882,127.9229,128.0595,128.1979,128.3381,128.4800,128.6238,128.7693,128.9165,129.0654,129.2160,129.3682,129.5221,129.6776,129.8347,129.9933,130.1535,130.3153,130.4785,130.6433,130.8095,130.9772,131.1463,131.3168,131.4887,131.6620,131.8366,132.0126,132.1898,132.3684,132.5482,132.7293,132.9117,133.0952,133.2800,133.4660,133.6531,133.8414,134.0308,134.2213,134.4130,134.6057,134.7995,134.9944,135.1903,135.3873,135.5853,135.7843,135.9842,136.1852,136.3871,136.5900,136.7939,136.9986,137.2043,137.4109,137.6185,137.8269,138.0362,138.2463,138.4574,138.6693,138.8820,139.0956,139.3101,139.5254,139.7415,139.9584,140.1761,140.3947,140.6140,140.8342,141.0551,141.2769,141.4994,141.7227,141.9468,142.1717,142.3974,142.6238,142.8510,143.0790,143.3078,143.5373,143.7676,143.9987,144.2306,144.4632,144.6966,144.9308,145.1658,145.4015,145.6380,145.8753,146.1134,146.3523,146.5919,146.8324,147.0736,147.3157,147.5585,147.8022,148.0466,148.2919,148.5380,148.7849,149.0326,149.2811,149.5305,149.7807,149.9683,149.7174,149.4674,149.2183,148.9699,148.7224,148.4757,148.2299,147.9848,147.7405,147.4971,147.2545,147.0126,146.7716,146.5313,146.2919,146.0532,145.8153,145.5782,145.3419,145.1063,144.8716,144.6376,144.4044,144.1719,143.9402,143.7094,143.4793,143.2499,143.0213,142.7935,142.5665,142.3403,142.1148,141.8901,141.6662,141.4431,141.2207,140.9992,140.7784,140.5585,140.3393,140.1210,139.9034,139.6867,139.4708,139.2557,139.0415,138.8281,138.6155,138.4038,138.1930,137.9830,137.7739,137.5657,137.3584,137.1520,136.9465,136.7420,136.5384,136.3357,136.1340,135.9333,135.7335,135.5348,135.3370,135.1403,134.9446,134.7500,134.5564,134.3639,134.1725,133.9822,133.7931,133.6050,133.4182,133.2325,133.0480,132.8647,132.6826,132.5018,132.3222,132.1440,131.9670,131.7913,131.6170,131.4440,131.2724,131.1022,130.9334,130.7660,130.6001,130.4357,130.2728,130.1114,129.9515,129.7932,129.6364,129.4813,129.3278,129.1759,129.0257,128.8772,128.7303,128.5853,128.4419,128.3003,128.1605,128.0225,127.8864,127.7521,127.6196,127.4891,127.3604,127.2337,127.1090,126.9861,126.8653,126.7465,126.6297,126.5150,126.4023,126.2917,126.1832,126.0767,125.9724,125.8703,125.7703,125.6724,125.5768,125.4833,125.3921,125.3030,125.2162,125.1317,125.0494,124.9693,124.8915,124.8161,124.7429,124.6720,124.6034,124.5371,124.4731,124.4114,124.3521,124.2951,124.2404,124.1881,124.1381,124.0904,124.0450,124.0020,123.9613,123.9230,123.8869,123.8532,123.8218,123.7926,123.7658,123.7413,123.7191,123.6992,123.6815,123.6660,123.6529,123.6419,123.6332,123.6267,123.6224,123.6202,123.6203,123.6224,123.6268,123.6332,123.6417,123.6523,123.6650,123.6797,123.6965,123.7152,123.7360,123.7587,123.7833,123.8098,123.8383,123.8686,123.9008,123.9348,123.9705,124.0081,124.0474,124.0884,124.1311,124.1756,124.2216,124.2693,124.3185,124.3693,124.4217,124.4755,124.5309,124.5877,124.6459,124.7055,124.7665,124.8288,124.8924,124.9573,125.0235,125.0909,125.1595,125.2293,125.3002,125.3722,125.4453,125.5195,125.5947,125.6709,125.7481,125.8262,125.9052,125.9851,126.0659,126.1476,126.2300,126.3132,126.3972,126.4819,126.5673,126.6534,126.7402,126.8276,126.9156,127.0041,127.0933,127.1829,127.2731,127.3637,127.4549,127.5464,127.6384,127.7307,127.8235,127.9166,128.0100,128.1037,128.1977,128.2920,128.3865,128.4813,128.5763,128.6714,128.7668,128.8623,128.9579,129.0536,129.1495,129.2454,129.3414,129.4375,129.5336,129.6297,129.7258,129.8219,129.9180,130.0141,130.1101,130.2060,130.3019,130.3977,130.4934,130.5889,130.6273\right]
a_{turn}=\left[5118110.0000,5118110.0000,5118110.0000,5118110.0000,5118110.0000,5118110.0000,5118110.0000,5118110.0000,5118110.0000,5118110.0000,5118110.0000,5118110.0000,5118110.0000,5118110.0000,5118110.0000,5118110.0000,5118110.0000,5118110.0000,5118110.0000,5118110.0000,5118110.0000,5118110.0000,5118110.0000,5118110.0000,5118110.0000,5118110.0000,5118110.0000,5118110.0000,5118110.0000,5118110.0000,5118110.0000,5118110.0000,5118110.0000,5118110.0000,5118110.0000,5118110.0000,5118110.0000,5118110.0000,5118110.0000,5118110.0000,5118110.0000,5118110.0000,5118110.0000,5118110.0000,5118110.0000,5118110.0000,5118110.0000,5118110.0000,5118110.0000,5118110.0000,5118110.0000,5118110.0000,5118110.0000,5118110.0000,5118110.0000,5118110.0000,5118110.0000,5118110.0000,5118110.0000,5118110.0000,5118110.0000,5118110.0000,5118110.0000,5118110.0000,5118110.0000,5118110.0000,5118110.0000,5118110.0000,5118110.0000,5118110.0000,5118110.0000,5118110.0000,5118110.0000,5118110.0000,5118110.0000,5118110.0000,5118110.0000,5118110.0000,5118110.0000,5118110.0000,5118110.0000,5118110.0000,5118110.0000,5118110.0000,5118110.0000,5118110.0000,5118110.0000,5118110.0000,5118110.0000,5118110.0000,5118110.0000,5118110.0000,5118110.0000,5118110.0000,5118110.0000,5118110.0000,5118110.0000,5118110.0000,5118110.0000,5118110.0000,5118110.0000,5118110.0000,5118110.0000,5118110.0000,5118110.0000,5118110.0000,5118110.0000,5118110.0000,5118110.0000,5118110.0000,5118110.0000,5118110.0000,5118110.0000,5118110.0000,5118110.0000,5118110.0000,5118110.0000,5118110.0000,5118110.0000,5118110.0000,5118110.0000,5118110.0000,5118110.0000,5118110.0000,5118110.0000,5118110.0000,5118110.0000,5118110.0000,5118110.0000,5118110.0000,5118110.0000,5118110.0000,5118110.0000,5118110.0000,5118110.0000,5118110.0000,5118110.0000,5118110.0000,5118110.0000,5118110.0000,5118110.0000,5118110.0000,5118110.0000,5118110.0000,5118110.0000,5118110.0000,5118110.0000,5118110.0000,5118110.0000,5118110.0000,5118110.0000,5118110.0000,5118110.0000,5118110.0000,5118110.0000,5118110.0000,5118110.0000,5118110.0000,5118110.0000,5118110.0000,5118110.0000,5118110.0000,5118110.0000,5118110.0000,5118110.0000,5118110.0000,5118110.0000,5118110.0000,5118110.0000,5118110.0000,5118110.0000,5118110.0000,5118110.0000,5118110.0000,5118110.0000,5118110.0000,5118110.0000,5118110.0000,5118110.0000,5118110.0000,5118110.0000,5118110.0000,5118110.0000,5118110.0000,5118110.0000,5118110.0000,5118110.0000,5118110.0000,5118110.0000,5118110.0000,5118110.0000,5118110.0000,5118110.0000,5118110.0000,5118110.0000,5118110.0000,5118110.0000,5118110.0000,5118110.0000,5118110.0000,5118110.0000,5118110.0000,5118110.0000,5118110.0000,5118110.0000,5118110.0000,5118110.0000,5118110.0000,5118110.0000,5118110.0000,5118110.0000,5118110.0000,5118110.0000,5118110.0000,5118110.0000,5118110.0000,5118110.0000,5118110.0000,5118110.0000,5118110.0000,5118110.0000,5118110.0000,5118110.0000,5118110.0000,5118110.0000,5118110.0000,5118110.0000,5118110.0000,5118110.0000,5118110.0000,5118110.0000,5118110.0000,5118110.0000,5118110.0000,5118110.0000,5118110.0000,46.0198,45.7612,45.5049,45.2508,44.9989,44.7492,44.5017,44.2564,44.0134,43.7726,43.5340,43.2977,43.0636,42.8318,42.6022,42.3749,42.1498,41.9270,41.7065,41.4883,41.2723,41.0586,40.8473,40.6382,40.4314,40.2269,40.0248,39.8249,39.6274,39.4323,39.2394,39.0489,38.8608,38.6749,38.4915,38.3104,38.1317,37.9554,37.7814,37.6098,37.4407,37.2739,37.1095,36.9476,36.7881,36.6309,36.4763,36.3240,36.1743,36.0270,35.8821,35.7397,35.5998,35.4624,35.3275,35.1950,35.0651,34.9377,34.8128,34.6905,34.5707,34.4534,34.3387,34.2267,34.1171,34.0102,33.9058,33.8041,33.7050,33.6085,33.5147,33.4235,33.3350,33.2491,33.1659,33.0855,33.0077,32.9326,32.8603,32.7908,32.7240,32.6599,32.5987,32.5402,32.4846,32.4318,32.3818,32.3347,32.2905,32.2492,32.2107,32.1752,32.1427,32.1130,32.0864,32.0628,32.0422,32.0246,32.0100,31.9986,31.9902,31.9849,31.9828,31.9839,31.9881,31.9955,32.0062,32.0201,32.0373,32.0578,32.0817,32.1089,32.1395,32.1736,32.2111,32.2521,32.2966,32.3446,32.3963,32.4515,32.5104,32.5731,32.6394,32.7095,32.7835,32.8613,32.9430,33.0286,33.1182,33.2119,33.3096,33.4115,33.5176,33.6279,33.7425,33.8615,33.9849,34.1127,34.2451,34.3821,34.5238,34.6702,34.8214,34.9775,35.1386,35.3047,35.4759,35.6524,35.8341,36.0212,36.2138,36.4120,36.6158,36.8254,37.0409,37.2624,37.4901,37.7239,37.9641,38.2108,38.4642,38.7243,38.9913,39.2653,39.5466,39.8352,40.1314,40.4353,40.7471,41.0670,41.3952,41.7319,42.0773,42.4316,42.7950,43.1679,43.5504,43.9428,44.3454,44.7585,45.1824,45.6173,46.0637,46.5217,46.9919,47.4746,47.9702,48.4790,49.0016,49.5383,50.0897,50.6562,51.2383,51.8367,52.4518,53.0843,53.7348,54.4040,55.0927,55.8015,56.5312,57.2827,58.0569,58.8546,59.6770,60.5249,61.3996,62.3022,63.2339,64.1961,65.1902,66.2178,67.2803,68.3796,69.5174,70.6958,71.9167,73.1826,74.4956,75.8586,77.2741,78.7453,80.2755,81.8680,83.5267,85.2557,87.0595,88.9428,90.9111,92.9699,95.1257,97.3853,99.7563,102.2471,104.8669,107.6258,110.5352,113.6075,116.8568,120.2986,123.9504,127.8322,131.9661,136.3773,141.0945,146.1511,151.5845,157.4384,163.7635,170.6190,178.0742,186.2116,195.1295,204.9453,215.8017,227.8732,241.3759,256.5803,273.8293,293.5652,316.3678,343.0110,374.5550,412.4890,458.9731,517.2640,592.5158,693.3928,835.6639,1051.3894,1417.2596,2173.6494,4661.4707,32251.1543,3616.0881,1915.4403,1302.7544,987.0308,794.4890,664.8046,571.5150,501.1865,446.2705,402.2003,366.0523,335.8665,310.2803,288.3164,269.2572,252.5620,237.8165,224.6985,212.9524,202.3739,192.7972,184.0867,176.1298,168.8332,162.1178,155.9170,150.1739,144.8396,139.8720,135.2347,130.8962,126.8283,123.0066,119.4095,116.0180,112.8148,109.7849,106.9147,104.1919,101.6055,99.1456,96.8034,94.5707,92.4400,90.4045,88.4583,86.5955,84.8110,83.1001,81.4584,79.8819,78.3669,76.9100,75.5080,74.1578,72.8569,71.6026,70.3926,69.2246,68.0966,67.0068,65.9532,64.9342,63.9482,62.9938,62.0694,61.1740,60.3061,59.4647,58.6486,57.8568,57.0884,56.3424,55.6179,54.9142,54.2305,53.5660,52.9200,52.2919,51.6810,51.0867,50.5085,49.9458,49.3981,48.8649,48.3458,47.8403,47.3479,46.8683,46.4011,45.9460,45.5025,45.0703,44.6491,44.2387,43.8386,43.4486,43.0685,42.6980,42.3368,41.9847,41.6415,41.3070,40.9808,40.6629,40.3531,40.0511,39.7568,39.4700,39.1905,38.9182,38.6529,38.3945,38.1428,37.8977,37.6591,37.4268,37.2007,36.9807,36.7666,36.5584,36.3560,36.1593,35.9681,35.7823,35.6019,35.4268,35.2569,35.0921,34.9323,34.7774,34.6274,34.4823,34.3418,34.2060,34.0748,33.9481,33.8259,33.7081,33.5946,33.4854,33.3805,33.2797,33.1831,33.0906,33.0020,32.9175,32.8369,32.7602,32.6873,32.6183,32.5530,32.4915,32.4336,32.3794,32.3289,32.2819,32.2385,32.1986,32.1621,32.1291,32.0996,32.0734,32.0507,32.0312,32.0151,32.0022,31.9926,31.9863,31.9831,31.9832,31.9864,31.9927,32.0022,32.0148,32.0304,32.0491,32.0709,32.0957,32.1234,32.1542,32.1879,32.2245,32.2641,32.3066,32.3520,32.4003,32.4514,32.5054,32.5623,32.6219,32.6844,32.7496,32.8177,32.8885,32.9620,33.0383,33.1174,33.1991,33.2836,33.3707,33.4605,33.5530,33.6482,33.7460,33.8465,33.9496,34.0552,34.1635,34.2745,34.3880,34.5040,34.6227,34.7439,34.8677,34.9940,35.1228,35.2542,35.3881,35.5245,35.6634,35.8048,35.9487,36.0951,36.2440,36.3953,36.5491,36.7053,36.8640,37.0251,37.1887,37.3547,37.5231,37.6939,37.8671,38.0427,38.2207,38.4011,38.5839,38.7690,38.9566,39.1464,39.3387,39.5333,39.7302,39.9295,40.1311,40.3350,40.5413,40.7499,40.9608,41.1740,41.3895,41.6073,41.8274,42.0498,42.2745,42.5015,42.7307,42.9622,43.1959,43.4320,43.6702,43.9108,44.1535,44.3986,44.6458,44.8953,45.1470,45.4010,45.6571,45.9155,46.0200\right]
d_{kin}=\left[149.9998,149.9998,149.9998,149.9998,149.9998,149.9998,149.9998,149.9998,149.9998,149.9998,149.9998,149.9998,149.9998,149.9998,149.9998,149.9998,149.9998,149.9998,149.9998,149.9998,149.9998,149.9998,149.9998,149.9998,149.9998,149.9998,149.9998,149.9998,149.9998,149.9998,149.9998,149.9998,149.9998,149.9998,149.9998,149.9998,149.9998,149.9998,149.9998,149.9998,149.9998,149.9998,149.9998,149.9998,149.9998,149.9998,149.9998,149.9998,149.9998,149.9998,149.9998,149.9998,149.9998,149.9998,149.9998,149.9998,149.9998,149.9998,149.9998,149.9998,149.9998,149.9998,149.9998,149.9998,149.9998,149.9998,149.9998,149.9998,149.9998,149.9998,149.9998,149.9998,149.9998,149.9998,149.9998,149.9998,149.9998,149.9998,149.9998,149.9998,149.9998,149.9998,149.9998,149.9998,149.9998,149.9998,149.9998,149.9998,149.9998,149.9998,149.9998,149.9998,149.9998,149.9998,149.9998,149.9998,149.9998,149.9998,149.9998,149.9998,149.9998,149.9998,149.9998,149.9998,149.9998,149.9998,149.9998,149.9998,149.9998,149.9998,149.9998,149.9998,149.9998,149.9998,149.9998,149.9998,149.9998,149.9998,149.9998,149.9998,149.9998,149.9998,149.9998,149.9998,149.9998,149.9998,149.9998,149.9998,149.9998,149.9998,149.9998,149.9998,149.9998,149.9998,149.9998,149.9998,149.9998,149.9998,149.9998,149.9998,149.9998,149.9998,149.9998,149.9998,149.9998,149.9998,149.9998,149.9998,149.9998,149.9998,149.9998,149.9998,149.9998,149.9998,149.9998,149.9998,149.9998,149.9998,149.9998,149.9998,149.9998,149.9998,149.9998,149.9998,149.9998,149.9998,149.9998,149.9998,149.9998,149.9998,149.9998,149.9998,149.9998,149.9998,149.9998,149.9998,149.9998,149.9998,149.9998,149.9998,149.9998,149.9998,149.9998,149.9998,149.9998,149.9998,149.9998,149.9998,149.9998,149.9998,149.9998,149.9998,149.9998,149.9998,149.9998,149.9998,149.9998,149.9998,149.9998,149.9998,149.9998,149.9998,149.9998,149.9998,149.9998,149.9998,149.9998,149.9998,149.9998,149.9998,149.9998,149.9998,149.9998,149.9998,149.9998,149.9998,149.9998,149.9998,149.9998,149.9998,149.9998,149.9998,149.9998,149.9998,149.9998,149.9998,149.9998,149.9998,149.9998,149.9998,149.9998,149.9998,149.9998,149.9998,149.9998,149.9998,130.6272,130.5320,130.4366,130.3412,130.2456,130.1499,130.0542,129.9585,129.8627,129.7668,129.6710,129.5751,129.4793,129.3835,129.2877,129.1920,129.0964,129.0009,128.9055,128.8102,128.7150,128.6200,128.5252,128.4306,128.3363,128.2421,128.1482,128.0546,127.9613,127.8683,127.7757,127.6834,127.5915,127.5000,127.4089,127.3183,127.2281,127.1384,127.0493,126.9606,126.8726,126.7851,126.6983,126.6121,126.5265,126.4417,126.3575,126.2741,126.1915,126.1096,126.0286,125.9484,125.8691,125.7906,125.7132,125.6366,125.5611,125.4865,125.4130,125.3405,125.2692,125.1989,125.1298,125.0619,124.9952,124.9297,124.8655,124.8026,124.7409,124.6806,124.6218,124.5643,124.5082,124.4536,124.4004,124.3488,124.2988,124.2502,124.2033,124.1580,124.1144,124.0724,124.0321,123.9936,123.9567,123.9217,123.8885,123.8571,123.8275,123.7998,123.7740,123.7502,123.7282,123.7082,123.6902,123.6742,123.6603,123.6483,123.6385,123.6307,123.6250,123.6214,123.6200,123.6207,123.6236,123.6286,123.6359,123.6453,123.6570,123.6709,123.6870,123.7055,123.7261,123.7490,123.7743,123.8018,123.8316,123.8637,123.8981,123.9348,123.9739,124.0152,124.0589,124.1049,124.1533,124.2039,124.2569,124.3122,124.3699,124.4298,124.4921,124.5567,124.6236,124.6928,124.7643,124.8381,124.9142,124.9925,125.0731,125.1560,125.2411,125.3285,125.4181,125.5099,125.6039,125.7001,125.7984,125.8989,126.0016,126.1064,126.2133,126.3223,126.4334,126.5466,126.6618,126.7791,126.8984,127.0196,127.1429,127.2681,127.3953,127.5243,127.6553,127.7882,127.9229,128.0595,128.1979,128.3381,128.4800,128.6238,128.7693,128.9165,129.0654,129.2160,129.3682,129.5221,129.6776,129.8347,129.9933,130.1535,130.3153,130.4785,130.6433,130.8095,130.9772,131.1463,131.3168,131.4887,131.6620,131.8366,132.0126,132.1898,132.3684,132.5482,132.7293,132.9117,133.0952,133.2800,133.4660,133.6531,133.8414,134.0308,134.2213,134.4130,134.6057,134.7995,134.9944,135.1903,135.3873,135.5853,135.7843,135.9842,136.1852,136.3871,136.5900,136.7939,136.9986,137.2043,137.4109,137.6185,137.8269,138.0362,138.2463,138.4574,138.6693,138.8820,139.0956,139.3101,139.5254,139.7415,139.9584,140.1761,140.3947,140.6140,140.8342,141.0551,141.2769,141.4994,141.7227,141.9468,142.1717,142.3974,142.6238,142.8510,143.0790,143.3078,143.5373,143.7676,143.9987,144.2306,144.4632,144.6966,144.9308,145.1658,145.4015,145.6380,145.8753,146.1134,146.3523,146.5919,146.8324,147.0736,147.3157,147.5585,147.8022,148.0466,148.2919,148.5380,148.7849,149.0326,149.2811,149.5305,149.7807,149.9683,149.7174,149.4674,149.2183,148.9699,148.7224,148.4757,148.2299,147.9848,147.7405,147.4971,147.2545,147.0126,146.7716,146.5313,146.2919,146.0532,145.8153,145.5782,145.3419,145.1063,144.8716,144.6376,144.4044,144.1719,143.9402,143.7094,143.4793,143.2499,143.0213,142.7935,142.5665,142.3403,142.1148,141.8901,141.6662,141.4431,141.2207,140.9992,140.7784,140.5585,140.3393,140.1210,139.9034,139.6867,139.4708,139.2557,139.0415,138.8281,138.6155,138.4038,138.1930,137.9830,137.7739,137.5657,137.3584,137.1520,136.9465,136.7420,136.5384,136.3357,136.1340,135.9333,135.7335,135.5348,135.3370,135.1403,134.9446,134.7500,134.5564,134.3639,134.1725,133.9822,133.7931,133.6050,133.4182,133.2325,133.0480,132.8647,132.6826,132.5018,132.3222,132.1440,131.9670,131.7913,131.6170,131.4440,131.2724,131.1022,130.9334,130.7660,130.6001,130.4357,130.2728,130.1114,129.9515,129.7932,129.6364,129.4813,129.3278,129.1759,129.0257,128.8772,128.7303,128.5853,128.4419,128.3003,128.1605,128.0225,127.8864,127.7521,127.6196,127.4891,127.3604,127.2337,127.1090,126.9861,126.8653,126.7465,126.6297,126.5150,126.4023,126.2917,126.1832,126.0767,125.9724,125.8703,125.7703,125.6724,125.5768,125.4833,125.3921,125.3030,125.2162,125.1317,125.0494,124.9693,124.8915,124.8161,124.7429,124.6720,124.6034,124.5371,124.4731,124.4114,124.3521,124.2951,124.2404,124.1881,124.1381,124.0904,124.0450,124.0020,123.9613,123.9230,123.8869,123.8532,123.8218,123.7926,123.7658,123.7413,123.7191,123.6992,123.6815,123.6660,123.6529,123.6419,123.6332,123.6267,123.6224,123.6202,123.6203,123.6224,123.6268,123.6332,123.6417,123.6523,123.6650,123.6797,123.6965,123.7152,123.7360,123.7587,123.7833,123.8098,123.8383,123.8686,123.9008,123.9348,123.9705,124.0081,124.0474,124.0884,124.1311,124.1756,124.2216,124.2693,124.3185,124.3693,124.4217,124.4755,124.5309,124.5877,124.6459,124.7055,124.7665,124.8288,124.8924,124.9573,125.0235,125.0909,125.1595,125.2293,125.3002,125.3722,125.4453,125.5195,125.5947,125.6709,125.7481,125.8262,125.9052,125.9851,126.0659,126.1476,126.2300,126.3132,126.3972,126.4819,126.5673,126.6534,126.7402,126.8276,126.9156,127.0041,127.0933,127.1829,127.2731,127.3637,127.4549,127.5464,127.6384,127.7307,127.8235,127.9166,128.0100,128.1037,128.1977,128.2920,128.3865,128.4813,128.5763,128.6714,128.7668,128.8623,128.9579,129.0536,129.1495,129.2454,129.3414,129.4375,129.5336,129.6297,129.7258,129.8219,129.9180,130.0141,130.1101,130.2060,130.3019,130.3977,130.4934,130.5889,130.6273\right]
d_{turn}=\left[5118110.0000,5118110.0000,5118110.0000,5118110.0000,5118110.0000,5118110.0000,5118110.0000,5118110.0000,5118110.0000,5118110.0000,5118110.0000,5118110.0000,5118110.0000,5118110.0000,5118110.0000,5118110.0000,5118110.0000,5118110.0000,5118110.0000,5118110.0000,5118110.0000,5118110.0000,5118110.0000,5118110.0000,5118110.0000,5118110.0000,5118110.0000,5118110.0000,5118110.0000,5118110.0000,5118110.0000,5118110.0000,5118110.0000,5118110.0000,5118110.0000,5118110.0000,5118110.0000,5118110.0000,5118110.0000,5118110.0000,5118110.0000,5118110.0000,5118110.0000,5118110.0000,5118110.0000,5118110.0000,5118110.0000,5118110.0000,5118110.0000,5118110.0000,5118110.0000,5118110.0000,5118110.0000,5118110.0000,5118110.0000,5118110.0000,5118110.0000,5118110.0000,5118110.0000,5118110.0000,5118110.0000,5118110.0000,5118110.0000,5118110.0000,5118110.0000,5118110.0000,5118110.0000,5118110.0000,5118110.0000,5118110.0000,5118110.0000,5118110.0000,5118110.0000,5118110.0000,5118110.0000,5118110.0000,5118110.0000,5118110.0000,5118110.0000,5118110.0000,5118110.0000,5118110.0000,5118110.0000,5118110.0000,5118110.0000,5118110.0000,5118110.0000,5118110.0000,5118110.0000,5118110.0000,5118110.0000,5118110.0000,5118110.0000,5118110.0000,5118110.0000,5118110.0000,5118110.0000,5118110.0000,5118110.0000,5118110.0000,5118110.0000,5118110.0000,5118110.0000,5118110.0000,5118110.0000,5118110.0000,5118110.0000,5118110.0000,5118110.0000,5118110.0000,5118110.0000,5118110.0000,5118110.0000,5118110.0000,5118110.0000,5118110.0000,5118110.0000,5118110.0000,5118110.0000,5118110.0000,5118110.0000,5118110.0000,5118110.0000,5118110.0000,5118110.0000,5118110.0000,5118110.0000,5118110.0000,5118110.0000,5118110.0000,5118110.0000,5118110.0000,5118110.0000,5118110.0000,5118110.0000,5118110.0000,5118110.0000,5118110.0000,5118110.0000,5118110.0000,5118110.0000,5118110.0000,5118110.0000,5118110.0000,5118110.0000,5118110.0000,5118110.0000,5118110.0000,5118110.0000,5118110.0000,5118110.0000,5118110.0000,5118110.0000,5118110.0000,5118110.0000,5118110.0000,5118110.0000,5118110.0000,5118110.0000,5118110.0000,5118110.0000,5118110.0000,5118110.0000,5118110.0000,5118110.0000,5118110.0000,5118110.0000,5118110.0000,5118110.0000,5118110.0000,5118110.0000,5118110.0000,5118110.0000,5118110.0000,5118110.0000,5118110.0000,5118110.0000,5118110.0000,5118110.0000,5118110.0000,5118110.0000,5118110.0000,5118110.0000,5118110.0000,5118110.0000,5118110.0000,5118110.0000,5118110.0000,5118110.0000,5118110.0000,5118110.0000,5118110.0000,5118110.0000,5118110.0000,5118110.0000,5118110.0000,5118110.0000,5118110.0000,5118110.0000,5118110.0000,5118110.0000,5118110.0000,5118110.0000,5118110.0000,5118110.0000,5118110.0000,5118110.0000,5118110.0000,5118110.0000,5118110.0000,5118110.0000,5118110.0000,5118110.0000,5118110.0000,5118110.0000,5118110.0000,5118110.0000,5118110.0000,5118110.0000,5118110.0000,5118110.0000,5118110.0000,5118110.0000,5118110.0000,5118110.0000,5118110.0000,5118110.0000,5118110.0000,5118110.0000,5118110.0000,5118110.0000,5118110.0000,5118110.0000,5118110.0000,5118110.0000,5118110.0000,46.0198,45.7612,45.5049,45.2508,44.9989,44.7492,44.5017,44.2564,44.0134,43.7726,43.5340,43.2977,43.0636,42.8318,42.6022,42.3749,42.1498,41.9270,41.7065,41.4883,41.2723,41.0586,40.8473,40.6382,40.4314,40.2269,40.0248,39.8249,39.6274,39.4323,39.2394,39.0489,38.8608,38.6749,38.4915,38.3104,38.1317,37.9554,37.7814,37.6098,37.4407,37.2739,37.1095,36.9476,36.7881,36.6309,36.4763,36.3240,36.1743,36.0270,35.8821,35.7397,35.5998,35.4624,35.3275,35.1950,35.0651,34.9377,34.8128,34.6905,34.5707,34.4534,34.3387,34.2267,34.1171,34.0102,33.9058,33.8041,33.7050,33.6085,33.5147,33.4235,33.3350,33.2491,33.1659,33.0855,33.0077,32.9326,32.8603,32.7908,32.7240,32.6599,32.5987,32.5402,32.4846,32.4318,32.3818,32.3347,32.2905,32.2492,32.2107,32.1752,32.1427,32.1130,32.0864,32.0628,32.0422,32.0246,32.0100,31.9986,31.9902,31.9849,31.9828,31.9839,31.9881,31.9955,32.0062,32.0201,32.0373,32.0578,32.0817,32.1089,32.1395,32.1736,32.2111,32.2521,32.2966,32.3446,32.3963,32.4515,32.5104,32.5731,32.6394,32.7095,32.7835,32.8613,32.9430,33.0286,33.1182,33.2119,33.3096,33.4115,33.5176,33.6279,33.7425,33.8615,33.9849,34.1127,34.2451,34.3821,34.5238,34.6702,34.8214,34.9775,35.1386,35.3047,35.4759,35.6524,35.8341,36.0212,36.2138,36.4120,36.6158,36.8254,37.0409,37.2624,37.4901,37.7239,37.9641,38.2108,38.4642,38.7243,38.9913,39.2653,39.5466,39.8352,40.1314,40.4353,40.7471,41.0670,41.3952,41.7319,42.0773,42.4316,42.7950,43.1679,43.5504,43.9428,44.3454,44.7585,45.1824,45.6173,46.0637,46.5217,46.9919,47.4746,47.9702,48.4790,49.0016,49.5383,50.0897,50.6562,51.2383,51.8367,52.4518,53.0843,53.7348,54.4040,55.0927,55.8015,56.5312,57.2827,58.0569,58.8546,59.6770,60.5249,61.3996,62.3022,63.2339,64.1961,65.1902,66.2178,67.2803,68.3796,69.5174,70.6958,71.9167,73.1826,74.4956,75.8586,77.2741,78.7453,80.2755,81.8680,83.5267,85.2557,87.0595,88.9428,90.9111,92.9699,95.1257,97.3853,99.7563,102.2471,104.8669,107.6258,110.5352,113.6075,116.8568,120.2986,123.9504,127.8322,131.9661,136.3773,141.0945,146.1511,151.5845,157.4384,163.7635,170.6190,178.0742,186.2116,195.1295,204.9453,215.8017,227.8732,241.3759,256.5803,273.8293,293.5652,316.3678,343.0110,374.5550,412.4890,458.9731,517.2640,592.5158,693.3928,835.6639,1051.3894,1417.2596,2173.6494,4661.4707,32251.1543,3616.0881,1915.4403,1302.7544,987.0308,794.4890,664.8046,571.5150,501.1865,446.2705,402.2003,366.0523,335.8665,310.2803,288.3164,269.2572,252.5620,237.8165,224.6985,212.9524,202.3739,192.7972,184.0867,176.1298,168.8332,162.1178,155.9170,150.1739,144.8396,139.8720,135.2347,130.8962,126.8283,123.0066,119.4095,116.0180,112.8148,109.7849,106.9147,104.1919,101.6055,99.1456,96.8034,94.5707,92.4400,90.4045,88.4583,86.5955,84.8110,83.1001,81.4584,79.8819,78.3669,76.9100,75.5080,74.1578,72.8569,71.6026,70.3926,69.2246,68.0966,67.0068,65.9532,64.9342,63.9482,62.9938,62.0694,61.1740,60.3061,59.4647,58.6486,57.8568,57.0884,56.3424,55.6179,54.9142,54.2305,53.5660,52.9200,52.2919,51.6810,51.0867,50.5085,49.9458,49.3981,48.8649,48.3458,47.8403,47.3479,46.8683,46.4011,45.9460,45.5025,45.0703,44.6491,44.2387,43.8386,43.4486,43.0685,42.6980,42.3368,41.9847,41.6415,41.3070,40.9808,40.6629,40.3531,40.0511,39.7568,39.4700,39.1905,38.9182,38.6529,38.3945,38.1428,37.8977,37.6591,37.4268,37.2007,36.9807,36.7666,36.5584,36.3560,36.1593,35.9681,35.7823,35.6019,35.4268,35.2569,35.0921,34.9323,34.7774,34.6274,34.4823,34.3418,34.2060,34.0748,33.9481,33.8259,33.7081,33.5946,33.4854,33.3805,33.2797,33.1831,33.0906,33.0020,32.9175,32.8369,32.7602,32.6873,32.6183,32.5530,32.4915,32.4336,32.3794,32.3289,32.2819,32.2385,32.1986,32.1621,32.1291,32.0996,32.0734,32.0507,32.0312,32.0151,32.0022,31.9926,31.9863,31.9831,31.9832,31.9864,31.9927,32.0022,32.0148,32.0304,32.0491,32.0709,32.0957,32.1234,32.1542,32.1879,32.2245,32.2641,32.3066,32.3520,32.4003,32.4514,32.5054,32.5623,32.6219,32.6844,32.7496,32.8177,32.8885,32.9620,33.0383,33.1174,33.1991,33.2836,33.3707,33.4605,33.5530,33.6482,33.7460,33.8465,33.9496,34.0552,34.1635,34.2745,34.3880,34.5040,34.6227,34.7439,34.8677,34.9940,35.1228,35.2542,35.3881,35.5245,35.6634,35.8048,35.9487,36.0951,36.2440,36.3953,36.5491,36.7053,36.8640,37.0251,37.1887,37.3547,37.5231,37.6939,37.8671,38.0427,38.2207,38.4011,38.5839,38.7690,38.9566,39.1464,39.3387,39.5333,39.7302,39.9295,40.1311,40.3350,40.5413,40.7499,40.9608,41.1740,41.3895,41.6073,41.8274,42.0498,42.2745,42.5015,42.7307,42.9622,43.1959,43.4320,43.6702,43.9108,44.1535,44.3986,44.6458,44.8953,45.1470,45.4010,45.6571,45.9155,46.0200\right]
v_{kin}=\left[69.9999,69.9999,69.9999,69.9999,69.9999,69.9999,69.9999,69.9999,69.9999,69.9999,69.9999,69.9999,69.9999,69.9999,69.9999,69.9999,69.9999,69.9999,69.9999,69.9999,69.9999,69.9999,69.9999,69.9999,69.9999,69.9999,69.9999,69.9999,69.9999,69.9999,69.9999,69.9999,69.9999,69.9999,69.9999,69.9999,69.9999,69.9999,69.9999,69.9999,69.9999,69.9999,69.9999,69.9999,69.9999,69.9999,69.9999,69.9999,69.9999,69.9999,69.9999,69.9999,69.9999,69.9999,69.9999,69.9999,69.9999,69.9999,69.9999,69.9999,69.9999,69.9999,69.9999,69.9999,69.9999,69.9999,69.9999,69.9999,69.9999,69.9999,69.9999,69.9999,69.9999,69.9999,69.9999,69.9999,69.9999,69.9999,69.9999,69.9999,69.9999,69.9999,69.9999,69.9999,69.9999,69.9999,69.9999,69.9999,69.9999,69.9999,69.9999,69.9999,69.9999,69.9999,69.9999,69.9999,69.9999,69.9999,69.9999,69.9999,69.9999,69.9999,69.9999,69.9999,69.9999,69.9999,69.9999,69.9999,69.9999,69.9999,69.9999,69.9999,69.9999,69.9999,69.9999,69.9999,69.9999,69.9999,69.9999,69.9999,69.9999,69.9999,69.9999,69.9999,69.9999,69.9999,69.9999,69.9999,69.9999,69.9999,69.9999,69.9999,69.9999,69.9999,69.9999,69.9999,69.9999,69.9999,69.9999,69.9999,69.9999,69.9999,69.9999,69.9999,69.9999,69.9999,69.9999,69.9999,69.9999,69.9999,69.9999,69.9999,69.9999,69.9999,69.9999,69.9999,69.9999,69.9999,69.9999,69.9999,69.9999,69.9999,69.9999,69.9999,69.9999,69.9999,69.9999,69.9999,69.9999,69.9999,69.9999,69.9999,69.9999,69.9999,69.9999,69.9999,69.9999,69.9999,69.9999,69.9999,69.9999,69.9999,69.9999,69.9999,69.9999,69.9999,69.9999,69.9999,69.9999,69.9999,69.9999,69.9999,69.9999,69.9999,69.9999,69.9999,69.9999,69.9999,69.9999,69.9999,69.9999,69.9999,69.9999,69.9999,69.9999,69.9999,69.9999,69.9999,69.9999,69.9999,69.9999,69.9999,69.9999,69.9999,69.9999,69.9999,69.9999,69.9999,69.9999,69.9999,69.9999,69.9999,69.9999,69.9999,69.9999,69.9999,69.9999,69.9999,69.9999,69.9999,69.9999,69.9999,69.9999,69.9999,69.9999,69.9999,60.9594,60.9149,60.8704,60.8259,60.7813,60.7366,60.6920,60.6473,60.6026,60.5578,60.5131,60.4684,60.4237,60.3790,60.3343,60.2896,60.2450,60.2004,60.1559,60.1114,60.0670,60.0227,59.9784,59.9343,59.8903,59.8463,59.8025,59.7588,59.7153,59.6719,59.6287,59.5856,59.5427,59.5000,59.4575,59.4152,59.3731,59.3313,59.2897,59.2483,59.2072,59.1664,59.1259,59.0856,59.0457,59.0061,58.9668,58.9279,58.8893,58.8512,58.8133,58.7759,58.7389,58.7023,58.6661,58.6304,58.5952,58.5604,58.5261,58.4922,58.4589,58.4262,58.3939,58.3622,58.3311,58.3005,58.2706,58.2412,58.2124,58.1843,58.1568,58.1300,58.1038,58.0783,58.0535,58.0295,58.0061,57.9834,57.9615,57.9404,57.9200,57.9005,57.8817,57.8637,57.8465,57.8301,57.8146,57.8000,57.7862,57.7733,57.7612,57.7501,57.7398,57.7305,57.7221,57.7146,57.7081,57.7026,57.6980,57.6943,57.6917,57.6900,57.6893,57.6897,57.6910,57.6934,57.6967,57.7012,57.7066,57.7131,57.7206,57.7292,57.7388,57.7496,57.7613,57.7742,57.7881,57.8031,57.8191,57.8362,57.8545,57.8738,57.8942,57.9156,57.9382,57.9618,57.9866,58.0124,58.0393,58.0673,58.0963,58.1265,58.1577,58.1900,58.2233,58.2578,58.2933,58.3298,58.3675,58.4061,58.4459,58.4866,58.5284,58.5713,58.6151,58.6600,58.7059,58.7528,58.8007,58.8497,58.8996,58.9504,59.0023,59.0551,59.1089,59.1636,59.2192,59.2758,59.3334,59.3918,59.4511,59.5114,59.5725,59.6345,59.6974,59.7611,59.8257,59.8911,59.9574,60.0244,60.0923,60.1610,60.2305,60.3008,60.3718,60.4436,60.5162,60.5895,60.6636,60.7383,60.8138,60.8900,60.9669,61.0444,61.1227,61.2016,61.2812,61.3614,61.4423,61.5237,61.6059,61.6886,61.7719,61.8558,61.9404,62.0254,62.1111,62.1973,62.2841,62.3714,62.4593,62.5477,62.6366,62.7261,62.8160,62.9065,62.9974,63.0888,63.1807,63.2731,63.3660,63.4593,63.5531,63.6473,63.7420,63.8371,63.9327,64.0287,64.1251,64.2219,64.3192,64.4169,64.5150,64.6134,64.7123,64.8116,64.9113,65.0114,65.1118,65.2127,65.3139,65.4155,65.5175,65.6199,65.7226,65.8257,65.9292,66.0330,66.1373,66.2418,66.3468,66.4521,66.5578,66.6638,66.7702,66.8770,66.9841,67.0916,67.1994,67.3076,67.4162,67.5251,67.6344,67.7440,67.8540,67.9644,68.0751,68.1863,68.2977,68.4096,68.5218,68.6344,68.7473,68.8606,68.9743,69.0884,69.2029,69.3177,69.4329,69.5485,69.6645,69.7809,69.8977,69.9852,69.8681,69.7515,69.6352,69.5193,69.4038,69.2887,69.1739,69.0596,68.9456,68.8320,68.7187,68.6059,68.4934,68.3813,68.2695,68.1582,68.0471,67.9365,67.8262,67.7163,67.6067,67.4975,67.3887,67.2802,67.1721,67.0644,66.9570,66.8500,66.7433,66.6370,66.5310,66.4255,66.3202,66.2154,66.1109,66.0068,65.9030,65.7996,65.6966,65.5940,65.4917,65.3898,65.2883,65.1871,65.0864,64.9860,64.8860,64.7864,64.6872,64.5884,64.4901,64.3921,64.2945,64.1973,64.1006,64.0043,63.9084,63.8129,63.7179,63.6233,63.5292,63.4355,63.3423,63.2496,63.1573,63.0655,62.9742,62.8833,62.7930,62.7032,62.6138,62.5250,62.4368,62.3490,62.2618,62.1751,62.0890,62.0035,61.9185,61.8342,61.7504,61.6672,61.5846,61.5026,61.4212,61.3405,61.2604,61.1810,61.1023,61.0241,60.9467,60.8700,60.7940,60.7186,60.6440,60.5702,60.4970,60.4246,60.3530,60.2821,60.2120,60.1427,60.0742,60.0065,59.9396,59.8735,59.8082,59.7438,59.6803,59.6176,59.5558,59.4949,59.4349,59.3757,59.3175,59.2602,59.2038,59.1484,59.0939,59.0403,58.9877,58.9361,58.8855,58.8358,58.7871,58.7395,58.6928,58.6471,58.6025,58.5589,58.5163,58.4747,58.4342,58.3948,58.3564,58.3190,58.2827,58.2475,58.2133,58.1802,58.1482,58.1173,58.0874,58.0587,58.0310,58.0044,57.9789,57.9544,57.9311,57.9088,57.8877,57.8676,57.8486,57.8307,57.8139,57.7981,57.7835,57.7699,57.7574,57.7460,57.7356,57.7263,57.7180,57.7108,57.7047,57.6996,57.6955,57.6924,57.6904,57.6894,57.6895,57.6905,57.6925,57.6955,57.6995,57.7044,57.7103,57.7172,57.7250,57.7338,57.7435,57.7540,57.7655,57.7779,57.7912,57.8054,57.8204,57.8362,57.8529,57.8704,57.8888,57.9079,57.9279,57.9486,57.9701,57.9923,58.0153,58.0390,58.0634,58.0886,58.1144,58.1409,58.1681,58.1959,58.2244,58.2534,58.2831,58.3134,58.3443,58.3758,58.4078,58.4403,58.4734,58.5070,58.5412,58.5758,58.6109,58.6464,58.6824,58.7189,58.7558,58.7931,58.8308,58.8689,58.9073,58.9462,58.9854,59.0249,59.0648,59.1049,59.1454,59.1862,59.2273,59.2686,59.3102,59.3520,59.3941,59.4364,59.4789,59.5217,59.5646,59.6077,59.6510,59.6944,59.7380,59.7817,59.8256,59.8696,59.9137,59.9579,60.0023,60.0467,60.0912,60.1357,60.1803,60.2250,60.2698,60.3145,60.3593,60.4042,60.4490,60.4939,60.5387,60.5836,60.6284,60.6732,60.7180,60.7628,60.8076,60.8522,60.8969,60.9415,60.9594\right]
v_{turn}=\left[3937008.0000,3937008.0000,3937008.0000,3937008.0000,3937008.0000,3937008.0000,3937008.0000,3937008.0000,3937008.0000,3937008.0000,3937008.0000,3937008.0000,3937008.0000,3937008.0000,3937008.0000,3937008.0000,3937008.0000,3937008.0000,3937008.0000,3937008.0000,3937008.0000,3937008.0000,3937008.0000,3937008.0000,3937008.0000,3937008.0000,3937008.0000,3937008.0000,3937008.0000,3937008.0000,3937008.0000,3937008.0000,3937008.0000,3937008.0000,3937008.0000,3937008.0000,3937008.0000,3937008.0000,3937008.0000,3937008.0000,3937008.0000,3937008.0000,3937008.0000,3937008.0000,3937008.0000,3937008.0000,3937008.0000,3937008.0000,3937008.0000,3937008.0000,3937008.0000,3937008.0000,3937008.0000,3937008.0000,3937008.0000,3937008.0000,3937008.0000,3937008.0000,3937008.0000,3937008.0000,3937008.0000,3937008.0000,3937008.0000,3937008.0000,3937008.0000,3937008.0000,3937008.0000,3937008.0000,3937008.0000,3937008.0000,3937008.0000,3937008.0000,3937008.0000,3937008.0000,3937008.0000,3937008.0000,3937008.0000,3937008.0000,3937008.0000,3937008.0000,3937008.0000,3937008.0000,3937008.0000,3937008.0000,3937008.0000,3937008.0000,3937008.0000,3937008.0000,3937008.0000,3937008.0000,3937008.0000,3937008.0000,3937008.0000,3937008.0000,3937008.0000,3937008.0000,3937008.0000,3937008.0000,3937008.0000,3937008.0000,3937008.0000,3937008.0000,3937008.0000,3937008.0000,3937008.0000,3937008.0000,3937008.0000,3937008.0000,3937008.0000,3937008.0000,3937008.0000,3937008.0000,3937008.0000,3937008.0000,3937008.0000,3937008.0000,3937008.0000,3937008.0000,3937008.0000,3937008.0000,3937008.0000,3937008.0000,3937008.0000,3937008.0000,3937008.0000,3937008.0000,3937008.0000,3937008.0000,3937008.0000,3937008.0000,3937008.0000,3937008.0000,3937008.0000,3937008.0000,3937008.0000,3937008.0000,3937008.0000,3937008.0000,3937008.0000,3937008.0000,3937008.0000,3937008.0000,3937008.0000,3937008.0000,3937008.0000,3937008.0000,3937008.0000,3937008.0000,3937008.0000,3937008.0000,3937008.0000,3937008.0000,3937008.0000,3937008.0000,3937008.0000,3937008.0000,3937008.0000,3937008.0000,3937008.0000,3937008.0000,3937008.0000,3937008.0000,3937008.0000,3937008.0000,3937008.0000,3937008.0000,3937008.0000,3937008.0000,3937008.0000,3937008.0000,3937008.0000,3937008.0000,3937008.0000,3937008.0000,3937008.0000,3937008.0000,3937008.0000,3937008.0000,3937008.0000,3937008.0000,3937008.0000,3937008.0000,3937008.0000,3937008.0000,3937008.0000,3937008.0000,3937008.0000,3937008.0000,3937008.0000,3937008.0000,3937008.0000,3937008.0000,3937008.0000,3937008.0000,3937008.0000,3937008.0000,3937008.0000,3937008.0000,3937008.0000,3937008.0000,3937008.0000,3937008.0000,3937008.0000,3937008.0000,3937008.0000,3937008.0000,3937008.0000,3937008.0000,3937008.0000,3937008.0000,3937008.0000,3937008.0000,3937008.0000,3937008.0000,3937008.0000,3937008.0000,3937008.0000,3937008.0000,3937008.0000,3937008.0000,3937008.0000,3937008.0000,3937008.0000,3937008.0000,3937008.0000,3937008.0000,3937008.0000,3937008.0000,3937008.0000,3937008.0000,3937008.0000,3937008.0000,3937008.0000,3937008.0000,3937008.0000,3937008.0000,35.3998,35.2010,35.0038,34.8083,34.6145,34.4224,34.2321,34.0434,33.8564,33.6712,33.4877,33.3059,33.1258,32.9475,32.7709,32.5961,32.4229,32.2516,32.0819,31.9141,31.7479,31.5836,31.4210,31.2601,31.1011,30.9438,30.7883,30.6346,30.4826,30.3325,30.1842,30.0376,29.8929,29.7500,29.6088,29.4696,29.3321,29.1964,29.0626,28.9307,28.8005,28.6722,28.5458,28.4212,28.2985,28.1776,28.0587,27.9416,27.8264,27.7130,27.6016,27.4921,27.3845,27.2787,27.1750,27.0731,26.9732,26.8751,26.7791,26.6850,26.5928,26.5026,26.4144,26.3282,26.2439,26.1617,26.0814,26.0032,25.9269,25.8527,25.7805,25.7104,25.6423,25.5762,25.5123,25.4504,25.3905,25.3328,25.2772,25.2237,25.1723,25.1230,25.0759,25.0310,24.9882,24.9475,24.9091,24.8729,24.8389,24.8071,24.7775,24.7502,24.7251,24.7023,24.6819,24.6637,24.6478,24.6343,24.6231,24.6143,24.6078,24.6038,24.6022,24.6030,24.6062,24.6119,24.6201,24.6309,24.6441,24.6599,24.6782,24.6992,24.7227,24.7489,24.7778,24.8093,24.8435,24.8805,24.9202,24.9627,25.0080,25.0562,25.1072,25.1612,25.2181,25.2779,25.3407,25.4066,25.4756,25.5476,25.6228,25.7012,25.7828,25.8676,25.9558,26.0473,26.1422,26.2406,26.3424,26.4478,26.5568,26.6694,26.7857,26.9058,27.0297,27.1575,27.2892,27.4249,27.5647,27.7086,27.8568,28.0092,28.1660,28.3273,28.4930,28.6634,28.8385,29.0184,29.2032,29.3930,29.5878,29.7879,29.9933,30.2041,30.4205,30.6425,30.8703,31.1041,31.3439,31.5900,31.8425,32.1015,32.3671,32.6397,32.9193,33.2061,33.5003,33.8022,34.1119,34.4296,34.7557,35.0902,35.4336,35.7860,36.1476,36.5189,36.9001,37.2916,37.6936,38.1064,38.5305,38.9663,39.4141,39.8744,40.3475,40.8341,41.3345,41.8493,42.3790,42.9242,43.4855,44.0636,44.6591,45.2728,45.9054,46.5576,47.2304,47.9247,48.6415,49.3816,50.1463,50.9367,51.7541,52.5997,53.4749,54.3814,55.3206,56.2943,57.3043,58.3527,59.4416,60.5733,61.7504,62.9754,64.2513,65.5813,66.9688,68.4176,69.9316,71.5153,73.1736,74.9118,76.7356,78.6516,80.6669,82.7891,85.0271,87.3904,89.8898,92.5374,95.3465,98.3325,101.5124,104.9056,108.5342,112.4239,116.6035,121.1065,125.9720,131.2454,136.9802,143.2397,150.0996,157.6503,166.0013,175.2871,185.6738,197.3695,210.6380,225.8194,243.3598,263.8546,288.1193,317.2992,353.0562,397.8954,455.7814,533.3791,642.8184,808.7611,1090.1997,1672.0380,3585.7466,24808.5801,2781.6064,1473.4158,1002.1188,759.2545,611.1454,511.3882,439.6269,385.5281,343.2850,309.3849,281.5787,258.3589,238.6771,221.7819,207.1209,194.2785,182.9358,172.8450,163.8096,155.6723,148.3056,141.6051,135.4844,129.8717,124.7060,119.9362,115.5184,111.4151,107.5938,104.0267,100.6894,97.5602,94.6204,91.8535,89.2446,86.7806,84.4499,82.2421,80.1476,78.1581,76.2659,74.4642,72.7467,71.1077,69.5420,68.0448,66.6120,65.2392,63.9231,62.6603,61.4476,60.2823,59.1616,58.0831,57.0445,56.0438,55.0789,54.1481,53.2497,52.3820,51.5437,50.7332,49.9494,49.1909,48.4567,47.7457,47.0569,46.3893,45.7421,45.1143,44.5052,43.9141,43.3403,42.7830,42.2417,41.7158,41.2046,40.7077,40.2245,39.7546,39.2975,38.8527,38.4198,37.9985,37.5884,37.1890,36.8002,36.4215,36.0526,35.6932,35.3431,35.0019,34.6695,34.3455,34.0297,33.7220,33.4220,33.1296,32.8446,32.5668,32.2959,32.0319,31.7746,31.5237,31.2792,31.0408,30.8086,30.5821,30.3615,30.1465,29.9371,29.7330,29.5342,29.3406,29.1521,28.9685,28.7898,28.6159,28.4467,28.2820,28.1219,27.9662,27.8148,27.6677,27.5249,27.3861,27.2514,27.1207,26.9939,26.8710,26.7519,26.6365,26.5248,26.4168,26.3123,26.2114,26.1139,26.0199,25.9293,25.8420,25.7580,25.6773,25.5998,25.5255,25.4543,25.3862,25.3212,25.2592,25.2001,25.1441,25.0910,25.0408,24.9935,24.9490,24.9073,24.8684,24.8322,24.7988,24.7681,24.7401,24.7147,24.6920,24.6719,24.6543,24.6394,24.6270,24.6171,24.6097,24.6048,24.6024,24.6025,24.6049,24.6098,24.6171,24.6268,24.6388,24.6532,24.6699,24.6890,24.7103,24.7340,24.7599,24.7881,24.8185,24.8512,24.8862,24.9233,24.9626,25.0042,25.0479,25.0938,25.1418,25.1920,25.2444,25.2988,25.3554,25.4141,25.4749,25.5378,25.6027,25.6698,25.7389,25.8100,25.8832,25.9585,26.0357,26.1150,26.1963,26.2797,26.3650,26.4523,26.5416,26.6328,26.7261,26.8213,26.9184,27.0176,27.1186,27.2216,27.3266,27.4334,27.5422,27.6529,27.7655,27.8800,27.9964,28.1147,28.2349,28.3569,28.4809,28.6067,28.7344,28.8639,28.9953,29.1285,29.2636,29.4005,29.5393,29.6799,29.8223,29.9666,30.1126,30.2605,30.4102,30.5617,30.7150,30.8701,31.0270,31.1856,31.3461,31.5083,31.6723,31.8381,32.0056,32.1749,32.3460,32.5189,32.6934,32.8698,33.0478,33.2277,33.4092,33.5925,33.7775,33.9643,34.1527,34.3429,34.5348,34.7285,34.9238,35.1209,35.3196,35.4000\right]
v_{friction}=\left[8719.3838,8719.3838,8719.3838,8719.3838,8719.3838,8719.3838,8719.3838,8719.3838,8719.3838,8719.3838,8719.3838,8719.3838,8719.3838,8719.3838,8719.3838,8719.3838,8719.3838,8719.3838,8719.3838,8719.3838,8719.3838,8719.3838,8719.3838,8719.3838,8719.3838,8719.3838,8719.3838,8719.3838,8719.3838,8719.3838,8719.3838,8719.3838,8719.3838,8719.3838,8719.3838,8719.3838,8719.3838,8719.3838,8719.3838,8719.3838,8719.3838,8719.3838,8719.3838,8719.3838,8719.3838,8719.3838,8719.3838,8719.3838,8719.3838,8719.3838,8719.3838,8719.3838,8719.3838,8719.3838,8719.3838,8719.3838,8719.3838,8719.3838,8719.3838,8719.3838,8719.3838,8719.3838,8719.3838,8719.3838,8719.3838,8719.3838,8719.3838,8719.3838,8719.3838,8719.3838,8719.3838,8719.3838,8719.3838,8719.3838,8719.3838,8719.3838,8719.3838,8719.3838,8719.3838,8719.3838,8719.3838,8719.3838,8719.3838,8719.3838,8719.3838,8719.3838,8719.3838,8719.3838,8719.3838,8719.3838,8719.3838,8719.3838,8719.3838,8719.3838,8719.3838,8719.3838,8719.3838,8719.3838,8719.3838,8719.3838,8719.3838,8719.3838,8719.3838,8719.3838,8719.3838,8719.3838,8719.3838,8719.3838,8719.3838,8719.3838,8719.3838,8719.3838,8719.3838,8719.3838,8719.3838,8719.3838,8719.3838,8719.3838,8719.3838,8719.3838,8719.3838,8719.3838,8719.3838,8719.3838,8719.3838,8719.3838,8719.3838,8719.3838,8719.3838,8719.3838,8719.3838,8719.3838,8719.3838,8719.3838,8719.3838,8719.3838,8719.3838,8719.3838,8719.3838,8719.3838,8719.3838,8719.3838,8719.3838,8719.3838,8719.3838,8719.3838,8719.3838,8719.3838,8719.3838,8719.3838,8719.3838,8719.3838,8719.3838,8719.3838,8719.3838,8719.3838,8719.3838,8719.3838,8719.3838,8719.3838,8719.3838,8719.3838,8719.3838,8719.3838,8719.3838,8719.3838,8719.3838,8719.3838,8719.3838,8719.3838,8719.3838,8719.3838,8719.3838,8719.3838,8719.3838,8719.3838,8719.3838,8719.3838,8719.3838,8719.3838,8719.3838,8719.3838,8719.3838,8719.3838,8719.3838,8719.3838,8719.3838,8719.3838,8719.3838,8719.3838,8719.3838,8719.3838,8719.3838,8719.3838,8719.3838,8719.3838,8719.3838,8719.3838,8719.3838,8719.3838,8719.3838,8719.3838,8719.3838,8719.3838,8719.3838,8719.3838,8719.3838,8719.3838,8719.3838,8719.3838,8719.3838,8719.3838,8719.3838,8719.3838,8719.3838,8719.3838,8719.3838,8719.3838,8719.3838,8719.3838,8719.3838,8719.3838,8719.3838,8719.3838,8719.3838,8719.3838,8719.3838,8719.3838,8719.3838,8719.3838,8719.3838,8719.3838,8719.3838,8719.3838,8719.3838,8719.3838,26.1459,26.0723,25.9992,25.9265,25.8542,25.7824,25.7110,25.6401,25.5696,25.4995,25.4299,25.3608,25.2922,25.2240,25.1563,25.0891,25.0224,24.9562,24.8905,24.8253,24.7606,24.6964,24.6327,24.5696,24.5070,24.4450,24.3835,24.3225,24.2621,24.2023,24.1431,24.0844,24.0263,23.9688,23.9119,23.8556,23.7998,23.7447,23.6903,23.6364,23.5832,23.5306,23.4787,23.4274,23.3768,23.3268,23.2775,23.2289,23.1809,23.1337,23.0871,23.0413,22.9961,22.9517,22.9080,22.8650,22.8228,22.7813,22.7405,22.7005,22.6613,22.6228,22.5852,22.5483,22.5122,22.4769,22.4423,22.4087,22.3758,22.3437,22.3125,22.2821,22.2526,22.2239,22.1961,22.1692,22.1431,22.1179,22.0936,22.0702,22.0477,22.0262,22.0055,21.9858,21.9670,21.9491,21.9322,21.9162,21.9012,21.8872,21.8742,21.8621,21.8510,21.8410,21.8319,21.8239,21.8168,21.8108,21.8059,21.8020,21.7991,21.7973,21.7966,21.7970,21.7984,21.8010,21.8046,21.8093,21.8152,21.8222,21.8303,21.8396,21.8500,21.8615,21.8743,21.8882,21.9033,21.9196,21.9371,21.9558,21.9757,21.9968,22.0192,22.0429,22.0678,22.0939,22.1214,22.1501,22.1802,22.2115,22.2442,22.2781,22.3135,22.3502,22.3882,22.4277,22.4685,22.5107,22.5544,22.5994,22.6459,22.6939,22.7433,22.7943,22.8467,22.9006,22.9561,23.0131,23.0717,23.1318,23.1936,23.2570,23.3220,23.3886,23.4570,23.5270,23.5988,23.6722,23.7475,23.8245,23.9034,23.9841,24.0666,24.1510,24.2374,24.3257,24.4159,24.5082,24.6025,24.6989,24.7974,24.8980,25.0008,25.1059,25.2132,25.3228,25.4347,25.5491,25.6658,25.7851,25.9069,26.0313,26.1583,26.2881,26.4206,26.5559,26.6942,26.8354,26.9796,27.1270,27.2775,27.4314,27.5885,27.7491,27.9133,28.0811,28.2526,28.4280,28.6074,28.7908,28.9784,29.1704,29.3669,29.5680,29.7738,29.9846,30.2005,30.4216,30.6483,30.8806,31.1188,31.3630,31.6137,31.8709,32.1350,32.4062,32.6848,32.9712,33.2657,33.5686,33.8804,34.2014,34.5321,34.8729,35.2244,35.5871,35.9616,36.3485,36.7485,37.1623,37.5907,38.0345,38.4947,38.9723,39.4685,39.9843,40.5211,41.0804,41.6637,42.2728,42.9097,43.5764,44.2754,45.0093,45.7811,46.5942,47.4524,48.3600,49.3219,50.3436,51.4318,52.5938,53.8384,55.1760,56.6185,58.1805,59.8795,61.7366,63.7780,66.0364,68.5531,71.3814,74.5914,78.2775,82.5704,87.6571,93.8169,101.4894,111.4158,124.9720,145.0961,179.6908,263.1434,692.1554,231.7664,168.6807,139.1113,121.0867,108.6363,99.3752,92.1393,86.2841,81.4198,77.2951,73.7399,70.6341,67.8904,65.4434,63.2433,61.2513,59.4363,57.7738,56.2435,54.8287,53.5157,52.2928,51.1502,50.0795,49.0734,48.1258,47.2311,46.3847,45.5823,44.8203,44.0955,43.4049,42.7460,42.1163,41.5139,40.9368,40.3834,39.8520,39.3412,38.8499,38.3767,37.9207,37.4808,37.0562,36.6460,36.2493,35.8657,35.4942,35.1343,34.7855,34.4473,34.1191,33.8004,33.4909,33.1902,32.8978,32.6133,32.3366,32.0672,31.8049,31.5493,31.3003,31.0576,30.8209,30.5900,30.3648,30.1449,29.9303,29.7208,29.5161,29.3162,29.1209,28.9300,28.7434,28.5610,28.3826,28.2082,28.0376,27.8707,27.7074,27.5477,27.3913,27.2383,27.0886,26.9420,26.7985,26.6580,26.5205,26.3858,26.2540,26.1249,25.9985,25.8748,25.7536,25.6349,25.5187,25.4050,25.2936,25.1846,25.0778,24.9733,24.8711,24.7709,24.6730,24.5771,24.4833,24.3915,24.3017,24.2139,24.1280,24.0440,23.9619,23.8817,23.8033,23.7267,23.6519,23.5788,23.5075,23.4379,23.3700,23.3037,23.2391,23.1761,23.1148,23.0550,22.9968,22.9402,22.8851,22.8316,22.7795,22.7290,22.6799,22.6323,22.5862,22.5415,22.4982,22.4563,22.4159,22.3768,22.3391,22.3028,22.2678,22.2342,22.2019,22.1709,22.1412,22.1128,22.0857,22.0599,22.0354,22.0121,21.9901,21.9693,21.9497,21.9314,21.9142,21.8983,21.8836,21.8700,21.8576,21.8464,21.8364,21.8275,21.8197,21.8131,21.8076,21.8032,21.8000,21.7978,21.7967,21.7968,21.7978,21.8000,21.8032,21.8075,21.8129,21.8192,21.8266,21.8350,21.8445,21.8549,21.8664,21.8788,21.8923,21.9067,21.9221,21.9384,21.9557,21.9740,21.9932,22.0133,22.0344,22.0564,22.0793,22.1031,22.1278,22.1534,22.1799,22.2072,22.2354,22.2645,22.2945,22.3253,22.3569,22.3894,22.4227,22.4568,22.4917,22.5275,22.5640,22.6013,22.6395,22.6783,22.7180,22.7584,22.7996,22.8416,22.8842,22.9277,22.9718,23.0167,23.0623,23.1086,23.1556,23.2033,23.2516,23.3007,23.3505,23.4009,23.4520,23.5037,23.5561,23.6091,23.6628,23.7171,23.7721,23.8276,23.8838,23.9405,23.9979,24.0559,24.1144,24.1736,24.2333,24.2936,24.3544,24.4158,24.4778,24.5403,24.6033,24.6669,24.7310,24.7957,24.8608,24.9265,24.9927,25.0594,25.1266,25.1942,25.2624,25.3310,25.4001,25.4697,25.5397,25.6102,25.6812,25.7526,25.8245,25.8968,25.9695,26.0427,26.1162,26.1459\right]
v_{forward}=\left[0.0000,6.0237,8.5188,10.4333,12.0474,13.4694,14.7550,15.9372,17.0376,18.0711,19.0486,19.9783,20.8667,21.7187,22.5386,23.3296,24.0947,24.8363,25.5563,26.2566,26.9387,27.6040,28.2536,28.8886,29.5099,30.1184,30.7149,31.3000,31.8743,32.4385,32.9931,33.5385,34.0751,34.6034,35.1238,35.6343,36.1311,36.6152,37.0870,37.5472,37.9965,38.4352,38.8638,39.2829,39.6928,40.0939,40.4866,40.8712,41.2480,41.6173,41.9794,42.3345,42.6830,43.0249,43.3607,43.6904,44.0142,44.3324,44.6451,44.9525,45.2548,45.5520,45.8445,46.1322,46.4153,46.6940,46.9684,47.2385,47.5046,47.7667,48.0248,48.2792,48.5299,48.7770,49.0206,49.2607,49.4975,49.7311,49.9614,50.1886,50.4128,50.6339,50.8522,51.0676,51.2802,51.4900,51.6972,51.9017,52.1037,52.3032,52.5002,52.6948,52.8870,53.0768,53.2644,53.4498,53.6329,53.8139,53.9928,54.1696,54.3444,54.5172,54.6880,54.8568,55.0238,55.1889,55.3521,55.5136,55.6733,55.8312,55.9874,56.1420,56.2948,56.4461,56.5957,56.7437,56.8902,57.0352,57.1786,57.3206,57.4611,57.6002,57.7378,57.8741,58.0089,58.1424,58.2746,58.4054,58.5350,58.6633,58.7903,58.9160,59.0406,59.1639,59.2860,59.4070,59.5268,59.6454,59.7629,59.8794,59.9947,60.1089,60.2220,60.3341,60.4452,60.5552,60.6642,60.7722,60.8792,60.9853,61.0903,61.1944,61.2976,61.3999,61.5012,61.6016,61.7011,61.7997,61.8975,61.9944,62.0904,62.1856,62.2800,62.3736,62.4663,62.5582,62.6493,62.7397,62.8292,62.9180,63.0060,63.0933,63.1799,63.2657,63.3507,63.4351,63.5188,63.6017,63.6840,63.7655,63.8464,63.9266,64.0062,64.0851,64.1633,64.2409,64.3179,64.3942,64.4699,64.5450,64.6195,64.6934,64.7667,64.8393,64.9114,64.9830,65.0539,65.1243,65.1941,65.2634,65.3321,65.4002,65.4679,65.5350,65.6015,65.6676,65.7331,65.7981,65.8626,65.9266,65.9901,66.0531,66.1156,66.1776,66.2391,66.3002,66.3608,66.4209,66.4806,66.5398,66.5986,66.6569,66.7148,66.7722,66.8292,66.8857,66.9419,66.9976,67.0529,67.1077,67.1622,67.2163,67.2699,67.3231,67.3760,67.4284,26.1459,26.0723,25.9992,25.9265,25.8542,25.7824,25.7110,25.6401,25.5696,25.4995,25.4299,25.3608,25.2922,25.2240,25.1563,25.0891,25.0224,24.9562,24.8905,24.8253,24.7606,24.6964,24.6327,24.5696,24.5070,24.4450,24.3835,24.3225,24.2621,24.2023,24.1431,24.0844,24.0263,23.9688,23.9119,23.8556,23.7998,23.7447,23.6903,23.6364,23.5832,23.5306,23.4787,23.4274,23.3768,23.3268,23.2775,23.2289,23.1809,23.1337,23.0871,23.0413,22.9961,22.9517,22.9080,22.8650,22.8228,22.7813,22.7405,22.7005,22.6613,22.6228,22.5852,22.5483,22.5122,22.4769,22.4423,22.4087,22.3758,22.3437,22.3125,22.2821,22.2526,22.2239,22.1961,22.1692,22.1431,22.1179,22.0936,22.0702,22.0477,22.0262,22.0055,21.9858,21.9670,21.9491,21.9322,21.9162,21.9012,21.8872,21.8742,21.8621,21.8510,21.8410,21.8319,21.8239,21.8168,21.8108,21.8059,21.8020,21.7991,21.7973,21.7966,21.7970,21.7984,21.8010,21.8046,21.8093,21.8152,21.8222,21.8303,21.8396,21.8500,21.8615,21.8743,21.8882,21.9033,21.9196,21.9371,21.9558,21.9757,21.9968,22.0192,22.0429,22.0678,22.0939,22.1214,22.1501,22.1802,22.2115,22.2442,22.2781,22.3135,22.3502,22.3882,22.4277,22.4685,22.5107,22.5544,22.5994,22.6459,22.6939,22.7433,22.7943,22.8467,22.9006,22.9561,23.0131,23.0717,23.1318,23.1936,23.2570,23.3220,23.3886,23.4570,23.5270,23.5988,23.6722,23.7475,23.8245,23.9034,23.9841,24.0666,24.1510,24.2374,24.3257,24.4159,24.5082,24.6025,24.6989,24.7974,24.8980,25.0008,25.1059,25.2132,25.3228,25.4347,25.5491,25.6658,25.7851,25.9069,26.0313,26.1583,26.2881,26.4206,26.5559,26.6942,26.8354,26.9796,27.1270,27.2775,27.4314,27.5885,27.7491,27.9133,28.0811,28.2526,28.4280,28.6074,28.7908,28.9784,29.1704,29.3661,29.5632,29.7616,29.9614,30.1628,30.3657,30.5701,30.7763,30.9842,31.1939,31.4054,31.6189,31.8345,32.0521,32.2719,32.4940,32.7184,32.9453,33.1748,33.4069,33.6418,33.8796,34.1204,34.3643,34.6115,34.8621,35.1163,35.3743,35.6361,35.9020,36.1723,36.4470,36.7265,37.0109,37.3006,37.5957,37.8967,38.2038,38.5174,38.8379,39.1657,39.5012,39.8449,40.1975,40.5594,40.9315,41.3070,41.6752,42.0362,42.3902,42.7376,43.0786,43.4134,43.7421,44.0651,44.3824,44.6942,45.0008,45.3023,45.5988,45.8904,46.1774,46.4598,46.7378,47.0115,47.2810,47.5464,47.8079,48.0654,48.3192,48.5694,48.8159,49.0589,49.2985,49.5348,49.7678,49.9977,50.2244,50.4480,50.6687,50.8865,51.1015,51.3136,51.5231,51.7298,51.9340,52.1355,52.3346,52.5312,52.7254,52.9172,53.1068,53.2940,52.2928,51.1502,50.0795,49.0734,48.1258,47.2311,46.3847,45.5823,44.8203,44.0955,43.4049,42.7460,42.1163,41.5139,40.9368,40.3834,39.8520,39.3412,38.8499,38.3767,37.9207,37.4808,37.0562,36.6460,36.2493,35.8657,35.4942,35.1343,34.7855,34.4473,34.1191,33.8004,33.4909,33.1902,32.8978,32.6133,32.3366,32.0672,31.8049,31.5493,31.3003,31.0576,30.8209,30.5900,30.3648,30.1449,29.9303,29.7208,29.5161,29.3162,29.1209,28.9300,28.7434,28.5610,28.3826,28.2082,28.0376,27.8707,27.7074,27.5477,27.3913,27.2383,27.0886,26.9420,26.7985,26.6580,26.5205,26.3858,26.2540,26.1249,25.9985,25.8748,25.7536,25.6349,25.5187,25.4050,25.2936,25.1846,25.0778,24.9733,24.8711,24.7709,24.6730,24.5771,24.4833,24.3915,24.3017,24.2139,24.1280,24.0440,23.9619,23.8817,23.8033,23.7267,23.6519,23.5788,23.5075,23.4379,23.3700,23.3037,23.2391,23.1761,23.1148,23.0550,22.9968,22.9402,22.8851,22.8316,22.7795,22.7290,22.6799,22.6323,22.5862,22.5415,22.4982,22.4563,22.4159,22.3768,22.3391,22.3028,22.2678,22.2342,22.2019,22.1709,22.1412,22.1128,22.0857,22.0599,22.0354,22.0121,21.9901,21.9693,21.9497,21.9314,21.9142,21.8983,21.8836,21.8700,21.8576,21.8464,21.8364,21.8275,21.8197,21.8131,21.8076,21.8032,21.8000,21.7978,21.7967,21.7968,21.7978,21.8000,21.8032,21.8075,21.8129,21.8192,21.8266,21.8350,21.8445,21.8549,21.8664,21.8788,21.8923,21.9067,21.9221,21.9384,21.9557,21.9740,21.9932,22.0133,22.0344,22.0564,22.0793,22.1031,22.1278,22.1534,22.1799,22.2072,22.2354,22.2645,22.2945,22.3253,22.3569,22.3894,22.4227,22.4568,22.4917,22.5275,22.5640,22.6013,22.6395,22.6783,22.7180,22.7584,22.7996,22.8416,22.8842,22.9277,22.9718,23.0167,23.0623,23.1086,23.1556,23.2033,23.2516,23.3007,23.3505,23.4009,23.4520,23.5037,23.5561,23.6091,23.6628,23.7171,23.7721,23.8276,23.8838,23.9405,23.9979,24.0559,24.1144,24.1736,24.2333,24.2936,24.3544,24.4158,24.4778,24.5403,24.6033,24.6669,24.7310,24.7957,24.8608,24.9265,24.9927,25.0594,25.1266,25.1942,25.2624,25.3310,25.4001,25.4697,25.5397,25.6102,25.6812,25.7526,25.8245,25.8968,25.9695,26.0427,26.1162,0.0000\right]
v_{backward}=\left[0.0000,6.0237,8.5188,10.4333,12.0474,13.4694,14.7550,15.9372,17.0376,18.0711,19.0486,19.9783,20.8667,21.7187,22.5386,23.3296,24.0947,24.8363,25.5563,26.2566,26.9387,27.6040,28.2536,28.8886,29.5099,30.1184,30.7149,31.3000,31.8743,32.4385,32.9931,33.5385,34.0751,34.6034,35.1238,35.6343,36.1311,36.6152,37.0870,37.5472,37.9965,38.4352,38.8638,39.2829,39.6928,40.0939,40.4866,40.8712,41.2480,41.6173,41.9794,42.3345,42.6830,43.0249,43.3607,43.6904,44.0142,44.3324,44.6451,44.9525,45.2548,45.5520,45.8445,46.1322,46.4153,46.6940,46.9684,47.2385,47.5046,47.7667,48.0248,48.2792,48.5299,48.7770,49.0206,49.2607,49.4975,49.7311,49.9614,50.1886,50.4128,50.6339,50.8522,51.0676,51.2802,51.4900,51.6972,51.9017,52.1037,52.3032,52.5002,52.6948,52.8870,53.0768,53.2644,53.4498,53.6329,53.8139,53.9928,54.1696,54.3444,54.5172,54.6880,54.8568,55.0238,55.1889,55.3521,55.5136,55.6733,55.8312,55.9874,56.1420,56.2948,56.4461,56.5957,56.7437,56.8902,57.0352,57.1786,57.3206,57.4611,57.6002,57.7378,57.8741,58.0089,58.1424,58.0149,57.8801,57.7439,57.6063,57.4673,57.3269,57.1850,57.0416,56.8967,56.7503,56.6023,56.4528,56.3016,56.1488,55.9944,55.8382,55.6803,55.5207,55.3594,55.1962,55.0312,54.8643,54.6955,54.5248,54.3521,54.1775,54.0008,53.8220,53.6411,53.4580,53.2727,53.0852,52.8955,52.7034,52.5089,52.3120,52.1127,51.9108,51.7064,51.4993,51.2896,51.0771,50.8618,50.6437,50.4227,50.1986,49.9716,49.7414,49.5080,49.2713,49.0313,48.7879,48.5410,48.2904,48.0362,47.7782,47.5163,47.2504,46.9805,46.7063,46.4278,46.1449,45.8573,45.5651,45.2681,44.9661,44.6589,44.3464,44.0285,43.7049,43.3755,43.0400,42.6983,42.3501,41.9953,41.6366,41.2748,40.9097,40.5414,40.1697,39.7945,39.4158,39.0334,38.6472,38.2571,37.8630,37.4647,37.0622,36.6552,36.2437,35.8274,35.4063,34.9801,34.5486,34.1117,33.6691,33.2206,32.7659,32.3049,31.8372,31.3625,30.8805,30.3909,29.8933,29.3872,28.8722,28.3480,27.8138,27.2692,26.7134,26.1459,26.0723,25.9992,25.9265,25.8542,25.7824,25.7110,25.6401,25.5696,25.4995,25.4299,25.3608,25.2922,25.2240,25.1563,25.0891,25.0224,24.9562,24.8905,24.8253,24.7606,24.6964,24.6327,24.5696,24.5070,24.4450,24.3835,24.3225,24.2621,24.2023,24.1431,24.0844,24.0263,23.9688,23.9119,23.8556,23.7998,23.7447,23.6903,23.6364,23.5832,23.5306,23.4787,23.4274,23.3768,23.3268,23.2775,23.2289,23.1809,23.1337,23.0871,23.0413,22.9961,22.9517,22.9080,22.8650,22.8228,22.7813,22.7405,22.7005,22.6613,22.6228,22.5852,22.5483,22.5122,22.4769,22.4423,22.4087,22.3758,22.3437,22.3125,22.2821,22.2526,22.2239,22.1961,22.1692,22.1431,22.1179,22.0936,22.0702,22.0477,22.0262,22.0055,21.9858,21.9670,21.9491,21.9322,21.9162,21.9012,21.8872,21.8742,21.8621,21.8510,21.8410,21.8319,21.8239,21.8168,21.8108,21.8059,21.8020,21.7991,21.7973,21.7966,21.7970,21.7984,21.8010,21.8046,21.8093,21.8152,21.8222,21.8303,21.8396,21.8500,21.8615,21.8743,21.8882,21.9033,21.9196,21.9371,21.9558,21.9757,21.9968,22.0192,22.0429,22.0678,22.0939,22.1214,22.1501,22.1802,22.2115,22.2442,22.2781,22.3135,22.3502,22.3882,22.4277,22.4685,22.5107,22.5544,22.5994,22.6459,22.6939,22.7433,22.7943,22.8467,22.9006,22.9561,23.0131,23.0717,23.1318,23.1936,23.2570,23.3220,23.3886,23.4570,23.5270,23.5988,23.6722,23.7475,23.8245,23.9034,23.9841,24.0666,24.1510,24.2374,24.3257,24.4159,24.5082,24.6025,24.6989,24.7974,24.8980,25.0008,25.1059,25.2132,25.3228,25.4347,25.5491,25.6658,25.7851,25.9069,26.0313,26.1583,26.2881,26.4206,26.5559,26.6942,26.8354,26.9796,27.1270,27.2775,27.4314,27.5885,27.7491,27.9133,28.0811,28.2526,28.4280,28.6074,28.7908,28.9784,29.1704,29.3661,29.5632,29.7616,29.9614,30.1628,30.3657,30.5701,30.7763,30.9842,31.1939,31.4054,31.6189,31.8345,32.0521,32.2719,32.4940,32.7184,32.9453,33.1748,33.4069,33.6418,33.8796,34.1204,34.3643,34.6115,34.8621,35.1163,35.3743,35.6361,35.9020,36.1723,36.4470,36.7265,37.0109,37.3006,37.5957,37.8967,38.2038,38.5174,38.8379,39.1657,39.5012,39.8449,40.1975,40.5594,40.9315,41.3070,41.6752,42.0362,42.3902,42.7376,43.0786,43.4134,43.7421,44.0651,44.3824,44.6942,45.0008,45.3023,45.5988,45.8904,46.1774,46.4598,46.7378,47.0115,47.2810,47.5464,47.8079,48.0654,48.3192,48.5694,48.8159,48.5758,48.3258,48.0721,47.8146,47.5533,47.2880,47.0186,46.7450,46.4671,46.1848,45.8980,45.6064,45.3101,45.0088,44.7023,44.3906,44.0734,43.7506,43.4220,43.0874,42.7493,42.4091,42.0667,41.7220,41.3750,41.0256,40.6738,40.3195,39.9626,39.6111,39.2682,38.9334,38.6063,38.2864,37.9732,37.6664,37.3657,37.0708,36.7812,36.4968,36.2174,35.9426,35.6722,35.4061,35.1441,34.8859,34.6314,34.3804,34.1329,33.8885,33.6473,33.4090,33.1736,32.9410,32.7110,32.4835,32.2584,32.0357,31.8152,31.5968,31.3806,31.1663,30.9540,30.7435,30.5348,30.3278,30.1224,29.9186,29.7164,29.5156,29.3162,29.1209,28.9300,28.7434,28.5610,28.3826,28.2082,28.0376,27.8707,27.7074,27.5477,27.3913,27.2383,27.0886,26.9420,26.7985,26.6580,26.5205,26.3858,26.2540,26.1249,25.9985,25.8748,25.7536,25.6349,25.5187,25.4050,25.2936,25.1846,25.0778,24.9733,24.8711,24.7709,24.6730,24.5771,24.4833,24.3915,24.3017,24.2139,24.1280,24.0440,23.9619,23.8817,23.8033,23.7267,23.6519,23.5788,23.5075,23.4379,23.3700,23.3037,23.2391,23.1761,23.1148,23.0550,22.9968,22.9402,22.8851,22.8316,22.7795,22.7290,22.6799,22.6323,22.5862,22.5415,22.4982,22.4563,22.4159,22.3768,22.3391,22.3028,22.2678,22.2342,22.2019,22.1709,22.1412,22.1128,22.0857,22.0599,22.0354,22.0121,21.9901,21.9693,21.9497,21.9314,21.9142,21.8983,21.8836,21.8700,21.8576,21.8464,21.8364,21.8275,21.8197,21.8131,21.8076,21.8032,21.8000,21.7978,21.7967,21.7968,21.7978,21.8000,21.8032,21.8075,21.8129,21.8192,21.8266,21.8350,21.8445,21.8549,21.8664,21.8788,21.8923,21.9067,21.9221,21.9384,21.9557,21.9740,21.9932,22.0133,22.0344,22.0564,22.0793,22.1031,22.1278,22.1534,22.1799,22.2072,22.2354,22.2645,22.2945,22.3253,22.3569,22.3894,22.4227,22.4568,22.4917,22.4191,22.2662,22.1117,21.9557,21.7979,21.6385,21.4774,21.3144,21.1496,20.9828,20.8142,20.6434,20.4706,20.2957,20.1185,19.9390,19.7571,19.5728,19.3860,19.1965,19.0043,18.8094,18.6115,18.4106,18.2066,17.9993,17.7886,17.5745,17.3567,17.1350,16.9094,16.6797,16.4456,16.2070,15.9636,15.7153,15.4617,15.2025,14.9376,14.6665,14.3888,14.1043,13.8123,13.5125,13.2043,12.8870,12.5600,12.2224,11.8734,11.5119,11.1366,10.7460,10.3385,9.9119,9.4636,8.9903,8.4878,7.9506,7.3710,6.7382,6.0352,5.2340,4.2795,3.0304,0.0000\right]
v_{final}=\left[0.0000,6.0237,8.5188,10.4333,12.0474,13.4694,14.7550,15.9372,17.0376,18.0711,19.0486,19.9783,20.8667,21.7187,22.5386,23.3296,24.0947,24.8363,25.5563,26.2566,26.9387,27.6040,28.2536,28.8886,29.5099,30.1184,30.7149,31.3000,31.8743,32.4385,32.9931,33.5385,34.0751,34.6034,35.1238,35.6343,36.1311,36.6152,37.0870,37.5472,37.9965,38.4352,38.8638,39.2829,39.6928,40.0939,40.4866,40.8712,41.2480,41.6173,41.9794,42.3345,42.6830,43.0249,43.3607,43.6904,44.0142,44.3324,44.6451,44.9525,45.2548,45.5520,45.8445,46.1322,46.4153,46.6940,46.9684,47.2385,47.5046,47.7667,48.0248,48.2792,48.5299,48.7770,49.0206,49.2607,49.4975,49.7311,49.9614,50.1886,50.4128,50.6339,50.8522,51.0676,51.2802,51.4900,51.6972,51.9017,52.1037,52.3032,52.5002,52.6948,52.8870,53.0768,53.2644,53.4498,53.6329,53.8139,53.9928,54.1696,54.3444,54.5172,54.6880,54.8568,55.0238,55.1889,55.3521,55.5136,55.6733,55.8312,55.9874,56.1420,56.2948,56.4461,56.5957,56.7437,56.8902,57.0352,57.1786,57.3206,57.4611,57.6002,57.7378,57.8741,58.0089,58.1424,58.0149,57.8801,57.7439,57.6063,57.4673,57.3269,57.1850,57.0416,56.8967,56.7503,56.6023,56.4528,56.3016,56.1488,55.9944,55.8382,55.6803,55.5207,55.3594,55.1962,55.0312,54.8643,54.6955,54.5248,54.3521,54.1775,54.0008,53.8220,53.6411,53.4580,53.2727,53.0852,52.8955,52.7034,52.5089,52.3120,52.1127,51.9108,51.7064,51.4993,51.2896,51.0771,50.8618,50.6437,50.4227,50.1986,49.9716,49.7414,49.5080,49.2713,49.0313,48.7879,48.5410,48.2904,48.0362,47.7782,47.5163,47.2504,46.9805,46.7063,46.4278,46.1449,45.8573,45.5651,45.2681,44.9661,44.6589,44.3464,44.0285,43.7049,43.3755,43.0400,42.6983,42.3501,41.9953,41.6366,41.2748,40.9097,40.5414,40.1697,39.7945,39.4158,39.0334,38.6472,38.2571,37.8630,37.4647,37.0622,36.6552,36.2437,35.8274,35.4063,34.9801,34.5486,34.1117,33.6691,33.2206,32.7659,32.3049,31.8372,31.3625,30.8805,30.3909,29.8933,29.3872,28.8722,28.3480,27.8138,27.2692,26.7134,26.1459,26.0723,25.9992,25.9265,25.8542,25.7824,25.7110,25.6401,25.5696,25.4995,25.4299,25.3608,25.2922,25.2240,25.1563,25.0891,25.0224,24.9562,24.8905,24.8253,24.7606,24.6964,24.6327,24.5696,24.5070,24.4450,24.3835,24.3225,24.2621,24.2023,24.1431,24.0844,24.0263,23.9688,23.9119,23.8556,23.7998,23.7447,23.6903,23.6364,23.5832,23.5306,23.4787,23.4274,23.3768,23.3268,23.2775,23.2289,23.1809,23.1337,23.0871,23.0413,22.9961,22.9517,22.9080,22.8650,22.8228,22.7813,22.7405,22.7005,22.6613,22.6228,22.5852,22.5483,22.5122,22.4769,22.4423,22.4087,22.3758,22.3437,22.3125,22.2821,22.2526,22.2239,22.1961,22.1692,22.1431,22.1179,22.0936,22.0702,22.0477,22.0262,22.0055,21.9858,21.9670,21.9491,21.9322,21.9162,21.9012,21.8872,21.8742,21.8621,21.8510,21.8410,21.8319,21.8239,21.8168,21.8108,21.8059,21.8020,21.7991,21.7973,21.7966,21.7970,21.7984,21.8010,21.8046,21.8093,21.8152,21.8222,21.8303,21.8396,21.8500,21.8615,21.8743,21.8882,21.9033,21.9196,21.9371,21.9558,21.9757,21.9968,22.0192,22.0429,22.0678,22.0939,22.1214,22.1501,22.1802,22.2115,22.2442,22.2781,22.3135,22.3502,22.3882,22.4277,22.4685,22.5107,22.5544,22.5994,22.6459,22.6939,22.7433,22.7943,22.8467,22.9006,22.9561,23.0131,23.0717,23.1318,23.1936,23.2570,23.3220,23.3886,23.4570,23.5270,23.5988,23.6722,23.7475,23.8245,23.9034,23.9841,24.0666,24.1510,24.2374,24.3257,24.4159,24.5082,24.6025,24.6989,24.7974,24.8980,25.0008,25.1059,25.2132,25.3228,25.4347,25.5491,25.6658,25.7851,25.9069,26.0313,26.1583,26.2881,26.4206,26.5559,26.6942,26.8354,26.9796,27.1270,27.2775,27.4314,27.5885,27.7491,27.9133,28.0811,28.2526,28.4280,28.6074,28.7908,28.9784,29.1704,29.3661,29.5632,29.7616,29.9614,30.1628,30.3657,30.5701,30.7763,30.9842,31.1939,31.4054,31.6189,31.8345,32.0521,32.2719,32.4940,32.7184,32.9453,33.1748,33.4069,33.6418,33.8796,34.1204,34.3643,34.6115,34.8621,35.1163,35.3743,35.6361,35.9020,36.1723,36.4470,36.7265,37.0109,37.3006,37.5957,37.8967,38.2038,38.5174,38.8379,39.1657,39.5012,39.8449,40.1975,40.5594,40.9315,41.3070,41.6752,42.0362,42.3902,42.7376,43.0786,43.4134,43.7421,44.0651,44.3824,44.6942,45.0008,45.3023,45.5988,45.8904,46.1774,46.4598,46.7378,47.0115,47.2810,47.5464,47.8079,48.0654,48.3192,48.5694,48.8159,48.5758,48.3258,48.0721,47.8146,47.5533,47.2880,47.0186,46.7450,46.4671,46.1848,45.8980,45.6064,45.3101,45.0088,44.7023,44.3906,44.0734,43.7506,43.4220,43.0874,42.7493,42.4091,42.0667,41.7220,41.3750,41.0256,40.6738,40.3195,39.9626,39.6111,39.2682,38.9334,38.6063,38.2864,37.9732,37.6664,37.3657,37.0708,36.7812,36.4968,36.2174,35.9426,35.6722,35.4061,35.1441,34.8859,34.6314,34.3804,34.1329,33.8885,33.6473,33.4090,33.1736,32.9410,32.7110,32.4835,32.2584,32.0357,31.8152,31.5968,31.3806,31.1663,30.9540,30.7435,30.5348,30.3278,30.1224,29.9186,29.7164,29.5156,29.3162,29.1209,28.9300,28.7434,28.5610,28.3826,28.2082,28.0376,27.8707,27.7074,27.5477,27.3913,27.2383,27.0886,26.9420,26.7985,26.6580,26.5205,26.3858,26.2540,26.1249,25.9985,25.8748,25.7536,25.6349,25.5187,25.4050,25.2936,25.1846,25.0778,24.9733,24.8711,24.7709,24.6730,24.5771,24.4833,24.3915,24.3017,24.2139,24.1280,24.0440,23.9619,23.8817,23.8033,23.7267,23.6519,23.5788,23.5075,23.4379,23.3700,23.3037,23.2391,23.1761,23.1148,23.0550,22.9968,22.9402,22.8851,22.8316,22.7795,22.7290,22.6799,22.6323,22.5862,22.5415,22.4982,22.4563,22.4159,22.3768,22.3391,22.3028,22.2678,22.2342,22.2019,22.1709,22.1412,22.1128,22.0857,22.0599,22.0354,22.0121,21.9901,21.9693,21.9497,21.9314,21.9142,21.8983,21.8836,21.8700,21.8576,21.8464,21.8364,21.8275,21.8197,21.8131,21.8076,21.8032,21.8000,21.7978,21.7967,21.7968,21.7978,21.8000,21.8032,21.8075,21.8129,21.8192,21.8266,21.8350,21.8445,21.8549,21.8664,21.8788,21.8923,21.9067,21.9221,21.9384,21.9557,21.9740,21.9932,22.0133,22.0344,22.0564,22.0793,22.1031,22.1278,22.1534,22.1799,22.2072,22.2354,22.2645,22.2945,22.3253,22.3569,22.3894,22.4227,22.4568,22.4917,22.4191,22.2662,22.1117,21.9557,21.7979,21.6385,21.4774,21.3144,21.1496,20.9828,20.8142,20.6434,20.4706,20.2957,20.1185,19.9390,19.7571,19.5728,19.3860,19.1965,19.0043,18.8094,18.6115,18.4106,18.2066,17.9993,17.7886,17.5745,17.3567,17.1350,16.9094,16.6797,16.4456,16.2070,15.9636,15.7153,15.4617,15.2025,14.9376,14.6665,14.3888,14.1043,13.8123,13.5125,13.2043,12.8870,12.5600,12.2224,11.8734,11.5119,11.1366,10.7460,10.3385,9.9119,9.4636,8.9903,8.4878,7.9506,7.3710,6.7382,6.0352,5.2340,4.2795,3.0304,0.0000\right]
l_{times}=\left[0.0000,0.0332,0.0470,0.0575,0.0664,0.0742,0.0813,0.0878,0.0939,0.0996,0.1050,0.1101,0.1150,0.1197,0.1242,0.1286,0.1328,0.1369,0.1409,0.1447,0.1485,0.1522,0.1557,0.1592,0.1627,0.1660,0.1693,0.1725,0.1757,0.1788,0.1819,0.1849,0.1878,0.1907,0.1936,0.1964,0.1992,0.2020,0.2047,0.2074,0.2100,0.2126,0.2152,0.2178,0.2203,0.2228,0.2253,0.2277,0.2302,0.2326,0.2350,0.2374,0.2397,0.2420,0.2444,0.2467,0.2489,0.2512,0.2535,0.2557,0.2579,0.2601,0.2623,0.2645,0.2666,0.2688,0.2709,0.2730,0.2751,0.2772,0.2793,0.2814,0.2835,0.2855,0.2876,0.2896,0.2916,0.2936,0.2957,0.2977,0.2996,0.3016,0.3036,0.3056,0.3075,0.3095,0.3114,0.3133,0.3152,0.3172,0.3191,0.3210,0.3229,0.3248,0.3266,0.3285,0.3304,0.3322,0.3341,0.3359,0.3378,0.3396,0.3415,0.3433,0.3451,0.3469,0.3487,0.3505,0.3523,0.3541,0.3559,0.3577,0.3595,0.3612,0.3630,0.3648,0.3665,0.3683,0.3700,0.3718,0.3735,0.3753,0.3770,0.3787,0.3805,0.3822,0.3839,0.3856,0.3874,0.3891,0.3908,0.3926,0.3943,0.3961,0.3978,0.3996,0.4014,0.4031,0.4049,0.4067,0.4085,0.4102,0.4120,0.4138,0.4156,0.4174,0.4193,0.4211,0.4229,0.4247,0.4266,0.4284,0.4303,0.4321,0.4340,0.4359,0.4377,0.4396,0.4415,0.4434,0.4453,0.4472,0.4491,0.4510,0.4530,0.4549,0.4568,0.4588,0.4608,0.4627,0.4647,0.4667,0.4687,0.4707,0.4727,0.4747,0.4768,0.4788,0.4809,0.4829,0.4850,0.4871,0.4892,0.4913,0.4934,0.4956,0.4977,0.4999,0.5021,0.5042,0.5064,0.5087,0.5109,0.5131,0.5154,0.5177,0.5200,0.5223,0.5246,0.5270,0.5293,0.5317,0.5342,0.5366,0.5390,0.5415,0.5440,0.5465,0.5491,0.5517,0.5543,0.5569,0.5596,0.5622,0.5649,0.5677,0.5705,0.5733,0.5761,0.5790,0.5819,0.5849,0.5878,0.5909,0.5940,0.5971,0.6002,0.6034,0.6067,0.6100,0.6134,0.6168,0.6203,0.6239,0.6275,0.6312,0.6350,0.6388,0.6427,0.6465,0.6504,0.6543,0.6582,0.6620,0.6660,0.6699,0.6738,0.6777,0.6817,0.6856,0.6896,0.6936,0.6976,0.7016,0.7056,0.7096,0.7137,0.7177,0.7218,0.7258,0.7299,0.7340,0.7381,0.7422,0.7463,0.7504,0.7546,0.7587,0.7629,0.7670,0.7712,0.7754,0.7796,0.7838,0.7880,0.7922,0.7965,0.8007,0.8050,0.8092,0.8135,0.8178,0.8221,0.8264,0.8307,0.8350,0.8393,0.8437,0.8480,0.8524,0.8567,0.8611,0.8655,0.8699,0.8743,0.8787,0.8831,0.8875,0.8919,0.8963,0.9008,0.9052,0.9097,0.9141,0.9186,0.9231,0.9276,0.9320,0.9365,0.9410,0.9455,0.9500,0.9546,0.9591,0.9636,0.9681,0.9727,0.9772,0.9817,0.9863,0.9908,0.9954,0.9999,1.0045,1.0091,1.0136,1.0182,1.0228,1.0274,1.0319,1.0365,1.0411,1.0457,1.0503,1.0548,1.0594,1.0640,1.0686,1.0732,1.0778,1.0824,1.0870,1.0915,1.0961,1.1007,1.1053,1.1099,1.1145,1.1190,1.1236,1.1282,1.1328,1.1373,1.1419,1.1464,1.1510,1.1556,1.1601,1.1647,1.1692,1.1737,1.1783,1.1828,1.1873,1.1918,1.1963,1.2008,1.2053,1.2098,1.2143,1.2187,1.2232,1.2277,1.2321,1.2365,1.2410,1.2454,1.2498,1.2542,1.2586,1.2630,1.2673,1.2717,1.2761,1.2804,1.2847,1.2890,1.2933,1.2976,1.3019,1.3062,1.3104,1.3147,1.3189,1.3231,1.3273,1.3315,1.3357,1.3399,1.3440,1.3482,1.3523,1.3564,1.3605,1.3645,1.3686,1.3726,1.3767,1.3807,1.3847,1.3886,1.3926,1.3965,1.4005,1.4044,1.4082,1.4121,1.4160,1.4198,1.4236,1.4274,1.4312,1.4349,1.4387,1.4424,1.4461,1.4498,1.4534,1.4571,1.4607,1.4643,1.4678,1.4714,1.4749,1.4784,1.4819,1.4854,1.4888,1.4922,1.4956,1.4990,1.5023,1.5057,1.5090,1.5122,1.5155,1.5187,1.5220,1.5252,1.5283,1.5315,1.5346,1.5377,1.5408,1.5439,1.5469,1.5499,1.5530,1.5559,1.5589,1.5618,1.5648,1.5677,1.5705,1.5734,1.5762,1.5790,1.5818,1.5846,1.5874,1.5901,1.5928,1.5955,1.5982,1.6008,1.6035,1.6061,1.6087,1.6112,1.6138,1.6163,1.6188,1.6213,1.6237,1.6261,1.6286,1.6309,1.6333,1.6357,1.6380,1.6403,1.6426,1.6449,1.6471,1.6494,1.6516,1.6538,1.6560,1.6582,1.6604,1.6625,1.6647,1.6668,1.6689,1.6711,1.6731,1.6752,1.6773,1.6794,1.6814,1.6835,1.6855,1.6876,1.6897,1.6918,1.6939,1.6960,1.6982,1.7003,1.7025,1.7046,1.7068,1.7090,1.7112,1.7135,1.7157,1.7180,1.7203,1.7225,1.7249,1.7272,1.7295,1.7319,1.7343,1.7367,1.7391,1.7416,1.7440,1.7465,1.7490,1.7516,1.7541,1.7567,1.7593,1.7619,1.7646,1.7673,1.7699,1.7726,1.7754,1.7781,1.7809,1.7837,1.7865,1.7893,1.7922,1.7951,1.7980,1.8009,1.8038,1.8068,1.8098,1.8128,1.8158,1.8189,1.8219,1.8250,1.8281,1.8313,1.8344,1.8376,1.8408,1.8440,1.8472,1.8505,1.8538,1.8571,1.8604,1.8638,1.8672,1.8706,1.8740,1.8774,1.8809,1.8844,1.8879,1.8914,1.8950,1.8986,1.9022,1.9058,1.9094,1.9131,1.9168,1.9205,1.9242,1.9279,1.9317,1.9355,1.9393,1.9431,1.9469,1.9508,1.9547,1.9585,1.9625,1.9664,1.9703,1.9743,1.9783,1.9823,1.9863,1.9903,1.9944,1.9984,2.0025,2.0066,2.0107,2.0148,2.0190,2.0231,2.0273,2.0314,2.0356,2.0399,2.0441,2.0483,2.0526,2.0568,2.0611,2.0654,2.0697,2.0740,2.0783,2.0826,2.0870,2.0913,2.0957,2.1001,2.1045,2.1088,2.1133,2.1177,2.1221,2.1265,2.1310,2.1354,2.1399,2.1443,2.1488,2.1533,2.1578,2.1623,2.1668,2.1713,2.1758,2.1803,2.1848,2.1894,2.1939,2.1984,2.2030,2.2075,2.2121,2.2166,2.2212,2.2258,2.2303,2.2349,2.2395,2.2441,2.2486,2.2532,2.2578,2.2624,2.2670,2.2716,2.2761,2.2807,2.2853,2.2899,2.2945,2.2991,2.3037,2.3083,2.3128,2.3174,2.3220,2.3266,2.3312,2.3357,2.3403,2.3449,2.3495,2.3540,2.3586,2.3631,2.3677,2.3723,2.3768,2.3813,2.3859,2.3904,2.3950,2.3995,2.4040,2.4085,2.4130,2.4175,2.4220,2.4265,2.4310,2.4355,2.4400,2.4445,2.4489,2.4534,2.4578,2.4623,2.4667,2.4713,2.4758,2.4804,2.4850,2.4896,2.4943,2.4990,2.5037,2.5085,2.5133,2.5182,2.5231,2.5281,2.5331,2.5381,2.5432,2.5483,2.5535,2.5587,2.5640,2.5694,2.5748,2.5802,2.5858,2.5913,2.5970,2.6027,2.6085,2.6144,2.6204,2.6264,2.6325,2.6387,2.6450,2.6515,2.6580,2.6646,2.6714,2.6783,2.6853,2.6924,2.6998,2.7072,2.7149,2.7228,2.7308,2.7391,2.7477,2.7565,2.7657,2.7752,2.7850,2.7954,2.8062,2.8176,2.8298,2.8429,2.8570,2.8727,2.8904,2.9115,2.9388,3.0048,\right]
l_{points}=\left[\left(-23.6000,0.0000\right),\left(-23.5000,0.0000\right),\left(-23.4000,0.0000\right),\left(-23.3000,0.0000\right),\left(-23.2000,0.0000\right),\left(-23.1000,0.0000\right),\left(-23.0000,0.0000\right),\left(-22.9000,0.0000\right),\left(-22.8000,0.0000\right),\left(-22.7000,0.0000\right),\left(-22.6000,0.0000\right),\left(-22.5000,0.0000\right),\left(-22.4000,0.0000\right),\left(-22.3000,0.0000\right),\left(-22.2000,0.0000\right),\left(-22.1000,0.0000\right),\left(-22.0000,0.0000\right),\left(-21.9000,0.0000\right),\left(-21.8000,0.0000\right),\left(-21.7000,0.0000\right),\left(-21.6000,0.0000\right),\left(-21.5000,0.0000\right),\left(-21.4000,0.0000\right),\left(-21.3000,0.0000\right),\left(-21.2000,0.0000\right),\left(-21.1000,0.0000\right),\left(-21.0000,0.0000\right),\left(-20.9000,0.0000\right),\left(-20.8000,0.0000\right),\left(-20.7000,0.0000\right),\left(-20.6000,0.0000\right),\left(-20.5000,0.0000\right),\left(-20.4000,0.0000\right),\left(-20.3000,0.0000\right),\left(-20.2000,0.0000\right),\left(-20.1000,0.0000\right),\left(-20.0000,0.0000\right),\left(-19.9000,0.0000\right),\left(-19.8000,0.0000\right),\left(-19.7000,0.0000\right),\left(-19.6000,0.0000\right),\left(-19.5000,0.0000\right),\left(-19.4000,0.0000\right),\left(-19.3000,0.0000\right),\left(-19.2000,0.0000\right),\left(-19.1000,0.0000\right),\left(-19.0000,0.0000\right),\left(-18.9000,0.0000\right),\left(-18.8000,0.0000\right),\left(-18.7000,0.0000\right),\left(-18.6000,0.0000\right),\left(-18.5000,0.0000\right),\left(-18.4000,0.0000\right),\left(-18.3000,0.0000\right),\left(-18.2000,0.0000\right),\left(-18.1000,0.0000\right),\left(-18.0000,0.0000\right),\left(-17.9000,0.0000\right),\left(-17.8000,0.0000\right),\left(-17.7000,0.0000\right),\left(-17.6000,0.0000\right),\left(-17.5000,0.0000\right),\left(-17.4000,0.0000\right),\left(-17.3000,0.0000\right),\left(-17.2000,0.0000\right),\left(-17.1000,0.0000\right),\left(-17.0000,0.0000\right),\left(-16.9000,0.0000\right),\left(-16.8000,0.0000\right),\left(-16.7000,0.0000\right),\left(-16.6000,0.0000\right),\left(-16.5000,0.0000\right),\left(-16.4000,0.0000\right),\left(-16.3000,0.0000\right),\left(-16.2000,0.0000\right),\left(-16.1000,0.0000\right),\left(-16.0000,0.0000\right),\left(-15.9000,0.0000\right),\left(-15.8000,0.0000\right),\left(-15.7000,0.0000\right),\left(-15.6000,0.0000\right),\left(-15.5000,0.0000\right),\left(-15.4000,0.0000\right),\left(-15.3000,0.0000\right),\left(-15.2000,0.0000\right),\left(-15.1000,0.0000\right),\left(-15.0000,0.0000\right),\left(-14.9000,0.0000\right),\left(-14.8000,0.0000\right),\left(-14.7000,0.0000\right),\left(-14.6000,0.0000\right),\left(-14.5000,0.0000\right),\left(-14.4000,0.0000\right),\left(-14.3000,0.0000\right),\left(-14.2000,0.0000\right),\left(-14.1000,0.0000\right),\left(-14.0000,0.0000\right),\left(-13.9000,0.0000\right),\left(-13.8000,0.0000\right),\left(-13.7000,0.0000\right),\left(-13.6000,0.0000\right),\left(-13.5000,0.0000\right),\left(-13.4000,0.0000\right),\left(-13.3000,0.0000\right),\left(-13.2000,0.0000\right),\left(-13.1000,0.0000\right),\left(-13.0000,0.0000\right),\left(-12.9000,0.0000\right),\left(-12.8000,0.0000\right),\left(-12.7000,0.0000\right),\left(-12.6000,0.0000\right),\left(-12.5000,0.0000\right),\left(-12.4000,0.0000\right),\left(-12.3000,0.0000\right),\left(-12.2000,0.0000\right),\left(-12.1000,0.0000\right),\left(-12.0000,0.0000\right),\left(-11.9000,0.0000\right),\left(-11.8000,0.0000\right),\left(-11.7000,0.0000\right),\left(-11.6000,0.0000\right),\left(-11.5000,0.0000\right),\left(-11.4000,0.0000\right),\left(-11.3000,0.0000\right),\left(-11.2000,0.0000\right),\left(-11.1000,0.0000\right),\left(-11.0000,0.0000\right),\left(-10.9000,0.0000\right),\left(-10.8000,0.0000\right),\left(-10.7000,0.0000\right),\left(-10.6000,0.0000\right),\left(-10.5000,0.0000\right),\left(-10.4000,0.0000\right),\left(-10.3000,0.0000\right),\left(-10.2000,0.0000\right),\left(-10.1000,0.0000\right),\left(-10.0000,0.0000\right),\left(-9.9000,0.0000\right),\left(-9.8000,0.0000\right),\left(-9.7000,0.0000\right),\left(-9.6000,0.0000\right),\left(-9.5000,0.0000\right),\left(-9.4000,0.0000\right),\left(-9.3000,0.0000\right),\left(-9.2000,0.0000\right),\left(-9.1000,0.0000\right),\left(-9.0000,0.0000\right),\left(-8.9000,0.0000\right),\left(-8.8000,0.0000\right),\left(-8.7000,0.0000\right),\left(-8.6000,0.0000\right),\left(-8.5000,0.0000\right),\left(-8.4000,0.0000\right),\left(-8.3000,0.0000\right),\left(-8.2000,0.0000\right),\left(-8.1000,0.0000\right),\left(-8.0000,0.0000\right),\left(-7.9000,0.0000\right),\left(-7.8000,0.0000\right),\left(-7.7000,0.0000\right),\left(-7.6000,0.0000\right),\left(-7.5000,0.0000\right),\left(-7.4000,0.0000\right),\left(-7.3000,0.0000\right),\left(-7.2000,0.0000\right),\left(-7.1000,0.0000\right),\left(-7.0000,0.0000\right),\left(-6.9000,0.0000\right),\left(-6.8000,0.0000\right),\left(-6.7000,0.0000\right),\left(-6.6000,0.0000\right),\left(-6.5000,0.0000\right),\left(-6.4000,0.0000\right),\left(-6.3000,0.0000\right),\left(-6.2000,0.0000\right),\left(-6.1000,0.0000\right),\left(-6.0000,0.0000\right),\left(-5.9000,0.0000\right),\left(-5.8000,0.0000\right),\left(-5.7000,0.0000\right),\left(-5.6000,0.0000\right),\left(-5.5000,0.0000\right),\left(-5.4000,0.0000\right),\left(-5.3000,0.0000\right),\left(-5.2000,0.0000\right),\left(-5.1000,0.0000\right),\left(-5.0000,0.0000\right),\left(-4.9000,0.0000\right),\left(-4.8000,0.0000\right),\left(-4.7000,0.0000\right),\left(-4.6000,0.0000\right),\left(-4.5000,0.0000\right),\left(-4.4000,0.0000\right),\left(-4.3000,0.0000\right),\left(-4.2000,0.0000\right),\left(-4.1000,0.0000\right),\left(-4.0000,0.0000\right),\left(-3.9000,0.0000\right),\left(-3.8000,0.0000\right),\left(-3.7000,0.0000\right),\left(-3.6000,0.0000\right),\left(-3.5000,0.0000\right),\left(-3.4000,0.0000\right),\left(-3.3000,0.0000\right),\left(-3.2000,0.0000\right),\left(-3.1000,0.0000\right),\left(-3.0000,0.0000\right),\left(-2.9000,0.0000\right),\left(-2.8000,0.0000\right),\left(-2.7000,0.0000\right),\left(-2.6000,0.0000\right),\left(-2.5000,0.0000\right),\left(-2.4000,0.0000\right),\left(-2.3000,0.0000\right),\left(-2.2000,0.0000\right),\left(-2.1000,0.0000\right),\left(-2.0000,0.0000\right),\left(-1.9000,0.0000\right),\left(-1.8000,0.0000\right),\left(-1.7000,0.0000\right),\left(-1.6000,0.0000\right),\left(-1.5000,0.0000\right),\left(-1.4000,0.0000\right),\left(-1.3000,0.0000\right),\left(-1.2000,0.0000\right),\left(-1.1000,0.0000\right),\left(-1.0000,0.0000\right),\left(-0.9000,0.0000\right),\left(-0.8000,0.0000\right),\left(-0.7000,0.0000\right),\left(-0.6000,0.0000\right),\left(-0.5000,0.0000\right),\left(-0.4000,0.0000\right),\left(-0.3000,0.0000\right),\left(-0.2000,0.0000\right),\left(-0.1000,0.0000\right),\left(0.0001,0.0000\right),\left(0.0999,0.0001\right),\left(0.1998,0.0006\right),\left(0.2997,0.0013\right),\left(0.3995,0.0023\right),\left(0.4994,0.0036\right),\left(0.5992,0.0051\right),\left(0.6991,0.0070\right),\left(0.7989,0.0092\right),\left(0.8987,0.0116\right),\left(0.9986,0.0144\right),\left(1.0984,0.0174\right),\left(1.1982,0.0207\right),\left(1.2980,0.0244\right),\left(1.3977,0.0283\right),\left(1.4975,0.0326\right),\left(1.5973,0.0371\right),\left(1.6970,0.0420\right),\left(1.7967,0.0472\right),\left(1.8964,0.0527\right),\left(1.9961,0.0585\right),\left(2.0958,0.0646\right),\left(2.1955,0.0710\right),\left(2.2951,0.0777\right),\left(2.3947,0.0848\right),\left(2.4943,0.0922\right),\left(2.5939,0.0999\right),\left(2.6934,0.1079\right),\left(2.7929,0.1163\right),\left(2.8924,0.1249\right),\left(2.9919,0.1339\right),\left(3.0913,0.1433\right),\left(3.1907,0.1529\right),\left(3.2900,0.1629\right),\left(3.3894,0.1733\right),\left(3.4887,0.1839\right),\left(3.5879,0.1949\right),\left(3.6871,0.2063\right),\left(3.7863,0.2179\right),\left(3.8854,0.2299\right),\left(3.9845,0.2423\right),\left(4.0836,0.2550\right),\left(4.1826,0.2681\right),\left(4.2816,0.2814\right),\left(4.3805,0.2952\right),\left(4.4794,0.3093\right),\left(4.5782,0.3237\right),\left(4.6769,0.3385\right),\left(4.7757,0.3537\right),\left(4.8743,0.3692\right),\left(4.9729,0.3850\right),\left(5.0715,0.4012\right),\left(5.1699,0.4178\right),\left(5.2684,0.4347\right),\left(5.3667,0.4520\right),\left(5.4650,0.4697\right),\left(5.5633,0.4877\right),\left(5.6614,0.5061\right),\left(5.7595,0.5248\right),\left(5.8576,0.5439\right),\left(5.9555,0.5634\right),\left(6.0534,0.5832\right),\left(6.1512,0.6034\right),\left(6.2490,0.6240\right),\left(6.3466,0.6450\right),\left(6.4442,0.6663\right),\left(6.5417,0.6880\right),\left(6.6391,0.7101\right),\left(6.7364,0.7325\right),\left(6.8337,0.7553\right),\left(6.9308,0.7785\right),\left(7.0279,0.8021\right),\left(7.1248,0.8260\right),\left(7.2217,0.8504\right),\left(7.3185,0.8751\right),\left(7.4152,0.9002\right),\left(7.5118,0.9256\right),\left(7.6083,0.9515\right),\left(7.7046,0.9777\right),\left(7.8009,1.0043\right),\left(7.8971,1.0313\right),\left(7.9932,1.0586\right),\left(8.0891,1.0864\right),\left(8.1850,1.1145\right),\left(8.2807,1.1430\right),\left(8.3763,1.1719\right),\left(8.4718,1.2012\right),\left(8.5672,1.2309\right),\left(8.6625,1.2609\right),\left(8.7576,1.2913\right),\left(8.8527,1.3221\right),\left(8.9476,1.3533\right),\left(9.0423,1.3849\right),\left(9.1370,1.4169\right),\left(9.2315,1.4492\right),\left(9.3259,1.4819\right),\left(9.4202,1.5151\right),\left(9.5143,1.5485\right),\left(9.6083,1.5824\right),\left(9.7021,1.6167\right),\left(9.7958,1.6513\right),\left(9.8894,1.6863\right),\left(9.9828,1.7217\right),\left(10.0761,1.7575\right),\left(10.1692,1.7936\right),\left(10.2622,1.8302\right),\left(10.3551,1.8671\right),\left(10.4478,1.9044\right),\left(10.5403,1.9420\right),\left(10.6327,1.9801\right),\left(10.7250,2.0185\right),\left(10.8170,2.0573\right),\left(10.9090,2.0964\right),\left(11.0007,2.1360\right),\left(11.0923,2.1759\right),\left(11.1838,2.2161\right),\left(11.2751,2.2568\right),\left(11.3662,2.2978\right),\left(11.4572,2.3391\right),\left(11.5480,2.3809\right),\left(11.6386,2.4230\right),\left(11.7290,2.4654\right),\left(11.8193,2.5083\right),\left(11.9094,2.5514\right),\left(11.9994,2.5950\right),\left(12.0892,2.6389\right),\left(12.1788,2.6831\right),\left(12.2682,2.7277\right),\left(12.3574,2.7727\right),\left(12.4465,2.8180\right),\left(12.5354,2.8637\right),\left(12.6241,2.9097\right),\left(12.7127,2.9560\right),\left(12.8010,3.0027\right),\left(12.8892,3.0497\right),\left(12.9772,3.0971\right),\left(13.0650,3.1448\right),\left(13.1527,3.1929\right),\left(13.2401,3.2412\right),\left(13.3274,3.2900\right),\left(13.4145,3.3390\right),\left(13.5014,3.3884\right),\left(13.5881,3.4381\right),\left(13.6747,3.4881\right),\left(13.7610,3.5384\right),\left(13.8472,3.5891\right),\left(13.9331,3.6401\right),\left(14.0189,3.6914\right),\left(14.1045,3.7430\right),\left(14.1899,3.7949\right),\left(14.2752,3.8471\right),\left(14.3602,3.8996\right),\left(14.4451,3.9525\right),\left(14.5297,4.0056\right),\left(14.6142,4.0590\right),\left(14.6985,4.1128\right),\left(14.7826,4.1668\right),\left(14.8665,4.2211\right),\left(14.9503,4.2757\right),\left(15.0338,4.3306\right),\left(15.1172,4.3858\right),\left(15.2003,4.4412\right),\left(15.2833,4.4970\right),\left(15.3661,4.5530\right),\left(15.4487,4.6093\right),\left(15.5312,4.6658\right),\left(15.6134,4.7227\right),\left(15.6955,4.7798\right),\left(15.7773,4.8371\right),\left(15.8590,4.8947\right),\left(15.9406,4.9526\right),\left(16.0219,5.0108\right),\left(16.1030,5.0691\right),\left(16.1840,5.1278\right),\left(16.2648,5.1867\right),\left(16.3454,5.2458\right),\left(16.4259,5.3052\right),\left(16.5061,5.3648\right),\left(16.5862,5.4247\right),\left(16.6661,5.4847\right),\left(16.7458,5.5451\right),\left(16.8254,5.6056\right),\left(16.9048,5.6664\right),\left(16.9840,5.7274\right),\left(17.0630,5.7886\right),\left(17.1419,5.8501\right),\left(17.2206,5.9117\right),\left(17.2992,5.9736\right),\left(17.3775,6.0357\right),\left(17.4558,6.0980\right),\left(17.5338,6.1605\right),\left(17.6117,6.2232\right),\left(17.6894,6.2860\right),\left(17.7670,6.3491\right),\left(17.8444,6.4124\right),\left(17.9216,6.4759\right),\left(17.9987,6.5396\right),\left(18.0757,6.6034\right),\left(18.1525,6.6675\right),\left(18.2291,6.7317\right),\left(18.3056,6.7961\right),\left(18.3819,6.8607\right),\left(18.4581,6.9254\right),\left(18.5342,6.9904\right),\left(18.6101,7.0554\right),\left(18.6858,7.1207\right),\left(18.7615,7.1861\right),\left(18.8370,7.2517\right),\left(18.9123,7.3174\right),\left(18.9875,7.3833\right),\left(19.0626,7.4494\right),\left(19.1375,7.5156\right),\left(19.2124,7.5819\right),\left(19.2871,7.6484\right),\left(19.3616,7.7150\right),\left(19.4361,7.7818\right),\left(19.5104,7.8487\right),\left(19.5846,7.9157\right),\left(19.6587,7.9829\right),\left(19.7326,8.0502\right),\left(19.8065,8.1176\right),\left(19.8802,8.1852\right),\left(19.9538,8.2528\right),\left(20.0273,8.3206\right),\left(20.1007,8.3885\right),\left(20.1740,8.4565\right),\left(20.2472,8.5247\right),\left(20.3203,8.5929\right),\left(20.3933,8.6613\right),\left(20.4662,8.7297\right),\left(20.5390,8.7983\right),\left(20.6117,8.8669\right),\left(20.6843,8.9357\right),\left(20.7568,9.0045\right),\left(20.8293,9.0735\right),\left(20.9016,9.1425\right),\left(20.9739,9.2116\right),\left(21.0461,9.2808\right),\left(21.1182,9.3501\right),\left(21.1902,9.4195\right),\left(21.2622,9.4889\right),\left(21.3341,9.5584\right),\left(21.4059,9.6280\right),\left(21.4776,9.6977\right),\left(21.5493,9.7674\right),\left(21.6209,9.8372\right),\left(21.6925,9.9071\right),\left(21.7640,9.9770\right),\left(21.8354,10.0470\right),\left(21.9068,10.1170\right),\left(21.9781,10.1871\right),\left(22.0494,10.2572\right),\left(22.1206,10.3274\right),\left(22.1918,10.3977\right),\left(22.2629,10.4680\right),\left(22.3340,10.5383\right),\left(22.4050,10.6087\right),\left(22.4761,10.6791\right),\left(22.5470,10.7495\right),\left(22.6180,10.8200\right),\left(22.6889,10.8905\right),\left(22.7598,10.9610\right),\left(22.8306,11.0316\right),\left(22.9015,11.1022\right),\left(22.9723,11.1728\right),\left(23.0431,11.2434\right),\left(23.1138,11.3141\right),\left(23.1846,11.3847\right),\left(23.2553,11.4554\right),\left(23.3261,11.5261\right),\left(23.3968,11.5968\right),\left(23.4675,11.6675\right),\left(23.5382,11.7382\right),\left(23.6089,11.8089\right),\left(23.6796,11.8796\right),\left(23.7504,11.9503\right),\left(23.8211,12.0210\right),\left(23.8918,12.0917\right),\left(23.9625,12.1624\right),\left(24.0333,12.2331\right),\left(24.1040,12.3038\right),\left(24.1748,12.3744\right),\left(24.2456,12.4450\right),\left(24.3164,12.5156\right),\left(24.3873,12.5862\right),\left(24.4581,12.6568\right),\left(24.5290,12.7273\right),\left(24.5999,12.7978\right),\left(24.6709,12.8683\right),\left(24.7419,12.9387\right),\left(24.8129,13.0091\right),\left(24.8840,13.0795\right),\left(24.9551,13.1498\right),\left(25.0262,13.2201\right),\left(25.0974,13.2903\right),\left(25.1686,13.3605\right),\left(25.2399,13.4306\right),\left(25.3113,13.5007\right),\left(25.3827,13.5707\right),\left(25.4541,13.6407\right),\left(25.5256,13.7106\right),\left(25.5972,13.7804\right),\left(25.6688,13.8502\right),\left(25.7405,13.9199\right),\left(25.8123,13.9896\right),\left(25.8841,14.0591\right),\left(25.9560,14.1286\right),\left(26.0280,14.1981\right),\left(26.1000,14.2674\right),\left(26.1721,14.3367\right),\left(26.2444,14.4059\right),\left(26.3166,14.4750\right),\left(26.3890,14.5440\right),\left(26.4615,14.6129\right),\left(26.5340,14.6817\right),\left(26.6067,14.7504\right),\left(26.6794,14.8191\right),\left(26.7522,14.8876\right),\left(26.8252,14.9560\right),\left(26.8982,15.0244\right),\left(26.9713,15.0926\right),\left(27.0445,15.1607\right),\left(27.1179,15.2287\right),\left(27.1913,15.2966\right),\left(27.2648,15.3643\right),\left(27.3385,15.4320\right),\left(27.4122,15.4995\right),\left(27.4861,15.5669\right),\left(27.5601,15.6342\right),\left(27.6342,15.7013\right),\left(27.7085,15.7683\right),\left(27.7828,15.8352\right),\left(27.8573,15.9019\right),\left(27.9319,15.9685\right),\left(28.0066,16.0350\right),\left(28.0815,16.1013\right),\left(28.1565,16.1675\right),\left(28.2316,16.2335\right),\left(28.3069,16.2993\right),\left(28.3823,16.3650\right),\left(28.4578,16.4306\right),\left(28.5335,16.4960\right),\left(28.6093,16.5612\right),\left(28.6852,16.6262\right),\left(28.7613,16.6911\right),\left(28.8376,16.7558\right),\left(28.9140,16.8204\right),\left(28.9905,16.8848\right),\left(29.0672,16.9490\right),\left(29.1441,17.0130\right),\left(29.2211,17.0768\right),\left(29.2982,17.1404\right),\left(29.3755,17.2039\right),\left(29.4530,17.2671\right),\left(29.5306,17.3302\right),\left(29.6084,17.3930\right),\left(29.6863,17.4557\right),\left(29.7645,17.5182\right),\left(29.8427,17.5804\right),\left(29.9212,17.6425\right),\left(29.9998,17.7043\right),\left(30.0786,17.7659\right),\left(30.1575,17.8273\right),\left(30.2366,17.8885\right),\left(30.3159,17.9495\right),\left(30.3954,18.0102\right),\left(30.4750,18.0708\right),\left(30.5548,18.1310\right),\left(30.6348,18.1911\right),\left(30.7150,18.2509\right),\left(30.7953,18.3105\right),\left(30.8758,18.3698\right),\left(30.9565,18.4289\right),\left(31.0374,18.4878\right),\left(31.1185,18.5464\right),\left(31.1997,18.6047\right),\left(31.2811,18.6628\right),\left(31.3627,18.7207\right),\left(31.4445,18.7782\right),\left(31.5265,18.8356\right),\left(31.6087,18.8926\right),\left(31.6910,18.9494\right),\left(31.7735,19.0059\right),\left(31.8563,19.0622\right),\left(31.9392,19.1182\right),\left(32.0222,19.1739\right),\left(32.1055,19.2293\right),\left(32.1890,19.2844\right),\left(32.2726,19.3393\right),\left(32.3565,19.3938\right),\left(32.4405,19.4481\right),\left(32.5247,19.5021\right),\left(32.6092,19.5558\right),\left(32.6938,19.6092\right),\left(32.7785,19.6623\right),\left(32.8635,19.7151\right),\left(32.9487,19.7676\right),\left(33.0340,19.8197\right),\left(33.1196,19.8716\right),\left(33.2053,19.9232\right),\left(33.2912,19.9744\right),\left(33.3774,20.0254\right),\left(33.4637,20.0760\right),\left(33.5501,20.1263\right),\left(33.6368,20.1763\right),\left(33.7237,20.2259\right),\left(33.8107,20.2752\right),\left(33.8980,20.3242\right),\left(33.9854,20.3729\right),\left(34.0730,20.4212\right),\left(34.1608,20.4692\right),\left(34.2487,20.5169\right),\left(34.3369,20.5642\right),\left(34.4252,20.6112\right),\left(34.5138,20.6579\right),\left(34.6025,20.7042\right),\left(34.6914,20.7501\right),\left(34.7804,20.7957\right),\left(34.8697,20.8410\right),\left(34.9591,20.8859\right),\left(35.0487,20.9305\right),\left(35.1385,20.9747\right),\left(35.2284,21.0185\right),\left(35.3185,21.0620\right),\left(35.4088,21.1051\right),\left(35.4993,21.1479\right),\left(35.5899,21.1903\right),\left(35.6807,21.2324\right),\left(35.7717,21.2740\right),\left(35.8629,21.3154\right),\left(35.9542,21.3563\right),\left(36.0457,21.3969\right),\left(36.1373,21.4371\right),\left(36.2291,21.4769\right),\left(36.3211,21.5164\right),\left(36.4132,21.5555\right),\left(36.5055,21.5942\right),\left(36.5979,21.6326\right),\left(36.6905,21.6706\right),\left(36.7833,21.7082\right),\left(36.8762,21.7454\right),\left(36.9693,21.7822\right),\left(37.0625,21.8187\right),\left(37.1558,21.8548\right),\left(37.2493,21.8905\right),\left(37.3430,21.9258\right),\left(37.4368,21.9608\right),\left(37.5307,21.9954\right),\left(37.6248,22.0295\right),\left(37.7190,22.0633\right),\left(37.8134,22.0968\right),\left(37.9078,22.1298\right),\left(38.0025,22.1625\right),\left(38.0972,22.1947\right),\left(38.1921,22.2266\right),\left(38.2871,22.2581\right),\left(38.3823,22.2892\right),\left(38.4775,22.3200\right),\left(38.5729,22.3503\right),\left(38.6684,22.3803\right),\left(38.7641,22.4099\right),\left(38.8598,22.4391\right),\left(38.9557,22.4679\right),\left(39.0517,22.4963\right),\left(39.1478,22.5243\right),\left(39.2440,22.5520\right),\left(39.3403,22.5793\right),\left(39.4367,22.6062\right),\left(39.5333,22.6327\right),\left(39.6299,22.6588\right),\left(39.7267,22.6846\right),\left(39.8235,22.7099\right),\left(39.9205,22.7349\right),\left(40.0175,22.7595\right),\left(40.1147,22.7838\right),\left(40.2119,22.8076\right),\left(40.3092,22.8311\right),\left(40.4067,22.8542\right),\left(40.5042,22.8769\right),\left(40.6018,22.8992\right),\left(40.6994,22.9212\right),\left(40.7972,22.9428\right),\left(40.8951,22.9640\right),\left(40.9930,22.9849\right),\left(41.0910,23.0053\right),\left(41.1891,23.0254\right),\left(41.2872,23.0452\right),\left(41.3855,23.0645\right),\left(41.4838,23.0835\right),\left(41.5822,23.1021\right),\left(41.6806,23.1204\right),\left(41.7791,23.1383\right),\left(41.8777,23.1558\right),\left(41.9763,23.1730\right),\left(42.0751,23.1898\right),\left(42.1738,23.2063\right),\left(42.2727,23.2224\right),\left(42.3715,23.2381\right),\left(42.4705,23.2535\right),\left(42.5695,23.2685\right),\left(42.6685,23.2831\right),\left(42.7676,23.2975\right),\left(42.8668,23.3114\right),\left(42.9660,23.3250\right),\left(43.0652,23.3383\right),\left(43.1645,23.3512\right),\left(43.2639,23.3638\right),\left(43.3633,23.3760\right),\left(43.4627,23.3879\right),\left(43.5622,23.3994\right),\left(43.6617,23.4106\right),\left(43.7612,23.4215\right),\left(43.8608,23.4320\right),\left(43.9604,23.4422\right),\left(44.0601,23.4520\right),\left(44.1598,23.4616\right),\left(44.2595,23.4707\right),\left(44.3592,23.4796\right),\left(44.4590,23.4881\right),\left(44.5588,23.4963\right),\left(44.6586,23.5042\right),\left(44.7585,23.5118\right),\left(44.8584,23.5190\right),\left(44.9583,23.5259\right),\left(45.0582,23.5325\right),\left(45.1581,23.5388\right),\left(45.2581,23.5447\right),\left(45.3581,23.5504\right),\left(45.4581,23.5557\right),\left(45.5581,23.5607\right),\left(45.6581,23.5654\right),\left(45.7582,23.5698\right),\left(45.8582,23.5739\right),\left(45.9583,23.5777\right),\left(46.0584,23.5812\right),\left(46.1585,23.5844\right),\left(46.2586,23.5873\right),\left(46.3587,23.5898\right),\left(46.4588,23.5921\right),\left(46.5589,23.5941\right),\left(46.6590,23.5958\right),\left(46.7592,23.5972\right),\left(46.8593,23.5984\right),\left(46.9594,23.5992\right),\left(47.0596,23.5997\right),\left(47.1597,23.6000\right),\left(47.2000,23.6000\right),\right]
l_{headings}=\left[0.0000,0.0000,0.0000,0.0000,0.0000,0.0000,0.0000,0.0000,0.0000,0.0000,0.0000,0.0000,0.0000,0.0000,0.0000,0.0000,0.0000,0.0000,0.0000,0.0000,0.0000,0.0000,0.0000,0.0000,0.0000,0.0000,0.0000,0.0000,0.0000,0.0000,0.0000,0.0000,0.0000,0.0000,0.0000,0.0000,0.0000,0.0000,0.0000,0.0000,0.0000,0.0000,0.0000,0.0000,0.0000,0.0000,0.0000,0.0000,0.0000,0.0000,0.0000,0.0000,0.0000,0.0000,0.0000,0.0000,0.0000,0.0000,0.0000,0.0000,0.0000,0.0000,0.0000,0.0000,0.0000,0.0000,0.0000,0.0000,0.0000,0.0000,0.0000,0.0000,0.0000,0.0000,0.0000,0.0000,0.0000,0.0000,0.0000,0.0000,0.0000,0.0000,0.0000,0.0000,0.0000,0.0000,0.0000,0.0000,0.0000,0.0000,0.0000,0.0000,0.0000,0.0000,0.0000,0.0000,0.0000,0.0000,0.0000,0.0000,0.0000,0.0000,0.0000,0.0000,0.0000,0.0000,0.0000,0.0000,0.0000,0.0000,0.0000,0.0000,0.0000,0.0000,0.0000,0.0000,0.0000,0.0000,0.0000,0.0000,0.0000,0.0000,0.0000,0.0000,0.0000,0.0000,0.0000,0.0000,0.0000,0.0000,0.0000,0.0000,0.0000,0.0000,0.0000,0.0000,0.0000,0.0000,0.0000,0.0000,0.0000,0.0000,0.0000,0.0000,0.0000,0.0000,0.0000,0.0000,0.0000,0.0000,0.0000,0.0000,0.0000,0.0000,0.0000,0.0000,0.0000,0.0000,0.0000,0.0000,0.0000,0.0000,0.0000,0.0000,0.0000,0.0000,0.0000,0.0000,0.0000,0.0000,0.0000,0.0000,0.0000,0.0000,0.0000,0.0000,0.0000,0.0000,0.0000,0.0000,0.0000,0.0000,0.0000,0.0000,0.0000,0.0000,0.0000,0.0000,0.0000,0.0000,0.0000,0.0000,0.0000,0.0000,0.0000,0.0000,0.0000,0.0000,0.0000,0.0000,0.0000,0.0000,0.0000,0.0000,0.0000,0.0000,0.0000,0.0000,0.0000,0.0000,0.0000,0.0000,0.0000,0.0000,0.0000,0.0000,0.0000,0.0000,0.0000,0.0000,0.0000,0.0000,0.0000,0.0000,0.0000,0.0000,0.0000,0.0000,0.0000,0.0000,0.0000,0.0000,0.0000,0.0000,0.0000,0.0000,0.0000,0.0028,0.0057,0.0085,0.0114,0.0143,0.0172,0.0201,0.0231,0.0260,0.0290,0.0320,0.0350,0.0380,0.0411,0.0441,0.0472,0.0503,0.0534,0.0565,0.0597,0.0628,0.0660,0.0692,0.0724,0.0756,0.0788,0.0821,0.0853,0.0886,0.0919,0.0952,0.0986,0.1019,0.1053,0.1087,0.1121,0.1155,0.1189,0.1223,0.1258,0.1293,0.1328,0.1363,0.1398,0.1433,0.1469,0.1505,0.1540,0.1576,0.1612,0.1649,0.1685,0.1722,0.1758,0.1795,0.1832,0.1869,0.1906,0.1944,0.1981,0.2019,0.2057,0.2095,0.2133,0.2171,0.2209,0.2247,0.2286,0.2324,0.2363,0.2402,0.2441,0.2480,0.2519,0.2558,0.2597,0.2637,0.2676,0.2716,0.2755,0.2795,0.2835,0.2875,0.2915,0.2955,0.2995,0.3035,0.3075,0.3115,0.3156,0.3196,0.3236,0.3277,0.3317,0.3358,0.3398,0.3439,0.3479,0.3520,0.3560,0.3601,0.3642,0.3682,0.3723,0.3764,0.3804,0.3845,0.3885,0.3926,0.3966,0.4007,0.4047,0.4088,0.4128,0.4168,0.4208,0.4249,0.4289,0.4329,0.4369,0.4409,0.4449,0.4488,0.4528,0.4568,0.4607,0.4646,0.4686,0.4725,0.4764,0.4803,0.4842,0.4880,0.4919,0.4957,0.4996,0.5034,0.5072,0.5110,0.5148,0.5185,0.5222,0.5260,0.5297,0.5334,0.5370,0.5407,0.5443,0.5479,0.5515,0.5551,0.5587,0.5622,0.5657,0.5692,0.5727,0.5762,0.5796,0.5830,0.5864,0.5898,0.5931,0.5964,0.5997,0.6030,0.6063,0.6095,0.6127,0.6159,0.6190,0.6221,0.6252,0.6283,0.6314,0.6344,0.6374,0.6404,0.6433,0.6462,0.6491,0.6520,0.6548,0.6576,0.6604,0.6632,0.6659,0.6686,0.6712,0.6739,0.6765,0.6791,0.6816,0.6841,0.6866,0.6891,0.6915,0.6939,0.6963,0.6987,0.7010,0.7033,0.7055,0.7077,0.7099,0.7121,0.7142,0.7163,0.7184,0.7204,0.7224,0.7244,0.7264,0.7283,0.7302,0.7320,0.7338,0.7356,0.7374,0.7391,0.7408,0.7425,0.7441,0.7457,0.7473,0.7488,0.7504,0.7518,0.7533,0.7547,0.7561,0.7574,0.7587,0.7600,0.7613,0.7625,0.7637,0.7649,0.7660,0.7671,0.7682,0.7692,0.7702,0.7712,0.7721,0.7730,0.7739,0.7747,0.7755,0.7763,0.7770,0.7778,0.7784,0.7791,0.7797,0.7803,0.7809,0.7814,0.7819,0.7823,0.7828,0.7831,0.7835,0.7838,0.7841,0.7844,0.7846,0.7848,0.7850,0.7852,0.7853,0.7853,0.7854,0.7854,0.7854,0.7853,0.7852,0.7851,0.7850,0.7848,0.7846,0.7843,0.7841,0.7838,0.7834,0.7831,0.7826,0.7822,0.7817,0.7812,0.7807,0.7802,0.7796,0.7789,0.7783,0.7776,0.7769,0.7761,0.7753,0.7745,0.7737,0.7728,0.7719,0.7709,0.7699,0.7689,0.7679,0.7668,0.7657,0.7646,0.7634,0.7622,0.7610,0.7597,0.7584,0.7571,0.7557,0.7543,0.7529,0.7515,0.7500,0.7485,0.7469,0.7453,0.7437,0.7421,0.7404,0.7387,0.7370,0.7352,0.7334,0.7316,0.7297,0.7278,0.7259,0.7239,0.7219,0.7199,0.7179,0.7158,0.7137,0.7115,0.7094,0.7072,0.7049,0.7027,0.7004,0.6981,0.6957,0.6933,0.6909,0.6885,0.6860,0.6835,0.6810,0.6784,0.6758,0.6732,0.6706,0.6679,0.6652,0.6624,0.6597,0.6569,0.6541,0.6512,0.6484,0.6455,0.6425,0.6396,0.6366,0.6336,0.6306,0.6275,0.6244,0.6213,0.6182,0.6150,0.6118,0.6086,0.6054,0.6021,0.5988,0.5955,0.5922,0.5889,0.5855,0.5821,0.5787,0.5752,0.5718,0.5683,0.5648,0.5612,0.5577,0.5541,0.5505,0.5469,0.5433,0.5397,0.5360,0.5323,0.5286,0.5249,0.5212,0.5174,0.5137,0.5099,0.5061,0.5023,0.4985,0.4946,0.4908,0.4869,0.4830,0.4791,0.4752,0.4713,0.4674,0.4634,0.4595,0.4555,0.4516,0.4476,0.4436,0.4396,0.4356,0.4316,0.4276,0.4236,0.4196,0.4155,0.4115,0.4074,0.4034,0.3993,0.3953,0.3912,0.3872,0.3831,0.3790,0.3750,0.3709,0.3668,0.3628,0.3587,0.3546,0.3506,0.3465,0.3424,0.3384,0.3343,0.3303,0.3262,0.3222,0.3181,0.3141,0.3100,0.3060,0.3020,0.2980,0.2940,0.2899,0.2859,0.2820,0.2780,0.2740,0.2700,0.2661,0.2621,0.2582,0.2542,0.2503,0.2464,0.2425,0.2386,0.2347,0.2308,0.2270,0.2231,0.2193,0.2154,0.2116,0.2078,0.2040,0.2003,0.1965,0.1927,0.1890,0.1853,0.1816,0.1779,0.1742,0.1705,0.1668,0.1632,0.1596,0.1560,0.1524,0.1488,0.1452,0.1417,0.1381,0.1346,0.1311,0.1276,0.1241,0.1207,0.1172,0.1138,0.1104,0.1070,0.1036,0.1002,0.0969,0.0935,0.0902,0.0869,0.0836,0.0804,0.0771,0.0739,0.0707,0.0675,0.0643,0.0611,0.0579,0.0548,0.0517,0.0486,0.0455,0.0424,0.0394,0.0363,0.0333,0.0303,0.0273,0.0243,0.0214,0.0184,0.0155,0.0126,0.0097,0.0068,0.0040,0.0011,6.2832,\right]
running path!
lin/ang/drive_left/drive_right/tv_l/tv_r/av_l/av_r/x/y/theta/tx/ty/ttheta: 0.31039 0.00065 0.00048 -0.00047 0.00439 0.00065 0.00017 0.00000 -23.60000 -0.00012 -0.00322 -23.50000 0.00000 0.00000
lin/ang/drive_left/drive_right/tv_l/tv_r/av_l/av_r/x/y/theta/tx/ty/ttheta: 0.31039 0.00021 -0.00049 0.00048 0.00439 0.00021 0.16306 0.06383 -23.60000 -0.00004 -0.00102 -23.50000 0.00000 0.00000
lin/ang/drive_left/drive_right/tv_l/tv_r/av_l/av_r/x/y/theta/tx/ty/ttheta: 0.31052 -0.00045 -0.00470 -0.00281 0.00452 -0.00045 0.46697 0.49261 -23.60296 0.00008 0.00220 -23.50000 0.00000 0.00000
lin/ang/drive_left/drive_right/tv_l/tv_r/av_l/av_r/x/y/theta/tx/ty/ttheta: 0.31052 0.00603 0.00447 -0.00442 0.00452 0.00603 0.23800 0.24467 -23.60293 -0.00109 -0.02972 -23.50000 0.00000 0.00000
lin/ang/drive_left/drive_right/tv_l/tv_r/av_l/av_r/x/y/theta/tx/ty/ttheta: 0.44196 0.01253 0.12226 0.11434 0.16221 0.01253 0.21011 0.21969 -23.50978 -0.00227 -0.05990 -23.30000 0.00000 0.00000
lin/ang/drive_left/drive_right/tv_l/tv_r/av_l/av_r/x/y/theta/tx/ty/ttheta: 0.52054 0.02123 0.14610 0.13730 0.22946 0.02123 0.31089 0.30903 -23.39821 -0.00388 -0.09957 -23.10000 0.00000 0.00000
lin/ang/drive_left/drive_right/tv_l/tv_r/av_l/av_r/x/y/theta/tx/ty/ttheta: 0.60613 0.03062 0.24528 0.23539 0.31956 0.03062 0.46986 0.47911 -23.20898 -0.00583 -0.14184 -22.90000 0.00000 0.00000
lin/ang/drive_left/drive_right/tv_l/tv_r/av_l/av_r/x/y/theta/tx/ty/ttheta: 0.70363 0.04836 0.34916 0.32972 0.42419 0.04836 0.44250 0.42144 -22.94171 -0.00950 -0.21915 -22.50000 0.00000 0.00000
lin/ang/drive_left/drive_right/tv_l/tv_r/av_l/av_r/x/y/theta/tx/ty/ttheta: 0.78847 0.07749 0.40244 0.37759 0.50729 0.07749 0.51933 0.51450 -22.63463 -0.01573 -0.34667 -22.10000 0.00000 0.00000
lin/ang/drive_left/drive_right/tv_l/tv_r/av_l/av_r/x/y/theta/tx/ty/ttheta: 0.85997 0.09149 0.42925 0.42039 0.57360 0.09149 0.56878 0.50067 -22.30015 -0.02008 -0.40471 -21.80000 0.00000 0.00000
lin/ang/drive_left/drive_right/tv_l/tv_r/av_l/av_r/x/y/theta/tx/ty/ttheta: 0.94426 0.10599 0.51018 0.49436 0.65737 0.10599 0.60622 0.57286 -21.90469 -0.02501 -0.45853 -21.30000 0.00000 0.00000
lin/ang/drive_left/drive_right/tv_l/tv_r/av_l/av_r/x/y/theta/tx/ty/ttheta: 1.00150 0.13033 0.55866 0.53158 0.72638 0.13033 0.54311 0.48319 -21.47551 -0.03265 -0.56308 -20.90000 0.00000 0.00000
lin/ang/drive_left/drive_right/tv_l/tv_r/av_l/av_r/x/y/theta/tx/ty/ttheta: 1.07701 0.18197 0.67299 0.61518 0.80947 0.18197 0.68494 0.54258 -20.96849 -0.04679 -0.78745 -20.30000 0.00000 0.00000
lin/ang/drive_left/drive_right/tv_l/tv_r/av_l/av_r/x/y/theta/tx/ty/ttheta: 1.15290 0.23562 0.75267 0.69835 0.90045 0.23562 0.49636 0.66150 -20.39743 -0.06399 -1.01261 -19.60000 0.00000 0.00000
lin/ang/drive_left/drive_right/tv_l/tv_r/av_l/av_r/x/y/theta/tx/ty/ttheta: 1.21292 0.26532 0.80678 0.77215 0.97598 0.26532 0.74911 0.60914 -19.77568 -0.06489 -1.20376 -19.00000 0.00000 0.00000
lin/ang/drive_left/drive_right/tv_l/tv_r/av_l/av_r/x/y/theta/tx/ty/ttheta: 1.27304 0.28794 0.84227 0.81813 1.05877 0.28794 0.53608 0.58517 -19.12207 -0.07613 -1.28991 -18.20000 0.00000 0.00000
lin/ang/drive_left/drive_right/tv_l/tv_r/av_l/av_r/x/y/theta/tx/ty/ttheta: 1.32736 0.31378 0.87585 0.85032 1.12541 0.31378 0.76983 0.58844 -18.44267 -0.09249 -1.38896 -17.50000 0.00000 0.00000
lin/ang/drive_left/drive_right/tv_l/tv_r/av_l/av_r/x/y/theta/tx/ty/ttheta: 1.36610 0.35375 0.87195 0.82345 1.17665 0.35375 0.64544 0.60675 -17.77549 -0.11258 -1.55313 -16.79999 0.00000 0.00000
lin/ang/drive_left/drive_right/tv_l/tv_r/av_l/av_r/x/y/theta/tx/ty/ttheta: 1.41014 0.41394 1.03272 0.96123 1.23627 0.41394 0.74997 0.71611 -16.99075 -0.13408 -1.84311 -15.99999 0.00000 0.00000
lin/ang/drive_left/drive_right/tv_l/tv_r/av_l/av_r/x/y/theta/tx/ty/ttheta: 1.45345 0.47227 1.04779 0.98940 1.29263 0.47227 0.58775 0.77308 -16.18889 -0.15406 -2.12313 -15.09999 0.00000 0.00000
lin/ang/drive_left/drive_right/tv_l/tv_r/av_l/av_r/x/y/theta/tx/ty/ttheta: 1.48867 0.50727 1.02730 1.00917 1.33903 0.50727 0.77650 0.62250 -15.38777 -0.18614 -2.24631 -14.29999 0.00000 0.00000
lin/ang/drive_left/drive_right/tv_l/tv_r/av_l/av_r/x/y/theta/tx/ty/ttheta: 1.52029 0.52563 1.03833 1.02138 1.38037 0.52563 0.76639 0.79036 -14.57744 -0.21669 -2.28813 -13.49999 0.00000 0.00000
lin/ang/drive_left/drive_right/tv_l/tv_r/av_l/av_r/x/y/theta/tx/ty/ttheta: 1.49876 0.57538 1.22144 1.17964 1.43393 0.57538 0.78281 0.88836 -13.63320 -0.26195 -2.45658 -12.39999 0.00000 0.00000
lin/ang/drive_left/drive_right/tv_l/tv_r/av_l/av_r/x/y/theta/tx/ty/ttheta: 1.45813 0.60242 1.19397 1.18003 1.47011 0.60242 0.79361 0.85469 -12.69944 -0.30266 -2.53821 -11.49999 0.00000 0.00000
lin/ang/drive_left/drive_right/tv_l/tv_r/av_l/av_r/x/y/theta/tx/ty/ttheta: 1.41981 0.62350 1.25020 1.24420 1.50868 0.62350 0.60025 0.67878 -11.71844 -0.34795 -2.57700 -10.49999 0.00000 0.00000
lin/ang/drive_left/drive_right/tv_l/tv_r/av_l/av_r/x/y/theta/tx/ty/ttheta: 1.37357 0.63797 1.22175 1.22578 1.51660 0.63797 0.53611 0.64647 -10.75579 -0.39069 -2.56371 -9.59999 0.00000 0.00000
lin/ang/drive_left/drive_right/tv_l/tv_r/av_l/av_r/x/y/theta/tx/ty/ttheta: 1.32897 0.66784 1.27333 1.28626 1.48010 0.66784 0.50564 0.62061 -9.74902 -0.43430 -2.52926 -8.49998 0.00000 0.00000
lin/ang/drive_left/drive_right/tv_l/tv_r/av_l/av_r/x/y/theta/tx/ty/ttheta: 1.27259 0.68157 1.23443 1.25577 1.43527 0.68157 0.46814 0.58672 -8.76953 -0.47645 -2.43613 -7.69998 0.00000 0.00000
lin/ang/drive_left/drive_right/tv_l/tv_r/av_l/av_r/x/y/theta/tx/ty/ttheta: 1.21186 0.69759 1.22279 1.25544 1.39063 0.69759 0.43686 0.56053 -7.79452 -0.51271 -2.31827 -6.69998 0.00000 0.00000
lin/ang/drive_left/drive_right/tv_l/tv_r/av_l/av_r/x/y/theta/tx/ty/ttheta: 1.13766 0.68680 1.18759 1.25555 1.33634 0.68680 0.40706 0.50408 -6.83290 -0.53765 -2.07093 -5.79998 0.00000 0.00000
lin/ang/drive_left/drive_right/tv_l/tv_r/av_l/av_r/x/y/theta/tx/ty/ttheta: 1.07102 0.65920 1.19538 1.28245 1.28048 0.65920 0.37097 0.45258 -5.85760 -0.56046 -1.72272 -4.89998 0.00000 0.00000
lin/ang/drive_left/drive_right/tv_l/tv_r/av_l/av_r/x/y/theta/tx/ty/ttheta: 0.98251 0.62096 1.08758 1.21959 1.21321 0.62096 0.29397 0.37747 -4.94986 -0.59806 -1.20156 -3.99998 0.00000 0.00000
lin/ang/drive_left/drive_right/tv_l/tv_r/av_l/av_r/x/y/theta/tx/ty/ttheta: 0.91704 0.54262 0.99063 1.15299 1.14961 0.54262 0.24881 0.34617 -4.10598 -0.61392 -0.53465 -3.19998 0.00000 0.00000
lin/ang/drive_left/drive_right/tv_l/tv_r/av_l/av_r/x/y/theta/tx/ty/ttheta: 0.84242 0.43970 0.97252 1.15943 1.07286 0.43970 0.16342 0.27942 -3.26655 -0.61402 0.24357 -2.49998 0.00000 0.00000
lin/ang/drive_left/drive_right/tv_l/tv_r/av_l/av_r/x/y/theta/tx/ty/ttheta: 0.76703 0.35715 0.81735 0.98499 1.00541 0.35715 0.18189 0.28508 -2.55657 -0.63106 0.98850 -1.79997 0.00000 0.00000
lin/ang/drive_left/drive_right/tv_l/tv_r/av_l/av_r/x/y/theta/tx/ty/ttheta: 0.69387 1.03236 0.87292 1.04203 0.92013 0.29169 0.09375 0.23683 -1.80193 -0.64560 1.69842 -1.09997 0.00000 0.00000
lin/ang/drive_left/drive_right/tv_l/tv_r/av_l/av_r/x/y/theta/tx/ty/ttheta: 0.68718 0.97189 0.66848 0.83513 0.85285 0.22289 -0.08131 0.18017 -1.20867 -0.66485 2.42308 -0.49997 0.00000 0.00000
lin/ang/drive_left/drive_right/tv_l/tv_r/av_l/av_r/x/y/theta/tx/ty/ttheta: 0.67591 0.89525 0.62596 0.79645 0.77643 0.13587 -0.03900 0.19986 -0.64840 -0.65408 3.14487 0.00008 0.00000 0.00014
lin/ang/drive_left/drive_right/tv_l/tv_r/av_l/av_r/x/y/theta/tx/ty/ttheta: 0.66536 0.93085 0.52315 0.72036 0.71903 0.16321 0.25614 0.39303 -0.15644 -0.67301 3.96418 0.39951 0.00227 0.65395
lin/ang/drive_left/drive_right/tv_l/tv_r/av_l/av_r/x/y/theta/tx/ty/ttheta: 0.65874 0.96355 0.49960 0.68564 0.68671 0.93051 0.27706 0.41614 0.31176 -0.67261 4.79000 0.89873 0.01160 1.49200
lin/ang/drive_left/drive_right/tv_l/tv_r/av_l/av_r/x/y/theta/tx/ty/ttheta: 0.65212 0.92462 0.51583 0.68543 0.67911 0.89187 0.28114 0.42400 0.78029 -0.60247 5.54173 1.39774 0.02834 2.35327
lin/ang/drive_left/drive_right/tv_l/tv_r/av_l/av_r/x/y/theta/tx/ty/ttheta: 0.64432 0.87753 0.53152 0.67743 0.66895 0.84709 0.28644 0.42642 1.25070 -0.52423 6.18918 1.79673 0.04719 3.05913
lin/ang/drive_left/drive_right/tv_l/tv_r/av_l/av_r/x/y/theta/tx/ty/ttheta: 0.63303 0.84934 0.55052 0.69377 0.65665 0.81939 0.28131 0.41547 1.73482 -0.44590 6.81596 2.19547 0.07101 3.78003
lin/ang/drive_left/drive_right/tv_l/tv_r/av_l/av_r/x/y/theta/tx/ty/ttheta: 0.62806 0.86739 0.51653 0.63437 0.65061 0.83807 0.26831 0.40483 2.18204 -0.37051 7.34928 2.69340 0.10792 4.70220
lin/ang/drive_left/drive_right/tv_l/tv_r/av_l/av_r/x/y/theta/tx/ty/ttheta: 0.61984 0.87580 0.53819 0.64416 0.64151 0.84710 0.26419 0.40056 2.64082 -0.28929 7.80909 3.09128 0.14327 5.45673
lin/ang/drive_left/drive_right/tv_l/tv_r/av_l/av_r/x/y/theta/tx/ty/ttheta: 0.61460 0.91985 0.55383 0.65152 0.63510 0.89206 0.27889 0.40553 3.10765 -0.20128 8.24191 3.58791 0.19492 6.42063
lin/ang/drive_left/drive_right/tv_l/tv_r/av_l/av_r/x/y/theta/tx/ty/ttheta: 0.60890 0.96885 0.57832 0.67782 0.62817 0.94214 0.27156 0.40536 3.59281 -0.10172 8.65417 4.08360 0.25501 7.40726
lin/ang/drive_left/drive_right/tv_l/tv_r/av_l/av_r/x/y/theta/tx/ty/ttheta: 0.60472 0.99699 0.57652 0.67912 0.62163 0.97310 0.27411 0.40931 4.07417 0.01942 9.10073 4.57818 0.32372 8.41606
lin/ang/drive_left/drive_right/tv_l/tv_r/av_l/av_r/x/y/theta/tx/ty/ttheta: 0.59672 1.02216 0.56454 0.67606 0.61262 0.99932 0.26864 0.40964 4.55211 0.12298 9.56477 4.97292 0.38502 9.23857
lin/ang/drive_left/drive_right/tv_l/tv_r/av_l/av_r/x/y/theta/tx/ty/ttheta: 0.59362 1.08799 0.53398 0.64042 0.60822 1.06662 0.26625 0.40247 5.00376 0.22456 10.03322 5.46504 0.46967 10.28534
lin/ang/drive_left/drive_right/tv_l/tv_r/av_l/av_r/x/y/theta/tx/ty/ttheta: 0.58767 1.15327 0.62993 0.73823 0.60091 1.13356 0.25119 0.40417 5.52806 0.35201 10.49009 5.95553 0.56339 11.35183
lin/ang/drive_left/drive_right/tv_l/tv_r/av_l/av_r/x/y/theta/tx/ty/ttheta: 0.58410 1.22056 0.57809 0.68196 0.59591 1.20270 0.26744 0.41461 6.00838 0.48157 10.94135 6.44419 0.66630 12.43677
lin/ang/drive_left/drive_right/tv_l/tv_r/av_l/av_r/x/y/theta/tx/ty/ttheta: 0.58041 1.28255 0.59177 0.70662 0.59073 1.26672 0.25036 0.41561 6.50106 0.62489 11.42149 6.93081 0.77852 13.53872
lin/ang/drive_left/drive_right/tv_l/tv_r/av_l/av_r/x/y/theta/tx/ty/ttheta: 0.57998 1.40178 0.62845 0.74010 0.58844 1.38863 0.24914 0.41992 7.02104 0.77084 11.90804 7.51177 0.92562 14.88114
lin/ang/drive_left/drive_right/tv_l/tv_r/av_l/av_r/x/y/theta/tx/ty/ttheta: 0.57735 1.49029 0.59163 0.71816 0.58418 1.47957 0.22911 0.47278 7.51848 0.91020 12.43150 7.99316 1.05864 16.01435
lin/ang/drive_left/drive_right/tv_l/tv_r/av_l/av_r/x/y/theta/tx/ty/ttheta: 0.57485 1.57691 0.59488 0.74258 0.57999 1.56879 0.15622 0.54192 8.02588 1.05364 13.03226 8.47183 1.20120 17.15849
lin/ang/drive_left/drive_right/tv_l/tv_r/av_l/av_r/x/y/theta/tx/ty/ttheta: 0.57613 1.67888 0.60535 0.80106 0.57915 1.67407 0.15281 0.54397 8.55699 1.21340 13.82215 9.04234 1.38492 18.54267
lin/ang/drive_left/drive_right/tv_l/tv_r/av_l/av_r/x/y/theta/tx/ty/ttheta: 0.57652 1.66639 0.48708 0.76781 0.57770 1.66451 0.15247 0.55986 9.02398 1.38139 14.93817 9.51428 1.54855 19.70255
lin/ang/drive_left/drive_right/tv_l/tv_r/av_l/av_r/x/y/theta/tx/ty/ttheta: 0.57601 1.60629 0.50718 0.83991 0.57528 1.60745 0.15983 0.54550 9.52154 1.57132 16.31875 9.98282 1.72172 20.86537
lin/ang/drive_left/drive_right/tv_l/tv_r/av_l/av_r/x/y/theta/tx/ty/ttheta: 0.58021 1.58057 0.52108 0.87257 0.57709 1.58552 0.20550 0.48681 10.03467 1.76905 17.82129 10.54032 1.94203 22.26070
lin/ang/drive_left/drive_right/tv_l/tv_r/av_l/av_r/x/y/theta/tx/ty/ttheta: 0.58099 1.49644 0.51221 0.85457 0.57580 1.50464 0.23117 0.48117 10.52927 1.98634 19.30490 11.00073 2.13596 23.42002
lin/ang/drive_left/drive_right/tv_l/tv_r/av_l/av_r/x/y/theta/tx/ty/ttheta: 0.58308 1.40542 0.49748 0.83800 0.57575 1.41693 0.24247 0.48286 11.00479 2.21701 20.76516 11.45716 2.33915 24.57295
lin/ang/drive_left/drive_right/tv_l/tv_r/av_l/av_r/x/y/theta/tx/ty/ttheta: 0.59013 1.35668 0.53591 0.86581 0.58011 1.37221 0.26831 0.44625 11.49902 2.46810 22.20310 11.99939 2.59499 25.94376
lin/ang/drive_left/drive_right/tv_l/tv_r/av_l/av_r/x/y/theta/tx/ty/ttheta: 0.59451 1.29467 0.50137 0.80741 0.58215 1.31355 0.28542 0.46439 11.95871 2.70392 23.53850 12.44652 2.81801 27.07194
lin/ang/drive_left/drive_right/tv_l/tv_r/av_l/av_r/x/y/theta/tx/ty/ttheta: 0.60435 1.27603 0.54582 0.82890 0.58905 1.29893 0.28678 0.47981 12.43392 2.96690 24.77610 12.97722 3.09711 28.40428
lin/ang/drive_left/drive_right/tv_l/tv_r/av_l/av_r/x/y/theta/tx/ty/ttheta: 0.60834 1.22170 0.58217 0.86629 0.59046 1.24791 0.29536 0.48389 12.93146 3.24851 25.99232 13.41449 3.33900 29.49320
lin/ang/drive_left/drive_right/tv_l/tv_r/av_l/av_r/x/y/theta/tx/ty/ttheta: 0.61843 1.20450 0.61959 0.89070 0.59727 1.23464 0.30456 0.48561 13.44375 3.55347 27.17542 13.93313 3.64006 30.77007
lin/ang/drive_left/drive_right/tv_l/tv_r/av_l/av_r/x/y/theta/tx/ty/ttheta: 0.63464 1.18946 0.55570 0.81174 0.60788 1.22619 0.30631 0.47944 13.89980 3.84293 28.28852 14.44507 3.95247 32.01004
lin/ang/drive_left/drive_right/tv_l/tv_r/av_l/av_r/x/y/theta/tx/ty/ttheta: 0.64285 1.15426 0.60181 0.83155 0.61272 1.19434 0.33469 0.50236 14.37490 4.15012 29.30945 14.86653 4.22110 33.01199
lin/ang/drive_left/drive_right/tv_l/tv_r/av_l/av_r/x/y/theta/tx/ty/ttheta: 0.65852 1.16648 0.63044 0.85334 0.62402 1.21048 0.34633 0.52547 14.86443 4.47079 30.26815 15.36611 4.55299 34.17331
lin/ang/drive_left/drive_right/tv_l/tv_r/av_l/av_r/x/y/theta/tx/ty/ttheta: 0.67553 1.17984 0.65758 0.86906 0.63622 1.22767 0.34650 0.50561 15.36369 4.80716 31.19053 15.85904 4.89474 35.28644
lin/ang/drive_left/drive_right/tv_l/tv_r/av_l/av_r/x/y/theta/tx/ty/ttheta: 0.70334 1.20246 0.63668 0.85511 0.65516 1.25780 0.37144 0.53489 15.83867 5.15596 32.11254 16.42586 5.30519 36.51993
lin/ang/drive_left/drive_right/tv_l/tv_r/av_l/av_r/x/y/theta/tx/ty/ttheta: 0.73352 1.22519 0.67909 0.88993 0.67763 1.28512 0.40158 0.55919 16.33793 5.52192 33.02891 16.98400 5.72739 37.67898
lin/ang/drive_left/drive_right/tv_l/tv_r/av_l/av_r/x/y/theta/tx/ty/ttheta: 0.76199 1.21588 0.73483 0.93576 0.69366 1.28408 0.44197 0.60761 16.86809 5.91261 33.90668 17.45576 6.09796 38.61039
lin/ang/drive_left/drive_right/tv_l/tv_r/av_l/av_r/x/y/theta/tx/ty/ttheta: 0.80219 1.22807 0.78833 0.99042 0.71856 1.30754 0.45994 0.64097 17.42849 6.33376 34.76651 17.99873 6.53958 39.62185
lin/ang/drive_left/drive_right/tv_l/tv_r/av_l/av_r/x/y/theta/tx/ty/ttheta: 0.84610 1.16918 0.75942 0.96501 0.74847 1.26512 0.48817 0.64694 17.93829 6.78915 35.64333 18.53417 6.99035 40.55003
lin/ang/drive_left/drive_right/tv_l/tv_r/av_l/av_r/x/y/theta/tx/ty/ttheta: 0.90619 1.00574 0.83458 1.02936 0.79436 1.12528 0.54328 0.69589 18.40558 7.39513 36.49617 19.21237 7.58189 41.61789
lin/ang/drive_left/drive_right/tv_l/tv_r/av_l/av_r/x/y/theta/tx/ty/ttheta: 0.95649 0.99216 0.85990 1.05086 0.82843 1.13558 0.59133 0.71539 19.00614 7.84798 37.32941 19.73262 8.05018 42.34908
lin/ang/drive_left/drive_right/tv_l/tv_r/av_l/av_r/x/y/theta/tx/ty/ttheta: 1.02426 0.96510 0.96579 1.12389 0.87209 1.13738 0.65997 0.71831 19.64270 8.36967 38.05641 20.32032 8.59292 43.07687
lin/ang/drive_left/drive_right/tv_l/tv_r/av_l/av_r/x/y/theta/tx/ty/ttheta: 1.13157 0.94266 0.96407 1.10198 0.93588 1.16404 0.67367 0.72975 20.26657 8.89209 38.66566 21.04609 9.28082 43.82348
lin/ang/drive_left/drive_right/tv_l/tv_r/av_l/av_r/x/y/theta/tx/ty/ttheta: 1.21679 0.86291 1.10269 1.20848 0.99929 1.15291 0.73164 0.72978 20.96273 9.47831 39.17065 21.69247 9.90707 44.33966
lin/ang/drive_left/drive_right/tv_l/tv_r/av_l/av_r/x/y/theta/tx/ty/ttheta: 1.26748 0.78025 1.13723 1.20076 1.07966 1.15103 0.74706 0.80900 21.66537 10.07310 39.48514 22.40504 10.60866 44.73965
lin/ang/drive_left/drive_right/tv_l/tv_r/av_l/av_r/x/y/theta/tx/ty/ttheta: 1.19585 0.67931 1.21429 1.27958 1.17229 1.09402 0.71061 0.78764 22.40801 10.71574 39.74316 23.18459 11.38474 44.96845
lin/ang/drive_left/drive_right/tv_l/tv_r/av_l/av_r/x/y/theta/tx/ty/ttheta: 1.12307 0.58116 1.21474 1.26329 1.24682 0.96929 0.69694 0.67211 23.14727 11.35255 39.97912 23.89180 12.09175 44.98443
lin/ang/drive_left/drive_right/tv_l/tv_r/av_l/av_r/x/y/theta/tx/ty/ttheta: 1.04829 0.48433 1.22618 1.26739 1.26320 0.81714 0.37489 0.43889 23.89022 11.99440 40.16422 24.52901 12.72732 44.84245
lin/ang/drive_left/drive_right/tv_l/tv_r/av_l/av_r/x/y/theta/tx/ty/ttheta: 0.98127 0.40855 1.20540 1.21866 1.19055 0.66947 0.26078 0.35383 24.61581 12.61435 40.22232 25.16863 13.36049 44.55233
lin/ang/drive_left/drive_right/tv_l/tv_r/av_l/av_r/x/y/theta/tx/ty/ttheta: 0.92292 0.29873 1.19443 1.25284 1.11401 0.51193 0.24964 0.32700 25.34524 13.24390 40.37964 25.81226 13.98957 44.11417
lin/ang/drive_left/drive_right/tv_l/tv_r/av_l/av_r/x/y/theta/tx/ty/ttheta: 0.87749 0.16744 1.03897 1.10571 1.03229 0.33817 0.25819 0.34069 25.99093 13.78799 40.70333 26.38902 14.54397 43.60057
lin/ang/drive_left/drive_right/tv_l/tv_r/av_l/av_r/x/y/theta/tx/ty/ttheta: 0.83714 0.11164 1.00180 1.04951 0.96882 0.25592 0.24897 0.34206 26.66384 14.24425 40.91741 26.97129 15.09258 42.97050
lin/ang/drive_left/drive_right/tv_l/tv_r/av_l/av_r/x/y/theta/tx/ty/ttheta: 0.79681 -0.01641 0.93275 1.01777 0.91134 0.10381 0.28456 0.32733 27.26459 14.72363 41.22537 27.48613 15.56690 42.32411
lin/ang/drive_left/drive_right/tv_l/tv_r/av_l/av_r/x/y/theta/tx/ty/ttheta: 0.76337 -0.22343 0.93591 1.03382 0.86525 -0.12305 0.29053 0.31878 27.83766 15.24624 41.64902 28.00664 16.03498 41.58969
lin/ang/drive_left/drive_right/tv_l/tv_r/av_l/av_r/x/y/theta/tx/ty/ttheta: 0.73673 -0.52282 0.82684 0.94464 0.82588 -0.43876 0.28147 0.31603 28.31140 15.76274 42.13525 28.53346 16.49596 40.76818
lin/ang/drive_left/drive_right/tv_l/tv_r/av_l/av_r/x/y/theta/tx/ty/ttheta: 0.71072 -0.81600 0.80798 0.85968 0.78633 -0.74418 0.31039 0.30578 28.73840 16.26918 42.43275 28.99052 16.88477 39.99572
lin/ang/drive_left/drive_right/tv_l/tv_r/av_l/av_r/x/y/theta/tx/ty/ttheta: 0.68909 -1.01900 0.77600 0.79841 0.75560 -0.95166 0.33675 0.29414 29.19239 16.69122 42.55329 29.45298 17.26713 39.16137
lin/ang/drive_left/drive_right/tv_l/tv_r/av_l/av_r/x/y/theta/tx/ty/ttheta: 0.67404 -1.21335 0.75388 0.74705 0.72963 -1.15357 0.35350 0.27328 29.62767 17.09087 42.55234 29.92118 17.64248 38.26653
lin/ang/drive_left/drive_right/tv_l/tv_r/av_l/av_r/x/y/theta/tx/ty/ttheta: 0.65735 -1.43512 0.84211 0.79502 0.70528 -1.37993 0.37967 0.27172 30.10699 17.52182 42.39155 30.47502 18.07075 37.14840
lin/ang/drive_left/drive_right/tv_l/tv_r/av_l/av_r/x/y/theta/tx/ty/ttheta: 0.64298 -1.67308 0.78939 0.73929 0.68517 -1.62189 0.41803 0.15519 30.53006 17.95108 42.16952 30.95653 18.42892 36.12886
lin/ang/drive_left/drive_right/tv_l/tv_r/av_l/av_r/x/y/theta/tx/ty/ttheta: 0.63161 -1.85324 0.75683 0.67533 0.66747 -1.80810 0.56533 -0.09083 30.93745 18.34120 41.87636 31.36275 18.72066 35.23799
lin/ang/drive_left/drive_right/tv_l/tv_r/av_l/av_r/x/y/theta/tx/ty/ttheta: 0.61756 -1.90119 0.73619 0.53695 0.64965 -1.85929 0.60469 -0.11242 31.31981 18.66539 41.16233 31.69101 18.94941 34.49950
lin/ang/drive_left/drive_right/tv_l/tv_r/av_l/av_r/x/y/theta/tx/ty/ttheta: 0.60931 -1.85812 0.81228 0.44309 0.63790 -1.81953 0.58606 -0.00344 31.71576 18.96255 39.76659 32.10553 19.22928 33.54568
lin/ang/drive_left/drive_right/tv_l/tv_r/av_l/av_r/x/y/theta/tx/ty/ttheta: 0.60178 -1.81143 0.89265 0.39123 0.62709 -1.77621 0.50375 0.13911 32.07078 19.32569 37.72101 32.52474 19.50209 32.55959
lin/ang/drive_left/drive_right/tv_l/tv_r/av_l/av_r/x/y/theta/tx/ty/ttheta: 0.59707 -1.75231 0.88850 0.37187 0.61809 -1.72233 0.46694 0.19814 32.41820 19.68741 35.48943 32.94869 19.76756 31.54344
lin/ang/drive_left/drive_right/tv_l/tv_r/av_l/av_r/x/y/theta/tx/ty/ttheta: 0.59394 -1.67491 0.80419 0.34376 0.61222 -1.64820 0.45531 0.20636 32.76388 19.98053 33.44620 33.37736 20.02537 30.49961
lin/ang/drive_left/drive_right/tv_l/tv_r/av_l/av_r/x/y/theta/tx/ty/ttheta: 0.58856 -1.53322 0.78061 0.34763 0.60475 -1.50916 0.44711 0.22858 33.13311 20.22646 31.56758 33.72368 20.22592 29.64634
lin/ang/drive_left/drive_right/tv_l/tv_r/av_l/av_r/x/y/theta/tx/ty/ttheta: 0.58469 -1.42553 0.74229 0.33153 0.59887 -1.40414 0.41903 0.26111 33.48013 20.46862 29.76634 34.07298 20.42125 28.77837
lin/ang/drive_left/drive_right/tv_l/tv_r/av_l/av_r/x/y/theta/tx/ty/ttheta: 0.58355 -1.37628 0.75409 0.40844 0.59530 -1.35825 0.38056 0.28147 33.87128 20.70601 28.21644 34.51377 20.65788 27.67491
lin/ang/drive_left/drive_right/tv_l/tv_r/av_l/av_r/x/y/theta/tx/ty/ttheta: 0.57858 -1.28577 0.73773 0.45915 0.58847 -1.27043 0.40433 0.27564 34.29965 20.90341 26.95640 34.86966 20.84100 26.77917
lin/ang/drive_left/drive_right/tv_l/tv_r/av_l/av_r/x/y/theta/tx/ty/ttheta: 0.57736 -1.30128 0.73471 0.50414 0.58500 -1.28929 0.41597 0.25989 34.73479 21.12333 25.92222 35.31853 21.06200 25.64575
lin/ang/drive_left/drive_right/tv_l/tv_r/av_l/av_r/x/y/theta/tx/ty/ttheta: 0.57440 -1.28888 0.67277 0.46524 0.58031 -1.27956 0.40947 0.25514 35.14241 21.30919 25.01213 35.68075 21.23236 24.72993
lin/ang/drive_left/drive_right/tv_l/tv_r/av_l/av_r/x/y/theta/tx/ty/ttheta: 0.57512 -1.32687 0.69482 0.50526 0.57892 -1.32083 0.41614 0.25958 35.57568 21.49764 24.18466 36.13731 21.43710 23.57635
lin/ang/drive_left/drive_right/tv_l/tv_r/av_l/av_r/x/y/theta/tx/ty/ttheta: 0.57491 -1.36786 0.74174 0.55145 0.57669 -1.36503 0.41561 0.25975 36.04561 21.69363 23.36555 36.59793 21.63260 22.41585
lin/ang/drive_left/drive_right/tv_l/tv_r/av_l/av_r/x/y/theta/tx/ty/ttheta: 0.57504 -1.43401 0.75145 0.56115 0.57487 -1.43429 0.43564 0.25597 36.51861 21.90154 22.55436 37.06246 21.81871 21.25145
lin/ang/drive_left/drive_right/tv_l/tv_r/av_l/av_r/x/y/theta/tx/ty/ttheta: 0.57745 -1.50533 0.70561 0.51389 0.57539 -1.50861 0.48339 0.21031 36.95907 22.09254 21.72972 37.53071 21.99535 20.08610
lin/ang/drive_left/drive_right/tv_l/tv_r/av_l/av_r/x/y/theta/tx/ty/ttheta: 0.57823 -1.59962 0.77737 0.57370 0.57436 -1.60577 0.50372 0.19608 37.44251 22.31622 20.87062 38.00247 22.16245 18.92270
lin/ang/drive_left/drive_right/tv_l/tv_r/av_l/av_r/x/y/theta/tx/ty/ttheta: 0.58135 -1.70301 0.73871 0.51585 0.57573 -1.71188 0.52700 0.18222 37.88772 22.53505 19.93389 38.47753 22.31996 17.76399
lin/ang/drive_left/drive_right/tv_l/tv_r/av_l/av_r/x/y/theta/tx/ty/ttheta: 0.58598 -1.83488 0.87329 0.62593 0.57834 -1.84681 0.54514 0.16358 38.42608 22.78195 18.90040 39.05168 22.49629 16.38337
lin/ang/drive_left/drive_right/tv_l/tv_r/av_l/av_r/x/y/theta/tx/ty/ttheta: 0.59000 -1.93341 0.78676 0.49911 0.58077 -1.94769 0.57372 0.15639 38.88112 23.01614 17.72780 39.53329 22.63269 15.24387
lin/ang/drive_left/drive_right/tv_l/tv_r/av_l/av_r/x/y/theta/tx/ty/ttheta: 0.59138 -1.91639 0.83641 0.48481 0.58335 -1.93697 0.60761 0.13569 39.36944 23.19614 16.28025 40.01753 22.75954 14.11673
lin/ang/drive_left/drive_right/tv_l/tv_r/av_l/av_r/x/y/theta/tx/ty/ttheta: 0.57162 -1.79260 0.86308 0.45109 0.58678 -1.85144 0.61667 0.14664 39.86504 23.34302 14.57494 40.50417 22.87690 13.00398
lin/ang/drive_left/drive_right/tv_l/tv_r/av_l/av_r/x/y/theta/tx/ty/ttheta: 0.54893 -1.66721 0.94921 0.48147 0.58894 -1.76510 0.52411 0.18958 40.39890 23.52699 12.61258 40.99299 22.98486 11.90741
lin/ang/drive_left/drive_right/tv_l/tv_r/av_l/av_r/x/y/theta/tx/ty/ttheta: 0.53061 -1.52888 0.91329 0.44777 0.58580 -1.64667 0.35933 0.18444 40.91735 23.66165 10.59337 41.58215 23.10215 10.61512
lin/ang/drive_left/drive_right/tv_l/tv_r/av_l/av_r/x/y/theta/tx/ty/ttheta: 0.50747 -1.35260 0.86279 0.43230 0.56614 -1.47423 0.31400 0.18822 41.41739 23.75857 8.69915 42.07505 23.18982 9.55941
lin/ang/drive_left/drive_right/tv_l/tv_r/av_l/av_r/x/y/theta/tx/ty/ttheta: 0.48696 -1.22187 0.84379 0.48963 0.54446 -1.33729 0.28592 0.21014 41.93542 23.84131 7.09183 42.56948 23.26848 8.52423
lin/ang/drive_left/drive_right/tv_l/tv_r/av_l/av_r/x/y/theta/tx/ty/ttheta: 0.45562 -1.07284 0.79822 0.49546 0.51754 -1.19189 0.25633 0.19986 42.44150 23.89615 5.74462 42.96599 23.32503 7.71146
lin/ang/drive_left/drive_right/tv_l/tv_r/av_l/av_r/x/y/theta/tx/ty/ttheta: 0.43573 -0.96629 0.71526 0.46990 0.49577 -1.07791 0.27514 0.14733 42.90673 23.93068 4.62393 43.36328 23.37600 6.91280
lin/ang/drive_left/drive_right/tv_l/tv_r/av_l/av_r/x/y/theta/tx/ty/ttheta: 0.41283 -0.87128 0.69225 0.48066 0.47193 -0.97605 0.25186 0.12781 43.36954 23.93288 3.68833 43.86081 23.43200 5.93481
lin/ang/drive_left/drive_right/tv_l/tv_r/av_l/av_r/x/y/theta/tx/ty/ttheta: 0.38568 -0.75692 0.61176 0.41801 0.44970 -0.86525 0.25119 0.14969 43.77607 23.92503 2.84238 44.25948 23.47075 5.16897
lin/ang/drive_left/drive_right/tv_l/tv_r/av_l/av_r/x/y/theta/tx/ty/ttheta: 0.36239 -0.66959 0.62809 0.46285 0.42465 -0.77050 0.22056 0.13722 44.20635 23.91616 2.09606 44.65863 23.50421 4.41802
lin/ang/drive_left/drive_right/tv_l/tv_r/av_l/av_r/x/y/theta/tx/ty/ttheta: 0.32669 -0.56363 0.54562 0.39819 0.39566 -0.66966 0.20464 0.12372 44.57849 23.90371 1.44475 44.95827 23.52590 3.86468
lin/ang/drive_left/drive_right/tv_l/tv_r/av_l/av_r/x/y/theta/tx/ty/ttheta: 0.30641 -0.47823 0.51513 0.38574 0.37226 -0.57606 0.17742 0.05439 44.93373 23.88057 0.86956 45.25810 23.54472 3.31979
lin/ang/drive_left/drive_right/tv_l/tv_r/av_l/av_r/x/y/theta/tx/ty/ttheta: 0.27636 -0.37554 0.45715 0.32715 0.34915 -0.47913 0.15158 -0.06400 45.24287 23.85023 0.32651 45.55810 23.56071 2.78338
lin/ang/drive_left/drive_right/tv_l/tv_r/av_l/av_r/x/y/theta/tx/ty/ttheta: 0.25522 -0.27251 0.43205 0.27522 0.32530 -0.36866 0.14750 0.07958 45.52133 23.82298 -0.33142 45.85824 23.57391 2.25546
lin/ang/drive_left/drive_right/tv_l/tv_r/av_l/av_r/x/y/theta/tx/ty/ttheta: 0.22898 -0.15636 0.36643 0.23216 0.30579 -0.25858 0.12767 -0.02892 45.75672 23.79581 -0.92088 46.05838 23.58119 1.90823
lin/ang/drive_left/drive_right/tv_l/tv_r/av_l/av_r/x/y/theta/tx/ty/ttheta: 0.21527 -0.06246 0.32761 0.18937 0.28627 -0.15483 0.07733 0.06725 45.95985 23.77519 -1.52981 46.25857 23.58726 1.56475
lin/ang/drive_left/drive_right/tv_l/tv_r/av_l/av_r/x/y/theta/tx/ty/ttheta: 0.18127 0.02396 0.25871 0.18375 0.26188 -0.07761 -0.00086 -0.02394 46.13371 23.76161 -1.92269 46.35868 23.58984 1.39442
lin/ang/drive_left/drive_right/tv_l/tv_r/av_l/av_r/x/y/theta/tx/ty/ttheta: 0.18004 0.04971 0.18410 0.14242 0.24927 -0.03689 0.01472 0.08417 46.26189 23.74908 -2.13976 46.45879 23.59213 1.22503
lin/ang/drive_left/drive_right/tv_l/tv_r/av_l/av_r/x/y/theta/tx/ty/ttheta: 0.16128 0.05264 0.14705 0.15923 0.23634 -0.03974 -0.01472 -0.08608 46.38239 23.74441 -2.14328 46.55891 23.59413 1.05656
lin/ang/drive_left/drive_right/tv_l/tv_r/av_l/av_r/x/y/theta/tx/ty/ttheta: 0.14291 0.05315 0.06972 0.06970 0.22556 -0.04689 0.03867 0.11397 46.43726 23.74307 -2.12432 46.65905 23.59582 0.88903
lin/ang/drive_left/drive_right/tv_l/tv_r/av_l/av_r/x/y/theta/tx/ty/ttheta: 0.13996 0.05018 0.07884 0.09189 0.22260 -0.04986 -0.08369 -0.06808 46.50437 23.73902 -2.08678 46.65905 23.59582 0.88903
lin/ang/drive_left/drive_right/tv_l/tv_r/av_l/av_r/x/y/theta/tx/ty/ttheta: 0.14293 0.01265 0.02887 0.05262 0.21193 -0.07028 0.00169 -0.05528 46.53655 23.74098 -2.00173 46.75917 23.59723 0.72241
lin/ang/drive_left/drive_right/tv_l/tv_r/av_l/av_r/x/y/theta/tx/ty/ttheta: 0.14292 0.00626 -0.00538 0.00529 0.21193 -0.07667 0.13347 0.13244 46.53647 23.73988 -1.94630 46.75917 23.59723 0.72241
lin/ang/drive_left/drive_right/tv_l/tv_r/av_l/av_r/x/y/theta/tx/ty/ttheta: 0.14225 0.00541 0.01587 0.02290 0.21125 -0.07752 0.14803 0.15125 46.55162 23.73631 -1.90661 46.75917 23.59723 0.72241
lin/ang/drive_left/drive_right/tv_l/tv_r/av_l/av_r/x/y/theta/tx/ty/ttheta: 0.14045 0.01749 0.06088 0.04382 0.20945 -0.06544 0.14064 0.14700 46.59274 23.73278 -1.96511 46.75917 23.59723 0.72241
lin/ang/drive_left/drive_right/tv_l/tv_r/av_l/av_r/x/y/theta/tx/ty/ttheta: 0.11805 0.03967 0.08209 0.06543 0.19658 -0.05311 0.13825 0.14456 46.65070 23.72819 -2.03515 46.85931 23.59835 0.55674
lin/ang/drive_left/drive_right/tv_l/tv_r/av_l/av_r/x/y/theta/tx/ty/ttheta: 0.11565 0.05791 0.07996 0.05965 0.19417 -0.03486 0.03353 0.10403 46.70551 23.72295 -2.12350 46.85931 23.59835 0.55674
lin/ang/drive_left/drive_right/tv_l/tv_r/av_l/av_r/x/y/theta/tx/ty/ttheta: 0.08529 0.07786 0.08816 0.08664 0.17947 -0.03146 -0.01556 -0.07375 46.77425 23.71964 -2.14374 46.95945 23.59918 0.39197
lin/ang/drive_left/drive_right/tv_l/tv_r/av_l/av_r/x/y/theta/tx/ty/ttheta: 0.08673 0.06171 0.08421 0.08657 0.16305 -0.02628 0.10814 0.11394 46.84133 23.71413 -2.14022 47.05959 23.59972 0.22815
lin/ang/drive_left/drive_right/tv_l/tv_r/av_l/av_r/x/y/theta/tx/ty/ttheta: 0.08398 0.05708 0.07263 0.08616 0.16031 -0.03090 0.11311 0.12083 46.90376 23.71046 -2.09205 47.05959 23.59972 0.22815
lin/ang/drive_left/drive_right/tv_l/tv_r/av_l/av_r/x/y/theta/tx/ty/ttheta: 0.00433 0.14076 0.07539 0.07989 0.13727 -0.00911 0.11003 0.12097 46.96467 23.70341 -2.05829 47.05959 23.59972 0.22815
lin/ang/drive_left/drive_right/tv_l/tv_r/av_l/av_r/x/y/theta/tx/ty/ttheta: 0.00557 0.12048 0.08552 0.09667 0.11427 -0.00137 0.04997 0.10778 47.03620 23.69636 -2.01514 47.15973 23.59997 0.06524
lin/ang/drive_left/drive_right/tv_l/tv_r/av_l/av_r/x/y/theta/tx/ty/ttheta: 0.00322 0.12290 0.06238 0.07303 0.11192 0.00105 -0.08161 0.08831 47.08931 23.68992 -1.97432 47.15973 23.59997 0.06524
lin/ang/drive_left/drive_right/tv_l/tv_r/av_l/av_r/x/y/theta/tx/ty/ttheta: 0.00257 0.11304 0.05878 0.08097 0.07954 0.02724 -0.09256 0.08831 47.14399 23.67908 -1.88779 47.20000 23.60000 359.99998
lin/ang/drive_left/drive_right/tv_l/tv_r/av_l/av_r/x/y/theta/tx/ty/ttheta: 0.00063 0.10165 0.03775 0.07412 0.07760 0.01585 -0.08781 0.08814 47.18791 23.67462 -1.76244 47.20000 23.60000 359.99998
lin/ang/drive_left/drive_right/tv_l/tv_r/av_l/av_r/x/y/theta/tx/ty/ttheta: -0.00045 0.06025 -0.00711 0.06883 0.07652 -0.02554 -0.08572 0.08728 47.21223 23.67534 -1.47252 47.20000 23.60000 359.99998
lin/ang/drive_left/drive_right/tv_l/tv_r/av_l/av_r/x/y/theta/tx/ty/ttheta: -0.00127 0.00972 -0.02470 0.07079 0.07570 -0.07608 -0.08522 0.08519 47.23032 23.67401 -1.08078 47.20000 23.60000 359.99998
lin/ang/drive_left/drive_right/tv_l/tv_r/av_l/av_r/x/y/theta/tx/ty/ttheta: -0.00194 -0.04649 -0.02272 0.06044 0.07503 -0.13229 -0.07956 0.07939 47.24520 23.67705 -0.70211 47.20000 23.60000 359.99998
lin/ang/drive_left/drive_right/tv_l/tv_r/av_l/av_r/x/y/theta/tx/ty/ttheta: -0.00236 -0.09852 -0.02054 0.04342 0.07462 -0.18432 -0.05578 0.03078 47.25428 23.68447 -0.41182 47.20000 23.60000 359.99998
lin/ang/drive_left/drive_right/tv_l/tv_r/av_l/av_r/x/y/theta/tx/ty/ttheta: -0.00250 -0.13968 -0.01633 0.02391 0.07447 -0.22547 0.07481 -0.07889 47.25730 23.69205 -0.20454 47.20000 23.60000 359.99998
lin/ang/drive_left/drive_right/tv_l/tv_r/av_l/av_r/x/y/theta/tx/ty/ttheta: -0.00250 -0.15587 -0.00638 0.00623 0.07447 -0.24166 0.09069 -0.09000 47.25725 23.69504 -0.12298 47.20000 23.60000 359.99998
lin/ang/drive_left/drive_right/tv_l/tv_r/av_l/av_r/x/y/theta/tx/ty/ttheta: -0.00257 -0.14787 0.01048 -0.00644 0.07440 -0.23367 0.09444 -0.09139 47.25884 23.69356 -0.16328 47.20000 23.60000 359.99998
lin/ang/drive_left/drive_right/tv_l/tv_r/av_l/av_r/x/y/theta/tx/ty/ttheta: -0.00256 -0.10344 0.03241 -0.03201 0.07441 -0.18924 0.08761 -0.08778 47.25896 23.68536 -0.38712 47.20000 23.60000 359.99998
lin/ang/drive_left/drive_right/tv_l/tv_r/av_l/av_r/x/y/theta/tx/ty/ttheta: -0.00268 -0.02825 0.04990 -0.04173 0.07429 -0.11404 0.08642 -0.08675 47.26203 23.67143 -0.76607 47.20000 23.60000 359.99998
lin/ang/drive_left/drive_right/tv_l/tv_r/av_l/av_r/x/y/theta/tx/ty/ttheta: -0.00267 0.04460 0.04187 -0.04121 0.07430 -0.04120 0.08711 -0.08333 47.26207 23.65797 -1.13327 47.20000 23.60000 359.99998
lin/ang/drive_left/drive_right/tv_l/tv_r/av_l/av_r/x/y/theta/tx/ty/ttheta: -0.00267 0.11254 0.03936 -0.03875 0.07430 0.02674 0.07836 -0.00667 47.26202 23.64542 -1.47574 47.20000 23.60000 359.99998
lin/ang/drive_left/drive_right/tv_l/tv_r/av_l/av_r/x/y/theta/tx/ty/ttheta: -0.00267 0.14955 0.02356 -0.02313 0.07430 0.06375 -0.07206 0.08008 47.26211 23.64262 -1.71778 47.20000 23.60000 359.99998
lin/ang/drive_left/drive_right/tv_l/tv_r/av_l/av_r/x/y/theta/tx/ty/ttheta: -0.00267 0.16454 0.00421 -0.00407 0.07430 0.07874 -0.09019 0.09050 47.26207 23.63985 -1.79336 47.20000 23.60000 359.99998
lin/ang/drive_left/drive_right/tv_l/tv_r/av_l/av_r/x/y/theta/tx/ty/ttheta: -0.00267 0.14838 -0.01401 0.01386 0.07430 0.06258 -0.09342 0.09136 47.26211 23.64284 -1.71191 47.20000 23.60000 359.99998
lin/ang/drive_left/drive_right/tv_l/tv_r/av_l/av_r/x/y/theta/tx/ty/ttheta: -0.00267 0.09511 -0.03810 0.03763 0.07430 0.00931 -0.09069 0.08642 47.26219 23.65268 -1.44338 47.20000 23.60000 359.99998
lin/ang/drive_left/drive_right/tv_l/tv_r/av_l/av_r/x/y/theta/tx/ty/ttheta: -0.00268 0.01366 -0.04909 0.04836 0.07429 -0.07214 -0.08778 0.08592 47.26223 23.66773 -1.03281 47.20000 23.60000 359.99998
lin/ang/drive_left/drive_right/tv_l/tv_r/av_l/av_r/x/y/theta/tx/ty/ttheta: -0.00276 -0.07218 -0.04978 0.05299 0.07421 -0.15797 -0.08708 0.00753 47.26372 23.68357 -0.60004 47.20000 23.60000 359.99998
lin/ang/drive_left/drive_right/tv_l/tv_r/av_l/av_r/x/y/theta/tx/ty/ttheta: -0.00277 -0.14970 -0.04249 0.04180 0.07420 -0.23550 -0.03047 -0.07975 47.26355 23.69790 -0.20913 47.20000 23.60000 359.99998
lin/ang/drive_left/drive_right/tv_l/tv_r/av_l/av_r/x/y/theta/tx/ty/ttheta: -0.00279 -0.19857 -0.02379 0.02335 0.07419 -0.28437 0.07628 -0.09050 47.26339 23.70693 0.03731 47.20000 23.60000 359.99998
lin/ang/drive_left/drive_right/tv_l/tv_r/av_l/av_r/x/y/theta/tx/ty/ttheta: -0.00279 -0.21005 -0.00093 0.00083 0.07418 -0.29585 0.09050 -0.09275 47.26334 23.70905 0.09520 47.20000 23.60000 359.99998
lin/ang/drive_left/drive_right/tv_l/tv_r/av_l/av_r/x/y/theta/tx/ty/ttheta: -0.00278 -0.17715 0.02557 -0.02528 0.07419 -0.26295 0.09308 -0.09136 47.26346 23.70297 -0.07069 47.20000 23.60000 359.99998
lin/ang/drive_left/drive_right/tv_l/tv_r/av_l/av_r/x/y/theta/tx/ty/ttheta: -0.00276 -0.10399 0.04722 -0.04657 0.07421 -0.18979 0.08728 -0.09342 47.26366 23.68945 -0.43963 47.20000 23.60000 359.99998
lin/ang/drive_left/drive_right/tv_l/tv_r/av_l/av_r/x/y/theta/tx/ty/ttheta: -0.00275 -0.02385 0.04671 -0.04599 0.07422 -0.10965 0.08644 -0.08761 47.26378 23.67464 -0.84371 47.20000 23.60000 359.99998
lin/ang/drive_left/drive_right/tv_l/tv_r/av_l/av_r/x/y/theta/tx/ty/ttheta: -0.00274 0.04984 0.04259 -0.04193 0.07423 -0.03596 0.08592 -0.08486 47.26379 23.66102 -1.21526 47.20000 23.60000 359.99998
lin/ang/drive_left/drive_right/tv_l/tv_r/av_l/av_r/x/y/theta/tx/ty/ttheta: -0.00274 0.11563 0.03735 -0.03676 0.07423 0.02983 0.05339 -0.03100 47.26373 23.64886 -1.54699 47.20000 23.60000 359.99998
lin/ang/drive_left/drive_right/tv_l/tv_r/av_l/av_r/x/y/theta/tx/ty/ttheta: -0.00274 0.16098 0.02182 -0.02141 0.07423 0.07518 -0.07633 0.07664 47.26365 23.64048 -1.77562 47.20000 23.60000 359.99998
lin/ang/drive_left/drive_right/tv_l/tv_r/av_l/av_r/x/y/theta/tx/ty/ttheta: -0.00281 0.16839 0.00083 0.00321 0.07417 0.08259 -0.09103 0.09067 47.26519 23.63906 -1.81300 47.20000 23.60000 359.99998
lin/ang/drive_left/drive_right/tv_l/tv_r/av_l/av_r/x/y/theta/tx/ty/ttheta: -0.00281 0.14529 -0.01730 0.01709 0.07417 0.05949 -0.09531 0.09328 47.26524 23.64333 -1.69649 47.20000 23.60000 359.99998
lin/ang/drive_left/drive_right/tv_l/tv_r/av_l/av_r/x/y/theta/tx/ty/ttheta: -0.00281 0.08518 -0.04302 0.04248 0.07416 -0.00062 -0.08914 0.08644 47.26533 23.65444 -1.39332 47.20000 23.60000 359.99998
lin/ang/drive_left/drive_right/tv_l/tv_r/av_l/av_r/x/y/theta/tx/ty/ttheta: -0.00282 -0.00382 -0.05356 0.05277 0.07415 -0.08962 -0.08678 0.08247 47.26535 23.67090 -0.94447 47.20000 23.60000 359.99998
lin/ang/drive_left/drive_right/tv_l/tv_r/av_l/av_r/x/y/theta/tx/ty/ttheta: -0.00283 -0.09621 -0.05430 0.05347 0.07414 -0.18201 -0.08539 0.00872 47.26524 23.68798 -0.47851 47.20000 23.60000 359.99998
lin/ang/drive_left/drive_right/tv_l/tv_r/av_l/av_r/x/y/theta/tx/ty/ttheta: -0.00285 -0.17400 -0.04195 0.04126 0.07412 -0.25980 -0.02394 -0.07992 47.26504 23.70236 -0.08615 47.20000 23.60000 359.99998
lin/ang/drive_left/drive_right/tv_l/tv_r/av_l/av_r/x/y/theta/tx/ty/ttheta: -0.00286 -0.21995 -0.02174 0.02133 0.07411 -0.30575 0.08247 -0.09067 47.26487 23.71085 0.14562 47.20000 23.60000 359.99998
lin/ang/drive_left/drive_right/tv_l/tv_r/av_l/av_r/x/y/theta/tx/ty/ttheta: -0.00286 -0.22388 0.00367 -0.00370 0.07411 -0.30968 0.09239 -0.09803 47.26485 23.71158 0.16545 47.20000 23.60000 359.99998
lin/ang/drive_left/drive_right/tv_l/tv_r/av_l/av_r/x/y/theta/tx/ty/ttheta: -0.00285 -0.18598 0.02938 -0.02904 0.07412 -0.27178 0.09461 -0.09858 47.26500 23.70457 -0.02575 47.20000 23.60000 359.99998
lin/ang/drive_left/drive_right/tv_l/tv_r/av_l/av_r/x/y/theta/tx/ty/ttheta: -0.00283 -0.10944 0.04800 -0.04732 0.07414 -0.19524 0.08744 -0.09208 47.26521 23.69042 -0.41180 47.20000 23.60000 359.99998
lin/ang/drive_left/drive_right/tv_l/tv_r/av_l/av_r/x/y/theta/tx/ty/ttheta: -0.00282 -0.02756 0.04871 -0.04798 0.07415 -0.11336 0.08744 -0.08725 47.26534 23.67528 -0.82478 47.20000 23.60000 359.99998
lin/ang/drive_left/drive_right/tv_l/tv_r/av_l/av_r/x/y/theta/tx/ty/ttheta: -0.00281 0.03229 0.02275 -0.02221 0.07416 -0.05350 0.08506 -0.08522 47.26536 23.66422 -1.12663 47.20000 23.60000 359.99998
lin/ang/drive_left/drive_right/tv_l/tv_r/av_l/av_r/x/y/theta/tx/ty/ttheta: -0.00281 0.09889 0.03746 -0.03686 0.07416 0.01309 0.05389 -0.02958 47.26531 23.65191 -1.46247 47.20000 23.60000 359.99998
lin/ang/drive_left/drive_right/tv_l/tv_r/av_l/av_r/x/y/theta/tx/ty/ttheta: -0.00281 0.14950 0.02563 -0.02518 0.07417 0.06370 -0.07478 0.07833 47.26523 23.64255 -1.71772 47.20000 23.60000 359.99998
lin/ang/drive_left/drive_right/tv_l/tv_r/av_l/av_r/x/y/theta/tx/ty/ttheta: -0.00281 0.16124 0.00121 -0.00110 0.07417 0.07544 -0.09050 0.09050 47.26521 23.64038 -1.77694 47.20000 23.60000 359.99998
lin/ang/drive_left/drive_right/tv_l/tv_r/av_l/av_r/x/y/theta/tx/ty/ttheta: -0.00281 0.13894 -0.01763 0.01743 0.07417 0.05314 -0.09461 0.09328 47.26525 23.64450 -1.66447 47.20000 23.60000 359.99998
lin/ang/drive_left/drive_right/tv_l/tv_r/av_l/av_r/x/y/theta/tx/ty/ttheta: -0.00281 0.08747 -0.03559 0.03513 0.07416 0.00168 -0.09000 0.08950 47.26533 23.65402 -1.40492 47.20000 23.60000 359.99998
lin/ang/drive_left/drive_right/tv_l/tv_r/av_l/av_r/x/y/theta/tx/ty/ttheta: -0.00282 0.00080 -0.05455 0.05377 0.07416 -0.08500 -0.08678 0.08436 47.26535 23.67004 -0.96777 47.20000 23.60000 359.99998
lin/ang/drive_left/drive_right/tv_l/tv_r/av_l/av_r/x/y/theta/tx/ty/ttheta: -0.00283 -0.09509 -0.05685 0.05599 0.07414 -0.18089 -0.08625 0.03319 47.26524 23.68777 -0.48417 47.20000 23.60000 359.99998
lin/ang/drive_left/drive_right/tv_l/tv_r/av_l/av_r/x/y/theta/tx/ty/ttheta: -0.00285 -0.18095 -0.04717 0.04640 0.07412 -0.26675 -0.05253 -0.07803 47.26501 23.70364 -0.05109 47.20000 23.60000 359.99998
lin/ang/drive_left/drive_right/tv_l/tv_r/av_l/av_r/x/y/theta/tx/ty/ttheta: -0.00286 -0.23587 -0.02663 0.02614 0.07411 -0.32167 0.08144 -0.09050 47.26480 23.71380 0.22593 47.20000 23.60000 359.99998
lin/ang/drive_left/drive_right/tv_l/tv_r/av_l/av_r/x/y/theta/tx/ty/ttheta: -0.00287 -0.24165 -0.00013 0.00004 0.07410 -0.32744 0.09122 -0.09581 47.26477 23.71290 0.28203 47.20000 23.60000 359.99998
lin/ang/drive_left/drive_right/tv_l/tv_r/av_l/av_r/x/y/theta/tx/ty/ttheta: -0.00286 -0.20875 0.02576 -0.02546 0.07411 -0.29454 0.09497 -0.09942 47.26491 23.70682 0.11607 47.20000 23.60000 359.99998
lin/ang/drive_left/drive_right/tv_l/tv_r/av_l/av_r/x/y/theta/tx/ty/ttheta: -0.00284 -0.14299 0.04649 -0.04585 0.07413 -0.22878 0.08764 -0.09858 47.26514 23.69662 -0.24260 47.20000 23.60000 359.99998
lin/ang/drive_left/drive_right/tv_l/tv_r/av_l/av_r/x/y/theta/tx/ty/ttheta: -0.00282 -0.05725 0.05181 -0.05104 0.07415 -0.14305 0.08694 -0.09394 47.26531 23.68077 -0.67502 47.20000 23.60000 359.99998
lin/ang/drive_left/drive_right/tv_l/tv_r/av_l/av_r/x/y/theta/tx/ty/ttheta: -0.00281 0.02760 0.04852 -0.04776 0.07416 -0.05820 0.08539 -0.08725 47.26537 23.66509 -1.10295 47.20000 23.60000 359.99998
lin/ang/drive_left/drive_right/tv_l/tv_r/av_l/av_r/x/y/theta/tx/ty/ttheta: -0.00274 0.09896 0.03833 -0.04166 0.07423 0.01316 0.03047 -0.03522 47.26376 23.65193 -1.46283 47.20000 23.60000 359.99998
lin/ang/drive_left/drive_right/tv_l/tv_r/av_l/av_r/x/y/theta/tx/ty/ttheta: -0.00274 0.15062 0.02579 -0.02533 0.07423 0.06482 -0.07736 0.07958 47.26368 23.64238 -1.72330 47.20000 23.60000 359.99998
lin/ang/drive_left/drive_right/tv_l/tv_r/av_l/av_r/x/y/theta/tx/ty/ttheta: -0.00274 0.16830 0.00134 -0.00123 0.07423 0.08251 -0.09139 0.09119 47.26356 23.63715 -1.78548 47.20000 23.60000 359.99998
lin/ang/drive_left/drive_right/tv_l/tv_r/av_l/av_r/x/y/theta/tx/ty/ttheta: -0.00274 0.13908 -0.01863 0.01842 0.07423 0.05329 -0.09497 0.09225 47.26370 23.64451 -1.66513 47.20000 23.60000 359.99998
lin/ang/drive_left/drive_right/tv_l/tv_r/av_l/av_r/x/y/theta/tx/ty/ttheta: -0.00274 0.08756 -0.03928 0.03877 0.07423 0.00176 -0.08914 0.08983 47.26370 23.65207 -1.37839 47.20000 23.60000 359.99998
lin/ang/drive_left/drive_right/tv_l/tv_r/av_l/av_r/x/y/theta/tx/ty/ttheta: -0.00275 -0.01057 -0.05828 0.05745 0.07422 -0.09637 -0.08711 0.08333 47.26378 23.67218 -0.91058 47.20000 23.60000 359.99998
lin/ang/drive_left/drive_right/tv_l/tv_r/av_l/av_r/x/y/theta/tx/ty/ttheta: -0.00276 -0.10901 -0.05714 0.05626 0.07421 -0.19480 -0.08522 0.00822 47.26364 23.69037 -0.41423 47.20000 23.60000 359.99998
lin/ang/drive_left/drive_right/tv_l/tv_r/av_l/av_r/x/y/theta/tx/ty/ttheta: -0.00278 -0.19587 -0.04788 0.04710 0.07419 -0.28167 -0.02686 -0.08028 47.26339 23.70643 0.02381 47.20000 23.60000 359.99998
lin/ang/drive_left/drive_right/tv_l/tv_r/av_l/av_r/x/y/theta/tx/ty/ttheta: -0.00280 -0.24787 -0.02435 0.02389 0.07417 -0.33367 0.08231 -0.09067 47.26318 23.71604 0.28602 47.20000 23.60000 359.99998
lin/ang/drive_left/drive_right/tv_l/tv_r/av_l/av_r/x/y/theta/tx/ty/ttheta: -0.00280 -0.25448 0.00247 -0.00253 0.07417 -0.34028 0.09736 -0.09600 47.26315 23.71726 0.31937 47.20000 23.60000 359.99998
lin/ang/drive_left/drive_right/tv_l/tv_r/av_l/av_r/x/y/theta/tx/ty/ttheta: -0.00265 -0.21550 0.02553 -0.03313 0.07432 -0.30130 0.10406 -0.09822 47.26019 23.71005 0.12284 47.20000 23.60000 359.99998
lin/ang/drive_left/drive_right/tv_l/tv_r/av_l/av_r/x/y/theta/tx/ty/ttheta: -0.00250 -0.13041 0.04720 -0.05399 0.07447 -0.21621 0.09669 -0.09856 47.25750 23.69236 -0.27894 47.20000 23.60000 359.99998
lin/ang/drive_left/drive_right/tv_l/tv_r/av_l/av_r/x/y/theta/tx/ty/ttheta: -0.00242 -0.04150 0.05094 -0.05412 0.07455 -0.12729 0.08794 -0.09636 47.25610 23.67596 -0.72683 47.20000 23.60000 359.99998
lin/ang/drive_left/drive_right/tv_l/tv_r/av_l/av_r/x/y/theta/tx/ty/ttheta: -0.00241 0.04631 0.05071 -0.04993 0.07456 -0.03949 0.08556 -0.08589 47.25614 23.65975 -1.16901 47.20000 23.60000 359.99998
lin/ang/drive_left/drive_right/tv_l/tv_r/av_l/av_r/x/y/theta/tx/ty/ttheta: -0.00241 0.11868 0.04036 -0.03971 0.07457 0.03288 0.05422 -0.03117 47.25608 23.64639 -1.53347 47.20000 23.60000 359.99998
lin/ang/drive_left/drive_right/tv_l/tv_r/av_l/av_r/x/y/theta/tx/ty/ttheta: -0.00234 0.17127 0.02349 -0.02699 0.07463 0.08547 -0.07581 0.07697 47.25442 23.63673 -1.79827 47.20000 23.60000 359.99998
lin/ang/drive_left/drive_right/tv_l/tv_r/av_l/av_r/x/y/theta/tx/ty/ttheta: -0.00234 0.17588 -0.00008 0.00017 0.07463 0.09009 -0.09222 0.09033 47.25449 23.63785 -1.84845 47.20000 23.60000 359.99998
lin/ang/drive_left/drive_right/tv_l/tv_r/av_l/av_r/x/y/theta/tx/ty/ttheta: -0.00234 0.14875 -0.02074 0.02049 0.07463 0.06295 -0.09514 0.09378 47.25455 23.64285 -1.71183 47.20000 23.60000 359.99998
lin/ang/drive_left/drive_right/tv_l/tv_r/av_l/av_r/x/y/theta/tx/ty/ttheta: -0.00234 0.09733 -0.03878 0.03827 0.07463 0.01153 -0.08950 0.09086 47.25456 23.65038 -1.42605 47.20000 23.60000 359.99998
lin/ang/drive_left/drive_right/tv_l/tv_r/av_l/av_r/x/y/theta/tx/ty/ttheta: -0.00235 -0.00327 -0.05964 0.05879 0.07462 -0.08907 -0.08711 0.08711 47.25465 23.67091 -0.94646 47.20000 23.60000 359.99998
lin/ang/drive_left/drive_right/tv_l/tv_r/av_l/av_r/x/y/theta/tx/ty/ttheta: -0.00236 -0.09958 -0.05960 0.05870 0.07461 -0.18537 -0.08572 0.03642 47.25448 23.68672 -0.43465 47.20000 23.60000 359.99998
lin/ang/drive_left/drive_right/tv_l/tv_r/av_l/av_r/x/y/theta/tx/ty/ttheta: -0.00238 -0.18980 -0.04914 0.04833 0.07459 -0.27560 -0.03150 -0.07683 47.25422 23.70337 0.01966 47.20000 23.60000 359.99998
lin/ang/drive_left/drive_right/tv_l/tv_r/av_l/av_r/x/y/theta/tx/ty/ttheta: -0.00240 -0.25037 -0.02637 0.02587 0.07457 -0.33617 0.08386 -0.09033 47.25400 23.71652 0.29771 47.20000 23.60000 359.99998
lin/ang/drive_left/drive_right/tv_l/tv_r/av_l/av_r/x/y/theta/tx/ty/ttheta: -0.00240 -0.26013 0.00098 -0.00107 0.07457 -0.34593 0.09653 -0.09650 47.25395 23.71832 0.34687 47.20000 23.60000 359.99998
lin/ang/drive_left/drive_right/tv_l/tv_r/av_l/av_r/x/y/theta/tx/ty/ttheta: -0.00212 -0.22081 0.02263 -0.03773 0.07485 -0.30660 0.10300 -0.09978 47.24804 23.71104 0.14892 47.20000 23.60000 359.99998
lin/ang/drive_left/drive_right/tv_l/tv_r/av_l/av_r/x/y/theta/tx/ty/ttheta: -0.00210 -0.13590 0.05082 -0.05012 0.07487 -0.22170 0.09789 -0.09842 47.24831 23.69342 -0.25128 47.20000 23.60000 359.99998
lin/ang/drive_left/drive_right/tv_l/tv_r/av_l/av_r/x/y/theta/tx/ty/ttheta: -0.00209 -0.04915 0.05414 -0.05332 0.07489 -0.13495 0.08811 -0.09172 47.24851 23.67939 -0.71456 47.20000 23.60000 359.99998
lin/ang/drive_left/drive_right/tv_l/tv_r/av_l/av_r/x/y/theta/tx/ty/ttheta: -0.00207 0.03808 0.05026 -0.04948 0.07490 -0.04772 0.08542 -0.08317 47.24855 23.66331 -1.15332 47.20000 23.60000 359.99998
lin/ang/drive_left/drive_right/tv_l/tv_r/av_l/av_r/x/y/theta/tx/ty/ttheta: -0.00200 0.11141 0.03916 -0.04248 0.07497 0.02561 0.01008 -0.00567 47.24693 23.64983 -1.52214 47.20000 23.60000 359.99998
lin/ang/drive_left/drive_right/tv_l/tv_r/av_l/av_r/x/y/theta/tx/ty/ttheta: -0.00200 0.16124 0.02351 -0.02307 0.07497 0.07544 -0.07906 0.07975 47.24684 23.64064 -1.77271 47.20000 23.60000 359.99998
lin/ang/drive_left/drive_right/tv_l/tv_r/av_l/av_r/x/y/theta/tx/ty/ttheta: -0.00200 0.16684 -0.00303 0.00308 0.07497 0.08104 -0.09156 0.09067 47.24683 23.63961 -1.80085 47.20000 23.60000 359.99998
lin/ang/drive_left/drive_right/tv_l/tv_r/av_l/av_r/x/y/theta/tx/ty/ttheta: -0.00200 0.13774 -0.02096 0.02070 0.07497 0.05194 -0.09514 0.09531 47.24689 23.64497 -1.65453 47.20000 23.60000 359.99998
lin/ang/drive_left/drive_right/tv_l/tv_r/av_l/av_r/x/y/theta/tx/ty/ttheta: -0.00200 0.07770 -0.04172 0.04118 0.07497 -0.00810 -0.09086 0.08983 47.24697 23.65604 -1.35262 47.20000 23.60000 359.99998
lin/ang/drive_left/drive_right/tv_l/tv_r/av_l/av_r/x/y/theta/tx/ty/ttheta: -0.00201 -0.01411 -0.06010 0.05923 0.07496 -0.09991 -0.08694 0.08317 47.24691 23.67100 -0.86405 47.20000 23.60000 359.99998
lin/ang/drive_left/drive_right/tv_l/tv_r/av_l/av_r/x/y/theta/tx/ty/ttheta: -0.00203 -0.11615 -0.05966 0.05875 0.07494 -0.20195 -0.03867 0.00819 47.24675 23.68981 -0.35092 47.20000 23.60000 359.99998
lin/ang/drive_left/drive_right/tv_l/tv_r/av_l/av_r/x/y/theta/tx/ty/ttheta: -0.00205 -0.19941 -0.04339 0.04265 0.07493 -0.28521 0.07683 -0.07906 47.24650 23.70515 0.06779 47.20000 23.60000 359.99998
lin/ang/drive_left/drive_right/tv_l/tv_r/av_l/av_r/x/y/theta/tx/ty/ttheta: -0.00206 -0.24095 -0.01830 0.01793 0.07491 -0.32674 0.09169 -0.09050 47.24633 23.71281 0.27671 47.20000 23.60000 359.99998
lin/ang/drive_left/drive_right/tv_l/tv_r/av_l/av_r/x/y/theta/tx/ty/ttheta: -0.00206 -0.23761 0.00832 -0.00829 0.07492 -0.32341 0.09633 -0.09856 47.24634 23.71220 0.25994 47.20000 23.60000 359.99998
lin/ang/drive_left/drive_right/tv_l/tv_r/av_l/av_r/x/y/theta/tx/ty/ttheta: -0.00204 -0.19009 0.03906 -0.03858 0.07493 -0.27589 0.10058 -0.09872 47.24654 23.70540 -0.00597 47.20000 23.60000 359.99998
lin/ang/drive_left/drive_right/tv_l/tv_r/av_l/av_r/x/y/theta/tx/ty/ttheta: -0.00202 -0.09506 0.05447 -0.05367 0.07495 -0.18085 0.09511 -0.09189 47.24677 23.68592 -0.45700 47.20000 23.60000 359.99998
lin/ang/drive_left/drive_right/tv_l/tv_r/av_l/av_r/x/y/theta/tx/ty/ttheta: -0.00201 -0.00736 0.05125 -0.05047 0.07496 -0.09316 0.08831 -0.08692 47.24689 23.66975 -0.89800 47.20000 23.60000 359.99998
lin/ang/drive_left/drive_right/tv_l/tv_r/av_l/av_r/x/y/theta/tx/ty/ttheta: -0.00200 0.07264 0.04483 -0.04411 0.07497 -0.01315 0.03917 -0.08300 47.24688 23.65500 -1.30030 47.20000 23.60000 359.99998
lin/ang/drive_left/drive_right/tv_l/tv_r/av_l/av_r/x/y/theta/tx/ty/ttheta: -0.00193 0.13006 0.03181 -0.03523 0.07504 0.04427 -0.07753 0.00069 47.24533 23.64643 -1.61589 47.20000 23.60000 359.99998
lin/ang/drive_left/drive_right/tv_l/tv_r/av_l/av_r/x/y/theta/tx/ty/ttheta: -0.00193 0.15988 0.01089 -0.01063 0.07504 0.07408 -0.09122 0.08061 47.24527 23.64093 -1.76577 47.20000 23.60000 359.99998
lin/ang/drive_left/drive_right/tv_l/tv_r/av_l/av_r/x/y/theta/tx/ty/ttheta: -0.00193 0.14682 -0.01285 0.01273 0.07504 0.06103 -0.09497 0.09103 47.24530 23.64334 -1.70014 47.20000 23.60000 359.99998
WARNING - pros.serial.terminal.terminal:reader - Connection to /dev/ttyACM1 broken - pros-cli version:3.5.6
WARNING - pros.serial.terminal.terminal:stop - Stopping terminal - pros-cli version:3.5.6

[tomas@nixbtw:~/projects/Robotics/current/libs/lyfast]$

