
[tomas@nixbtw:~/projects/Robotics/current/libs/lyfast]$ t
Not sending analytics for this command.

Established terminal connection



         _+=+_
      .-`  .  `-.          8888888b.  8888888b.   .d88888b.   .d8888b.
   _+`     "     `+_       888   Y88b 888   Y88b d88P" "Y88b d88P  Y88b
  \\\sssssssssssss///      888    888 888    888 888     888 Y88b.
     .ss\  *  /ss.         888   d88P 888   d88P 888     888  "Y888b.
 .+bm  .s  *  s.  md+.     8888888P"  8888888P"  888     888     "Y88b.
.hMMMMs .  *  . sMMMMh.    888        888 T88b   888     888       "888
 `\hMMMb \ | / dMMMh:      888        888  T88b  Y88b. .d88P Y88b  d88P
   -SNMNo  -  oNMNs-       888        888   T88b  "Y88888P"   "Y8888P"
     `+dMh\./dMd/
        `:yNy:`                      Powered by PROS for VEX V5
           "                Copyright (c) Purdue University ACM SIGBots
Version:        4.2.1     Platform:  V1.1.5 (b18)     Uptime:    0.000 s
Compiled:   Jan  1 1980 00:00:00     Directory:


total distance: 78.136703
delta_distance: 0.100000
allocated for points 791
adding points:1580
isolated constraints:2186
forwards pass:2612
backwards pass:6802
travel times:6898
final time:6909
a_{kin}=\left[9999.99,9999.99,9999.99,9999.99,9999.99,9999.99,9999.99,9999.99,9999.99,9999.99,9999.99,9999.99,9999.99,9999.99,9999.99,9999.99,9999.99,9999.99,9999.99,9999.99,9999.99,9999.99,9999.99,9999.99,9999.99,9999.99,9999.99,9999.99,9999.99,9999.99,9999.99,9999.99,9999.99,9999.99,9999.99,9999.99,9999.99,9999.99,9999.99,9999.99,9999.99,9999.99,9999.99,9999.99,9999.99,9999.99,9999.99,9999.99,9999.99,9999.99,9999.99,9999.99,9999.99,9999.99,9999.99,9999.99,9999.99,9999.99,9999.99,9999.99,9999.99,9999.99,9999.99,9999.99,9999.99,9999.99,9999.99,9999.99,9999.99,9999.99,9999.99,9999.99,9999.99,9999.99,9999.99,9999.99,9999.99,9999.99,9999.99,9999.99,9999.99,9999.99,9999.99,9999.99,9999.99,9999.99,9999.99,9999.99,9999.99,9999.99,9999.99,9999.99,9999.99,9999.99,9999.99,9999.99,9999.99,9999.99,9999.99,9999.99,9999.99,9999.99,9999.99,9999.99,9999.99,9999.99,9999.99,9999.99,9999.99,9999.99,9999.99,9999.99,9999.99,9999.99,9999.99,9999.99,9999.99,9999.99,9999.99,9999.99,9999.99,9999.99,9999.99,9999.99,9999.99,9999.99,9999.99,9999.99,9999.99,9999.99,9999.99,9999.99,9999.99,9999.99,9999.99,9999.99,9999.99,9999.99,9999.99,9999.99,9999.99,9999.99,9999.99,9999.99,9999.99,9999.99,9999.99,9999.99,9999.99,9999.99,9999.99,9999.99,9999.99,9999.99,9999.99,9999.99,9999.99,9999.99,9999.99,9999.99,9999.99,9999.99,9999.99,9999.99,9999.99,9999.99,9999.99,9999.99,9999.99,9999.99,9999.99,9999.99,9999.99,9999.99,9999.99,9999.99,9999.99,9999.99,9999.99,9999.99,9999.99,9999.99,9999.99,9999.99,9999.99,9999.99,9999.99,9999.99,9999.99,9999.99,9999.99,9999.99,9999.99,9999.99,9999.99,9999.99,9999.99,9999.99,9999.99,9999.99,9999.99,9999.99,9999.99,9999.99,9999.99,9999.99,9999.99,9999.99,9999.99,9999.99,9999.99,9999.99,9999.99,9999.99,9999.99,9999.99,9999.99,9999.99,9999.99,9999.99,9999.99,9999.99,9999.99,9999.99,9999.99,9999.99,9999.99,9999.99,9999.99,9999.99,9999.99,9999.99,9999.99,9999.99,9999.99,9999.99,46.0198,45.7612,45.5049,45.2508,44.9989,44.7492,44.5017,44.2564,44.0134,43.7726,43.534,43.2977,43.0636,42.8318,42.6022,42.3749,42.1498,41.927,41.7065,41.4883,41.2723,41.0586,40.8473,40.6382,40.4314,40.2269,40.0248,39.8249,39.6274,39.4323,39.2394,39.0489,38.8608,38.6749,38.4915,38.3104,38.1317,37.9554,37.7814,37.6098,37.4407,37.2739,37.1095,36.9476,36.7881,36.6309,36.4763,36.324,36.1743,36.027,35.8821,35.7397,35.5998,35.4624,35.3275,35.195,35.0651,34.9377,34.8128,34.6905,34.5707,34.4534,34.3387,34.2267,34.1171,34.0102,33.9058,33.8041,33.705,33.6085,33.5147,33.4235,33.335,33.2491,33.1659,33.0855,33.0077,32.9326,32.8603,32.7908,32.724,32.6599,32.5987,32.5402,32.4846,32.4318,32.3818,32.3347,32.2905,32.2492,32.2107,32.1752,32.1427,32.113,32.0864,32.0628,32.0422,32.0246,32.01,31.9985,31.9902,31.9849,31.9828,31.9839,31.9881,31.9955,32.0062,32.0201,32.0373,32.0578,32.0817,32.1089,32.1395,32.1736,32.2111,32.2521,32.2966,32.3446,32.3963,32.4515,32.5105,32.5731,32.6394,32.7095,32.7835,32.8613,32.943,33.0286,33.1182,33.2119,33.3096,33.4115,33.5176,33.6279,33.7425,33.8615,33.9849,34.1128,34.2451,34.3821,34.5238,34.6702,34.8214,34.9775,35.1386,35.3047,35.4759,35.6524,35.8341,36.0212,36.2138,36.412,36.6158,36.8254,37.0409,37.2624,37.4901,37.7239,37.9641,38.2108,38.4642,38.7243,38.9913,39.2653,39.5466,39.8352,40.1314,40.4353,40.7471,41.067,41.3952,41.7319,42.0773,42.4316,42.795,43.1679,43.5504,43.9428,44.3454,44.7585,45.1824,45.6173,46.0637,46.5217,46.9919,47.4746,47.9702,48.479,49.0016,49.5383,50.0897,50.6562,51.2383,51.8367,52.4518,53.0843,53.7348,54.4041,55.0927,55.8015,56.5312,57.2827,58.0569,58.8546,59.677,60.5249,61.3996,62.3022,63.2339,64.1961,65.1902,66.2178,67.2803,68.3796,69.5174,70.6958,71.9167,73.1826,74.4956,75.8586,77.2741,78.7453,80.2755,81.868,83.5267,85.2557,87.0595,88.9428,90.9111,92.9699,95.1257,97.3853,99.7563,102.247,104.867,107.626,110.535,113.607,116.857,120.299,123.95,127.832,131.966,136.377,141.095,146.151,151.585,157.438,163.764,170.619,178.074,186.212,195.129,204.945,215.802,227.873,241.376,256.58,273.829,293.565,316.368,343.011,374.555,412.489,458.973,517.264,592.516,693.393,835.664,1051.39,1417.26,2173.65,4661.47,9997.88,3616.09,1915.44,1302.75,987.031,794.489,664.805,571.515,501.187,446.27,402.2,366.052,335.866,310.28,288.316,269.257,252.562,237.816,224.698,212.952,202.374,192.797,184.087,176.13,168.833,162.118,155.917,150.174,144.84,139.872,135.235,130.896,126.828,123.007,119.41,116.018,112.815,109.785,106.915,104.192,101.605,99.1456,96.8034,94.5707,92.44,90.4045,88.4582,86.5955,84.811,83.1001,81.4584,79.8819,78.3669,76.91,75.508,74.1578,72.8569,71.6026,70.3926,69.2246,68.0966,67.0068,65.9532,64.9342,63.9482,62.9938,62.0695,61.174,60.3061,59.4647,58.6486,57.8568,57.0884,56.3424,55.6179,54.9142,54.2305,53.566,52.92,52.2919,51.681,51.0867,50.5085,49.9458,49.3981,48.8649,48.3458,47.8402,47.3479,46.8683,46.4011,45.946,45.5025,45.0703,44.6491,44.2386,43.8386,43.4486,43.0685,42.698,42.3368,41.9847,41.6415,41.307,40.9808,40.6629,40.3531,40.0511,39.7568,39.47,39.1905,38.9182,38.6529,38.3945,38.1428,37.8977,37.6591,37.4268,37.2007,36.9807,36.7666,36.5585,36.356,36.1593,35.9681,35.7823,35.6019,35.4268,35.2569,35.0921,34.9323,34.7774,34.6274,34.4823,34.3418,34.206,34.0748,33.9481,33.8259,33.7081,33.5946,33.4854,33.3805,33.2797,33.1831,33.0906,33.002,32.9175,32.8369,32.7602,32.6874,32.6183,32.553,32.4915,32.4336,32.3795,32.3289,32.2819,32.2385,32.1986,32.1621,32.1291,32.0996,32.0734,32.0506,32.0312,32.0151,32.0022,31.9926,31.9863,31.9831,31.9832,31.9864,31.9927,32.0022,32.0148,32.0304,32.0491,32.0709,32.0957,32.1234,32.1541,32.1879,32.2245,32.2641,32.3066,32.352,32.4003,32.4514,32.5054,32.5623,32.6219,32.6844,32.7496,32.8177,32.8885,32.962,33.0383,33.1174,33.1991,33.2836,33.3707,33.4605,33.553,33.6482,33.746,33.8465,33.9495,34.0553,34.1635,34.2745,34.388,34.504,34.6227,34.7439,34.8677,34.994,35.1228,35.2542,35.3881,35.5245,35.6634,35.8049,35.9488,36.0951,36.244,36.3953,36.5491,36.7053,36.864,37.0251,37.1887,37.3547,37.5231,37.6939,37.8671,38.0427,38.2207,38.4011,38.5839,38.769,38.9566,39.1464,39.3387,39.5333,39.7302,39.9295,40.1311,40.335,40.5413,40.7499,40.9608,41.174,41.3895,41.6073,41.8274,42.0498,42.2745,42.5015,42.7307,42.9622,43.1959,43.432,43.6702,43.9108,44.1535,44.3985,44.6458,44.8953,45.147,45.4009,45.6571,45.9155,46.02\right]
a_{turn}=\left[\right]
d_{kin}=\left[99.9999,99.9999,99.9999,99.9999,99.9999,99.9999,99.9999,99.9999,99.9999,99.9999,99.9999,99.9999,99.9999,99.9999,99.9999,99.9999,99.9999,99.9999,99.9999,99.9999,99.9999,99.9999,99.9999,99.9999,99.9999,99.9999,99.9999,99.9999,99.9999,99.9999,99.9999,99.9999,99.9999,99.9999,99.9999,99.9999,99.9999,99.9999,99.9999,99.9999,99.9999,99.9999,99.9999,99.9999,99.9999,99.9999,99.9999,99.9999,99.9999,99.9999,99.9999,99.9999,99.9999,99.9999,99.9999,99.9999,99.9999,99.9999,99.9999,99.9999,99.9999,99.9999,99.9999,99.9999,99.9999,99.9999,99.9999,99.9999,99.9999,99.9999,99.9999,99.9999,99.9999,99.9999,99.9999,99.9999,99.9999,99.9999,99.9999,99.9999,99.9999,99.9999,99.9999,99.9999,99.9999,99.9999,99.9999,99.9999,99.9999,99.9999,99.9999,99.9999,99.9999,99.9999,99.9999,99.9999,99.9999,99.9999,99.9999,99.9999,99.9999,99.9999,99.9999,99.9999,99.9999,99.9999,99.9999,99.9999,99.9999,99.9999,99.9999,99.9999,99.9999,99.9999,99.9999,99.9999,99.9999,99.9999,99.9999,99.9999,99.9999,99.9999,99.9999,99.9999,99.9999,99.9999,99.9999,99.9999,99.9999,99.9999,99.9999,99.9999,99.9999,99.9999,99.9999,99.9999,99.9999,99.9999,99.9999,99.9999,99.9999,99.9999,99.9999,99.9999,99.9999,99.9999,99.9999,99.9999,99.9999,99.9999,99.9999,99.9999,99.9999,99.9999,99.9999,99.9999,99.9999,99.9999,99.9999,99.9999,99.9999,99.9999,99.9999,99.9999,99.9999,99.9999,99.9999,99.9999,99.9999,99.9999,99.9999,99.9999,99.9999,99.9999,99.9999,99.9999,99.9999,99.9999,99.9999,99.9999,99.9999,99.9999,99.9999,99.9999,99.9999,99.9999,99.9999,99.9999,99.9999,99.9999,99.9999,99.9999,99.9999,99.9999,99.9999,99.9999,99.9999,99.9999,99.9999,99.9999,99.9999,99.9999,99.9999,99.9999,99.9999,99.9999,99.9999,99.9999,99.9999,99.9999,99.9999,99.9999,99.9999,99.9999,99.9999,99.9999,99.9999,99.9999,99.9999,99.9999,99.9999,99.9999,99.9999,99.9999,99.9999,99.9999,99.9999,99.9999,99.9999,99.9999,99.9999,99.9999,99.9999,99.9999,99.9999,99.9999,46.0198,45.7612,45.5049,45.2508,44.9989,44.7492,44.5017,44.2564,44.0134,43.7726,43.534,43.2977,43.0636,42.8318,42.6022,42.3749,42.1498,41.927,41.7065,41.4883,41.2723,41.0586,40.8473,40.6382,40.4314,40.2269,40.0248,39.8249,39.6274,39.4323,39.2394,39.0489,38.8608,38.6749,38.4915,38.3104,38.1317,37.9554,37.7814,37.6098,37.4407,37.2739,37.1095,36.9476,36.7881,36.6309,36.4763,36.324,36.1743,36.027,35.8821,35.7397,35.5998,35.4624,35.3275,35.195,35.0651,34.9377,34.8128,34.6905,34.5707,34.4534,34.3387,34.2267,34.1171,34.0102,33.9058,33.8041,33.705,33.6085,33.5147,33.4235,33.335,33.2491,33.1659,33.0855,33.0077,32.9326,32.8603,32.7908,32.724,32.6599,32.5987,32.5402,32.4846,32.4318,32.3818,32.3347,32.2905,32.2492,32.2107,32.1752,32.1427,32.113,32.0864,32.0628,32.0422,32.0246,32.01,31.9985,31.9902,31.9849,31.9828,31.9839,31.9881,31.9955,32.0062,32.0201,32.0373,32.0578,32.0817,32.1089,32.1395,32.1736,32.2111,32.2521,32.2966,32.3446,32.3963,32.4515,32.5105,32.5731,32.6394,32.7095,32.7835,32.8613,32.943,33.0286,33.1182,33.2119,33.3096,33.4115,33.5176,33.6279,33.7425,33.8615,33.9849,34.1128,34.2451,34.3821,34.5238,34.6702,34.8214,34.9775,35.1386,35.3047,35.4759,35.6524,35.8341,36.0212,36.2138,36.412,36.6158,36.8254,37.0409,37.2624,37.4901,37.7239,37.9641,38.2108,38.4642,38.7243,38.9913,39.2653,39.5466,39.8352,40.1314,40.4353,40.7471,41.067,41.3952,41.7319,42.0773,42.4316,42.795,43.1679,43.5504,43.9428,44.3454,44.7585,45.1824,45.6173,46.0637,46.5217,46.9919,47.4746,47.9702,48.479,49.0016,49.5383,50.0897,50.6562,51.2383,51.8367,52.4518,53.0843,53.7348,54.4041,55.0927,55.8015,56.5312,57.2827,58.0569,58.8546,59.677,60.5249,61.3996,62.3022,63.2339,64.1961,65.1902,66.2178,67.2803,68.3796,69.5174,70.6958,71.9167,73.1826,74.4956,75.8586,77.2741,78.7453,80.2755,81.868,83.5267,85.2557,87.0595,88.9428,90.9111,92.9699,93.3056,93.4507,93.5964,93.7427,93.8894,94.0367,94.1846,94.3329,94.4818,94.6312,94.7811,94.9316,95.0825,95.234,95.386,95.5385,95.6915,95.8451,95.9991,96.1537,96.3088,96.4644,96.6205,96.7772,96.9343,97.092,97.2502,97.4089,97.5682,97.728,97.8883,98.0491,98.2104,98.3723,98.5348,98.6977,98.8613,99.0253,99.1899,99.355,99.5207,99.687,99.8538,99.9788,99.8116,99.645,99.4788,99.3133,99.1483,98.9838,98.8199,98.6565,98.4937,98.3314,98.1696,98.0084,97.8477,97.6875,97.5279,97.3688,97.2102,97.0521,96.8946,96.7376,96.581,96.4251,96.2696,96.1146,95.9602,95.8062,95.6528,95.4999,95.3475,95.1957,95.0443,94.8935,94.7432,94.5934,94.4441,94.2954,94.1472,93.9995,93.8523,93.7056,93.5595,93.414,93.2689,92.44,90.4045,88.4582,86.5955,84.811,83.1001,81.4584,79.8819,78.3669,76.91,75.508,74.1578,72.8569,71.6026,70.3926,69.2246,68.0966,67.0068,65.9532,64.9342,63.9482,62.9938,62.0695,61.174,60.3061,59.4647,58.6486,57.8568,57.0884,56.3424,55.6179,54.9142,54.2305,53.566,52.92,52.2919,51.681,51.0867,50.5085,49.9458,49.3981,48.8649,48.3458,47.8402,47.3479,46.8683,46.4011,45.946,45.5025,45.0703,44.6491,44.2386,43.8386,43.4486,43.0685,42.698,42.3368,41.9847,41.6415,41.307,40.9808,40.6629,40.3531,40.0511,39.7568,39.47,39.1905,38.9182,38.6529,38.3945,38.1428,37.8977,37.6591,37.4268,37.2007,36.9807,36.7666,36.5585,36.356,36.1593,35.9681,35.7823,35.6019,35.4268,35.2569,35.0921,34.9323,34.7774,34.6274,34.4823,34.3418,34.206,34.0748,33.9481,33.8259,33.7081,33.5946,33.4854,33.3805,33.2797,33.1831,33.0906,33.002,32.9175,32.8369,32.7602,32.6874,32.6183,32.553,32.4915,32.4336,32.3795,32.3289,32.2819,32.2385,32.1986,32.1621,32.1291,32.0996,32.0734,32.0506,32.0312,32.0151,32.0022,31.9926,31.9863,31.9831,31.9832,31.9864,31.9927,32.0022,32.0148,32.0304,32.0491,32.0709,32.0957,32.1234,32.1541,32.1879,32.2245,32.2641,32.3066,32.352,32.4003,32.4514,32.5054,32.5623,32.6219,32.6844,32.7496,32.8177,32.8885,32.962,33.0383,33.1174,33.1991,33.2836,33.3707,33.4605,33.553,33.6482,33.746,33.8465,33.9495,34.0553,34.1635,34.2745,34.388,34.504,34.6227,34.7439,34.8677,34.994,35.1228,35.2542,35.3881,35.5245,35.6634,35.8049,35.9488,36.0951,36.244,36.3953,36.5491,36.7053,36.864,37.0251,37.1887,37.3547,37.5231,37.6939,37.8671,38.0427,38.2207,38.4011,38.5839,38.769,38.9566,39.1464,39.3387,39.5333,39.7302,39.9295,40.1311,40.335,40.5413,40.7499,40.9608,41.174,41.3895,41.6073,41.8274,42.0498,42.2745,42.5015,42.7307,42.9622,43.1959,43.432,43.6702,43.9108,44.1535,44.3985,44.6458,44.8953,45.147,45.4009,45.6571,45.9155,46.02\right]
d_{turn}=\left[\right]
v_{kin}=\left[59.9999,59.9999,59.9999,59.9999,59.9999,59.9999,59.9999,59.9999,59.9999,59.9999,59.9999,59.9999,59.9999,59.9999,59.9999,59.9999,59.9999,59.9999,59.9999,59.9999,59.9999,59.9999,59.9999,59.9999,59.9999,59.9999,59.9999,59.9999,59.9999,59.9999,59.9999,59.9999,59.9999,59.9999,59.9999,59.9999,59.9999,59.9999,59.9999,59.9999,59.9999,59.9999,59.9999,59.9999,59.9999,59.9999,59.9999,59.9999,59.9999,59.9999,59.9999,59.9999,59.9999,59.9999,59.9999,59.9999,59.9999,59.9999,59.9999,59.9999,59.9999,59.9999,59.9999,59.9999,59.9999,59.9999,59.9999,59.9999,59.9999,59.9999,59.9999,59.9999,59.9999,59.9999,59.9999,59.9999,59.9999,59.9999,59.9999,59.9999,59.9999,59.9999,59.9999,59.9999,59.9999,59.9999,59.9999,59.9999,59.9999,59.9999,59.9999,59.9999,59.9999,59.9999,59.9999,59.9999,59.9999,59.9999,59.9999,59.9999,59.9999,59.9999,59.9999,59.9999,59.9999,59.9999,59.9999,59.9999,59.9999,59.9999,59.9999,59.9999,59.9999,59.9999,59.9999,59.9999,59.9999,59.9999,59.9999,59.9999,59.9999,59.9999,59.9999,59.9999,59.9999,59.9999,59.9999,59.9999,59.9999,59.9999,59.9999,59.9999,59.9999,59.9999,59.9999,59.9999,59.9999,59.9999,59.9999,59.9999,59.9999,59.9999,59.9999,59.9999,59.9999,59.9999,59.9999,59.9999,59.9999,59.9999,59.9999,59.9999,59.9999,59.9999,59.9999,59.9999,59.9999,59.9999,59.9999,59.9999,59.9999,59.9999,59.9999,59.9999,59.9999,59.9999,59.9999,59.9999,59.9999,59.9999,59.9999,59.9999,59.9999,59.9999,59.9999,59.9999,59.9999,59.9999,59.9999,59.9999,59.9999,59.9999,59.9999,59.9999,59.9999,59.9999,59.9999,59.9999,59.9999,59.9999,59.9999,59.9999,59.9999,59.9999,59.9999,59.9999,59.9999,59.9999,59.9999,59.9999,59.9999,59.9999,59.9999,59.9999,59.9999,59.9999,59.9999,59.9999,59.9999,59.9999,59.9999,59.9999,59.9999,59.9999,59.9999,59.9999,59.9999,59.9999,59.9999,59.9999,59.9999,59.9999,59.9999,59.9999,59.9999,59.9999,59.9999,59.9999,59.9999,59.9999,59.9999,59.9999,59.9999,59.9999,59.9999,59.9999,52.2509,52.2128,52.1746,52.1365,52.0982,52.06,52.0217,51.9834,51.9451,51.9067,51.8684,51.83,51.7917,51.7534,51.7151,51.6768,51.6386,51.6003,51.5622,51.5241,51.486,51.448,51.4101,51.3723,51.3345,51.2969,51.2593,51.2219,51.1845,51.1473,51.1103,51.0734,51.0366,51,50.9636,50.9273,50.8912,50.8554,50.8197,50.7843,50.749,50.7141,50.6793,50.6448,50.6106,50.5767,50.543,50.5096,50.4766,50.4438,50.4114,50.3794,50.3476,50.3163,50.2853,50.2546,50.2244,50.1946,50.1652,50.1362,50.1077,50.0796,50.0519,50.0248,49.9981,49.9719,49.9462,49.921,49.8964,49.8723,49.8487,49.8257,49.8033,49.7814,49.7602,49.7395,49.7195,49.7001,49.6813,49.6632,49.6457,49.629,49.6128,49.5974,49.5827,49.5687,49.5554,49.5428,49.531,49.5199,49.5096,49.5001,49.4913,49.4833,49.4761,49.4697,49.4641,49.4593,49.4554,49.4523,49.45,49.4486,49.448,49.4483,49.4494,49.4515,49.4544,49.4581,49.4628,49.4684,49.4748,49.4822,49.4904,49.4996,49.5097,49.5207,49.5326,49.5455,49.5592,49.5739,49.5895,49.6061,49.6236,49.642,49.6613,49.6816,49.7028,49.7249,49.748,49.7719,49.7968,49.8227,49.8494,49.8771,49.9057,49.9352,49.9657,49.997,50.0293,50.0624,50.0965,50.1314,50.1672,50.2039,50.2415,50.28,50.3194,50.3596,50.4006,50.4426,50.4853,50.5289,50.5734,50.6186,50.6647,50.7116,50.7593,50.8079,50.8572,50.9072,50.9581,51.0097,51.0621,51.1153,51.1692,51.2238,51.2791,51.3352,51.392,51.4495,51.5077,51.5666,51.6262,51.6864,51.7473,51.8088,51.871,51.9339,51.9973,52.0614,52.1261,52.1914,52.2573,52.3238,52.3909,52.4585,52.5267,52.5955,52.6648,52.7346,52.805,52.8759,52.9474,53.0193,53.0917,53.1647,53.2381,53.312,53.3864,53.4612,53.5365,53.6123,53.6885,53.7652,53.8423,53.9198,53.9978,54.0761,54.1549,54.2341,54.3137,54.3937,54.4741,54.5549,54.636,54.7175,54.7995,54.8817,54.9644,55.0474,55.1307,55.2145,55.2985,55.3829,55.4677,55.5528,55.6383,55.724,55.8101,55.8966,55.9834,56.0704,56.1579,56.2456,56.3337,56.422,56.5107,56.5998,56.6891,56.7787,56.8687,56.959,57.0495,57.1404,57.2316,57.3231,57.4149,57.5071,57.5995,57.6922,57.7853,57.8786,57.9723,58.0663,58.1606,58.2552,58.3501,58.4454,58.5409,58.6368,58.733,58.8295,58.9263,59.0234,59.1209,59.2186,59.3167,59.4152,59.5139,59.613,59.7124,59.8122,59.9123,59.9873,59.887,59.787,59.6873,59.588,59.489,59.3903,59.2919,59.1939,59.0962,58.9988,58.9018,58.805,58.7086,58.6125,58.5167,58.4213,58.3261,58.2313,58.1368,58.0425,57.9486,57.855,57.7617,57.6688,57.5761,57.4837,57.3917,57.3,57.2085,57.1174,57.0266,56.9361,56.8459,56.756,56.6665,56.5772,56.4883,56.3997,56.3114,56.2234,56.1357,56.0484,55.9614,55.8747,55.7883,55.7023,55.6166,55.5312,55.4462,55.3615,55.2772,55.1932,55.1096,55.0263,54.9434,54.8608,54.7786,54.6968,54.6154,54.5343,54.4536,54.3733,54.2934,54.2139,54.1348,54.0561,53.9778,53.9,53.8226,53.7456,53.669,53.5929,53.5172,53.442,53.3673,53.293,53.2192,53.1459,53.073,53.0007,52.9289,52.8576,52.7868,52.7165,52.6468,52.5776,52.509,52.4409,52.3734,52.3064,52.2401,52.1743,52.1091,52.0445,51.9806,51.9173,51.8546,51.7925,51.7311,51.6704,51.6103,51.5509,51.4921,51.4341,51.3768,51.3201,51.2642,51.209,51.1545,51.1008,51.0478,50.9956,50.9442,50.8935,50.8436,50.7945,50.7461,50.6986,50.6519,50.606,50.5609,50.5167,50.4733,50.4307,50.389,50.3481,50.3081,50.269,50.2307,50.1933,50.1568,50.1212,50.0865,50.0527,50.0197,49.9877,49.9566,49.9264,49.8971,49.8688,49.8413,49.8148,49.7892,49.7646,49.7408,49.718,49.6962,49.6752,49.6552,49.6362,49.618,49.6008,49.5845,49.5692,49.5548,49.5413,49.5287,49.5171,49.5063,49.4965,49.4876,49.4797,49.4726,49.4664,49.4611,49.4568,49.4533,49.4507,49.4489,49.4481,49.4481,49.449,49.4507,49.4533,49.4567,49.4609,49.466,49.4719,49.4786,49.4861,49.4944,49.5035,49.5133,49.5239,49.5353,49.5474,49.5603,49.5739,49.5882,49.6032,49.619,49.6354,49.6525,49.6702,49.6886,49.7077,49.7274,49.7477,49.7687,49.7902,49.8123,49.8351,49.8584,49.8822,49.9066,49.9315,49.957,49.9829,50.0094,50.0364,50.0638,50.0917,50.1201,50.1489,50.1781,50.2078,50.2379,50.2684,50.2992,50.3305,50.3621,50.3941,50.4264,50.459,50.492,50.5253,50.5589,50.5928,50.6269,50.6614,50.6961,50.731,50.7662,50.8017,50.8373,50.8732,50.9092,50.9455,50.9819,51.0186,51.0554,51.0923,51.1294,51.1666,51.204,51.2415,51.2791,51.3168,51.3546,51.3925,51.4305,51.4686,51.5067,51.5449,51.5832,51.6215,51.6598,51.6982,51.7366,51.775,51.8134,51.8519,51.8903,51.9288,51.9672,52.0056,52.044,52.0824,52.1208,52.1591,52.1973,52.2356,52.2509\right]
v_{turn}=\left[7.87402e+06,7.87402e+06,7.87402e+06,7.87402e+06,7.87402e+06,7.87402e+06,7.87402e+06,7.87402e+06,7.87402e+06,7.87402e+06,7.87402e+06,7.87402e+06,7.87402e+06,7.87402e+06,7.87402e+06,7.87402e+06,7.87402e+06,7.87402e+06,7.87402e+06,7.87402e+06,7.87402e+06,7.87402e+06,7.87402e+06,7.87402e+06,7.87402e+06,7.87402e+06,7.87402e+06,7.87402e+06,7.87402e+06,7.87402e+06,7.87402e+06,7.87402e+06,7.87402e+06,7.87402e+06,7.87402e+06,7.87402e+06,7.87402e+06,7.87402e+06,7.87402e+06,7.87402e+06,7.87402e+06,7.87402e+06,7.87402e+06,7.87402e+06,7.87402e+06,7.87402e+06,7.87402e+06,7.87402e+06,7.87402e+06,7.87402e+06,7.87402e+06,7.87402e+06,7.87402e+06,7.87402e+06,7.87402e+06,7.87402e+06,7.87402e+06,7.87402e+06,7.87402e+06,7.87402e+06,7.87402e+06,7.87402e+06,7.87402e+06,7.87402e+06,7.87402e+06,7.87402e+06,7.87402e+06,7.87402e+06,7.87402e+06,7.87402e+06,7.87402e+06,7.87402e+06,7.87402e+06,7.87402e+06,7.87402e+06,7.87402e+06,7.87402e+06,7.87402e+06,7.87402e+06,7.87402e+06,7.87402e+06,7.87402e+06,7.87402e+06,7.87402e+06,7.87402e+06,7.87402e+06,7.87402e+06,7.87402e+06,7.87402e+06,7.87402e+06,7.87402e+06,7.87402e+06,7.87402e+06,7.87402e+06,7.87402e+06,7.87402e+06,7.87402e+06,7.87402e+06,7.87402e+06,7.87402e+06,7.87402e+06,7.87402e+06,7.87402e+06,7.87402e+06,7.87402e+06,7.87402e+06,7.87402e+06,7.87402e+06,7.87402e+06,7.87402e+06,7.87402e+06,7.87402e+06,7.87402e+06,7.87402e+06,7.87402e+06,7.87402e+06,7.87402e+06,7.87402e+06,7.87402e+06,7.87402e+06,7.87402e+06,7.87402e+06,7.87402e+06,7.87402e+06,7.87402e+06,7.87402e+06,7.87402e+06,7.87402e+06,7.87402e+06,7.87402e+06,7.87402e+06,7.87402e+06,7.87402e+06,7.87402e+06,7.87402e+06,7.87402e+06,7.87402e+06,7.87402e+06,7.87402e+06,7.87402e+06,7.87402e+06,7.87402e+06,7.87402e+06,7.87402e+06,7.87402e+06,7.87402e+06,7.87402e+06,7.87402e+06,7.87402e+06,7.87402e+06,7.87402e+06,7.87402e+06,7.87402e+06,7.87402e+06,7.87402e+06,7.87402e+06,7.87402e+06,7.87402e+06,7.87402e+06,7.87402e+06,7.87402e+06,7.87402e+06,7.87402e+06,7.87402e+06,7.87402e+06,7.87402e+06,7.87402e+06,7.87402e+06,7.87402e+06,7.87402e+06,7.87402e+06,7.87402e+06,7.87402e+06,7.87402e+06,7.87402e+06,7.87402e+06,7.87402e+06,7.87402e+06,7.87402e+06,7.87402e+06,7.87402e+06,7.87402e+06,7.87402e+06,7.87402e+06,7.87402e+06,7.87402e+06,7.87402e+06,7.87402e+06,7.87402e+06,7.87402e+06,7.87402e+06,7.87402e+06,7.87402e+06,7.87402e+06,7.87402e+06,7.87402e+06,7.87402e+06,7.87402e+06,7.87402e+06,7.87402e+06,7.87402e+06,7.87402e+06,7.87402e+06,7.87402e+06,7.87402e+06,7.87402e+06,7.87402e+06,7.87402e+06,7.87402e+06,7.87402e+06,7.87402e+06,7.87402e+06,7.87402e+06,7.87402e+06,7.87402e+06,7.87402e+06,7.87402e+06,7.87402e+06,7.87402e+06,7.87402e+06,7.87402e+06,7.87402e+06,7.87402e+06,7.87402e+06,7.87402e+06,7.87402e+06,7.87402e+06,7.87402e+06,7.87402e+06,7.87402e+06,7.87402e+06,7.87402e+06,7.87402e+06,7.87402e+06,7.87402e+06,7.87402e+06,70.7997,70.4019,70.0076,69.6166,69.229,68.8449,68.4641,68.0868,67.7129,67.3424,66.9754,66.6118,66.2517,65.895,65.5418,65.1921,64.8459,64.5031,64.1639,63.8281,63.4959,63.1671,62.8419,62.5203,62.2021,61.8876,61.5766,61.2691,60.9653,60.665,60.3683,60.0752,59.7858,59.4999,59.2177,58.9391,58.6642,58.3929,58.1252,57.8613,57.601,57.3445,57.0916,56.8424,56.597,56.3553,56.1173,55.8832,55.6527,55.4261,55.2032,54.9842,54.7689,54.5575,54.3499,54.1462,53.9463,53.7503,53.5582,53.37,53.1857,53.0053,52.8288,52.6564,52.4879,52.3234,52.1628,52.0063,51.8538,51.7054,51.561,51.4207,51.2845,51.1525,51.0245,50.9007,50.7811,50.6656,50.5544,50.4473,50.3446,50.246,50.1518,50.0619,49.9763,49.8951,49.8182,49.7458,49.6777,49.6141,49.555,49.5004,49.4502,49.4047,49.3637,49.3273,49.2956,49.2686,49.2462,49.2285,49.2157,49.2076,49.2043,49.2059,49.2124,49.2239,49.2403,49.2617,49.2882,49.3198,49.3565,49.3983,49.4454,49.4978,49.5555,49.6186,49.687,49.761,49.8404,49.9254,50.0161,50.1124,50.2145,50.3224,50.4361,50.5558,50.6815,50.8132,50.9511,51.0952,51.2456,51.4023,51.5655,51.7353,51.9116,52.0946,52.2845,52.4812,52.6848,52.8956,53.1136,53.3388,53.5714,53.8116,54.0594,54.3149,54.5784,54.8498,55.1294,55.4173,55.7135,56.0184,56.332,56.6545,56.9861,57.3268,57.677,58.0368,58.4064,58.7859,59.1757,59.5758,59.9866,60.4082,60.8409,61.285,61.7406,62.2082,62.6879,63.18,63.6849,64.2029,64.7343,65.2793,65.8385,66.4121,67.0006,67.6043,68.2237,68.8592,69.5113,70.1805,70.8672,71.5719,72.2953,73.0379,73.8003,74.5831,75.3871,76.2128,77.0611,77.9326,78.8282,79.7488,80.6951,81.6682,82.669,83.6985,84.758,85.8484,86.9711,88.1272,89.3182,90.5456,91.8107,93.1152,94.4609,95.8495,97.2829,98.7632,100.293,101.873,103.508,105.199,106.95,108.763,110.641,112.589,114.609,116.705,118.883,121.147,123.501,125.951,128.503,131.163,133.938,136.835,139.863,143.031,146.347,149.824,153.471,157.303,161.334,165.578,170.054,174.781,179.78,185.075,190.693,196.665,203.025,209.811,217.068,224.848,233.207,242.213,251.944,262.491,273.96,286.479,300.199,315.301,332.003,350.574,371.348,394.739,421.276,451.639,486.72,527.709,576.239,634.598,706.112,795.791,911.563,1066.76,1285.64,1617.52,2180.4,3344.08,7171.49,49617.2,5563.21,2946.83,2004.24,1518.51,1222.29,1022.78,879.254,771.056,686.57,618.77,563.157,516.718,477.354,443.564,414.242,388.557,365.871,345.69,327.619,311.345,296.611,283.21,270.969,259.743,249.412,239.872,231.037,222.83,215.188,208.053,201.379,195.12,189.241,183.707,178.489,173.561,168.9,164.484,160.295,156.316,152.532,148.928,145.493,142.215,139.084,136.09,133.224,130.478,127.846,125.321,122.895,120.565,118.323,116.166,114.089,112.088,110.158,108.296,106.499,104.764,103.087,101.466,99.8988,98.3819,96.9135,95.4915,94.1138,92.7786,91.4841,90.2286,89.0104,87.8283,86.6806,85.566,84.4834,83.4315,82.4092,81.4154,80.449,79.5092,78.5949,77.7054,76.8397,75.9971,75.1768,74.3781,73.6004,72.8429,72.1051,71.3863,70.6861,70.0038,69.3389,68.691,68.0594,67.444,66.844,66.2593,65.6893,65.1336,64.5919,64.0639,63.5492,63.0474,62.5584,62.0817,61.6171,61.1643,60.723,60.2931,59.8741,59.466,59.0685,58.6813,58.3042,57.937,57.5797,57.2318,56.8933,56.564,56.2438,55.9323,55.6297,55.3355,55.0497,54.7722,54.5028,54.2413,53.9878,53.742,53.5037,53.273,53.0496,52.8335,52.6246,52.4228,52.2279,52.0399,51.8586,51.684,51.5161,51.3546,51.1996,51.0509,50.9086,50.7724,50.6423,50.5183,50.4003,50.2882,50.182,50.0816,49.9869,49.8979,49.8146,49.7368,49.6645,49.5976,49.5362,49.4802,49.4295,49.384,49.3438,49.3087,49.2788,49.254,49.2342,49.2194,49.2097,49.2048,49.2049,49.2098,49.2196,49.2342,49.2535,49.2776,49.3064,49.3398,49.3779,49.4206,49.4679,49.5198,49.5762,49.6371,49.7025,49.7723,49.8466,49.9253,50.0084,50.0958,50.1876,50.2837,50.3841,50.4887,50.5977,50.7108,50.8282,50.9498,51.0756,51.2055,51.3396,51.4778,51.6201,51.7665,51.9169,52.0715,52.2301,52.3927,52.5593,52.7299,52.9045,53.0831,53.2657,53.4521,53.6426,53.8369,54.0351,54.2372,54.4433,54.6531,54.8668,55.0844,55.3058,55.531,55.76,55.9928,56.2294,56.4698,56.7139,56.9618,57.2134,57.4687,57.7278,57.9906,58.2571,58.5272,58.8011,59.0786,59.3598,59.6447,59.9332,60.2253,60.521,60.8204,61.1234,61.43,61.7401,62.0539,62.3712,62.6921,63.0166,63.3446,63.6762,64.0113,64.3499,64.6921,65.0377,65.3869,65.7395,66.0957,66.4553,66.8184,67.185,67.555,67.9285,68.3055,68.6859,69.0697,69.4569,69.8476,70.2417,70.6392,70.8\right]
v_{friction}=\left[59.9999,59.9999,59.9999,59.9999,59.9999,59.9999,59.9999,59.9999,59.9999,59.9999,59.9999,59.9999,59.9999,59.9999,59.9999,59.9999,59.9999,59.9999,59.9999,59.9999,59.9999,59.9999,59.9999,59.9999,59.9999,59.9999,59.9999,59.9999,59.9999,59.9999,59.9999,59.9999,59.9999,59.9999,59.9999,59.9999,59.9999,59.9999,59.9999,59.9999,59.9999,59.9999,59.9999,59.9999,59.9999,59.9999,59.9999,59.9999,59.9999,59.9999,59.9999,59.9999,59.9999,59.9999,59.9999,59.9999,59.9999,59.9999,59.9999,59.9999,59.9999,59.9999,59.9999,59.9999,59.9999,59.9999,59.9999,59.9999,59.9999,59.9999,59.9999,59.9999,59.9999,59.9999,59.9999,59.9999,59.9999,59.9999,59.9999,59.9999,59.9999,59.9999,59.9999,59.9999,59.9999,59.9999,59.9999,59.9999,59.9999,59.9999,59.9999,59.9999,59.9999,59.9999,59.9999,59.9999,59.9999,59.9999,59.9999,59.9999,59.9999,59.9999,59.9999,59.9999,59.9999,59.9999,59.9999,59.9999,59.9999,59.9999,59.9999,59.9999,59.9999,59.9999,59.9999,59.9999,59.9999,59.9999,59.9999,59.9999,59.9999,59.9999,59.9999,59.9999,59.9999,59.9999,59.9999,59.9999,59.9999,59.9999,59.9999,59.9999,59.9999,59.9999,59.9999,59.9999,59.9999,59.9999,59.9999,59.9999,59.9999,59.9999,59.9999,59.9999,59.9999,59.9999,59.9999,59.9999,59.9999,59.9999,59.9999,59.9999,59.9999,59.9999,59.9999,59.9999,59.9999,59.9999,59.9999,59.9999,59.9999,59.9999,59.9999,59.9999,59.9999,59.9999,59.9999,59.9999,59.9999,59.9999,59.9999,59.9999,59.9999,59.9999,59.9999,59.9999,59.9999,59.9999,59.9999,59.9999,59.9999,59.9999,59.9999,59.9999,59.9999,59.9999,59.9999,59.9999,59.9999,59.9999,59.9999,59.9999,59.9999,59.9999,59.9999,59.9999,59.9999,59.9999,59.9999,59.9999,59.9999,59.9999,59.9999,59.9999,59.9999,59.9999,59.9999,59.9999,59.9999,59.9999,59.9999,59.9999,59.9999,59.9999,59.9999,59.9999,59.9999,59.9999,59.9999,59.9999,59.9999,59.9999,59.9999,59.9999,59.9999,59.9999,59.9999,59.9999,59.9999,59.9999,59.9999,59.9999,59.9999,59.9999,59.9999,59.9999,52.2509,52.2128,52.1746,52.1365,52.0982,52.06,52.0217,51.9834,51.9451,51.9067,51.8684,51.83,51.7917,51.7534,51.7151,51.6768,51.6386,51.6003,51.5622,51.5241,51.486,51.448,51.4101,51.3723,51.3345,51.2969,51.2593,51.2219,51.1845,51.1473,51.1103,51.0734,51.0366,51,50.9636,50.9273,50.8912,50.8554,50.8197,50.7843,50.749,50.7141,50.6793,50.6448,50.6106,50.5767,50.543,50.5096,50.4766,50.4438,50.4114,50.3794,50.3476,50.3163,50.2853,50.2546,50.2244,50.1946,50.1652,50.1362,50.1077,50.0796,50.0519,50.0248,49.9981,49.9719,49.9462,49.921,49.8964,49.8723,49.8487,49.8257,49.8033,49.7814,49.7602,49.7395,49.7195,49.7001,49.6813,49.6632,49.6457,49.629,49.6128,49.5974,49.5827,49.5687,49.5554,49.5428,49.531,49.5199,49.5096,49.5001,49.4502,49.4047,49.3637,49.3273,49.2956,49.2686,49.2462,49.2285,49.2157,49.2076,49.2043,49.2059,49.2124,49.2239,49.2403,49.2617,49.2882,49.3198,49.3565,49.3983,49.4454,49.4978,49.5097,49.5207,49.5326,49.5455,49.5592,49.5739,49.5895,49.6061,49.6236,49.642,49.6613,49.6816,49.7028,49.7249,49.748,49.7719,49.7968,49.8227,49.8494,49.8771,49.9057,49.9352,49.9657,49.997,50.0293,50.0624,50.0965,50.1314,50.1672,50.2039,50.2415,50.28,50.3194,50.3596,50.4006,50.4426,50.4853,50.5289,50.5734,50.6186,50.6647,50.7116,50.7593,50.8079,50.8572,50.9072,50.9581,51.0097,51.0621,51.1153,51.1692,51.2238,51.2791,51.3352,51.392,51.4495,51.5077,51.5666,51.6262,51.6864,51.7473,51.8088,51.871,51.9339,51.9973,52.0614,52.1261,52.1914,52.2573,52.3238,52.3909,52.4585,52.5267,52.5955,52.6648,52.7346,52.805,52.8759,52.9474,53.0193,53.0917,53.1647,53.2381,53.312,53.3864,53.4612,53.5365,53.6123,53.6885,53.7652,53.8423,53.9198,53.9978,54.0761,54.1549,54.2341,54.3137,54.3937,54.4741,54.5549,54.636,54.7175,54.7995,54.8817,54.9644,55.0474,55.1307,55.2145,55.2985,55.3829,55.4677,55.5528,55.6383,55.724,55.8101,55.8966,55.9834,56.0704,56.1579,56.2456,56.3337,56.422,56.5107,56.5998,56.6891,56.7787,56.8687,56.959,57.0495,57.1404,57.2316,57.3231,57.4149,57.5071,57.5995,57.6922,57.7853,57.8786,57.9723,58.0663,58.1606,58.2552,58.3501,58.4454,58.5409,58.6368,58.733,58.8295,58.9263,59.0234,59.1209,59.2186,59.3167,59.4152,59.5139,59.613,59.7124,59.8122,59.9123,59.9873,59.887,59.787,59.6873,59.588,59.489,59.3903,59.2919,59.1939,59.0962,58.9988,58.9018,58.805,58.7086,58.6125,58.5167,58.4213,58.3261,58.2313,58.1368,58.0425,57.9486,57.855,57.7617,57.6688,57.5761,57.4837,57.3917,57.3,57.2085,57.1174,57.0266,56.9361,56.8459,56.756,56.6665,56.5772,56.4883,56.3997,56.3114,56.2234,56.1357,56.0484,55.9614,55.8747,55.7883,55.7023,55.6166,55.5312,55.4462,55.3615,55.2772,55.1932,55.1096,55.0263,54.9434,54.8608,54.7786,54.6968,54.6154,54.5343,54.4536,54.3733,54.2934,54.2139,54.1348,54.0561,53.9778,53.9,53.8226,53.7456,53.669,53.5929,53.5172,53.442,53.3673,53.293,53.2192,53.1459,53.073,53.0007,52.9289,52.8576,52.7868,52.7165,52.6468,52.5776,52.509,52.4409,52.3734,52.3064,52.2401,52.1743,52.1091,52.0445,51.9806,51.9173,51.8546,51.7925,51.7311,51.6704,51.6103,51.5509,51.4921,51.4341,51.3768,51.3201,51.2642,51.209,51.1545,51.1008,51.0478,50.9956,50.9442,50.8935,50.8436,50.7945,50.7461,50.6986,50.6519,50.606,50.5609,50.5167,50.4733,50.4307,50.389,50.3481,50.3081,50.269,50.2307,50.1933,50.1568,50.1212,50.0865,50.0527,50.0197,49.9877,49.9566,49.9264,49.8971,49.8688,49.8413,49.8148,49.7892,49.7646,49.7408,49.718,49.6962,49.6752,49.6552,49.6362,49.618,49.6008,49.5845,49.5692,49.5548,49.5413,49.5287,49.5171,49.5063,49.4802,49.4295,49.384,49.3438,49.3087,49.2788,49.254,49.2342,49.2194,49.2097,49.2048,49.2049,49.2098,49.2196,49.2342,49.2535,49.2776,49.3064,49.3398,49.3779,49.4206,49.4679,49.5035,49.5133,49.5239,49.5353,49.5474,49.5603,49.5739,49.5882,49.6032,49.619,49.6354,49.6525,49.6702,49.6886,49.7077,49.7274,49.7477,49.7687,49.7902,49.8123,49.8351,49.8584,49.8822,49.9066,49.9315,49.957,49.9829,50.0094,50.0364,50.0638,50.0917,50.1201,50.1489,50.1781,50.2078,50.2379,50.2684,50.2992,50.3305,50.3621,50.3941,50.4264,50.459,50.492,50.5253,50.5589,50.5928,50.6269,50.6614,50.6961,50.731,50.7662,50.8017,50.8373,50.8732,50.9092,50.9455,50.9819,51.0186,51.0554,51.0923,51.1294,51.1666,51.204,51.2415,51.2791,51.3168,51.3546,51.3925,51.4305,51.4686,51.5067,51.5449,51.5832,51.6215,51.6598,51.6982,51.7366,51.775,51.8134,51.8519,51.8903,51.9288,51.9672,52.0056,52.044,52.0824,52.1208,52.1591,52.1973,52.2356,52.2509\right]
v_{forward}=\left[0,10.2574,13.9628,16.7068,18.9509,20.8751,22.5722,24.0973,25.4863,26.7644,27.9497,29.056,30.094,31.0721,31.9974,32.8754,33.711,34.5081,35.2701,36.0001,36.7006,37.3738,38.0218,38.6462,39.2488,39.8308,40.3936,40.9382,41.4659,41.9774,42.4736,42.9555,43.4236,43.8787,44.3214,44.7522,45.1717,45.5805,45.9789,46.3674,46.7464,47.1163,47.4774,47.8301,48.1748,48.5116,48.8409,49.1629,49.4779,49.7862,50.0879,50.3833,50.6726,50.956,51.2336,51.5057,51.7724,52.0338,52.2902,52.5416,52.7883,53.0303,53.2678,53.5008,53.7296,53.9543,54.1748,54.3914,54.6042,54.8132,55.0186,55.2204,55.4187,55.6136,55.8052,55.9935,56.1787,56.3608,56.5399,56.7161,56.8894,57.0598,57.2275,57.3925,57.5549,57.7147,57.872,58.0268,58.1792,58.3292,58.4769,58.6223,58.7655,58.9065,59.0454,59.1822,59.3169,59.4497,59.5804,59.7092,59.8361,59.9612,59.9999,59.9999,59.9999,59.9999,59.9999,59.9999,59.9999,59.9999,59.9999,59.9999,59.9999,59.9999,59.9999,59.9999,59.9999,59.9999,59.9999,59.9999,59.9999,59.9999,59.9999,59.9999,59.9999,59.9999,59.9999,59.9999,59.9999,59.9999,59.9999,59.9999,59.9999,59.9999,59.9999,59.9999,59.9999,59.9999,59.9999,59.9999,59.9999,59.9999,59.9999,59.9999,59.9999,59.9999,59.9999,59.9999,59.9999,59.9999,59.9999,59.9999,59.9999,59.9999,59.9999,59.9999,59.9999,59.9999,59.9999,59.9999,59.9999,59.9999,59.9999,59.9999,59.9999,59.9999,59.9999,59.9999,59.9999,59.9999,59.9999,59.9999,59.9999,59.9999,59.9999,59.9999,59.9999,59.9999,59.9999,59.9999,59.9999,59.9999,59.9999,59.9999,59.9999,59.9999,59.9999,59.9999,59.9999,59.9999,59.9999,59.9999,59.9999,59.9999,59.9999,59.9999,59.9999,59.9999,59.9999,59.9999,59.9999,59.9999,59.9999,59.9999,59.9999,59.9999,59.9999,59.9999,59.9999,59.9999,59.9999,59.9999,59.9999,59.9999,59.9999,59.9999,59.9999,59.9999,59.9999,59.9999,59.9999,59.9999,59.9999,59.9999,59.9999,59.9999,59.9999,59.9999,59.9999,59.9999,59.9999,59.9999,59.9999,59.9999,59.9999,59.9999,52.2509,52.2128,52.1746,52.1365,52.0982,52.06,52.0217,51.9834,51.9451,51.9067,51.8684,51.83,51.7917,51.7534,51.7151,51.6768,51.6386,51.6003,51.5622,51.5241,51.486,51.448,51.4101,51.3723,51.3345,51.2969,51.2593,51.2219,51.1845,51.1473,51.1103,51.0734,51.0366,51,50.9636,50.9273,50.8912,50.8554,50.8197,50.7843,50.749,50.7141,50.6793,50.6448,50.6106,50.5767,50.543,50.5096,50.4766,50.4438,50.4114,50.3794,50.3476,50.3163,50.2853,50.2546,50.2244,50.1946,50.1652,50.1362,50.1077,50.0796,50.0519,50.0248,49.9981,49.9719,49.9462,49.921,49.8964,49.8723,49.8487,49.8257,49.8033,49.7814,49.7602,49.7395,49.7195,49.7001,49.6813,49.6632,49.6457,49.629,49.6128,49.5974,49.5827,49.5687,49.5554,49.5428,49.531,49.5199,49.5096,49.5001,49.4502,49.4047,49.3637,49.3273,49.2956,49.2686,49.2462,49.2285,49.2157,49.2076,49.2043,49.2059,49.2124,49.2239,49.2403,49.2617,49.2882,49.3198,49.3565,49.3983,49.4454,49.4978,49.5097,49.5207,49.5326,49.5455,49.5592,49.5739,49.5895,49.6061,49.6236,49.642,49.6613,49.6816,49.7028,49.7249,49.748,49.7719,49.7968,49.8227,49.8494,49.8771,49.9057,49.9352,49.9657,49.997,50.0293,50.0624,50.0965,50.1314,50.1672,50.2039,50.2415,50.28,50.3194,50.3596,50.4006,50.4426,50.4853,50.5289,50.5734,50.6186,50.6647,50.7116,50.7593,50.8079,50.8572,50.9072,50.9581,51.0097,51.0621,51.1153,51.1692,51.2238,51.2791,51.3352,51.392,51.4495,51.5077,51.5666,51.6262,51.6864,51.7473,51.8088,51.871,51.9339,51.9973,52.0614,52.1261,52.1914,52.2573,52.3238,52.3909,52.4585,52.5267,52.5955,52.6648,52.7346,52.805,52.8759,52.9474,53.0193,53.0917,53.1647,53.2381,53.312,53.3864,53.4612,53.5365,53.6123,53.6885,53.7652,53.8423,53.9198,53.9978,54.0761,54.1549,54.2341,54.3137,54.3937,54.4741,54.5549,54.636,54.7175,54.7995,54.8817,54.9644,55.0474,55.1307,55.2145,55.2985,55.3829,55.4677,55.5528,55.6383,55.724,55.8101,55.8966,55.9834,56.0704,56.1579,56.2456,56.3337,56.422,56.5107,56.5998,56.6891,56.7787,56.8687,56.959,57.0495,57.1404,57.2316,57.3231,57.4149,57.5071,57.5995,57.6922,57.7853,57.8786,57.9723,58.0663,58.1606,58.2552,58.3501,58.4454,58.5409,58.6368,58.733,58.8295,58.9263,59.0234,59.1209,59.2186,59.3167,59.4152,59.5139,59.613,59.7124,59.8122,59.9123,59.9873,59.887,59.787,59.6873,59.588,59.489,59.3903,59.2919,59.1939,59.0962,58.9988,58.9018,58.805,58.7086,58.6125,58.5167,58.4213,58.3261,58.2313,58.1368,58.0425,57.9486,57.855,57.7617,57.6688,57.5761,57.4837,57.3917,57.3,57.2085,57.1174,57.0266,56.9361,56.8459,56.756,56.6665,56.5772,56.4883,56.3997,56.3114,56.2234,56.1357,56.0484,55.9614,55.8747,55.7883,55.7023,55.6166,55.5312,55.4462,55.3615,55.2772,55.1932,55.1096,55.0263,54.9434,54.8608,54.7786,54.6968,54.6154,54.5343,54.4536,54.3733,54.2934,54.2139,54.1348,54.0561,53.9778,53.9,53.8226,53.7456,53.669,53.5929,53.5172,53.442,53.3673,53.293,53.2192,53.1459,53.073,53.0007,52.9289,52.8576,52.7868,52.7165,52.6468,52.5776,52.509,52.4409,52.3734,52.3064,52.2401,52.1743,52.1091,52.0445,51.9806,51.9173,51.8546,51.7925,51.7311,51.6704,51.6103,51.5509,51.4921,51.4341,51.3768,51.3201,51.2642,51.209,51.1545,51.1008,51.0478,50.9956,50.9442,50.8935,50.8436,50.7945,50.7461,50.6986,50.6519,50.606,50.5609,50.5167,50.4733,50.4307,50.389,50.3481,50.3081,50.269,50.2307,50.1933,50.1568,50.1212,50.0865,50.0527,50.0197,49.9877,49.9566,49.9264,49.8971,49.8688,49.8413,49.8148,49.7892,49.7646,49.7408,49.718,49.6962,49.6752,49.6552,49.6362,49.618,49.6008,49.5845,49.5692,49.5548,49.5413,49.5287,49.5171,49.5063,49.4802,49.4295,49.384,49.3438,49.3087,49.2788,49.254,49.2342,49.2194,49.2097,49.2048,49.2049,49.2098,49.2196,49.2342,49.2535,49.2776,49.3064,49.3398,49.3779,49.4206,49.4679,49.5035,49.5133,49.5239,49.5353,49.5474,49.5603,49.5739,49.5882,49.6032,49.619,49.6354,49.6525,49.6702,49.6886,49.7077,49.7274,49.7477,49.7687,49.7902,49.8123,49.8351,49.8584,49.8822,49.9066,49.9315,49.957,49.9829,50.0094,50.0364,50.0638,50.0917,50.1201,50.1489,50.1781,50.2078,50.2379,50.2684,50.2992,50.3305,50.3621,50.3941,50.4264,50.459,50.492,50.5253,50.5589,50.5928,50.6269,50.6614,50.6961,50.731,50.7662,50.8017,50.8373,50.8732,50.9092,50.9455,50.9819,51.0186,51.0554,51.0923,51.1294,51.1666,51.204,51.2415,51.2791,51.3168,51.3546,51.3925,51.4305,51.4686,51.5067,51.5449,51.5832,51.6215,51.6598,51.6982,51.7366,51.775,51.8134,51.8519,51.8903,51.9288,51.9672,52.0056,52.044,52.0824,52.1208,52.1591,52.1973,52.2356,0\right]
v_{backward}=\left[0,10.2574,13.9628,16.7068,18.9509,20.8751,22.5722,24.0973,25.4863,26.7644,27.9497,29.056,30.094,31.0721,31.9974,32.8754,33.711,34.5081,35.2701,36.0001,36.7006,37.3738,38.0218,38.6462,39.2488,39.8308,40.3936,40.9382,41.4659,41.9774,42.4736,42.9555,43.4236,43.8787,44.3214,44.7522,45.1717,45.5805,45.9789,46.3674,46.7464,47.1163,47.4774,47.8301,48.1748,48.5116,48.8409,49.1629,49.4779,49.7862,50.0879,50.3833,50.6726,50.956,51.2336,51.5057,51.7724,52.0338,52.2902,52.5416,52.7883,53.0303,53.2678,53.5008,53.7296,53.9543,54.1748,54.3914,54.6042,54.8132,55.0186,55.2204,55.4187,55.6136,55.8052,55.9935,56.1787,56.3608,56.5399,56.7161,56.8894,57.0598,57.2275,57.3925,57.5549,57.7147,57.872,58.0268,58.1792,58.3292,58.4769,58.6223,58.7655,58.9065,59.0454,59.1822,59.3169,59.4497,59.5804,59.7092,59.8361,59.9612,59.9999,59.9999,59.9999,59.9999,59.9999,59.9999,59.9999,59.9999,59.9999,59.9999,59.9999,59.9999,59.9999,59.9999,59.9999,59.9999,59.9999,59.9999,59.9999,59.9999,59.9999,59.9999,59.9999,59.9999,59.9999,59.9999,59.9999,59.9999,59.9999,59.9999,59.9999,59.9999,59.9999,59.9999,59.9999,59.9999,59.9999,59.9999,59.9999,59.9999,59.9999,59.9999,59.9999,59.9999,59.9999,59.9999,59.9999,59.9999,59.9999,59.9999,59.9999,59.9999,59.9999,59.9999,59.9999,59.9999,59.9999,59.9999,59.9999,59.9999,59.9999,59.9999,59.9999,59.9999,59.9999,59.9999,59.9999,59.9999,59.9999,59.9999,59.9999,59.9999,59.9999,59.9999,59.9999,59.9999,59.9999,59.9999,59.9999,59.9999,59.9999,59.9999,59.9999,59.9999,59.9999,59.9999,59.9999,59.9999,59.9201,59.7944,59.6669,59.5374,59.4061,59.2727,59.1373,58.9998,58.8602,58.7185,58.5745,58.4284,58.2799,58.1291,57.9759,57.8203,57.6622,57.5016,57.3383,57.1724,57.0038,56.8324,56.6582,56.4815,56.3041,56.1262,55.9478,55.7688,55.5892,55.409,55.2282,55.0469,54.8649,54.6823,54.4991,54.3153,54.1309,53.9459,53.7602,53.5738,53.3869,53.1992,53.0109,52.8219,52.6323,52.4419,52.2509,52.2128,52.1746,52.1365,52.0982,52.06,52.0217,51.9834,51.9451,51.9067,51.8684,51.83,51.7917,51.7534,51.7151,51.6768,51.6386,51.6003,51.5622,51.5241,51.486,51.448,51.4101,51.3723,51.3345,51.2969,51.2593,51.2219,51.1845,51.1473,51.1103,51.0734,51.0366,51,50.9636,50.9273,50.8912,50.8554,50.8197,50.7843,50.749,50.7141,50.6793,50.6448,50.6106,50.5767,50.543,50.5096,50.4766,50.4438,50.4114,50.3794,50.3476,50.3163,50.2853,50.2546,50.2244,50.1946,50.1652,50.1362,50.1077,50.0796,50.0519,50.0248,49.9981,49.9719,49.9462,49.921,49.8964,49.8723,49.8487,49.8257,49.8033,49.7814,49.7602,49.7395,49.7195,49.7001,49.6813,49.6632,49.6457,49.629,49.6128,49.5974,49.5827,49.5687,49.5554,49.5428,49.531,49.5199,49.5096,49.5001,49.4502,49.4047,49.3637,49.3273,49.2956,49.2686,49.2462,49.2285,49.2157,49.2076,49.2043,49.2059,49.2124,49.2239,49.2403,49.2617,49.2882,49.3198,49.3565,49.3983,49.4454,49.4978,49.5097,49.5207,49.5326,49.5455,49.5592,49.5739,49.5895,49.6061,49.6236,49.642,49.6613,49.6816,49.7028,49.7249,49.748,49.7719,49.7968,49.8227,49.8494,49.8771,49.9057,49.9352,49.9657,49.997,50.0293,50.0624,50.0965,50.1314,50.1672,50.2039,50.2415,50.28,50.3194,50.3596,50.4006,50.4426,50.4853,50.5289,50.5734,50.6186,50.6647,50.7116,50.7593,50.8079,50.8572,50.9072,50.9581,51.0097,51.0621,51.1153,51.1692,51.2238,51.2791,51.3352,51.392,51.4495,51.5077,51.5666,51.6262,51.6864,51.7473,51.8088,51.871,51.9339,51.9973,52.0614,52.1261,52.1914,52.2573,52.3238,52.3909,52.4585,52.5267,52.5955,52.6648,52.7346,52.805,52.8759,52.9474,53.0193,53.0917,53.1647,53.2381,53.312,53.3864,53.4612,53.5365,53.6123,53.6885,53.7652,53.8423,53.9198,53.9978,54.0761,54.1549,54.2341,54.3137,54.3937,54.4741,54.5549,54.636,54.7175,54.7995,54.8817,54.9644,55.0474,55.1307,55.2145,55.2985,55.3829,55.4677,55.5528,55.6383,55.724,55.8101,55.8966,55.9834,56.0704,56.1579,56.2456,56.3337,56.422,56.5107,56.5998,56.6891,56.7787,56.8687,56.959,57.0495,57.1404,57.2316,57.3231,57.4149,57.3546,57.1889,57.0208,56.852,56.6823,56.5119,56.3406,56.1686,55.9958,55.8221,55.6476,55.4723,55.2961,55.1191,54.9412,54.7625,54.5828,54.4023,54.2209,54.0385,53.8553,53.6711,53.486,53.2999,53.1128,52.9248,52.7358,52.5459,52.3556,52.1649,51.9739,51.7824,51.5906,51.3984,51.2058,51.0127,50.8193,50.6254,50.4311,50.2364,50.0413,49.8457,49.6496,49.4531,49.2562,49.0587,48.8608,48.6624,48.4636,48.2642,48.0643,47.8639,47.663,47.4616,47.2596,47.0571,46.854,46.6504,46.4462,46.2415,46.0361,45.8302,45.6236,45.4165,45.2087,45.0003,44.7913,44.5816,44.3712,44.1602,43.9485,43.7376,43.5304,43.3267,43.1264,42.9293,42.7353,42.5443,42.3561,42.1707,41.9879,41.8077,41.6299,41.4545,41.2814,41.1106,40.9418,40.7752,40.6105,40.4478,40.2869,40.1279,39.9706,39.815,39.661,39.5087,39.3579,39.2086,39.0608,38.9143,38.7693,38.6256,38.4831,38.3419,38.202,38.0632,37.9256,37.7891,37.6536,37.5193,37.3859,37.2535,37.1221,36.9917,36.8621,36.7334,36.6056,36.4786,36.3525,36.2271,36.1025,35.9786,35.8554,35.7329,35.6111,35.49,35.3695,35.2496,35.1303,35.0115,34.8933,34.7757,34.6586,34.542,34.4258,34.3101,34.1949,34.0801,33.9657,33.8517,33.7381,33.6249,33.512,33.3994,33.2872,33.1752,33.0635,32.9522,32.841,32.7301,32.6195,32.509,32.3988,32.2887,32.1788,32.069,31.9594,31.8499,31.7406,31.6313,31.5221,31.4129,31.3039,31.1948,31.0858,30.9768,30.8678,30.7588,30.6497,30.5406,30.4314,30.3222,30.2129,30.1034,29.9939,29.8842,29.7744,29.6644,29.5542,29.4439,29.3333,29.2225,29.1115,29.0003,28.8887,28.7769,28.6648,28.5524,28.4396,28.3265,28.2131,28.0993,27.985,27.8704,27.7553,27.6398,27.5239,27.4074,27.2905,27.173,27.055,26.9365,26.8174,26.6976,26.5773,26.4564,26.3348,26.2125,26.0896,25.9659,25.8415,25.7163,25.5904,25.4637,25.3361,25.2077,25.0784,24.9482,24.8171,24.6851,24.5521,24.418,24.283,24.1468,24.0096,23.8713,23.7318,23.5911,23.4493,23.3061,23.1617,23.016,22.8689,22.7204,22.5705,22.4191,22.2662,22.1117,21.9557,21.7979,21.6385,21.4774,21.3144,21.1496,20.9828,20.8142,20.6434,20.4706,20.2957,20.1185,19.939,19.7571,19.5728,19.386,19.1965,19.0043,18.8094,18.6115,18.4106,18.2066,17.9993,17.7886,17.5745,17.3567,17.135,16.9094,16.6797,16.4456,16.207,15.9636,15.7153,15.4617,15.2025,14.9376,14.6665,14.3888,14.1043,13.8123,13.5125,13.2043,12.887,12.56,12.2224,11.8734,11.5119,11.1366,10.746,10.3385,9.91188,9.46356,8.99027,8.4878,7.9506,7.37105,6.73819,6.03524,5.234,4.27955,3.03036,0\right]
v_{final}=\left[0,10.2574,13.9628,16.7068,18.9509,20.8751,22.5722,24.0973,25.4863,26.7644,27.9497,29.056,30.094,31.0721,31.9974,32.8754,33.711,34.5081,35.2701,36.0001,36.7006,37.3738,38.0218,38.6462,39.2488,39.8308,40.3936,40.9382,41.4659,41.9774,42.4736,42.9555,43.4236,43.8787,44.3214,44.7522,45.1717,45.5805,45.9789,46.3674,46.7464,47.1163,47.4774,47.8301,48.1748,48.5116,48.8409,49.1629,49.4779,49.7862,50.0879,50.3833,50.6726,50.956,51.2336,51.5057,51.7724,52.0338,52.2902,52.5416,52.7883,53.0303,53.2678,53.5008,53.7296,53.9543,54.1748,54.3914,54.6042,54.8132,55.0186,55.2204,55.4187,55.6136,55.8052,55.9935,56.1787,56.3608,56.5399,56.7161,56.8894,57.0598,57.2275,57.3925,57.5549,57.7147,57.872,58.0268,58.1792,58.3292,58.4769,58.6223,58.7655,58.9065,59.0454,59.1822,59.3169,59.4497,59.5804,59.7092,59.8361,59.9612,59.9999,59.9999,59.9999,59.9999,59.9999,59.9999,59.9999,59.9999,59.9999,59.9999,59.9999,59.9999,59.9999,59.9999,59.9999,59.9999,59.9999,59.9999,59.9999,59.9999,59.9999,59.9999,59.9999,59.9999,59.9999,59.9999,59.9999,59.9999,59.9999,59.9999,59.9999,59.9999,59.9999,59.9999,59.9999,59.9999,59.9999,59.9999,59.9999,59.9999,59.9999,59.9999,59.9999,59.9999,59.9999,59.9999,59.9999,59.9999,59.9999,59.9999,59.9999,59.9999,59.9999,59.9999,59.9999,59.9999,59.9999,59.9999,59.9999,59.9999,59.9999,59.9999,59.9999,59.9999,59.9999,59.9999,59.9999,59.9999,59.9999,59.9999,59.9999,59.9999,59.9999,59.9999,59.9999,59.9999,59.9999,59.9999,59.9999,59.9999,59.9999,59.9999,59.9999,59.9999,59.9999,59.9999,59.9999,59.9999,59.9201,59.7944,59.6669,59.5374,59.4061,59.2727,59.1373,58.9998,58.8602,58.7185,58.5745,58.4284,58.2799,58.1291,57.9759,57.8203,57.6622,57.5016,57.3383,57.1724,57.0038,56.8324,56.6582,56.4815,56.3041,56.1262,55.9478,55.7688,55.5892,55.409,55.2282,55.0469,54.8649,54.6823,54.4991,54.3153,54.1309,53.9459,53.7602,53.5738,53.3869,53.1992,53.0109,52.8219,52.6323,52.4419,52.2509,52.2128,52.1746,52.1365,52.0982,52.06,52.0217,51.9834,51.9451,51.9067,51.8684,51.83,51.7917,51.7534,51.7151,51.6768,51.6386,51.6003,51.5622,51.5241,51.486,51.448,51.4101,51.3723,51.3345,51.2969,51.2593,51.2219,51.1845,51.1473,51.1103,51.0734,51.0366,51,50.9636,50.9273,50.8912,50.8554,50.8197,50.7843,50.749,50.7141,50.6793,50.6448,50.6106,50.5767,50.543,50.5096,50.4766,50.4438,50.4114,50.3794,50.3476,50.3163,50.2853,50.2546,50.2244,50.1946,50.1652,50.1362,50.1077,50.0796,50.0519,50.0248,49.9981,49.9719,49.9462,49.921,49.8964,49.8723,49.8487,49.8257,49.8033,49.7814,49.7602,49.7395,49.7195,49.7001,49.6813,49.6632,49.6457,49.629,49.6128,49.5974,49.5827,49.5687,49.5554,49.5428,49.531,49.5199,49.5096,49.5001,49.4502,49.4047,49.3637,49.3273,49.2956,49.2686,49.2462,49.2285,49.2157,49.2076,49.2043,49.2059,49.2124,49.2239,49.2403,49.2617,49.2882,49.3198,49.3565,49.3983,49.4454,49.4978,49.5097,49.5207,49.5326,49.5455,49.5592,49.5739,49.5895,49.6061,49.6236,49.642,49.6613,49.6816,49.7028,49.7249,49.748,49.7719,49.7968,49.8227,49.8494,49.8771,49.9057,49.9352,49.9657,49.997,50.0293,50.0624,50.0965,50.1314,50.1672,50.2039,50.2415,50.28,50.3194,50.3596,50.4006,50.4426,50.4853,50.5289,50.5734,50.6186,50.6647,50.7116,50.7593,50.8079,50.8572,50.9072,50.9581,51.0097,51.0621,51.1153,51.1692,51.2238,51.2791,51.3352,51.392,51.4495,51.5077,51.5666,51.6262,51.6864,51.7473,51.8088,51.871,51.9339,51.9973,52.0614,52.1261,52.1914,52.2573,52.3238,52.3909,52.4585,52.5267,52.5955,52.6648,52.7346,52.805,52.8759,52.9474,53.0193,53.0917,53.1647,53.2381,53.312,53.3864,53.4612,53.5365,53.6123,53.6885,53.7652,53.8423,53.9198,53.9978,54.0761,54.1549,54.2341,54.3137,54.3937,54.4741,54.5549,54.636,54.7175,54.7995,54.8817,54.9644,55.0474,55.1307,55.2145,55.2985,55.3829,55.4677,55.5528,55.6383,55.724,55.8101,55.8966,55.9834,56.0704,56.1579,56.2456,56.3337,56.422,56.5107,56.5998,56.6891,56.7787,56.8687,56.959,57.0495,57.1404,57.2316,57.3231,57.4149,57.3546,57.1889,57.0208,56.852,56.6823,56.5119,56.3406,56.1686,55.9958,55.8221,55.6476,55.4723,55.2961,55.1191,54.9412,54.7625,54.5828,54.4023,54.2209,54.0385,53.8553,53.6711,53.486,53.2999,53.1128,52.9248,52.7358,52.5459,52.3556,52.1649,51.9739,51.7824,51.5906,51.3984,51.2058,51.0127,50.8193,50.6254,50.4311,50.2364,50.0413,49.8457,49.6496,49.4531,49.2562,49.0587,48.8608,48.6624,48.4636,48.2642,48.0643,47.8639,47.663,47.4616,47.2596,47.0571,46.854,46.6504,46.4462,46.2415,46.0361,45.8302,45.6236,45.4165,45.2087,45.0003,44.7913,44.5816,44.3712,44.1602,43.9485,43.7376,43.5304,43.3267,43.1264,42.9293,42.7353,42.5443,42.3561,42.1707,41.9879,41.8077,41.6299,41.4545,41.2814,41.1106,40.9418,40.7752,40.6105,40.4478,40.2869,40.1279,39.9706,39.815,39.661,39.5087,39.3579,39.2086,39.0608,38.9143,38.7693,38.6256,38.4831,38.3419,38.202,38.0632,37.9256,37.7891,37.6536,37.5193,37.3859,37.2535,37.1221,36.9917,36.8621,36.7334,36.6056,36.4786,36.3525,36.2271,36.1025,35.9786,35.8554,35.7329,35.6111,35.49,35.3695,35.2496,35.1303,35.0115,34.8933,34.7757,34.6586,34.542,34.4258,34.3101,34.1949,34.0801,33.9657,33.8517,33.7381,33.6249,33.512,33.3994,33.2872,33.1752,33.0635,32.9522,32.841,32.7301,32.6195,32.509,32.3988,32.2887,32.1788,32.069,31.9594,31.8499,31.7406,31.6313,31.5221,31.4129,31.3039,31.1948,31.0858,30.9768,30.8678,30.7588,30.6497,30.5406,30.4314,30.3222,30.2129,30.1034,29.9939,29.8842,29.7744,29.6644,29.5542,29.4439,29.3333,29.2225,29.1115,29.0003,28.8887,28.7769,28.6648,28.5524,28.4396,28.3265,28.2131,28.0993,27.985,27.8704,27.7553,27.6398,27.5239,27.4074,27.2905,27.173,27.055,26.9365,26.8174,26.6976,26.5773,26.4564,26.3348,26.2125,26.0896,25.9659,25.8415,25.7163,25.5904,25.4637,25.3361,25.2077,25.0784,24.9482,24.8171,24.6851,24.5521,24.418,24.283,24.1468,24.0096,23.8713,23.7318,23.5911,23.4493,23.3061,23.1617,23.016,22.8689,22.7204,22.5705,22.4191,22.2662,22.1117,21.9557,21.7979,21.6385,21.4774,21.3144,21.1496,20.9828,20.8142,20.6434,20.4706,20.2957,20.1185,19.939,19.7571,19.5728,19.386,19.1965,19.0043,18.8094,18.6115,18.4106,18.2066,17.9993,17.7886,17.5745,17.3567,17.135,16.9094,16.6797,16.4456,16.207,15.9636,15.7153,15.4617,15.2025,14.9376,14.6665,14.3888,14.1043,13.8123,13.5125,13.2043,12.887,12.56,12.2224,11.8734,11.5119,11.1366,10.746,10.3385,9.91188,9.46356,8.99027,8.4878,7.9506,7.37105,6.73819,6.03524,5.234,4.27955,3.03036,0\right]
l_{times}=\left[0,0.0194982,0.0277558,0.0342769,0.0398858,0.0449077,0.0495109,0.0537964,0.05783,0.0616577,0.0653131,0.0688215,0.0722027,0.0754725,0.0786436,0.0817266,0.0847302,0.0876619,0.0905281,0.0933343,0.0960853,0.0987853,0.101438,0.104047,0.106614,0.109143,0.111636,0.114095,0.116522,0.118919,0.121288,0.123629,0.125944,0.128235,0.130502,0.132748,0.134972,0.137176,0.13936,0.141526,0.143674,0.145805,0.147919,0.150017,0.152101,0.154169,0.156224,0.158264,0.160292,0.162307,0.164309,0.1663,0.168279,0.170247,0.172204,0.174151,0.176087,0.178014,0.179931,0.181839,0.183738,0.185628,0.187509,0.189382,0.191247,0.193105,0.194954,0.196797,0.198631,0.200459,0.20228,0.204095,0.205902,0.207704,0.209499,0.211287,0.21307,0.214848,0.216619,0.218385,0.220145,0.221901,0.223651,0.225395,0.227135,0.22887,0.230601,0.232326,0.234047,0.235764,0.237476,0.239184,0.240888,0.242588,0.244283,0.245975,0.247663,0.249347,0.251027,0.252704,0.254377,0.256046,0.257713,0.25938,0.261047,0.262713,0.26438,0.266047,0.267713,0.26938,0.271047,0.272713,0.27438,0.276047,0.277713,0.27938,0.281047,0.282713,0.28438,0.286047,0.287713,0.28938,0.291047,0.292713,0.29438,0.296047,0.297713,0.29938,0.301047,0.302713,0.30438,0.306047,0.307713,0.30938,0.311047,0.312713,0.31438,0.316047,0.317713,0.31938,0.321047,0.322713,0.32438,0.326047,0.327713,0.32938,0.331047,0.332713,0.33438,0.336047,0.337713,0.33938,0.341047,0.342713,0.34438,0.346047,0.347713,0.34938,0.351047,0.352713,0.35438,0.356046,0.357713,0.35938,0.361046,0.362713,0.36438,0.366046,0.367713,0.36938,0.371046,0.372713,0.37438,0.376046,0.377713,0.37938,0.381046,0.382713,0.38438,0.386046,0.387713,0.38938,0.391046,0.392713,0.39438,0.396046,0.397713,0.39938,0.401046,0.402713,0.404381,0.406052,0.407726,0.409403,0.411085,0.41277,0.414459,0.416152,0.417849,0.41955,0.421255,0.422965,0.424678,0.426396,0.428119,0.429846,0.431578,0.433315,0.435056,0.436803,0.438554,0.440311,0.442074,0.443841,0.445615,0.447393,0.449178,0.450968,0.452764,0.454566,0.456374,0.458187,0.460007,0.461833,0.463665,0.465503,0.467347,0.469197,0.471054,0.472918,0.474787,0.476664,0.478547,0.480437,0.482333,0.484237,0.486147,0.488062,0.489977,0.491895,0.493814,0.495734,0.497655,0.499578,0.501503,0.503429,0.505356,0.507284,0.509215,0.511146,0.513079,0.515014,0.516949,0.518887,0.520825,0.522765,0.524707,0.52665,0.528594,0.53054,0.532488,0.534436,0.536386,0.538338,0.540291,0.542245,0.544201,0.546159,0.548117,0.550077,0.552039,0.554002,0.555966,0.557932,0.559899,0.561867,0.563837,0.565808,0.567781,0.569754,0.57173,0.573706,0.575684,0.577663,0.579644,0.581625,0.583609,0.585593,0.587578,0.589565,0.591553,0.593542,0.595533,0.597525,0.599517,0.601511,0.603507,0.605503,0.6075,0.609499,0.611498,0.613499,0.6155,0.617503,0.619507,0.621511,0.623517,0.625524,0.627531,0.629539,0.631548,0.633559,0.635569,0.637581,0.639593,0.641607,0.643621,0.645635,0.647651,0.649666,0.651683,0.6537,0.655718,0.657736,0.659755,0.661774,0.663794,0.665814,0.667835,0.669858,0.671883,0.673909,0.675937,0.677966,0.679996,0.682027,0.684059,0.686091,0.688123,0.690156,0.692188,0.69422,0.696251,0.698281,0.700311,0.702339,0.704366,0.706391,0.708414,0.710436,0.712456,0.714475,0.716495,0.718513,0.720531,0.722549,0.724566,0.726582,0.728597,0.730612,0.732626,0.734639,0.736652,0.738663,0.740674,0.742684,0.744692,0.7467,0.748706,0.750712,0.752716,0.754719,0.756721,0.758722,0.760722,0.76272,0.764717,0.766712,0.768706,0.770699,0.77269,0.77468,0.776668,0.778654,0.780639,0.782622,0.784604,0.786584,0.788562,0.790539,0.792513,0.794486,0.796457,0.798426,0.800393,0.802359,0.804322,0.806284,0.808243,0.8102,0.812156,0.814109,0.81606,0.818009,0.819956,0.821901,0.823843,0.825784,0.827722,0.829658,0.831591,0.833523,0.835452,0.837378,0.839303,0.841225,0.843144,0.845062,0.846976,0.848889,0.850799,0.852706,0.854611,0.856514,0.858414,0.860311,0.862206,0.864099,0.865989,0.867876,0.869761,0.871643,0.873523,0.8754,0.877275,0.879146,0.881016,0.882882,0.884746,0.886607,0.888466,0.890322,0.892175,0.894026,0.895874,0.897719,0.899561,0.901401,0.903238,0.905073,0.906904,0.908733,0.910559,0.912383,0.914204,0.916022,0.917837,0.919649,0.921459,0.923266,0.92507,0.926872,0.928671,0.930466,0.93226,0.93405,0.935838,0.937622,0.939405,0.941184,0.94296,0.944734,0.946505,0.948273,0.950039,0.951801,0.953561,0.955318,0.957072,0.958824,0.960573,0.962318,0.964062,0.965804,0.96755,0.969301,0.971058,0.972819,0.974586,0.976358,0.978136,0.979919,0.981708,0.983502,0.985302,0.987107,0.988919,0.990736,0.992559,0.994388,0.996223,0.998064,0.999912,1.00177,1.00363,1.00549,1.00736,1.00924,1.01113,1.01302,1.01492,1.01683,1.01874,1.02066,1.02259,1.02453,1.02647,1.02842,1.03037,1.03234,1.03431,1.03629,1.03827,1.04027,1.04227,1.04428,1.0463,1.04833,1.05036,1.0524,1.05445,1.05651,1.05858,1.06066,1.06274,1.06484,1.06694,1.06905,1.07117,1.0733,1.07544,1.07759,1.07974,1.08191,1.08409,1.08628,1.08847,1.09068,1.0929,1.09512,1.09736,1.09961,1.10187,1.10414,1.10642,1.10871,1.11101,1.11333,1.11565,1.11799,1.12033,1.12269,1.12505,1.12743,1.12982,1.13221,1.13462,1.13704,1.13947,1.1419,1.14435,1.14681,1.14928,1.15175,1.15424,1.15674,1.15924,1.16176,1.16429,1.16682,1.16937,1.17192,1.17449,1.17706,1.17965,1.18224,1.18484,1.18746,1.19008,1.19271,1.19535,1.198,1.20066,1.20333,1.20601,1.2087,1.2114,1.21411,1.21683,1.21955,1.22229,1.22504,1.22779,1.23056,1.23333,1.23612,1.23891,1.24171,1.24453,1.24735,1.25018,1.25302,1.25587,1.25874,1.26161,1.26449,1.26738,1.27028,1.27319,1.27611,1.27903,1.28197,1.28492,1.28788,1.29085,1.29383,1.29682,1.29982,1.30283,1.30585,1.30888,1.31192,1.31497,1.31803,1.3211,1.32418,1.32727,1.33037,1.33349,1.33661,1.33974,1.34289,1.34604,1.34921,1.35239,1.35558,1.35878,1.36199,1.36521,1.36845,1.37169,1.37495,1.37822,1.3815,1.38479,1.38809,1.39141,1.39474,1.39808,1.40143,1.40479,1.40817,1.41156,1.41496,1.41838,1.42181,1.42525,1.42871,1.43217,1.43566,1.43915,1.44266,1.44618,1.44972,1.45327,1.45684,1.46042,1.46401,1.46762,1.47125,1.47489,1.47855,1.48222,1.48591,1.48961,1.49333,1.49707,1.50082,1.5046,1.50838,1.51219,1.51601,1.51986,1.52372,1.5276,1.53149,1.53541,1.53935,1.54331,1.54728,1.55128,1.5553,1.55934,1.5634,1.56749,1.57159,1.57572,1.57987,1.58405,1.58825,1.59248,1.59673,1.60101,1.60531,1.60964,1.614,1.61839,1.62281,1.62725,1.63173,1.63623,1.64077,1.64534,1.64995,1.65459,1.65926,1.66397,1.66872,1.6735,1.67833,1.68319,1.6881,1.69305,1.69804,1.70308,1.70816,1.7133,1.71848,1.72371,1.729,1.73435,1.73975,1.74521,1.75074,1.75633,1.76198,1.76771,1.7735,1.77938,1.78533,1.79137,1.7975,1.80371,1.81003,1.81644,1.82296,1.8296,1.83636,1.84324,1.85026,1.85742,1.86474,1.87223,1.87989,1.88775,1.89582,1.90412,1.91268,1.92151,1.93065,1.94013,1.95001,1.96033,1.97117,1.98261,1.99478,2.00783,2.02201,2.03766,2.05541,2.07643,2.10379,2.16979,\right]
l_{points}=\left[\left(-23.6,0\right),\left(-23.5,0\right),\left(-23.4,0\right),\left(-23.3,0\right),\left(-23.2,0\right),\left(-23.1,0\right),\left(-23,0\right),\left(-22.9,0\right),\left(-22.8,0\right),\left(-22.7,0\right),\left(-22.6,0\right),\left(-22.5,0\right),\left(-22.4,0\right),\left(-22.3,0\right),\left(-22.2,0\right),\left(-22.1,0\right),\left(-22,0\right),\left(-21.9,0\right),\left(-21.8,0\right),\left(-21.7,0\right),\left(-21.6,0\right),\left(-21.5,0\right),\left(-21.4,0\right),\left(-21.3,0\right),\left(-21.2,0\right),\left(-21.1,0\right),\left(-21,0\right),\left(-20.9,0\right),\left(-20.8,0\right),\left(-20.7,0\right),\left(-20.6,0\right),\left(-20.5,0\right),\left(-20.4,0\right),\left(-20.3,0\right),\left(-20.2,0\right),\left(-20.1,0\right),\left(-20,0\right),\left(-19.9,0\right),\left(-19.8,0\right),\left(-19.7,0\right),\left(-19.6,0\right),\left(-19.5,0\right),\left(-19.4,0\right),\left(-19.3,0\right),\left(-19.2,0\right),\left(-19.1,0\right),\left(-19,0\right),\left(-18.9,0\right),\left(-18.8,0\right),\left(-18.7,0\right),\left(-18.6,0\right),\left(-18.5,0\right),\left(-18.4,0\right),\left(-18.3,0\right),\left(-18.2,0\right),\left(-18.1,0\right),\left(-18,0\right),\left(-17.9,0\right),\left(-17.8,0\right),\left(-17.7,0\right),\left(-17.6,0\right),\left(-17.5,0\right),\left(-17.4,0\right),\left(-17.3,0\right),\left(-17.2,0\right),\left(-17.1,0\right),\left(-17,0\right),\left(-16.9,0\right),\left(-16.8,0\right),\left(-16.7,0\right),\left(-16.6,0\right),\left(-16.5,0\right),\left(-16.4,0\right),\left(-16.3,0\right),\left(-16.2,0\right),\left(-16.1,0\right),\left(-16,0\right),\left(-15.9,0\right),\left(-15.8,0\right),\left(-15.7,0\right),\left(-15.6,0\right),\left(-15.5,0\right),\left(-15.4,0\right),\left(-15.3,0\right),\left(-15.2,0\right),\left(-15.1,0\right),\left(-15,0\right),\left(-14.9,0\right),\left(-14.8,0\right),\left(-14.7,0\right),\left(-14.6,0\right),\left(-14.5,0\right),\left(-14.4,0\right),\left(-14.3,0\right),\left(-14.2,0\right),\left(-14.1,0\right),\left(-14,0\right),\left(-13.9,0\right),\left(-13.8,0\right),\left(-13.7,0\right),\left(-13.6,0\right),\left(-13.5,0\right),\left(-13.4,0\right),\left(-13.3,0\right),\left(-13.2,0\right),\left(-13.1,0\right),\left(-13,0\right),\left(-12.9,0\right),\left(-12.8,0\right),\left(-12.7,0\right),\left(-12.6,0\right),\left(-12.5,0\right),\left(-12.4,0\right),\left(-12.3,0\right),\left(-12.2,0\right),\left(-12.1,0\right),\left(-12,0\right),\left(-11.9,0\right),\left(-11.8,0\right),\left(-11.7,0\right),\left(-11.6,0\right),\left(-11.5,0\right),\left(-11.4,0\right),\left(-11.3,0\right),\left(-11.2,0\right),\left(-11.1,0\right),\left(-11,0\right),\left(-10.9,0\right),\left(-10.8,0\right),\left(-10.7,0\right),\left(-10.6,0\right),\left(-10.5,0\right),\left(-10.4,0\right),\left(-10.3,0\right),\left(-10.2,0\right),\left(-10.1,0\right),\left(-9.99999,0\right),\left(-9.89999,0\right),\left(-9.79999,0\right),\left(-9.69999,0\right),\left(-9.59999,0\right),\left(-9.49999,0\right),\left(-9.39998,0\right),\left(-9.29998,0\right),\left(-9.19999,0\right),\left(-9.09998,0\right),\left(-8.99998,0\right),\left(-8.89999,0\right),\left(-8.79998,0\right),\left(-8.69998,0\right),\left(-8.59998,0\right),\left(-8.49998,0\right),\left(-8.39998,0\right),\left(-8.29998,0\right),\left(-8.19998,0\right),\left(-8.09998,0\right),\left(-7.99998,0\right),\left(-7.89998,0\right),\left(-7.79998,0\right),\left(-7.69998,0\right),\left(-7.59998,0\right),\left(-7.49998,0\right),\left(-7.39998,0\right),\left(-7.29998,0\right),\left(-7.19998,0\right),\left(-7.09998,0\right),\left(-6.99998,0\right),\left(-6.89998,0\right),\left(-6.79998,0\right),\left(-6.69998,0\right),\left(-6.59998,0\right),\left(-6.49998,0\right),\left(-6.39998,0\right),\left(-6.29998,0\right),\left(-6.19998,0\right),\left(-6.09998,0\right),\left(-5.99998,0\right),\left(-5.89998,0\right),\left(-5.79998,0\right),\left(-5.69998,0\right),\left(-5.59998,0\right),\left(-5.49998,0\right),\left(-5.39998,0\right),\left(-5.29998,0\right),\left(-5.19998,0\right),\left(-5.09998,0\right),\left(-4.99998,0\right),\left(-4.89998,0\right),\left(-4.79998,0\right),\left(-4.69998,0\right),\left(-4.59998,0\right),\left(-4.49998,0\right),\left(-4.39998,0\right),\left(-4.29998,0\right),\left(-4.19998,0\right),\left(-4.09998,0\right),\left(-3.99998,0\right),\left(-3.89998,0\right),\left(-3.79998,0\right),\left(-3.69998,0\right),\left(-3.59998,0\right),\left(-3.49998,0\right),\left(-3.39998,0\right),\left(-3.29998,0\right),\left(-3.19998,0\right),\left(-3.09998,0\right),\left(-2.99998,0\right),\left(-2.89997,0\right),\left(-2.79998,0\right),\left(-2.69998,0\right),\left(-2.59998,0\right),\left(-2.49998,0\right),\left(-2.39998,0\right),\left(-2.29997,0\right),\left(-2.19997,0\right),\left(-2.09997,0\right),\left(-1.99998,0\right),\left(-1.89998,0\right),\left(-1.79997,0\right),\left(-1.69997,0\right),\left(-1.59997,0\right),\left(-1.49997,0\right),\left(-1.39997,0\right),\left(-1.29997,0\right),\left(-1.19997,0\right),\left(-1.09997,0\right),\left(-0.999974,0\right),\left(-0.899974,0\right),\left(-0.799974,0\right),\left(-0.699972,0\right),\left(-0.599972,0\right),\left(-0.499973,0\right),\left(-0.399973,0\right),\left(-0.299973,0\right),\left(-0.199971,0\right),\left(-0.0999715,0\right),\left(8.44001e-05,1.00613e-10\right),\left(0.0999404,0.000141341\right),\left(0.1998,0.000565972\right),\left(0.299653,0.00127545\right),\left(0.399507,0.0022714\right),\left(0.49936,0.00355545\right),\left(0.59921,0.0051292\right),\left(0.699055,0.00699424\right),\left(0.798895,0.00915215\right),\left(0.898727,0.0116045\right),\left(0.99855,0.0143529\right),\left(1.09836,0.0173989\right),\left(1.19816,0.0207441\right),\left(1.29796,0.0243903\right),\left(1.39774,0.0283388\right),\left(1.49751,0.0325914\right),\left(1.59726,0.0371495\right),\left(1.697,0.0420149\right),\left(1.79673,0.0471892\right),\left(1.89644,0.0526739\right),\left(1.99613,0.0584707\right),\left(2.09581,0.0645812\right),\left(2.19547,0.0710067\right),\left(2.2951,0.0777489\right),\left(2.39472,0.0848093\right),\left(2.4943,0.0921895\right),\left(2.59387,0.0998909\right),\left(2.6934,0.107915\right),\left(2.79292,0.116264\right),\left(2.8924,0.124939\right),\left(2.99185,0.133941\right),\left(3.09128,0.143272\right),\left(3.19067,0.152934\right),\left(3.29004,0.162928\right),\left(3.38936,0.173255\right),\left(3.48865,0.183917\right),\left(3.58791,0.194916\right),\left(3.68713,0.206253\right),\left(3.78631,0.217929\right),\left(3.88545,0.229946\right),\left(3.98455,0.242305\right),\left(4.0836,0.255007\right),\left(4.18261,0.268055\right),\left(4.28158,0.281449\right),\left(4.38049,0.295191\right),\left(4.47936,0.309282\right),\left(4.57818,0.323723\right),\left(4.67695,0.338515\right),\left(4.77566,0.353661\right),\left(4.87432,0.369161\right),\left(4.97292,0.385016\right),\left(5.07147,0.401228\right),\left(5.16995,0.417798\right),\left(5.26838,0.434728\right),\left(5.36674,0.452018\right),\left(5.46504,0.469669\right),\left(5.56327,0.487682\right),\left(5.66144,0.50606\right),\left(5.75954,0.524802\right),\left(5.85757,0.543911\right),\left(5.95553,0.563386\right),\left(6.05342,0.583229\right),\left(6.15123,0.603442\right),\left(6.24896,0.624023\right),\left(6.34662,0.644975\right),\left(6.44419,0.666298\right),\left(6.54168,0.687995\right),\left(6.63909,0.710064\right),\left(6.73642,0.732508\right),\left(6.83366,0.755327\right),\left(6.93081,0.778522\right),\left(7.02787,0.802093\right),\left(7.12484,0.826041\right),\left(7.22172,0.850366\right),\left(7.3185,0.87507\right),\left(7.41518,0.900153\right),\left(7.51177,0.925616\right),\left(7.60826,0.951458\right),\left(7.70464,0.977681\right),\left(7.80092,1.00429\right),\left(7.8971,1.03127\right),\left(7.99316,1.05864\right),\left(8.08912,1.08638\right),\left(8.18497,1.11451\right),\left(8.2807,1.14303\right),\left(8.37632,1.17192\right),\left(8.47183,1.2012\right),\left(8.56721,1.23086\right),\left(8.66249,1.26091\right),\left(8.75764,1.29134\right),\left(8.85266,1.32215\right),\left(8.94756,1.35334\right),\left(9.04234,1.38492\right),\left(9.13699,1.41688\right),\left(9.23151,1.44922\right),\left(9.3259,1.48195\right),\left(9.42016,1.51506\right),\left(9.51428,1.54855\right),\left(9.60827,1.58242\right),\left(9.70212,1.61667\right),\left(9.79583,1.65131\right),\left(9.8894,1.68632\right),\left(9.98282,1.72172\right),\left(10.0761,1.75749\right),\left(10.1692,1.79364\right),\left(10.2622,1.83018\right),\left(10.3551,1.86708\right),\left(10.4478,1.90437\right),\left(10.5403,1.94203\right),\left(10.6327,1.98007\right),\left(10.725,2.01848\right),\left(10.817,2.05727\right),\left(10.909,2.09643\right),\left(11.0007,2.13596\right),\left(11.0923,2.17586\right),\left(11.1838,2.21613\right),\left(11.2751,2.25677\right),\left(11.3662,2.29777\right),\left(11.4572,2.33915\right),\left(11.548,2.38088\right),\left(11.6386,2.42298\right),\left(11.729,2.46544\right),\left(11.8193,2.50827\right),\left(11.9094,2.55145\right),\left(11.9994,2.59499\right),\left(12.0892,2.63889\right),\left(12.1788,2.68314\right),\left(12.2682,2.72774\right),\left(12.3574,2.7727\right),\left(12.4465,2.81801\right),\left(12.5354,2.86366\right),\left(12.6241,2.90966\right),\left(12.7127,2.95601\right),\left(12.801,3.0027\right),\left(12.8892,3.04974\right),\left(12.9772,3.09711\right),\left(13.065,3.14482\right),\left(13.1527,3.19287\right),\left(13.2401,3.24125\right),\left(13.3274,3.28996\right),\left(13.4145,3.339\right),\left(13.5014,3.38837\right),\left(13.5881,3.43807\right),\left(13.6746,3.48808\right),\left(13.761,3.53842\right),\left(13.8472,3.58908\right),\left(13.9331,3.64006\right),\left(14.0189,3.69136\right),\left(14.1045,3.74296\right),\left(14.1899,3.79488\right),\left(14.2752,3.8471\right),\left(14.3602,3.89963\right),\left(14.4451,3.95247\right),\left(14.5297,4.0056\right),\left(14.6142,4.05904\right),\left(14.6985,4.11277\right),\left(14.7826,4.16679\right),\left(14.8665,4.2211\right),\left(14.9503,4.27571\right),\left(15.0338,4.3306\right),\left(15.1172,4.38578\right),\left(15.2003,4.44124\right),\left(15.2833,4.49697\right),\left(15.3661,4.55299\right),\left(15.4487,4.60928\right),\left(15.5312,4.66584\right),\left(15.6134,4.72266\right),\left(15.6955,4.77976\right),\left(15.7773,4.83712\right),\left(15.859,4.89474\right),\left(15.9406,4.95262\right),\left(16.0219,5.01076\right),\left(16.103,5.06915\right),\left(16.184,5.12779\right),\left(16.2648,5.18668\right),\left(16.3454,5.24581\right),\left(16.4259,5.30519\right),\left(16.5061,5.3648\right),\left(16.5862,5.42466\right),\left(16.6661,5.48474\right),\left(16.7458,5.54507\right),\left(16.8254,5.60562\right),\left(16.9048,5.66639\right),\left(16.984,5.72739\right),\left(17.063,5.78862\right),\left(17.1419,5.85006\right),\left(17.2206,5.91171\right),\left(17.2992,5.97359\right),\left(17.3775,6.03567\right),\left(17.4558,6.09796\right),\left(17.5338,6.16045\right),\left(17.6117,6.22315\right),\left(17.6894,6.28605\right),\left(17.767,6.34914\right),\left(17.8444,6.41243\right),\left(17.9216,6.47591\right),\left(17.9987,6.53958\right),\left(18.0757,6.60344\right),\left(18.1525,6.66748\right),\left(18.2291,6.7317\right),\left(18.3056,6.7961\right),\left(18.3819,6.86068\right),\left(18.4581,6.92543\right),\left(18.5342,6.99035\right),\left(18.6101,7.05545\right),\left(18.6858,7.1207\right),\left(18.7615,7.18612\right),\left(18.837,7.25169\right),\left(18.9123,7.31743\right),\left(18.9875,7.38332\right),\left(19.0626,7.44936\right),\left(19.1375,7.51555\right),\left(19.2124,7.58189\right),\left(19.2871,7.64838\right),\left(19.3616,7.71501\right),\left(19.4361,7.78177\right),\left(19.5104,7.84868\right),\left(19.5846,7.91571\right),\left(19.6587,7.98288\right),\left(19.7326,8.05018\right),\left(19.8065,8.1176\right),\left(19.8802,8.18515\right),\left(19.9538,8.25282\right),\left(20.0273,8.32062\right),\left(20.1007,8.38852\right),\left(20.174,8.45654\right),\left(20.2472,8.52468\right),\left(20.3203,8.59292\right),\left(20.3933,8.66127\right),\left(20.4662,8.72972\right),\left(20.539,8.79828\right),\left(20.6117,8.86693\right),\left(20.6843,8.93569\right),\left(20.7568,9.00453\right),\left(20.8293,9.07347\right),\left(20.9016,9.1425\right),\left(20.9739,9.21162\right),\left(21.0461,9.28082\right),\left(21.1182,9.3501\right),\left(21.1902,9.41947\right),\left(21.2622,9.48891\right),\left(21.3341,9.55843\right),\left(21.4059,9.62802\right),\left(21.4776,9.69768\right),\left(21.5493,9.76741\right),\left(21.6209,9.83721\right),\left(21.6925,9.90707\right),\left(21.764,9.97699\right),\left(21.8354,10.047\right),\left(21.9068,10.117\right),\left(21.9781,10.1871\right),\left(22.0494,10.2572\right),\left(22.1206,10.3274\right),\left(22.1918,10.3977\right),\left(22.2629,10.468\right),\left(22.334,10.5383\right),\left(22.405,10.6087\right),\left(22.4761,10.6791\right),\left(22.547,10.7495\right),\left(22.618,10.82\right),\left(22.6889,10.8905\right),\left(22.7598,10.961\right),\left(22.8306,11.0316\right),\left(22.9015,11.1022\right),\left(22.9723,11.1728\right),\left(23.0431,11.2434\right),\left(23.1138,11.3141\right),\left(23.1846,11.3847\right),\left(23.2553,11.4554\right),\left(23.3261,11.5261\right),\left(23.3968,11.5968\right),\left(23.4675,11.6675\right),\left(23.5382,11.7382\right),\left(23.6089,11.8089\right),\left(23.6796,11.8796\right),\left(23.7504,11.9503\right),\left(23.8211,12.021\right),\left(23.8918,12.0917\right),\left(23.9625,12.1624\right),\left(24.0333,12.2331\right),\left(24.104,12.3038\right),\left(24.1748,12.3744\right),\left(24.2456,12.445\right),\left(24.3164,12.5156\right),\left(24.3873,12.5862\right),\left(24.4581,12.6568\right),\left(24.529,12.7273\right),\left(24.5999,12.7978\right),\left(24.6709,12.8683\right),\left(24.7419,12.9387\right),\left(24.8129,13.0091\right),\left(24.884,13.0795\right),\left(24.9551,13.1498\right),\left(25.0262,13.2201\right),\left(25.0974,13.2903\right),\left(25.1686,13.3605\right),\left(25.2399,13.4306\right),\left(25.3113,13.5007\right),\left(25.3827,13.5707\right),\left(25.4541,13.6407\right),\left(25.5256,13.7106\right),\left(25.5972,13.7804\right),\left(25.6688,13.8502\right),\left(25.7405,13.9199\right),\left(25.8123,13.9896\right),\left(25.8841,14.0591\right),\left(25.956,14.1286\right),\left(26.028,14.1981\right),\left(26.1,14.2674\right),\left(26.1721,14.3367\right),\left(26.2444,14.4059\right),\left(26.3166,14.475\right),\left(26.389,14.544\right),\left(26.4615,14.6129\right),\left(26.534,14.6817\right),\left(26.6067,14.7504\right),\left(26.6794,14.8191\right),\left(26.7522,14.8876\right),\left(26.8252,14.956\right),\left(26.8982,15.0244\right),\left(26.9713,15.0926\right),\left(27.0445,15.1607\right),\left(27.1179,15.2287\right),\left(27.1913,15.2966\right),\left(27.2648,15.3643\right),\left(27.3385,15.432\right),\left(27.4122,15.4995\right),\left(27.4861,15.5669\right),\left(27.5601,15.6342\right),\left(27.6342,15.7013\right),\left(27.7085,15.7683\right),\left(27.7828,15.8352\right),\left(27.8573,15.9019\right),\left(27.9319,15.9685\right),\left(28.0066,16.035\right),\left(28.0815,16.1013\right),\left(28.1565,16.1675\right),\left(28.2316,16.2335\right),\left(28.3069,16.2993\right),\left(28.3823,16.365\right),\left(28.4578,16.4306\right),\left(28.5335,16.496\right),\left(28.6093,16.5612\right),\left(28.6852,16.6262\right),\left(28.7613,16.6911\right),\left(28.8376,16.7558\right),\left(28.914,16.8204\right),\left(28.9905,16.8848\right),\left(29.0672,16.949\right),\left(29.1441,17.013\right),\left(29.2211,17.0768\right),\left(29.2982,17.1404\right),\left(29.3755,17.2039\right),\left(29.453,17.2671\right),\left(29.5306,17.3302\right),\left(29.6084,17.3931\right),\left(29.6863,17.4557\right),\left(29.7645,17.5182\right),\left(29.8427,17.5804\right),\left(29.9212,17.6425\right),\left(29.9998,17.7043\right),\left(30.0786,17.7659\right),\left(30.1575,17.8273\right),\left(30.2366,17.8885\right),\left(30.3159,17.9495\right),\left(30.3954,18.0102\right),\left(30.475,18.0708\right),\left(30.5548,18.131\right),\left(30.6348,18.1911\right),\left(30.715,18.2509\right),\left(30.7953,18.3105\right),\left(30.8758,18.3698\right),\left(30.9565,18.4289\right),\left(31.0374,18.4878\right),\left(31.1185,18.5464\right),\left(31.1997,18.6047\right),\left(31.2811,18.6628\right),\left(31.3627,18.7207\right),\left(31.4445,18.7782\right),\left(31.5265,18.8356\right),\left(31.6087,18.8926\right),\left(31.691,18.9494\right),\left(31.7735,19.0059\right),\left(31.8563,19.0622\right),\left(31.9392,19.1182\right),\left(32.0222,19.1739\right),\left(32.1055,19.2293\right),\left(32.189,19.2844\right),\left(32.2726,19.3393\right),\left(32.3565,19.3938\right),\left(32.4405,19.4481\right),\left(32.5247,19.5021\right),\left(32.6092,19.5558\right),\left(32.6938,19.6092\right),\left(32.7785,19.6623\right),\left(32.8635,19.7151\right),\left(32.9487,19.7676\right),\left(33.034,19.8197\right),\left(33.1196,19.8716\right),\left(33.2053,19.9232\right),\left(33.2912,19.9744\right),\left(33.3774,20.0254\right),\left(33.4636,20.076\right),\left(33.5501,20.1263\right),\left(33.6368,20.1763\right),\left(33.7237,20.2259\right),\left(33.8107,20.2752\right),\left(33.898,20.3242\right),\left(33.9854,20.3729\right),\left(34.073,20.4212\right),\left(34.1608,20.4693\right),\left(34.2487,20.5169\right),\left(34.3369,20.5642\right),\left(34.4252,20.6112\right),\left(34.5138,20.6579\right),\left(34.6025,20.7042\right),\left(34.6914,20.7501\right),\left(34.7804,20.7957\right),\left(34.8697,20.841\right),\left(34.9591,20.8859\right),\left(35.0487,20.9305\right),\left(35.1385,20.9747\right),\left(35.2284,21.0185\right),\left(35.3185,21.062\right),\left(35.4088,21.1051\right),\left(35.4993,21.1479\right),\left(35.5899,21.1903\right),\left(35.6807,21.2324\right),\left(35.7717,21.274\right),\left(35.8629,21.3154\right),\left(35.9542,21.3563\right),\left(36.0457,21.3969\right),\left(36.1373,21.4371\right),\left(36.2291,21.4769\right),\left(36.3211,21.5164\right),\left(36.4132,21.5555\right),\left(36.5055,21.5942\right),\left(36.5979,21.6326\right),\left(36.6905,21.6706\right),\left(36.7833,21.7082\right),\left(36.8762,21.7454\right),\left(36.9693,21.7822\right),\left(37.0625,21.8187\right),\left(37.1558,21.8548\right),\left(37.2493,21.8905\right),\left(37.343,21.9258\right),\left(37.4368,21.9608\right),\left(37.5307,21.9954\right),\left(37.6248,22.0295\right),\left(37.719,22.0633\right),\left(37.8134,22.0968\right),\left(37.9078,22.1298\right),\left(38.0025,22.1625\right),\left(38.0972,22.1947\right),\left(38.1921,22.2266\right),\left(38.2871,22.2581\right),\left(38.3823,22.2892\right),\left(38.4775,22.32\right),\left(38.5729,22.3503\right),\left(38.6684,22.3803\right),\left(38.7641,22.4099\right),\left(38.8598,22.4391\right),\left(38.9557,22.4679\right),\left(39.0517,22.4963\right),\left(39.1478,22.5243\right),\left(39.244,22.552\right),\left(39.3403,22.5793\right),\left(39.4368,22.6062\right),\left(39.5333,22.6327\right),\left(39.6299,22.6588\right),\left(39.7267,22.6846\right),\left(39.8235,22.7099\right),\left(39.9205,22.7349\right),\left(40.0175,22.7595\right),\left(40.1147,22.7838\right),\left(40.2119,22.8076\right),\left(40.3092,22.8311\right),\left(40.4067,22.8542\right),\left(40.5042,22.8769\right),\left(40.6018,22.8992\right),\left(40.6994,22.9212\right),\left(40.7972,22.9428\right),\left(40.8951,22.964\right),\left(40.993,22.9849\right),\left(41.091,23.0053\right),\left(41.1891,23.0254\right),\left(41.2872,23.0452\right),\left(41.3855,23.0645\right),\left(41.4838,23.0835\right),\left(41.5822,23.1021\right),\left(41.6806,23.1204\right),\left(41.7791,23.1383\right),\left(41.8777,23.1558\right),\left(41.9763,23.173\right),\left(42.0751,23.1898\right),\left(42.1738,23.2063\right),\left(42.2727,23.2224\right),\left(42.3715,23.2381\right),\left(42.4705,23.2535\right),\left(42.5695,23.2685\right),\left(42.6685,23.2831\right),\left(42.7676,23.2975\right),\left(42.8668,23.3114\right),\left(42.966,23.325\right),\left(43.0652,23.3383\right),\left(43.1645,23.3512\right),\left(43.2639,23.3638\right),\left(43.3633,23.376\right),\left(43.4627,23.3879\right),\left(43.5622,23.3994\right),\left(43.6617,23.4106\right),\left(43.7612,23.4215\right),\left(43.8608,23.432\right),\left(43.9604,23.4422\right),\left(44.0601,23.452\right),\left(44.1598,23.4616\right),\left(44.2595,23.4707\right),\left(44.3592,23.4796\right),\left(44.459,23.4881\right),\left(44.5588,23.4963\right),\left(44.6586,23.5042\right),\left(44.7585,23.5118\right),\left(44.8584,23.519\right),\left(44.9583,23.5259\right),\left(45.0582,23.5325\right),\left(45.1581,23.5388\right),\left(45.2581,23.5447\right),\left(45.3581,23.5504\right),\left(45.4581,23.5557\right),\left(45.5581,23.5607\right),\left(45.6581,23.5654\right),\left(45.7582,23.5698\right),\left(45.8582,23.5739\right),\left(45.9583,23.5777\right),\left(46.0584,23.5812\right),\left(46.1585,23.5844\right),\left(46.2586,23.5873\right),\left(46.3587,23.5898\right),\left(46.4588,23.5921\right),\left(46.5589,23.5941\right),\left(46.659,23.5958\right),\left(46.7592,23.5972\right),\left(46.8593,23.5984\right),\left(46.9594,23.5992\right),\left(47.0596,23.5997\right),\left(47.1597,23.6\right),\left(47.2,23.6\right),\right]
l_{headings}=\left[0,0,0,0,0,0,0,0,0,0,0,0,0,0,0,0,0,0,0,0,0,0,0,0,0,0,0,0,0,0,0,0,0,0,0,0,0,0,0,0,0,0,0,0,0,0,0,0,0,0,0,0,0,0,0,0,0,0,0,0,0,0,0,0,0,0,0,0,0,0,0,0,0,0,0,0,0,0,0,0,0,0,0,0,0,0,0,0,0,0,0,0,0,0,0,0,0,0,0,0,0,0,0,0,0,0,0,0,0,0,0,0,0,0,0,0,0,0,0,0,0,0,0,0,0,0,0,0,0,0,0,0,0,0,0,0,0,0,0,0,0,0,0,0,0,0,0,0,0,0,0,0,0,0,0,0,0,0,0,0,0,0,0,0,0,0,0,0,0,0,0,0,0,0,0,0,0,0,0,0,0,0,0,0,0,0,0,0,0,0,0,0,0,0,0,0,0,0,0,0,0,0,0,0,0,0,0,0,0,0,0,0,0,0,0,0,0,0,0,0,0,0,0,0,0,0,0,0,0,0,0,0,0,0,0,0,2.38419e-06,0.00283116,0.00567601,0.00853674,0.0114136,0.0143066,0.0172157,0.020141,0.0230825,0.0260402,0.0290141,0.0320042,0.0350105,0.0380333,0.0410723,0.0441277,0.0471993,0.0502874,0.0533919,0.0565128,0.0596501,0.0628038,0.0659739,0.0691603,0.0723631,0.0755821,0.0788174,0.0820689,0.0853369,0.0886211,0.0919213,0.0952378,0.0985704,0.101919,0.105284,0.108665,0.112061,0.115474,0.118902,0.122346,0.125806,0.129281,0.132772,0.136278,0.1398,0.143336,0.146888,0.150455,0.154036,0.157633,0.161243,0.164869,0.168509,0.172163,0.175831,0.179513,0.183209,0.186918,0.190641,0.194378,0.198127,0.201889,0.205664,0.209451,0.213251,0.217063,0.220886,0.224721,0.228568,0.232426,0.236295,0.240175,0.244065,0.247965,0.251876,0.255795,0.259725,0.263663,0.267611,0.271567,0.275531,0.279503,0.283483,0.28747,0.291464,0.295465,0.299472,0.303485,0.307504,0.311529,0.315558,0.319592,0.323631,0.327673,0.331719,0.335768,0.33982,0.343874,0.347931,0.351989,0.356048,0.360109,0.364169,0.36823,0.372291,0.376351,0.38041,0.384467,0.388523,0.392576,0.396626,0.400673,0.404717,0.408756,0.412792,0.416822,0.420847,0.424866,0.428879,0.432885,0.436885,0.440877,0.444861,0.448837,0.452804,0.456762,0.460711,0.464649,0.468577,0.472495,0.476401,0.480295,0.484177,0.488047,0.491904,0.495748,0.499578,0.503394,0.507196,0.510982,0.514753,0.518509,0.522249,0.525972,0.529678,0.533367,0.537039,0.540693,0.544328,0.547945,0.551543,0.555122,0.558681,0.562219,0.565738,0.569236,0.572712,0.576168,0.579602,0.583014,0.586404,0.589771,0.593115,0.596437,0.599735,0.603009,0.606259,0.609486,0.612687,0.615865,0.619017,0.622144,0.625246,0.628321,0.631372,0.634396,0.637393,0.640364,0.643309,0.646226,0.649116,0.651979,0.654815,0.657622,0.660402,0.663154,0.665878,0.668573,0.67124,0.673878,0.676488,0.679068,0.68162,0.684142,0.686635,0.689098,0.691532,0.693936,0.69631,0.698655,0.700969,0.703253,0.705508,0.707731,0.709925,0.712088,0.71422,0.716322,0.718393,0.720433,0.722443,0.724422,0.726369,0.728286,0.730171,0.732026,0.733849,0.735641,0.737402,0.739131,0.740829,0.742495,0.74413,0.745734,0.747306,0.748847,0.750356,0.751833,0.753279,0.754693,0.756075,0.757426,0.758745,0.760033,0.761288,0.762512,0.763704,0.764864,0.765992,0.767089,0.768154,0.769186,0.770187,0.771157,0.772094,0.772999,0.773873,0.774715,0.775524,0.776302,0.777048,0.777762,0.778444,0.779095,0.779713,0.7803,0.780854,0.781377,0.781867,0.782326,0.782753,0.783148,0.783511,0.783842,0.784141,0.784409,0.784644,0.784848,0.785019,0.785159,0.785266,0.785342,0.785386,0.785398,0.785378,0.785326,0.785242,0.785126,0.784979,0.784799,0.784588,0.784344,0.784069,0.783762,0.783422,0.783051,0.782648,0.782213,0.781747,0.781248,0.780717,0.780154,0.77956,0.778933,0.778275,0.777585,0.776863,0.776109,0.775323,0.774505,0.773655,0.772774,0.77186,0.770915,0.769938,0.768929,0.767888,0.766815,0.76571,0.764574,0.763405,0.762205,0.760974,0.75971,0.758415,0.757088,0.755729,0.754338,0.752916,0.751462,0.749977,0.74846,0.746911,0.745331,0.743719,0.742076,0.740401,0.738695,0.736958,0.735189,0.733389,0.731558,0.729695,0.727802,0.725877,0.723921,0.721935,0.719917,0.717869,0.715789,0.71368,0.711539,0.709368,0.707166,0.704934,0.702672,0.70038,0.698057,0.695704,0.693322,0.690909,0.688468,0.685996,0.683495,0.680965,0.678405,0.675816,0.673199,0.670552,0.667877,0.665173,0.662441,0.659681,0.656893,0.654077,0.651233,0.648362,0.645463,0.642538,0.639585,0.636606,0.6336,0.630567,0.627509,0.624425,0.621315,0.618179,0.615019,0.611834,0.608623,0.605389,0.60213,0.598847,0.595541,0.592211,0.588858,0.585482,0.582084,0.578664,0.575221,0.571757,0.568272,0.564766,0.561239,0.557691,0.554124,0.550537,0.54693,0.543305,0.539661,0.535999,0.532319,0.528621,0.524906,0.521174,0.517426,0.513662,0.509882,0.506087,0.502277,0.498453,0.494614,0.490762,0.486896,0.483018,0.479127,0.475225,0.47131,0.467385,0.463448,0.459501,0.455544,0.451578,0.447603,0.443619,0.439626,0.435626,0.431619,0.427604,0.423583,0.419556,0.415523,0.411485,0.407442,0.403395,0.399343,0.395289,0.39123,0.38717,0.383106,0.379042,0.374975,0.370908,0.36684,0.362771,0.358703,0.354635,0.350569,0.346503,0.34244,0.338378,0.334319,0.330263,0.326211,0.322162,0.318117,0.314076,0.31004,0.306009,0.301984,0.297965,0.293951,0.289944,0.285944,0.281951,0.277965,0.273987,0.270017,0.266056,0.262103,0.258159,0.254224,0.250299,0.246383,0.242478,0.238583,0.234699,0.230825,0.226962,0.223111,0.219271,0.215443,0.211627,0.207824,0.204032,0.200254,0.196488,0.192735,0.188995,0.185269,0.181556,0.177857,0.174172,0.1705,0.166843,0.163201,0.159572,0.155959,0.15236,0.148776,0.145207,0.141653,0.138114,0.13459,0.131082,0.12759,0.124113,0.120651,0.117206,0.113776,0.110362,0.106964,0.103582,0.100216,0.0968663,0.0935329,0.0902154,0.0869142,0.0836295,0.080361,0.077109,0.0738733,0.070654,0.0674513,0.0642648,0.0610948,0.0579412,0.054804,0.0516833,0.048579,0.0454913,0.0424201,0.0393653,0.036327,0.0333049,0.0302994,0.0273102,0.0243373,0.0213809,0.0184405,0.0155163,0.0126085,0.00971682,0.00684129,0.00398199,0.00113869,6.28319,\right]
running path!
lin/ang/drive_left/drive_right/tv_l/tv_r/av_l/av_r/x/y/theta/tx/ty/ttheta: 0.36412 0.00020 0.00000 0.00000 1.00000 1.00000 0.00000 -0.00017 -23.59999 -0.00003 -0.00062 -23.40000 0.00000 0.00000
lin/ang/drive_left/drive_right/tv_l/tv_r/av_l/av_r/x/y/theta/tx/ty/ttheta: 0.36412 0.00013 0.10028 0.31899 0.42125 0.29173 0.16306 0.16753 -23.60000 -0.00002 -0.00039 -23.40000 0.00000 0.00000
lin/ang/drive_left/drive_right/tv_l/tv_r/av_l/av_r/x/y/theta/tx/ty/ttheta: 0.36410 0.01776 0.19926 0.52365 0.35992 0.13623 0.39439 0.31656 -23.59953 -0.00247 -0.05436 -23.40000 0.00000 0.00000
lin/ang/drive_left/drive_right/tv_l/tv_r/av_l/av_r/x/y/theta/tx/ty/ttheta: 0.36277 0.08931 0.28333 0.27511 0.26100 0.28156 0.35864 0.18019 -23.57137 -0.00732 -0.29654 -23.40000 0.00000 0.00000
lin/ang/drive_left/drive_right/tv_l/tv_r/av_l/av_r/x/y/theta/tx/ty/ttheta: 0.49431 0.10922 0.17052 0.08861 1.00000 1.00000 0.27769 0.22928 -23.47341 0.02585 -0.49146 -23.20000 0.00000 0.00000
lin/ang/drive_left/drive_right/tv_l/tv_r/av_l/av_r/x/y/theta/tx/ty/ttheta: 0.59050 0.17610 0.25221 0.21936 0.98441 1.00000 0.45650 0.46456 -23.36170 0.05606 -0.83482 -23.00000 0.00000 0.00000
lin/ang/drive_left/drive_right/tv_l/tv_r/av_l/av_r/x/y/theta/tx/ty/ttheta: 0.70216 0.21913 0.46746 0.57227 1.00000 1.00000 0.31861 0.71814 -23.17095 0.06163 -0.97906 -22.70000 0.00000 0.00000
lin/ang/drive_left/drive_right/tv_l/tv_r/av_l/av_r/x/y/theta/tx/ty/ttheta: 0.81591 0.16118 0.54115 0.69265 1.00000 1.00000 0.49383 0.65622 -22.86162 0.11209 -0.96084 -22.30000 0.00000 0.00000
lin/ang/drive_left/drive_right/tv_l/tv_r/av_l/av_r/x/y/theta/tx/ty/ttheta: 0.90766 0.06234 0.76786 0.85409 1.00000 0.87059 0.69967 0.75425 -22.55621 0.14240 -0.73926 -21.90000 0.00000 0.00000
lin/ang/drive_left/drive_right/tv_l/tv_r/av_l/av_r/x/y/theta/tx/ty/ttheta: 0.98173 -0.04066 1.03498 0.63192 0.95880 0.97458 0.79908 0.47122 -22.18357 0.17197 -0.51137 -21.50000 0.00000 0.00000
lin/ang/drive_left/drive_right/tv_l/tv_r/av_l/av_r/x/y/theta/tx/ty/ttheta: 1.06294 -0.18579 0.74992 0.74452 1.00000 1.00000 0.48406 0.65397 -21.77919 0.22738 -0.25272 -21.00000 0.00000 0.00000
lin/ang/drive_left/drive_right/tv_l/tv_r/av_l/av_r/x/y/theta/tx/ty/ttheta: 1.14571 -0.26525 0.75662 0.61550 1.00000 1.00000 0.60144 0.39919 -21.30192 0.27374 -0.16955 -20.40000 0.00000 0.00000
lin/ang/drive_left/drive_right/tv_l/tv_r/av_l/av_r/x/y/theta/tx/ty/ttheta: 1.19987 -0.32626 0.96409 0.81000 1.00000 1.00000 0.77136 0.58931 -20.78912 0.30923 -0.10730 -19.90000 0.00000 0.00000
lin/ang/drive_left/drive_right/tv_l/tv_r/av_l/av_r/x/y/theta/tx/ty/ttheta: 1.27076 -0.31204 1.02936 1.09873 1.00000 1.00000 0.78197 0.76281 -20.19331 0.35302 -0.29896 -19.20000 0.00000 0.00000
lin/ang/drive_left/drive_right/tv_l/tv_r/av_l/av_r/x/y/theta/tx/ty/ttheta: 1.32650 -0.27562 1.08274 1.06956 1.00000 1.00000 0.79086 0.78986 -19.48336 0.40944 -0.59761 -18.50000 0.00000 0.00000
lin/ang/drive_left/drive_right/tv_l/tv_r/av_l/av_r/x/y/theta/tx/ty/ttheta: 1.39207 -0.20025 1.18215 1.13547 1.00000 1.00000 0.79942 0.79839 -18.67633 0.41805 -0.83761 -17.60000 0.00000 0.00000
lin/ang/drive_left/drive_right/tv_l/tv_r/av_l/av_r/x/y/theta/tx/ty/ttheta: 1.44135 -0.10898 1.00731 1.16551 1.00000 1.00000 0.81292 0.81222 -17.94176 0.40491 -1.04774 -16.79999 0.00000 0.00000
lin/ang/drive_left/drive_right/tv_l/tv_r/av_l/av_r/x/y/theta/tx/ty/ttheta: 1.49103 -0.06679 1.14433 1.14282 1.00000 1.00000 0.80217 0.80300 -17.14751 0.41602 -1.19227 -15.89999 0.00000 0.00000
lin/ang/drive_left/drive_right/tv_l/tv_r/av_l/av_r/x/y/theta/tx/ty/ttheta: 1.52315 -0.01139 1.28524 1.23251 1.00000 1.00000 0.81514 0.81500 -16.29884 0.40778 -1.32030 -15.09999 0.00000 0.00000
lin/ang/drive_left/drive_right/tv_l/tv_r/av_l/av_r/x/y/theta/tx/ty/ttheta: 1.56104 0.04888 1.36974 1.36736 1.00000 1.00000 0.82883 0.83106 -15.31135 0.39353 -1.43650 -14.09999 0.00000 0.00000
lin/ang/drive_left/drive_right/tv_l/tv_r/av_l/av_r/x/y/theta/tx/ty/ttheta: 1.58134 0.10659 1.17891 1.42053 1.00000 1.00000 0.83842 0.84203 -14.30122 0.37731 -1.54115 -13.09999 0.00000 0.00000
lin/ang/drive_left/drive_right/tv_l/tv_r/av_l/av_r/x/y/theta/tx/ty/ttheta: 1.58611 0.13893 1.22300 1.47175 0.99953 0.91551 0.84956 0.85211 -13.30167 0.37397 -1.60747 -11.99999 0.00000 0.00000
lin/ang/drive_left/drive_right/tv_l/tv_r/av_l/av_r/x/y/theta/tx/ty/ttheta: 1.58675 0.18282 1.01012 1.37622 1.00000 0.97139 0.66183 0.79428 -12.21562 0.35269 -1.66052 -10.89999 0.00000 0.00000
lin/ang/drive_left/drive_right/tv_l/tv_r/av_l/av_r/x/y/theta/tx/ty/ttheta: 1.58819 0.23850 1.47801 1.41750 0.91178 0.99478 0.72789 0.77375 -11.14656 0.32146 -1.71268 -9.79999 0.00000 0.00000
lin/ang/drive_left/drive_right/tv_l/tv_r/av_l/av_r/x/y/theta/tx/ty/ttheta: 1.58636 0.25947 1.40453 1.49530 0.91893 0.92879 0.69108 0.81944 -10.10893 0.29231 -1.68061 -8.79998 0.00000 0.00000
lin/ang/drive_left/drive_right/tv_l/tv_r/av_l/av_r/x/y/theta/tx/ty/ttheta: 1.58379 0.28653 1.60747 1.53680 0.66477 0.90797 0.84906 0.83089 -8.85578 0.26004 -1.65686 -7.59998 0.00000 0.00000
lin/ang/drive_left/drive_right/tv_l/tv_r/av_l/av_r/x/y/theta/tx/ty/ttheta: 1.58441 0.30621 1.46180 1.56554 0.73929 0.90599 0.70925 0.84494 -7.66965 0.23632 -1.63381 -6.39998 0.00000 0.00000
lin/ang/drive_left/drive_right/tv_l/tv_r/av_l/av_r/x/y/theta/tx/ty/ttheta: 1.58484 0.35809 1.51497 1.60401 0.69794 0.91157 0.69439 0.89061 -6.57940 0.20298 -1.67060 -5.29998 0.00000 0.00000
lin/ang/drive_left/drive_right/tv_l/tv_r/av_l/av_r/x/y/theta/tx/ty/ttheta: 1.56573 0.35821 1.54587 1.53507 0.59559 0.80828 0.70292 0.84100 -5.39556 0.17361 -1.58288 -4.19998 0.00000 0.00000
lin/ang/drive_left/drive_right/tv_l/tv_r/av_l/av_r/x/y/theta/tx/ty/ttheta: 1.52393 0.28834 1.43587 1.52988 0.55513 0.61971 0.62608 0.80578 -4.24867 0.17260 -1.37976 -2.99998 0.00000 0.00000
lin/ang/drive_left/drive_right/tv_l/tv_r/av_l/av_r/x/y/theta/tx/ty/ttheta: 1.47548 0.21964 1.38854 1.54328 0.52048 0.40464 0.57903 0.68389 -3.14215 0.15707 -1.14023 -1.89998 0.00000 0.00000
lin/ang/drive_left/drive_right/tv_l/tv_r/av_l/av_r/x/y/theta/tx/ty/ttheta: 1.42382 0.12349 1.05788 1.44646 0.68270 0.35043 0.54414 0.57408 -2.02976 0.15180 -0.86000 -0.89997 0.00000 0.00000
lin/ang/drive_left/drive_right/tv_l/tv_r/av_l/av_r/x/y/theta/tx/ty/ttheta: 1.37797 1.70456 1.20614 1.26276 -0.72502 1.00000 0.62864 0.47089 -0.83284 0.14788 -0.63194 0.29965 0.00128 0.48912
lin/ang/drive_left/drive_right/tv_l/tv_r/av_l/av_r/x/y/theta/tx/ty/ttheta: 1.36636 2.36765 0.87916 1.25563 0.12620 1.00000 0.01661 0.46797 0.28362 0.14435 -0.48595 1.39774 0.02834 2.35327
lin/ang/drive_left/drive_right/tv_l/tv_r/av_l/av_r/x/y/theta/tx/ty/ttheta: 1.35745 3.02088 0.60534 1.69434 0.22627 1.00000 0.12372 0.83756 1.26402 0.14564 -0.31583 2.39472 0.08481 4.14610
lin/ang/drive_left/drive_right/tv_l/tv_r/av_l/av_r/x/y/theta/tx/ty/ttheta: 1.34714 3.45096 1.05032 1.82769 0.08240 1.00000 0.25564 0.92861 2.19721 0.17057 0.37584 3.29004 0.16293 5.83954
lin/ang/drive_left/drive_right/tv_l/tv_r/av_l/av_r/x/y/theta/tx/ty/ttheta: 1.34008 3.90497 0.97446 1.80694 -0.05135 1.00000 0.18806 0.93167 3.15145 0.12808 1.62661 4.28158 0.28145 7.80816
lin/ang/drive_left/drive_right/tv_l/tv_r/av_l/av_r/x/y/theta/tx/ty/ttheta: 1.33142 4.22221 0.68919 1.64529 0.17619 1.00000 0.03442 0.91783 4.15826 0.10929 3.38263 5.26838 0.43473 9.86421
lin/ang/drive_left/drive_right/tv_l/tv_r/av_l/av_r/x/y/theta/tx/ty/ttheta: 1.32189 4.10327 0.65980 1.61092 0.48537 0.92713 0.14406 0.91269 5.03645 0.17130 5.76864 6.05342 0.58323 11.56739
lin/ang/drive_left/drive_right/tv_l/tv_r/av_l/av_r/x/y/theta/tx/ty/ttheta: 1.31477 3.77489 0.80719 1.45640 0.60223 0.86418 0.29706 0.83706 5.87601 0.30824 8.63025 6.83366 0.75533 13.31704
lin/ang/drive_left/drive_right/tv_l/tv_r/av_l/av_r/x/y/theta/tx/ty/ttheta: 1.30852 3.50099 1.11645 1.52513 0.43257 0.86480 0.52033 0.80661 6.72330 0.41601 11.55511 7.60826 0.95146 15.10680
lin/ang/drive_left/drive_right/tv_l/tv_r/av_l/av_r/x/y/theta/tx/ty/ttheta: 1.30585 3.38964 0.81324 1.56251 0.47144 0.95610 0.48578 0.85228 7.55863 0.38756 14.55382 8.37632 1.17192 16.92889
lin/ang/drive_left/drive_right/tv_l/tv_r/av_l/av_r/x/y/theta/tx/ty/ttheta: 1.30391 3.40813 0.84739 1.57051 0.39782 1.00000 0.44883 0.85967 8.45213 0.40011 17.39435 9.23151 1.44922 19.00609
lin/ang/drive_left/drive_right/tv_l/tv_r/av_l/av_r/x/y/theta/tx/ty/ttheta: 1.29810 3.29817 0.70886 1.48104 0.54256 0.97074 0.41544 0.83347 9.31958 0.55925 19.95551 9.98282 1.72172 20.86537
lin/ang/drive_left/drive_right/tv_l/tv_r/av_l/av_r/x/y/theta/tx/ty/ttheta: 1.30184 3.21205 0.99046 1.46742 0.46201 1.00000 0.48528 0.79361 10.14103 0.76270 22.35155 10.72495 2.01848 22.72500
lin/ang/drive_left/drive_right/tv_l/tv_r/av_l/av_r/x/y/theta/tx/ty/ttheta: 1.30824 3.24835 0.97922 1.51216 0.37676 1.00000 0.47892 0.83311 11.05533 0.97442 24.75103 11.54795 2.38088 24.80250
lin/ang/drive_left/drive_right/tv_l/tv_r/av_l/av_r/x/y/theta/tx/ty/ttheta: 1.31506 3.35418 0.89364 1.53723 0.36169 1.00000 0.40158 0.88994 11.95138 1.17472 26.97554 12.35744 2.77270 26.84749
lin/ang/drive_left/drive_right/tv_l/tv_r/av_l/av_r/x/y/theta/tx/ty/ttheta: 1.32073 3.43838 0.88802 1.52621 0.37109 1.00000 0.36961 0.89900 12.81277 1.35664 29.08650 13.06504 3.14482 28.62372
lin/ang/drive_left/drive_right/tv_l/tv_r/av_l/av_r/x/y/theta/tx/ty/ttheta: 1.33607 3.52398 0.71707 1.51000 0.51819 1.00000 0.36789 0.89439 13.70361 1.65865 31.24420 13.93313 3.64006 30.77007
lin/ang/drive_left/drive_right/tv_l/tv_r/av_l/av_r/x/y/theta/tx/ty/ttheta: 1.34428 3.37933 0.97360 1.50287 0.54494 1.00000 0.45600 0.88942 14.51100 2.01395 33.40762 14.61422 4.05904 32.41439
lin/ang/drive_left/drive_right/tv_l/tv_r/av_l/av_r/x/y/theta/tx/ty/ttheta: 1.35728 3.21051 0.89342 1.59925 0.63512 1.00000 0.52328 0.90022 15.32749 2.46427 35.52193 15.36611 4.55299 34.17331
lin/ang/drive_left/drive_right/tv_l/tv_r/av_l/av_r/x/y/theta/tx/ty/ttheta: 1.36786 2.83306 1.15492 1.57851 0.68635 0.85703 0.58108 0.89833 16.03713 2.98411 37.66893 16.02189 5.01076 35.64622
lin/ang/drive_left/drive_right/tv_l/tv_r/av_l/av_r/x/y/theta/tx/ty/ttheta: 1.38140 2.46662 1.19058 1.48623 0.70345 0.90022 0.63600 0.81942 16.78938 3.59537 39.70851 16.74584 5.54507 37.19162
lin/ang/drive_left/drive_right/tv_l/tv_r/av_l/av_r/x/y/theta/tx/ty/ttheta: 1.40004 2.23490 1.26406 1.52988 0.63946 0.98290 0.67194 0.84117 17.60195 4.20992 41.50947 17.53380 6.16045 38.75989
lin/ang/drive_left/drive_right/tv_l/tv_r/av_l/av_r/x/y/theta/tx/ty/ttheta: 1.41716 2.13059 0.99305 1.52729 0.73829 1.00000 0.64219 0.83583 18.41073 4.70504 43.06462 18.22910 6.73170 40.02997
lin/ang/drive_left/drive_right/tv_l/tv_r/av_l/av_r/x/y/theta/tx/ty/ttheta: 1.43490 2.09719 1.05205 1.59515 0.72556 1.00000 0.68667 0.84614 19.25600 5.17759 44.46821 18.91231 7.31743 41.16090
lin/ang/drive_left/drive_right/tv_l/tv_r/av_l/av_r/x/y/theta/tx/ty/ttheta: 1.45863 1.91638 1.30188 1.57138 0.75410 1.00000 0.69642 0.88328 20.12702 5.88535 45.76756 19.73262 8.05018 42.34908
lin/ang/drive_left/drive_right/tv_l/tv_r/av_l/av_r/x/y/theta/tx/ty/ttheta: 1.48326 1.65361 1.44516 1.57916 0.76155 0.97172 0.73031 0.88550 20.83736 6.54443 46.86185 20.46620 8.72972 43.24073
lin/ang/drive_left/drive_right/tv_l/tv_r/av_l/av_r/x/y/theta/tx/ty/ttheta: 1.51236 1.29580 1.49206 1.58153 0.86224 0.92473 0.74311 0.84992 21.65511 7.40018 47.87350 21.33407 9.55843 44.07114
lin/ang/drive_left/drive_right/tv_l/tv_r/av_l/av_r/x/y/theta/tx/ty/ttheta: 1.50137 0.92274 1.44257 1.58261 0.73911 0.67119 0.79667 0.84578 22.42064 8.20047 48.75372 22.04936 10.25724 44.56250
lin/ang/drive_left/drive_right/tv_l/tv_r/av_l/av_r/x/y/theta/tx/ty/ttheta: 1.45477 0.51117 1.40475 1.46008 0.62794 0.44166 0.73217 0.74056 23.13062 9.00015 49.40957 22.83063 11.03160 44.89188
lin/ang/drive_left/drive_right/tv_l/tv_r/av_l/av_r/x/y/theta/tx/ty/ttheta: 1.40328 0.11594 1.15233 1.36326 0.77077 0.37891 0.64850 0.56978 23.83528 9.85731 49.83535 23.53822 11.73822 44.99930
lin/ang/drive_left/drive_right/tv_l/tv_r/av_l/av_r/x/y/theta/tx/ty/ttheta: 1.34845 -0.28184 1.48623 1.21716 0.60021 0.34078 0.71781 0.46456 24.55366 10.72926 50.05464 24.31642 12.51564 44.90623
lin/ang/drive_left/drive_right/tv_l/tv_r/av_l/av_r/x/y/theta/tx/ty/ttheta: 1.29490 -0.65575 1.09679 1.16421 0.77186 0.30008 0.63636 0.40450 25.23392 11.56501 50.12317 25.02620 13.22007 44.62960
lin/ang/drive_left/drive_right/tv_l/tv_r/av_l/av_r/x/y/theta/tx/ty/ttheta: 1.24068 -1.03508 1.35396 1.18107 0.67887 -0.07231 0.72619 0.38394 25.87428 12.41131 49.92633 25.74050 13.91993 44.17016
lin/ang/drive_left/drive_right/tv_l/tv_r/av_l/av_r/x/y/theta/tx/ty/ttheta: 1.18355 -1.45056 1.46072 0.88672 0.60209 -0.09072 0.68633 0.10097 26.51214 13.27870 49.48439 26.53403 14.68171 43.45395
lin/ang/drive_left/drive_right/tv_l/tv_r/av_l/av_r/x/y/theta/tx/ty/ttheta: 1.12798 -1.72314 1.44927 0.52667 0.49149 0.22384 0.62269 -0.05408 27.16553 14.11973 48.66590 27.26483 15.36434 42.61195
lin/ang/drive_left/drive_right/tv_l/tv_r/av_l/av_r/x/y/theta/tx/ty/ttheta: 1.08487 -1.79453 1.34056 0.64165 0.44047 0.34906 0.55233 0.14475 27.76107 14.83520 47.34126 27.93191 15.96853 41.69997
lin/ang/drive_left/drive_right/tv_l/tv_r/av_l/av_r/x/y/theta/tx/ty/ttheta: 1.04499 -1.74158 1.24050 0.98181 0.40275 0.19221 0.48661 0.30817 28.41806 15.54677 45.44666 28.68523 16.62624 40.51765
lin/ang/drive_left/drive_right/tv_l/tv_r/av_l/av_r/x/y/theta/tx/ty/ttheta: 1.01030 -1.52923 0.95480 0.95718 0.42819 0.27032 0.43633 0.30797 29.02103 16.20293 43.22145 29.29821 17.14043 39.44629
lin/ang/drive_left/drive_right/tv_l/tv_r/av_l/av_r/x/y/theta/tx/ty/ttheta: 0.97828 -1.41945 1.26817 0.77564 0.31374 0.28290 0.44883 0.24792 29.64939 16.86176 40.99920 29.99979 17.70431 38.11162
lin/ang/drive_left/drive_right/tv_l/tv_r/av_l/av_r/x/y/theta/tx/ty/ttheta: 0.95198 -1.35007 1.24504 0.79055 0.30504 0.27376 0.43922 0.28061 30.23103 17.41125 39.10581 30.63482 18.19109 36.81469
lin/ang/drive_left/drive_right/tv_l/tv_r/av_l/av_r/x/y/theta/tx/ty/ttheta: 0.92915 -1.23971 0.98268 0.75078 0.39351 0.34605 0.35178 0.28628 30.80009 17.84669 37.44061 31.19972 18.60472 35.59871
lin/ang/drive_left/drive_right/tv_l/tv_r/av_l/av_r/x/y/theta/tx/ty/ttheta: 0.90584 -1.24215 0.98462 0.74560 0.46529 0.25808 0.33333 0.32031 31.39081 18.29816 36.01480 31.77354 19.00593 34.31142
lin/ang/drive_left/drive_right/tv_l/tv_r/av_l/av_r/x/y/theta/tx/ty/ttheta: 0.88574 -1.34680 1.03930 0.75143 0.51700 0.17196 0.39475 0.28681 31.88546 18.72528 34.87834 32.27264 19.33927 33.15499
lin/ang/drive_left/drive_right/tv_l/tv_r/av_l/av_r/x/y/theta/tx/ty/ttheta: 0.86512 -1.77970 0.89947 0.69978 0.82788 -0.18317 0.47722 0.22894 32.42629 19.26656 34.00510 32.94869 19.76756 31.54344
lin/ang/drive_left/drive_right/tv_l/tv_r/av_l/av_r/x/y/theta/tx/ty/ttheta: 0.84536 -2.11349 1.32392 0.50571 0.58571 -0.07957 0.66217 -0.02122 32.89976 19.74939 33.20315 33.46365 20.07599 30.28775
lin/ang/drive_left/drive_right/tv_l/tv_r/av_l/av_r/x/y/theta/tx/ty/ttheta: 0.83047 -2.39590 1.05097 0.19926 0.69690 0.19691 0.64131 -0.07667 33.37418 20.12971 32.26039 34.07298 20.42125 28.77837
lin/ang/drive_left/drive_right/tv_l/tv_r/av_l/av_r/x/y/theta/tx/ty/ttheta: 0.81394 -2.35096 1.03865 0.36632 0.49981 0.34520 0.63808 0.12969 33.81907 20.47645 30.73144 34.51377 20.65787 27.67491
lin/ang/drive_left/drive_right/tv_l/tv_r/av_l/av_r/x/y/theta/tx/ty/ttheta: 0.79613 -2.17144 1.02979 0.63819 0.38404 0.25746 0.54722 0.28900 34.34962 20.82235 28.65040 35.04868 20.93047 26.32749
lin/ang/drive_left/drive_right/tv_l/tv_r/av_l/av_r/x/y/theta/tx/ty/ttheta: 0.77806 -1.85184 0.96085 0.68422 0.27350 0.30461 0.43153 0.27739 34.86145 21.13242 26.36719 35.49930 21.14791 25.18873
lin/ang/drive_left/drive_right/tv_l/tv_r/av_l/av_r/x/y/theta/tx/ty/ttheta: 0.76256 -1.62853 0.72118 0.65721 0.43002 0.26394 0.34342 0.29072 35.37637 21.40245 24.25290 36.04566 21.39689 23.80772
lin/ang/drive_left/drive_right/tv_l/tv_r/av_l/av_r/x/y/theta/tx/ty/ttheta: 0.74613 -1.38908 0.83550 0.59453 0.34589 0.30868 0.37439 0.27156 35.89173 21.60616 22.48492 36.50550 21.59424 22.64837
lin/ang/drive_left/drive_right/tv_l/tv_r/av_l/av_r/x/y/theta/tx/ty/ttheta: 0.73206 -1.27798 0.67406 0.56644 0.49013 0.26022 0.36722 0.28372 36.40664 21.75824 21.06090 37.06246 21.81871 21.25146
lin/ang/drive_left/drive_right/tv_l/tv_r/av_l/av_r/x/y/theta/tx/ty/ttheta: 0.71737 -1.18822 0.90596 0.55520 0.37799 0.25745 0.43497 0.26758 36.89186 21.88829 19.92180 37.53070 21.99536 20.08610
lin/ang/drive_left/drive_right/tv_l/tv_r/av_l/av_r/x/y/theta/tx/ty/ttheta: 0.69836 -1.17738 0.64467 0.57789 0.50361 0.16165 0.39972 0.25325 37.45500 22.04171 19.02307 38.00247 22.16245 18.92270
lin/ang/drive_left/drive_right/tv_l/tv_r/av_l/av_r/x/y/theta/tx/ty/ttheta: 0.67985 -1.25316 0.86425 0.54720 0.46894 0.09334 0.44931 0.20156 38.03157 22.19476 18.18477 38.57292 22.35030 17.53305
lin/ang/drive_left/drive_right/tv_l/tv_r/av_l/av_r/x/y/theta/tx/ty/ttheta: 0.66380 -1.34777 0.62328 0.41602 0.59977 0.15781 0.45842 0.13194 38.54517 22.32067 17.40576 39.14778 22.52434 16.15458
lin/ang/drive_left/drive_right/tv_l/tv_r/av_l/av_r/x/y/theta/tx/ty/ttheta: 0.64555 -1.27085 0.88586 0.35011 0.26027 0.29462 0.52836 0.14269 39.03997 22.41497 16.55227 39.53329 22.63269 15.24386
lin/ang/drive_left/drive_right/tv_l/tv_r/av_l/av_r/x/y/theta/tx/ty/ttheta: 0.62529 -1.19530 0.74236 0.62112 0.26957 0.14139 0.37078 0.24586 39.59683 22.49884 15.58273 40.01753 22.75954 14.11673
lin/ang/drive_left/drive_right/tv_l/tv_r/av_l/av_r/x/y/theta/tx/ty/ttheta: 0.60496 -1.10865 0.65872 0.60123 0.28405 0.11240 0.28061 0.20122 40.15715 22.58448 14.35249 40.60176 22.89924 12.78332
lin/ang/drive_left/drive_right/tv_l/tv_r/av_l/av_r/x/y/theta/tx/ty/ttheta: 0.58418 -1.00695 0.53056 0.46162 0.32058 0.17047 0.28075 0.13978 40.68350 22.65875 13.26031 41.09100 23.00533 11.69018
lin/ang/drive_left/drive_right/tv_l/tv_r/av_l/av_r/x/y/theta/tx/ty/ttheta: 0.56464 -0.92129 0.68120 0.48626 0.24915 0.15444 0.30731 0.16564 41.16421 22.71195 12.24579 41.58215 23.10215 10.61513
lin/ang/drive_left/drive_right/tv_l/tv_r/av_l/av_r/x/y/theta/tx/ty/ttheta: 0.54393 -0.85689 0.69676 0.50225 0.18322 0.11025 0.27514 0.16803 41.64407 22.76290 11.30001 42.07505 23.18982 9.55941
lin/ang/drive_left/drive_right/tv_l/tv_r/av_l/av_r/x/y/theta/tx/ty/ttheta: 0.52209 -0.82635 0.60339 0.46486 0.21433 0.07787 0.21833 0.13792 42.11783 22.81317 10.45696 42.56948 23.26848 8.52423
lin/ang/drive_left/drive_right/tv_l/tv_r/av_l/av_r/x/y/theta/tx/ty/ttheta: 0.49942 -0.76674 0.58675 0.45298 0.17795 0.07986 0.21336 0.10367 42.58158 22.85901 9.69749 42.96599 23.32503 7.71146
lin/ang/drive_left/drive_right/tv_l/tv_r/av_l/av_r/x/y/theta/tx/ty/ttheta: 0.47961 -0.68944 0.48367 0.40478 0.20657 0.11536 0.19747 0.08967 42.97198 22.89209 9.04130 43.26389 23.36378 7.11113
lin/ang/drive_left/drive_right/tv_l/tv_r/av_l/av_r/x/y/theta/tx/ty/ttheta: 0.45958 -0.65484 0.50701 0.38814 0.20829 0.08386 0.20003 0.11586 43.33797 22.89829 8.44249 43.66168 23.41063 6.32326
lin/ang/drive_left/drive_right/tv_l/tv_r/av_l/av_r/x/y/theta/tx/ty/ttheta: 0.44092 -0.61118 0.49123 0.35832 0.19330 0.09830 0.20258 0.10264 43.66545 22.91688 7.90789 43.96043 23.44219 5.74196
lin/ang/drive_left/drive_right/tv_l/tv_r/av_l/av_r/x/y/theta/tx/ty/ttheta: 0.41798 -0.61504 0.38663 0.35400 0.23891 -0.06277 0.19694 0.10350 44.03054 22.92752 7.42124 44.35923 23.47961 4.97982
lin/ang/drive_left/drive_right/tv_l/tv_r/av_l/av_r/x/y/theta/tx/ty/ttheta: 0.39774 -0.59132 0.45838 0.26755 0.18878 0.13081 0.21731 -0.02328 44.33779 22.93897 6.97062 44.65863 23.50421 4.41802
lin/ang/drive_left/drive_right/tv_l/tv_r/av_l/av_r/x/y/theta/tx/ty/ttheta: 0.38076 -0.49137 0.49707 0.23902 0.07754 0.21443 0.20139 0.09650 44.59947 22.93648 6.45282 44.85837 23.51899 4.04818
lin/ang/drive_left/drive_right/tv_l/tv_r/av_l/av_r/x/y/theta/tx/ty/ttheta: 0.36041 -0.41655 0.40219 0.36005 0.08645 0.11014 0.12681 0.18394 44.85541 22.93337 5.86343 45.15814 23.53876 3.50047
lin/ang/drive_left/drive_right/tv_l/tv_r/av_l/av_r/x/y/theta/tx/ty/ttheta: 0.34168 -0.35305 0.21093 0.39700 0.18155 0.06261 0.09222 0.14200 45.11186 22.93848 5.43089 45.35808 23.55036 3.14004
lin/ang/drive_left/drive_right/tv_l/tv_r/av_l/av_r/x/y/theta/tx/ty/ttheta: 0.32325 -0.34039 0.18824 0.29932 0.23753 0.05498 0.14000 0.08864 45.34197 22.94668 5.15026 45.55810 23.56071 2.78337
lin/ang/drive_left/drive_right/tv_l/tv_r/av_l/av_r/x/y/theta/tx/ty/ttheta: 0.29967 -0.39473 0.36848 0.19861 0.15839 -0.06060 0.20550 0.06569 45.55634 22.95001 4.97850 45.85824 23.57391 2.25547
lin/ang/drive_left/drive_right/tv_l/tv_r/av_l/av_r/x/y/theta/tx/ty/ttheta: 0.27893 -0.39711 0.43526 0.12211 -0.02125 0.10876 0.17369 -0.02978 45.76726 22.93332 4.85582 46.05838 23.58119 1.90823
lin/ang/drive_left/drive_right/tv_l/tv_r/av_l/av_r/x/y/theta/tx/ty/ttheta: 0.25713 -0.39235 0.28441 0.08515 0.07771 0.12281 0.03200 0.06861 45.95820 22.92162 4.68753 46.25858 23.58725 1.56476
lin/ang/drive_left/drive_right/tv_l/tv_r/av_l/av_r/x/y/theta/tx/ty/ttheta: 0.24138 -0.29422 0.18240 0.26885 0.08576 0.10074 0.05286 0.11450 46.13385 22.91228 4.31836 46.35868 23.58984 1.39442
lin/ang/drive_left/drive_right/tv_l/tv_r/av_l/av_r/x/y/theta/tx/ty/ttheta: 0.22510 -0.24702 0.13615 0.26366 0.13380 -0.03281 0.07564 0.10728 46.30569 22.91477 4.07016 46.45879 23.59213 1.22503
lin/ang/drive_left/drive_right/tv_l/tv_r/av_l/av_r/x/y/theta/tx/ty/ttheta: 0.19909 -0.28126 0.16187 0.21676 0.11816 -0.16328 0.11019 0.00292 46.45469 22.92078 3.97399 46.65904 23.59582 0.88902
lin/ang/drive_left/drive_right/tv_l/tv_r/av_l/av_r/x/y/theta/tx/ty/ttheta: 0.18169 -0.31497 0.18262 0.16079 0.13722 -0.11982 0.11244 -0.11311 46.58251 22.93003 3.98186 46.75917 23.59723 0.72241
lin/ang/drive_left/drive_right/tv_l/tv_r/av_l/av_r/x/y/theta/tx/ty/ttheta: 0.16399 -0.28041 0.24853 0.15452 -0.08061 -0.08736 0.12133 -0.10850 46.67992 22.90638 3.88520 46.85931 23.59835 0.55673
lin/ang/drive_left/drive_right/tv_l/tv_r/av_l/av_r/x/y/theta/tx/ty/ttheta: 0.14574 -0.16590 0.23211 0.06851 -0.16904 0.10995 -0.02569 -0.07836 46.73201 22.88805 3.47904 46.95945 23.59918 0.39198
lin/ang/drive_left/drive_right/tv_l/tv_r/av_l/av_r/x/y/theta/tx/ty/ttheta: 0.14272 -0.02654 0.00065 0.06051 0.07537 0.22623 -0.12728 0.05256 46.79173 22.87130 3.06826 46.95945 23.59918 0.39198
lin/ang/drive_left/drive_right/tv_l/tv_r/av_l/av_r/x/y/theta/tx/ty/ttheta: 0.12117 -0.00049 -0.13378 0.18219 0.14542 -0.09573 0.03061 0.17469 46.83109 22.89003 2.83216 47.05959 23.59972 0.22815
lin/ang/drive_left/drive_right/tv_l/tv_r/av_l/av_r/x/y/theta/tx/ty/ttheta: 0.12103 -0.05910 0.12232 0.24724 0.19071 -0.11436 0.11564 0.01608 46.83517 22.90330 2.98550 47.05959 23.59972 0.22815
lin/ang/drive_left/drive_right/tv_l/tv_r/av_l/av_r/x/y/theta/tx/ty/ttheta: 0.12117 -0.15145 0.28268 0.06764 0.09829 -0.05551 0.16906 -0.09136 46.83507 22.91321 3.27266 47.05959 23.59972 0.22815
lin/ang/drive_left/drive_right/tv_l/tv_r/av_l/av_r/x/y/theta/tx/ty/ttheta: 0.12057 -0.17869 0.24724 -0.14134 -0.01670 0.19915 0.10403 -0.06742 46.84962 22.90758 3.39765 47.05959 23.59972 0.22815
lin/ang/drive_left/drive_right/tv_l/tv_r/av_l/av_r/x/y/theta/tx/ty/ttheta: 0.11952 -0.11399 0.14955 -0.08126 -0.06575 0.27108 0.01642 0.11842 46.87026 22.89733 3.21528 47.05959 23.59972 0.22815
lin/ang/drive_left/drive_right/tv_l/tv_r/av_l/av_r/x/y/theta/tx/ty/ttheta: 0.11902 -0.04315 0.09509 0.35637 0.06121 -0.05127 -0.04297 0.23233 46.87870 22.88814 3.00310 47.05959 23.59972 0.22815
lin/ang/drive_left/drive_right/tv_l/tv_r/av_l/av_r/x/y/theta/tx/ty/ttheta: 0.11819 -0.05527 -0.00151 0.25610 0.17609 -0.11786 0.02889 0.05136 46.89651 22.89073 3.03946 47.05959 23.59972 0.22815
lin/ang/drive_left/drive_right/tv_l/tv_r/av_l/av_r/x/y/theta/tx/ty/ttheta: 0.11695 -0.14785 0.00627 0.03199 0.25205 -0.05117 0.12492 -0.08111 46.92537 22.90545 3.32720 47.05959 23.59972 0.22815
lin/ang/drive_left/drive_right/tv_l/tv_r/av_l/av_r/x/y/theta/tx/ty/ttheta: 0.11578 -0.21753 0.12535 -0.15215 0.19630 0.16893 0.20208 -0.06742 46.95194 22.91663 3.53718 47.05959 23.59972 0.22815
lin/ang/drive_left/drive_right/tv_l/tv_r/av_l/av_r/x/y/theta/tx/ty/ttheta: 0.11333 -0.16269 0.09531 -0.10914 0.11103 0.26186 0.19369 0.10044 47.00269 22.90706 3.39354 47.05959 23.59972 0.22815
lin/ang/drive_left/drive_right/tv_l/tv_r/av_l/av_r/x/y/theta/tx/ty/ttheta: 0.08350 -0.04611 0.08256 0.29413 -0.17890 -0.16557 0.12319 0.21522 47.05893 22.89143 3.01270 47.15973 23.59998 0.06524
lin/ang/drive_left/drive_right/tv_l/tv_r/av_l/av_r/x/y/theta/tx/ty/ttheta: 0.00532 0.14384 0.07413 0.28959 -0.57825 -0.41730 -0.08778 0.01044 47.12087 22.87792 2.65017 47.20000 23.60000 359.99998
lin/ang/drive_left/drive_right/tv_l/tv_r/av_l/av_r/x/y/theta/tx/ty/ttheta: 0.00233 0.17494 -0.44023 -0.33628 0.14778 0.18235 -0.36225 -0.29533 47.18298 22.87640 2.55539 47.20000 23.60000 359.99998
lin/ang/drive_left/drive_right/tv_l/tv_r/av_l/av_r/x/y/theta/tx/ty/ttheta: 0.00105 0.12307 -0.22260 -0.33887 0.19845 0.19267 0.00000 -0.02056 47.21164 22.88494 2.71417 47.20000 23.60000 359.99998
lin/ang/drive_left/drive_right/tv_l/tv_r/av_l/av_r/x/y/theta/tx/ty/ttheta: 0.00119 0.07419 0.22109 0.20747 -0.10295 -0.13737 0.15931 0.16256 47.21169 22.87900 2.92026 47.20000 23.60000 359.99998
lin/ang/drive_left/drive_right/tv_l/tv_r/av_l/av_r/x/y/theta/tx/ty/ttheta: 0.00128 0.06492 0.29111 0.30624 -0.19029 -0.18931 -0.00653 -0.01453 47.21157 22.86492 3.01651 47.20000 23.60000 359.99998
lin/ang/drive_left/drive_right/tv_l/tv_r/av_l/av_r/x/y/theta/tx/ty/ttheta: 0.00096 0.06947 -0.11692 -0.07780 0.08412 0.09296 -0.15142 -0.15178 47.21773 22.86968 2.98014 47.20000 23.60000 359.99998
lin/ang/drive_left/drive_right/tv_l/tv_r/av_l/av_r/x/y/theta/tx/ty/ttheta: 0.00095 0.05332 -0.27058 -0.27339 0.17563 0.16763 0.00222 0.00906 47.21701 22.88464 2.97332 47.20000 23.60000 359.99998
lin/ang/drive_left/drive_right/tv_l/tv_r/av_l/av_r/x/y/theta/tx/ty/ttheta: 0.00093 0.03660 0.04971 0.00000 0.08224 0.11185 0.13497 0.12644 47.21801 22.88702 3.02454 47.20000 23.60000 359.99998
lin/ang/drive_left/drive_right/tv_l/tv_r/av_l/av_r/x/y/theta/tx/ty/ttheta: 0.00095 0.03379 0.25156 0.25826 -0.16146 -0.14725 0.10336 0.11892 47.21795 22.88495 3.04405 47.20000 23.60000 359.99998
lin/ang/drive_left/drive_right/tv_l/tv_r/av_l/av_r/x/y/theta/tx/ty/ttheta: 0.00089 0.05368 0.00000 0.06289 -0.12768 -0.10253 -0.09756 -0.07306 47.21862 22.88221 2.98309 47.20000 23.60000 359.99998
lin/ang/drive_left/drive_right/tv_l/tv_r/av_l/av_r/x/y/theta/tx/ty/ttheta: 0.00092 0.04425 -0.25221 -0.21050 0.14898 0.13199 -0.12047 -0.10456 47.21830 22.88351 3.01199 47.20000 23.60000 359.99998
lin/ang/drive_left/drive_right/tv_l/tv_r/av_l/av_r/x/y/theta/tx/ty/ttheta: 0.00096 0.02711 -0.18046 -0.20725 0.16921 0.16145 0.07394 0.06158 47.21768 22.88833 3.05364 47.20000 23.60000 359.99998
lin/ang/drive_left/drive_right/tv_l/tv_r/av_l/av_r/x/y/theta/tx/ty/ttheta: 0.00101 0.01499 0.20812 0.11130 -0.12021 -0.09552 0.14406 0.13978 47.21731 22.88753 3.10166 47.20000 23.60000 359.99998
lin/ang/drive_left/drive_right/tv_l/tv_r/av_l/av_r/x/y/theta/tx/ty/ttheta: 0.00100 0.02537 0.26755 0.25999 -0.19456 -0.16386 -0.04019 -0.02344 47.21774 22.88089 3.09289 47.20000 23.60000 359.99998
lin/ang/drive_left/drive_right/tv_l/tv_r/av_l/av_r/x/y/theta/tx/ty/ttheta: 0.00089 0.03805 -0.06527 -0.03393 -0.08059 0.06815 -0.15483 -0.12731 47.21974 22.87924 3.05405 47.20000 23.60000 359.99998
lin/ang/drive_left/drive_right/tv_l/tv_r/av_l/av_r/x/y/theta/tx/ty/ttheta: 0.00087 0.04348 -0.28419 -0.23773 0.16435 0.16304 -0.10953 0.00358 47.21992 22.87849 3.03740 47.20000 23.60000 359.99998
lin/ang/drive_left/drive_right/tv_l/tv_r/av_l/av_r/x/y/theta/tx/ty/ttheta: 0.00095 0.01628 -0.05641 -0.01534 0.14738 0.09509 0.09550 0.11789 47.21899 22.88223 3.12077 47.20000 23.60000 359.99998
lin/ang/drive_left/drive_right/tv_l/tv_r/av_l/av_r/x/y/theta/tx/ty/ttheta: 0.00102 -0.00416 0.25718 0.24486 -0.14674 -0.17120 0.13622 0.10744 47.21829 22.88504 3.18341 47.20000 23.60000 359.99998
lin/ang/drive_left/drive_right/tv_l/tv_r/av_l/av_r/x/y/theta/tx/ty/ttheta: 0.00104 -0.01175 0.23600 0.07045 -0.18174 -0.12557 -0.06244 -0.10969 47.21803 22.88608 3.20666 47.20000 23.60000 359.99998
lin/ang/drive_left/drive_right/tv_l/tv_r/av_l/av_r/x/y/theta/tx/ty/ttheta: 0.00097 -0.01288 -0.23384 -0.26712 0.13561 0.15408 -0.15486 -0.12319 47.21955 22.88632 3.21012 47.20000 23.60000 359.99998
lin/ang/drive_left/drive_right/tv_l/tv_r/av_l/av_r/x/y/theta/tx/ty/ttheta: 0.00096 -0.01083 -0.26128 -0.19148 0.19466 0.17337 0.04944 0.09122 47.21962 22.88604 3.20384 47.20000 23.60000 359.99998
lin/ang/drive_left/drive_right/tv_l/tv_r/av_l/av_r/x/y/theta/tx/ty/ttheta: 0.00093 -0.00215 0.13961 0.24118 -0.09364 -0.13879 0.15964 0.15844 47.21990 22.88615 3.17147 47.20000 23.60000 359.99998
lin/ang/drive_left/drive_right/tv_l/tv_r/av_l/av_r/x/y/theta/tx/ty/ttheta: 0.00090 0.00793 0.27058 0.28441 -0.19525 -0.20127 -0.02003 -0.05219 47.22024 22.88477 3.14059 47.20000 23.60000 359.99998
lin/ang/drive_left/drive_right/tv_l/tv_r/av_l/av_r/x/y/theta/tx/ty/ttheta: 0.00092 0.00398 -0.01751 -0.18737 -0.09329 0.11046 -0.14750 -0.17231 47.22013 22.88400 3.15846 47.20000 23.60000 359.99998
lin/ang/drive_left/drive_right/tv_l/tv_r/av_l/av_r/x/y/theta/tx/ty/ttheta: 0.00093 -0.00135 -0.29694 -0.29457 0.19866 0.22237 -0.11961 0.03439 47.21995 22.88474 3.17480 47.20000 23.60000 359.99998
lin/ang/drive_left/drive_right/tv_l/tv_r/av_l/av_r/x/y/theta/tx/ty/ttheta: 0.00094 -0.00636 -0.04798 0.09639 0.12068 -0.07735 0.08778 0.18036 47.21975 22.88673 3.18439 47.20000 23.60000 359.99998
lin/ang/drive_left/drive_right/tv_l/tv_r/av_l/av_r/x/y/theta/tx/ty/ttheta: 0.00099 -0.02197 0.29500 0.32525 -0.14927 -0.20756 0.13500 0.01967 47.21921 22.88887 3.23222 47.20000 23.60000 359.99998
lin/ang/drive_left/drive_right/tv_l/tv_r/av_l/av_r/x/y/theta/tx/ty/ttheta: 0.00104 -0.03589 0.25891 -0.05446 -0.17745 -0.08843 -0.05628 -0.15058 47.21878 22.88832 3.28576 47.20000 23.60000 359.99998
lin/ang/drive_left/drive_right/tv_l/tv_r/av_l/av_r/x/y/theta/tx/ty/ttheta: 0.00102 -0.03052 -0.17894 -0.31466 0.11325 0.18360 -0.14611 -0.11567 47.21892 22.89005 3.25843 47.20000 23.60000 359.99998
lin/ang/drive_left/drive_right/tv_l/tv_r/av_l/av_r/x/y/theta/tx/ty/ttheta: 0.00091 0.00311 -0.24551 -0.05554 0.17111 0.14737 0.02225 0.09789 47.22008 22.88543 3.15535 47.20000 23.60000 359.99998
lin/ang/drive_left/drive_right/tv_l/tv_r/av_l/av_r/x/y/theta/tx/ty/ttheta: 0.00083 0.03112 0.05381 0.28700 -0.09629 -0.13504 0.13706 0.14222 47.22104 22.88158 3.06949 47.20000 23.60000 359.99998
lin/ang/drive_left/drive_right/tv_l/tv_r/av_l/av_r/x/y/theta/tx/ty/ttheta: 0.00087 0.01842 0.26172 0.18499 -0.16240 -0.17251 -0.01250 -0.04911 47.22060 22.88332 3.10844 47.20000 23.60000 359.99998
lin/ang/drive_left/drive_right/tv_l/tv_r/av_l/av_r/x/y/theta/tx/ty/ttheta: 0.00104 -0.03797 0.01513 -0.17073 -0.07617 -0.05528 -0.12592 -0.14561 47.21866 22.89107 3.28126 47.20000 23.60000 359.99998
lin/ang/drive_left/drive_right/tv_l/tv_r/av_l/av_r/x/y/theta/tx/ty/ttheta: 0.00113 -0.06676 -0.24378 -0.21201 0.16912 0.13596 -0.09633 -0.08606 47.21766 22.89502 3.36948 47.20000 23.60000 359.99998
lin/ang/drive_left/drive_right/tv_l/tv_r/av_l/av_r/x/y/theta/tx/ty/ttheta: 0.00104 -0.03741 -0.15971 -0.08299 0.13975 0.15538 0.08556 0.07322 47.21868 22.89099 3.27954 47.20000 23.60000 359.99998
lin/ang/drive_left/drive_right/tv_l/tv_r/av_l/av_r/x/y/theta/tx/ty/ttheta: 0.00093 -0.00090 0.21071 0.19818 -0.15523 -0.11291 0.13003 0.13331 47.21994 22.88598 3.16764 47.20000 23.60000 359.99998
lin/ang/drive_left/drive_right/tv_l/tv_r/av_l/av_r/x/y/theta/tx/ty/ttheta: 0.00090 0.00987 0.23686 0.25113 -0.18943 -0.18110 -0.05219 -0.03422 47.22033 22.88320 3.14040 47.20000 23.60000 359.99998
lin/ang/drive_left/drive_right/tv_l/tv_r/av_l/av_r/x/y/theta/tx/ty/ttheta: 0.00097 -0.01282 -0.12664 -0.09898 0.11072 0.06937 -0.15383 -0.14683 47.21955 22.88631 3.20993 47.20000 23.60000 359.99998
lin/ang/drive_left/drive_right/tv_l/tv_r/av_l/av_r/x/y/theta/tx/ty/ttheta: 0.00101 -0.02848 -0.27771 -0.27036 0.19394 0.16351 0.01250 -0.00172 47.21899 22.88977 3.25218 47.20000 23.60000 359.99998
lin/ang/drive_left/drive_right/tv_l/tv_r/av_l/av_r/x/y/theta/tx/ty/ttheta: 0.00098 -0.01972 0.03415 0.01923 0.10040 0.10964 0.14869 0.11806 47.21929 22.88856 3.22533 47.20000 23.60000 359.99998
lin/ang/drive_left/drive_right/tv_l/tv_r/av_l/av_r/x/y/theta/tx/ty/ttheta: 0.00095 -0.01012 0.31380 0.25480 -0.18552 -0.15313 0.12867 0.11275 47.21962 22.88725 3.19592 47.20000 23.60000 359.99998
lin/ang/drive_left/drive_right/tv_l/tv_r/av_l/av_r/x/y/theta/tx/ty/ttheta: 0.00090 0.00680 0.02831 0.07802 -0.11990 -0.11343 -0.08178 -0.07597 47.22020 22.88492 3.14404 47.20000 23.60000 359.99998
lin/ang/drive_left/drive_right/tv_l/tv_r/av_l/av_r/x/y/theta/tx/ty/ttheta: 0.00090 0.00854 -0.27555 -0.20920 0.16232 0.13798 -0.12406 -0.11294 47.22026 22.88468 3.13872 47.20000 23.60000 359.99998
lin/ang/drive_left/drive_right/tv_l/tv_r/av_l/av_r/x/y/theta/tx/ty/ttheta: 0.00092 0.00214 -0.12772 -0.21936 0.15587 0.18720 0.06914 0.05972 47.22004 22.88556 3.15833 47.20000 23.60000 359.99998
lin/ang/drive_left/drive_right/tv_l/tv_r/av_l/av_r/x/y/theta/tx/ty/ttheta: 0.00095 -0.01021 0.20682 0.13637 -0.12050 -0.10565 0.14067 0.15244 47.21962 22.88726 3.19619 47.20000 23.60000 359.99998
lin/ang/drive_left/drive_right/tv_l/tv_r/av_l/av_r/x/y/theta/tx/ty/ttheta: 0.00104 -0.01029 0.22325 0.29737 -0.17492 -0.20053 -0.03833 -0.01625 47.21810 22.88472 3.20731 47.20000 23.60000 359.99998
lin/ang/drive_left/drive_right/tv_l/tv_r/av_l/av_r/x/y/theta/tx/ty/ttheta: 0.00103 -0.00623 -0.11216 -0.05230 0.08449 0.00059 -0.14014 -0.15792 47.21826 22.88286 3.20064 47.20000 23.60000 359.99998
lin/ang/drive_left/drive_right/tv_l/tv_r/av_l/av_r/x/y/theta/tx/ty/ttheta: 0.00104 -0.00795 -0.24205 -0.30688 0.17864 0.19074 0.01353 -0.11156 47.21820 22.88310 3.20591 47.20000 23.60000 359.99998
lin/ang/drive_left/drive_right/tv_l/tv_r/av_l/av_r/x/y/theta/tx/ty/ttheta: 0.00094 0.02353 -0.01491 0.04538 0.09444 0.12006 0.13019 0.11669 47.21928 22.87877 3.10944 47.20000 23.60000 359.99998
lin/ang/drive_left/drive_right/tv_l/tv_r/av_l/av_r/x/y/theta/tx/ty/ttheta: 0.00084 0.05578 0.27555 0.30818 -0.17730 -0.13825 0.11311 0.13619 47.22038 22.87434 3.01058 47.20000 23.60000 359.99998
lin/ang/drive_left/drive_right/tv_l/tv_r/av_l/av_r/x/y/theta/tx/ty/ttheta: 0.00088 0.04268 0.04560 0.18391 -0.11219 -0.16969 -0.08331 -0.05561 47.21994 22.87614 3.05073 47.20000 23.60000 359.99998
lin/ang/drive_left/drive_right/tv_l/tv_r/av_l/av_r/x/y/theta/tx/ty/ttheta: 0.00098 0.00811 -0.26453 -0.19148 0.18090 0.10155 -0.11875 -0.13997 47.21872 22.88335 3.14580 47.20000 23.60000 359.99998
lin/ang/drive_left/drive_right/tv_l/tv_r/av_l/av_r/x/y/theta/tx/ty/ttheta: 0.00103 -0.00829 -0.24464 -0.18175 0.20973 0.14930 0.04944 0.03456 47.21815 22.88560 3.19605 47.20000 23.60000 359.99998
lin/ang/drive_left/drive_right/tv_l/tv_r/av_l/av_r/x/y/theta/tx/ty/ttheta: 0.00105 -0.01398 0.24335 0.07499 -0.12950 -0.08355 0.17828 0.11719 47.21796 22.88638 3.21349 47.20000 23.60000 359.99998
lin/ang/drive_left/drive_right/tv_l/tv_r/av_l/av_r/x/y/theta/tx/ty/ttheta: 0.00099 0.00654 0.31121 0.19472 -0.23556 -0.13823 0.01075 -0.03200 47.21870 22.88111 3.16151 47.20000 23.60000 359.99998
lin/ang/drive_left/drive_right/tv_l/tv_r/av_l/av_r/x/y/theta/tx/ty/ttheta: 0.00088 0.04094 -0.14696 -0.01534 -0.06120 -0.07461 -0.17983 -0.10797 47.21986 22.87768 3.05029 47.20000 23.60000 359.99998
lin/ang/drive_left/drive_right/tv_l/tv_r/av_l/av_r/x/y/theta/tx/ty/ttheta: 0.00086 0.04838 -0.33930 -0.18997 0.18741 0.14005 -0.12594 -0.08281 47.22012 22.87666 3.02749 47.20000 23.60000 359.99998
lin/ang/drive_left/drive_right/tv_l/tv_r/av_l/av_r/x/y/theta/tx/ty/ttheta: 0.00100 0.00157 -0.06181 -0.08039 0.17365 0.09072 0.10044 0.09119 47.21851 22.88309 3.17095 47.20000 23.60000 359.99998
lin/ang/drive_left/drive_right/tv_l/tv_r/av_l/av_r/x/y/theta/tx/ty/ttheta: 0.00110 -0.02362 0.30732 0.18997 -0.14595 -0.14305 0.16272 0.09856 47.21773 22.88148 3.27055 47.20000 23.60000 359.99998
lin/ang/drive_left/drive_right/tv_l/tv_r/av_l/av_r/x/y/theta/tx/ty/ttheta: 0.00107 -0.01383 0.24486 0.19342 -0.19951 -0.15884 -0.01422 -0.07306 47.21807 22.88014 3.24054 47.20000 23.60000 359.99998
lin/ang/drive_left/drive_right/tv_l/tv_r/av_l/av_r/x/y/theta/tx/ty/ttheta: 0.00088 0.04180 -0.21525 -0.13442 0.08616 0.14152 -0.15708 -0.13486 47.21990 22.87756 3.04767 47.20000 23.60000 359.99998
lin/ang/drive_left/drive_right/tv_l/tv_r/av_l/av_r/x/y/theta/tx/ty/ttheta: 0.00078 0.07222 -0.29348 -0.22411 0.16038 0.18640 -0.00292 0.05153 47.22094 22.87338 2.95443 47.20000 23.60000 359.99998
lin/ang/drive_left/drive_right/tv_l/tv_r/av_l/av_r/x/y/theta/tx/ty/ttheta: 0.00086 0.05175 0.04949 0.11649 0.08666 -0.10369 0.12408 0.15553 47.22028 22.87359 3.02868 47.20000 23.60000 359.99998
lin/ang/drive_left/drive_right/tv_l/tv_r/av_l/av_r/x/y/theta/tx/ty/ttheta: 0.00096 0.02036 0.25588 0.27555 -0.14554 -0.19647 0.10456 -0.01472 47.21920 22.87790 3.12491 47.20000 23.60000 359.99998
lin/ang/drive_left/drive_right/tv_l/tv_r/av_l/av_r/x/y/theta/tx/ty/ttheta: 0.00103 -0.00333 0.10806 -0.08558 -0.12727 0.00462 -0.07067 -0.15231 47.21839 22.88116 3.19751 47.20000 23.60000 359.99998
lin/ang/drive_left/drive_right/tv_l/tv_r/av_l/av_r/x/y/theta/tx/ty/ttheta: 0.00101 0.00412 -0.18759 -0.30559 0.12138 0.21388 -0.11550 -0.10556 47.21865 22.88013 3.17468 47.20000 23.60000 359.99998
lin/ang/drive_left/drive_right/tv_l/tv_r/av_l/av_r/x/y/theta/tx/ty/ttheta: 0.00089 0.04179 -0.21460 0.01988 0.13581 0.14292 0.05133 0.13297 47.21994 22.87496 3.05921 47.20000 23.60000 359.99998
lin/ang/drive_left/drive_right/tv_l/tv_r/av_l/av_r/x/y/theta/tx/ty/ttheta: 0.00082 0.06388 0.05922 0.35119 -0.10213 -0.15363 0.11447 0.15400 47.22069 22.87192 2.99153 47.20000 23.60000 359.99998
lin/ang/drive_left/drive_right/tv_l/tv_r/av_l/av_r/x/y/theta/tx/ty/ttheta: 0.00097 0.01286 0.20682 0.15193 -0.12083 -0.19344 -0.03372 -0.05783 47.21891 22.88154 3.13638 47.20000 23.60000 359.99998
lin/ang/drive_left/drive_right/tv_l/tv_r/av_l/av_r/x/y/theta/tx/ty/ttheta: 0.00120 -0.06200 -0.01707 -0.23946 0.10448 0.08562 -0.10353 -0.16511 47.21632 22.89182 3.36574 47.20000 23.60000 359.99998
lin/ang/drive_left/drive_right/tv_l/tv_r/av_l/av_r/x/y/theta/tx/ty/ttheta: 0.00125 -0.07401 -0.17938 -0.22843 0.14306 0.15762 0.04022 0.00361 47.21598 22.88956 3.41983 47.20000 23.60000 359.99998
lin/ang/drive_left/drive_right/tv_l/tv_r/av_l/av_r/x/y/theta/tx/ty/ttheta: 0.00111 -0.02716 0.01859 0.09055 -0.08332 0.08101 0.11569 0.11686 47.21761 22.88313 3.27629 47.20000 23.60000 359.99998
lin/ang/drive_left/drive_right/tv_l/tv_r/av_l/av_r/x/y/theta/tx/ty/ttheta: 0.00096 0.01985 0.20401 0.24140 -0.16756 -0.13518 -0.01744 0.10061 47.21923 22.87667 3.13223 47.20000 23.60000 359.99998
lin/ang/drive_left/drive_right/tv_l/tv_r/av_l/av_r/x/y/theta/tx/ty/ttheta: 0.00099 0.00922 -0.01642 0.08904 -0.07229 -0.14584 -0.12339 -0.07133 47.21885 22.87943 3.15904 47.20000 23.60000 359.99998
lin/ang/drive_left/drive_right/tv_l/tv_r/av_l/av_r/x/y/theta/tx/ty/ttheta: 0.00110 -0.02760 -0.24010 -0.17376 0.17455 0.09621 -0.09667 -0.12714 47.21758 22.88449 3.27186 47.20000 23.60000 359.99998
lin/ang/drive_left/drive_right/tv_l/tv_r/av_l/av_r/x/y/theta/tx/ty/ttheta: 0.00115 -0.03951 -0.16057 -0.22519 0.16600 0.15754 0.09650 0.02739 47.21721 22.88367 3.31924 47.20000 23.60000 359.99998
lin/ang/drive_left/drive_right/tv_l/tv_r/av_l/av_r/x/y/theta/tx/ty/ttheta: 0.00112 -0.02905 0.26172 0.05338 -0.14679 -0.05286 0.15058 0.11925 47.21757 22.88223 3.28721 47.20000 23.60000 359.99998
lin/ang/drive_left/drive_right/tv_l/tv_r/av_l/av_r/x/y/theta/tx/ty/ttheta: 0.00104 -0.00373 0.29759 0.21633 -0.24356 -0.14617 -0.01094 0.01625 47.21845 22.87875 3.20961 47.20000 23.60000 359.99998
lin/ang/drive_left/drive_right/tv_l/tv_r/av_l/av_r/x/y/theta/tx/ty/ttheta: 0.00092 0.03247 -0.15128 0.03242 0.07736 -0.09144 -0.19233 -0.10336 47.21968 22.87494 3.09354 47.20000 23.60000 359.99998
lin/ang/drive_left/drive_right/tv_l/tv_r/av_l/av_r/x/y/theta/tx/ty/ttheta: 0.00092 0.03181 -0.32525 -0.20445 0.19384 0.13651 -0.03250 -0.10028 47.21965 22.87503 3.09557 47.20000 23.60000 359.99998
lin/ang/drive_left/drive_right/tv_l/tv_r/av_l/av_r/x/y/theta/tx/ty/ttheta: 0.00109 -0.02143 0.07197 -0.19234 0.10734 0.13080 0.14050 0.06417 47.21782 22.88234 3.25874 47.20000 23.60000 359.99998
lin/ang/drive_left/drive_right/tv_l/tv_r/av_l/av_r/x/y/theta/tx/ty/ttheta: 0.00115 -0.03801 0.30494 0.12989 -0.16405 -0.11433 0.12681 0.11722 47.21729 22.88216 3.32041 47.20000 23.60000 359.99998
lin/ang/drive_left/drive_right/tv_l/tv_r/av_l/av_r/x/y/theta/tx/ty/ttheta: 0.00102 0.00097 0.06203 0.22065 -0.14729 -0.15619 -0.09050 -0.04536 47.21860 22.87927 3.19008 47.20000 23.60000 359.99998
lin/ang/drive_left/drive_right/tv_l/tv_r/av_l/av_r/x/y/theta/tx/ty/ttheta: 0.00087 0.04944 -0.25631 -0.05122 0.11013 0.11368 -0.13622 -0.12628 47.22026 22.87261 3.04153 47.20000 23.60000 359.99998
lin/ang/drive_left/drive_right/tv_l/tv_r/av_l/av_r/x/y/theta/tx/ty/ttheta: 0.00085 0.05488 -0.18024 -0.20855 0.14852 0.15721 0.05236 0.04142 47.22044 22.87186 3.02487 47.20000 23.60000 359.99998
lin/ang/drive_left/drive_right/tv_l/tv_r/av_l/av_r/x/y/theta/tx/ty/ttheta: 0.00097 0.01697 0.09142 0.03458 0.04786 0.06921 0.12097 0.12575 47.21915 22.87707 3.14105 47.20000 23.60000 359.99998
lin/ang/drive_left/drive_right/tv_l/tv_r/av_l/av_r/x/y/theta/tx/ty/ttheta: 0.00105 -0.00994 0.22368 0.23773 -0.14529 -0.17074 0.07067 0.08794 47.21822 22.88076 3.22351 47.20000 23.60000 359.99998
lin/ang/drive_left/drive_right/tv_l/tv_r/av_l/av_r/x/y/theta/tx/ty/ttheta: 0.00106 -0.01354 0.07305 0.08342 -0.12694 -0.12923 -0.09822 -0.09889 47.21810 22.88126 3.23454 47.20000 23.60000 359.99998
lin/ang/drive_left/drive_right/tv_l/tv_r/av_l/av_r/x/y/theta/tx/ty/ttheta: 0.00107 -0.01662 -0.20509 -0.24507 0.13732 0.14317 -0.11586 -0.12697 47.21799 22.88168 3.24399 47.20000 23.60000 359.99998
lin/ang/drive_left/drive_right/tv_l/tv_r/av_l/av_r/x/y/theta/tx/ty/ttheta: 0.00102 -0.00014 -0.15279 -0.16122 0.14865 0.17881 0.08042 0.06347 47.21856 22.87942 3.19350 47.20000 23.60000 359.99998
lin/ang/drive_left/drive_right/tv_l/tv_r/av_l/av_r/x/y/theta/tx/ty/ttheta: 0.00097 0.01779 0.13269 0.17268 -0.11515 -0.10230 0.12919 0.14647 47.21918 22.87696 3.13855 47.20000 23.60000 359.99998
lin/ang/drive_left/drive_right/tv_l/tv_r/av_l/av_r/x/y/theta/tx/ty/ttheta: 0.00100 0.00611 0.23405 0.26863 -0.17043 -0.20380 -0.05047 -0.02344 47.21877 22.87856 3.17435 47.20000 23.60000 359.99998
lin/ang/drive_left/drive_right/tv_l/tv_r/av_l/av_r/x/y/theta/tx/ty/ttheta: 0.00108 -0.01798 -0.07002 -0.07931 0.09454 -0.07305 -0.14167 -0.16119 47.21794 22.88187 3.24815 47.20000 23.60000 359.99998
lin/ang/drive_left/drive_right/tv_l/tv_r/av_l/av_r/x/y/theta/tx/ty/ttheta: 0.00110 -0.02351 -0.24507 -0.29673 0.17168 0.17965 0.02514 -0.10286 47.21775 22.88263 3.26509 47.20000 23.60000 359.99998
lin/ang/drive_left/drive_right/tv_l/tv_r/av_l/av_r/x/y/theta/tx/ty/ttheta: 0.00105 -0.00876 0.03155 -0.01707 0.08076 0.12625 0.13875 0.11756 47.21826 22.88060 3.21989 47.20000 23.60000 359.99998
lin/ang/drive_left/drive_right/tv_l/tv_r/av_l/av_r/x/y/theta/tx/ty/ttheta: 0.00093 0.02928 0.26712 0.25869 -0.18138 -0.12350 0.10403 0.12319 47.21957 22.87538 3.10332 47.20000 23.60000 359.99998
lin/ang/drive_left/drive_right/tv_l/tv_r/av_l/av_r/x/y/theta/tx/ty/ttheta: 0.00091 0.03706 0.04149 0.13529 -0.12247 -0.13596 -0.10917 -0.07272 47.21984 22.87431 3.07948 47.20000 23.60000 359.99998
lin/ang/drive_left/drive_right/tv_l/tv_r/av_l/av_r/x/y/theta/tx/ty/ttheta: 0.00091 0.03618 -0.28138 -0.12837 0.15204 0.10802 -0.12900 -0.11789 47.21981 22.87443 3.08219 47.20000 23.60000 359.99998
lin/ang/drive_left/drive_right/tv_l/tv_r/av_l/av_r/x/y/theta/tx/ty/ttheta: 0.00097 0.01833 -0.23621 -0.16706 0.19637 0.13657 0.05939 0.05922 47.21919 22.87688 3.13688 47.20000 23.60000 359.99998
lin/ang/drive_left/drive_right/tv_l/tv_r/av_l/av_r/x/y/theta/tx/ty/ttheta: 0.00106 -0.01137 0.17830 0.08515 -0.09125 -0.10114 0.15792 0.11278 47.21817 22.88096 3.22791 47.20000 23.60000 359.99998
lin/ang/drive_left/drive_right/tv_l/tv_r/av_l/av_r/x/y/theta/tx/ty/ttheta: 0.00109 -0.02043 0.26582 0.20250 -0.17474 -0.15926 0.00614 -0.05081 47.21786 22.88220 3.25566 47.20000 23.60000 359.99998
lin/ang/drive_left/drive_right/tv_l/tv_r/av_l/av_r/x/y/theta/tx/ty/ttheta: 0.00105 -0.00845 -0.01988 -0.05403 -0.10661 0.07375 -0.13311 -0.12336 47.21827 22.88056 3.21896 47.20000 23.60000 359.99998
lin/ang/drive_left/drive_right/tv_l/tv_r/av_l/av_r/x/y/theta/tx/ty/ttheta: 0.00100 0.00701 -0.26344 -0.22973 0.15597 0.17608 -0.11411 0.01233 47.21881 22.87844 3.17156 47.20000 23.60000 359.99998
lin/ang/drive_left/drive_right/tv_l/tv_r/av_l/av_r/x/y/theta/tx/ty/ttheta: 0.00099 0.01045 -0.09768 -0.02918 0.13131 0.11764 0.08761 0.12903 47.21892 22.87796 3.16103 47.20000 23.60000 359.99998
lin/ang/drive_left/drive_right/tv_l/tv_r/av_l/av_r/x/y/theta/tx/ty/ttheta: 0.00109 -0.02063 0.23060 0.26517 -0.11650 -0.17471 0.12853 0.12114 47.21785 22.88223 3.25626 47.20000 23.60000 359.99998
lin/ang/drive_left/drive_right/tv_l/tv_r/av_l/av_r/x/y/theta/tx/ty/ttheta: 0.00115 -0.03965 0.25005 0.08342 -0.16358 -0.14346 -0.04944 -0.07853 47.21719 22.88484 3.31454 47.20000 23.60000 359.99998
lin/ang/drive_left/drive_right/tv_l/tv_r/av_l/av_r/x/y/theta/tx/ty/ttheta: 0.00124 -0.06968 -0.10136 -0.26301 0.11844 0.12174 -0.13656 -0.13792 47.21615 22.88896 3.40655 47.20000 23.60000 359.99998
lin/ang/drive_left/drive_right/tv_l/tv_r/av_l/av_r/x/y/theta/tx/ty/ttheta: 0.00124 -0.07157 -0.22390 -0.19277 0.16609 0.15547 0.02842 0.04331 47.21608 22.88922 3.41236 47.20000 23.60000 359.99998
lin/ang/drive_left/drive_right/tv_l/tv_r/av_l/av_r/x/y/theta/tx/ty/ttheta: 0.00111 -0.02896 0.01751 0.13572 0.08008 -0.07946 0.12661 0.13039 47.21756 22.88338 3.28181 47.20000 23.60000 359.99998
lin/ang/drive_left/drive_right/tv_l/tv_r/av_l/av_r/x/y/theta/tx/ty/ttheta: 0.00101 0.00277 0.25977 0.24810 -0.19126 -0.17057 0.10492 -0.01250 47.21866 22.87902 3.18457 47.20000 23.60000 359.99998
lin/ang/drive_left/drive_right/tv_l/tv_r/av_l/av_r/x/y/theta/tx/ty/ttheta: 0.00100 0.00687 0.07499 -0.01664 -0.12616 -0.09387 -0.09906 -0.13503 47.21880 22.87845 3.17199 47.20000 23.60000 359.99998
lin/ang/drive_left/drive_right/tv_l/tv_r/av_l/av_r/x/y/theta/tx/ty/ttheta: 0.00098 0.01373 -0.28873 -0.26301 0.15767 0.16564 -0.13433 -0.10933 47.21904 22.87751 3.15097 47.20000 23.60000 359.99998
lin/ang/drive_left/drive_right/tv_l/tv_r/av_l/av_r/x/y/theta/tx/ty/ttheta: 0.00098 0.01228 -0.24529 -0.09985 0.19527 0.13727 0.06025 0.09719 47.21899 22.87771 3.15544 47.20000 23.60000 359.99998
lin/ang/drive_left/drive_right/tv_l/tv_r/av_l/av_r/x/y/theta/tx/ty/ttheta: 0.00098 0.01504 0.19083 0.26344 -0.11894 -0.14701 0.16219 0.13056 47.21908 22.87733 3.14697 47.20000 23.60000 359.99998
lin/ang/drive_left/drive_right/tv_l/tv_r/av_l/av_r/x/y/theta/tx/ty/ttheta: 0.00102 0.00213 0.30256 0.16446 -0.21804 -0.17403 -0.01572 -0.06742 47.21864 22.87911 3.18654 47.20000 23.60000 359.99998
lin/ang/drive_left/drive_right/tv_l/tv_r/av_l/av_r/x/y/theta/tx/ty/ttheta: 0.00106 -0.01164 -0.13767 -0.21223 0.10444 0.12146 -0.16528 -0.15039 47.21816 22.88100 3.22874 47.20000 23.60000 359.99998
lin/ang/drive_left/drive_right/tv_l/tv_r/av_l/av_r/x/y/theta/tx/ty/ttheta: 0.00107 -0.01601 -0.30451 -0.22044 0.20200 0.17079 -0.00325 0.04194 47.21801 22.88160 3.24211 47.20000 23.60000 359.99998
lin/ang/drive_left/drive_right/tv_l/tv_r/av_l/av_r/x/y/theta/tx/ty/ttheta: 0.00104 -0.00484 0.01859 0.10114 0.09649 -0.07201 0.15450 0.14269 47.21840 22.88006 3.20790 47.20000 23.60000 359.99998
lin/ang/drive_left/drive_right/tv_l/tv_r/av_l/av_r/x/y/theta/tx/ty/ttheta: 0.00103 -0.00113 0.33649 0.24205 -0.21685 -0.18360 0.12508 -0.00461 47.21853 22.87955 3.19653 47.20000 23.60000 359.99998
lin/ang/drive_left/drive_right/tv_l/tv_r/av_l/av_r/x/y/theta/tx/ty/ttheta: 0.00103 -0.00205 0.04776 -0.00108 -0.11674 -0.09305 -0.10456 -0.13842 47.21849 22.87968 3.19933 47.20000 23.60000 359.99998
lin/ang/drive_left/drive_right/tv_l/tv_r/av_l/av_r/x/y/theta/tx/ty/ttheta: 0.00095 0.02481 -0.32893 -0.28506 0.15306 0.18018 -0.13619 -0.11603 47.21942 22.87599 3.11701 47.20000 23.60000 359.99998
lin/ang/drive_left/drive_right/tv_l/tv_r/av_l/av_r/x/y/theta/tx/ty/ttheta: 0.00090 0.03848 -0.15387 -0.05597 0.14491 0.13512 0.06639 0.09497 47.21989 22.87411 3.07512 47.20000 23.60000 359.99998
lin/ang/drive_left/drive_right/tv_l/tv_r/av_l/av_r/x/y/theta/tx/ty/ttheta: 0.00092 0.03564 0.23297 0.29132 -0.13548 -0.15397 0.13381 0.13739 47.21983 22.87204 3.09472 47.20000 23.60000 359.99998
lin/ang/drive_left/drive_right/tv_l/tv_r/av_l/av_r/x/y/theta/tx/ty/ttheta: 0.00100 0.01044 0.24399 0.17894 -0.17345 -0.18304 -0.04792 -0.06142 47.21896 22.87550 3.17194 47.20000 23.60000 359.99998
WARNING - pros.serial.terminal.terminal:stop - Stopping terminal - pros-cli version:3.5.6

[tomas@nixbtw:~/projects/Robotics/current/libs/lyfast]$

