
[tomas@nixbtw:~/projects/Robotics/current/libs/lyfast]$ t
Not sending analytics for this command.

Established terminal connection
LQR:computing forwards angle



         _+=+_
      .-`  .  `-.          8888888b.  8888888b.   .d88888b.   .d8888b.
   _+`     "     `+_       888   Y88b 888   Y88b d88P" "Y88b d88P  Y88b
  \\\sssssssssssss///      888    888 888    888 888     888 Y88b.
     .ss\  *  /ss.         888   d88P 888   d88P 888     888  "Y888b.
 .+bm  .s  *  s.  md+.     8888888P"  8888888P"  888     888     "Y88b.
.hMMMMs .  *  . sMMMMh.    888        888 T88b   888     888       "888
 `\hMMMb \ | / dMMMh:      888        888  T88b  Y88b. .d88P Y88b  d88P
   -SNMNo  -  oNMNs-       888        888   T88b  "Y88888P"   "Y8888P"
     `+dMh\./dMd/
        `:yNy:`                      Powered by PROS for VEX V5
           "                Copyright (c) Purdue University ACM SIGBots
Version:        4.2.1     Platform:  V1.1.5 (b18)     Uptime:    0.000 s
Compiled:   Jan  1 1980 00:00:00     Directory:


starting task: 2309172
timed correctly: 2312064
start is 0.000 0.000
dist/lin/ang/drive_left/drive_right/tv_l/tv_r/av_l/av_r/x/y/theta/t_err: 0.60960 1.77800 0.00000 0.00000 0.00000 -0.00017 0.00017 -0.00017 0.00017 0.00000 -0.00000 -0.00040 0.00001
target: 1.77800 0.00000
target: 1.77800 0.00000
fb: 0.00000 0.00000 1.00000 1.00000
fb: 0.00000 0.00000 1.00000 1.00000
dist/lin/ang/drive_left/drive_right/tv_l/tv_r/av_l/av_r/x/y/theta/t_err: 0.60960 1.77800 0.00000 0.00000 0.00000 0.16853 0.17811 0.16853 0.17811 0.00000 -0.00000 -0.00159 0.00003
target: 1.77800 0.00000
target: 1.77800 0.00000
fb: 0.00002 -0.00838 1.00000 1.00000
fb: 0.00010 -0.02024 1.00000 1.00000
dist/lin/ang/drive_left/drive_right/tv_l/tv_r/av_l/av_r/x/y/theta/t_err: 0.60960 1.77800 0.00000 0.02034 -0.02014 0.59442 0.60692 0.59442 0.60692 0.00008 -0.00000 -0.11363 0.00198
target: 1.77800 0.00000
target: 1.77800 0.00000
fb: 0.00014 -0.01527 1.00000 1.00000
fb: 0.09918 -0.00916 1.00000 1.00000
dist/lin/ang/drive_left/drive_right/tv_l/tv_r/av_l/av_r/x/y/theta/t_err: 0.60761 1.77800 0.00000 0.10834 0.09001 0.61939 0.70311 0.61939 0.70311 0.07817 -0.00028 -0.22611 0.00396
target: 1.77800 0.00000
target: 1.77800 0.00000
fb: 0.28341 -0.01307 1.00000 1.00000
fb: 0.35094 -0.01023 1.00000 1.00000
dist/lin/ang/drive_left/drive_right/tv_l/tv_r/av_l/av_r/x/y/theta/t_err: 0.60060 1.77800 0.00000 0.36116 0.34071 0.65844 0.70358 0.65844 0.70358 0.35449 -0.00160 -0.32487 0.00574
target: 1.77800 0.00000
target: 1.77800 0.00000
fb: 0.36835 -0.00646 1.00000 1.00000
fb: 0.42679 -0.00107 1.00000 1.00000
dist/lin/ang/drive_left/drive_right/tv_l/tv_r/av_l/av_r/x/y/theta/t_err: 0.59206 1.77800 0.00000 0.42786 0.42573 0.71217 0.75133 0.71217 0.75133 0.69055 -0.00367 -0.36725 0.00657
target: 1.77800 0.00000
target: 1.77800 0.00000
fb: 0.45963 0.00476 1.00000 1.00000
fb: 0.51388 0.00852 1.00000 1.00000
dist/lin/ang/drive_left/drive_right/tv_l/tv_r/av_l/av_r/x/y/theta/t_err: 0.58178 1.77800 0.00000 0.50535 0.52240 0.75903 0.75392 0.75903 0.75392 1.09516 -0.00613 -0.32225 0.00589
target: 1.77800 0.00000
target: 1.77800 0.00000
fb: 0.57806 0.01037 1.00000 1.00000
fb: 0.58755 0.00746 1.00000 1.00000
dist/lin/ang/drive_left/drive_right/tv_l/tv_r/av_l/av_r/x/y/theta/t_err: 0.57003 1.77800 0.00000 0.58009 0.59501 0.77394 0.72311 0.77394 0.72311 1.55780 -0.00841 -0.24640 0.00468
target: 1.77800 0.00000
target: 1.77800 0.00000
fb: 0.62620 0.00000 1.00000 1.00000
fb: 0.67876 -0.00554 1.00000 1.00000
dist/lin/ang/drive_left/drive_right/tv_l/tv_r/av_l/av_r/x/y/theta/t_err: 0.55646 1.76337 0.00000 0.68430 0.67322 0.77906 0.76450 0.77906 0.76450 2.09225 -0.01072 -0.26264 0.00507
target: 1.76337 0.00000
target: 1.76337 0.00000
fb: 0.71587 -0.00824 1.00000 1.00000
fb: 0.81850 -0.01236 1.00000 1.00000
dist/lin/ang/drive_left/drive_right/tv_l/tv_r/av_l/av_r/x/y/theta/t_err: 0.54009 1.73724 0.00000 0.83086 0.80615 0.79136 0.78983 0.79136 0.78983 2.73673 -0.01415 -0.35167 0.00680
target: 1.73724 0.00000
target: 1.73724 0.00000
fb: 0.85340 -0.01541 1.00000 1.00000
fb: 0.91167 -0.01833 1.00000 1.00000
dist/lin/ang/drive_left/drive_right/tv_l/tv_r/av_l/av_r/x/y/theta/t_err: 0.52185 1.70767 0.00000 0.93000 0.89335 0.79358 0.79586 0.79358 0.79586 3.45457 -0.01948 -0.49870 0.00965
target: 1.70767 0.00000
target: 1.70767 0.00000
fb: 0.96598 -0.02209 1.00000 1.00000
fb: 0.97373 -0.02493 1.00000 1.00000
dist/lin/ang/drive_left/drive_right/tv_l/tv_r/av_l/av_r/x/y/theta/t_err: 0.50238 1.67550 0.00000 0.99866 0.94879 0.82097 0.82353 0.82097 0.82353 4.22124 -0.02746 -0.69794 0.01357
target: 1.67550 0.00000
target: 1.67550 0.00000
fb: 1.08626 -0.01925 1.00000 1.00000
fb: 1.08818 -0.01733 0.99965 1.00000
dist/lin/ang/drive_left/drive_right/tv_l/tv_r/av_l/av_r/x/y/theta/t_err: 0.48062 1.63881 0.00000 1.10551 1.07085 0.83294 0.83486 0.83294 0.83486 5.07799 -0.03898 -0.82057 0.01638
target: 1.63881 0.00000
target: 1.63881 0.00000
fb: 1.09765 -0.01499 0.93933 0.95572
fb: 1.15216 -0.01016 0.91207 0.92846
dist/lin/ang/drive_left/drive_right/tv_l/tv_r/av_l/av_r/x/y/theta/t_err: 0.45758 1.59905 0.00000 1.16232 1.14201 0.71542 0.75478 0.71542 0.75478 5.98510 -0.05291 -0.93377 0.01923
target: 1.59905 0.00000
target: 1.59905 0.00000
fb: 1.09210 -0.00064 0.89011 0.90610
fb: 1.17327 -0.00412 0.84952 0.86551
dist/lin/ang/drive_left/drive_right/tv_l/tv_r/av_l/av_r/x/y/theta/t_err: 0.43412 1.55752 0.00000 1.17739 1.16915 0.71386 0.71406 0.71386 0.71406 6.90881 -0.06823 -0.96292 0.02080
target: 1.55752 0.00000
target: 1.55752 0.00000
fb: 1.19845 -0.00895 0.78910 0.80467
fb: 1.10935 -0.01676 0.83365 0.84922
dist/lin/ang/drive_left/drive_right/tv_l/tv_r/av_l/av_r/x/y/theta/t_err: 0.41194 1.51720 0.00000 1.12612 1.09259 0.66233 0.73850 0.66233 0.73850 7.78218 -0.08364 -1.07421 0.02391
target: 1.51720 0.00000
target: 1.51720 0.00000
fb: 1.25303 -0.01534 0.72859 0.74376
fb: 1.32299 -0.01783 0.69362 0.70879
dist/lin/ang/drive_left/drive_right/tv_l/tv_r/av_l/av_r/x/y/theta/t_err: 0.38549 1.46769 0.00000 1.34082 1.30516 0.72633 0.75203 0.72633 0.75203 8.82369 -0.10451 -1.22585 0.02828
target: 1.46769 0.00000
target: 1.46769 0.00000
fb: 1.29960 -0.01847 0.61635 0.63102
fb: 1.37506 -0.01406 0.57862 0.59329
dist/lin/ang/drive_left/drive_right/tv_l/tv_r/av_l/av_r/x/y/theta/t_err: 0.35800 1.41439 0.00000 1.38912 1.36099 0.66817 0.67861 0.66817 0.67861 9.90614 -0.12913 -1.37105 0.03309
target: 1.41439 0.00000
target: 1.41439 0.00000
fb: 1.33617 -0.00561 0.52990 0.54404
fb: 1.25494 -0.00852 0.57051 0.58466
dist/lin/ang/drive_left/drive_right/tv_l/tv_r/av_l/av_r/x/y/theta/t_err: 0.33292 1.36394 0.00000 1.26346 1.24641 0.57167 0.59597 0.57167 0.59597 10.89398 -0.15320 -1.42232 0.03651
target: 1.36394 0.00000
target: 1.36394 0.00000
fb: 1.34211 -0.01058 0.49130 0.50494
fb: 1.29931 -0.00483 0.51270 0.52634
dist/lin/ang/drive_left/drive_right/tv_l/tv_r/av_l/av_r/x/y/theta/t_err: 0.30695 1.30967 0.00000 1.30414 1.29448 0.53864 0.55714 0.53864 0.55714 11.91672 -0.17927 -1.49411 0.04091
target: 1.30967 0.00000
target: 1.30967 0.00000
fb: 1.21807 -0.00099 0.48402 0.49712
fb: 1.24321 -0.00192 0.47145 0.48455
dist/lin/ang/drive_left/drive_right/tv_l/tv_r/av_l/av_r/x/y/theta/t_err: 0.28211 1.25555 0.00000 1.24513 1.24129 0.50564 0.51642 0.50564 0.51642 12.89529 -0.20493 -1.51079 0.04482
target: 1.25555 0.00000
target: 1.25555 0.00000
fb: 1.21983 -0.00384 0.43191 0.44446
fb: 1.33812 -0.00923 0.37276 0.38531
dist/lin/ang/drive_left/drive_right/tv_l/tv_r/av_l/av_r/x/y/theta/t_err: 0.25538 1.19459 0.00000 1.34736 1.32889 0.47194 0.48133 0.47194 0.48133 13.94856 -0.23310 -1.56170 0.05044
target: 1.19459 0.00000
target: 1.19459 0.00000
fb: 1.34984 -0.01044 0.27753 0.28947
fb: 1.31696 -0.00661 0.29397 0.30591
dist/lin/ang/drive_left/drive_right/tv_l/tv_r/av_l/av_r/x/y/theta/t_err: 0.22907 1.13140 0.00000 1.32357 1.31036 0.40553 0.41169 0.40553 0.41169 14.98513 -0.26210 -1.63591 0.05762
target: 1.13140 0.00000
target: 1.13140 0.00000
fb: 1.29749 0.00796 0.23307 0.24438
fb: 1.24112 0.01733 0.26125 0.27256
dist/lin/ang/drive_left/drive_right/tv_l/tv_r/av_l/av_r/x/y/theta/t_err: 0.20430 1.06846 0.00000 1.22379 1.25845 0.36103 0.35950 0.36103 0.35950 15.96201 -0.28941 -1.53923 0.06285
target: 1.06846 0.00000
target: 1.06846 0.00000
fb: 1.17513 0.00753 0.23494 0.24562
fb: 1.00261 0.00959 0.32120 0.33188
dist/lin/ang/drive_left/drive_right/tv_l/tv_r/av_l/av_r/x/y/theta/t_err: 0.18429 1.01479 0.00000 0.99302 1.01220 0.32117 0.32133 0.32117 0.32133 16.75119 -0.31011 -1.46544 0.06833
target: 1.01479 0.00000
target: 1.01479 0.00000
fb: 1.13058 0.01541 0.24739 0.25754
fb: 1.14795 0.02656 0.23870 0.24885
dist/lin/ang/drive_left/drive_right/tv_l/tv_r/av_l/av_r/x/y/theta/t_err: 0.16139 0.94965 0.00000 1.12138 1.17451 0.30867 0.30714 0.30867 0.30714 17.65482 -0.33225 -1.30447 0.07508
target: 0.94965 0.00000
target: 0.94965 0.00000
fb: 1.06648 0.02330 0.16530 0.17479
fb: 1.11503 0.01967 0.14102 0.15052
dist/lin/ang/drive_left/drive_right/tv_l/tv_r/av_l/av_r/x/y/theta/t_err: 0.13867 0.88029 0.00000 1.09536 1.13471 0.26436 0.28661 0.26436 0.28661 18.53260 -0.35069 -1.10387 0.07158
target: 0.88029 0.00000
target: 0.88029 0.00000
fb: 0.98708 0.01662 0.11942 0.12822
fb: 0.92685 0.01783 0.14953 0.15834
dist/lin/ang/drive_left/drive_right/tv_l/tv_r/av_l/av_r/x/y/theta/t_err: 0.12017 0.81945 0.00000 0.90902 0.94468 0.19094 0.21406 0.19094 0.21406 19.26229 -0.36375 -0.94840 0.06887
target: 0.81945 0.00000
target: 0.81945 0.00000
fb: 0.88030 0.01541 0.15275 0.16094
fb: 0.81632 0.01293 0.18474 0.19293
dist/lin/ang/drive_left/drive_right/tv_l/tv_r/av_l/av_r/x/y/theta/t_err: 0.10387 0.76185 0.00000 0.80339 0.82924 0.18122 0.18617 0.18122 0.18617 19.90499 -0.37359 -0.81075 0.06647
target: 0.76185 0.00000
target: 0.76185 0.00000
fb: 0.76803 0.00682 0.16817 0.17578
fb: 0.74864 0.00540 0.17786 0.18548
dist/lin/ang/drive_left/drive_right/tv_l/tv_r/av_l/av_r/x/y/theta/t_err: 0.08891 0.70485 0.00000 0.74325 0.75404 0.18978 0.19969 0.18978 0.19969 20.49442 -0.38158 -0.75033 0.06541
target: 0.70485 0.00000
target: 0.70485 0.00000
fb: 0.74467 0.00930 0.12781 0.13486
fb: 0.65551 0.00803 0.17240 0.17944
dist/lin/ang/drive_left/drive_right/tv_l/tv_r/av_l/av_r/x/y/theta/t_err: 0.07581 0.65088 0.00000 0.64748 0.66353 0.16922 0.17967 0.16922 0.17967 21.01052 -0.38801 -0.66974 0.06400
target: 0.65088 0.00000
target: 0.65088 0.00000
fb: 0.65531 0.00185 0.13430 0.14081
fb: 0.66703 0.00213 0.12844 0.13495
dist/lin/ang/drive_left/drive_right/tv_l/tv_r/av_l/av_r/x/y/theta/t_err: 0.06248 0.59086 0.00000 0.66490 0.66916 0.16886 0.17128 0.16886 0.17128 21.53571 -0.39403 -0.64514 0.06357
target: 0.59086 0.00000
target: 0.59086 0.00000
fb: 0.55273 0.00249 0.10080 0.10671
fb: 0.53331 0.00178 0.11051 0.11642
dist/lin/ang/drive_left/drive_right/tv_l/tv_r/av_l/av_r/x/y/theta/t_err: 0.05181 0.53809 0.00000 0.53154 0.53509 0.13894 0.14594 0.13894 0.14594 21.95562 -0.39867 -0.62127 0.06316
target: 0.53809 0.00000
target: 0.53809 0.00000
fb: 0.56244 0.00170 -0.08214 0.08325
fb: 0.50617 0.00305 0.10600 0.11138
dist/lin/ang/drive_left/drive_right/tv_l/tv_r/av_l/av_r/x/y/theta/t_err: 0.04170 0.48269 0.00000 0.50312 0.50923 0.05014 0.12369 0.05014 0.12369 22.35415 -0.40292 -0.59835 0.06276
target: 0.48269 0.00000
target: 0.48269 0.00000
fb: 0.42872 0.00313 -0.08025 0.08458
fb: 0.43243 0.01541 -0.08211 0.08272
dist/lin/ang/drive_left/drive_right/tv_l/tv_r/av_l/av_r/x/y/theta/t_err: 0.03306 0.42981 0.00000 0.41702 0.44785 0.02033 0.11619 0.02033 0.11619 22.69463 -0.40633 -0.53061 0.06158
target: 0.42981 0.00000
target: 0.42981 0.00000
fb: 0.43412 0.02585 -0.12243 -0.11813
fb: 0.36430 0.03878 -0.08752 -0.08322
dist/lin/ang/drive_left/drive_right/tv_l/tv_r/av_l/av_r/x/y/theta/t_err: 0.02582 0.37985 0.00000 0.32552 0.40309 -0.07836 0.04450 -0.07836 0.04450 22.98148 -0.40845 -0.27634 0.05714
target: 0.37985 0.00000
target: 0.37985 0.00000
fb: 0.31963 0.05263 -0.10000 -0.09620
fb: 0.25954 0.05327 0.09005 0.09385
dist/lin/ang/drive_left/drive_right/tv_l/tv_r/av_l/av_r/x/y/theta/t_err: 0.02071 0.34020 0.00000 0.20626 0.31281 -0.07614 -0.06400 -0.07614 -0.06400 23.18584 -0.40873 0.17541 0.04925
target: 0.34020 0.00000
target: 0.34020 0.00000
fb: 0.18585 0.04375 0.13526 0.13866
fb: 0.15480 0.03331 0.15078 0.15418
dist/lin/ang/drive_left/drive_right/tv_l/tv_r/av_l/av_r/x/y/theta/t_err: 0.01768 0.31432 0.00000 0.12149 0.18812 0.08625 0.08094 0.08625 0.08094 23.30773 -0.40796 0.53518 0.04297
target: 0.31432 0.00000
target: 0.31432 0.00000
fb: 0.14342 0.02095 0.19356 0.19670
fb: 0.14527 0.01463 0.19263 0.19578
dist/lin/ang/drive_left/drive_right/tv_l/tv_r/av_l/av_r/x/y/theta/t_err: 0.01480 0.28762 0.00000 0.13063 0.15990 0.15331 0.15450 0.15331 0.15450 23.42211 -0.40670 0.70209 0.04006
target: 0.28762 0.00000
target: 0.28762 0.00000
fb: 0.15503 0.00888 0.15847 0.16134
fb: 0.14934 -0.00220 0.16131 0.16419
dist/lin/ang/drive_left/drive_right/tv_l/tv_r/av_l/av_r/x/y/theta/t_err: 0.01183 0.25706 0.00000 0.15155 0.14714 0.16853 0.17128 0.16853 0.17128 23.53969 -0.40520 0.74986 0.03923
target: 0.25706 0.00000
target: 0.25706 0.00000
fb: 0.13375 -0.01002 0.12240 0.12497
fb: 0.12607 -0.01101 0.12624 0.12881
dist/lin/ang/drive_left/drive_right/tv_l/tv_r/av_l/av_r/x/y/theta/t_err: 0.00929 0.22784 0.00000 0.13708 0.11506 0.13878 0.13997 0.13878 0.13997 23.63895 -0.40396 0.66629 0.04069
target: 0.22784 0.00000
target: 0.22784 0.00000
fb: 0.13402 -0.00973 0.21804 0.21804
fb: 0.13402 -0.01200 0.21804 0.21804
dist/lin/ang/drive_left/drive_right/tv_l/tv_r/av_l/av_r/x/y/theta/t_err: 0.00659 0.00659 0.00000 0.14603 0.12202 0.14819 0.14939 0.14819 0.14939 23.74447 -0.40282 0.57126 0.04234
target: 0.00659 0.00000
target: 0.00659 0.00000
fb: 0.13381 -0.01186 0.08264 0.08264
fb: 0.15521 -0.00945 0.08264 0.08264
dist/lin/ang/drive_left/drive_right/tv_l/tv_r/av_l/av_r/x/y/theta/t_err: 0.00347 0.00347 0.00000 0.16466 0.14576 0.14356 0.14322 0.14356 0.14322 23.86668 -0.40172 0.47206 0.04408
target: 0.00347 0.00000
target: 0.00347 0.00000
fb: 0.16888 -0.00831 0.08139 0.08139
fb: 0.16490 -0.00845 0.08139 0.08139
dist/lin/ang/drive_left/drive_right/tv_l/tv_r/av_l/av_r/x/y/theta/t_err: 0.00016 0.00016 0.00000 0.17335 0.15644 0.08231 0.08058 0.08231 0.08058 23.99652 -0.40073 0.39954 0.04534
target: 0.00016 0.00000
target: 0.00016 0.00000
fb: 0.16290 -0.00661 0.08006 0.08006
fb: 0.15318 -0.00369 0.08006 0.08006
dist/lin/ang/drive_left/drive_right/tv_l/tv_r/av_l/av_r/x/y/theta/t_err: -0.00291 -0.00291 0.00000 0.15687 0.14949 0.08078 0.07958 0.08078 0.07958 24.11713 -0.39994 0.35296 0.04615
target: -0.00291 0.00000
target: -0.00291 0.00000
fb: 0.14543 0.00000 -0.08116 -0.08116
fb: 0.15533 0.00334 -0.08116 -0.08116
dist/lin/ang/drive_left/drive_right/tv_l/tv_r/av_l/av_r/x/y/theta/t_err: -0.00602 -0.00602 0.00000 0.15200 0.15867 0.01456 0.03489 0.01456 0.03489 24.23944 -0.39918 0.36402 0.04596
target: -0.00602 0.00000
target: -0.00602 0.00000
fb: 0.14738 0.00291 -0.08241 -0.08241
fb: 0.13944 0.00071 -0.08241 -0.08241
dist/lin/ang/drive_left/drive_right/tv_l/tv_r/av_l/av_r/x/y/theta/t_err: -0.00880 -0.22178 0.00000 0.13873 0.14015 -0.06981 -0.06897 -0.06981 -0.06897 24.34923 -0.39846 0.38698 0.04556
target: -0.22178 0.00000
target: -0.22178 0.00000
fb: 0.13570 -0.00156 -0.34745 -0.34745
fb: 0.12799 -0.00128 -0.34359 -0.34359
dist/lin/ang/drive_left/drive_right/tv_l/tv_r/av_l/av_r/x/y/theta/t_err: -0.01136 -0.25198 0.00000 0.12927 0.12671 -0.13397 -0.13961 -0.13397 -0.13961 24.45000 -0.39778 0.38046 0.04567
target: -0.25198 0.00000
target: -0.25198 0.00000
fb: 0.09511 -0.00071 -0.35434 -0.35434
fb: 0.03509 -0.00163 -0.32433 -0.32433
dist/lin/ang/drive_left/drive_right/tv_l/tv_r/av_l/av_r/x/y/theta/t_err: -0.01207 -0.25966 0.00000 0.03672 0.03346 -0.30236 -0.30286 -0.30236 -0.30286 24.47763 -0.39760 0.37548 0.04576
target: -0.25966 0.00000
target: -0.25966 0.00000
fb: 0.01368 0.00156 -0.37064 -0.37324
fb: 0.00969 0.00156 -0.36865 -0.37125
dist/lin/ang/drive_left/drive_right/tv_l/tv_r/av_l/av_r/x/y/theta/t_err: -0.01226 -0.26170 0.00000 0.00813 0.01126 -0.31656 -0.32442 -0.31656 -0.32442 24.48527 -0.39755 0.39148 0.04548
target: -0.26170 0.00000
target: -0.26170 0.00000
fb: 0.00373 0.00263 -0.34232 -0.34493
fb: 0.00372 0.00369 -0.34231 -0.34493
dist/lin/ang/drive_left/drive_right/tv_l/tv_r/av_l/av_r/x/y/theta/t_err: -0.01233 -0.26244 0.00000 0.00003 0.00742 -0.33433 -0.33656 -0.33433 -0.33656 24.48820 -0.39753 0.42366 0.04492
target: -0.26244 0.00000
target: -0.26244 0.00000
fb: -0.03687 0.00000 -0.31680 -0.31943
fb: -0.14344 0.00064 -0.26352 -0.26614
final error: 0.54729, x: -0.37526, y: 0.39837
final local error: 0.54729, forwards: -0.37225, sideways: 0.40119
position: 24.37526 -0.39837 0.43111
took 1.04000 time to finish turn
dist/lin/ang/drive_left/drive_right/tv_l/tv_r/av_l/av_r/x/y/theta/t_err: -0.59172 -1.77800 0.00000 0.00000 0.00000 -0.00017 -0.00000 -0.00017 -0.00000 23.29246 -0.40634 180.48172 -0.02585
target: -1.77800 0.00000
target: -1.77800 0.00000
fb: -0.00000 0.00000 -1.00000 -1.00000
fb: -0.00000 0.00000 -1.00000 -1.00000
dist/lin/ang/drive_left/drive_right/tv_l/tv_r/av_l/av_r/x/y/theta/t_err: -0.59172 -1.77800 0.00000 -0.00000 -0.00000 -0.03628 -0.06417 -0.03628 -0.06417 23.29246 -0.40634 180.48247 -0.02586
target: -1.77800 0.00000
target: -1.77800 0.00000
fb: -0.00000 0.00000 -1.00000 -1.00000
fb: -0.00000 0.00000 -1.00000 -1.00000
dist/lin/ang/drive_left/drive_right/tv_l/tv_r/av_l/av_r/x/y/theta/t_err: -0.59172 -1.77800 0.00000 -0.00000 -0.00000 -0.42808 -0.49742 -0.42808 -0.49742 23.29246 -0.40634 180.48353 -0.02588
target: -1.77800 0.00000
target: -1.77800 0.00000
fb: -0.00373 -0.00845 -1.00000 -1.00000
fb: -0.06767 -0.01556 -1.00000 -1.00000
dist/lin/ang/drive_left/drive_right/tv_l/tv_r/av_l/av_r/x/y/theta/t_err: -0.59037 -1.77800 0.00000 -0.05212 -0.08323 -0.68769 -0.63806 -0.68769 -0.63806 23.23917 -0.40674 180.40405 -0.02455
target: -1.77800 0.00000
target: -1.77800 0.00000
fb: -0.18215 -0.01939 -1.00000 -1.00000
fb: -0.26377 -0.01882 -1.00000 -1.00000
dist/lin/ang/drive_left/drive_right/tv_l/tv_r/av_l/av_r/x/y/theta/t_err: -0.58509 -1.77800 0.00000 -0.24495 -0.28259 -0.68547 -0.63294 -0.68547 -0.63294 23.03149 -0.40791 180.24770 -0.02203
target: -1.77800 0.00000
target: -1.77800 0.00000
fb: -0.34124 -0.00916 -1.00000 -1.00000
fb: -0.41677 -0.00078 -1.00000 -1.00000
dist/lin/ang/drive_left/drive_right/tv_l/tv_r/av_l/av_r/x/y/theta/t_err: -0.57676 -1.77800 0.00000 -0.41599 -0.41756 -0.67844 -0.59836 -0.67844 -0.59836 22.70332 -0.40909 180.19018 -0.02134
target: -1.77800 0.00000
target: -1.77800 0.00000
fb: -0.45589 0.00433 -1.00000 -1.00000
fb: -0.49652 0.00391 -1.00000 -1.00000
dist/lin/ang/drive_left/drive_right/tv_l/tv_r/av_l/av_r/x/y/theta/t_err: -0.56683 -1.77800 0.00000 -0.50043 -0.49262 -0.70344 -0.70769 -0.70344 -0.70769 22.31236 -0.41054 180.23521 -0.02250
target: -1.77800 0.00000
target: -1.77800 0.00000
fb: -0.55279 0.00391 -1.00000 -1.00000
fb: -0.58767 0.01009 -1.00000 -1.00000
dist/lin/ang/drive_left/drive_right/tv_l/tv_r/av_l/av_r/x/y/theta/t_err: -0.55508 -1.76119 0.00000 -0.59776 -0.57759 -0.71864 -0.73644 -0.71864 -0.73644 21.84963 -0.41266 180.29973 -0.02412
target: -1.76119 0.00000
target: -1.76119 0.00000
fb: -0.64398 0.01421 -1.00000 -1.00000
fb: -0.69055 0.01257 -1.00000 -1.00000
dist/lin/ang/drive_left/drive_right/tv_l/tv_r/av_l/av_r/x/y/theta/t_err: -0.54127 -1.73915 0.00000 -0.70312 -0.67798 -0.71850 -0.75508 -0.71850 -0.75508 21.30590 -0.41608 180.41978 -0.02685
target: -1.73915 0.00000
target: -1.73915 0.00000
fb: -0.70201 0.00774 -1.00000 -1.00000
fb: -0.74677 0.00384 -1.00000 -1.00000
dist/lin/ang/drive_left/drive_right/tv_l/tv_r/av_l/av_r/x/y/theta/t_err: -0.52634 -1.71499 0.00000 -0.75060 -0.74293 -0.75100 -0.76625 -0.75100 -0.76625 20.71791 -0.42078 180.48458 -0.02876
target: -1.71499 0.00000
target: -1.71499 0.00000
fb: -0.83589 0.00206 -1.00000 -1.00000
fb: -0.87073 -0.00085 -1.00000 -1.00000
dist/lin/ang/drive_left/drive_right/tv_l/tv_r/av_l/av_r/x/y/theta/t_err: -0.50894 -1.68640 0.00000 -0.86988 -0.87158 -0.76419 -0.76967 -0.76419 -0.76967 20.03232 -0.42667 180.49335 -0.02991
target: -1.68640 0.00000
target: -1.68640 0.00000
fb: -0.87866 -0.00057 -1.00000 -1.00000
fb: -0.94841 0.00653 -1.00000 -1.00000
dist/lin/ang/drive_left/drive_right/tv_l/tv_r/av_l/av_r/x/y/theta/t_err: -0.48998 -1.65469 0.00000 -0.95494 -0.94187 -0.77617 -0.78350 -0.77617 -0.78350 19.28557 -0.43311 180.50805 -0.03132
target: -1.65469 0.00000
target: -1.65469 0.00000
fb: -1.01418 0.00000 -1.00000 -1.00000
fb: -0.99494 -0.00923 -1.00000 -1.00000
dist/lin/ang/drive_left/drive_right/tv_l/tv_r/av_l/av_r/x/y/theta/t_err: -0.47009 -1.62076 0.00000 -0.98570 -1.00417 -0.80372 -0.80575 -0.80372 -0.80575 18.50219 -0.44009 180.49146 -0.03236
target: -1.62076 0.00000
target: -1.62076 0.00000
fb: -1.12685 -0.00739 -0.91981 -0.93602
fb: -1.18888 0.00057 -0.88880 -0.90501
dist/lin/ang/drive_left/drive_right/tv_l/tv_r/av_l/av_r/x/y/theta/t_err: -0.44632 -1.57926 0.00000 -1.18945 -1.18831 -0.74381 -0.79925 -0.74381 -0.79925 17.56609 -0.44771 180.45646 -0.03345
target: -1.57926 0.00000
target: -1.57926 0.00000
fb: -1.12494 0.00249 -0.84687 -0.86267
fb: -1.15012 0.00831 -0.83428 -0.85007
dist/lin/ang/drive_left/drive_right/tv_l/tv_r/av_l/av_r/x/y/theta/t_err: -0.42334 -1.53805 0.00000 -1.15843 -1.14181 -0.68700 -0.71661 -0.68700 -0.71661 16.66052 -0.45524 180.50619 -0.03615
target: -1.53805 0.00000
target: -1.53805 0.00000
fb: -1.14420 0.01293 -0.79899 -0.81437
fb: -1.12284 0.02223 -0.80967 -0.82505
dist/lin/ang/drive_left/drive_right/tv_l/tv_r/av_l/av_r/x/y/theta/t_err: -0.40089 -1.49673 0.00000 -1.14507 -1.10061 -0.71711 -0.70206 -0.71711 -0.70206 15.77643 -0.46399 180.64611 -0.04068
target: -1.49673 0.00000
target: -1.49673 0.00000
fb: -1.20848 0.01676 -0.72668 -0.74165
fb: -1.27645 0.02458 -0.69270 -0.70766
dist/lin/ang/drive_left/drive_right/tv_l/tv_r/av_l/av_r/x/y/theta/t_err: -0.37539 -1.44834 0.00000 -1.30102 -1.25187 -0.73011 -0.71114 -0.73011 -0.71114 14.77144 -0.47675 180.82016 -0.04658
target: -1.44834 0.00000
target: -1.44834 0.00000
fb: -1.21425 0.02848 -0.64551 -0.65999
fb: -1.28976 0.03139 -0.60776 -0.62224
dist/lin/ang/drive_left/drive_right/tv_l/tv_r/av_l/av_r/x/y/theta/t_err: -0.34963 -1.39776 0.00000 -1.32115 -1.25836 -0.67006 -0.68033 -0.67006 -0.68033 13.75602 -0.49350 181.07238 -0.05458
target: -1.39776 0.00000
target: -1.39776 0.00000
fb: -1.30720 0.02671 -0.54063 -0.55461
fb: -1.26480 0.02415 -0.56183 -0.57580
dist/lin/ang/drive_left/drive_right/tv_l/tv_r/av_l/av_r/x/y/theta/t_err: -0.32438 -1.34633 0.00000 -1.28895 -1.24066 -0.58894 -0.61036 -0.58894 -0.61036 12.76033 -0.51424 181.30498 -0.06305
target: -1.34633 0.00000
target: -1.34633 0.00000
fb: -1.26478 0.02131 -0.50869 -0.52215
fb: -1.28594 0.02074 -0.49810 -0.51157
dist/lin/ang/drive_left/drive_right/tv_l/tv_r/av_l/av_r/x/y/theta/t_err: -0.29872 -1.29198 0.00000 -1.30668 -1.26520 -0.54736 -0.55900 -0.54736 -0.55900 11.74808 -0.53895 181.48485 -0.07176
target: -1.29198 0.00000
target: -1.29198 0.00000
fb: -1.25879 0.02074 -0.44634 -0.45926
fb: -1.21819 0.02010 -0.46664 -0.47956
dist/lin/ang/drive_left/drive_right/tv_l/tv_r/av_l/av_r/x/y/theta/t_err: -0.27442 -1.23833 0.00000 -1.23829 -1.19809 -0.49261 -0.50906 -0.49261 -0.50906 10.78924 -0.56522 181.65021 -0.08114
target: -1.23833 0.00000
target: -1.23833 0.00000
fb: -1.25680 0.01967 -0.39899 -0.41137
fb: -1.28196 0.02308 -0.38640 -0.39879
dist/lin/ang/drive_left/drive_right/tv_l/tv_r/av_l/av_r/x/y/theta/t_err: -0.24888 -1.17930 0.00000 -1.30505 -1.25888 -0.45550 -0.46458 -0.45550 -0.46458 9.78028 -0.59576 181.82353 -0.09267
target: -1.17930 0.00000
target: -1.17930 0.00000
fb: -1.23961 0.02145 -0.32665 -0.33844
fb: -1.19283 0.02166 -0.35004 -0.36183
dist/lin/ang/drive_left/drive_right/tv_l/tv_r/av_l/av_r/x/y/theta/t_err: -0.22514 -1.12164 0.00000 -1.21449 -1.17116 -0.39783 -0.40758 -0.39783 -0.40758 8.84157 -0.62715 182.00552 -0.10582
target: -1.12164 0.00000
target: -1.12164 0.00000
fb: -1.18311 0.02017 -0.30578 -0.31700
fb: -1.19100 0.00320 -0.30184 -0.31305
dist/lin/ang/drive_left/drive_right/tv_l/tv_r/av_l/av_r/x/y/theta/t_err: -0.20147 -1.06105 0.00000 -1.19420 -1.18781 -0.38756 -0.36786 -0.38756 -0.36786 7.90439 -0.66116 182.12298 -0.12050
target: -1.06105 0.00000
target: -1.06105 0.00000
fb: -1.19267 -0.00661 -0.22961 -0.24022
fb: -1.12489 0.00000 -0.26350 -0.27411
dist/lin/ang/drive_left/drive_right/tv_l/tv_r/av_l/av_r/x/y/theta/t_err: -0.17916 -1.00057 0.00000 -1.12489 -1.12489 -0.36514 -0.35625 -0.36514 -0.35625 7.01925 -0.69363 182.08350 -0.13486
target: -1.00057 0.00000
target: -1.00057 0.00000
fb: -1.07639 0.00788 -0.23016 -0.24017
fb: -1.12672 0.00000 -0.20500 -0.21500
dist/lin/ang/drive_left/drive_right/tv_l/tv_r/av_l/av_r/x/y/theta/t_err: -0.15686 -0.93623 -0.00000 -1.12672 -1.12672 -0.30150 -0.31844 -0.30150 -0.31844 6.13267 -0.72623 182.11990 -0.15487
target: -0.93623 0.00000
target: -0.93623 0.00000
fb: -1.06665 -0.00732 -0.15594 -0.16530
fb: -1.00836 -0.00561 -0.18508 -0.19444
dist/lin/ang/drive_left/drive_right/tv_l/tv_r/av_l/av_r/x/y/theta/t_err: -0.13484 -0.86803 0.00000 -1.00275 -1.01397 -0.24844 -0.26197 -0.24844 -0.26197 5.33921 -0.75517 182.06073 -0.15384
target: -0.86803 0.00000
target: -0.86803 0.00000
fb: -0.97150 -0.01023 -0.12067 -0.12935
fb: -0.88431 -0.01662 -0.16427 -0.17295
dist/lin/ang/drive_left/drive_right/tv_l/tv_r/av_l/av_r/x/y/theta/t_err: -0.11720 -0.80926 0.00000 -0.86769 -0.90093 -0.20172 -0.21094 -0.20172 -0.21094 4.64334 -0.77963 181.95364 -0.15197
target: -0.80926 0.00000
target: -0.80926 0.00000
fb: -0.86683 -0.02003 -0.15899 -0.16708
fb: -0.84740 -0.01975 -0.16871 -0.17680
dist/lin/ang/drive_left/drive_right/tv_l/tv_r/av_l/av_r/x/y/theta/t_err: -0.10032 -0.74873 0.00000 -0.82765 -0.86714 -0.18411 -0.19542 -0.18411 -0.19542 3.97645 -0.80136 181.77780 -0.14890
target: -0.74873 0.00000
target: -0.74873 0.00000
fb: -0.79885 -0.02152 -0.12699 -0.13448
fb: -0.75800 -0.02749 -0.14741 -0.15490
dist/lin/ang/drive_left/drive_right/tv_l/tv_r/av_l/av_r/x/y/theta/t_err: -0.08525 -0.69019 0.00000 -0.73051 -0.78549 -0.17831 -0.18242 -0.17831 -0.18242 3.37985 -0.81885 181.56942 -0.14526
target: -0.69019 0.00000
target: -0.69019 0.00000
fb: -0.69993 -0.03090 -0.12916 -0.13606
fb: -0.64762 -0.03125 -0.15532 -0.16222
dist/lin/ang/drive_left/drive_right/tv_l/tv_r/av_l/av_r/x/y/theta/t_err: -0.07240 -0.63607 0.00000 -0.61637 -0.67887 -0.14786 -0.16581 -0.14786 -0.16581 2.87008 -0.83162 181.30152 -0.14059
target: -0.63607 0.00000
target: -0.63607 0.00000
fb: -0.67850 -0.03395 -0.10783 -0.11419
fb: -0.61648 -0.03409 -0.13884 -0.14520
dist/lin/ang/drive_left/drive_right/tv_l/tv_r/av_l/av_r/x/y/theta/t_err: -0.06019 -0.57994 0.00000 -0.58239 -0.65058 -0.14753 -0.15622 -0.14753 -0.15622 2.38476 -0.84149 181.00744 -0.13545
target: -0.57994 0.00000
target: -0.57994 0.00000
fb: -0.55447 -0.03559 -0.10694 -0.11274
fb: -0.52534 -0.03566 -0.12150 -0.12730
dist/lin/ang/drive_left/drive_right/tv_l/tv_r/av_l/av_r/x/y/theta/t_err: -0.04980 -0.52753 0.00000 -0.48968 -0.56099 -0.13894 -0.14717 -0.13894 -0.14717 1.97116 -0.84770 180.69915 -0.13007
target: -0.52753 0.00000
target: -0.52753 0.00000
fb: -0.49047 -0.03495 -0.10535 -0.11062
fb: -0.50593 -0.03353 -0.09762 -0.10290
dist/lin/ang/drive_left/drive_right/tv_l/tv_r/av_l/av_r/x/y/theta/t_err: -0.03980 -0.47158 0.00000 -0.47240 -0.53945 -0.13228 -0.13725 -0.13228 -0.13725 1.57281 -0.85151 180.39959 -0.12485
target: -0.47158 0.00000
target: -0.47158 0.00000
fb: -0.47858 -0.03005 0.11834 0.11363
fb: -0.43226 -0.02820 0.09518 0.09047
dist/lin/ang/drive_left/drive_right/tv_l/tv_r/av_l/av_r/x/y/theta/t_err: -0.03125 -0.41789 0.00000 -0.40406 -0.46046 -0.05425 -0.03150 -0.05425 -0.03150 1.23245 -0.85311 180.13876 -0.12029
target: -0.41789 0.00000
target: -0.41789 0.00000
fb: -0.39367 -0.02415 0.11725 0.11308
fb: -0.31205 -0.02110 -0.08355 -0.08773
dist/lin/ang/drive_left/drive_right/tv_l/tv_r/av_l/av_r/x/y/theta/t_err: -0.02509 -0.37443 0.00000 -0.29095 -0.33314 0.07703 0.07800 0.07703 0.07800 0.98674 -0.85328 179.93142 -0.11667
target: -0.37443 0.00000
target: -0.37443 0.00000
fb: -0.21498 -0.01932 -0.13638 -0.14013
fb: -0.17041 -0.02301 -0.15867 -0.16241
dist/lin/ang/drive_left/drive_right/tv_l/tv_r/av_l/av_r/x/y/theta/t_err: -0.02175 -0.34861 0.00000 -0.14740 -0.19343 -0.08025 -0.09378 -0.08025 -0.09378 0.85256 -0.85292 179.75366 -0.11357
target: -0.34861 0.00000
target: -0.34861 0.00000
fb: -0.18605 -0.02728 -0.20544 -0.20892
fb: -0.22862 -0.02735 -0.18415 -0.18764
dist/lin/ang/drive_left/drive_right/tv_l/tv_r/av_l/av_r/x/y/theta/t_err: -0.01726 -0.31059 0.00000 -0.20127 -0.25596 -0.15808 -0.16650 -0.15808 -0.16650 0.67255 -0.85176 179.52058 -0.10950
target: -0.31059 0.00000
target: -0.31059 0.00000
fb: -0.24805 -0.02344 -0.08307 -0.08617
fb: -0.25005 -0.02223 -0.08207 -0.08517
dist/lin/ang/drive_left/drive_right/tv_l/tv_r/av_l/av_r/x/y/theta/t_err: -0.01234 -0.26257 0.00000 -0.22782 -0.27228 -0.15367 -0.14422 -0.15367 -0.14422 0.47567 -0.84976 179.31867 -0.10598
target: -0.26257 0.00000
target: -0.26257 0.00000
fb: -0.23639 -0.01740 0.16221 0.15959
fb: -0.19383 -0.01527 0.14093 0.13831
dist/lin/ang/drive_left/drive_right/tv_l/tv_r/av_l/av_r/x/y/theta/t_err: -0.00852 -0.21817 0.00000 -0.17855 -0.20910 -0.02653 0.00464 -0.02653 0.00464 0.32306 -0.84775 179.16818 -0.10335
target: -0.21817 0.00000
target: -0.21817 0.00000
fb: -0.17641 -0.01371 -0.18814 -0.18814
fb: -0.15304 -0.01158 -0.19983 -0.19983
dist/lin/ang/drive_left/drive_right/tv_l/tv_r/av_l/av_r/x/y/theta/t_err: -0.00550 -0.00550 0.00000 -0.14146 -0.16461 0.05236 0.00667 0.05236 0.00667 0.20258 -0.84588 179.05327 -0.10135
target: -0.00550 0.00000
target: -0.00550 0.00000
fb: -0.12418 0.00107 -0.08220 -0.08220
fb: -0.12426 0.01151 -0.08220 -0.08220
dist/lin/ang/drive_left/drive_right/tv_l/tv_r/av_l/av_r/x/y/theta/t_err: -0.00300 -0.00300 -0.00000 -0.13577 -0.11275 -0.13294 -0.12678 -0.13294 -0.12678 0.10475 -0.84427 179.08663 -0.10193
target: -0.00300 0.00000
target: -0.00300 0.00000
fb: -0.12608 0.01016 -0.08120 -0.08120
fb: -0.14349 0.00504 -0.08120 -0.08120
dist/lin/ang/drive_left/drive_right/tv_l/tv_r/av_l/av_r/x/y/theta/t_err: -0.00011 -0.00011 -0.00000 -0.14854 -0.13845 -0.08725 -0.08761 -0.08725 -0.08761 -0.00823 -0.84256 179.15910 -0.10319
target: -0.00011 0.00000
target: -0.00011 0.00000
fb: -0.16289 0.00483 -0.08004 -0.08004
fb: -0.15515 0.00391 -0.08004 -0.08004
dist/lin/ang/drive_left/drive_right/tv_l/tv_r/av_l/av_r/x/y/theta/t_err: 0.00301 0.00301 -0.00000 -0.15906 -0.15125 -0.08231 -0.08331 -0.08231 -0.08331 -0.13038 -0.84080 179.19357 -0.10380
target: 0.00301 0.00000
target: 0.00301 0.00000
fb: -0.13574 0.00526 0.08120 0.08120
fb: -0.11831 0.00504 0.08120 0.08120
dist/lin/ang/drive_left/drive_right/tv_l/tv_r/av_l/av_r/x/y/theta/t_err: 0.00539 0.00539 -0.00000 -0.12335 -0.11327 -0.03356 -0.03317 -0.03356 -0.03317 -0.22353 -0.83952 179.23307 -0.10449
target: 0.00539 0.00000
target: 0.00539 0.00000
fb: -0.09911 0.00277 0.08216 0.08216
fb: -0.08938 0.00000 0.08216 0.08216
dist/lin/ang/drive_left/drive_right/tv_l/tv_r/av_l/av_r/x/y/theta/t_err: 0.00719 0.00719 -0.00000 -0.08938 -0.08938 0.06808 0.06758 0.06808 0.06758 -0.29390 -0.83859 179.24858 -0.10476
target: 0.00719 0.00000
target: 0.00719 0.00000
fb: -0.08517 -0.00178 0.08287 0.08287
fb: -0.08912 -0.00781 0.08287 0.08287
dist/lin/ang/drive_left/drive_right/tv_l/tv_r/av_l/av_r/x/y/theta/t_err: 0.00895 0.22369 0.00000 -0.08130 -0.09693 0.07392 0.07564 0.07392 0.07564 -0.36406 -0.83765 179.21342 -0.10414
target: 0.22369 0.00000
target: 0.22369 0.00000
fb: -0.06591 -0.01172 0.31427 0.31427
fb: -0.02133 -0.00561 0.29198 0.29198
dist/lin/ang/drive_left/drive_right/tv_l/tv_r/av_l/av_r/x/y/theta/t_err: 0.00935 0.22856 0.00000 -0.01572 -0.02694 0.15469 0.13569 0.15469 0.13569 -0.38086 -0.83741 179.12768 -0.10265
target: 0.22856 0.00000
target: 0.22856 0.00000
fb: -0.01165 -0.00241 0.29153 0.29153
fb: -0.00770 -0.00178 0.28956 0.28956
dist/lin/ang/drive_left/drive_right/tv_l/tv_r/av_l/av_r/x/y/theta/t_err: 0.00950 0.23035 0.00000 -0.00593 -0.00948 0.26725 0.26556 0.26725 0.26556 -0.38692 -0.83732 179.10725 -0.10229
target: 0.23035 0.00000
target: 0.23035 0.00000
fb: 0.00002 -0.00298 0.28730 0.28730
fb: -0.02315 -0.00305 0.29888 0.29888
dist/lin/ang/drive_left/drive_right/tv_l/tv_r/av_l/av_r/x/y/theta/t_err: 0.00995 0.23577 0.00000 -0.02009 -0.02620 0.26900 0.26933 0.26900 0.26933 -0.40515 -0.83703 179.08008 -0.10182
target: 0.23577 0.00000
target: 0.23577 0.00000
fb: -0.01343 -0.00355 0.29891 0.29891
fb: 0.06976 -0.00384 0.25732 0.25732
dist/lin/ang/drive_left/drive_right/tv_l/tv_r/av_l/av_r/x/y/theta/t_err: 0.00854 0.21845 0.00000 0.07359 0.06592 0.27617 0.27769 0.27617 0.27769 -0.35022 -0.83793 179.04617 -0.10122
target: 0.21845 0.00000
target: 0.21845 0.00000
fb: 0.15119 -0.00398 0.20102 0.20102
fb: 0.19973 -0.00412 0.17674 0.17674
start is 0.00000 0.00000
dist/lin/ang/drive_left/drive_right/tv_l/tv_r/av_l/av_r/x/y/theta/t_err: 0.60960 1.77800 0.00000 0.00000 0.00000 0.00000 -0.00000 0.00000 -0.00000 0.00000 -0.00000 -0.00220 0.00004
target: 1.77800 0.00000
target: 1.77800 0.00000
fb: -0.00000 0.00000 1.00000 1.00000
fb: -0.00000 0.00000 1.00000 1.00000
dist/lin/ang/drive_left/drive_right/tv_l/tv_r/av_l/av_r/x/y/theta/t_err: 0.60960 1.77800 0.00000 -0.00000 -0.00000 0.08042 0.10114 0.08042 0.10114 0.00000 -0.00000 -0.00162 0.00003
target: 1.77800 0.00000
target: 1.77800 0.00000
fb: 0.00000 0.00000 1.00000 1.00000
fb: 0.00002 -0.00945 1.00000 1.00000
dist/lin/ang/drive_left/drive_right/tv_l/tv_r/av_l/av_r/x/y/theta/t_err: 0.60960 1.77800 0.00000 0.00947 -0.00942 0.55628 0.53575 0.55628 0.53575 0.00002 -0.00000 -0.02690 0.00047
target: 1.77800 0.00000
target: 1.77800 0.00000
fb: -0.00388 -0.01918 1.00000 1.00000
fb: 0.10494 -0.01350 1.00000 1.00000
dist/lin/ang/drive_left/drive_right/tv_l/tv_r/av_l/av_r/x/y/theta/t_err: 0.60750 1.77800 0.00000 0.11843 0.09144 0.69197 0.71128 0.69197 0.71128 0.08265 -0.00020 -0.16674 0.00292
target: 1.77800 0.00000
target: 1.77800 0.00000
fb: 0.24062 -0.01286 1.00000 1.00000
fb: 0.32006 -0.01492 1.00000 1.00000
dist/lin/ang/drive_left/drive_right/tv_l/tv_r/av_l/av_r/x/y/theta/t_err: 0.60110 1.77800 0.00000 0.33498 0.30514 0.68853 0.69025 0.68853 0.69025 0.33466 -0.00120 -0.28293 0.00499
target: 1.77800 0.00000
target: 1.77800 0.00000
fb: 0.39002 -0.01499 1.00000 1.00000
fb: 0.40744 -0.01016 1.00000 1.00000
dist/lin/ang/drive_left/drive_right/tv_l/tv_r/av_l/av_r/x/y/theta/t_err: 0.59295 1.77800 0.00000 0.41760 0.39728 0.72344 0.74433 0.72344 0.74433 0.65547 -0.00314 -0.39977 0.00711
target: 1.77800 0.00000
target: 1.77800 0.00000
fb: 0.45574 -0.00852 1.00000 1.00000
fb: 0.50605 -0.01215 1.00000 1.00000
dist/lin/ang/drive_left/drive_right/tv_l/tv_r/av_l/av_r/x/y/theta/t_err: 0.58283 1.77800 0.00000 0.51819 0.49390 0.75203 0.76503 0.75203 0.76503 1.05392 -0.00619 -0.48388 0.00872
target: 1.77800 0.00000
target: 1.77800 0.00000
fb: 0.50827 -0.01229 1.00000 1.00000
fb: 0.57027 -0.00923 1.00000 1.00000
dist/lin/ang/drive_left/drive_right/tv_l/tv_r/av_l/av_r/x/y/theta/t_err: 0.57143 1.77800 0.00000 0.57951 0.56104 0.76108 0.75528 0.76108 0.75528 1.50294 -0.01041 -0.58382 0.01065
target: 1.77800 0.00000
target: 1.77800 0.00000
fb: 0.63027 -0.00682 1.00000 1.00000
fb: 0.65960 -0.00490 1.00000 1.00000
dist/lin/ang/drive_left/drive_right/tv_l/tv_r/av_l/av_r/x/y/theta/t_err: 0.55823 1.76619 0.00000 0.66451 0.65470 0.76708 0.74550 0.76708 0.74550 2.02228 -0.01600 -0.64462 0.01198
target: 1.76619 0.00000
target: 1.76619 0.00000
fb: 0.63821 -0.01101 1.00000 1.00000
fb: 0.70798 -0.01662 1.00000 1.00000
dist/lin/ang/drive_left/drive_right/tv_l/tv_r/av_l/av_r/x/y/theta/t_err: 0.54408 1.74364 0.00000 0.72460 0.69136 0.78181 0.77633 0.78181 0.77633 2.57970 -0.02283 -0.76054 0.01434
target: 1.74364 0.00000
target: 1.74364 0.00000
fb: 0.83026 -0.02230 1.00000 1.00000
fb: 0.84179 -0.02969 1.00000 1.00000
dist/lin/ang/drive_left/drive_right/tv_l/tv_r/av_l/av_r/x/y/theta/t_err: 0.52724 1.71646 0.00000 0.87148 0.81210 0.78147 0.78539 0.78147 0.78539 3.24245 -0.03280 -0.97771 0.01864
target: 1.71646 0.00000
target: 1.71646 0.00000
fb: 0.97576 -0.03132 1.00000 1.00000
fb: 1.07661 -0.03090 1.00000 1.00000
dist/lin/ang/drive_left/drive_right/tv_l/tv_r/av_l/av_r/x/y/theta/t_err: 0.50572 1.68105 0.00000 1.10751 1.04571 0.79733 0.79961 0.79733 0.79961 4.09002 -0.04920 -1.24428 0.02419
target: 1.68105 0.00000
target: 1.68105 0.00000
fb: 1.04351 -0.02749 1.00000 1.00000
fb: 1.03774 -0.02379 1.00000 1.00000
dist/lin/ang/drive_left/drive_right/tv_l/tv_r/av_l/av_r/x/y/theta/t_err: 0.48497 1.64621 0.00000 1.06154 1.01395 0.82081 0.82097 0.82081 0.82097 4.90691 -0.06865 -1.47362 0.02932
target: 1.64621 0.00000
target: 1.64621 0.00000
fb: 1.10964 -0.01662 0.94874 0.96520
fb: 1.10365 -0.01577 0.95174 0.96820
dist/lin/ang/drive_left/drive_right/tv_l/tv_r/av_l/av_r/x/y/theta/t_err: 0.46291 1.60833 0.00000 1.11942 1.08788 0.74517 0.74364 0.74517 0.74364 5.77560 -0.09210 -1.62160 0.03336
target: 1.60833 0.00000
target: 1.60833 0.00000
fb: 1.10739 -0.01619 0.89984 0.91592
fb: 1.09194 -0.01477 0.90756 0.92364
dist/lin/ang/drive_left/drive_right/tv_l/tv_r/av_l/av_r/x/y/theta/t_err: 0.44108 1.56995 0.00000 1.10672 1.07717 0.70219 0.61647 0.70219 0.61647 6.63503 -0.11742 -1.75837 0.03745
target: 1.56995 0.00000
target: 1.56995 0.00000
fb: 1.10763 -0.02266 0.86066 0.87636
fb: 1.21623 -0.02245 0.80637 0.82207
dist/lin/ang/drive_left/drive_right/tv_l/tv_r/av_l/av_r/x/y/theta/t_err: 0.41678 1.52609 0.00000 1.23867 1.19378 0.67022 0.69983 0.67022 0.69983 7.59219 -0.14838 -1.95320 0.04313
target: 1.52609 0.00000
target: 1.52609 0.00000
fb: 1.18887 -0.02088 0.75321 0.76847
fb: 1.21819 -0.01776 0.73854 0.75380
dist/lin/ang/drive_left/drive_right/tv_l/tv_r/av_l/av_r/x/y/theta/t_err: 0.39244 1.48086 0.00000 1.23595 1.20044 0.71900 0.70444 0.71900 0.70444 8.55078 -0.18264 -2.12696 0.04894
target: 1.48086 0.00000
target: 1.48086 0.00000
fb: 1.29962 -0.02351 0.64829 0.66309
fb: 1.26853 -0.02507 0.66383 0.67864
dist/lin/ang/drive_left/drive_right/tv_l/tv_r/av_l/av_r/x/y/theta/t_err: 0.36710 1.43226 0.00000 1.29360 1.24346 0.69472 0.69811 0.69472 0.69811 9.54887 -0.22140 -2.33018 0.05599
target: 1.43226 0.00000
target: 1.43226 0.00000
fb: 1.28596 -0.02067 0.59329 0.60761
fb: 1.29761 -0.01293 0.58747 0.60179
dist/lin/ang/drive_left/drive_right/tv_l/tv_r/av_l/av_r/x/y/theta/t_err: 0.34120 1.38080 0.00000 1.31053 1.28468 0.63228 0.63858 0.63228 0.63858 10.56971 -0.26440 -2.47750 0.06292
target: 1.38080 0.00000
target: 1.38080 0.00000
fb: 1.28214 -0.01762 0.53292 0.54673
fb: 1.31504 -0.01776 0.51647 0.53028
dist/lin/ang/drive_left/drive_right/tv_l/tv_r/av_l/av_r/x/y/theta/t_err: 0.31495 1.32663 0.00000 1.33280 1.29728 0.56792 0.58469 0.56792 0.58469 11.60414 -0.31043 -2.62297 0.07082
target: 1.32663 0.00000
target: 1.32663 0.00000
fb: 1.23936 -0.01840 0.49016 0.50342
fb: 1.23163 -0.01570 0.49402 0.50729
dist/lin/ang/drive_left/drive_right/tv_l/tv_r/av_l/av_r/x/y/theta/t_err: 0.29039 1.27385 0.00000 1.24733 1.21593 0.51575 0.53233 0.51575 0.53233 12.57285 -0.35614 -2.77090 0.07952
target: 1.27385 0.00000
target: 1.27385 0.00000
fb: 1.18506 -0.01648 0.47285 0.48559
fb: 1.25678 -0.01790 0.43699 0.44973
dist/lin/ang/drive_left/drive_right/tv_l/tv_r/av_l/av_r/x/y/theta/t_err: 0.26534 1.21768 0.00000 1.27468 1.23888 0.49483 0.50169 0.49483 0.50169 13.56123 -0.40530 -2.91604 0.08970
target: 1.21768 0.00000
target: 1.21768 0.00000
fb: 1.45074 -0.01612 0.27082 0.28300
fb: 1.30332 -0.01122 0.34454 0.35671
dist/lin/ang/drive_left/drive_right/tv_l/tv_r/av_l/av_r/x/y/theta/t_err: 0.23940 1.15661 0.00000 1.31455 1.29210 0.44350 0.43769 0.44350 0.43769 14.58608 -0.45862 -3.03845 0.10171
target: 1.15661 0.00000
target: 1.15661 0.00000
fb: 1.20642 -0.00838 0.31233 0.32390
fb: 1.31298 -0.00462 0.25905 0.27062
dist/lin/ang/drive_left/drive_right/tv_l/tv_r/av_l/av_r/x/y/theta/t_err: 0.21329 1.09173 0.00000 1.31759 1.30836 0.37797 0.36397 0.37797 0.36397 15.61843 -0.51402 -3.09846 0.11533
target: 1.09173 0.00000
target: 1.09173 0.00000
fb: 1.18891 0.00803 0.24163 0.25255
fb: 1.15398 0.01484 0.25910 0.27002
dist/lin/ang/drive_left/drive_right/tv_l/tv_r/av_l/av_r/x/y/theta/t_err: 0.19038 1.03143 0.00000 1.13913 1.16882 0.35608 0.33622 0.35608 0.33622 16.52578 -0.56260 -3.01696 0.12779
target: 1.03143 0.00000
target: 1.03143 0.00000
fb: 1.19653 0.01229 0.20058 0.21089
fb: 1.07428 0.01726 0.26171 0.27202
dist/lin/ang/drive_left/drive_right/tv_l/tv_r/av_l/av_r/x/y/theta/t_err: 0.16909 0.97205 0.00000 1.05702 1.09154 0.30336 0.29772 0.30336 0.29772 17.37054 -0.60622 -2.88959 0.14162
target: 0.97205 0.00000
target: 0.97205 0.00000
fb: 1.10516 0.01527 0.19336 0.20308
fb: 1.04713 0.01293 0.22237 0.23209
dist/lin/ang/drive_left/drive_right/tv_l/tv_r/av_l/av_r/x/y/theta/t_err: 0.14651 0.90482 0.00000 1.03421 1.06006 0.27189 0.27733 0.27189 0.27733 18.19405 -0.64686 -2.75830 0.13933
target: 0.90482 0.00000
target: 0.90482 0.00000
fb: 0.95603 0.00497 0.16807 0.17712
fb: 0.96976 0.00291 0.16121 0.17025
dist/lin/ang/drive_left/drive_right/tv_l/tv_r/av_l/av_r/x/y/theta/t_err: 0.12713 0.84287 0.00000 0.96684 0.97267 0.23783 0.24828 0.23783 0.24828 18.95677 -0.68322 -2.71037 0.13850
target: 0.84287 0.00000
target: 0.84287 0.00000
fb: 0.92121 0.01073 0.14977 0.15820
fb: 0.88804 0.02088 0.16635 0.17478
dist/lin/ang/drive_left/drive_right/tv_l/tv_r/av_l/av_r/x/y/theta/t_err: 0.10942 0.78196 0.00000 0.86716 0.90892 0.20225 0.20736 0.20225 0.20736 19.65526 -0.71566 -2.58453 0.13630
target: 0.78196 0.00000
target: 0.78196 0.00000
fb: 0.84739 0.01982 0.13291 0.14073
fb: 0.73686 0.01037 0.18817 0.19599
dist/lin/ang/drive_left/drive_right/tv_l/tv_r/av_l/av_r/x/y/theta/t_err: 0.09475 0.72764 0.00000 0.72649 0.74723 0.18292 0.18906 0.18292 0.18906 20.23492 -0.74098 -2.42882 0.13358
target: 0.72764 0.00000
target: 0.72764 0.00000
fb: 0.75037 0.01009 0.15891 0.16618
fb: 0.72325 0.00696 0.17247 0.17974
dist/lin/ang/drive_left/drive_right/tv_l/tv_r/av_l/av_r/x/y/theta/t_err: 0.08032 0.66993 0.00000 0.71629 0.73021 0.18033 0.18617 0.18033 0.18617 20.80391 -0.76473 -2.34674 0.13215
target: 0.66993 0.00000
target: 0.66993 0.00000
fb: 0.64008 0.00348 0.14342 0.15012
fb: 0.66129 0.00000 0.13282 0.13952
dist/lin/ang/drive_left/drive_right/tv_l/tv_r/av_l/av_r/x/y/theta/t_err: 0.06710 0.61235 0.00000 0.66129 0.66129 0.17983 0.17931 0.17983 0.17931 21.32418 -0.78589 -2.31960 0.13167
target: 0.61235 0.00000
target: 0.61235 0.00000
fb: 0.58959 0.00270 0.11391 0.12003
fb: 0.55273 0.00206 0.13233 0.13846
dist/lin/ang/drive_left/drive_right/tv_l/tv_r/av_l/av_r/x/y/theta/t_err: 0.05606 0.55969 0.00000 0.55067 0.55479 0.15042 0.15228 0.15042 0.15228 21.75905 -0.80340 -2.29376 0.13122
target: 0.55969 0.00000
target: 0.55969 0.00000
fb: 0.56045 0.00156 0.10012 0.10571
fb: 0.52559 0.00199 0.11755 0.12315
dist/lin/ang/drive_left/drive_right/tv_l/tv_r/av_l/av_r/x/y/theta/t_err: 0.04555 0.50454 0.00000 0.52360 0.52758 0.14236 0.14169 0.14236 0.14169 22.17257 -0.81989 -2.27255 0.13085
target: 0.50454 0.00000
target: 0.50454 0.00000
fb: 0.46535 0.00341 0.08350 0.08855
fb: 0.45961 0.00185 0.08637 0.09142
dist/lin/ang/drive_left/drive_right/tv_l/tv_r/av_l/av_r/x/y/theta/t_err: 0.03637 0.45084 0.00000 0.45776 0.46145 0.11808 0.12558 0.11808 0.12558 22.53419 -0.83413 -2.24154 0.13031
target: 0.45084 0.00000
target: 0.45084 0.00000
fb: 0.47329 0.00234 -0.12545 -0.12094
fb: 0.44416 0.00455 -0.11089 -0.10638
dist/lin/ang/drive_left/drive_right/tv_l/tv_r/av_l/av_r/x/y/theta/t_err: 0.02750 0.39203 0.00000 0.43961 0.44871 0.02086 0.04978 0.02086 0.04978 22.88365 -0.84773 -2.21107 0.12978
target: 0.39203 0.00000
target: 0.39203 0.00000
fb: 0.38191 0.00994 -0.15926 -0.15534
fb: 0.29847 0.01087 -0.11754 -0.11362
dist/lin/ang/drive_left/drive_right/tv_l/tv_r/av_l/av_r/x/y/theta/t_err: 0.02157 0.34718 0.00000 0.28760 0.30934 -0.09839 -0.08333 -0.09839 -0.08333 23.11850 -0.85664 -2.12040 0.12820
target: 0.34718 0.00000
target: 0.34718 0.00000
fb: 0.22300 0.00845 0.09994 0.10341
fb: 0.15505 0.00895 0.13391 0.13739
dist/lin/ang/drive_left/drive_right/tv_l/tv_r/av_l/av_r/x/y/theta/t_err: 0.01850 0.32153 0.00000 0.14610 0.16400 -0.01419 -0.07444 -0.01419 -0.07444 23.24051 -0.86107 -2.03772 0.12676
target: 0.32153 0.00000
target: 0.32153 0.00000
fb: 0.11819 0.01087 0.21419 0.21741
fb: 0.10274 0.01279 0.22192 0.22514
dist/lin/ang/drive_left/drive_right/tv_l/tv_r/av_l/av_r/x/y/theta/t_err: 0.01649 0.30353 0.00000 0.08995 0.11552 0.14442 0.12336 0.14442 0.12336 23.32135 -0.86388 -1.93455 0.12495
target: 0.30353 0.00000
target: 0.30353 0.00000
fb: 0.11619 0.01271 0.23226 0.23530
fb: 0.14357 0.00888 0.21858 0.22161
dist/lin/ang/drive_left/drive_right/tv_l/tv_r/av_l/av_r/x/y/theta/t_err: 0.01365 0.27621 0.00000 0.13469 0.15244 0.21253 0.20908 0.21253 0.20908 23.43434 -0.86759 -1.84054 0.12331
target: 0.27621 0.00000
target: 0.27621 0.00000
fb: 0.13762 0.00902 0.15341 0.15617
fb: 0.13942 -0.00064 0.15251 0.15527
dist/lin/ang/drive_left/drive_right/tv_l/tv_r/av_l/av_r/x/y/theta/t_err: 0.01088 0.24660 0.00000 0.14005 0.13878 0.18361 0.20908 0.18361 0.20908 23.54406 -0.87105 -1.79426 0.12251
target: 0.24660 0.00000
target: 0.24660 0.00000
fb: 0.15713 -0.00717 0.22338 0.22338
fb: 0.14569 -0.00796 0.22909 0.22909
dist/lin/ang/drive_left/drive_right/tv_l/tv_r/av_l/av_r/x/y/theta/t_err: 0.00794 0.21067 0.00000 0.15365 0.13774 0.17283 0.15758 0.17283 0.15758 23.65872 -0.87471 -1.86048 0.12366
target: 0.21067 0.00000
target: 0.21067 0.00000
fb: 0.13201 -0.00646 0.20360 0.20360
fb: 0.12032 -0.00703 0.20945 0.20945
dist/lin/ang/drive_left/drive_right/tv_l/tv_r/av_l/av_r/x/y/theta/t_err: 0.00551 0.00551 0.00000 0.12735 0.11328 0.20278 0.20431 0.20278 0.20431 23.75341 -0.87783 -1.92390 0.12477
target: 0.00551 0.00000
target: 0.00551 0.00000
fb: 0.14348 -0.00540 0.08220 0.08220
fb: 0.18606 -0.00582 -0.16807 -0.16807
dist/lin/ang/drive_left/drive_right/tv_l/tv_r/av_l/av_r/x/y/theta/t_err: 0.00177 0.00177 0.00000 0.19189 0.18024 0.14322 0.17878 0.14322 0.17878 23.89983 -0.88282 -1.97763 0.12571
target: 0.00177 0.00000
target: 0.00177 0.00000
fb: 0.19202 -0.00710 -0.17442 -0.17442
fb: 0.18629 -0.00810 -0.17155 -0.17155
dist/lin/ang/drive_left/drive_right/tv_l/tv_r/av_l/av_r/x/y/theta/t_err: -0.00198 -0.00198 0.00000 0.19439 0.17819 -0.11822 -0.10694 -0.11822 -0.10694 24.04642 -0.88796 -2.04012 0.12680
target: -0.00198 0.00000
target: -0.00198 0.00000
fb: 0.18430 -0.00490 -0.17393 -0.17393
fb: 0.18229 0.00078 -0.17293 -0.17293
dist/lin/ang/drive_left/drive_right/tv_l/tv_r/av_l/av_r/x/y/theta/t_err: -0.00564 -0.00564 0.00000 0.18150 0.18307 -0.15453 -0.16206 -0.15453 -0.16206 24.18986 -0.89312 -2.06419 0.12722
target: -0.00564 0.00000
target: -0.00564 0.00000
fb: 0.14936 0.01030 -0.08225 -0.08225
fb: 0.07561 0.01002 -0.08225 -0.08225
dist/lin/ang/drive_left/drive_right/tv_l/tv_r/av_l/av_r/x/y/theta/t_err: -0.00712 -0.00712 0.00000 0.06560 0.08563 -0.12253 -0.13331 -0.12253 -0.13331 24.24936 -0.89523 -1.97861 0.12572
target: -0.00712 0.00000
target: -0.00712 0.00000
fb: 0.02330 0.01186 -0.08285 -0.08285
fb: 0.00763 0.01250 -0.08285 -0.08285
dist/lin/ang/drive_left/drive_right/tv_l/tv_r/av_l/av_r/x/y/theta/t_err: -0.00722 -0.00722 0.00000 -0.00487 0.02013 -0.07494 -0.07633 -0.07494 -0.07633 24.25536 -0.89543 -1.86984 0.12383
target: -0.00722 0.00000
target: -0.00722 0.00000
fb: 0.00763 0.00980 -0.08289 -0.08289
fb: 0.00393 0.00980 -0.08289 -0.08289
dist/lin/ang/drive_left/drive_right/tv_l/tv_r/av_l/av_r/x/y/theta/t_err: -0.00728 -0.00728 0.00000 -0.00587 0.01373 -0.07239 -0.07256 -0.07239 -0.07256 24.25845 -0.89553 -1.82000 0.12296
target: -0.00728 0.00000
target: -0.00728 0.00000
fb: 0.00001 -0.00817 -0.08291 -0.08291
fb: 0.00006 -0.01421 -0.08291 -0.08291
dist/lin/ang/drive_left/drive_right/tv_l/tv_r/av_l/av_r/x/y/theta/t_err: -0.00731 -0.00731 0.00000 0.01426 -0.01415 -0.07292 -0.07292 -0.07292 -0.07292 24.25850 -0.89554 -1.88498 0.12409
target: -0.00731 0.00000
target: -0.00731 0.00000
fb: 0.00010 -0.01229 -0.08292 -0.08292
fb: 0.00008 -0.00874 -0.08292 -0.08292
dist/lin/ang/drive_left/drive_right/tv_l/tv_r/av_l/av_r/x/y/theta/t_err: -0.00735 -0.00735 0.00000 0.00882 -0.00865 -0.07494 -0.07461 -0.07494 -0.07461 24.25857 -0.89554 -1.97934 0.12574
target: -0.00735 0.00000
target: -0.00735 0.00000
fb: 0.00006 -0.00540 -0.08294 -0.08294
fb: 0.00004 -0.00405 -0.08294 -0.08294
final error: 0.93213, x: -0.25860, y: 0.89554
final local error: 0.93213, forwards: -0.29004, sideways: 0.88585
position: 24.25860 -0.89554 -2.02276
took 1.04000 time to finish turn
dist/lin/ang/drive_left/drive_right/tv_l/tv_r/av_l/av_r/x/y/theta/t_err: -0.61050 -1.77800 0.00000 -0.00000 -0.00000 0.00000 -0.00017 0.00000 -0.00017 24.01890 -0.88746 178.06078 -0.00309
target: -1.77800 0.00000
target: -1.77800 0.00000
fb: -0.00000 0.00000 -1.00000 -1.00000
fb: -0.00000 0.00000 -1.00000 -1.00000
dist/lin/ang/drive_left/drive_right/tv_l/tv_r/av_l/av_r/x/y/theta/t_err: -0.61050 -1.77800 0.00000 -0.00000 -0.00000 -0.11344 -0.12253 -0.11344 -0.12253 24.01890 -0.88746 178.06086 -0.00309
target: -1.77800 0.00000
target: -1.77800 0.00000
fb: 0.00000 0.00000 -1.00000 -1.00000
fb: 0.00001 -0.00696 -1.00000 -1.00000
dist/lin/ang/drive_left/drive_right/tv_l/tv_r/av_l/av_r/x/y/theta/t_err: -0.61050 -1.77800 0.00000 0.00697 -0.00695 -0.54364 -0.54636 -0.54364 -0.54636 24.01891 -0.88746 178.04588 -0.00283
target: -1.77800 0.00000
target: -1.77800 0.00000
fb: 0.00005 -0.01207 -1.00000 -1.00000
fb: -0.08729 -0.01215 -1.00000 -1.00000
dist/lin/ang/drive_left/drive_right/tv_l/tv_r/av_l/av_r/x/y/theta/t_err: -0.60875 -1.77800 0.00000 -0.07515 -0.09944 -0.68478 -0.60522 -0.68478 -0.60522 23.95022 -0.88503 177.94784 -0.00112
target: -1.77800 0.00000
target: -1.77800 0.00000
fb: -0.21905 -0.00220 -1.00000 -1.00000
fb: -0.31401 0.01215 -1.00000 -1.00000
dist/lin/ang/drive_left/drive_right/tv_l/tv_r/av_l/av_r/x/y/theta/t_err: -0.60247 -1.77800 0.00000 -0.32616 -0.30187 -0.60881 -0.57919 -0.60881 -0.57919 23.70313 -0.87615 177.96301 -0.00139
target: -1.77800 0.00000
target: -1.77800 0.00000
fb: -0.38428 0.02102 -1.00000 -1.00000
fb: -0.44059 0.01790 -1.00000 -1.00000
dist/lin/ang/drive_left/drive_right/tv_l/tv_r/av_l/av_r/x/y/theta/t_err: -0.59366 -1.77800 0.00000 -0.45849 -0.42269 -0.63892 -0.64850 -0.63892 -0.64850 23.35641 -0.86437 178.13483 -0.00444
target: -1.77800 0.00000
target: -1.77800 0.00000
fb: -0.45382 0.01548 -1.00000 -1.00000
fb: -0.47124 0.01612 -1.00000 -1.00000
dist/lin/ang/drive_left/drive_right/tv_l/tv_r/av_l/av_r/x/y/theta/t_err: -0.58423 -1.77800 0.00000 -0.48736 -0.45511 -0.67397 -0.72889 -0.67397 -0.72889 22.98553 -0.85279 178.28028 -0.00707
target: -1.77800 0.00000
target: -1.77800 0.00000
fb: -0.58576 0.01690 -1.00000 -1.00000
fb: -0.60717 0.01705 -1.00000 -1.00000
dist/lin/ang/drive_left/drive_right/tv_l/tv_r/av_l/av_r/x/y/theta/t_err: -0.57209 -1.77800 0.00000 -0.62422 -0.59012 -0.72261 -0.72703 -0.72261 -0.72703 22.50764 -0.83906 178.43435 -0.00994
target: -1.77800 0.00000
target: -1.77800 0.00000
fb: -0.63827 0.01513 -1.00000 -1.00000
fb: -0.73336 0.01158 -1.00000 -1.00000
dist/lin/ang/drive_left/drive_right/tv_l/tv_r/av_l/av_r/x/y/theta/t_err: -0.55742 -1.76491 0.00000 -0.74494 -0.72178 -0.73044 -0.74589 -0.73044 -0.74589 21.93039 -0.82394 178.55858 -0.01240
target: -1.76491 0.00000
target: -1.76491 0.00000
fb: -0.78740 0.00817 -1.00000 -1.00000
fb: -0.83592 0.00781 -1.00000 -1.00000
dist/lin/ang/drive_left/drive_right/tv_l/tv_r/av_l/av_r/x/y/theta/t_err: -0.54071 -1.73824 0.00000 -0.84374 -0.82811 -0.75731 -0.75972 -0.75731 -0.75972 21.27238 -0.80783 178.63371 -0.01411
target: -1.73824 0.00000
target: -1.73824 0.00000
fb: -0.83019 0.01065 -1.00000 -1.00000
fb: -0.86110 0.01193 -1.00000 -1.00000
dist/lin/ang/drive_left/drive_right/tv_l/tv_r/av_l/av_r/x/y/theta/t_err: -0.52349 -1.71034 0.00000 -0.87303 -0.84916 -0.77258 -0.77925 -0.77258 -0.77925 20.59453 -0.79222 178.72872 -0.01626
target: -1.71034 0.00000
target: -1.71034 0.00000
fb: -0.92710 0.02031 -1.00000 -1.00000
fb: -0.91545 0.02046 -1.00000 -1.00000
dist/lin/ang/drive_left/drive_right/tv_l/tv_r/av_l/av_r/x/y/theta/t_err: -0.50518 -1.68017 0.00000 -0.93590 -0.89499 -0.77889 -0.78503 -0.77889 -0.78503 19.87386 -0.77723 178.90027 -0.01989
target: -1.68017 0.00000
target: -1.68017 0.00000
fb: -0.97764 0.00703 -1.00000 -1.00000
fb: -1.02217 0.00973 -1.00000 -1.00000
dist/lin/ang/drive_left/drive_right/tv_l/tv_r/av_l/av_r/x/y/theta/t_err: -0.48474 -1.64583 0.00000 -1.03190 -1.01244 -0.80508 -0.80761 -0.80508 -0.80761 19.06914 -0.76237 178.98511 -0.02224
target: -1.64583 0.00000
target: -1.64583 0.00000
fb: -1.05306 0.00796 -0.97894 -0.99540
fb: -1.20841 0.01435 -0.90126 -0.91772
dist/lin/ang/drive_left/drive_right/tv_l/tv_r/av_l/av_r/x/y/theta/t_err: -0.46058 -1.60428 0.00000 -1.22276 -1.19407 -0.78006 -0.76536 -0.78006 -0.76536 18.11777 -0.74625 179.07898 -0.02509
target: -1.60428 0.00000
target: -1.60428 0.00000
fb: -1.22015 0.01889 -0.82310 -0.83915
fb: -1.21997 0.02443 -0.82319 -0.83923
dist/lin/ang/drive_left/drive_right/tv_l/tv_r/av_l/av_r/x/y/theta/t_err: -0.43619 -1.56123 0.00000 -1.24440 -1.19554 -0.73644 -0.71558 -0.73644 -0.71558 17.15727 -0.73233 179.26485 -0.02983
target: -1.56123 0.00000
target: -1.56123 0.00000
fb: -1.21030 0.02997 -0.77988 -0.79549
fb: -1.15230 0.03310 -0.80888 -0.82449
dist/lin/ang/drive_left/drive_right/tv_l/tv_r/av_l/av_r/x/y/theta/t_err: -0.41316 -1.51945 0.00000 -1.18540 -1.11920 -0.75286 -0.74414 -0.75286 -0.74414 16.25000 -0.72276 179.52984 -0.03624
target: -1.51945 0.00000
target: -1.51945 0.00000
fb: -1.19292 0.03374 -0.75420 -0.76940
fb: -1.30543 0.02614 -0.69794 -0.71314
dist/lin/ang/drive_left/drive_right/tv_l/tv_r/av_l/av_r/x/y/theta/t_err: -0.38707 -1.47070 0.00000 -1.33157 -1.27930 -0.73558 -0.72672 -0.73558 -0.72672 15.22211 -0.71693 179.79503 -0.04349
target: -1.47070 0.00000
target: -1.47070 0.00000
fb: -1.28025 0.02799 -0.63236 -0.64706
fb: -1.22973 0.02884 -0.65762 -0.67232
dist/lin/ang/drive_left/drive_right/tv_l/tv_r/av_l/av_r/x/y/theta/t_err: -0.36250 -1.42326 0.00000 -1.25857 -1.20089 -0.67058 -0.68592 -0.67058 -0.68592 14.25383 -0.71551 180.03681 -0.05080
target: -1.42326 0.00000
target: -1.42326 0.00000
fb: -1.26282 0.02259 -0.60145 -0.61568
fb: -1.33252 0.02316 -0.56660 -0.58083
dist/lin/ang/drive_left/drive_right/tv_l/tv_r/av_l/av_r/x/y/theta/t_err: -0.33589 -1.37002 0.00000 -1.35568 -1.30937 -0.62608 -0.64817 -0.62608 -0.64817 13.20460 -0.71814 180.23965 -0.05851
target: -1.37002 0.00000
target: -1.37002 0.00000
fb: -1.36738 0.02550 -0.47198 -0.48568
fb: -1.24912 0.02543 -0.53111 -0.54481
dist/lin/ang/drive_left/drive_right/tv_l/tv_r/av_l/av_r/x/y/theta/t_err: -0.31096 -1.31820 0.00000 -1.27455 -1.22369 -0.55303 -0.56792 -0.55303 -0.56792 12.22106 -0.72401 180.45215 -0.06707
target: -1.31820 0.00000
target: -1.31820 0.00000
fb: -1.26081 0.02088 -0.48184 -0.49502
fb: -1.28792 0.01967 -0.46828 -0.48146
dist/lin/ang/drive_left/drive_right/tv_l/tv_r/av_l/av_r/x/y/theta/t_err: -0.28527 -1.26257 0.00000 -1.30760 -1.26825 -0.51606 -0.51881 -0.51606 -0.51881 11.20699 -0.73358 180.62478 -0.07627
target: -1.26257 0.00000
target: -1.26257 0.00000
fb: -1.21422 0.02273 -0.43462 -0.44724
fb: -1.23761 0.02074 -0.42292 -0.43555
dist/lin/ang/drive_left/drive_right/tv_l/tv_r/av_l/av_r/x/y/theta/t_err: -0.26060 -1.20674 0.00000 -1.25835 -1.21687 -0.47414 -0.47911 -0.47414 -0.47911 10.23257 -0.74572 180.79955 -0.08670
target: -1.20674 0.00000
target: -1.20674 0.00000
fb: -1.27248 0.02273 -0.35100 -0.36307
fb: -1.31507 0.02074 -0.32971 -0.34177
dist/lin/ang/drive_left/drive_right/tv_l/tv_r/av_l/av_r/x/y/theta/t_err: -0.23441 -1.14450 0.00000 -1.33581 -1.29433 -0.43242 -0.42983 -0.43242 -0.42983 9.19721 -0.76182 180.97838 -0.09972
target: -1.14450 0.00000
target: -1.14450 0.00000
fb: -1.33050 0.01769 -0.23340 -0.24484
fb: -1.24330 0.00625 -0.27700 -0.28845
dist/lin/ang/drive_left/drive_right/tv_l/tv_r/av_l/av_r/x/y/theta/t_err: -0.20968 -1.08246 0.00000 -1.24955 -1.23705 -0.38464 -0.36669 -0.38464 -0.36669 8.21840 -0.77968 181.09479 -0.11369
target: -1.08246 0.00000
target: -1.08246 0.00000
fb: -1.16357 -0.00170 -0.25820 -0.26902
fb: -1.15382 0.00000 -0.26307 -0.27390
dist/lin/ang/drive_left/drive_right/tv_l/tv_r/av_l/av_r/x/y/theta/t_err: -0.18678 -1.02162 0.00000 -1.15382 -1.15382 -0.33931 -0.33347 -0.33931 -0.33347 7.31005 -0.79696 181.08301 -0.12750
target: -1.02162 0.00000
target: -1.02162 0.00000
fb: -1.12094 0.00000 -0.22649 -0.23671
fb: -1.06091 -0.00334 -0.25651 -0.26672
dist/lin/ang/drive_left/drive_right/tv_l/tv_r/av_l/av_r/x/y/theta/t_err: -0.16575 -0.96240 -0.00000 -1.05757 -1.06425 -0.29911 -0.31025 -0.29911 -0.31025 6.47483 -0.81267 181.06364 -0.14342
target: -0.96240 0.00000
target: -0.96240 0.00000
fb: -1.09576 -0.00320 -0.18955 -0.19918
fb: -1.04126 -0.00249 -0.21680 -0.22643
dist/lin/ang/drive_left/drive_right/tv_l/tv_r/av_l/av_r/x/y/theta/t_err: -0.14324 -0.89465 0.00000 -1.03878 -1.04375 -0.27139 -0.27925 -0.27139 -0.27925 5.65507 -0.82767 181.03298 -0.14289
target: -0.89465 0.00000
target: -0.89465 0.00000
fb: -0.99691 -0.00270 -0.13555 -0.14449
fb: -0.94636 -0.00930 -0.16082 -0.16977
dist/lin/ang/drive_left/drive_right/tv_l/tv_r/av_l/av_r/x/y/theta/t_err: -0.12433 -0.83352 0.00000 -0.93706 -0.95567 -0.23597 -0.23372 -0.23597 -0.23372 4.91002 -0.84087 180.98422 -0.14204
target: -0.83352 0.00000
target: -0.83352 0.00000
fb: -0.93660 -0.01882 -0.13676 -0.14510
fb: -0.91338 -0.02003 -0.14837 -0.15671
dist/lin/ang/drive_left/drive_right/tv_l/tv_r/av_l/av_r/x/y/theta/t_err: -0.10613 -0.77009 0.00000 -0.89335 -0.93341 -0.20086 -0.20036 -0.20086 -0.20036 4.19091 -0.85230 180.82008 -0.13917
target: -0.77009 0.00000
target: -0.77009 0.00000
fb: -0.82024 -0.02308 -0.12376 -0.13146
fb: -0.74851 -0.02656 -0.15963 -0.16733
dist/lin/ang/drive_left/drive_right/tv_l/tv_r/av_l/av_r/x/y/theta/t_err: -0.09124 -0.71405 0.00000 -0.72194 -0.77507 -0.17436 -0.17417 -0.17436 -0.17417 3.60158 -0.85974 180.60584 -0.13543
target: -0.71405 0.00000
target: -0.71405 0.00000
fb: -0.74651 -0.02379 -0.14005 -0.14719
fb: -0.73863 -0.02301 -0.14399 -0.15113
dist/lin/ang/drive_left/drive_right/tv_l/tv_r/av_l/av_r/x/y/theta/t_err: -0.07653 -0.65397 0.00000 -0.71561 -0.76164 -0.15894 -0.17128 -0.15894 -0.17128 3.02001 -0.86499 180.44703 -0.13266
target: -0.65397 0.00000
target: -0.65397 0.00000
fb: -0.64176 -0.02458 -0.11655 -0.12309
fb: -0.61655 -0.02450 -0.12915 -0.13569
dist/lin/ang/drive_left/drive_right/tv_l/tv_r/av_l/av_r/x/y/theta/t_err: -0.06429 -0.59937 0.00000 -0.59205 -0.64106 -0.15861 -0.15639 -0.15861 -0.15639 2.53455 -0.86789 180.23246 -0.12892
target: -0.59937 0.00000
target: -0.59937 0.00000
fb: -0.59912 -0.02237 -0.11011 -0.11611
fb: -0.58370 -0.01840 -0.11783 -0.12382
dist/lin/ang/drive_left/drive_right/tv_l/tv_r/av_l/av_r/x/y/theta/t_err: -0.05269 -0.54260 0.00000 -0.56530 -0.60210 -0.13997 -0.14133 -0.13997 -0.14133 2.07494 -0.86899 180.04548 -0.12565
target: -0.54260 0.00000
target: -0.54260 0.00000
fb: -0.52922 -0.01612 -0.08081 -0.08624
fb: -0.49239 -0.01477 -0.09923 -0.10466
dist/lin/ang/drive_left/drive_right/tv_l/tv_r/av_l/av_r/x/y/theta/t_err: -0.04289 -0.48957 0.00000 -0.47761 -0.50716 -0.13225 -0.12283 -0.13225 -0.12283 1.68724 -0.86881 179.90614 -0.12322
target: -0.48957 0.00000
target: -0.48957 0.00000
fb: -0.50806 -0.01421 0.10265 0.09776
fb: -0.46548 -0.01342 0.08136 -0.08354
dist/lin/ang/drive_left/drive_right/tv_l/tv_r/av_l/av_r/x/y/theta/t_err: -0.03363 -0.43350 0.00000 -0.45206 -0.47891 -0.10933 -0.03303 -0.10933 -0.03303 1.32072 -0.86784 179.78232 -0.12106
target: -0.43350 0.00000
target: -0.43350 0.00000
fb: -0.40128 -0.00930 0.11680 0.11246
fb: -0.33931 -0.00391 0.08581 0.08148
dist/lin/ang/drive_left/drive_right/tv_l/tv_r/av_l/av_r/x/y/theta/t_err: -0.02687 -0.38749 0.00000 -0.33541 -0.34322 0.06278 0.00494 0.06278 0.00494 1.05354 -0.86664 179.71255 -0.11984
target: -0.38749 0.00000
target: -0.38749 0.00000
fb: -0.29275 -0.01442 -0.09858 -0.10245
fb: -0.25781 -0.02614 -0.11605 -0.11992
dist/lin/ang/drive_left/drive_right/tv_l/tv_r/av_l/av_r/x/y/theta/t_err: -0.02177 -0.34881 0.00000 -0.23168 -0.28395 0.02481 0.00719 0.02481 0.00719 0.85054 -0.86542 179.55845 -0.11715
target: -0.34881 0.00000
target: -0.34881 0.00000
fb: -0.18030 -0.02862 -0.15061 -0.15410
fb: -0.14520 -0.02685 -0.16816 -0.17165
dist/lin/ang/drive_left/drive_right/tv_l/tv_r/av_l/av_r/x/y/theta/t_err: -0.01896 -0.32549 0.00000 -0.11835 -0.17205 -0.10967 -0.11567 -0.10967 -0.11567 0.73622 -0.86430 179.32038 -0.11300
target: -0.32549 0.00000
target: -0.32549 0.00000
fb: -0.17809 -0.02585 -0.19850 -0.20175
fb: -0.22290 -0.02394 -0.17609 -0.17935
dist/lin/ang/drive_left/drive_right/tv_l/tv_r/av_l/av_r/x/y/theta/t_err: -0.01458 -0.28546 0.00000 -0.19896 -0.24683 -0.15367 -0.16786 -0.15367 -0.16786 0.56072 -0.86188 179.10592 -0.10925
target: -0.28546 0.00000
target: -0.28546 0.00000
fb: -0.22093 -0.02081 0.09657 0.09371
fb: -0.22867 -0.01882 0.10044 0.09758
dist/lin/ang/drive_left/drive_right/tv_l/tv_r/av_l/av_r/x/y/theta/t_err: -0.01008 -0.23729 0.00000 -0.20984 -0.24749 -0.12900 -0.09822 -0.12900 -0.09822 0.38070 -0.85877 178.92791 -0.10615
target: -0.23729 0.00000
target: -0.23729 0.00000
fb: -0.20925 -0.01989 -0.18893 -0.18893
fb: -0.16071 -0.01975 -0.21321 -0.21321
dist/lin/ang/drive_left/drive_right/tv_l/tv_r/av_l/av_r/x/y/theta/t_err: -0.00693 -0.00693 0.00000 -0.14096 -0.18045 0.00156 -0.03525 0.00156 -0.03525 0.25418 -0.85622 178.75456 -0.10312
target: -0.00693 0.00000
target: -0.00693 0.00000
fb: -0.12982 -0.01598 -0.08277 -0.08277
fb: -0.10669 -0.00867 -0.08277 -0.08277
dist/lin/ang/drive_left/drive_right/tv_l/tv_r/av_l/av_r/x/y/theta/t_err: -0.00484 -0.00484 0.00000 -0.09803 -0.11536 -0.16614 -0.14239 -0.16614 -0.14239 0.17020 -0.85429 178.63320 -0.10100
target: -0.00484 0.00000
target: -0.00484 0.00000
fb: -0.10676 0.00241 -0.08194 -0.08194
fb: -0.10861 0.01456 -0.08194 -0.08194
dist/lin/ang/drive_left/drive_right/tv_l/tv_r/av_l/av_r/x/y/theta/t_err: -0.00265 -0.00265 -0.00000 -0.12317 -0.09405 -0.08831 -0.08881 -0.08831 -0.08881 0.08470 -0.85227 178.68572 -0.10192
target: -0.00265 0.00000
target: -0.00265 0.00000
fb: -0.12412 0.01541 -0.08106 -0.08106
fb: -0.14929 0.01477 -0.08106 -0.08106
dist/lin/ang/drive_left/drive_right/tv_l/tv_r/av_l/av_r/x/y/theta/t_err: 0.00039 0.00039 -0.00000 -0.16406 -0.13451 -0.07922 -0.08075 -0.07922 -0.08075 -0.03282 -0.84973 178.82256 -0.10431
target: 0.00039 0.00000
target: 0.00039 0.00000
fb: -0.15149 0.01584 0.08016 0.08016
fb: -0.13781 0.01662 0.08016 0.08016
dist/lin/ang/drive_left/drive_right/tv_l/tv_r/av_l/av_r/x/y/theta/t_err: 0.00320 0.00320 -0.00000 -0.15443 -0.12119 -0.05492 -0.00992 -0.05492 -0.00992 -0.14131 -0.84762 178.95725 -0.10666
target: 0.00320 0.00000
target: 0.00320 0.00000
fb: -0.11640 0.01463 0.08128 0.08128
fb: -0.09521 0.01293 0.08128 0.08128
dist/lin/ang/drive_left/drive_right/tv_l/tv_r/av_l/av_r/x/y/theta/t_err: 0.00515 0.00515 -0.00000 -0.10814 -0.08228 0.06828 0.07014 0.06828 0.07014 -0.21627 -0.84633 179.07571 -0.10873
target: 0.00515 0.00000
target: 0.00515 0.00000
fb: -0.08924 0.01051 0.08206 0.08206
fb: -0.08745 0.00717 0.08206 0.08206
dist/lin/ang/drive_left/drive_right/tv_l/tv_r/av_l/av_r/x/y/theta/t_err: 0.00692 0.00692 -0.00000 -0.09463 -0.08028 0.07681 0.07683 0.07681 0.07683 -0.28512 -0.84527 179.15548 -0.11012
target: 0.00692 0.00000
target: 0.00692 0.00000
fb: -0.09713 0.00327 0.08277 0.08277
fb: -0.07549 0.00206 0.08277 0.08277
dist/lin/ang/drive_left/drive_right/tv_l/tv_r/av_l/av_r/x/y/theta/t_err: 0.00844 0.21721 -0.00000 -0.07755 -0.07343 0.07358 0.07425 0.07358 0.07425 -0.34455 -0.84441 179.17913 -0.11053
target: 0.21721 0.00000
target: 0.21721 0.00000
fb: -0.02913 0.00000 0.29006 0.29006
fb: -0.00793 -0.00256 0.27946 0.27946
dist/lin/ang/drive_left/drive_right/tv_l/tv_r/av_l/av_r/x/y/theta/t_err: 0.00860 0.21920 0.00000 -0.00538 -0.01049 0.14819 0.15742 0.14819 0.15742 -0.35080 -0.84432 179.16890 -0.11035
target: 0.21920 0.00000
target: 0.21920 0.00000
fb: 0.00003 -0.00455 0.27726 0.27726
fb: 0.00003 -0.00305 0.27726 0.27726
dist/lin/ang/drive_left/drive_right/tv_l/tv_r/av_l/av_r/x/y/theta/t_err: 0.00858 0.21901 0.00000 0.00309 -0.00302 0.24778 0.25017 0.24778 0.25017 -0.35077 -0.84432 179.13136 -0.10970
target: 0.21901 0.00000
target: 0.21901 0.00000
fb: 0.00002 0.00000 0.27710 0.27710
fb: -0.00375 0.00156 0.27898 0.27898
dist/lin/ang/drive_left/drive_right/tv_l/tv_r/av_l/av_r/x/y/theta/t_err: 0.00866 0.21997 -0.00000 -0.00532 -0.00219 0.25667 0.26061 0.25667 0.26061 -0.35373 -0.84427 179.13336 -0.10973
target: 0.21997 0.00000
target: 0.21997 0.00000
fb: -0.00376 0.00000 0.27985 0.27985
fb: 0.04657 -0.00320 0.25469 0.25469
start is 0.00000 0.00000
dist/lin/ang/drive_left/drive_right/tv_l/tv_r/av_l/av_r/x/y/theta/t_err: 0.60960 1.77800 0.00000 -0.00000 -0.00000 0.00000 0.00017 0.00000 0.00017 -0.00000 -0.00000 0.00022 -0.00000
target: 1.77800 0.00000
target: 1.77800 0.00000
fb: 0.00000 0.00000 1.00000 1.00000
fb: 0.00000 0.00000 1.00000 1.00000
dist/lin/ang/drive_left/drive_right/tv_l/tv_r/av_l/av_r/x/y/theta/t_err: 0.60960 1.77800 0.00000 0.00000 0.00000 0.15022 0.03319 0.15022 0.03319 -0.00000 -0.00000 0.00015 -0.00000
target: 1.77800 0.00000
target: 1.77800 0.00000
fb: 0.00375 0.00000 1.00000 1.00000
fb: 0.00376 -0.00256 1.00000 1.00000
dist/lin/ang/drive_left/drive_right/tv_l/tv_r/av_l/av_r/x/y/theta/t_err: 0.60952 1.77800 0.00000 0.00631 0.00120 0.57919 0.48239 0.57919 0.48239 0.00296 0.00000 -0.00688 0.00012
target: 1.77800 0.00000
target: 1.77800 0.00000
fb: 0.00977 -0.01605 1.00000 1.00000
fb: 0.09900 -0.02074 1.00000 1.00000
dist/lin/ang/drive_left/drive_right/tv_l/tv_r/av_l/av_r/x/y/theta/t_err: 0.60754 1.77800 0.00000 0.11974 0.07825 0.70958 0.69553 0.70958 0.69553 0.08091 -0.00015 -0.16453 0.00288
target: 1.77800 0.00000
target: 1.77800 0.00000
fb: 0.20184 -0.01904 1.00000 1.00000
fb: 0.27576 -0.02372 1.00000 1.00000
dist/lin/ang/drive_left/drive_right/tv_l/tv_r/av_l/av_r/x/y/theta/t_err: 0.60203 1.77800 0.00000 0.29949 0.25204 0.72342 0.73781 0.72342 0.73781 0.29804 -0.00113 -0.34399 0.00605
target: 1.77800 0.00000
target: 1.77800 0.00000
fb: 0.34727 -0.02280 1.00000 1.00000
fb: 0.39183 -0.01584 1.00000 1.00000
dist/lin/ang/drive_left/drive_right/tv_l/tv_r/av_l/av_r/x/y/theta/t_err: 0.59419 1.77800 0.00000 0.40767 0.37599 0.70600 0.68053 0.70600 0.68053 0.60656 -0.00351 -0.52073 0.00924
target: 1.77800 0.00000
target: 1.77800 0.00000
fb: 0.47144 -0.00994 1.00000 1.00000
fb: 0.54510 -0.00781 1.00000 1.00000
dist/lin/ang/drive_left/drive_right/tv_l/tv_r/av_l/av_r/x/y/theta/t_err: 0.58329 1.77800 0.00000 0.55292 0.53729 0.73286 0.71881 0.73286 0.71881 1.03575 -0.00775 -0.60378 0.01088
target: 1.77800 0.00000
target: 1.77800 0.00000
fb: 0.54113 -0.01115 1.00000 1.00000
fb: 0.52945 -0.01101 1.00000 1.00000
dist/lin/ang/drive_left/drive_right/tv_l/tv_r/av_l/av_r/x/y/theta/t_err: 0.57270 1.77800 0.00000 0.54046 0.51844 0.75953 0.74639 0.75953 0.74639 1.45261 -0.01249 -0.70290 0.01282
target: 1.77800 0.00000
target: 1.77800 0.00000
fb: 0.56255 -0.01172 1.00000 1.00000
fb: 0.62258 -0.01527 1.00000 1.00000
dist/lin/ang/drive_left/drive_right/tv_l/tv_r/av_l/av_r/x/y/theta/t_err: 0.56025 1.76938 0.00000 0.63785 0.60731 0.76297 0.74158 0.76297 0.74158 1.94279 -0.01898 -0.81510 0.01509
target: 1.76938 0.00000
target: 1.76938 0.00000
fb: 0.65571 -0.02060 1.00000 1.00000
fb: 0.66743 -0.02131 1.00000 1.00000
dist/lin/ang/drive_left/drive_right/tv_l/tv_r/av_l/av_r/x/y/theta/t_err: 0.54691 1.74817 0.00000 0.68874 0.64613 0.76486 0.76197 0.76486 0.76197 2.46826 -0.02727 -0.99621 0.01865
target: 1.74817 0.00000
target: 1.74817 0.00000
fb: 0.76033 -0.01705 1.00000 1.00000
fb: 0.83202 -0.01584 1.00000 1.00000
dist/lin/ang/drive_left/drive_right/tv_l/tv_r/av_l/av_r/x/y/theta/t_err: 0.53027 1.72138 0.00000 0.84786 0.81618 0.76692 0.76331 0.76692 0.76331 3.12328 -0.03957 -1.15203 0.02200
target: 1.72138 0.00000
target: 1.72138 0.00000
fb: 0.82056 -0.02131 1.00000 1.00000
fb: 0.88083 -0.02593 1.00000 1.00000
dist/lin/ang/drive_left/drive_right/tv_l/tv_r/av_l/av_r/x/y/theta/t_err: 0.51266 1.69255 0.00000 0.90676 0.85491 0.79036 0.79019 0.79036 0.79019 3.81669 -0.05474 -1.35514 0.02636
target: 1.69255 0.00000
target: 1.69255 0.00000
fb: 0.94089 -0.03289 1.00000 1.00000
fb: 1.03184 -0.03324 1.00000 1.00000
dist/lin/ang/drive_left/drive_right/tv_l/tv_r/av_l/av_r/x/y/theta/t_err: 0.49203 1.65815 0.00000 1.06508 0.99859 0.80369 0.80711 0.80369 0.80711 4.62888 -0.07605 -1.64135 0.03257
target: 1.65815 0.00000
target: 1.65815 0.00000
fb: 1.03184 -0.03260 1.00000 1.00000
fb: 1.12515 -0.02756 0.95444 0.97102
dist/lin/ang/drive_left/drive_right/tv_l/tv_r/av_l/av_r/x/y/theta/t_err: 0.46954 1.61981 0.00000 1.15271 1.09760 0.82525 0.82644 0.82525 0.82644 5.51439 -0.10371 -1.90478 0.03885
target: 1.61981 0.00000
target: 1.61981 0.00000
fb: 1.25310 -0.02365 0.83596 0.85215
fb: 1.21225 -0.02117 0.85638 0.87258
dist/lin/ang/drive_left/drive_right/tv_l/tv_r/av_l/av_r/x/y/theta/t_err: 0.44532 1.57748 0.00000 1.23342 1.19109 0.76400 0.70086 0.76400 0.70086 6.46834 -0.13711 -2.09676 0.04442
target: 1.57748 0.00000
target: 1.57748 0.00000
fb: 1.19679 -0.02003 0.80547 0.82124
fb: 1.19878 -0.01833 0.80448 0.82025
dist/lin/ang/drive_left/drive_right/tv_l/tv_r/av_l/av_r/x/y/theta/t_err: 0.42137 1.53447 0.00000 1.21710 1.18045 0.77617 0.71025 0.77617 0.71025 7.41157 -0.17313 -2.27011 0.05006
target: 1.53447 0.00000
target: 1.53447 0.00000
fb: 1.17163 -0.01840 0.77376 0.78911
fb: 1.12683 -0.01662 0.79616 0.81151
dist/lin/ang/drive_left/drive_right/tv_l/tv_r/av_l/av_r/x/y/theta/t_err: 0.39886 1.49293 0.00000 1.14345 1.11021 0.75325 0.77906 0.75325 0.77906 8.29808 -0.20959 -2.43134 0.05578
target: 1.49293 0.00000
target: 1.49293 0.00000
fb: 1.24135 -0.01776 0.70561 0.72054
fb: 1.28792 -0.02039 0.68233 0.69726
dist/lin/ang/drive_left/drive_right/tv_l/tv_r/av_l/av_r/x/y/theta/t_err: 0.37315 1.44401 0.00000 1.30831 1.26754 0.72517 0.73133 0.72517 0.73133 9.31122 -0.25409 -2.60551 0.06277
target: 1.44401 0.00000
target: 1.44401 0.00000
fb: 1.30535 -0.01676 0.59342 0.60786
fb: 1.35587 -0.01776 0.56816 0.58260
dist/lin/ang/drive_left/drive_right/tv_l/tv_r/av_l/av_r/x/y/theta/t_err: 0.34609 1.39067 0.00000 1.37363 1.33811 0.65569 0.66628 0.65569 0.66628 10.37766 -0.30409 -2.76362 0.07055
target: 1.39067 0.00000
target: 1.39067 0.00000
fb: 1.31306 -0.01847 0.51849 0.53240
fb: 1.33049 -0.01655 0.50978 0.52369
dist/lin/ang/drive_left/drive_right/tv_l/tv_r/av_l/av_r/x/y/theta/t_err: 0.31956 1.33630 0.00000 1.34704 1.31394 0.56189 0.58281 0.56189 0.58281 11.42400 -0.35603 -2.91625 0.07920
target: 1.33630 0.00000
target: 1.33630 0.00000
fb: 1.30333 -0.01350 0.46649 0.47985
fb: 1.30926 -0.00930 0.46353 0.47689
dist/lin/ang/drive_left/drive_right/tv_l/tv_r/av_l/av_r/x/y/theta/t_err: 0.29346 1.28058 0.00000 1.31857 1.29996 0.50442 0.52511 0.50442 0.52511 12.45353 -0.40950 -3.01709 0.08811
target: 1.28058 0.00000
target: 1.28058 0.00000
fb: 1.39066 -0.00668 0.36329 0.37610
fb: 1.29356 -0.00824 0.41184 0.42464
dist/lin/ang/drive_left/drive_right/tv_l/tv_r/av_l/av_r/x/y/theta/t_err: 0.26770 1.22308 0.00000 1.30180 1.28532 0.45703 0.46508 0.45703 0.46508 13.47064 -0.46360 -3.07575 0.09768
target: 1.22308 0.00000
target: 1.22308 0.00000
fb: 1.30724 -0.00810 0.34181 0.35405
fb: 1.38867 -0.00604 0.30110 0.31333
dist/lin/ang/drive_left/drive_right/tv_l/tv_r/av_l/av_r/x/y/theta/t_err: 0.24008 1.15826 0.00000 1.39470 1.38263 0.41531 0.40725 0.41531 0.40725 14.56247 -0.52290 -3.14137 0.11018
target: 1.15826 0.00000
target: 1.15826 0.00000
fb: 1.26833 0.01762 0.26607 0.27765
fb: 1.24681 0.02408 0.27683 0.28841
dist/lin/ang/drive_left/drive_right/tv_l/tv_r/av_l/av_r/x/y/theta/t_err: 0.21531 1.09688 0.00000 1.22273 1.27089 0.41186 0.36825 0.41186 0.36825 15.54280 -0.57558 -2.99007 0.12014
target: 1.09688 0.00000
target: 1.09688 0.00000
fb: 1.24302 0.01925 0.23529 0.24625
fb: 1.21017 0.01833 0.25171 0.26268
dist/lin/ang/drive_left/drive_right/tv_l/tv_r/av_l/av_r/x/y/theta/t_err: 0.19130 1.03391 0.00000 1.19184 1.22849 0.33725 0.33503 0.33725 0.33503 16.49446 -0.62381 -2.82118 0.13216
target: 1.03391 0.00000
target: 1.03391 0.00000
fb: 1.21966 0.02017 0.17936 0.18970
fb: 1.11484 0.01463 0.23176 0.24210
dist/lin/ang/drive_left/drive_right/tv_l/tv_r/av_l/av_r/x/y/theta/t_err: 0.16922 0.97241 0.00000 1.10021 1.12948 0.28886 0.29189 0.28886 0.29189 17.37129 -0.66573 -2.65448 0.14643
target: 0.97241 0.00000
target: 0.97241 0.00000
fb: 1.06062 0.00270 0.20644 0.21617
fb: 1.03751 0.00341 0.21800 0.22772
dist/lin/ang/drive_left/drive_right/tv_l/tv_r/av_l/av_r/x/y/theta/t_err: 0.14667 0.90531 0.00000 1.03410 1.04092 0.26231 0.27414 0.26231 0.27414 18.18737 -0.70327 -2.62023 0.14583
target: 0.90531 0.00000
target: 0.90531 0.00000
fb: 0.97549 0.00930 0.15942 0.16847
fb: 0.95427 0.01250 0.17003 0.17909
dist/lin/ang/drive_left/drive_right/tv_l/tv_r/av_l/av_r/x/y/theta/t_err: 0.12762 0.84449 0.00000 0.94177 0.96677 0.23319 0.24692 0.23319 0.24692 18.93800 -0.73706 -2.52660 0.14419
target: 0.84449 0.00000
target: 0.84449 0.00000
fb: 0.91542 0.01122 0.15931 0.16775
fb: 0.86865 0.00952 0.18269 0.19114
dist/lin/ang/drive_left/drive_right/tv_l/tv_r/av_l/av_r/x/y/theta/t_err: 0.11029 0.78506 0.00000 0.85913 0.87817 0.20381 0.20978 0.20381 0.20978 19.62133 -0.76659 -2.42700 0.14246
target: 0.78506 0.00000
target: 0.78506 0.00000
fb: 0.85122 0.01129 0.14062 0.14847
fb: 0.74862 0.00590 0.19191 0.19976
dist/lin/ang/drive_left/drive_right/tv_l/tv_r/av_l/av_r/x/y/theta/t_err: 0.09536 0.72997 0.00000 0.74272 0.75452 0.18667 0.19336 0.18667 0.19336 20.21029 -0.79108 -2.33953 0.14093
target: 0.72997 0.00000
target: 0.72997 0.00000
fb: 0.73122 0.00149 0.16727 0.17457
fb: 0.74669 0.00114 0.15953 0.16683
dist/lin/ang/drive_left/drive_right/tv_l/tv_r/av_l/av_r/x/y/theta/t_err: 0.08043 0.67042 0.00000 0.74555 0.74783 0.18753 0.19114 0.18753 0.19114 20.79775 -0.81495 -2.31702 0.14054
target: 0.67042 0.00000
target: 0.67042 0.00000
fb: 0.63991 -0.00149 0.13566 0.14237
fb: 0.65734 0.00128 0.12694 0.13365
dist/lin/ang/drive_left/drive_right/tv_l/tv_r/av_l/av_r/x/y/theta/t_err: 0.06729 0.61319 0.00000 0.65606 0.65862 0.16800 0.17864 0.16800 0.17864 21.31492 -0.83588 -2.31395 0.14048
target: 0.61319 0.00000
target: 0.61319 0.00000
fb: 0.63040 0.00497 0.09594 0.10208
fb: 0.57588 0.00618 0.12321 0.12934
dist/lin/ang/drive_left/drive_right/tv_l/tv_r/av_l/av_r/x/y/theta/t_err: 0.05579 0.55836 0.00000 0.56970 0.58206 0.13536 0.15111 0.13536 0.15111 21.76800 -0.85399 -2.26394 0.13961
target: 0.55836 0.00000
target: 0.55836 0.00000
fb: 0.58558 0.00739 -0.08353 0.08206
fb: 0.52951 0.00980 0.10450 0.11009
dist/lin/ang/drive_left/drive_right/tv_l/tv_r/av_l/av_r/x/y/theta/t_err: 0.04523 0.50275 0.00000 0.51971 0.53932 0.08161 0.12783 0.08161 0.12783 22.18463 -0.87021 -2.18780 0.13828
target: 0.50275 0.00000
target: 0.50275 0.00000
fb: 0.46926 0.01236 -0.08220 0.08283
fb: 0.45952 0.01712 0.08267 0.08770
dist/lin/ang/drive_left/drive_right/tv_l/tv_r/av_l/av_r/x/y/theta/t_err: 0.03610 0.44911 0.00000 0.44240 0.47664 0.02533 0.11636 0.02533 0.11636 22.54621 -0.88366 -2.06123 0.13607
target: 0.44911 0.00000
target: 0.44911 0.00000
fb: 0.41668 0.02323 -0.09859 -0.09410
fb: 0.38573 0.03161 -0.08312 0.08137
dist/lin/ang/drive_left/drive_right/tv_l/tv_r/av_l/av_r/x/y/theta/t_err: 0.02847 0.39889 0.00000 0.35413 0.41734 0.00700 0.05392 0.00700 0.05392 22.84976 -0.89402 -1.83547 0.13213
target: 0.39889 0.00000
target: 0.39889 0.00000
fb: 0.36252 0.03175 -0.10433 -0.10034
fb: 0.28861 0.02649 0.09263 0.09662
dist/lin/ang/drive_left/drive_right/tv_l/tv_r/av_l/av_r/x/y/theta/t_err: 0.02281 0.35701 0.00000 0.26212 0.31510 -0.07256 0.04278 -0.07256 0.04278 23.07691 -0.90078 -1.57401 0.12757
target: 0.35701 0.00000
target: 0.35701 0.00000
fb: 0.25374 0.03480 0.10742 0.11099
fb: 0.20740 0.02749 0.13059 0.13416
dist/lin/ang/drive_left/drive_right/tv_l/tv_r/av_l/av_r/x/y/theta/t_err: 0.01877 0.32390 0.00000 0.17991 0.23488 0.07922 0.06944 0.07922 0.06944 23.24016 -0.90489 -1.29860 0.12276
target: 0.32390 0.00000
target: 0.32390 0.00000
fb: 0.17060 0.01719 0.15662 0.15986
fb: 0.17817 0.01385 0.15284 0.15608
dist/lin/ang/drive_left/drive_right/tv_l/tv_r/av_l/av_r/x/y/theta/t_err: 0.01527 0.29211 0.00000 0.16431 0.19202 0.12956 0.12492 0.12956 0.12492 23.38042 -0.90788 -1.15476 0.12025
target: 0.29211 0.00000
target: 0.29211 0.00000
fb: 0.18018 0.00966 0.12727 0.13019
fb: 0.17273 -0.00192 0.13100 0.13392
dist/lin/ang/drive_left/drive_right/tv_l/tv_r/av_l/av_r/x/y/theta/t_err: 0.01184 0.25717 0.00000 0.17465 0.17081 0.13586 0.14425 0.13586 0.14425 23.51640 -0.91053 -1.10417 0.11937
target: 0.25717 0.00000
target: 0.25717 0.00000
fb: 0.16111 -0.00945 0.08912 0.09169
fb: 0.13181 -0.01136 0.10377 0.10634
dist/lin/ang/drive_left/drive_right/tv_l/tv_r/av_l/av_r/x/y/theta/t_err: 0.00917 0.22632 0.00000 0.14317 0.12044 0.11039 0.12525 0.11039 0.12525 23.62016 -0.91259 -1.18520 0.12078
target: 0.22632 0.00000
target: 0.22632 0.00000
fb: 0.11063 -0.00966 0.22837 0.22837
fb: 0.10290 -0.00746 0.23224 0.23224
dist/lin/ang/drive_left/drive_right/tv_l/tv_r/av_l/av_r/x/y/theta/t_err: 0.00708 0.00708 0.00000 0.11036 0.09544 0.14303 0.11311 0.14303 0.11311 23.70117 -0.91433 -1.26686 0.12221
target: 0.00708 0.00000
target: 0.00708 0.00000
fb: 0.12605 -0.00455 0.08283 0.08283
fb: 0.15715 -0.00675 0.08283 0.08283
dist/lin/ang/drive_left/drive_right/tv_l/tv_r/av_l/av_r/x/y/theta/t_err: 0.00391 0.00391 0.00000 0.16390 0.15041 0.15878 0.17144 0.15878 0.17144 23.82488 -0.91712 -1.31788 0.12310
target: 0.00391 0.00000
target: 0.00391 0.00000
fb: 0.16687 -0.00732 0.08156 0.08156
fb: 0.17459 -0.00561 0.08156 0.08156
dist/lin/ang/drive_left/drive_right/tv_l/tv_r/av_l/av_r/x/y/theta/t_err: 0.00040 0.00040 0.00000 0.18020 0.16898 0.08178 0.08281 0.08178 0.08281 23.96232 -0.92036 -1.37460 0.12409
target: 0.00040 0.00000
target: 0.00040 0.00000
fb: 0.16289 -0.00582 0.08016 0.08016
fb: 0.14744 -0.00391 0.08016 0.08016
dist/lin/ang/drive_left/drive_right/tv_l/tv_r/av_l/av_r/x/y/theta/t_err: -0.00257 -0.00257 0.00000 0.15134 0.14353 0.07992 0.07853 0.07992 0.07853 24.07837 -0.92318 -1.41453 0.12478
target: -0.00257 0.00000
target: -0.00257 0.00000
fb: 0.14941 -0.00064 -0.08103 -0.08103
fb: 0.14938 0.00277 -0.08103 -0.08103
dist/lin/ang/drive_left/drive_right/tv_l/tv_r/av_l/av_r/x/y/theta/t_err: -0.00555 -0.00555 0.00000 0.14661 0.15215 0.01572 0.03767 0.01572 0.03767 24.19596 -0.92609 -1.40974 0.12470
target: -0.00555 0.00000
target: -0.00555 0.00000
fb: 0.15511 0.00000 -0.08222 -0.08222
fb: 0.16086 -0.00149 -0.08222 -0.08222
dist/lin/ang/drive_left/drive_right/tv_l/tv_r/av_l/av_r/x/y/theta/t_err: -0.00877 -0.22139 0.00000 0.16235 0.15937 -0.07014 -0.06653 -0.07014 -0.06653 24.32258 -0.92920 -1.40760 0.12466
target: -0.22139 0.00000
target: -0.22139 0.00000
fb: 0.13968 -0.00099 -0.34909 -0.34909
fb: 0.12224 0.00355 -0.34037 -0.34037
dist/lin/ang/drive_left/drive_right/tv_l/tv_r/av_l/av_r/x/y/theta/t_err: -0.01121 -0.25032 0.00000 0.11869 0.12579 -0.16153 -0.13056 -0.16153 -0.13056 24.41881 -0.93157 -1.40161 0.12456
target: -0.25032 0.00000
target: -0.25032 0.00000
fb: 0.09683 0.00987 -0.35370 -0.35370
fb: 0.04253 0.01009 -0.32655 -0.32655
dist/lin/ang/drive_left/drive_right/tv_l/tv_r/av_l/av_r/x/y/theta/t_err: -0.01204 -0.25937 0.00000 0.03245 0.05262 -0.30542 -0.30614 -0.30542 -0.30614 24.45229 -0.93237 -1.33975 0.12348
target: -0.25937 0.00000
target: -0.25937 0.00000
fb: 0.00768 0.00384 -0.37355 -0.37615
fb: -0.00004 0.00320 -0.36970 -0.37229
dist/lin/ang/drive_left/drive_right/tv_l/tv_r/av_l/av_r/x/y/theta/t_err: -0.01202 -0.25917 0.00000 -0.00324 0.00316 -0.31158 -0.31606 -0.31158 -0.31606 24.45226 -0.93237 -1.29590 0.12271
target: -0.25917 0.00000
target: -0.25917 0.00000
fb: -0.00003 0.00362 -0.32788 -0.33047
fb: -0.00003 0.00227 -0.32788 -0.33047
dist/lin/ang/drive_left/drive_right/tv_l/tv_r/av_l/av_r/x/y/theta/t_err: -0.01201 -0.25903 0.00000 -0.00230 0.00225 -0.33111 -0.33931 -0.33111 -0.33931 24.45224 -0.93237 -1.26643 0.12220
target: -0.25903 0.00000
target: -0.25903 0.00000
fb: -0.04657 -0.00192 -0.30477 -0.30737
fb: -0.15114 -0.00284 -0.25249 -0.25508
final error: 0.98765, x: -0.33326, y: 0.92973
final local error: 0.98765, forwards: -0.35394, sideways: 0.92205
position: 24.33326 -0.92973 -1.27989
took 1.04000 time to finish turn
dist/lin/ang/drive_left/drive_right/tv_l/tv_r/av_l/av_r/x/y/theta/t_err: -0.59094 -1.77800 0.00000 -0.00000 -0.00000 0.00000 -0.00033 0.00000 -0.00033 23.24785 -0.90507 178.62543 -0.01492
target: -1.77800 0.00000
target: -1.77800 0.00000
fb: -0.00000 0.00000 -1.00000 -1.00000
fb: -0.00000 0.00000 -1.00000 -1.00000
dist/lin/ang/drive_left/drive_right/tv_l/tv_r/av_l/av_r/x/y/theta/t_err: -0.59094 -1.77800 0.00000 -0.00000 -0.00000 -0.06417 -0.06161 -0.06417 -0.06161 23.24785 -0.90507 178.62655 -0.01494
target: -1.77800 0.00000
target: -1.77800 0.00000
fb: -0.00000 0.00000 -1.00000 -1.00000
fb: -0.00000 0.00000 -1.00000 -1.00000
dist/lin/ang/drive_left/drive_right/tv_l/tv_r/av_l/av_r/x/y/theta/t_err: -0.59094 -1.77800 0.00000 -0.00000 -0.00000 -0.45825 -0.53933 -0.45825 -0.53933 23.24785 -0.90507 178.62819 -0.01497
target: -1.77800 0.00000
target: -1.77800 0.00000
fb: 0.00001 -0.00696 -1.00000 -1.00000
fb: -0.05421 -0.01641 -1.00000 -1.00000
dist/lin/ang/drive_left/drive_right/tv_l/tv_r/av_l/av_r/x/y/theta/t_err: -0.58986 -1.77800 0.00000 -0.03780 -0.07062 -0.67569 -0.70000 -0.67569 -0.70000 23.20518 -0.90401 178.54844 -0.01360
target: -1.77800 0.00000
target: -1.77800 0.00000
fb: -0.18612 -0.01683 -1.00000 -1.00000
fb: -0.29269 -0.01563 -1.00000 -1.00000
dist/lin/ang/drive_left/drive_right/tv_l/tv_r/av_l/av_r/x/y/theta/t_err: -0.58401 -1.77800 0.00000 -0.27707 -0.30832 -0.67997 -0.59033 -0.67997 -0.59033 22.97479 -0.89788 178.41032 -0.01132
target: -1.77800 0.00000
target: -1.77800 0.00000
fb: -0.35099 -0.00241 -1.00000 -1.00000
fb: -0.40934 0.01136 -1.00000 -1.00000
dist/lin/ang/drive_left/drive_right/tv_l/tv_r/av_l/av_r/x/y/theta/t_err: -0.57582 -1.77800 0.00000 -0.42070 -0.39797 -0.62900 -0.61992 -0.62900 -0.61992 22.65261 -0.88889 178.42424 -0.01172
target: -1.77800 0.00000
target: -1.77800 0.00000
fb: -0.45774 0.01335 -1.00000 -1.00000
fb: -0.46549 0.01428 -1.00000 -1.00000
dist/lin/ang/drive_left/drive_right/tv_l/tv_r/av_l/av_r/x/y/theta/t_err: -0.56651 -1.77800 0.00000 -0.47976 -0.45121 -0.67417 -0.70172 -0.67417 -0.70172 22.28621 -0.87922 178.55400 -0.01419
target: -1.77800 0.00000
target: -1.77800 0.00000
fb: -0.54316 0.01570 -1.00000 -1.00000
fb: -0.56833 0.01733 -1.00000 -1.00000
dist/lin/ang/drive_left/drive_right/tv_l/tv_r/av_l/av_r/x/y/theta/t_err: -0.55514 -1.76129 0.00000 -0.58566 -0.55100 -0.71267 -0.73014 -0.71267 -0.73014 21.83884 -0.86846 178.70393 -0.01713
target: -1.76129 0.00000
target: -1.76129 0.00000
fb: -0.62658 0.01286 -1.00000 -1.00000
fb: -0.75852 0.01385 -1.00000 -1.00000
dist/lin/ang/drive_left/drive_right/tv_l/tv_r/av_l/av_r/x/y/theta/t_err: -0.53998 -1.73706 0.00000 -0.77237 -0.74467 -0.72703 -0.73181 -0.72703 -0.73181 21.24172 -0.85561 178.82828 -0.01981
target: -1.73706 0.00000
target: -1.73706 0.00000
fb: -0.75652 0.01087 -1.00000 -1.00000
fb: -0.77592 0.00831 -1.00000 -1.00000
dist/lin/ang/drive_left/drive_right/tv_l/tv_r/av_l/av_r/x/y/theta/t_err: -0.52446 -1.71193 0.00000 -0.78423 -0.76761 -0.75389 -0.75647 -0.75389 -0.75647 20.63087 -0.84367 178.92104 -0.02204
target: -1.71193 0.00000
target: -1.71193 0.00000
fb: -0.86306 0.00675 -1.00000 -1.00000
fb: -0.84165 0.00519 -1.00000 -1.00000
dist/lin/ang/drive_left/drive_right/tv_l/tv_r/av_l/av_r/x/y/theta/t_err: -0.50763 -1.68424 0.00000 -0.84683 -0.83646 -0.76194 -0.76417 -0.76194 -0.76417 19.96827 -0.83154 178.98065 -0.02383
target: -1.68424 0.00000
target: -1.68424 0.00000
fb: -0.86879 0.00881 -1.00000 -1.00000
fb: -0.91736 0.01328 -1.00000 -1.00000
dist/lin/ang/drive_left/drive_right/tv_l/tv_r/av_l/av_r/x/y/theta/t_err: -0.48929 -1.65353 0.00000 -0.93064 -0.90408 -0.77222 -0.77375 -0.77222 -0.77375 19.24605 -0.81919 179.06874 -0.02628
target: -1.65353 0.00000
target: -1.65353 0.00000
fb: -0.93305 0.01627 -1.00000 -1.00000
fb: -1.02418 0.00831 -1.00000 -1.00000
dist/lin/ang/drive_left/drive_right/tv_l/tv_r/av_l/av_r/x/y/theta/t_err: -0.46882 -1.61856 0.00000 -1.03249 -1.01587 -0.78967 -0.79017 -0.78967 -0.79017 18.43970 -0.80697 179.18453 -0.02950
target: -1.61856 0.00000
target: -1.61856 0.00000
fb: -1.06276 0.00582 -0.94508 -0.96127
fb: -1.13644 0.00362 -0.90825 -0.92443
dist/lin/ang/drive_left/drive_right/tv_l/tv_r/av_l/av_r/x/y/theta/t_err: -0.44610 -1.57886 0.00000 -1.14006 -1.13282 -0.71336 -0.74519 -0.71336 -0.74519 17.54495 -0.79468 179.23481 -0.03191
target: -1.57886 0.00000
target: -1.57886 0.00000
fb: -1.21015 0.01073 -0.81196 -0.82775
fb: -1.17730 0.01080 -0.82839 -0.84418
dist/lin/ang/drive_left/drive_right/tv_l/tv_r/av_l/av_r/x/y/theta/t_err: -0.42257 -1.53665 0.00000 -1.18810 -1.16650 -0.68736 -0.70617 -0.68736 -0.70617 16.61801 -0.78300 179.32889 -0.03537
target: -1.53665 0.00000
target: -1.53665 0.00000
fb: -1.20645 0.01712 -0.76202 -0.77739
fb: -1.20649 0.02124 -0.76200 -0.77737
dist/lin/ang/drive_left/drive_right/tv_l/tv_r/av_l/av_r/x/y/theta/t_err: -0.39845 -1.49217 0.00000 -1.22772 -1.18525 -0.71781 -0.71217 -0.71781 -0.71217 15.66807 -0.77308 179.48988 -0.04040
target: -1.49217 0.00000
target: -1.49217 0.00000
fb: -1.08825 0.02720 -0.76816 -0.78309
fb: -1.21998 0.01825 -0.70230 -0.71722
dist/lin/ang/drive_left/drive_right/tv_l/tv_r/av_l/av_r/x/y/theta/t_err: -0.37408 -1.44580 0.00000 -1.23824 -1.20173 -0.71247 -0.73819 -0.71247 -0.73819 14.70748 -0.76642 179.68907 -0.04664
target: -1.44580 0.00000
target: -1.44580 0.00000
fb: -1.26275 0.01492 -0.62796 -0.64242
fb: -1.22391 0.02017 -0.64738 -0.66184
dist/lin/ang/drive_left/drive_right/tv_l/tv_r/av_l/av_r/x/y/theta/t_err: -0.34963 -1.39776 0.00000 -1.24408 -1.20373 -0.68253 -0.69642 -0.68253 -0.69642 13.74378 -0.76239 179.83452 -0.05253
target: -1.39776 0.00000
target: -1.39776 0.00000
fb: -1.25106 0.01918 -0.58012 -0.59409
fb: -1.27246 0.01499 -0.56942 -0.58340
dist/lin/ang/drive_left/drive_right/tv_l/tv_r/av_l/av_r/x/y/theta/t_err: -0.32422 -1.34601 0.00000 -1.28745 -1.25747 -0.62594 -0.64031 -0.62594 -0.64031 12.74185 -0.76094 179.98825 -0.05944
target: -1.34601 0.00000
target: -1.34601 0.00000
fb: -1.38079 0.01577 -0.44891 -0.46237
fb: -1.24134 0.01975 -0.51863 -0.53209
dist/lin/ang/drive_left/drive_right/tv_l/tv_r/av_l/av_r/x/y/theta/t_err: -0.29944 -1.29355 0.00000 -1.26109 -1.22159 -0.56003 -0.56364 -0.56003 -0.56364 11.76442 -0.76186 180.13527 -0.06703
target: -1.29355 0.00000
target: -1.29355 0.00000
fb: -1.23165 0.02010 -0.46994 -0.48288
fb: -1.35963 0.02039 -0.40595 -0.41889
dist/lin/ang/drive_left/drive_right/tv_l/tv_r/av_l/av_r/x/y/theta/t_err: -0.27232 -1.23358 0.00000 -1.38001 -1.33924 -0.48664 -0.51267 -0.48664 -0.51267 10.69385 -0.76595 180.30014 -0.07674
target: -1.23358 0.00000
target: -1.23358 0.00000
fb: -1.22392 0.01960 -0.38240 -0.39474
fb: -1.18310 0.02166 -0.40281 -0.41514
dist/lin/ang/drive_left/drive_right/tv_l/tv_r/av_l/av_r/x/y/theta/t_err: -0.24874 -1.17896 0.00000 -1.20477 -1.16144 -0.44061 -0.43597 -0.44061 -0.43597 9.76230 -0.77219 180.46569 -0.08706
target: -1.17896 0.00000
target: -1.17896 0.00000
fb: -1.27050 0.02472 -0.33075 -0.34253
fb: -1.24338 0.02578 -0.34431 -0.35610
dist/lin/ang/drive_left/drive_right/tv_l/tv_r/av_l/av_r/x/y/theta/t_err: -0.22398 -1.11874 0.00000 -1.26916 -1.21759 -0.40278 -0.39956 -0.40278 -0.39956 8.78331 -0.78184 180.67265 -0.10052
target: -1.11874 0.00000
target: -1.11874 0.00000
fb: -1.26079 0.01612 -0.25264 -0.26383
fb: -1.27816 0.00511 -0.24396 -0.25514
dist/lin/ang/drive_left/drive_right/tv_l/tv_r/av_l/av_r/x/y/theta/t_err: -0.19856 -1.05336 0.00000 -1.28327 -1.27304 -0.38481 -0.35983 -0.38481 -0.35983 7.77697 -0.79483 180.78372 -0.11553
target: -1.05336 0.00000
target: -1.05336 0.00000
fb: -1.14040 0.00114 -0.22682 -0.23735
fb: -1.08611 0.00831 -0.25396 -0.26449
dist/lin/ang/drive_left/drive_right/tv_l/tv_r/av_l/av_r/x/y/theta/t_err: -0.17700 -0.99454 -0.00000 -1.09442 -1.07780 -0.31619 -0.31981 -0.31619 -0.31981 6.92185 -0.80666 180.81183 -0.13018
target: -0.99454 0.00000
target: -0.99454 0.00000
fb: -1.02589 0.00561 -0.25709 -0.26703
fb: -0.99874 0.00405 -0.27066 -0.28061
dist/lin/ang/drive_left/drive_right/tv_l/tv_r/av_l/av_r/x/y/theta/t_err: -0.15552 -0.93222 -0.00000 -1.00279 -0.99469 -0.28714 -0.29378 -0.28714 -0.29378 6.13552 -0.81810 180.85111 -0.13087
target: -0.93222 0.00000
target: -0.93222 0.00000
fb: -1.02808 0.00490 -0.18044 -0.18976
fb: -0.99125 0.01144 -0.19886 -0.20818
dist/lin/ang/drive_left/drive_right/tv_l/tv_r/av_l/av_r/x/y/theta/t_err: -0.13567 -0.87070 -0.00000 -1.00268 -0.97981 -0.26575 -0.27381 -0.26575 -0.27381 5.35510 -0.82997 180.90442 -0.13180
target: -0.87070 0.00000
target: -0.87070 0.00000
fb: -0.95993 0.00625 -0.15910 -0.16781
fb: -0.96763 0.00284 -0.15525 -0.16396
dist/lin/ang/drive_left/drive_right/tv_l/tv_r/av_l/av_r/x/y/theta/t_err: -0.11630 -0.80616 -0.00000 -0.97047 -0.96479 -0.22192 -0.23236 -0.22192 -0.23236 4.59329 -0.84234 180.94596 -0.13252
target: -0.80616 0.00000
target: -0.80616 0.00000
fb: -0.89610 -0.00241 -0.11540 -0.12346
fb: -0.86318 -0.01094 -0.13186 -0.13992
dist/lin/ang/drive_left/drive_right/tv_l/tv_r/av_l/av_r/x/y/theta/t_err: -0.09906 -0.74399 0.00000 -0.85224 -0.87412 -0.18550 -0.18972 -0.18550 -0.18972 3.91371 -0.85339 180.90004 -0.13172
target: -0.74399 0.00000
target: -0.74399 0.00000
fb: -0.78920 -0.01676 -0.11989 -0.12733
fb: -0.70774 -0.01911 -0.16062 -0.16806
dist/lin/ang/drive_left/drive_right/tv_l/tv_r/av_l/av_r/x/y/theta/t_err: -0.08496 -0.68903 0.00000 -0.68863 -0.72685 -0.15383 -0.16000 -0.15383 -0.16000 3.35649 -0.86141 180.74946 -0.12910
target: -0.68903 0.00000
target: -0.68903 0.00000
fb: -0.74061 -0.01705 -0.12385 -0.13074
fb: -0.64750 -0.01456 -0.17040 -0.17729
dist/lin/ang/drive_left/drive_right/tv_l/tv_r/av_l/av_r/x/y/theta/t_err: -0.07207 -0.63461 0.00000 -0.63294 -0.66206 -0.15656 -0.16167 -0.15656 -0.16167 2.84668 -0.86741 180.60087 -0.12650
target: -0.63461 0.00000
target: -0.63461 0.00000
fb: -0.60692 -0.01307 -0.14087 -0.14722
fb: -0.61863 -0.01037 -0.13502 -0.14137
dist/lin/ang/drive_left/drive_right/tv_l/tv_r/av_l/av_r/x/y/theta/t_err: -0.05974 -0.57779 0.00000 -0.60826 -0.62900 -0.16322 -0.16736 -0.16322 -0.16736 2.35959 -0.87202 180.48905 -0.12455
target: -0.57779 0.00000
target: -0.57779 0.00000
fb: -0.56635 -0.01044 -0.09581 -0.10159
fb: -0.51581 -0.01293 -0.12108 -0.12685
dist/lin/ang/drive_left/drive_right/tv_l/tv_r/av_l/av_r/x/y/theta/t_err: -0.04947 -0.52576 0.00000 -0.50288 -0.52874 -0.14067 -0.14936 -0.14067 -0.14936 1.95345 -0.87514 180.38618 -0.12275
target: -0.52576 0.00000
target: -0.52576 0.00000
fb: -0.51955 -0.01499 -0.09081 -0.09607
fb: -0.50210 -0.01548 -0.09953 -0.10479
dist/lin/ang/drive_left/drive_right/tv_l/tv_r/av_l/av_r/x/y/theta/t_err: -0.03948 -0.46968 0.00000 -0.48662 -0.51759 -0.12575 -0.12525 -0.12575 -0.12525 1.55810 -0.87736 180.25224 -0.12042
target: -0.46968 0.00000
target: -0.46968 0.00000
fb: -0.47695 -0.01257 0.11993 0.11523
fb: -0.42666 -0.01144 0.09478 0.09008
dist/lin/ang/drive_left/drive_right/tv_l/tv_r/av_l/av_r/x/y/theta/t_err: -0.03099 -0.41613 0.00000 -0.41522 -0.43809 -0.05286 -0.02994 -0.05286 -0.02994 1.22216 -0.87851 180.13964 -0.11845
target: -0.41613 0.00000
target: -0.41613 0.00000
fb: -0.39754 -0.00959 0.12027 0.11611
fb: -0.37416 -0.00760 0.10858 0.10442
dist/lin/ang/drive_left/drive_right/tv_l/tv_r/av_l/av_r/x/y/theta/t_err: -0.02354 -0.36267 0.00000 -0.36656 -0.38176 0.07561 0.07733 0.07561 0.07733 0.92754 -0.87901 180.05677 -0.11701
target: -0.36267 0.00000
target: -0.36267 0.00000
fb: -0.27929 -0.00724 0.11207 0.10844
fb: -0.19588 -0.01009 -0.08964 -0.09327
dist/lin/ang/drive_left/drive_right/tv_l/tv_r/av_l/av_r/x/y/theta/t_err: -0.01965 -0.33136 0.00000 -0.18579 -0.20597 0.08967 0.08503 0.08967 0.08503 0.77330 -0.87908 179.98234 -0.11571
target: -0.33136 0.00000
target: -0.33136 0.00000
fb: -0.13164 -0.01804 -0.19139 -0.19471
fb: -0.09099 -0.02110 -0.21172 -0.21503
dist/lin/ang/drive_left/drive_right/tv_l/tv_r/av_l/av_r/x/y/theta/t_err: -0.01789 -0.31619 0.00000 -0.06989 -0.11209 -0.07803 -0.08367 -0.07803 -0.08367 0.70166 -0.87897 179.82240 -0.11291
target: -0.31619 0.00000
target: -0.31619 0.00000
fb: -0.09693 -0.02252 -0.26683 -0.26999
fb: -0.12010 -0.01889 -0.25524 -0.25840
dist/lin/ang/drive_left/drive_right/tv_l/tv_r/av_l/av_r/x/y/theta/t_err: -0.01556 -0.29486 0.00000 -0.10121 -0.13899 -0.20361 -0.20550 -0.20361 -0.20550 0.60709 -0.87852 179.64275 -0.10978
target: -0.29486 0.00000
target: -0.29486 0.00000
fb: -0.15299 -0.02010 -0.19060 -0.19355
fb: -0.16843 -0.01847 -0.18287 -0.18582
dist/lin/ang/drive_left/drive_right/tv_l/tv_r/av_l/av_r/x/y/theta/t_err: -0.01226 -0.26170 0.00000 -0.14997 -0.18690 -0.22089 -0.22092 -0.22089 -0.22092 0.47447 -0.87749 179.47332 -0.10682
target: -0.26170 0.00000
target: -0.26170 0.00000
fb: -0.16097 -0.00902 -0.10151 -0.10413
fb: -0.15706 -0.00185 -0.10347 -0.10608
dist/lin/ang/drive_left/drive_right/tv_l/tv_r/av_l/av_r/x/y/theta/t_err: -0.00914 -0.22595 0.00000 -0.15521 -0.15891 -0.14422 -0.14906 -0.14422 -0.14906 0.35081 -0.87628 179.41869 -0.10587
target: -0.22595 0.00000
target: -0.22595 0.00000
fb: -0.14740 0.00504 -0.20965 -0.20965
fb: -0.13200 0.00980 -0.21735 -0.21735
dist/lin/ang/drive_left/drive_right/tv_l/tv_r/av_l/av_r/x/y/theta/t_err: -0.00648 -0.00648 -0.00000 -0.14180 -0.12219 -0.13928 -0.14150 -0.13928 -0.14150 0.24688 -0.87525 179.46461 -0.10667
target: -0.00648 0.00000
target: -0.00648 0.00000
fb: -0.10866 0.01818 -0.08259 -0.08259
fb: -0.10673 0.02188 -0.08259 -0.08259
dist/lin/ang/drive_left/drive_right/tv_l/tv_r/av_l/av_r/x/y/theta/t_err: -0.00428 -0.00428 -0.00000 -0.12860 -0.08485 -0.14594 -0.14475 -0.14594 -0.14475 0.16284 -0.87459 179.63291 -0.10961
target: -0.00428 0.00000
target: -0.00428 0.00000
fb: -0.14557 0.01619 -0.08171 -0.08171
fb: -0.18437 0.01293 0.16834 0.16834
dist/lin/ang/drive_left/drive_right/tv_l/tv_r/av_l/av_r/x/y/theta/t_err: -0.00054 -0.00054 -0.00000 -0.19730 -0.17145 -0.08092 -0.07906 -0.08092 -0.07906 0.01767 -0.87386 179.77077 -0.11201
target: -0.00054 0.00000
target: -0.00054 0.00000
fb: -0.16096 0.01449 -0.08022 -0.08022
fb: -0.15346 0.01364 -0.08022 -0.08022
dist/lin/ang/drive_left/drive_right/tv_l/tv_r/av_l/av_r/x/y/theta/t_err: 0.00258 0.00258 -0.00000 -0.16710 -0.13982 0.04158 0.04722 0.04158 0.04722 -0.10316 -0.87351 179.88739 -0.11405
target: 0.00258 0.00000
target: 0.00258 0.00000
fb: -0.17088 0.01002 0.08103 0.08103
fb: -0.14923 0.00661 0.08103 0.08103
dist/lin/ang/drive_left/drive_right/tv_l/tv_r/av_l/av_r/x/y/theta/t_err: 0.00559 0.00559 -0.00000 -0.15584 -0.14263 -0.02806 -0.00136 -0.02806 -0.00136 -0.22067 -0.87336 179.96261 -0.11536
target: 0.00559 0.00000
target: 0.00559 0.00000
fb: -0.13973 0.00675 0.08224 0.08224
fb: -0.12031 0.00845 0.08224 0.08224
dist/lin/ang/drive_left/drive_right/tv_l/tv_r/av_l/av_r/x/y/theta/t_err: 0.00802 0.21169 -0.00000 -0.12876 -0.11186 0.06878 0.06861 0.06878 0.06861 -0.31540 -0.87334 180.02067 -0.11638
target: 0.21169 0.00000
target: 0.21169 0.00000
fb: -0.08721 0.00462 0.31412 0.31412
fb: -0.06203 0.00000 0.30153 0.30153
dist/lin/ang/drive_left/drive_right/tv_l/tv_r/av_l/av_r/x/y/theta/t_err: 0.00927 0.22759 -0.00000 -0.06203 -0.06203 0.12233 0.15589 0.12233 0.15589 -0.36424 -0.87338 180.04455 -0.11679
target: 0.22759 0.00000
target: 0.22759 0.00000
fb: -0.03309 -0.00128 0.30137 0.30137
fb: -0.00793 -0.00313 0.28879 0.28879
dist/lin/ang/drive_left/drive_right/tv_l/tv_r/av_l/av_r/x/y/theta/t_err: 0.00942 0.22944 0.00000 -0.00480 -0.01105 0.26967 0.27325 0.26967 0.27325 -0.37049 -0.87338 180.02700 -0.11649
target: 0.22944 0.00000
target: 0.22944 0.00000
fb: 0.00002 -0.00362 0.28649 0.28649
fb: 0.00003 -0.00298 0.28648 0.28648
dist/lin/ang/drive_left/drive_right/tv_l/tv_r/av_l/av_r/x/y/theta/t_err: 0.00941 0.22929 0.00000 0.00301 -0.00296 0.26828 0.26742 0.26828 0.26742 -0.37046 -0.87338 179.99652 -0.11595
target: 0.22929 0.00000
target: 0.22929 0.00000
fb: -0.00769 -0.00483 0.29021 0.29021
fb: -0.01143 -0.00597 0.29208 0.29208
dist/lin/ang/drive_left/drive_right/tv_l/tv_r/av_l/av_r/x/y/theta/t_err: 0.00962 0.23185 0.00000 -0.00547 -0.01740 0.27206 0.27189 0.27206 0.27189 -0.37947 -0.87338 179.95113 -0.11516
target: 0.23185 0.00000
target: 0.23185 0.00000
fb: 0.01948 -0.01094 0.27892 0.27892
fb: 0.11065 -0.01484 0.23334 0.23334
start is 0.00000 0.00000
dist/lin/ang/drive_left/drive_right/tv_l/tv_r/av_l/av_r/x/y/theta/t_err: 0.60960 1.77800 0.00000 0.00000 0.00000 0.00033 0.00017 0.00033 0.00017 0.00000 -0.00000 -0.00287 0.00005
target: 1.77800 0.00000
target: 1.77800 0.00000
fb: 0.00000 0.00000 1.00000 1.00000
fb: 0.00000 0.00000 1.00000 1.00000
dist/lin/ang/drive_left/drive_right/tv_l/tv_r/av_l/av_r/x/y/theta/t_err: 0.60960 1.77800 0.00000 0.00000 0.00000 0.10831 0.13483 0.10831 0.13483 0.00000 -0.00000 -0.00518 0.00009
target: 1.77800 0.00000
target: 1.77800 0.00000
fb: 0.00000 0.00000 1.00000 1.00000
fb: -0.00000 0.00142 1.00000 1.00000
dist/lin/ang/drive_left/drive_right/tv_l/tv_r/av_l/av_r/x/y/theta/t_err: 0.60960 1.77800 0.00000 -0.00142 0.00142 0.54328 0.58706 0.54328 0.58706 0.00000 -0.00000 -0.00416 0.00007
target: 1.77800 0.00000
target: 1.77800 0.00000
fb: 0.00000 -0.00440 1.00000 1.00000
fb: 0.02321 -0.00980 1.00000 1.00000
dist/lin/ang/drive_left/drive_right/tv_l/tv_r/av_l/av_r/x/y/theta/t_err: 0.60914 1.77800 0.00000 0.03301 0.01341 0.70719 0.72447 0.70719 0.72447 0.01828 -0.00001 -0.05299 0.00093
target: 1.77800 0.00000
target: 1.77800 0.00000
fb: 0.15123 -0.01172 1.00000 1.00000
fb: 0.27945 -0.01556 1.00000 1.00000
dist/lin/ang/drive_left/drive_right/tv_l/tv_r/av_l/av_r/x/y/theta/t_err: 0.60355 1.77800 0.00000 0.29501 0.26390 0.67914 0.73919 0.67914 0.73919 0.23832 -0.00042 -0.16431 0.00289
target: 1.77800 0.00000
target: 1.77800 0.00000
fb: 0.33949 -0.01570 1.00000 1.00000
fb: 0.39576 -0.01364 1.00000 1.00000
dist/lin/ang/drive_left/drive_right/tv_l/tv_r/av_l/av_r/x/y/theta/t_err: 0.59563 1.77800 0.00000 0.40939 0.38212 0.72208 0.73528 0.72208 0.73528 0.54994 -0.00168 -0.29286 0.00518
target: 1.77800 0.00000
target: 1.77800 0.00000
fb: 0.40942 -0.00930 1.00000 1.00000
fb: 0.45572 -0.00511 1.00000 1.00000
dist/lin/ang/drive_left/drive_right/tv_l/tv_r/av_l/av_r/x/y/theta/t_err: 0.58652 1.77800 0.00000 0.46084 0.45061 0.75272 0.75339 0.75272 0.75339 0.90877 -0.00378 -0.36354 0.00651
target: 1.77800 0.00000
target: 1.77800 0.00000
fb: 0.53337 -0.00320 1.00000 1.00000
fb: 0.53535 -0.00511 1.00000 1.00000
dist/lin/ang/drive_left/drive_right/tv_l/tv_r/av_l/av_r/x/y/theta/t_err: 0.57581 1.77800 0.00000 0.54047 0.53024 0.75833 0.75617 0.75833 0.75617 1.33030 -0.00658 -0.40191 0.00730
target: 1.77800 0.00000
target: 1.77800 0.00000
fb: 0.56052 -0.00561 1.00000 1.00000
fb: 0.62452 -0.00817 1.00000 1.00000
dist/lin/ang/drive_left/drive_right/tv_l/tv_r/av_l/av_r/x/y/theta/t_err: 0.56332 1.77421 0.00000 0.63269 0.61636 0.75733 0.75614 0.75733 0.75614 1.82204 -0.01030 -0.46672 0.00861
target: 1.77421 0.00000
target: 1.77421 0.00000
fb: 0.67684 -0.01115 1.00000 1.00000
fb: 0.73908 -0.01357 1.00000 1.00000
dist/lin/ang/drive_left/drive_right/tv_l/tv_r/av_l/av_r/x/y/theta/t_err: 0.54854 1.75078 0.00000 0.75265 0.72552 0.76761 0.76828 0.76761 0.76828 2.40397 -0.01556 -0.57306 0.01072
target: 1.75078 0.00000
target: 1.75078 0.00000
fb: 0.75081 -0.01747 1.00000 1.00000
fb: 0.78546 -0.01428 1.00000 1.00000
dist/lin/ang/drive_left/drive_right/tv_l/tv_r/av_l/av_r/x/y/theta/t_err: 0.53283 1.72553 0.00000 0.79974 0.77118 0.77203 0.77392 0.77203 0.77392 3.02240 -0.02261 -0.72314 0.01370
target: 1.72553 0.00000
target: 1.72553 0.00000
fb: 0.84370 -0.01470 1.00000 1.00000
fb: 0.89225 -0.01882 1.00000 1.00000
dist/lin/ang/drive_left/drive_right/tv_l/tv_r/av_l/av_r/x/y/theta/t_err: 0.51499 1.69639 0.00000 0.91108 0.87343 0.78708 0.79003 0.78708 0.79003 3.72489 -0.03234 -0.86798 0.01674
target: 1.69639 0.00000
target: 1.69639 0.00000
fb: 1.01254 -0.02173 1.00000 1.00000
fb: 1.07654 -0.01975 1.00000 1.00000
dist/lin/ang/drive_left/drive_right/tv_l/tv_r/av_l/av_r/x/y/theta/t_err: 0.49346 1.66056 0.00000 1.09629 1.05680 0.80200 0.80539 0.80200 0.80539 4.57245 -0.04660 -1.05634 0.02084
target: 1.66056 0.00000
target: 1.66056 0.00000
fb: 1.02996 -0.01563 0.99791 1.00000
fb: 1.12305 -0.01328 0.95136 0.96797
dist/lin/ang/drive_left/drive_right/tv_l/tv_r/av_l/av_r/x/y/theta/t_err: 0.47101 1.62234 0.00000 1.13633 1.10976 0.71028 0.83344 0.71028 0.83344 5.45656 -0.06398 -1.18233 0.02409
target: 1.62234 0.00000
target: 1.62234 0.00000
fb: 1.18503 -0.01087 0.87293 0.88915
fb: 1.15985 -0.00355 0.88552 0.90174
dist/lin/ang/drive_left/drive_right/tv_l/tv_r/av_l/av_r/x/y/theta/t_err: 0.44782 1.58190 0.00000 1.16340 1.15630 0.66697 0.70822 0.66697 0.70822 6.36962 -0.08350 -1.25276 0.02660
target: 1.58190 0.00000
target: 1.58190 0.00000
fb: 1.15388 -0.00959 0.83970 0.85552
fb: 1.11903 -0.00710 0.85712 0.87294
dist/lin/ang/drive_left/drive_right/tv_l/tv_r/av_l/av_r/x/y/theta/t_err: 0.42544 1.54188 0.00000 1.12613 1.11193 0.70186 0.65944 0.70186 0.65944 7.25052 -0.10334 -1.32784 0.02934
target: 1.54188 0.00000
target: 1.54188 0.00000
fb: 1.16957 -0.01129 0.79532 0.81074
fb: 1.13471 -0.00646 0.81276 0.82818
dist/lin/ang/drive_left/drive_right/tv_l/tv_r/av_l/av_r/x/y/theta/t_err: 0.40276 1.50021 0.00000 1.14117 1.12825 0.70394 0.73200 0.70394 0.73200 8.14374 -0.12476 -1.41746 0.03261
target: 1.50021 0.00000
target: 1.50021 0.00000
fb: 1.14442 -0.01101 0.76049 0.77549
fb: 1.32073 -0.00753 0.67234 0.68734
dist/lin/ang/drive_left/drive_right/tv_l/tv_r/av_l/av_r/x/y/theta/t_err: 0.37636 1.45021 0.00000 1.32826 1.31320 0.70258 0.75014 0.70258 0.75014 9.18334 -0.15136 -1.50780 0.03653
target: 1.45021 0.00000
target: 1.45021 0.00000
fb: 1.30528 -0.01058 0.59457 0.60907
fb: 1.29182 -0.00902 0.60130 0.61580
dist/lin/ang/drive_left/drive_right/tv_l/tv_r/av_l/av_r/x/y/theta/t_err: 0.35055 1.39959 0.00000 1.30084 1.28280 0.65536 0.67897 0.65536 0.67897 10.20015 -0.17895 -1.59719 0.04084
target: 1.39959 0.00000
target: 1.39959 0.00000
fb: 1.32843 -0.00398 0.53159 0.54558
fb: 1.29925 0.00078 0.54618 0.56017
dist/lin/ang/drive_left/drive_right/tv_l/tv_r/av_l/av_r/x/y/theta/t_err: 0.32458 1.34677 0.00000 1.29847 1.30003 0.57883 0.59956 0.57883 0.59956 11.22278 -0.20771 -1.60951 0.04435
target: 1.34677 0.00000
target: 1.34677 0.00000
fb: 1.24517 0.00000 0.51261 0.52607
fb: 1.30145 -0.00376 0.48446 0.49793
dist/lin/ang/drive_left/drive_right/tv_l/tv_r/av_l/av_r/x/y/theta/t_err: 0.29858 1.29170 0.00000 1.30521 1.29769 0.53883 0.55386 0.53883 0.55386 12.24714 -0.23643 -1.61050 0.04822
target: 1.29170 0.00000
target: 1.29170 0.00000
fb: 1.39835 -0.00568 0.37305 0.38597
fb: 1.27611 -0.00433 0.43417 0.44708
dist/lin/ang/drive_left/drive_right/tv_l/tv_r/av_l/av_r/x/y/theta/t_err: 0.27309 1.23533 0.00000 1.28045 1.27178 0.48767 0.49400 0.48767 0.49400 13.25154 -0.26507 -1.65618 0.05356
target: 1.23533 0.00000
target: 1.23533 0.00000
fb: 1.22559 -0.00831 0.39949 0.41184
fb: 1.30527 -0.01030 0.35965 0.37200
dist/lin/ang/drive_left/drive_right/tv_l/tv_r/av_l/av_r/x/y/theta/t_err: 0.24703 1.17491 0.00000 1.31557 1.29497 0.42500 0.43564 0.42500 0.43564 14.27887 -0.29545 -1.73645 0.06069
target: 1.17491 0.00000
target: 1.17491 0.00000
fb: 1.30528 -0.00959 0.28336 0.29511
fb: 1.30921 0.00064 0.28139 0.29314
dist/lin/ang/drive_left/drive_right/tv_l/tv_r/av_l/av_r/x/y/theta/t_err: 0.22090 1.11103 0.00000 1.30858 1.30985 0.38892 0.38497 0.38892 0.38497 15.30925 -0.32730 -1.78447 0.06879
target: 1.11103 0.00000
target: 1.11103 0.00000
fb: 1.29941 0.01584 0.20946 0.22057
fb: 1.19827 0.02003 0.26003 0.27114
dist/lin/ang/drive_left/drive_right/tv_l/tv_r/av_l/av_r/x/y/theta/t_err: 0.19700 1.04920 0.00000 1.17824 1.21830 0.36394 0.33314 0.36394 0.33314 16.25235 -0.35562 -1.63808 0.07446
target: 1.04920 0.00000
target: 1.04920 0.00000
fb: 1.14221 0.01335 0.23787 0.24837
fb: 1.08222 0.01534 0.26787 0.27836
dist/lin/ang/drive_left/drive_right/tv_l/tv_r/av_l/av_r/x/y/theta/t_err: 0.17542 0.99007 0.00000 1.06688 1.09756 0.30664 0.30989 0.30664 0.30989 17.10417 -0.37900 -1.50968 0.08126
target: 0.99007 0.00000
target: 0.99007 0.00000
fb: 1.05288 0.01378 0.23794 0.24784
fb: 1.09547 0.01087 0.21664 0.22654
dist/lin/ang/drive_left/drive_right/tv_l/tv_r/av_l/av_r/x/y/theta/t_err: 0.15296 0.92452 0.00000 1.08460 1.10634 0.28386 0.29550 0.28386 0.29550 17.96647 -0.40080 -1.39489 0.07925
target: 0.92452 0.00000
target: 0.92452 0.00000
fb: 1.05312 0.01115 0.14599 0.15523
fb: 0.97940 0.01563 0.18285 0.19209
dist/lin/ang/drive_left/drive_right/tv_l/tv_r/av_l/av_r/x/y/theta/t_err: 0.13340 0.86338 0.00000 0.96378 0.99503 0.25256 0.25292 0.25256 0.25292 18.73744 -0.41885 -1.27716 0.07720
target: 0.86338 0.00000
target: 0.86338 0.00000
fb: 0.98513 0.01222 0.14118 0.14982
fb: 0.85119 0.01421 0.20815 0.21679
dist/lin/ang/drive_left/drive_right/tv_l/tv_r/av_l/av_r/x/y/theta/t_err: 0.11640 0.80651 0.00000 0.83699 0.86540 0.20994 0.21475 0.20994 0.21475 19.40752 -0.43313 -1.15264 0.07502
target: 0.80651 0.00000
target: 0.80651 0.00000
fb: 0.82979 0.01087 0.18345 0.19151
fb: 0.84746 0.00888 0.17461 0.18268
dist/lin/ang/drive_left/drive_right/tv_l/tv_r/av_l/av_r/x/y/theta/t_err: 0.09948 0.74557 0.00000 0.83859 0.85634 0.21081 0.21833 0.21081 0.21833 20.07469 -0.44597 -1.05330 0.07329
target: 0.74557 0.00000
target: 0.74557 0.00000
fb: 0.73319 0.00462 0.15493 0.16238
fb: 0.80096 0.00185 0.12104 0.12850
dist/lin/ang/drive_left/drive_right/tv_l/tv_r/av_l/av_r/x/y/theta/t_err: 0.08347 0.68295 0.00000 0.79911 0.80280 0.19369 0.20156 0.19369 0.20156 20.70526 -0.45730 -1.01344 0.07259
target: 0.68295 0.00000
target: 0.68295 0.00000
fb: 0.73102 0.00241 0.08830 0.09513
fb: 0.63614 0.00277 0.13574 0.14257
dist/lin/ang/drive_left/drive_right/tv_l/tv_r/av_l/av_r/x/y/theta/t_err: 0.07075 0.62877 0.00000 0.63337 0.63891 0.14664 0.14272 0.14664 0.14272 21.20608 -0.46605 -0.98777 0.07215
target: 0.62877 0.00000
target: 0.62877 0.00000
fb: 0.65930 0.00263 0.11018 0.11647
fb: 0.57590 0.00064 0.15189 0.15817
dist/lin/ang/drive_left/drive_right/tv_l/tv_r/av_l/av_r/x/y/theta/t_err: 0.05924 0.57535 0.00000 0.57526 0.57654 0.14236 0.14236 0.14236 0.14236 21.65948 -0.47376 -0.96470 0.07174
target: 0.57535 0.00000
target: 0.57535 0.00000
fb: 0.53928 0.00085 0.12227 0.12802
fb: 0.52957 0.00142 0.12712 0.13287
dist/lin/ang/drive_left/drive_right/tv_l/tv_r/av_l/av_r/x/y/theta/t_err: 0.04865 0.52140 0.00000 0.52815 0.53099 0.15042 0.14989 0.15042 0.14989 22.07641 -0.48074 -0.95236 0.07153
target: 0.52140 0.00000
target: 0.52140 0.00000
fb: 0.50618 0.00092 0.08467 0.08989
fb: 0.50420 0.00000 0.08567 0.09088
dist/lin/ang/drive_left/drive_right/tv_l/tv_r/av_l/av_r/x/y/theta/t_err: 0.03857 0.46424 0.00000 0.50420 0.50420 0.12850 0.12611 0.12850 0.12611 22.47336 -0.48729 -0.93956 0.07130
target: 0.46424 0.00000
target: 0.46424 0.00000
fb: 0.45367 0.00156 -0.11835 -0.11371
fb: 0.42078 0.00249 -0.10191 -0.09727
dist/lin/ang/drive_left/drive_right/tv_l/tv_r/av_l/av_r/x/y/theta/t_err: 0.03016 0.41051 0.00000 0.41829 0.42327 0.05442 0.01881 0.05442 0.01881 22.80464 -0.49268 -0.92040 0.07097
target: 0.41051 0.00000
target: 0.41051 0.00000
fb: 0.38017 0.00355 -0.11779 -0.11368
fb: 0.30052 0.00000 0.08204 0.08614
dist/lin/ang/drive_left/drive_right/tv_l/tv_r/av_l/av_r/x/y/theta/t_err: 0.02415 0.36737 0.00000 0.30052 0.30052 -0.07872 -0.07836 -0.07872 -0.07836 23.04124 -0.49643 -0.89795 0.07058
target: 0.36737 0.00000
target: 0.36737 0.00000
fb: 0.24250 0.00000 0.11730 0.12097
fb: 0.18623 0.00114 0.14543 0.14911
dist/lin/ang/drive_left/drive_right/tv_l/tv_r/av_l/av_r/x/y/theta/t_err: 0.02043 0.33788 0.00000 0.18509 0.18736 0.07717 0.08247 0.07717 0.08247 23.18786 -0.49872 -0.88692 0.07039
target: 0.33788 0.00000
target: 0.33788 0.00000
fb: 0.17829 -0.00156 0.18251 0.18589
fb: 0.20566 -0.00128 0.16882 0.17220
dist/lin/ang/drive_left/drive_right/tv_l/tv_r/av_l/av_r/x/y/theta/t_err: 0.01632 0.30194 0.00000 0.20694 0.20438 0.14717 0.15008 0.14717 0.15008 23.34977 -0.50123 -0.89433 0.07052
target: 0.30194 0.00000
target: 0.30194 0.00000
fb: 0.21139 0.00156 0.10244 0.10546
fb: 0.20741 0.00000 0.10444 0.10746
dist/lin/ang/drive_left/drive_right/tv_l/tv_r/av_l/av_r/x/y/theta/t_err: 0.01217 0.26077 0.00000 0.20741 0.20741 0.14153 0.14614 0.14153 0.14614 23.51307 -0.50376 -0.88302 0.07032
target: 0.26077 0.00000
target: 0.26077 0.00000
fb: 0.18227 -0.00241 -0.10605 -0.10344
fb: 0.14941 -0.00440 -0.08962 -0.08701
dist/lin/ang/drive_left/drive_right/tv_l/tv_r/av_l/av_r/x/y/theta/t_err: 0.00918 0.22645 0.00000 0.15381 0.14500 0.02553 0.02550 0.02553 0.02550 23.63070 -0.50559 -0.90455 0.07069
target: 0.22645 0.00000
target: 0.22645 0.00000
fb: 0.12426 -0.00476 0.22167 0.22167
fb: 0.10661 -0.00305 0.23050 0.23050
dist/lin/ang/drive_left/drive_right/tv_l/tv_r/av_l/av_r/x/y/theta/t_err: 0.00704 0.00704 0.00000 0.10966 0.10355 0.02978 0.00033 0.02978 0.00033 23.71463 -0.50695 -0.93638 0.07125
target: 0.00704 0.00000
target: 0.00704 0.00000
fb: 0.11255 -0.00142 0.08281 0.08281
fb: 0.12226 -0.00355 0.08281 0.08281
dist/lin/ang/drive_left/drive_right/tv_l/tv_r/av_l/av_r/x/y/theta/t_err: 0.00459 0.00459 0.00000 0.12581 0.11871 0.15314 0.16736 0.15314 0.16736 23.81089 -0.50853 -0.95565 0.07159
target: 0.00459 0.00000
target: 0.00459 0.00000
fb: 0.12029 -0.00703 0.08183 0.08183
fb: 0.12605 -0.00717 0.08183 0.08183
dist/lin/ang/drive_left/drive_right/tv_l/tv_r/av_l/av_r/x/y/theta/t_err: 0.00205 0.00205 0.00000 0.13322 0.11888 0.08814 0.08917 0.08814 0.08917 23.91012 -0.51024 -1.01589 0.07264
target: 0.00205 0.00000
target: 0.00205 0.00000
fb: 0.12605 -0.00597 0.08082 0.08082
fb: 0.11654 -0.00277 0.08082 0.08082
dist/lin/ang/drive_left/drive_right/tv_l/tv_r/av_l/av_r/x/y/theta/t_err: -0.00029 -0.00029 0.00000 0.11932 0.11377 0.07717 0.07836 0.07717 0.07836 24.00188 -0.51191 -1.05739 0.07336
target: -0.00029 0.00000
target: -0.00029 0.00000
fb: 0.12227 -0.00384 -0.08012 -0.08012
fb: 0.11057 -0.00327 -0.08012 -0.08012
dist/lin/ang/drive_left/drive_right/tv_l/tv_r/av_l/av_r/x/y/theta/t_err: -0.00251 -0.00251 0.00000 0.11384 0.10731 0.00908 0.03131 0.00908 0.03131 24.08893 -0.51353 -1.08404 0.07383
target: -0.00251 0.00000
target: -0.00251 0.00000
fb: 0.09490 -0.00121 -0.08100 -0.08100
fb: 0.09687 0.00128 -0.08100 -0.08100
dist/lin/ang/drive_left/drive_right/tv_l/tv_r/av_l/av_r/x/y/theta/t_err: -0.00444 -0.00444 0.00000 0.09559 0.09815 -0.07031 -0.06792 -0.07031 -0.06792 24.16519 -0.51498 -1.08328 0.07381
target: -0.00444 0.00000
target: -0.00444 0.00000
fb: 0.09907 0.00000 -0.08178 -0.08178
fb: 0.10657 0.00000 -0.08178 -0.08178
dist/lin/ang/drive_left/drive_right/tv_l/tv_r/av_l/av_r/x/y/theta/t_err: -0.00657 -0.00657 0.00000 0.10657 0.10657 -0.07667 -0.07650 -0.07667 -0.07650 24.24909 -0.51656 -1.07867 0.07373
target: -0.00657 0.00000
target: -0.00657 0.00000
fb: 0.09884 0.00320 -0.08263 -0.08263
fb: 0.06792 0.00973 -0.08263 -0.08263
dist/lin/ang/drive_left/drive_right/tv_l/tv_r/av_l/av_r/x/y/theta/t_err: -0.00792 -0.21037 0.00000 0.05819 0.07765 -0.07222 -0.07239 -0.07222 -0.07239 24.30256 -0.51755 -1.02755 0.07284
target: -0.21037 0.00000
target: -0.21037 0.00000
fb: 0.02508 0.00909 -0.28187 -0.28187
fb: 0.00390 0.00796 -0.27128 -0.27128
dist/lin/ang/drive_left/drive_right/tv_l/tv_r/av_l/av_r/x/y/theta/t_err: -0.00798 -0.21115 0.00000 -0.00406 0.01185 -0.14561 -0.14817 -0.14561 -0.14817 24.30563 -0.51761 -0.94433 0.07139
target: -0.21115 0.00000
target: -0.21115 0.00000
fb: 0.00390 0.00867 -0.27199 -0.27199
fb: -0.00007 0.00788 -0.27000 -0.27000
dist/lin/ang/drive_left/drive_right/tv_l/tv_r/av_l/av_r/x/y/theta/t_err: -0.00796 -0.21090 0.00000 -0.00795 0.00781 -0.24589 -0.24708 -0.24589 -0.24708 24.30557 -0.51760 -0.86600 0.07002
target: -0.21090 0.00000
target: -0.21090 0.00000
fb: -0.00004 -0.00121 -0.26978 -0.26978
fb: 0.00001 -0.00561 -0.26981 -0.26981
final error: 0.60108, x: -0.30558, y: 0.51760
final local error: 0.60108, forwards: -0.31347, sideways: 0.51287
position: 24.30558 -0.51760 -0.87701
took 1.04000 time to finish turn
dist/lin/ang/drive_left/drive_right/tv_l/tv_r/av_l/av_r/x/y/theta/t_err: -0.59830 -1.77800 0.00000 0.00000 0.00000 -0.00017 0.00000 -0.00017 0.00000 23.54987 -0.50435 178.91570 -0.00249
target: -1.77800 0.00000
target: -1.77800 0.00000
fb: 0.00000 0.00000 -1.00000 -1.00000
fb: -0.00000 0.00000 -1.00000 -1.00000
dist/lin/ang/drive_left/drive_right/tv_l/tv_r/av_l/av_r/x/y/theta/t_err: -0.59830 -1.77800 0.00000 -0.00000 -0.00000 -0.36700 -0.33931 -0.36700 -0.33931 23.54987 -0.50435 178.91653 -0.00250
target: -1.77800 0.00000
target: -1.77800 0.00000
fb: -0.00000 0.00000 -1.00000 -1.00000
fb: 0.00000 -0.00057 -1.00000 -1.00000
dist/lin/ang/drive_left/drive_right/tv_l/tv_r/av_l/av_r/x/y/theta/t_err: -0.59830 -1.77800 0.00000 0.00057 -0.00057 -0.66903 -0.65347 -0.66903 -0.65347 23.54987 -0.50435 178.91575 -0.00249
target: -1.77800 0.00000
target: -1.77800 0.00000
fb: -0.01742 -0.00526 -1.00000 -1.00000
fb: -0.11624 -0.01136 -1.00000 -1.00000
dist/lin/ang/drive_left/drive_right/tv_l/tv_r/av_l/av_r/x/y/theta/t_err: -0.59598 -1.77800 0.00000 -0.10487 -0.12760 -0.67758 -0.60472 -0.67758 -0.60472 23.45836 -0.50258 178.86125 -0.00155
target: -1.77800 0.00000
target: -1.77800 0.00000
fb: -0.22300 -0.01264 -1.00000 -1.00000
fb: -0.28325 -0.00582 -1.00000 -1.00000
dist/lin/ang/drive_left/drive_right/tv_l/tv_r/av_l/av_r/x/y/theta/t_err: -0.59031 -1.77800 0.00000 -0.27743 -0.28908 -0.62508 -0.57458 -0.62508 -0.57458 23.23537 -0.49795 178.78007 -0.00014
target: -1.77800 0.00000
target: -1.77800 0.00000
fb: -0.32570 0.01293 -1.00000 -1.00000
fb: -0.39950 0.02017 -1.00000 -1.00000
dist/lin/ang/drive_left/drive_right/tv_l/tv_r/av_l/av_r/x/y/theta/t_err: -0.58232 -1.77800 0.00000 -0.41967 -0.37933 -0.67503 -0.65433 -0.67503 -0.65433 22.92087 -0.49154 178.89923 -0.00223
target: -1.77800 0.00000
target: -1.77800 0.00000
fb: -0.47545 0.01726 -1.00000 -1.00000
fb: -0.49861 0.01541 -1.00000 -1.00000
dist/lin/ang/drive_left/drive_right/tv_l/tv_r/av_l/av_r/x/y/theta/t_err: -0.57235 -1.77800 0.00000 -0.51402 -0.48319 -0.71694 -0.72261 -0.71694 -0.72261 22.52833 -0.48454 179.05257 -0.00497
target: -1.77800 0.00000
target: -1.77800 0.00000
fb: -0.55090 0.01875 -1.00000 -1.00000
fb: -0.66544 0.01982 -1.00000 -1.00000
dist/lin/ang/drive_left/drive_right/tv_l/tv_r/av_l/av_r/x/y/theta/t_err: -0.55904 -1.76747 0.00000 -0.68526 -0.64562 -0.72258 -0.73661 -0.72258 -0.73661 22.00442 -0.47669 179.22277 -0.00809
target: -1.76747 0.00000
target: -1.76747 0.00000
fb: -0.64778 0.01534 -1.00000 -1.00000
fb: -0.64577 0.01286 -1.00000 -1.00000
dist/lin/ang/drive_left/drive_right/tv_l/tv_r/av_l/av_r/x/y/theta/t_err: -0.54613 -1.74693 0.00000 -0.65863 -0.63291 -0.74125 -0.73319 -0.74125 -0.73319 21.49598 -0.47046 179.35775 -0.01067
target: -1.74693 0.00000
target: -1.74693 0.00000
fb: -0.75077 0.00824 -1.00000 -1.00000
fb: -0.76819 0.01200 -1.00000 -1.00000
dist/lin/ang/drive_left/drive_right/tv_l/tv_r/av_l/av_r/x/y/theta/t_err: -0.53077 -1.72218 0.00000 -0.78020 -0.75619 -0.75853 -0.76075 -0.75853 -0.76075 20.89114 -0.46412 179.44572 -0.01254
target: -1.72218 0.00000
target: -1.72218 0.00000
fb: -0.85337 0.00973 -1.00000 -1.00000
fb: -0.89993 0.00938 -1.00000 -1.00000
dist/lin/ang/drive_left/drive_right/tv_l/tv_r/av_l/av_r/x/y/theta/t_err: -0.51277 -1.69274 0.00000 -0.90930 -0.89055 -0.76519 -0.76983 -0.76519 -0.76983 20.18256 -0.45781 179.53331 -0.01453
target: -1.69274 0.00000
target: -1.69274 0.00000
fb: -0.90965 0.01754 -1.00000 -1.00000
fb: -0.98912 0.01619 -1.00000 -1.00000
dist/lin/ang/drive_left/drive_right/tv_l/tv_r/av_l/av_r/x/y/theta/t_err: -0.49299 -1.65977 0.00000 -1.00532 -0.97293 -0.78244 -0.78281 -0.78244 -0.78281 19.40374 -0.45242 179.67570 -0.01765
target: -1.65977 0.00000
target: -1.65977 0.00000
fb: -0.97764 0.01364 -1.00000 -1.00000
fb: -1.02815 0.00874 -1.00000 -1.00000
dist/lin/ang/drive_left/drive_right/tv_l/tv_r/av_l/av_r/x/y/theta/t_err: -0.47243 -1.62479 0.00000 -1.03689 -1.01941 -0.81156 -0.81344 -0.81156 -0.81344 18.59418 -0.44871 179.78727 -0.02041
target: -1.62479 0.00000
target: -1.62479 0.00000
fb: -1.04733 0.00923 -0.95873 -0.97498
fb: -1.11706 0.01051 -0.92387 -0.94012
dist/lin/ang/drive_left/drive_right/tv_l/tv_r/av_l/av_r/x/y/theta/t_err: -0.45009 -1.58591 0.00000 -1.12757 -1.10655 -0.71522 -0.72514 -0.71522 -0.72514 17.71461 -0.44616 179.87780 -0.02305
target: -1.58591 0.00000
target: -1.58591 0.00000
fb: -1.26250 0.01861 -0.79629 -0.81215
fb: -1.16767 0.02458 -0.84371 -0.85957
dist/lin/ang/drive_left/drive_right/tv_l/tv_r/av_l/av_r/x/y/theta/t_err: -0.42675 -1.54424 0.00000 -1.19224 -1.14309 -0.69689 -0.73675 -0.69689 -0.73675 16.79519 -0.44545 180.05750 -0.02752
target: -1.54424 0.00000
target: -1.54424 0.00000
fb: -1.16395 0.02628 -0.79294 -0.80838
fb: -1.22595 0.02209 -0.76194 -0.77738
dist/lin/ang/drive_left/drive_right/tv_l/tv_r/av_l/av_r/x/y/theta/t_err: -0.40224 -1.49924 0.00000 -1.24804 -1.20386 -0.71111 -0.72533 -0.71111 -0.72533 15.82988 -0.44827 180.27212 -0.03306
target: -1.49924 0.00000
target: -1.49924 0.00000
fb: -1.19880 0.02372 -0.71738 -0.73237
fb: -1.22198 0.02699 -0.70579 -0.72078
dist/lin/ang/drive_left/drive_right/tv_l/tv_r/av_l/av_r/x/y/theta/t_err: -0.37782 -1.45301 0.00000 -1.24897 -1.19499 -0.69778 -0.70908 -0.69778 -0.70908 14.86771 -0.45457 180.48102 -0.03896
target: -1.45301 0.00000
target: -1.45301 0.00000
fb: -1.22574 0.02557 -0.65399 -0.66852
fb: -1.29170 0.02046 -0.62101 -0.63554
dist/lin/ang/drive_left/drive_right/tv_l/tv_r/av_l/av_r/x/y/theta/t_err: -0.35201 -1.40250 0.00000 -1.31216 -1.27124 -0.64147 -0.66408 -0.64147 -0.66408 13.85068 -0.46508 180.68584 -0.04554
target: -1.40250 0.00000
target: -1.40250 0.00000
fb: -1.34619 0.02173 -0.52601 -0.54004
fb: -1.27050 0.02053 -0.56386 -0.57788
dist/lin/ang/drive_left/drive_right/tv_l/tv_r/av_l/av_r/x/y/theta/t_err: -0.32663 -1.35099 0.00000 -1.29103 -1.24997 -0.55678 -0.57458 -0.55678 -0.57458 12.85038 -0.47864 180.86949 -0.05240
target: -1.35099 0.00000
target: -1.35099 0.00000
fb: -1.29762 0.01712 -0.49637 -0.50988
fb: -1.34219 0.01953 -0.47409 -0.48760
dist/lin/ang/drive_left/drive_right/tv_l/tv_r/av_l/av_r/x/y/theta/t_err: -0.29982 -1.29438 0.00000 -1.36172 -1.32265 -0.50544 -0.51658 -0.50544 -0.51658 11.79369 -0.49606 181.02335 -0.05990
target: -1.29438 0.00000
target: -1.29438 0.00000
fb: -1.28196 0.02287 -0.42686 -0.43980
fb: -1.27448 0.02465 -0.43060 -0.44354
dist/lin/ang/drive_left/drive_right/tv_l/tv_r/av_l/av_r/x/y/theta/t_err: -0.27439 -1.23826 0.00000 -1.29912 -1.24983 -0.45189 -0.46300 -0.45189 -0.46300 10.79035 -0.51561 181.21263 -0.06891
target: -1.23826 0.00000
target: -1.23826 0.00000
fb: -1.26852 0.02294 -0.38191 -0.39429
fb: -1.21798 0.02017 -0.40718 -0.41956
dist/lin/ang/drive_left/drive_right/tv_l/tv_r/av_l/av_r/x/y/theta/t_err: -0.25009 -1.18217 0.00000 -1.23815 -1.19781 -0.40861 -0.42300 -0.40861 -0.42300 9.83156 -0.53746 181.39287 -0.07892
target: -1.18217 0.00000
target: -1.18217 0.00000
fb: -1.19480 0.01989 -0.36510 -0.37692
fb: -1.19479 0.01868 -0.36511 -0.37693
dist/lin/ang/drive_left/drive_right/tv_l/tv_r/av_l/av_r/x/y/theta/t_err: -0.22628 -1.12449 0.00000 -1.21347 -1.17611 -0.39986 -0.39303 -0.39986 -0.39303 8.89109 -0.56167 181.55342 -0.09020
target: -1.12449 0.00000
target: -1.12449 0.00000
fb: -1.28016 0.00881 -0.25986 -0.27110
fb: -1.30151 0.00320 -0.24918 -0.26043
dist/lin/ang/drive_left/drive_right/tv_l/tv_r/av_l/av_r/x/y/theta/t_err: -0.20038 -1.05816 0.00000 -1.30470 -1.29831 -0.36375 -0.36839 -0.36375 -0.36839 7.86668 -0.59019 181.61880 -0.10314
target: -1.05816 0.00000
target: -1.05816 0.00000
fb: -1.17151 0.00575 -0.21159 -0.22217
fb: -1.08612 0.00590 -0.25428 -0.26486
dist/lin/ang/drive_left/drive_right/tv_l/tv_r/av_l/av_r/x/y/theta/t_err: -0.17878 -0.99952 0.00000 -1.09202 -1.08022 -0.29447 -0.31844 -0.29447 -0.31844 7.01182 -0.61461 181.65789 -0.11637
target: -0.99952 0.00000
target: -0.99952 0.00000
fb: -1.11501 -0.00135 -0.21816 -0.22816
fb: -1.07436 -0.01002 -0.23849 -0.24849
dist/lin/ang/drive_left/drive_right/tv_l/tv_r/av_l/av_r/x/y/theta/t_err: -0.15746 -0.93802 -0.00000 -1.06434 -1.08437 -0.26917 -0.27736 -0.26917 -0.27736 6.16622 -0.63896 181.62082 -0.13154
target: -0.93802 0.00000
target: -0.93802 0.00000
fb: -0.97546 -0.01144 -0.21605 -0.22543
fb: -0.91918 -0.00888 -0.24418 -0.25356
dist/lin/ang/drive_left/drive_right/tv_l/tv_r/av_l/av_r/x/y/theta/t_err: -0.13775 -0.87736 0.00000 -0.91030 -0.92806 -0.24811 -0.26231 -0.24811 -0.26231 5.44273 -0.65879 181.52124 -0.12980
target: -0.87736 0.00000
target: -0.87736 0.00000
fb: -0.94061 -0.00384 -0.17897 -0.18774
fb: -0.99093 -0.01016 -0.15381 -0.16258
dist/lin/ang/drive_left/drive_right/tv_l/tv_r/av_l/av_r/x/y/theta/t_err: -0.11796 -0.81187 0.00000 -0.98077 -1.00108 -0.22311 -0.23033 -0.22311 -0.23033 4.66274 -0.67915 181.45933 -0.12872
target: -0.81187 0.00000
target: -0.81187 0.00000
fb: -0.88807 -0.01392 -0.12067 -0.12879
fb: -0.83574 -0.01534 -0.14683 -0.15495
dist/lin/ang/drive_left/drive_right/tv_l/tv_r/av_l/av_r/x/y/theta/t_err: -0.10129 -0.75232 0.00000 -0.82040 -0.85109 -0.17161 -0.17658 -0.17161 -0.17658 4.00487 -0.69517 181.33032 -0.12647
target: -0.75232 0.00000
target: -0.75232 0.00000
fb: -0.83772 -0.01534 -0.11539 -0.12291
fb: -0.76004 -0.01769 -0.15423 -0.16175
dist/lin/ang/drive_left/drive_right/tv_l/tv_r/av_l/av_r/x/y/theta/t_err: -0.08614 -0.69377 0.00000 -0.74236 -0.77773 -0.15486 -0.16733 -0.15486 -0.16733 3.40655 -0.70837 181.18662 -0.12396
target: -0.69377 0.00000
target: -0.69377 0.00000
fb: -0.75230 -0.01939 -0.10641 -0.11335
fb: -0.68456 -0.01882 -0.14029 -0.14723
dist/lin/ang/drive_left/drive_right/tv_l/tv_r/av_l/av_r/x/y/theta/t_err: -0.07250 -0.63651 0.00000 -0.66573 -0.70338 -0.14253 -0.14956 -0.14253 -0.14956 2.86763 -0.71879 181.01653 -0.12100
target: -0.63651 0.00000
target: -0.63651 0.00000
fb: -0.59541 -0.01818 -0.13565 -0.14201
fb: -0.60291 -0.02031 -0.13190 -0.13826
dist/lin/ang/drive_left/drive_right/tv_l/tv_r/av_l/av_r/x/y/theta/t_err: -0.06050 -0.58145 0.00000 -0.58260 -0.62323 -0.14389 -0.15586 -0.14389 -0.15586 2.39296 -0.72653 180.84821 -0.11806
target: -0.58145 0.00000
target: -0.58145 0.00000
fb: -0.57201 -0.02102 -0.10441 -0.11022
fb: -0.53516 -0.01783 -0.12283 -0.12865
dist/lin/ang/drive_left/drive_right/tv_l/tv_r/av_l/av_r/x/y/theta/t_err: -0.04986 -0.52783 0.00000 -0.51734 -0.55299 -0.12953 -0.13758 -0.12953 -0.13758 1.97161 -0.73211 180.67271 -0.11499
target: -0.52783 0.00000
target: -0.52783 0.00000
fb: -0.50208 -0.01733 -0.09438 -0.09966
fb: -0.48663 -0.01875 -0.10210 -0.10738
dist/lin/ang/drive_left/drive_right/tv_l/tv_r/av_l/av_r/x/y/theta/t_err: -0.04018 -0.47382 0.00000 -0.46788 -0.50539 -0.11483 -0.11669 -0.11483 -0.11669 1.58845 -0.73609 180.51499 -0.11224
target: -0.47382 0.00000
target: -0.47382 0.00000
fb: -0.47295 -0.01754 0.10462 0.09988
fb: -0.41493 -0.01257 -0.08439 -0.08913
dist/lin/ang/drive_left/drive_right/tv_l/tv_r/av_l/av_r/x/y/theta/t_err: -0.03193 -0.42238 0.00000 -0.40236 -0.42751 -0.00172 -0.02822 -0.00172 -0.02822 1.26174 -0.73861 180.37166 -0.10974
target: -0.42238 0.00000
target: -0.42238 0.00000
fb: -0.38783 -0.00888 0.09994 0.09572
fb: -0.34129 -0.00724 -0.08332 -0.08755
dist/lin/ang/drive_left/drive_right/tv_l/tv_r/av_l/av_r/x/y/theta/t_err: -0.02513 -0.37470 0.00000 -0.33405 -0.34854 0.00803 -0.01644 0.00803 -0.01644 0.99301 -0.74017 180.29406 -0.10839
target: -0.37470 0.00000
target: -0.37470 0.00000
fb: -0.29671 -0.01158 0.08317 -0.08058
fb: -0.27530 -0.01002 -0.08754 -0.09128
dist/lin/ang/drive_left/drive_right/tv_l/tv_r/av_l/av_r/x/y/theta/t_err: -0.01965 -0.33137 0.00000 -0.26528 -0.28531 0.00567 -0.09033 0.00567 -0.09033 0.77625 -0.74112 180.20007 -0.10675
target: -0.33137 0.00000
target: -0.33137 0.00000
fb: -0.23646 -0.01392 -0.08491 -0.08822
fb: -0.21897 -0.02827 -0.09365 -0.09696
dist/lin/ang/drive_left/drive_right/tv_l/tv_r/av_l/av_r/x/y/theta/t_err: -0.01533 -0.29264 0.00000 -0.19070 -0.24724 -0.08642 -0.09000 -0.08642 -0.09000 0.60383 -0.74152 180.03602 -0.10388
target: -0.29264 0.00000
target: -0.29264 0.00000
fb: -0.21890 -0.03090 0.08281 -0.08011
fb: -0.22859 -0.02791 0.08766 0.08474
dist/lin/ang/drive_left/drive_right/tv_l/tv_r/av_l/av_r/x/y/theta/t_err: -0.01084 -0.24610 0.00000 -0.20068 -0.25651 0.05306 -0.01369 0.05306 -0.01369 0.42383 -0.74123 179.77678 -0.09936
target: -0.24610 0.00000
target: -0.24610 0.00000
fb: -0.22089 -0.02664 -0.19105 -0.19105
fb: -0.18800 -0.03296 -0.20749 -0.20749
dist/lin/ang/drive_left/drive_right/tv_l/tv_r/av_l/av_r/x/y/theta/t_err: -0.00716 -0.00716 0.00000 -0.15504 -0.22095 -0.15231 -0.16222 -0.15231 -0.16222 0.27581 -0.74036 179.52250 -0.09492
target: -0.00716 0.00000
target: -0.00716 0.00000
fb: -0.12598 -0.02834 -0.08286 -0.08286
fb: -0.09292 -0.01989 -0.08286 -0.08286
dist/lin/ang/drive_left/drive_right/tv_l/tv_r/av_l/av_r/x/y/theta/t_err: -0.00538 -0.00538 0.00000 -0.07303 -0.11281 -0.10336 -0.10419 -0.10336 -0.10419 0.20265 -0.73959 179.29955 -0.09103
target: -0.00538 0.00000
target: -0.00538 0.00000
fb: -0.09474 -0.01449 -0.08215 -0.08215
fb: -0.09876 -0.00710 -0.08215 -0.08215
dist/lin/ang/drive_left/drive_right/tv_l/tv_r/av_l/av_r/x/y/theta/t_err: -0.00343 -0.00343 0.00000 -0.09166 -0.10587 -0.08419 -0.08592 -0.08419 -0.08592 0.12489 -0.73856 179.19722 -0.08924
target: -0.00343 0.00000
target: -0.00343 0.00000
fb: -0.10676 0.00057 -0.08137 -0.08137
fb: -0.11256 0.00852 -0.08137 -0.08137
dist/lin/ang/drive_left/drive_right/tv_l/tv_r/av_l/av_r/x/y/theta/t_err: -0.00117 -0.00117 -0.00000 -0.12108 -0.10404 -0.07853 -0.08008 -0.07853 -0.08008 0.03626 -0.73733 179.22570 -0.08974
target: -0.00117 0.00000
target: -0.00117 0.00000
fb: -0.11436 0.00803 -0.08047 -0.08047
fb: -0.11061 0.00732 -0.08047 -0.08047
dist/lin/ang/drive_left/drive_right/tv_l/tv_r/av_l/av_r/x/y/theta/t_err: 0.00106 0.00106 -0.00000 -0.11792 -0.10329 -0.07786 -0.07597 -0.07786 -0.07597 -0.05082 -0.73620 179.29087 -0.09088
target: 0.00106 0.00000
target: 0.00106 0.00000
fb: -0.09516 0.00788 0.08042 0.08042
fb: -0.08523 0.00696 0.08042 0.08042
dist/lin/ang/drive_left/drive_right/tv_l/tv_r/av_l/av_r/x/y/theta/t_err: 0.00278 0.00278 -0.00000 -0.09219 -0.07827 0.05558 0.05581 0.05558 0.05581 -0.11793 -0.73541 179.35426 -0.09198
target: 0.00278 0.00000
target: 0.00278 0.00000
fb: -0.07948 0.00391 0.08111 0.08111
fb: -0.06997 0.00313 0.08111 0.08111
dist/lin/ang/drive_left/drive_right/tv_l/tv_r/av_l/av_r/x/y/theta/t_err: 0.00419 0.00419 -0.00000 -0.07310 -0.06685 0.07494 0.07428 0.07494 0.07428 -0.17302 -0.73480 179.38329 -0.09249
target: 0.00419 0.00000
target: 0.00419 0.00000
fb: -0.07174 0.00334 0.08168 0.08168
fb: -0.07549 0.00384 0.08168 0.08168
dist/lin/ang/drive_left/drive_right/tv_l/tv_r/av_l/av_r/x/y/theta/t_err: 0.00571 0.00571 -0.00000 -0.07933 -0.07166 0.07597 0.07717 0.07597 0.07717 -0.23246 -0.73418 179.41316 -0.09301
target: 0.00571 0.00000
target: 0.00571 0.00000
fb: -0.07769 0.00000 0.08229 0.08229
fb: -0.05825 -0.00199 0.08229 0.08229
dist/lin/ang/drive_left/drive_right/tv_l/tv_r/av_l/av_r/x/y/theta/t_err: 0.00688 0.00688 0.00000 -0.05626 -0.06023 0.07239 0.07203 0.07239 0.07203 -0.27832 -0.73371 179.40386 -0.09285
target: 0.00688 0.00000
target: 0.00688 0.00000
fb: -0.02139 0.00000 0.08275 0.08275
fb: -0.00396 -0.00241 0.08275 0.08275
dist/lin/ang/drive_left/drive_right/tv_l/tv_r/av_l/av_r/x/y/theta/t_err: 0.00695 0.00695 0.00000 -0.00155 -0.00638 0.07219 0.07133 0.07219 0.07133 -0.28144 -0.73368 179.39269 -0.09265
target: 0.00695 0.00000
target: 0.00695 0.00000
fb: 0.00200 -0.00483 0.08278 0.08278
fb: 0.00202 -0.00639 0.08278 0.08278
dist/lin/ang/drive_left/drive_right/tv_l/tv_r/av_l/av_r/x/y/theta/t_err: 0.00690 0.00690 0.00000 0.00841 -0.00437 0.07272 0.07219 0.07272 0.07219 -0.27985 -0.73369 179.35253 -0.09195
target: 0.00690 0.00000
target: 0.00690 0.00000
fb: 0.00004 -0.00391 0.08276 0.08276
fb: 0.00002 0.00057 0.08276 0.08276
dist/lin/ang/drive_left/drive_right/tv_l/tv_r/av_l/av_r/x/y/theta/t_err: 0.00689 0.00689 0.00000 -0.00055 0.00059 0.07322 0.07325 0.07322 0.07325 -0.27983 -0.73369 179.32788 -0.09152
target: 0.00689 0.00000
target: 0.00689 0.00000
fb: -0.00000 0.00199 0.08276 0.08276
fb: -0.00001 0.00121 0.08276 0.08276
start is 0.00000 0.00000
dist/lin/ang/drive_left/drive_right/tv_l/tv_r/av_l/av_r/x/y/theta/t_err: 0.60960 1.77800 0.00000 0.00000 0.00000 -0.00017 -0.00017 -0.00017 -0.00017 0.00000 -0.00000 -0.00394 0.00007
target: 1.77800 0.00000
target: 1.77800 0.00000
fb: 0.00000 0.00000 1.00000 1.00000
fb: -0.00000 0.00000 1.00000 1.00000
dist/lin/ang/drive_left/drive_right/tv_l/tv_r/av_l/av_r/x/y/theta/t_err: 0.60960 1.77800 0.00000 -0.00000 -0.00000 0.06708 0.11633 0.06708 0.11633 0.00000 -0.00000 -0.00235 0.00004
target: 1.77800 0.00000
target: 1.77800 0.00000
fb: -0.00000 0.00000 1.00000 1.00000
fb: -0.00001 0.00327 1.00000 1.00000
dist/lin/ang/drive_left/drive_right/tv_l/tv_r/av_l/av_r/x/y/theta/t_err: 0.60960 1.77800 0.00000 -0.00327 0.00326 0.48011 0.58400 0.48011 0.58400 -0.00000 -0.00000 0.00391 -0.00007
target: 1.77800 0.00000
target: 1.77800 0.00000
fb: 0.00392 0.01399 1.00000 1.00000
fb: 0.09302 0.01200 1.00000 1.00000
dist/lin/ang/drive_left/drive_right/tv_l/tv_r/av_l/av_r/x/y/theta/t_err: 0.60774 1.77800 0.00000 0.08101 0.10502 0.67861 0.69008 0.67861 0.69008 0.07324 0.00011 0.11611 -0.00203
target: 1.77800 0.00000
target: 1.77800 0.00000
fb: 0.20537 -0.00128 1.00000 1.00000
fb: 0.31798 -0.00604 1.00000 1.00000
dist/lin/ang/drive_left/drive_right/tv_l/tv_r/av_l/av_r/x/y/theta/t_err: 0.60138 1.77800 0.00000 0.32402 0.31195 0.59425 0.67569 0.59425 0.67569 0.32362 0.00062 0.10175 -0.00180
target: 1.77800 0.00000
target: 1.77800 0.00000
fb: 0.38994 -0.00327 1.00000 1.00000
fb: 0.39962 0.00348 1.00000 1.00000
dist/lin/ang/drive_left/drive_right/tv_l/tv_r/av_l/av_r/x/y/theta/t_err: 0.59339 1.77800 0.00000 0.39614 0.40310 0.68083 0.72908 0.68083 0.72908 0.63828 0.00112 0.09385 -0.00169
target: 1.77800 0.00000
target: 1.77800 0.00000
fb: 0.44018 0.00724 1.00000 1.00000
fb: 0.47304 0.00916 1.00000 1.00000
dist/lin/ang/drive_left/drive_right/tv_l/tv_r/av_l/av_r/x/y/theta/t_err: 0.58393 1.77800 0.00000 0.46387 0.48220 0.74142 0.74500 0.74142 0.74500 1.01075 0.00193 0.15781 -0.00284
target: 1.77800 0.00000
target: 1.77800 0.00000
fb: 0.53526 0.00668 1.00000 1.00000
fb: 0.56043 0.00533 1.00000 1.00000
dist/lin/ang/drive_left/drive_right/tv_l/tv_r/av_l/av_r/x/y/theta/t_err: 0.57272 1.77800 0.00000 0.55510 0.56576 0.74328 0.74211 0.74328 0.74211 1.45203 0.00336 0.20939 -0.00380
target: 1.77800 0.00000
target: 1.77800 0.00000
fb: 0.55648 0.00263 1.00000 1.00000
fb: 0.66154 -0.00284 1.00000 1.00000
dist/lin/ang/drive_left/drive_right/tv_l/tv_r/av_l/av_r/x/y/theta/t_err: 0.55949 1.76817 0.00000 0.66438 0.65870 0.75319 0.74211 0.75319 0.74211 1.97292 0.00531 0.21004 -0.00391
target: 1.76817 0.00000
target: 1.76817 0.00000
fb: 0.68672 -0.00597 1.00000 1.00000
fb: 0.72912 -0.00930 1.00000 1.00000
dist/lin/ang/drive_left/drive_right/tv_l/tv_r/av_l/av_r/x/y/theta/t_err: 0.54491 1.74497 0.00000 0.73843 0.71982 0.76486 0.76522 0.76486 0.76522 2.54703 0.00707 0.14008 -0.00277
target: 1.74497 0.00000
target: 1.74497 0.00000
fb: 0.82623 -0.01065 1.00000 1.00000
fb: 0.81653 -0.01144 1.00000 1.00000
dist/lin/ang/drive_left/drive_right/tv_l/tv_r/av_l/av_r/x/y/theta/t_err: 0.52857 1.71863 0.00000 0.82796 0.80509 0.76881 0.77100 0.76881 0.77100 3.18997 0.00807 0.03904 -0.00107
target: 1.71863 0.00000
target: 1.71863 0.00000
fb: 0.88450 -0.01463 1.00000 1.00000
fb: 0.94853 -0.02223 1.00000 1.00000
dist/lin/ang/drive_left/drive_right/tv_l/tv_r/av_l/av_r/x/y/theta/t_err: 0.50960 1.68750 0.00000 0.97077 0.92630 0.78147 0.78661 0.78147 0.78661 3.93684 0.00765 -0.11895 0.00169
target: 1.68750 0.00000
target: 1.68750 0.00000
fb: 0.97945 -0.02003 1.00000 1.00000
fb: 1.08823 -0.01875 1.00000 1.00000
dist/lin/ang/drive_left/drive_right/tv_l/tv_r/av_l/av_r/x/y/theta/t_err: 0.48784 1.65108 0.00000 1.10698 1.06947 0.80439 0.80489 0.80439 0.80489 4.79371 0.00450 -0.29304 0.00488
target: 1.65108 0.00000
target: 1.65108 0.00000
fb: 1.02995 -0.01556 0.98613 1.00000
fb: 1.08024 -0.01470 0.96098 0.97749
dist/lin/ang/drive_left/drive_right/tv_l/tv_r/av_l/av_r/x/y/theta/t_err: 0.46624 1.61410 0.00000 1.09494 1.06554 0.70789 0.82372 0.70789 0.82372 5.64427 -0.00090 -0.41943 0.00737
target: 1.61410 0.00000
target: 1.61410 0.00000
fb: 1.13474 -0.01683 0.89579 0.91193
fb: 1.15217 -0.00852 0.88707 0.90321
dist/lin/ang/drive_left/drive_right/tv_l/tv_r/av_l/av_r/x/y/theta/t_err: 0.44319 1.57371 0.00000 1.16069 1.14364 0.68544 0.73594 0.68544 0.73594 6.55146 -0.00859 -0.53568 0.00984
target: 1.57371 0.00000
target: 1.57371 0.00000
fb: 1.24703 -0.00987 0.78548 0.80122
fb: 1.12102 -0.00724 0.84849 0.86422
dist/lin/ang/drive_left/drive_right/tv_l/tv_r/av_l/av_r/x/y/theta/t_err: 0.42077 1.53339 0.00000 1.12827 1.11378 0.70667 0.70119 0.70667 0.70119 7.43411 -0.01747 -0.61813 0.01184
target: 1.53339 0.00000
target: 1.53339 0.00000
fb: 1.11530 -0.01350 0.81297 0.82830
fb: 1.20645 -0.01335 0.76739 0.78273
dist/lin/ang/drive_left/drive_right/tv_l/tv_r/av_l/av_r/x/y/theta/t_err: 0.39665 1.48878 0.00000 1.21980 1.19309 0.71042 0.72619 0.71042 0.72619 8.38400 -0.02866 -0.73236 0.01462
target: 1.48878 0.00000
target: 1.48878 0.00000
fb: 1.23359 -0.01222 0.69169 0.70657
fb: 1.30928 -0.01328 0.65384 0.66873
dist/lin/ang/drive_left/drive_right/tv_l/tv_r/av_l/av_r/x/y/theta/t_err: 0.37047 1.43880 0.00000 1.32256 1.29599 0.71267 0.70222 0.71267 0.70222 9.41483 -0.04294 -0.85024 0.01778
target: 1.43880 0.00000
target: 1.43880 0.00000
fb: 1.35362 -0.01108 0.55955 0.57394
fb: 1.25676 -0.01378 0.60799 0.62238
dist/lin/ang/drive_left/drive_right/tv_l/tv_r/av_l/av_r/x/y/theta/t_err: 0.34533 1.38915 0.00000 1.27053 1.24298 0.64558 0.63553 0.64558 0.63553 10.40427 -0.05855 -0.96308 0.02112
target: 1.38915 0.00000
target: 1.38915 0.00000
fb: 1.33242 -0.00838 0.52391 0.53780
fb: 1.33239 -0.00639 0.52393 0.53782
dist/lin/ang/drive_left/drive_right/tv_l/tv_r/av_l/av_r/x/y/theta/t_err: 0.31869 1.33449 0.00000 1.33878 1.32600 0.58503 0.58569 0.58503 0.58569 11.45324 -0.07675 -1.01988 0.02392
target: 1.33449 0.00000
target: 1.33449 0.00000
fb: 1.28980 -0.00753 0.47025 0.48359
fb: 1.36350 -0.00639 0.43339 0.44674
dist/lin/ang/drive_left/drive_right/tv_l/tv_r/av_l/av_r/x/y/theta/t_err: 0.29143 1.27614 0.00000 1.36989 1.35711 0.52667 0.52411 0.52667 0.52411 12.52669 -0.09635 -1.07405 0.02714
target: 1.27614 0.00000
target: 1.27614 0.00000
fb: 1.27039 -0.00788 0.40731 0.42007
fb: 1.23731 -0.01193 0.42385 0.43661
dist/lin/ang/drive_left/drive_right/tv_l/tv_r/av_l/av_r/x/y/theta/t_err: 0.26670 1.22078 0.00000 1.24924 1.22538 0.46217 0.45994 0.46217 0.45994 13.50076 -0.11524 -1.15405 0.03112
target: 1.22078 0.00000
target: 1.22078 0.00000
fb: 1.25873 -0.01080 0.37347 0.38568
fb: 1.28410 -0.01065 0.36079 0.37300
dist/lin/ang/drive_left/drive_right/tv_l/tv_r/av_l/av_r/x/y/theta/t_err: 0.24103 1.16055 0.00000 1.29476 1.27345 0.41189 0.42725 0.41189 0.42725 14.51164 -0.13648 -1.24930 0.03619
target: 1.16055 0.00000
target: 1.16055 0.00000
fb: 1.25098 -0.00497 0.29760 0.30920
fb: 1.30895 0.00810 0.26861 0.28022
dist/lin/ang/drive_left/drive_right/tv_l/tv_r/av_l/av_r/x/y/theta/t_err: 0.21487 1.09576 0.00000 1.30085 1.31704 0.41050 0.39356 0.41050 0.39356 15.54206 -0.15915 -1.24514 0.04055
target: 1.09576 0.00000
target: 1.09576 0.00000
fb: 1.31882 0.00575 0.18098 0.19193
fb: 1.08802 0.00533 0.29638 0.30734
dist/lin/ang/drive_left/drive_right/tv_l/tv_r/av_l/av_r/x/y/theta/t_err: 0.19313 1.03885 0.00000 1.08269 1.09335 0.34411 0.33106 0.34411 0.33106 16.39858 -0.17733 -1.18911 0.04408
target: 1.03885 0.00000
target: 1.03885 0.00000
fb: 1.08008 0.00859 0.28114 0.29153
fb: 1.14999 0.02003 0.24619 0.25658
dist/lin/ang/drive_left/drive_right/tv_l/tv_r/av_l/av_r/x/y/theta/t_err: 0.17015 0.97510 0.00000 1.12996 1.17002 0.30372 0.30528 0.30372 0.30528 17.30390 -0.19548 -1.08625 0.04814
target: 0.97510 0.00000
target: 0.97510 0.00000
fb: 1.07425 0.01911 0.19210 0.20186
fb: 1.01996 0.01556 0.21925 0.22900
dist/lin/ang/drive_left/drive_right/tv_l/tv_r/av_l/av_r/x/y/theta/t_err: 0.14958 0.91425 0.00000 1.00441 1.03552 0.28711 0.28814 0.28711 0.28814 18.10689 -0.20953 -0.92436 0.04532
target: 0.91425 0.00000
target: 0.91425 0.00000
fb: 1.06456 0.01399 0.15157 0.16072
fb: 1.00060 0.00582 0.18355 0.19270
dist/lin/ang/drive_left/drive_right/tv_l/tv_r/av_l/av_r/x/y/theta/t_err: 0.12958 0.85094 0.00000 0.99477 1.00642 0.24553 0.24383 0.24553 0.24383 18.89467 -0.22146 -0.81792 0.04346
target: 0.85094 0.00000
target: 0.85094 0.00000
fb: 0.91745 0.00220 0.15330 0.16181
fb: 0.90755 0.00163 0.15825 0.16676
dist/lin/ang/drive_left/drive_right/tv_l/tv_r/av_l/av_r/x/y/theta/t_err: 0.11143 0.78911 0.00000 0.90591 0.90918 0.20772 0.21369 0.20772 0.21369 19.60921 -0.23147 -0.79009 0.04297
target: 0.78911 0.00000
target: 0.78911 0.00000
fb: 0.83584 0.00000 0.14138 0.14927
fb: 0.79326 0.00000 0.16267 0.17056
dist/lin/ang/drive_left/drive_right/tv_l/tv_r/av_l/av_r/x/y/theta/t_err: 0.09557 0.73078 0.00000 0.79326 0.79326 0.18683 0.18444 0.18683 0.18444 20.23377 -0.24004 -0.78305 0.04285
target: 0.73078 0.00000
target: 0.73078 0.00000
fb: 0.71360 0.00256 0.16228 0.16959
fb: 0.73699 -0.00071 0.15059 0.15790
dist/lin/ang/drive_left/drive_right/tv_l/tv_r/av_l/av_r/x/y/theta/t_err: 0.08083 0.67208 0.00000 0.73770 0.73628 0.18156 0.17983 0.18156 0.17983 20.81402 -0.24787 -0.76668 0.04257
target: 0.67208 0.00000
target: 0.67208 0.00000
fb: 0.71362 -0.00398 0.10422 0.11094
fb: 0.61676 -0.00085 0.15265 0.15937
dist/lin/ang/drive_left/drive_right/tv_l/tv_r/av_l/av_r/x/y/theta/t_err: 0.06850 0.61867 0.00000 0.61761 0.61590 0.15914 0.15158 0.15914 0.15158 21.29961 -0.25444 -0.78152 0.04283
target: 0.61867 0.00000
target: 0.61867 0.00000
fb: 0.63043 0.00000 0.11836 0.12455
fb: 0.60306 -0.00057 0.13205 0.13823
dist/lin/ang/drive_left/drive_right/tv_l/tv_r/av_l/av_r/x/y/theta/t_err: 0.05643 0.56157 0.00000 0.60363 0.60249 0.15383 0.15844 0.15383 0.15844 21.77442 -0.26090 -0.77739 0.04275
target: 0.56157 0.00000
target: 0.56157 0.00000
fb: 0.51589 0.00241 0.10419 0.10981
fb: 0.52161 0.00469 0.10134 0.10695
dist/lin/ang/drive_left/drive_right/tv_l/tv_r/av_l/av_r/x/y/theta/t_err: 0.04601 0.50703 0.00000 0.51692 0.52630 0.13672 0.14011 0.13672 0.14011 22.18510 -0.26638 -0.74762 0.04223
target: 0.50703 0.00000
target: 0.50703 0.00000
fb: 0.51189 0.00526 -0.09459 -0.08952
fb: 0.45783 0.00071 0.09244 0.09751
dist/lin/ang/drive_left/drive_right/tv_l/tv_r/av_l/av_r/x/y/theta/t_err: 0.03685 0.45381 0.00000 0.45712 0.45854 0.06619 0.06914 0.06619 0.06914 22.54557 -0.27094 -0.70951 0.04157
target: 0.45381 0.00000
target: 0.45381 0.00000
fb: 0.44616 0.00099 -0.10693 -0.10239
fb: 0.37797 0.00185 0.08716 0.09170
dist/lin/ang/drive_left/drive_right/tv_l/tv_r/av_l/av_r/x/y/theta/t_err: 0.02930 0.40462 0.00000 0.37613 0.37982 0.02636 0.02669 0.02636 0.02669 22.84316 -0.27460 -0.69183 0.04126
target: 0.40462 0.00000
target: 0.40462 0.00000
fb: 0.32369 0.00142 0.08521 0.08926
fb: 0.27162 0.00000 0.11125 0.11529
dist/lin/ang/drive_left/drive_right/tv_l/tv_r/av_l/av_r/x/y/theta/t_err: 0.02387 0.36520 0.00000 0.27162 0.27162 0.07975 0.07086 0.07975 0.07086 23.05702 -0.27715 -0.67729 0.04101
target: 0.36520 0.00000
target: 0.36520 0.00000
fb: 0.23279 -0.00234 0.13680 0.14045
fb: 0.25201 -0.00540 0.12719 0.13084
dist/lin/ang/drive_left/drive_right/tv_l/tv_r/av_l/av_r/x/y/theta/t_err: 0.01882 0.32432 0.00000 0.25741 0.24661 0.11600 0.11325 0.11600 0.11325 23.25544 -0.27953 -0.69994 0.04140
target: 0.32432 0.00000
target: 0.32432 0.00000
fb: 0.26372 -0.00625 -0.08443 -0.08118
fb: 0.25999 -0.00987 -0.08256 0.08068
dist/lin/ang/drive_left/drive_right/tv_l/tv_r/av_l/av_r/x/y/theta/t_err: 0.01362 0.27584 0.00000 0.26986 0.25012 0.04108 0.07767 0.04108 0.07767 23.46014 -0.28212 -0.75910 0.04243
target: 0.27584 0.00000
target: 0.27584 0.00000
fb: 0.25228 -0.00746 -0.15951 -0.15675
fb: 0.20766 0.00554 -0.13720 -0.13445
dist/lin/ang/drive_left/drive_right/tv_l/tv_r/av_l/av_r/x/y/theta/t_err: 0.00946 0.22992 0.00000 0.20212 0.21320 -0.09481 0.00189 -0.09481 0.00189 23.62364 -0.28435 -0.78335 0.04286
target: 0.22992 0.00000
target: 0.22992 0.00000
fb: 0.14536 0.01385 0.21425 0.21425
fb: 0.09874 0.01627 0.23756 0.23756
dist/lin/ang/drive_left/drive_right/tv_l/tv_r/av_l/av_r/x/y/theta/t_err: 0.00750 0.00750 0.00000 0.08248 0.11501 -0.01386 -0.04586 -0.01386 -0.04586 23.70138 -0.28534 -0.65500 0.04062
target: 0.00750 0.00000
target: 0.00750 0.00000
fb: 0.05614 0.01413 0.08300 0.08300
fb: 0.05617 0.01002 0.08300 0.08300
dist/lin/ang/drive_left/drive_right/tv_l/tv_r/av_l/av_r/x/y/theta/t_err: 0.00639 0.00639 0.00000 0.04615 0.06618 0.15228 0.16103 0.15228 0.16103 23.74561 -0.28579 -0.54068 0.03862
target: 0.00639 0.00000
target: 0.00639 0.00000
fb: 0.07937 0.00604 0.08256 0.08256
fb: 0.08911 0.00170 0.08256 0.08256
dist/lin/ang/drive_left/drive_right/tv_l/tv_r/av_l/av_r/x/y/theta/t_err: 0.00462 0.00462 0.00000 0.08740 0.09081 0.09189 0.09322 0.09189 0.09322 23.81577 -0.28642 -0.49922 0.03790
target: 0.00462 0.00000
target: 0.00462 0.00000
fb: 0.08740 -0.01129 0.08185 0.08185
fb: 0.06607 -0.01627 0.08185 0.08185
dist/lin/ang/drive_left/drive_right/tv_l/tv_r/av_l/av_r/x/y/theta/t_err: 0.00328 0.00328 0.00000 0.08234 0.04980 0.07597 0.08025 0.07597 0.08025 23.86779 -0.28691 -0.60351 0.03972
target: 0.00328 0.00000
target: 0.00328 0.00000
fb: 0.05440 -0.01314 0.08131 0.08131
fb: 0.05239 -0.00980 0.08131 0.08131
dist/lin/ang/drive_left/drive_right/tv_l/tv_r/av_l/av_r/x/y/theta/t_err: 0.00222 0.00222 0.00000 0.06219 0.04259 0.07408 0.07358 0.07408 0.07358 23.90904 -0.28738 -0.71127 0.04160
target: 0.00222 0.00000
target: 0.00222 0.00000
fb: 0.04090 -0.00916 0.08089 0.08089
fb: 0.04089 -0.00831 0.08089 0.08089
dist/lin/ang/drive_left/drive_right/tv_l/tv_r/av_l/av_r/x/y/theta/t_err: 0.00139 0.00139 0.00000 0.04920 0.03258 0.07392 0.07308 0.07392 0.07308 23.94123 -0.28781 -0.78821 0.04294
target: 0.00139 0.00000
target: 0.00139 0.00000
fb: 0.05434 -0.00703 0.08056 0.08056
fb: 0.06603 -0.00632 0.08056 0.08056
dist/lin/ang/drive_left/drive_right/tv_l/tv_r/av_l/av_r/x/y/theta/t_err: 0.00006 0.00006 0.00000 0.07235 0.05971 0.07511 0.07322 0.07511 0.07322 23.99322 -0.28855 -0.84740 0.04398
target: 0.00006 0.00000
target: 0.00006 0.00000
fb: 0.07375 -0.00575 0.08003 0.08003
fb: 0.06579 -0.00220 0.08003 0.08003
dist/lin/ang/drive_left/drive_right/tv_l/tv_r/av_l/av_r/x/y/theta/t_err: -0.00126 -0.00126 0.00000 0.06799 0.06359 0.07511 0.07411 0.07511 0.07411 24.04502 -0.28934 -0.88576 0.04464
target: -0.00126 0.00000
target: -0.00126 0.00000
fb: 0.06400 0.00156 -0.08050 -0.08050
fb: 0.06597 0.00178 -0.08050 -0.08050
dist/lin/ang/drive_left/drive_right/tv_l/tv_r/av_l/av_r/x/y/theta/t_err: -0.00258 -0.00258 0.00000 0.06419 0.06774 0.02703 0.02411 0.02703 0.02411 24.09695 -0.29014 -0.87573 0.04447
target: -0.00258 0.00000
target: -0.00258 0.00000
fb: 0.05626 0.00142 -0.08103 -0.08103
fb: 0.04853 0.00128 -0.08103 -0.08103
dist/lin/ang/drive_left/drive_right/tv_l/tv_r/av_l/av_r/x/y/theta/t_err: -0.00354 -0.00354 0.00000 0.04725 0.04981 -0.06878 -0.06844 -0.06878 -0.06844 24.13516 -0.29072 -0.85969 0.04419
target: -0.00354 0.00000
target: -0.00354 0.00000
fb: 0.04257 0.00099 -0.08142 -0.08142
fb: 0.03883 0.00000 -0.08142 -0.08142
dist/lin/ang/drive_left/drive_right/tv_l/tv_r/av_l/av_r/x/y/theta/t_err: -0.00432 -0.00432 0.00000 0.03883 0.03883 -0.07647 -0.07614 -0.07647 -0.07614 24.16573 -0.29117 -0.85214 0.04406
target: -0.00432 0.00000
target: -0.00432 0.00000
fb: 0.04457 -0.00078 -0.08173 -0.08173
fb: 0.03487 -0.00227 -0.08173 -0.08173
dist/lin/ang/drive_left/drive_right/tv_l/tv_r/av_l/av_r/x/y/theta/t_err: -0.00502 -0.00502 0.00000 0.03714 0.03260 -0.07550 -0.07425 -0.07550 -0.07425 24.19319 -0.29158 -0.85987 0.04419
target: -0.00502 0.00000
target: -0.00502 0.00000
fb: 0.01369 -0.00206 -0.08201 -0.08201
fb: 0.00398 0.00071 -0.08201 -0.08201
final error: 0.35155, x: -0.19632, y: 0.29163
final local error: 0.35155, forwards: -0.20069, sideways: 0.28864
position: 24.19632 -0.29163 -0.86371
took 1.06000 time to finish turn
dist/lin/ang/drive_left/drive_right/tv_l/tv_r/av_l/av_r/x/y/theta/t_err: -0.60986 -1.77800 0.00000 0.00000 0.00000 -0.00000 -0.00000 -0.00000 -0.00000 24.00858 -0.28826 178.81751 0.00863
target: -1.77800 0.00000
target: -1.77800 0.00000
fb: -0.00000 0.00000 -1.00000 -1.00000
fb: -0.00000 0.00000 -1.00000 -1.00000
dist/lin/ang/drive_left/drive_right/tv_l/tv_r/av_l/av_r/x/y/theta/t_err: -0.60986 -1.77800 0.00000 -0.00000 -0.00000 -0.06589 -0.10353 -0.06589 -0.10353 24.00858 -0.28826 178.81811 0.00862
target: -1.77800 0.00000
target: -1.77800 0.00000
fb: -0.00000 0.00000 -1.00000 -1.00000
fb: -0.00000 0.00000 -1.00000 -1.00000
dist/lin/ang/drive_left/drive_right/tv_l/tv_r/av_l/av_r/x/y/theta/t_err: -0.60986 -1.77800 0.00000 -0.00000 -0.00000 -0.48475 -0.54089 -0.48475 -0.54089 24.00857 -0.28826 178.82229 0.00855
target: -1.77800 0.00000
target: -1.77800 0.00000
fb: -0.03287 -0.00511 -1.00000 -1.00000
fb: -0.11027 -0.01350 -1.00000 -1.00000
dist/lin/ang/drive_left/drive_right/tv_l/tv_r/av_l/av_r/x/y/theta/t_err: -0.60766 -1.77800 0.00000 -0.09678 -0.12377 -0.67261 -0.69536 -0.67261 -0.69536 23.92176 -0.28643 178.75965 0.00968
target: -1.77800 0.00000
target: -1.77800 0.00000
fb: -0.20930 -0.01918 -1.00000 -1.00000
fb: -0.32379 -0.01946 -1.00000 -1.00000
dist/lin/ang/drive_left/drive_right/tv_l/tv_r/av_l/av_r/x/y/theta/t_err: -0.60118 -1.77800 0.00000 -0.30433 -0.34325 -0.67228 -0.58622 -0.67228 -0.58622 23.66688 -0.28055 178.60298 0.01253
target: -1.77800 0.00000
target: -1.77800 0.00000
fb: -0.36265 -0.00455 -1.00000 -1.00000
fb: -0.39364 0.00582 -1.00000 -1.00000
dist/lin/ang/drive_left/drive_right/tv_l/tv_r/av_l/av_r/x/y/theta/t_err: -0.59331 -1.77800 0.00000 -0.39946 -0.38782 -0.64028 -0.63394 -0.64028 -0.63394 23.35702 -0.27286 178.58414 0.01303
target: -1.77800 0.00000
target: -1.77800 0.00000
fb: -0.44223 0.00142 -1.00000 -1.00000
fb: -0.51217 0.00000 -1.00000 -1.00000
dist/lin/ang/drive_left/drive_right/tv_l/tv_r/av_l/av_r/x/y/theta/t_err: -0.58307 -1.77800 0.00000 -0.51217 -0.51217 -0.69333 -0.70567 -0.69333 -0.70567 22.95386 -0.26299 178.60576 0.01288
target: -1.77800 0.00000
target: -1.77800 0.00000
fb: -0.57594 0.00320 -1.00000 -1.00000
fb: -0.59935 0.00803 -1.00000 -1.00000
dist/lin/ang/drive_left/drive_right/tv_l/tv_r/av_l/av_r/x/y/theta/t_err: -0.57108 -1.77800 0.00000 -0.60738 -0.59133 -0.70258 -0.71781 -0.70258 -0.71781 22.48206 -0.25167 178.65338 0.01231
target: -1.77800 0.00000
target: -1.77800 0.00000
fb: -0.67881 0.00746 -1.00000 -1.00000
fb: -0.73110 0.00462 -1.00000 -1.00000
dist/lin/ang/drive_left/drive_right/tv_l/tv_r/av_l/av_r/x/y/theta/t_err: -0.55646 -1.76338 0.00000 -0.73571 -0.72648 -0.72172 -0.74397 -0.72172 -0.74397 21.90655 -0.23846 178.71353 0.01157
target: -1.76338 0.00000
target: -1.76338 0.00000
fb: -0.71188 0.00128 -1.00000 -1.00000
fb: -0.79328 -0.00156 -1.00000 -1.00000
dist/lin/ang/drive_left/drive_right/tv_l/tv_r/av_l/av_r/x/y/theta/t_err: -0.54059 -1.73806 0.00000 -0.79171 -0.79484 -0.75011 -0.75839 -0.75011 -0.75839 21.28208 -0.22451 178.71887 0.01181
target: -1.73806 0.00000
target: -1.73806 0.00000
fb: -0.82989 0.00000 -1.00000 -1.00000
fb: -0.85528 0.00000 -1.00000 -1.00000
dist/lin/ang/drive_left/drive_right/tv_l/tv_r/av_l/av_r/x/y/theta/t_err: -0.52349 -1.71034 0.00000 -0.85528 -0.85528 -0.76006 -0.76469 -0.76006 -0.76469 20.60880 -0.20944 178.71916 0.01219
target: -1.71034 0.00000
target: -1.71034 0.00000
fb: -0.96011 0.00618 -1.00000 -1.00000
fb: -0.94447 0.00938 -1.00000 -1.00000
dist/lin/ang/drive_left/drive_right/tv_l/tv_r/av_l/av_r/x/y/theta/t_err: -0.50460 -1.67920 0.00000 -0.95385 -0.93510 -0.76778 -0.77083 -0.76778 -0.77083 19.86530 -0.19311 178.77519 0.01166
target: -1.67920 0.00000
target: -1.67920 0.00000
fb: -0.99699 0.00341 -1.00000 -1.00000
fb: -1.07641 0.00341 -1.00000 -1.00000
dist/lin/ang/drive_left/drive_right/tv_l/tv_r/av_l/av_r/x/y/theta/t_err: -0.48308 -1.64299 0.00000 -1.07982 -1.07300 -0.79342 -0.79806 -0.79342 -0.79806 19.01792 -0.17533 178.81691 0.01143
target: -1.64299 0.00000
target: -1.64299 0.00000
fb: -1.07441 -0.00057 -0.95713 -0.97356
fb: -1.11699 0.00185 -0.93584 -0.95227
dist/lin/ang/drive_left/drive_right/tv_l/tv_r/av_l/av_r/x/y/theta/t_err: -0.46074 -1.60456 0.00000 -1.11884 -1.11515 -0.74344 -0.74481 -0.74344 -0.74481 18.13858 -0.15728 178.83394 0.01168
target: -1.60456 0.00000
target: -1.60456 0.00000
fb: -1.17904 0.01279 -0.85789 -0.87393
fb: -1.18329 0.01825 -0.85576 -0.87181
dist/lin/ang/drive_left/drive_right/tv_l/tv_r/av_l/av_r/x/y/theta/t_err: -0.43707 -1.56281 0.00000 -1.20154 -1.16504 -0.67861 -0.73681 -0.67861 -0.73681 17.20703 -0.13924 178.96346 0.01000
target: -1.56281 0.00000
target: -1.56281 0.00000
fb: -1.16591 0.02443 -0.80947 -0.82510
fb: -1.15398 0.01470 -0.81543 -0.83106
dist/lin/ang/drive_left/drive_right/tv_l/tv_r/av_l/av_r/x/y/theta/t_err: -0.41399 -1.52099 0.00000 -1.16869 -1.13928 -0.66236 -0.74606 -0.66236 -0.74606 16.29851 -0.12432 179.13977 0.00739
target: -1.52099 0.00000
target: -1.52099 0.00000
fb: -1.19475 0.00895 -0.75458 -0.76979
fb: -1.22980 0.00803 -0.73705 -0.75226
dist/lin/ang/drive_left/drive_right/tv_l/tv_r/av_l/av_r/x/y/theta/t_err: -0.38940 -1.47511 0.00000 -1.23783 -1.22178 -0.69094 -0.74742 -0.69094 -0.74742 15.33026 -0.11047 179.21768 0.00645
target: -1.47511 0.00000
target: -1.47511 0.00000
fb: -1.21215 0.00923 -0.68361 -0.69836
fb: -1.26246 0.00696 -0.65845 -0.67320
dist/lin/ang/drive_left/drive_right/tv_l/tv_r/av_l/av_r/x/y/theta/t_err: -0.36415 -1.42649 0.00000 -1.26942 -1.25550 -0.70225 -0.72039 -0.70225 -0.72039 14.33628 -0.09760 179.29439 0.00551
target: -1.42649 0.00000
target: -1.42649 0.00000
fb: -1.34785 0.00689 -0.55669 -0.57096
fb: -1.30327 0.00831 -0.57898 -0.59325
dist/lin/ang/drive_left/drive_right/tv_l/tv_r/av_l/av_r/x/y/theta/t_err: -0.33808 -1.37449 0.00000 -1.31158 -1.29496 -0.62575 -0.65997 -0.62575 -0.65997 13.31015 -0.08555 179.36040 0.00474
target: -1.37449 0.00000
target: -1.37449 0.00000
fb: -1.26466 0.00810 -0.53318 -0.54692
fb: -1.27039 0.00568 -0.53031 -0.54406
dist/lin/ang/drive_left/drive_right/tv_l/tv_r/av_l/av_r/x/y/theta/t_err: -0.31268 -1.32183 0.00000 -1.27607 -1.26470 -0.56019 -0.58331 -0.56019 -0.58331 12.30990 -0.07493 179.41781 0.00407
target: -1.32183 0.00000
target: -1.32183 0.00000
fb: -1.29929 0.00746 -0.46236 -0.47558
fb: -1.20441 0.00895 -0.50980 -0.52302
dist/lin/ang/drive_left/drive_right/tv_l/tv_r/av_l/av_r/x/y/theta/t_err: -0.28859 -1.26990 0.00000 -1.21336 -1.19546 -0.52019 -0.53250 -0.52019 -0.53250 11.36159 -0.06573 179.47566 0.00337
target: -1.26990 0.00000
target: -1.26990 0.00000
fb: -1.24128 0.01335 -0.44475 -0.45745
fb: -1.35780 0.01257 -0.38649 -0.39919
dist/lin/ang/drive_left/drive_right/tv_l/tv_r/av_l/av_r/x/y/theta/t_err: -0.26143 -1.20867 0.00000 -1.37038 -1.34523 -0.48083 -0.50189 -0.48083 -0.50189 10.29249 -0.05683 179.57392 0.00192
target: -1.20867 0.00000
target: -1.20867 0.00000
fb: -1.28013 0.01037 -0.32475 -0.33684
fb: -1.27416 0.00923 -0.32774 -0.33983
dist/lin/ang/drive_left/drive_right/tv_l/tv_r/av_l/av_r/x/y/theta/t_err: -0.23595 -1.14825 0.00000 -1.28339 -1.26493 -0.41392 -0.42742 -0.41392 -0.42742 9.28924 -0.05011 179.65532 0.00062
target: -1.14825 0.00000
target: -1.14825 0.00000
fb: -1.24326 0.00867 -0.28882 -0.30030
fb: -1.23156 0.00902 -0.29466 -0.30615
dist/lin/ang/drive_left/drive_right/tv_l/tv_r/av_l/av_r/x/y/theta/t_err: -0.21132 -1.08667 0.00000 -1.24058 -1.22254 -0.35317 -0.36136 -0.35317 -0.36136 8.31952 -0.04487 179.72639 -0.00062
target: -1.08667 0.00000
target: -1.08667 0.00000
fb: -1.26067 0.00156 -0.21573 -0.22660
fb: -1.19465 -0.00249 -0.24874 -0.25961
dist/lin/ang/drive_left/drive_right/tv_l/tv_r/av_l/av_r/x/y/theta/t_err: -0.18743 -1.02339 0.00000 -1.19217 -1.19714 -0.33881 -0.34839 -0.33881 -0.34839 7.37886 -0.04049 179.73005 -0.00078
target: -1.02339 0.00000
target: -1.02339 0.00000
fb: -1.09179 -0.00497 -0.23182 -0.24206
fb: -1.05118 -0.00384 -0.25213 -0.26236
dist/lin/ang/drive_left/drive_right/tv_l/tv_r/av_l/av_r/x/y/theta/t_err: -0.16640 -0.96429 0.00000 -1.04735 -1.05502 -0.29447 -0.31331 -0.29447 -0.31331 6.55116 -0.03627 179.68753 -0.00008
target: -0.96429 0.00000
target: -0.96429 0.00000
fb: -1.03573 -0.00824 -0.22189 -0.23153
fb: -0.95980 -0.00923 -0.25985 -0.26949
dist/lin/ang/drive_left/drive_right/tv_l/tv_r/av_l/av_r/x/y/theta/t_err: -0.14721 -0.90697 0.00000 -0.95057 -0.96903 -0.27531 -0.28714 -0.27531 -0.28714 5.79543 -0.03168 179.60933 0.00128
target: -0.90697 0.00000
target: -0.90697 0.00000
fb: -0.90949 -0.00639 -0.23798 -0.24705
fb: -0.97945 -0.00597 -0.20300 -0.21207
dist/lin/ang/drive_left/drive_right/tv_l/tv_r/av_l/av_r/x/y/theta/t_err: -0.12762 -0.84447 0.00000 -0.97349 -0.98542 -0.26300 -0.27772 -0.26300 -0.27772 5.02423 -0.02597 179.54778 0.00236
target: -0.84447 0.00000
target: -0.84447 0.00000
fb: -0.97149 -0.01399 -0.12369 -0.13213
fb: -0.89575 -0.02060 -0.16156 -0.17000
dist/lin/ang/drive_left/drive_right/tv_l/tv_r/av_l/av_r/x/y/theta/t_err: -0.10970 -0.78295 0.00000 -0.87516 -0.91635 -0.21731 -0.23989 -0.21731 -0.23989 4.31894 -0.01966 179.40905 0.00478
target: -0.78295 0.00000
target: -0.78295 0.00000
fb: -0.85886 -0.02287 -0.12536 -0.13319
fb: -0.81250 -0.02557 -0.14854 -0.15637
dist/lin/ang/drive_left/drive_right/tv_l/tv_r/av_l/av_r/x/y/theta/t_err: -0.09345 -0.72262 0.00000 -0.78693 -0.83807 -0.17794 -0.19147 -0.17794 -0.19147 3.67922 -0.01196 179.20100 0.00841
target: -0.72262 0.00000
target: -0.72262 0.00000
fb: -0.79703 -0.02905 -0.10374 -0.11097
fb: -0.73281 -0.02799 -0.13585 -0.14308
dist/lin/ang/drive_left/drive_right/tv_l/tv_r/av_l/av_r/x/y/theta/t_err: -0.07879 -0.66352 0.00000 -0.70482 -0.76079 -0.15058 -0.16458 -0.15058 -0.16458 3.10228 -0.00273 178.95226 0.01275
target: -0.66352 0.00000
target: -0.66352 0.00000
fb: -0.64168 -0.02720 -0.13016 -0.13680
fb: -0.59711 -0.02685 -0.15245 -0.15908
dist/lin/ang/drive_left/drive_right/tv_l/tv_r/av_l/av_r/x/y/theta/t_err: -0.06684 -0.61114 0.00000 -0.57026 -0.62396 -0.14272 -0.15178 -0.14272 -0.15178 2.63221 0.00682 178.71251 0.01694
target: -0.61114 0.00000
target: -0.61114 0.00000
fb: -0.58741 -0.02486 -0.13727 -0.14338
fb: -0.59140 -0.02230 -0.13527 -0.14138
dist/lin/ang/drive_left/drive_right/tv_l/tv_r/av_l/av_r/x/y/theta/t_err: -0.05500 -0.55440 0.00000 -0.56910 -0.61370 -0.15281 -0.15894 -0.15281 -0.15894 2.16668 0.01816 178.49865 0.02067
target: -0.55440 0.00000
target: -0.55440 0.00000
fb: -0.53117 -0.02280 -0.09131 -0.09685
fb: -0.53514 -0.02280 -0.08932 -0.09486
dist/lin/ang/drive_left/drive_right/tv_l/tv_r/av_l/av_r/x/y/theta/t_err: -0.04429 -0.49750 0.00000 -0.51234 -0.55794 -0.13208 -0.13806 -0.13208 -0.13806 1.74547 0.02996 178.29863 0.02416
target: -0.49750 0.00000
target: -0.49750 0.00000
fb: -0.54088 -0.02323 0.12886 0.12388
fb: -0.46519 -0.02408 0.09101 0.08604
dist/lin/ang/drive_left/drive_right/tv_l/tv_r/av_l/av_r/x/y/theta/t_err: -0.03498 -0.44213 0.00000 -0.44111 -0.48927 -0.02311 -0.02378 -0.02311 -0.02378 1.37936 0.04147 178.09195 0.02777
target: -0.44213 0.00000
target: -0.44213 0.00000
fb: -0.42856 -0.02330 0.11903 0.11461
fb: -0.38377 -0.02095 0.09663 0.09221
dist/lin/ang/drive_left/drive_right/tv_l/tv_r/av_l/av_r/x/y/theta/t_err: -0.02730 -0.39057 0.00000 -0.36282 -0.40472 0.07922 0.07614 0.07922 0.07614 1.07737 0.05204 177.89077 0.03128
target: -0.39057 0.00000
target: -0.39057 0.00000
fb: -0.27324 -0.01904 -0.08630 -0.09020
fb: -0.19005 -0.02301 -0.12789 -0.13180
dist/lin/ang/drive_left/drive_right/tv_l/tv_r/av_l/av_r/x/y/theta/t_err: -0.02349 -0.36230 0.00000 -0.16704 -0.21306 0.00806 0.00086 0.00806 0.00086 0.92783 0.05776 177.71248 0.03439
target: -0.36230 0.00000
target: -0.36230 0.00000
fb: -0.15295 -0.02706 -0.22413 -0.22775
fb: -0.15691 -0.02514 -0.22215 -0.22577
dist/lin/ang/drive_left/drive_right/tv_l/tv_r/av_l/av_r/x/y/theta/t_err: -0.02034 -0.33715 0.00000 -0.13177 -0.18206 -0.14478 -0.15606 -0.14478 -0.15606 0.80439 0.06295 177.48904 0.03829
target: -0.33715 0.00000
target: -0.33715 0.00000
fb: -0.19775 -0.02159 -0.19162 -0.19499
fb: -0.20350 -0.02266 -0.18875 -0.19212
dist/lin/ang/drive_left/drive_right/tv_l/tv_r/av_l/av_r/x/y/theta/t_err: -0.01626 -0.30146 0.00000 -0.18084 -0.22616 -0.20039 -0.20053 -0.20039 -0.20053 0.64432 0.07023 177.29748 0.04163
target: -0.30146 0.00000
target: -0.30146 0.00000
fb: -0.22468 -0.02308 -0.09647 -0.09949
fb: -0.23042 -0.01918 -0.09360 -0.09662
dist/lin/ang/drive_left/drive_right/tv_l/tv_r/av_l/av_r/x/y/theta/t_err: -0.01165 -0.25511 0.00000 -0.21124 -0.24960 -0.16275 -0.15672 -0.16275 -0.15672 0.46310 0.07908 177.10714 0.04495
target: -0.25511 0.00000
target: -0.25511 0.00000
fb: -0.17441 -0.01293 0.13090 0.12835
fb: -0.16100 -0.00632 0.12419 0.12164
dist/lin/ang/drive_left/drive_right/tv_l/tv_r/av_l/av_r/x/y/theta/t_err: -0.00842 -0.21694 0.00000 -0.15467 -0.16732 -0.02567 -0.00892 -0.02567 -0.00892 0.33650 0.08560 177.01144 0.04662
target: -0.21694 0.00000
target: -0.21694 0.00000
fb: -0.15331 -0.00334 -0.19859 -0.19859
fb: -0.12599 0.00582 -0.21225 -0.21225
dist/lin/ang/drive_left/drive_right/tv_l/tv_r/av_l/av_r/x/y/theta/t_err: -0.00590 -0.00590 0.00000 -0.13181 -0.12017 0.03319 -0.00481 0.03319 -0.00481 0.23743 0.09079 177.00370 0.04676
target: -0.00590 0.00000
target: -0.00590 0.00000
fb: -0.12032 0.01328 -0.08236 -0.08236
fb: -0.12036 0.01385 -0.08236 -0.08236
dist/lin/ang/drive_left/drive_right/tv_l/tv_r/av_l/av_r/x/y/theta/t_err: -0.00350 -0.00350 0.00000 -0.13421 -0.10651 -0.14919 -0.14836 -0.14919 -0.14836 0.14279 0.09566 177.11633 0.04479
target: -0.00350 0.00000
target: -0.00350 0.00000
fb: -0.12410 0.00938 -0.08140 -0.08140
fb: -0.14945 0.00526 -0.08140 -0.08140
dist/lin/ang/drive_left/drive_right/tv_l/tv_r/av_l/av_r/x/y/theta/t_err: -0.00051 -0.00051 0.00000 -0.15471 -0.14419 -0.08933 -0.08811 -0.08933 -0.08811 0.02525 0.10149 177.18686 0.04356
target: -0.00051 0.00000
target: -0.00051 0.00000
fb: -0.15715 0.00476 -0.08021 -0.08021
fb: -0.14544 0.00440 -0.08021 -0.08021
dist/lin/ang/drive_left/drive_right/tv_l/tv_r/av_l/av_r/x/y/theta/t_err: 0.00239 0.00239 0.00000 -0.14985 -0.14104 -0.08211 -0.08128 -0.08211 -0.08128 -0.08913 0.10707 177.22101 0.04297
target: 0.00239 0.00000
target: 0.00239 0.00000
fb: -0.13397 0.00305 0.08096 0.08096
fb: -0.11055 -0.00384 0.08096 0.08096
dist/lin/ang/drive_left/drive_right/tv_l/tv_r/av_l/av_r/x/y/theta/t_err: 0.00460 0.00460 0.00000 -0.10672 -0.11439 -0.03389 -0.03372 -0.03389 -0.03372 -0.17608 0.11128 177.22545 0.04289
target: 0.00460 0.00000
target: 0.00460 0.00000
fb: -0.10257 -0.00639 0.08184 0.08184
fb: -0.09704 -0.00540 0.08184 0.08184
dist/lin/ang/drive_left/drive_right/tv_l/tv_r/av_l/av_r/x/y/theta/t_err: 0.00655 0.00655 0.00000 -0.09165 -0.10244 0.06689 0.06778 0.06689 0.06778 -0.25240 0.11501 177.17421 0.04378
target: 0.00655 0.00000
target: 0.00655 0.00000
fb: -0.09705 -0.00526 0.08262 0.08262
fb: -0.10455 -0.00568 0.08262 0.08262
dist/lin/ang/drive_left/drive_right/tv_l/tv_r/av_l/av_r/x/y/theta/t_err: 0.00864 0.21973 0.00000 -0.09887 -0.11023 0.07528 0.07614 0.07528 0.07614 -0.33462 0.11911 177.12484 0.04465
target: 0.21973 0.00000
target: 0.21973 0.00000
fb: -0.09880 -0.00732 0.32716 0.32716
fb: -0.06989 -0.00682 0.31271 0.31271
dist/lin/ang/drive_left/drive_right/tv_l/tv_r/av_l/av_r/x/y/theta/t_err: 0.01004 0.23688 0.00000 -0.06307 -0.07671 0.12986 0.13692 0.12986 0.13692 -0.38958 0.12189 177.05839 0.04580
target: 0.23688 0.00000
target: 0.23688 0.00000
fb: -0.02709 -0.00476 0.30673 0.30673
fb: -0.00372 -0.00348 0.29505 0.29505
dist/lin/ang/drive_left/drive_right/tv_l/tv_r/av_l/av_r/x/y/theta/t_err: 0.01012 0.23777 0.00000 -0.00023 -0.00720 0.27603 0.27994 0.27603 0.27994 -0.39251 0.12204 177.01780 0.04651
target: 0.23777 0.00000
target: 0.23777 0.00000
fb: 0.00002 -0.00107 0.29399 0.29399
fb: 0.00001 -0.00192 0.29399 0.29399
dist/lin/ang/drive_left/drive_right/tv_l/tv_r/av_l/av_r/x/y/theta/t_err: 0.01012 0.23778 0.00000 0.00193 -0.00191 0.27394 0.27447 0.27394 0.27447 -0.39250 0.12204 177.00357 0.04676
target: 0.23778 0.00000
target: 0.23778 0.00000
fb: 0.00002 -0.00227 0.29399 0.29399
fb: 0.03113 -0.00234 0.27843 0.27843
dist/lin/ang/drive_left/drive_right/tv_l/tv_r/av_l/av_r/x/y/theta/t_err: 0.00950 0.23036 0.00000 0.03348 0.02879 0.27514 0.27444 0.27514 0.27444 -0.36802 0.12076 176.98278 0.04712
target: 0.23036 0.00000
target: 0.23036 0.00000
fb: 0.08917 -0.00490 0.24273 0.24273
fb: 0.15517 -0.00689 0.20974 0.20974
dist/lin/ang/drive_left/drive_right/tv_l/tv_r/av_l/av_r/x/y/theta/t_err: -0.02102 -0.34276 0.00000 0.00000 0.00000 0.00000 -0.00000 0.00000 -0.00000 0.82582 0.05644 176.95998 0.12129
target: -0.34276 0.00000
target: -0.34276 0.00000
fb: -0.00000 0.00000 -1.00000 -1.00000
fb: -0.00000 0.00000 -1.00000 -1.00000
dist/lin/ang/drive_left/drive_right/tv_l/tv_r/av_l/av_r/x/y/theta/t_err: -0.02087 -0.34150 0.00000 -0.00000 -0.00000 -0.06178 -0.09461 -0.06178 -0.09461 0.82582 0.05644 176.96129 0.12127
target: -0.34150 0.00000
target: -0.34150 0.00000
fb: -0.00000 0.00000 -0.40217 -0.40558
fb: -0.00000 0.00000 -0.40217 -0.40558
dist/lin/ang/drive_left/drive_right/tv_l/tv_r/av_l/av_r/x/y/theta/t_err: -0.02087 -0.34150 0.00000 -0.00000 -0.00000 -0.42556 -0.40914 -0.42556 -0.40914 0.82582 0.05644 176.96386 0.12122
target: -0.34150 0.00000
target: -0.34150 0.00000
fb: -0.00001 -0.00107 -0.40784 -0.41126
fb: -0.00773 0.00085 -0.40398 -0.40740
dist/lin/ang/drive_left/drive_right/tv_l/tv_r/av_l/av_r/x/y/theta/t_err: -0.02072 -0.34024 0.00000 -0.00858 -0.00687 -0.32167 -0.32525 -0.32167 -0.32525 0.81974 0.05676 176.96793 0.12115
target: -0.34024 0.00000
target: -0.34024 0.00000
fb: -0.08521 0.01108 -0.35833 -0.36173
fb: -0.18236 0.01456 -0.30976 -0.31316
dist/lin/ang/drive_left/drive_right/tv_l/tv_r/av_l/av_r/x/y/theta/t_err: -0.01707 -0.30888 0.00000 -0.19692 -0.16780 -0.35708 -0.36825 -0.35708 -0.36825 0.67635 0.06422 177.07367 0.11931
target: -0.30888 0.00000
target: -0.30888 0.00000
fb: -0.23092 0.01151 -0.11996 -0.12305
fb: -0.25030 0.00142 -0.11027 -0.11336
dist/lin/ang/drive_left/drive_right/tv_l/tv_r/av_l/av_r/x/y/theta/t_err: -0.01207 -0.25972 0.00000 -0.25172 -0.24888 -0.23458 -0.26881 -0.23458 -0.26881 0.47951 0.07412 177.15154 0.11795
target: -0.25972 0.00000
target: -0.25972 0.00000
fb: -0.25597 -0.00533 0.17989 0.17729
fb: -0.24622 -0.00234 0.17502 0.17242
dist/lin/ang/drive_left/drive_right/tv_l/tv_r/av_l/av_r/x/y/theta/t_err: -0.00714 -0.00714 0.00000 -0.24388 -0.24857 -0.02414 -0.04944 -0.02414 -0.04944 0.28588 0.08382 177.11506 0.11858
target: -0.00714 0.00000
target: -0.00714 0.00000
fb: -0.23476 0.00000 0.19095 0.19095
fb: -0.24425 -0.00526 0.19569 0.19569
dist/lin/ang/drive_left/drive_right/tv_l/tv_r/av_l/av_r/x/y/theta/t_err: -0.00226 -0.00226 0.00000 -0.23899 -0.24951 0.15933 0.15281 0.15933 0.15281 0.09380 0.09352 177.09198 0.11899
target: -0.00226 0.00000
target: -0.00226 0.00000
fb: -0.21906 -0.01286 0.18750 0.18750
fb: -0.16473 -0.01428 -0.08090 -0.08090
dist/lin/ang/drive_left/drive_right/tv_l/tv_r/av_l/av_r/x/y/theta/t_err: 0.00104 0.00104 0.00000 -0.15046 -0.17901 0.17214 0.17317 0.17214 0.17317 -0.03574 0.10021 176.98091 0.12093
target: 0.00104 0.00000
target: 0.00104 0.00000
fb: -0.11442 -0.01037 0.08042 0.08042
fb: -0.06789 -0.00554 0.08042 0.08042
dist/lin/ang/drive_left/drive_right/tv_l/tv_r/av_l/av_r/x/y/theta/t_err: 0.00240 0.00240 0.00000 -0.06235 -0.07343 0.01764 0.00461 0.01764 0.00461 -0.08912 0.10307 176.89854 0.12236
target: 0.00240 0.00000
target: 0.00240 0.00000
fb: -0.05996 -0.01243 0.08096 0.08096
fb: -0.07161 -0.01790 0.08096 0.08096
dist/lin/ang/drive_left/drive_right/tv_l/tv_r/av_l/av_r/x/y/theta/t_err: 0.00384 0.00384 0.00000 -0.05371 -0.08951 0.06947 0.06825 0.06947 0.06825 -0.14542 0.10616 176.78026 0.12443
target: 0.00384 0.00000
target: 0.00384 0.00000
fb: -0.06188 -0.01342 0.08154 0.08154
fb: -0.03101 -0.01193 0.08154 0.08154
dist/lin/ang/drive_left/drive_right/tv_l/tv_r/av_l/av_r/x/y/theta/t_err: 0.00446 0.00446 0.00000 -0.01907 -0.04294 0.07203 0.07033 0.07203 0.07033 -0.16979 0.10755 176.66093 0.12651
target: 0.00446 0.00000
target: 0.00446 0.00000
fb: -0.00388 -0.00945 0.08179 0.08179
fb: 0.00007 -0.00753 0.08179 0.08179
dist/lin/ang/drive_left/drive_right/tv_l/tv_r/av_l/av_r/x/y/theta/t_err: 0.00447 0.00447 0.00000 0.00760 -0.00746 0.07236 0.07167 0.07236 0.07167 -0.16974 0.10755 176.57803 0.12796
target: 0.00447 0.00000
target: 0.00447 0.00000
fb: 0.00006 -0.00554 0.08179 0.08179
fb: 0.00003 0.00071 0.08179 0.08179
dist/lin/ang/drive_left/drive_right/tv_l/tv_r/av_l/av_r/x/y/theta/t_err: 0.00447 0.00447 0.00000 -0.00068 0.00074 0.07306 0.07308 0.07306 0.07308 -0.16971 0.10755 176.54362 0.12856
target: 0.00447 0.00000
target: 0.00447 0.00000
fb: -0.00002 0.00902 0.08179 0.08179
fb: 0.00390 0.01328 0.08179 0.08179
dist/lin/ang/drive_left/drive_right/tv_l/tv_r/av_l/av_r/x/y/theta/t_err: 0.00439 0.00439 0.00000 -0.00938 0.01718 0.07494 0.07531 0.07494 0.07531 -0.16665 0.10737 176.62711 0.12710
target: 0.00439 0.00000
target: 0.00439 0.00000
fb: 0.02902 0.01385 0.08175 0.08175
fb: 0.05616 0.01207 0.08175 0.08175
dist/lin/ang/drive_left/drive_right/tv_l/tv_r/av_l/av_r/x/y/theta/t_err: 0.00326 0.00326 0.00000 0.04409 0.06824 0.07494 0.07683 0.07494 0.07683 -0.12250 0.10481 176.74475 0.12505
target: 0.00326 0.00000
target: 0.00326 0.00000
fb: 0.07935 0.00945 0.08130 0.08130
fb: 0.09107 0.00590 0.08130 0.08130
dist/lin/ang/drive_left/drive_right/tv_l/tv_r/av_l/av_r/x/y/theta/t_err: 0.00143 0.00143 0.00000 0.08518 0.09697 0.07494 0.07528 0.07494 0.07528 -0.05090 0.10079 176.81457 0.12383
target: 0.00143 0.00000
target: 0.00143 0.00000
fb: 0.08139 0.00213 0.08057 0.08057
fb: 0.07744 -0.00128 0.08057 0.08057
dist/lin/ang/drive_left/drive_right/tv_l/tv_r/av_l/av_r/x/y/theta/t_err: -0.00012 -0.00012 0.00000 0.07872 0.07616 0.07511 0.07358 0.07511 0.07358 0.00998 0.09741 176.82354 0.12367
target: -0.00012 0.00000
target: -0.00012 0.00000
fb: 0.07967 -0.00405 -0.08005 -0.08005
fb: 0.07771 -0.00540 -0.08005 -0.08005
dist/lin/ang/drive_left/drive_right/tv_l/tv_r/av_l/av_r/x/y/theta/t_err: -0.00167 -0.00167 0.00000 0.08310 0.07231 0.01131 0.03233 0.01131 0.03233 0.07107 0.09400 176.78605 0.12433
target: -0.00167 0.00000
target: -0.00167 0.00000
fb: 0.07374 -0.00469 -0.08067 -0.08067
fb: 0.08146 -0.00419 -0.08067 -0.08067
dist/lin/ang/drive_left/drive_right/tv_l/tv_r/av_l/av_r/x/y/theta/t_err: -0.00330 -0.00330 0.00000 0.08565 0.07726 -0.07053 -0.06914 -0.07053 -0.06914 0.13511 0.09038 176.75014 0.12495
target: -0.00330 0.00000
target: -0.00330 0.00000
fb: 0.08145 -0.00412 -0.08132 -0.08132
fb: 0.07571 -0.00213 -0.08132 -0.08132
dist/lin/ang/drive_left/drive_right/tv_l/tv_r/av_l/av_r/x/y/theta/t_err: -0.00481 -0.00481 0.00000 0.07784 0.07358 -0.07597 -0.07683 -0.07597 -0.07683 0.19463 0.08699 176.72489 0.12539
target: -0.00481 0.00000
target: -0.00481 0.00000
fb: 0.07172 0.00135 -0.08192 -0.08192
fb: 0.04830 0.00568 -0.08192 -0.08192
start is 0.00000 0.00000
dist/lin/ang/drive_left/drive_right/tv_l/tv_r/av_l/av_r/x/y/theta/t_err: 0.60960 1.77800 0.00000 0.00000 0.00000 0.00000 0.00017 0.00000 0.00017 0.00000 -0.00000 -0.00008 0.00000
target: 1.77800 0.00000
target: 1.77800 0.00000
fb: -0.00000 0.00000 1.00000 1.00000
fb: 0.00000 0.00000 1.00000 1.00000
dist/lin/ang/drive_left/drive_right/tv_l/tv_r/av_l/av_r/x/y/theta/t_err: 0.60960 1.77800 0.00000 0.00000 0.00000 0.00000 0.15006 0.00000 0.15006 0.00000 -0.00000 -0.00046 0.00001
target: 1.77800 0.00000
target: 1.77800 0.00000
fb: 0.00000 0.00000 1.00000 1.00000
fb: -0.00001 0.00483 1.00000 1.00000
dist/lin/ang/drive_left/drive_right/tv_l/tv_r/av_l/av_r/x/y/theta/t_err: 0.60960 1.77800 0.00000 -0.00484 0.00482 0.45772 0.60247 0.45772 0.60247 -0.00001 -0.00000 0.01012 -0.00018
target: 1.77800 0.00000
target: 1.77800 0.00000
fb: -0.00003 0.00391 1.00000 1.00000
fb: 0.01343 0.00220 1.00000 1.00000
dist/lin/ang/drive_left/drive_right/tv_l/tv_r/av_l/av_r/x/y/theta/t_err: 0.60933 1.77800 0.00000 0.01123 0.01563 0.68425 0.71711 0.68425 0.71711 0.01057 0.00001 0.04464 -0.00078
target: 1.77800 0.00000
target: 1.77800 0.00000
fb: 0.13571 -0.00646 1.00000 1.00000
fb: 0.27742 -0.01030 1.00000 1.00000
dist/lin/ang/drive_left/drive_right/tv_l/tv_r/av_l/av_r/x/y/theta/t_err: 0.60378 1.77800 0.00000 0.28772 0.26712 0.70086 0.73664 0.70086 0.73664 0.22901 0.00007 -0.01757 0.00030
target: 1.77800 0.00000
target: 1.77800 0.00000
fb: 0.33945 -0.00852 1.00000 1.00000
fb: 0.37252 -0.00149 1.00000 1.00000
dist/lin/ang/drive_left/drive_right/tv_l/tv_r/av_l/av_r/x/y/theta/t_err: 0.59633 1.77800 0.00000 0.37401 0.37103 0.72311 0.73681 0.72311 0.73681 0.52234 -0.00020 -0.07428 0.00130
target: 1.77800 0.00000
target: 1.77800 0.00000
fb: 0.39565 0.00440 1.00000 1.00000
fb: 0.46932 0.00483 1.00000 1.00000
dist/lin/ang/drive_left/drive_right/tv_l/tv_r/av_l/av_r/x/y/theta/t_err: 0.58695 1.77800 0.00000 0.46449 0.47415 0.75836 0.75644 0.75836 0.75644 0.89188 -0.00059 -0.04467 0.00081
target: 1.77800 0.00000
target: 1.77800 0.00000
fb: 0.50043 0.00170 1.00000 1.00000
fb: 0.50597 -0.00220 1.00000 1.00000
dist/lin/ang/drive_left/drive_right/tv_l/tv_r/av_l/av_r/x/y/theta/t_err: 0.57683 1.77800 0.00000 0.50817 0.50377 0.76058 0.75886 0.76058 0.75886 1.29028 -0.00085 -0.04211 0.00077
target: 1.77800 0.00000
target: 1.77800 0.00000
fb: 0.55080 -0.00682 1.00000 1.00000
fb: 0.60909 -0.01144 1.00000 1.00000
dist/lin/ang/drive_left/drive_right/tv_l/tv_r/av_l/av_r/x/y/theta/t_err: 0.56465 1.77630 0.00000 0.62052 0.59765 0.76144 0.76297 0.76144 0.76297 1.76987 -0.00150 -0.11848 0.00214
target: 1.77630 0.00000
target: 1.77630 0.00000
fb: 0.67112 -0.01435 1.00000 1.00000
fb: 0.70226 -0.01591 1.00000 1.00000
dist/lin/ang/drive_left/drive_right/tv_l/tv_r/av_l/av_r/x/y/theta/t_err: 0.55060 1.75407 0.00000 0.71817 0.68635 0.76658 0.76811 0.76658 0.76811 2.32283 -0.00328 -0.25374 0.00458
target: 1.75407 0.00000
target: 1.75407 0.00000
fb: 0.74859 -0.01115 1.00000 1.00000
fb: 0.87679 -0.01428 1.00000 1.00000
dist/lin/ang/drive_left/drive_right/tv_l/tv_r/av_l/av_r/x/y/theta/t_err: 0.53306 1.72591 0.00000 0.89106 0.86251 0.76553 0.76672 0.76553 0.76672 3.01320 -0.00709 -0.37303 0.00685
target: 1.72591 0.00000
target: 1.72591 0.00000
fb: 0.92534 -0.01634 1.00000 1.00000
fb: 0.94831 -0.02039 1.00000 1.00000
dist/lin/ang/drive_left/drive_right/tv_l/tv_r/av_l/av_r/x/y/theta/t_err: 0.51410 1.69493 0.00000 0.96870 0.92793 0.78061 0.78367 0.78061 0.78367 3.75988 -0.01298 -0.53224 0.00993
target: 1.69493 0.00000
target: 1.69493 0.00000
fb: 0.99311 -0.01513 1.00000 1.00000
fb: 1.02022 -0.01321 1.00000 1.00000
dist/lin/ang/drive_left/drive_right/tv_l/tv_r/av_l/av_r/x/y/theta/t_err: 0.49370 1.66096 0.00000 1.03343 1.00701 0.79703 0.79839 0.79703 0.79839 4.56316 -0.02142 -0.66218 0.01266
target: 1.66096 0.00000
target: 1.66096 0.00000
fb: 1.03565 -0.01108 1.00000 1.00000
fb: 1.06103 -0.01477 0.99112 1.00000
dist/lin/ang/drive_left/drive_right/tv_l/tv_r/av_l/av_r/x/y/theta/t_err: 0.47248 1.62487 0.00000 1.07580 1.04625 0.80575 0.80714 0.80575 0.80714 5.39855 -0.03186 -0.77355 0.01521
target: 1.62487 0.00000
target: 1.62487 0.00000
fb: 1.12502 -0.01151 0.91498 0.93123
fb: 1.16958 -0.00945 0.89270 0.90895
dist/lin/ang/drive_left/drive_right/tv_l/tv_r/av_l/av_r/x/y/theta/t_err: 0.44909 1.58414 0.00000 1.17903 1.16014 0.67553 0.75508 0.67553 0.75508 6.31939 -0.04514 -0.87384 0.01780
target: 1.58414 0.00000
target: 1.58414 0.00000
fb: 1.16161 -0.00490 0.83670 0.85254
fb: 1.12874 -0.01080 0.85314 0.86898
dist/lin/ang/drive_left/drive_right/tv_l/tv_r/av_l/av_r/x/y/theta/t_err: 0.42652 1.54382 0.00000 1.13953 1.11794 0.64814 0.71369 0.64814 0.71369 7.20805 -0.05916 -0.94663 0.02004
target: 1.54382 0.00000
target: 1.54382 0.00000
fb: 1.14441 -0.00582 0.80841 0.82385
fb: 1.16557 -0.00227 0.79783 0.81327
dist/lin/ang/drive_left/drive_right/tv_l/tv_r/av_l/av_r/x/y/theta/t_err: 0.40321 1.50105 0.00000 1.16784 1.16330 0.69042 0.69144 0.69042 0.69144 8.12569 -0.07482 -1.00044 0.02217
target: 1.50105 0.00000
target: 1.50105 0.00000
fb: 1.26065 -0.00277 0.69821 0.71322
fb: 1.30347 -0.00590 0.67680 0.69181
dist/lin/ang/drive_left/drive_right/tv_l/tv_r/av_l/av_r/x/y/theta/t_err: 0.37715 1.45173 0.00000 1.30937 1.29757 0.68339 0.72878 0.68339 0.72878 9.15188 -0.09302 -1.03987 0.02441
target: 1.45173 0.00000
target: 1.45173 0.00000
fb: 1.30525 -0.00590 0.59908 0.61360
fb: 1.30701 -0.00369 0.59821 0.61272
dist/lin/ang/drive_left/drive_right/tv_l/tv_r/av_l/av_r/x/y/theta/t_err: 0.35102 1.40053 0.00000 1.31070 1.30332 0.66164 0.66475 0.66164 0.66475 10.18084 -0.11218 -1.08897 0.02712
target: 1.40053 0.00000
target: 1.40053 0.00000
fb: 1.28381 0.00128 0.55223 0.56623
fb: 1.33253 0.00419 0.52786 0.54187
dist/lin/ang/drive_left/drive_right/tv_l/tv_r/av_l/av_r/x/y/theta/t_err: 0.32438 1.34634 0.00000 1.32834 1.33673 0.58725 0.59819 0.58725 0.59819 11.22990 -0.13191 -1.05843 0.02880
target: 1.34634 0.00000
target: 1.34634 0.00000
fb: 1.30518 -0.00121 0.47602 0.48948
fb: 1.28756 -0.00313 0.48483 0.49829
dist/lin/ang/drive_left/drive_right/tv_l/tv_r/av_l/av_r/x/y/theta/t_err: 0.29864 1.29182 0.00000 1.29068 1.28443 0.52156 0.53422 0.52156 0.53422 12.24355 -0.15065 -1.06855 0.03146
target: 1.29182 0.00000
target: 1.29182 0.00000
fb: 1.23550 -0.00298 0.45705 0.46997
fb: 1.06096 -0.00298 0.54432 0.55724
dist/lin/ang/drive_left/drive_right/tv_l/tv_r/av_l/av_r/x/y/theta/t_err: 0.27743 1.24510 0.00000 1.06394 1.05798 0.47825 0.49281 0.47825 0.49281 13.07880 -0.16646 -1.10120 0.03446
target: 1.24510 0.00000
target: 1.24510 0.00000
fb: 1.20637 -0.00355 0.46190 0.47435
fb: 1.28205 -0.00099 0.42406 0.43652
dist/lin/ang/drive_left/drive_right/tv_l/tv_r/av_l/av_r/x/y/theta/t_err: 0.25181 1.18621 0.00000 1.28304 1.28105 0.49672 0.51742 0.49672 0.51742 14.08810 -0.18607 -1.12130 0.03834
target: 1.18621 0.00000
target: 1.18621 0.00000
fb: 1.19465 0.00092 0.35642 0.36828
fb: 1.33807 -0.00085 0.28471 0.29657
dist/lin/ang/drive_left/drive_right/tv_l/tv_r/av_l/av_r/x/y/theta/t_err: 0.22507 1.12146 0.00000 1.33892 1.33722 0.43583 0.44814 0.43583 0.44814 15.14149 -0.20655 -1.11053 0.04269
target: 1.12146 0.00000
target: 1.12146 0.00000
fb: 1.29746 0.00689 0.21650 0.22772
fb: 1.18111 0.01726 0.27468 0.28589
dist/lin/ang/drive_left/drive_right/tv_l/tv_r/av_l/av_r/x/y/theta/t_err: 0.20147 1.06104 0.00000 1.16385 1.19837 0.36789 0.36925 0.36789 0.36925 16.07134 -0.22402 -1.01927 0.04604
target: 1.06104 0.00000
target: 1.06104 0.00000
fb: 1.09943 0.01470 0.27699 0.28760
fb: 1.11882 0.02450 0.26729 0.27790
dist/lin/ang/drive_left/drive_right/tv_l/tv_r/av_l/av_r/x/y/theta/t_err: 0.17912 1.00045 0.00000 1.09432 1.14333 0.32681 0.32614 0.32681 0.32614 16.95218 -0.23851 -0.85944 0.04883
target: 1.00045 0.00000
target: 1.00045 0.00000
fb: 1.16731 0.02933 0.18414 0.19414
fb: 1.08388 0.02628 0.22585 0.23586
dist/lin/ang/drive_left/drive_right/tv_l/tv_r/av_l/av_r/x/y/theta/t_err: 0.15747 0.93804 0.00000 1.05760 1.11016 0.28594 0.29911 0.28594 0.29911 17.80556 -0.24946 -0.61203 0.05093
target: 0.93804 0.00000
target: 0.93804 0.00000
fb: 1.08966 0.01442 0.15484 0.16422
fb: 1.05686 0.00717 0.17124 0.18062
dist/lin/ang/drive_left/drive_right/tv_l/tv_r/av_l/av_r/x/y/theta/t_err: 0.13614 0.87221 0.00000 1.04968 1.06403 0.23594 0.26658 0.23594 0.26658 18.63769 -0.25740 -0.49659 0.04892
target: 0.87221 0.00000
target: 0.87221 0.00000
fb: 0.97370 0.00916 0.13424 0.14297
fb: 0.91147 0.00994 0.16536 0.17408
dist/lin/ang/drive_left/drive_right/tv_l/tv_r/av_l/av_r/x/y/theta/t_err: 0.11792 0.81176 0.00000 0.90153 0.92141 0.20225 0.22861 0.20225 0.22861 19.35536 -0.26313 -0.41307 0.04746
target: 0.81176 0.00000
target: 0.81176 0.00000
fb: 0.88409 0.01279 0.14520 0.15331
fb: 0.79316 0.01627 0.19066 0.19878
dist/lin/ang/drive_left/drive_right/tv_l/tv_r/av_l/av_r/x/y/theta/t_err: 0.10208 0.75525 0.00000 0.77690 0.80943 0.18925 0.20019 0.18925 0.20019 19.97988 -0.26705 -0.29002 0.04531
target: 0.75525 0.00000
target: 0.75525 0.00000
fb: 0.76799 0.01776 0.16674 0.17429
fb: 0.79888 0.01392 0.15129 0.15885
dist/lin/ang/drive_left/drive_right/tv_l/tv_r/av_l/av_r/x/y/theta/t_err: 0.08612 0.69370 0.00000 0.78496 0.81280 0.19489 0.19797 0.19489 0.19797 20.60892 -0.26944 -0.14441 0.04277
target: 0.69370 0.00000
target: 0.69370 0.00000
fb: 0.71155 0.00845 0.11321 0.12014
fb: 0.68445 0.00433 0.12676 0.13369
dist/lin/ang/drive_left/drive_right/tv_l/tv_r/av_l/av_r/x/y/theta/t_err: 0.07243 0.63620 0.00000 0.68012 0.68878 0.15897 0.16650 0.15897 0.16650 21.14785 -0.27061 -0.10291 0.04205
target: 0.63620 0.00000
target: 0.63620 0.00000
fb: 0.64010 0.00000 0.11196 0.11832
fb: 0.58187 -0.00185 0.14108 0.14744
dist/lin/ang/drive_left/drive_right/tv_l/tv_r/av_l/av_r/x/y/theta/t_err: 0.06080 0.58286 0.00000 0.58372 0.58003 0.14081 0.14014 0.14081 0.14014 21.60602 -0.27138 -0.09676 0.04194
target: 0.58286 0.00000
target: 0.58286 0.00000
fb: 0.57593 -0.00234 0.11154 0.11737
fb: 0.52760 0.00000 0.13571 0.14154
dist/lin/ang/drive_left/drive_right/tv_l/tv_r/av_l/av_r/x/y/theta/t_err: 0.05024 0.52986 0.00000 0.52760 0.52760 0.14336 0.14236 0.14336 0.14236 22.02145 -0.27213 -0.10483 0.04208
target: 0.52986 0.00000
target: 0.52986 0.00000
fb: 0.47905 -0.00156 0.11066 0.11596
fb: 0.46538 -0.00455 0.11749 0.12279
dist/lin/ang/drive_left/drive_right/tv_l/tv_r/av_l/av_r/x/y/theta/t_err: 0.04093 0.47826 0.00000 0.46993 0.46084 0.13689 0.13981 0.13689 0.13981 22.38790 -0.27283 -0.11989 0.04234
target: 0.47826 0.00000
target: 0.47826 0.00000
fb: 0.45767 -0.00305 -0.08192 0.08287
fb: 0.44994 -0.00135 0.08195 0.08673
dist/lin/ang/drive_left/drive_right/tv_l/tv_r/av_l/av_r/x/y/theta/t_err: 0.03193 0.42242 0.00000 0.45129 0.44859 0.04842 0.11839 0.04842 0.11839 22.74218 -0.27364 -0.13831 0.04266
target: 0.42242 0.00000
target: 0.42242 0.00000
fb: 0.38990 0.00192 -0.12073 -0.11651
fb: 0.32961 0.01499 -0.09059 -0.08637
dist/lin/ang/drive_left/drive_right/tv_l/tv_r/av_l/av_r/x/y/theta/t_err: 0.02535 0.37635 0.00000 0.31463 0.34460 -0.00394 0.01917 -0.00394 0.01917 23.00172 -0.27420 -0.08172 0.04168
target: 0.37635 0.00000
target: 0.37635 0.00000
fb: 0.31785 0.02017 -0.08495 -0.08119
fb: 0.25978 0.02117 0.10409 0.10785
dist/lin/ang/drive_left/drive_right/tv_l/tv_r/av_l/av_r/x/y/theta/t_err: 0.02017 0.33574 0.00000 0.23861 0.28094 -0.07083 -0.06383 -0.07083 -0.06383 23.20627 -0.27421 0.09677 0.03856
target: 0.33574 0.00000
target: 0.33574 0.00000
fb: 0.19004 0.02117 0.12459 0.12795
fb: 0.15498 0.01179 0.14212 0.14548
dist/lin/ang/drive_left/drive_right/tv_l/tv_r/av_l/av_r/x/y/theta/t_err: 0.01709 0.30905 0.00000 0.14319 0.16677 0.09019 0.09547 0.09019 0.09547 23.32830 -0.27382 0.25743 0.03576
target: 0.30905 0.00000
target: 0.30905 0.00000
fb: 0.15880 0.00192 0.17716 0.18025
fb: 0.16680 0.00085 0.17316 0.17625
dist/lin/ang/drive_left/drive_right/tv_l/tv_r/av_l/av_r/x/y/theta/t_err: 0.01376 0.27728 0.00000 0.16595 0.16765 0.14717 0.15381 0.14717 0.15381 23.45964 -0.27320 0.27864 0.03539
target: 0.27728 0.00000
target: 0.27728 0.00000
fb: 0.17850 0.00376 0.11398 0.11675
fb: 0.17452 0.00156 0.11597 0.11874
dist/lin/ang/drive_left/drive_right/tv_l/tv_r/av_l/av_r/x/y/theta/t_err: 0.01027 0.23958 0.00000 0.17295 0.17608 0.14714 0.14903 0.14714 0.14903 23.59705 -0.27250 0.30595 0.03491
target: 0.23958 0.00000
target: 0.23958 0.00000
fb: 0.12997 -0.00625 0.23064 0.23064
fb: 0.10090 -0.01108 0.24517 0.24517
dist/lin/ang/drive_left/drive_right/tv_l/tv_r/av_l/av_r/x/y/theta/t_err: 0.00825 0.21466 0.00000 0.11198 0.08982 0.15675 0.16017 0.15675 0.16017 23.67650 -0.27211 0.24331 0.03600
target: 0.21466 0.00000
target: 0.21466 0.00000
fb: 0.09497 -0.01129 0.22571 0.22571
fb: 0.11064 -0.01073 0.21788 0.21788
dist/lin/ang/drive_left/drive_right/tv_l/tv_r/av_l/av_r/x/y/theta/t_err: 0.00602 0.00602 0.00000 0.12136 0.09991 0.21217 0.21406 0.21217 0.21406 23.76361 -0.27182 0.14569 0.03771
target: 0.00602 0.00000
target: 0.00602 0.00000
fb: 0.14572 -0.00973 0.08241 0.08241
fb: 0.18631 -0.00909 -0.16774 -0.16774
dist/lin/ang/drive_left/drive_right/tv_l/tv_r/av_l/av_r/x/y/theta/t_err: 0.00229 0.00229 0.00000 0.19541 0.17722 0.14989 0.16783 0.14989 0.16783 23.91031 -0.27157 0.05859 0.03923
target: 0.00229 0.00000
target: 0.00229 0.00000
fb: 0.18609 -0.00952 -0.17099 -0.17099
fb: 0.16866 -0.00923 0.08091 0.08091
dist/lin/ang/drive_left/drive_right/tv_l/tv_r/av_l/av_r/x/y/theta/t_err: -0.00110 -0.00110 0.00000 0.17789 0.15942 -0.11258 -0.10797 -0.11258 -0.10797 24.04311 -0.27153 -0.02276 0.04065
target: -0.00110 0.00000
target: -0.00110 0.00000
fb: 0.15540 -0.00597 -0.08044 -0.08044
fb: 0.15140 0.00185 -0.08044 -0.08044
dist/lin/ang/drive_left/drive_right/tv_l/tv_r/av_l/av_r/x/y/theta/t_err: -0.00413 -0.00413 0.00000 0.14955 0.15324 -0.00358 -0.00464 -0.00358 -0.00464 24.16232 -0.27162 -0.05081 0.04114
target: -0.00413 0.00000
target: -0.00413 0.00000
fb: 0.15310 0.01186 -0.08165 -0.08165
fb: 0.13362 0.01669 -0.08165 -0.08165
dist/lin/ang/drive_left/drive_right/tv_l/tv_r/av_l/av_r/x/y/theta/t_err: -0.00679 -0.00679 0.00000 0.11693 0.15031 -0.06761 -0.06861 -0.06761 -0.06861 24.26754 -0.27162 0.06351 0.03914
target: -0.00679 0.00000
target: -0.00679 0.00000
fb: 0.09298 0.01818 -0.08272 -0.08272
fb: 0.04642 0.01818 -0.08272 -0.08272
dist/lin/ang/drive_left/drive_right/tv_l/tv_r/av_l/av_r/x/y/theta/t_err: -0.00770 -0.20738 0.00000 0.02823 0.06460 -0.07017 -0.07033 -0.07017 -0.07033 24.30408 -0.27154 0.22548 0.03631
target: -0.20738 0.00000
target: -0.20738 0.00000
fb: 0.01730 0.01286 -0.27530 -0.27530
fb: 0.00763 0.00803 -0.27046 -0.27046
dist/lin/ang/drive_left/drive_right/tv_l/tv_r/av_l/av_r/x/y/theta/t_err: -0.00784 -0.20926 0.00000 -0.00040 0.01565 -0.11531 -0.11961 -0.11531 -0.11961 24.31009 -0.27151 0.33224 0.03445
target: -0.20926 0.00000
target: -0.20926 0.00000
fb: 0.00370 0.00199 -0.27018 -0.27018
fb: 0.00396 -0.00064 -0.27031 -0.27031
dist/lin/ang/drive_left/drive_right/tv_l/tv_r/av_l/av_r/x/y/theta/t_err: -0.00791 -0.21028 0.00000 0.00459 0.00332 -0.24075 -0.24231 -0.24075 -0.24231 24.31320 -0.27149 0.35114 0.03412
target: -0.21028 0.00000
target: -0.21028 0.00000
fb: 0.00399 -0.00646 -0.27125 -0.27125
fb: 0.00003 -0.00327 -0.26927 -0.26927
dist/lin/ang/drive_left/drive_right/tv_l/tv_r/av_l/av_r/x/y/theta/t_err: -0.00792 -0.21035 0.00000 0.00330 -0.00324 -0.25172 -0.25308 -0.25172 -0.25308 24.31323 -0.27149 0.31540 0.03474
target: -0.21035 0.00000
target: -0.21035 0.00000
fb: 0.00002 0.00000 -0.26932 -0.26932
fb: -0.07768 0.00114 -0.23047 -0.23047
final error: 0.37072, x: -0.25207, y: 0.27183
final local error: 0.37072, forwards: -0.25054, sideways: 0.27324
position: 24.25207 -0.27183 0.32047
took 1.04000 time to finish turn
dist/lin/ang/drive_left/drive_right/tv_l/tv_r/av_l/av_r/x/y/theta/t_err: -0.59126 -1.77800 0.00000 0.00000 0.00000 -0.00017 0.00033 -0.00017 0.00033 23.27639 -0.27756 180.21478 -0.01567
target: -1.77800 0.00000
target: -1.77800 0.00000
fb: 0.00000 0.00000 -1.00000 -1.00000
fb: -0.00000 0.00000 -1.00000 -1.00000
dist/lin/ang/drive_left/drive_right/tv_l/tv_r/av_l/av_r/x/y/theta/t_err: -0.59126 -1.77800 0.00000 -0.00000 -0.00000 -0.13344 -0.15894 -0.13344 -0.15894 23.27639 -0.27756 180.21501 -0.01568
target: -1.77800 0.00000
target: -1.77800 0.00000
fb: -0.00000 0.00000 -1.00000 -1.00000
fb: 0.00000 -0.00149 -1.00000 -1.00000
dist/lin/ang/drive_left/drive_right/tv_l/tv_r/av_l/av_r/x/y/theta/t_err: -0.59126 -1.77800 0.00000 0.00149 -0.00149 -0.57989 -0.61428 -0.57989 -0.61428 23.27639 -0.27756 180.21368 -0.01565
target: -1.77800 0.00000
target: -1.77800 0.00000
fb: -0.00372 -0.01279 -1.00000 -1.00000
fb: -0.09301 -0.02323 -1.00000 -1.00000
dist/lin/ang/drive_left/drive_right/tv_l/tv_r/av_l/av_r/x/y/theta/t_err: -0.58940 -1.77800 0.00000 -0.06978 -0.11624 -0.70650 -0.68372 -0.70650 -0.68372 23.20316 -0.27773 180.09047 -0.01355
target: -1.77800 0.00000
target: -1.77800 0.00000
fb: -0.23834 -0.02997 -1.00000 -1.00000
fb: -0.31380 -0.02088 -1.00000 -1.00000
dist/lin/ang/drive_left/drive_right/tv_l/tv_r/av_l/av_r/x/y/theta/t_err: -0.58313 -1.77800 0.00000 -0.29291 -0.33468 -0.70156 -0.60297 -0.70156 -0.60297 22.95607 -0.27759 179.86258 -0.00969
target: -1.77800 0.00000
target: -1.77800 0.00000
fb: -0.36265 -0.00277 -1.00000 -1.00000
fb: -0.42299 0.00178 -1.00000 -1.00000
dist/lin/ang/drive_left/drive_right/tv_l/tv_r/av_l/av_r/x/y/theta/t_err: -0.57467 -1.77800 0.00000 -0.42476 -0.42121 -0.65861 -0.59478 -0.65861 -0.59478 22.62302 -0.27669 179.84182 -0.00947
target: -1.77800 0.00000
target: -1.77800 0.00000
fb: -0.44420 0.00241 -1.00000 -1.00000
fb: -0.50423 0.00334 -1.00000 -1.00000
dist/lin/ang/drive_left/drive_right/tv_l/tv_r/av_l/av_r/x/y/theta/t_err: -0.56458 -1.77620 0.00000 -0.50757 -0.50090 -0.70633 -0.69592 -0.70633 -0.69592 22.22598 -0.27570 179.87300 -0.01019
target: -1.77620 0.00000
target: -1.77620 0.00000
fb: -0.62252 0.00710 -1.00000 -1.00000
fb: -0.60886 0.00909 -1.00000 -1.00000
dist/lin/ang/drive_left/drive_right/tv_l/tv_r/av_l/av_r/x/y/theta/t_err: -0.55241 -1.75694 0.00000 -0.61796 -0.59977 -0.69469 -0.72003 -0.69469 -0.72003 21.74656 -0.27490 179.94554 -0.01169
target: -1.75694 0.00000
target: -1.75694 0.00000
fb: -0.63226 0.00746 -1.00000 -1.00000
fb: -0.74301 0.00419 -1.00000 -1.00000
dist/lin/ang/drive_left/drive_right/tv_l/tv_r/av_l/av_r/x/y/theta/t_err: -0.53755 -1.73315 0.00000 -0.74720 -0.73882 -0.72756 -0.73014 -0.72756 -0.73014 21.16151 -0.27469 180.00571 -0.01308
target: -1.73315 0.00000
target: -1.73315 0.00000
fb: -0.74100 0.00057 -1.00000 -1.00000
fb: -0.78336 0.00398 -1.00000 -1.00000
dist/lin/ang/drive_left/drive_right/tv_l/tv_r/av_l/av_r/x/y/theta/t_err: -0.52188 -1.70771 0.00000 -0.78734 -0.77938 -0.74294 -0.74603 -0.74294 -0.74603 20.54469 -0.27487 180.02996 -0.01390
target: -1.70771 0.00000
target: -1.70771 0.00000
fb: -0.89591 0.00412 -1.00000 -1.00000
fb: -0.84185 0.00355 -1.00000 -1.00000
dist/lin/ang/drive_left/drive_right/tv_l/tv_r/av_l/av_r/x/y/theta/t_err: -0.50505 -1.67994 0.00000 -0.84540 -0.83830 -0.75494 -0.75869 -0.75494 -0.75869 19.88182 -0.27542 180.06547 -0.01499
target: -1.67994 0.00000
target: -1.67994 0.00000
fb: -0.91557 0.01172 -1.00000 -1.00000
fb: -1.02418 0.01428 -1.00000 -1.00000
dist/lin/ang/drive_left/drive_right/tv_l/tv_r/av_l/av_r/x/y/theta/t_err: -0.48457 -1.64553 0.00000 -1.03845 -1.00990 -0.76469 -0.76569 -0.76469 -0.76569 19.07539 -0.27700 180.17266 -0.01753
target: -1.64553 0.00000
target: -1.64553 0.00000
fb: -0.99107 0.00682 -1.00000 -1.00000
fb: -1.04730 0.00298 -0.98118 -0.99764
dist/lin/ang/drive_left/drive_right/tv_l/tv_r/av_l/av_r/x/y/theta/t_err: -0.46362 -1.60957 0.00000 -1.05029 -1.04432 -0.79192 -0.79428 -0.79192 -0.79428 18.25074 -0.27999 180.23196 -0.01939
target: -1.60957 0.00000
target: -1.60957 0.00000
fb: -1.08215 0.00504 -0.92233 -0.93843
fb: -1.11505 0.01101 -0.90588 -0.92198
dist/lin/ang/drive_left/drive_right/tv_l/tv_r/av_l/av_r/x/y/theta/t_err: -0.44133 -1.57039 0.00000 -1.12606 -1.10404 -0.71847 -0.73167 -0.71847 -0.73167 17.37276 -0.28397 180.29909 -0.02156
target: -1.57039 0.00000
target: -1.57039 0.00000
fb: -1.10935 0.01392 -0.85659 -0.87229
fb: -1.17734 0.01577 -0.82260 -0.83830
dist/lin/ang/drive_left/drive_right/tv_l/tv_r/av_l/av_r/x/y/theta/t_err: -0.41779 -1.52794 0.00000 -1.19311 -1.16157 -0.69950 -0.68939 -0.69950 -0.68939 16.44574 -0.28990 180.43399 -0.02520
target: -1.52794 0.00000
target: -1.52794 0.00000
fb: -1.22591 0.02365 -0.74281 -0.75809
fb: -1.22793 0.02699 -0.74180 -0.75708
dist/lin/ang/drive_left/drive_right/tv_l/tv_r/av_l/av_r/x/y/theta/t_err: -0.39324 -1.48237 0.00000 -1.25492 -1.20094 -0.71286 -0.69078 -0.71286 -0.69078 15.47891 -0.29891 180.64067 -0.03049
target: -1.48237 0.00000
target: -1.48237 0.00000
fb: -1.15799 0.02280 -0.71901 -0.73383
fb: -1.17739 0.02379 -0.70931 -0.72413
dist/lin/ang/drive_left/drive_right/tv_l/tv_r/av_l/av_r/x/y/theta/t_err: -0.36970 -1.43732 0.00000 -1.20119 -1.15360 -0.71575 -0.73117 -0.71575 -0.73117 14.55191 -0.31100 180.84031 -0.03603
target: -1.43732 0.00000
target: -1.43732 0.00000
fb: -1.25882 0.02486 -0.62773 -0.64210
fb: -1.28972 0.02202 -0.61228 -0.62665
dist/lin/ang/drive_left/drive_right/tv_l/tv_r/av_l/av_r/x/y/theta/t_err: -0.34393 -1.38632 0.00000 -1.31173 -1.26770 -0.67639 -0.69539 -0.67639 -0.69539 13.53652 -0.32780 181.04650 -0.04248
target: -1.38632 0.00000
target: -1.38632 0.00000
fb: -1.35391 0.01982 -0.50437 -0.51824
fb: -1.27049 0.01818 -0.54609 -0.55995
dist/lin/ang/drive_left/drive_right/tv_l/tv_r/av_l/av_r/x/y/theta/t_err: -0.31855 -1.33418 0.00000 -1.28867 -1.25230 -0.59319 -0.60469 -0.59319 -0.60469 12.53633 -0.34755 181.21567 -0.04893
target: -1.33418 0.00000
target: -1.33418 0.00000
fb: -1.26474 0.01818 -0.49382 -0.50716
fb: -1.30930 0.01662 -0.47154 -0.48488
dist/lin/ang/drive_left/drive_right/tv_l/tv_r/av_l/av_r/x/y/theta/t_err: -0.29240 -1.27824 0.00000 -1.32592 -1.29268 -0.52958 -0.53608 -0.52958 -0.53608 11.50565 -0.37075 181.36172 -0.05598
target: -1.27824 0.00000
target: -1.27824 0.00000
fb: -1.26649 0.01811 -0.42216 -0.43494
fb: -1.27245 0.01889 -0.41918 -0.43196
dist/lin/ang/drive_left/drive_right/tv_l/tv_r/av_l/av_r/x/y/theta/t_err: -0.26699 -1.22145 0.00000 -1.29135 -1.25356 -0.48183 -0.48269 -0.48183 -0.48269 10.50403 -0.39585 181.51081 -0.06404
target: -1.22145 0.00000
target: -1.22145 0.00000
fb: -1.23738 0.02230 -0.37836 -0.39057
fb: -1.21599 0.02351 -0.38905 -0.40127
dist/lin/ang/drive_left/drive_right/tv_l/tv_r/av_l/av_r/x/y/theta/t_err: -0.24273 -1.16463 0.00000 -1.23950 -1.19248 -0.42589 -0.43428 -0.42589 -0.43428 9.54693 -0.42262 181.69227 -0.07377
target: -1.16463 0.00000
target: -1.16463 0.00000
fb: -1.20077 0.02173 -0.34197 -0.35362
fb: -1.22391 0.01179 -0.33040 -0.34205
dist/lin/ang/drive_left/drive_right/tv_l/tv_r/av_l/av_r/x/y/theta/t_err: -0.21833 -1.10454 0.00000 -1.23570 -1.21212 -0.39439 -0.40075 -0.39439 -0.40075 8.58368 -0.45257 181.84707 -0.08491
target: -1.10454 0.00000
target: -1.10454 0.00000
fb: -1.28385 -0.00142 -0.22803 -0.23908
fb: -1.15978 -0.00199 -0.29007 -0.30112
dist/lin/ang/drive_left/drive_right/tv_l/tv_r/av_l/av_r/x/y/theta/t_err: -0.19523 -1.04447 0.00000 -1.15779 -1.16176 -0.39969 -0.37356 -0.39969 -0.37356 7.67095 -0.48200 181.83518 -0.09478
target: -1.04447 0.00000
target: -1.04447 0.00000
fb: -1.13838 0.00575 -0.24318 -0.25363
fb: -1.19469 0.00668 -0.21503 -0.22548
dist/lin/ang/drive_left/drive_right/tv_l/tv_r/av_l/av_r/x/y/theta/t_err: -0.17146 -0.97882 -0.00000 -1.20136 -1.18801 -0.33333 -0.33997 -0.33333 -0.33997 6.73074 -0.51240 181.87621 -0.10873
target: -0.97882 0.00000
target: -0.97882 0.00000
fb: -1.12494 -0.00206 -0.16177 -0.17156
fb: -1.01634 -0.00362 -0.21607 -0.22586
dist/lin/ang/drive_left/drive_right/tv_l/tv_r/av_l/av_r/x/y/theta/t_err: -0.15012 -0.91590 0.00000 -1.01272 -1.01996 -0.27153 -0.26931 -0.27153 -0.26931 5.93090 -0.53853 181.85891 -0.10843
target: -0.91590 0.00000
target: -0.91590 0.00000
fb: -0.96954 -0.00717 -0.19137 -0.20053
fb: -0.93664 -0.00753 -0.20782 -0.21698
dist/lin/ang/drive_left/drive_right/tv_l/tv_r/av_l/av_r/x/y/theta/t_err: -0.13141 -0.85693 0.00000 -0.92911 -0.94417 -0.24058 -0.24181 -0.24058 -0.24181 5.19376 -0.56206 181.79250 -0.10727
target: -0.85693 0.00000
target: -0.85693 0.00000
fb: -0.91546 -0.00590 -0.17952 -0.18808
fb: -0.92495 -0.00646 -0.17477 -0.18334
dist/lin/ang/drive_left/drive_right/tv_l/tv_r/av_l/av_r/x/y/theta/t_err: -0.11293 -0.79439 0.00000 -0.91849 -0.93142 -0.22347 -0.23286 -0.22347 -0.23286 4.46580 -0.58447 181.73513 -0.10627
target: -0.79439 0.00000
target: -0.79439 0.00000
fb: -0.83006 -0.00994 -0.14616 -0.15411
fb: -0.75832 -0.01364 -0.18203 -0.18998
dist/lin/ang/drive_left/drive_right/tv_l/tv_r/av_l/av_r/x/y/theta/t_err: -0.09780 -0.73924 0.00000 -0.74468 -0.77195 -0.19625 -0.19967 -0.19625 -0.19967 3.86896 -0.60206 181.63418 -0.10450
target: -0.73924 0.00000
target: -0.73924 0.00000
fb: -0.72322 -0.01193 -0.17992 -0.18731
fb: -0.76580 -0.01492 -0.15862 -0.16602
dist/lin/ang/drive_left/drive_right/tv_l/tv_r/av_l/av_r/x/y/theta/t_err: -0.08252 -0.67904 0.00000 -0.75089 -0.78072 -0.18547 -0.20414 -0.18547 -0.20414 3.26619 -0.61861 181.51660 -0.10245
target: -0.67904 0.00000
target: -0.67904 0.00000
fb: -0.79689 -0.02102 0.09746 0.09067
fb: -0.67086 -0.02429 -0.12556 -0.13235
dist/lin/ang/drive_left/drive_right/tv_l/tv_r/av_l/av_r/x/y/theta/t_err: -0.06916 -0.62166 0.00000 -0.64656 -0.69515 -0.12544 -0.09342 -0.12544 -0.09342 2.73812 -0.63180 181.32570 -0.09912
target: -0.62166 0.00000
target: -0.62166 0.00000
fb: -0.61457 -0.02316 -0.11126 -0.11748
fb: -0.58368 -0.02472 -0.12671 -0.13292
dist/lin/ang/drive_left/drive_right/tv_l/tv_r/av_l/av_r/x/y/theta/t_err: -0.05755 -0.56709 0.00000 -0.55896 -0.60840 -0.11911 -0.12319 -0.11911 -0.12319 2.27864 -0.64163 181.11497 -0.09544
target: -0.56709 0.00000
target: -0.56709 0.00000
fb: -0.49455 -0.01769 -0.13156 -0.13723
fb: -0.47693 -0.01577 -0.14037 -0.14604
dist/lin/ang/drive_left/drive_right/tv_l/tv_r/av_l/av_r/x/y/theta/t_err: -0.04806 -0.51822 0.00000 -0.46116 -0.49269 -0.13725 -0.14594 -0.13725 -0.14594 1.90317 -0.64838 180.95706 -0.09269
target: -0.51822 0.00000
target: -0.51822 0.00000
fb: -0.50010 -0.01875 -0.10755 -0.11273
fb: -0.47693 -0.01435 -0.11913 -0.12431
dist/lin/ang/drive_left/drive_right/tv_l/tv_r/av_l/av_r/x/y/theta/t_err: -0.03857 -0.46422 0.00000 -0.46258 -0.49128 -0.13672 -0.14819 -0.13672 -0.14819 1.52768 -0.65415 180.80592 -0.09005
target: -0.46422 0.00000
target: -0.46422 0.00000
fb: -0.46349 -0.01200 0.10907 0.10443
fb: -0.42467 -0.01179 0.08966 0.08502
dist/lin/ang/drive_left/drive_right/tv_l/tv_r/av_l/av_r/x/y/theta/t_err: -0.03010 -0.41015 0.00000 -0.41288 -0.43646 -0.03303 -0.06794 -0.03303 -0.06794 1.19332 -0.65855 180.69832 -0.08817
target: -0.41015 0.00000
target: -0.41015 0.00000
fb: -0.38383 -0.01911 0.12151 0.11741
fb: -0.34298 -0.01918 0.10109 0.09698
dist/lin/ang/drive_left/drive_right/tv_l/tv_r/av_l/av_r/x/y/theta/t_err: -0.02329 -0.36078 0.00000 -0.32380 -0.36216 0.07853 0.06878 0.07853 0.06878 0.92327 -0.66150 180.53639 -0.08534
target: -0.36078 0.00000
target: -0.36078 0.00000
fb: -0.25009 -0.01342 0.08088 -0.08273
fb: -0.17643 -0.01158 -0.11596 -0.11957
dist/lin/ang/drive_left/drive_right/tv_l/tv_r/av_l/av_r/x/y/theta/t_err: -0.01980 -0.33262 0.00000 -0.16485 -0.18800 0.08283 0.00736 0.08283 0.00736 0.78436 -0.66265 180.42144 -0.08334
target: -0.33262 0.00000
target: -0.33262 0.00000
fb: -0.13558 -0.02514 -0.20479 -0.20812
fb: -0.12203 -0.03502 -0.21157 -0.21489
dist/lin/ang/drive_left/drive_right/tv_l/tv_r/av_l/av_r/x/y/theta/t_err: -0.01743 -0.31207 0.00000 -0.08702 -0.15705 -0.11808 -0.12542 -0.11808 -0.12542 0.68827 -0.66318 180.18245 -0.07917
target: -0.31207 0.00000
target: -0.31207 0.00000
fb: -0.14714 -0.03282 -0.21358 -0.21670
fb: -0.18003 -0.03289 -0.19713 -0.20025
dist/lin/ang/drive_left/drive_right/tv_l/tv_r/av_l/av_r/x/y/theta/t_err: -0.01391 -0.27881 0.00000 -0.14714 -0.21292 -0.19728 -0.19608 -0.19728 -0.19608 0.54651 -0.66327 179.90065 -0.07425
target: -0.27881 0.00000
target: -0.27881 0.00000
fb: -0.20143 -0.03488 -0.09724 -0.10003
fb: -0.20540 -0.02990 -0.09525 -0.09804
dist/lin/ang/drive_left/drive_right/tv_l/tv_r/av_l/av_r/x/y/theta/t_err: -0.00989 -0.23505 0.00000 -0.17550 -0.23530 -0.15692 -0.17439 -0.15692 -0.17439 0.38478 -0.66258 179.61378 -0.06924
target: -0.23505 0.00000
target: -0.23505 0.00000
fb: -0.17038 -0.01513 -0.20635 -0.20635
fb: -0.14155 -0.01144 -0.22077 -0.22077
dist/lin/ang/drive_left/drive_right/tv_l/tv_r/av_l/av_r/x/y/theta/t_err: -0.00709 -0.00709 0.00000 -0.13011 -0.15298 -0.13331 -0.12883 -0.13331 -0.12883 0.27333 -0.66168 179.48215 -0.06694
target: -0.00709 0.00000
target: -0.00709 0.00000
fb: -0.12415 -0.00888 -0.08284 -0.08284
fb: -0.12198 -0.00469 -0.08284 -0.08284
dist/lin/ang/drive_left/drive_right/tv_l/tv_r/av_l/av_r/x/y/theta/t_err: -0.00467 -0.00467 0.00000 -0.11729 -0.12667 -0.14236 -0.14442 -0.14236 -0.14442 0.17729 -0.66076 179.43242 -0.06608
target: -0.00467 0.00000
target: -0.00467 0.00000
fb: -0.15117 0.00994 -0.08187 -0.08187
fb: -0.15519 0.00916 -0.08187 -0.08187
dist/lin/ang/drive_left/drive_right/tv_l/tv_r/av_l/av_r/x/y/theta/t_err: -0.00154 -0.00154 -0.00000 -0.16435 -0.14603 -0.07819 -0.07886 -0.07819 -0.07886 0.05510 -0.65962 179.50926 -0.06742
target: -0.00154 0.00000
target: -0.00154 0.00000
fb: -0.14372 0.00796 -0.08062 -0.08062
fb: -0.15718 0.00980 -0.08062 -0.08062
dist/lin/ang/drive_left/drive_right/tv_l/tv_r/av_l/av_r/x/y/theta/t_err: 0.00162 0.00162 -0.00000 -0.16698 -0.14737 -0.07753 -0.07683 -0.07753 -0.07683 -0.06866 -0.65864 179.58391 -0.06872
target: 0.00162 0.00000
target: 0.00162 0.00000
fb: -0.16865 0.00817 0.08065 0.08065
fb: -0.16886 0.00689 0.08065 0.08065
dist/lin/ang/drive_left/drive_right/tv_l/tv_r/av_l/av_r/x/y/theta/t_err: 0.00502 0.00502 -0.00000 -0.17575 -0.16197 -0.01506 -0.01025 -0.01506 -0.01025 -0.20162 -0.65776 179.64854 -0.06985
target: 0.00502 0.00000
target: 0.00502 0.00000
fb: -0.16510 0.00497 0.08201 0.08201
fb: -0.14170 0.00447 0.08201 0.08201
dist/lin/ang/drive_left/drive_right/tv_l/tv_r/av_l/av_r/x/y/theta/t_err: 0.00786 0.20963 -0.00000 -0.14617 -0.13722 0.06775 0.06808 0.06775 0.06808 -0.31319 -0.65711 179.68773 -0.07053
target: 0.20963 0.00000
target: 0.20963 0.00000
fb: -0.12602 0.00178 0.33168 0.33168
fb: -0.11232 -0.00277 0.32482 0.32482
dist/lin/ang/drive_left/drive_right/tv_l/tv_r/av_l/av_r/x/y/theta/t_err: 0.01011 0.23770 -0.00000 -0.10955 -0.11509 0.16172 0.16903 0.16172 0.16903 -0.40163 -0.65664 179.68927 -0.07056
target: 0.23770 0.00000
target: 0.23770 0.00000
fb: -0.08139 -0.00831 0.33462 0.33462
fb: -0.03104 -0.01136 0.30945 0.30945
dist/lin/ang/drive_left/drive_right/tv_l/tv_r/av_l/av_r/x/y/theta/t_err: 0.01071 0.24462 0.00000 -0.01968 -0.04241 0.29192 0.29514 0.29192 0.29514 -0.42607 -0.65650 179.60922 -0.06916
target: 0.24462 0.00000
target: 0.24462 0.00000
fb: 0.00008 -0.00845 0.30012 0.30012
fb: -0.00193 -0.00455 0.30112 0.30112
dist/lin/ang/drive_left/drive_right/tv_l/tv_r/av_l/av_r/x/y/theta/t_err: 0.01073 0.24484 0.00000 0.00262 -0.00647 0.28472 0.28592 0.28472 0.28592 -0.42759 -0.65649 179.54441 -0.06803
target: 0.24484 0.00000
target: 0.24484 0.00000
fb: -0.00194 -0.00661 0.30133 0.30133
fb: 0.00005 -0.00561 0.30033 0.30033
dist/lin/ang/drive_left/drive_right/tv_l/tv_r/av_l/av_r/x/y/theta/t_err: 0.01071 0.24464 0.00000 0.00566 -0.00556 0.28714 0.28556 0.28714 0.28556 -0.42755 -0.65649 179.48841 -0.06705
target: 0.24464 0.00000
target: 0.24464 0.00000
fb: 0.01945 0.00057 0.29045 0.29045
fb: 0.07569 0.00000 0.26233 0.26233
dist/lin/ang/drive_left/drive_right/tv_l/tv_r/av_l/av_r/x/y/theta/t_err: 0.00920 0.22669 0.00000 0.07569 0.07569 0.28372 0.28336 0.28372 0.28336 -0.36796 -0.65702 179.48615 -0.06701
target: 0.22669 0.00000
target: 0.22669 0.00000
fb: 0.12998 -0.00355 0.21903 0.21903
fb: 0.18032 -0.00732 0.19386 0.19386
start is 0.00000 0.00000
dist/lin/ang/drive_left/drive_right/tv_l/tv_r/av_l/av_r/x/y/theta/t_err: 0.60960 1.77800 0.00000 -0.00000 -0.00000 0.00000 -0.00000 0.00000 -0.00000 -0.00000 -0.00000 0.00072 -0.00001
target: 1.77800 0.00000
target: 1.77800 0.00000
fb: 0.00000 0.00000 1.00000 1.00000
fb: 0.00000 0.00000 1.00000 1.00000
dist/lin/ang/drive_left/drive_right/tv_l/tv_r/av_l/av_r/x/y/theta/t_err: 0.60960 1.77800 0.00000 0.00000 0.00000 0.06828 0.06689 0.06828 0.06689 0.00000 -0.00000 -0.00079 0.00001
target: 1.77800 0.00000
target: 1.77800 0.00000
fb: -0.00000 0.00000 1.00000 1.00000
fb: 0.00000 0.00000 1.00000 1.00000
dist/lin/ang/drive_left/drive_right/tv_l/tv_r/av_l/av_r/x/y/theta/t_err: 0.60960 1.77800 0.00000 0.00000 0.00000 0.50753 0.53061 0.50753 0.53061 0.00000 -0.00000 -0.00111 0.00002
target: 1.77800 0.00000
target: 1.77800 0.00000
fb: 0.00001 -0.00455 1.00000 1.00000
fb: 0.06578 -0.00099 1.00000 1.00000
dist/lin/ang/drive_left/drive_right/tv_l/tv_r/av_l/av_r/x/y/theta/t_err: 0.60828 1.77800 0.00000 0.06677 0.06478 0.69469 0.70292 0.69469 0.70292 0.05179 -0.00002 -0.02381 0.00042
target: 1.77800 0.00000
target: 1.77800 0.00000
fb: 0.19773 -0.00234 1.00000 1.00000
fb: 0.29880 -0.00732 1.00000 1.00000
dist/lin/ang/drive_left/drive_right/tv_l/tv_r/av_l/av_r/x/y/theta/t_err: 0.60231 1.77800 0.00000 0.30612 0.29149 0.71128 0.72856 0.71128 0.72856 0.28707 -0.00017 -0.05782 0.00102
target: 1.77800 0.00000
target: 1.77800 0.00000
fb: 0.34340 -0.00881 1.00000 1.00000
fb: 0.38998 -0.00845 1.00000 1.00000
dist/lin/ang/drive_left/drive_right/tv_l/tv_r/av_l/av_r/x/y/theta/t_err: 0.59451 1.77800 0.00000 0.39843 0.38152 0.71644 0.73544 0.71644 0.73544 0.59414 -0.00070 -0.13677 0.00242
target: 1.77800 0.00000
target: 1.77800 0.00000
fb: 0.43056 -0.00270 1.00000 1.00000
fb: 0.48282 0.00099 1.00000 1.00000
dist/lin/ang/drive_left/drive_right/tv_l/tv_r/av_l/av_r/x/y/theta/t_err: 0.58485 1.77800 0.00000 0.48182 0.48381 0.74811 0.75067 0.74811 0.75067 0.97431 -0.00170 -0.15447 0.00277
target: 1.77800 0.00000
target: 1.77800 0.00000
fb: 0.53333 0.00128 1.00000 1.00000
fb: 0.53731 -0.00369 1.00000 1.00000
dist/lin/ang/drive_left/drive_right/tv_l/tv_r/av_l/av_r/x/y/theta/t_err: 0.57411 1.77800 0.00000 0.54101 0.53362 0.75544 0.75597 0.75544 0.75597 1.39739 -0.00286 -0.16412 0.00299
target: 1.77800 0.00000
target: 1.77800 0.00000
fb: 0.57597 -0.01094 1.00000 1.00000
fb: 0.63427 -0.01392 1.00000 1.00000
dist/lin/ang/drive_left/drive_right/tv_l/tv_r/av_l/av_r/x/y/theta/t_err: 0.56142 1.77122 0.00000 0.64819 0.62034 0.74606 0.74331 0.74606 0.74331 1.89681 -0.00471 -0.26699 0.00487
target: 1.77122 0.00000
target: 1.77122 0.00000
fb: 0.65371 -0.01527 1.00000 1.00000
fb: 0.70602 -0.01804 1.00000 1.00000
dist/lin/ang/drive_left/drive_right/tv_l/tv_r/av_l/av_r/x/y/theta/t_err: 0.54730 1.74880 0.00000 0.72406 0.68798 0.74981 0.75100 0.74981 0.75100 2.45272 -0.00803 -0.41720 0.00765
target: 1.74880 0.00000
target: 1.74880 0.00000
fb: 0.72745 -0.02067 1.00000 1.00000
fb: 0.75836 -0.02301 1.00000 1.00000
dist/lin/ang/drive_left/drive_right/tv_l/tv_r/av_l/av_r/x/y/theta/t_err: 0.53213 1.72440 0.00000 0.78137 0.73534 0.76844 0.76914 0.76844 0.76914 3.04983 -0.01340 -0.61039 0.01129
target: 1.72440 0.00000
target: 1.72440 0.00000
fb: 0.89630 -0.02791 1.00000 1.00000
fb: 0.92744 -0.03061 1.00000 1.00000
dist/lin/ang/drive_left/drive_right/tv_l/tv_r/av_l/av_r/x/y/theta/t_err: 0.51359 1.69409 0.00000 0.95805 0.89682 0.77169 0.77822 0.77169 0.77822 3.78003 -0.02272 -0.86404 0.01620
target: 1.69409 0.00000
target: 1.69409 0.00000
fb: 0.99495 -0.02500 1.00000 1.00000
fb: 1.05119 -0.02308 1.00000 1.00000
dist/lin/ang/drive_left/drive_right/tv_l/tv_r/av_l/av_r/x/y/theta/t_err: 0.49257 1.65906 0.00000 1.07427 1.02810 0.79086 0.79444 0.79086 0.79444 4.60762 -0.03674 -1.07448 0.02065
target: 1.65906 0.00000
target: 1.65906 0.00000
fb: 1.05735 -0.02039 0.98639 1.00000
fb: 1.03393 -0.01506 0.99809 1.00000
dist/lin/ang/drive_left/drive_right/tv_l/tv_r/av_l/av_r/x/y/theta/t_err: 0.47189 1.62387 0.00000 1.04899 1.01887 0.73336 0.82047 0.73336 0.82047 5.42157 -0.05316 -1.23378 0.02440
target: 1.62387 0.00000
target: 1.62387 0.00000
fb: 1.07825 -0.00923 0.94144 0.95768
fb: 1.15388 0.00000 0.90362 0.91986
dist/lin/ang/drive_left/drive_right/tv_l/tv_r/av_l/av_r/x/y/theta/t_err: 0.44882 1.58368 0.00000 1.15388 1.15388 0.69997 0.69231 0.69997 0.69231 6.32991 -0.07332 -1.29222 0.02670
target: 1.58368 0.00000
target: 1.58368 0.00000
fb: 1.14237 -0.00142 0.84828 0.86412
fb: 1.08810 -0.00582 0.87542 0.89126
dist/lin/ang/drive_left/drive_right/tv_l/tv_r/av_l/av_r/x/y/theta/t_err: 0.42707 1.54482 0.00000 1.09392 1.08227 0.67503 0.65242 0.67503 0.65242 7.18646 -0.09278 -1.32152 0.02858
target: 1.54482 0.00000
target: 1.54482 0.00000
fb: 1.07070 -0.00852 0.85283 0.86828
fb: 1.20045 -0.00469 0.78795 0.80340
dist/lin/ang/drive_left/drive_right/tv_l/tv_r/av_l/av_r/x/y/theta/t_err: 0.40307 1.50079 0.00000 1.20514 1.19576 0.68939 0.65911 0.68939 0.65911 8.13143 -0.11522 -1.39053 0.03153
target: 1.50079 0.00000
target: 1.50079 0.00000
fb: 1.24700 -0.00760 0.69912 0.71413
fb: 1.29180 -0.00838 0.67672 0.69172
dist/lin/ang/drive_left/drive_right/tv_l/tv_r/av_l/av_r/x/y/theta/t_err: 0.37725 1.45192 0.00000 1.30019 1.28342 0.70875 0.69658 0.70875 0.69658 9.14828 -0.14055 -1.46371 0.03501
target: 1.45192 0.00000
target: 1.45192 0.00000
fb: 1.28387 -0.01144 0.61200 0.62652
fb: 1.29358 -0.00909 0.60715 0.62167
dist/lin/ang/drive_left/drive_right/tv_l/tv_r/av_l/av_r/x/y/theta/t_err: 0.35140 1.40129 0.00000 1.30267 1.28449 0.65311 0.66200 0.65311 0.66200 10.16650 -0.16741 -1.55133 0.03918
target: 1.40129 0.00000
target: 1.40129 0.00000
fb: 1.35378 -0.00085 0.52049 0.53450
fb: 1.21032 -0.00142 0.59222 0.60623
dist/lin/ang/drive_left/drive_right/tv_l/tv_r/av_l/av_r/x/y/theta/t_err: 0.32721 1.35220 0.00000 1.21174 1.20890 0.58467 0.59067 0.58467 0.59067 11.11916 -0.19327 -1.55581 0.04216
target: 1.35220 0.00000
target: 1.35220 0.00000
fb: 1.23726 -0.00568 0.53861 0.55213
fb: 1.29354 -0.00313 0.51046 0.52398
dist/lin/ang/drive_left/drive_right/tv_l/tv_r/av_l/av_r/x/y/theta/t_err: 0.30136 1.29770 0.00000 1.29667 1.29042 0.56314 0.56928 0.56314 0.56928 12.13731 -0.22130 -1.59817 0.04655
target: 1.29770 0.00000
target: 1.29770 0.00000
fb: 1.20438 0.00000 0.47834 0.49132
fb: 1.26835 0.00263 0.44636 0.45934
dist/lin/ang/drive_left/drive_right/tv_l/tv_r/av_l/av_r/x/y/theta/t_err: 0.27603 1.24195 0.00000 1.26572 1.27098 0.51006 0.52103 0.51006 0.52103 13.13562 -0.24920 -1.59519 0.05077
target: 1.24195 0.00000
target: 1.24195 0.00000
fb: 1.26260 0.00000 0.39010 0.40252
fb: 1.23546 0.00000 0.40367 0.41609
dist/lin/ang/drive_left/drive_right/tv_l/tv_r/av_l/av_r/x/y/theta/t_err: 0.25135 1.18514 0.00000 1.23546 1.23546 0.45258 0.46356 0.45258 0.46356 14.10805 -0.27621 -1.58657 0.05561
target: 1.18514 0.00000
target: 1.18514 0.00000
fb: 1.36146 -0.00064 0.28137 0.29322
fb: 1.32838 -0.00519 0.29791 0.30976
dist/lin/ang/drive_left/drive_right/tv_l/tv_r/av_l/av_r/x/y/theta/t_err: 0.22483 1.12087 0.00000 1.33357 1.32320 0.39972 0.40108 0.39972 0.40108 15.15362 -0.30522 -1.60240 0.06246
target: 1.12087 0.00000
target: 1.12087 0.00000
fb: 1.23925 -0.00170 0.24721 0.25842
fb: 1.20055 0.02301 0.26656 0.27777
dist/lin/ang/drive_left/drive_right/tv_l/tv_r/av_l/av_r/x/y/theta/t_err: 0.20087 1.05947 0.00000 1.17754 1.22357 0.35267 0.34939 0.35267 0.34939 16.09857 -0.33156 -1.54300 0.06887
target: 1.05947 0.00000
target: 1.05947 0.00000
fb: 1.11505 0.02095 0.26325 0.27384
fb: 1.11683 0.01200 0.26236 0.27295
dist/lin/ang/drive_left/drive_right/tv_l/tv_r/av_l/av_r/x/y/theta/t_err: 0.17859 0.99899 0.00000 1.10483 1.12883 0.31483 0.32389 0.31483 0.32389 16.97768 -0.35378 -1.37763 0.07438
target: 0.99899 0.00000
target: 0.99899 0.00000
fb: 1.08973 0.01392 0.22199 0.23198
fb: 1.09766 0.01762 0.21803 0.22802
dist/lin/ang/drive_left/drive_right/tv_l/tv_r/av_l/av_r/x/y/theta/t_err: 0.15671 0.93578 0.00000 1.08005 1.11528 0.28386 0.29431 0.28386 0.29431 17.84176 -0.37359 -1.24400 0.08230
target: 0.93578 0.00000
target: 0.93578 0.00000
fb: 1.06653 0.01769 0.16063 0.16999
fb: 0.99085 0.01243 0.19847 0.20782
dist/lin/ang/drive_left/drive_right/tv_l/tv_r/av_l/av_r/x/y/theta/t_err: 0.13639 0.87302 0.00000 0.97842 1.00328 0.24094 0.26383 0.24094 0.26383 18.62179 -0.38945 -1.09937 0.07978
target: 0.87302 0.00000
target: 0.87302 0.00000
fb: 0.96969 0.01406 0.15082 0.15955
fb: 0.87832 0.01875 0.19651 0.20524
dist/lin/ang/drive_left/drive_right/tv_l/tv_r/av_l/av_r/x/y/theta/t_err: 0.11886 0.81496 0.00000 0.85957 0.89707 0.21819 0.23253 0.21819 0.23253 19.31327 -0.40197 -0.95839 0.07732
target: 0.81496 0.00000
target: 0.81496 0.00000
fb: 0.86087 0.01833 0.17069 0.17884
fb: 0.88051 0.01804 0.16088 0.16903
dist/lin/ang/drive_left/drive_right/tv_l/tv_r/av_l/av_r/x/y/theta/t_err: 0.10128 0.75230 0.00000 0.86246 0.89855 0.20753 0.21078 0.20753 0.21078 20.00650 -0.41258 -0.79385 0.07445
target: 0.75230 0.00000
target: 0.75230 0.00000
fb: 0.78144 0.01328 0.12949 0.13702
fb: 0.72522 0.00511 0.15761 0.16513
dist/lin/ang/drive_left/drive_right/tv_l/tv_r/av_l/av_r/x/y/theta/t_err: 0.08680 0.69643 0.00000 0.72010 0.73033 0.17847 0.17933 0.17847 0.17933 20.57749 -0.41990 -0.69214 0.07267
target: 0.69643 0.00000
target: 0.69643 0.00000
fb: 0.67693 0.00426 0.15872 0.16568
fb: 0.65532 0.00540 0.16952 0.17649
dist/lin/ang/drive_left/drive_right/tv_l/tv_r/av_l/av_r/x/y/theta/t_err: 0.07370 0.64174 0.00000 0.64992 0.66072 0.16614 0.17147 0.16614 0.17147 21.09346 -0.42594 -0.64883 0.07191
target: 0.64174 0.00000
target: 0.64174 0.00000
fb: 0.62442 0.00675 0.13774 0.14416
fb: 0.56240 0.00696 0.16875 0.17516
dist/lin/ang/drive_left/drive_right/tv_l/tv_r/av_l/av_r/x/y/theta/t_err: 0.06246 0.59080 0.00000 0.55544 0.56937 0.16594 0.17097 0.16594 0.17097 21.53627 -0.43071 -0.58572 0.07081
target: 0.59080 0.00000
target: 0.59080 0.00000
fb: 0.56417 0.00582 0.13586 0.14177
fb: 0.55668 0.00419 0.13961 0.14552
dist/lin/ang/drive_left/drive_right/tv_l/tv_r/av_l/av_r/x/y/theta/t_err: 0.05134 0.53562 0.00000 0.55249 0.56087 0.16581 0.17881 0.16581 0.17881 21.97458 -0.43499 -0.53446 0.06992
target: 0.53562 0.00000
target: 0.53562 0.00000
fb: 0.50440 0.00156 0.09369 0.09904
fb: 0.48477 0.00170 0.10350 0.10886
dist/lin/ang/drive_left/drive_right/tv_l/tv_r/av_l/av_r/x/y/theta/t_err: 0.04165 0.48243 0.00000 0.48307 0.48648 0.13603 0.14903 0.13603 0.14903 22.35627 -0.43848 -0.51457 0.06957
target: 0.48243 0.00000
target: 0.48243 0.00000
fb: 0.48080 0.00277 -0.09665 -0.09183
fb: 0.45189 0.00313 -0.08219 0.08263
dist/lin/ang/drive_left/drive_right/tv_l/tv_r/av_l/av_r/x/y/theta/t_err: 0.03262 0.42692 0.00000 0.44876 0.45501 0.04089 0.06517 0.04089 0.06517 22.71207 -0.44159 -0.48606 0.06907
target: 0.42692 0.00000
target: 0.42692 0.00000
fb: 0.41701 0.00646 -0.12842 -0.12415
fb: 0.33930 0.01342 -0.08956 -0.08529
dist/lin/ang/drive_left/drive_right/tv_l/tv_r/av_l/av_r/x/y/theta/t_err: 0.02585 0.38004 0.00000 0.32588 0.35273 -0.07817 -0.01608 -0.07817 -0.01608 22.97923 -0.44372 -0.40552 0.06767
target: 0.38004 0.00000
target: 0.38004 0.00000
fb: 0.27901 0.02039 0.09438 0.09818
fb: 0.24213 0.01840 0.11282 0.11662
dist/lin/ang/drive_left/drive_right/tv_l/tv_r/av_l/av_r/x/y/theta/t_err: 0.02104 0.34288 0.00000 0.22374 0.26053 -0.00069 -0.02103 -0.00069 -0.02103 23.16988 -0.44479 -0.23435 0.06468
target: 0.34288 0.00000
target: 0.34288 0.00000
fb: 0.18808 0.01328 0.14786 0.15129
fb: 0.15898 0.01250 0.16241 0.16584
dist/lin/ang/drive_left/drive_right/tv_l/tv_r/av_l/av_r/x/y/theta/t_err: 0.01788 0.31612 0.00000 0.14648 0.17149 0.11633 0.12183 0.11633 0.12183 23.29507 -0.44516 -0.10933 0.06250
target: 0.31612 0.00000
target: 0.31612 0.00000
fb: 0.16474 0.01229 0.18073 0.18389
fb: 0.18218 0.01016 0.17200 0.17517
dist/lin/ang/drive_left/drive_right/tv_l/tv_r/av_l/av_r/x/y/theta/t_err: 0.01426 0.28227 0.00000 0.17202 0.19234 0.16256 0.15897 0.16256 0.15897 23.43852 -0.44531 -0.01394 0.06083
target: 0.28227 0.00000
target: 0.28227 0.00000
fb: 0.19388 0.00959 0.10172 0.10455
fb: 0.16675 0.00447 0.11529 0.11811
dist/lin/ang/drive_left/drive_right/tv_l/tv_r/av_l/av_r/x/y/theta/t_err: 0.01094 0.24723 0.00000 0.16228 0.17123 0.14542 0.16394 0.14542 0.16394 23.56982 -0.44525 0.05779 0.05958
target: 0.24723 0.00000
target: 0.24723 0.00000
fb: 0.13569 -0.00426 0.23466 0.23466
fb: 0.12803 -0.01080 0.23849 0.23849
dist/lin/ang/drive_left/drive_right/tv_l/tv_r/av_l/av_r/x/y/theta/t_err: 0.00837 0.21623 0.00000 0.13883 0.11723 0.15211 0.13244 0.15211 0.13244 23.67063 -0.44518 0.00442 0.06051
target: 0.21623 0.00000
target: 0.21623 0.00000
fb: 0.12431 -0.01158 0.21245 0.21245
fb: 0.15147 -0.01470 0.19887 0.19887
dist/lin/ang/drive_left/drive_right/tv_l/tv_r/av_l/av_r/x/y/theta/t_err: 0.00531 0.00531 0.00000 0.16618 0.13677 0.20464 0.20994 0.20464 0.20994 23.78990 -0.44530 -0.10983 0.06251
target: 0.00531 0.00000
target: 0.00531 0.00000
fb: 0.18613 -0.01314 -0.16828 -0.16828
fb: 0.19979 -0.01023 -0.17511 -0.17511
dist/lin/ang/drive_left/drive_right/tv_l/tv_r/av_l/av_r/x/y/theta/t_err: 0.00130 0.00130 0.00000 0.21002 0.18957 0.08747 0.14425 0.08747 0.14425 23.94722 -0.44577 -0.21972 0.06443
target: 0.00130 0.00000
target: 0.00130 0.00000
fb: 0.20573 -0.00845 -0.18170 -0.18170
fb: 0.19203 -0.00632 -0.17485 -0.17485
dist/lin/ang/drive_left/drive_right/tv_l/tv_r/av_l/av_r/x/y/theta/t_err: -0.00256 -0.00256 0.00000 0.19835 0.18571 -0.14372 -0.13794 -0.14372 -0.13794 24.09842 -0.44644 -0.28500 0.06556
target: -0.00256 0.00000
target: -0.00256 0.00000
fb: 0.19399 0.00071 -0.17930 -0.17930
fb: 0.16301 0.01953 -0.08102 -0.08102
dist/lin/ang/drive_left/drive_right/tv_l/tv_r/av_l/av_r/x/y/theta/t_err: -0.00580 -0.00580 0.00000 0.14348 0.18254 -0.15997 -0.16169 -0.15997 -0.16169 24.22678 -0.44705 -0.22253 0.06447
target: -0.00580 0.00000
target: -0.00580 0.00000
fb: 0.08129 0.01591 -0.08232 -0.08232
fb: 0.02503 0.01257 -0.08232 -0.08232
dist/lin/ang/drive_left/drive_right/tv_l/tv_r/av_l/av_r/x/y/theta/t_err: -0.00628 -0.00628 0.00000 0.01246 0.03760 -0.08058 -0.09442 -0.08058 -0.09442 24.24649 -0.44711 -0.08374 0.06205
target: -0.00628 0.00000
target: -0.00628 0.00000
fb: 0.01159 0.01250 -0.08251 -0.08251
fb: 0.00763 0.00980 -0.08251 -0.08251
dist/lin/ang/drive_left/drive_right/tv_l/tv_r/av_l/av_r/x/y/theta/t_err: -0.00641 -0.00641 0.00000 -0.00217 0.01743 -0.07153 -0.07203 -0.07153 -0.07203 24.25249 -0.44712 0.02290 0.06019
target: -0.00641 0.00000
target: -0.00641 0.00000
fb: -0.00005 -0.00320 -0.08256 -0.08256
fb: 0.00004 -0.01243 -0.08256 -0.08256
dist/lin/ang/drive_left/drive_right/tv_l/tv_r/av_l/av_r/x/y/theta/t_err: -0.00642 -0.00642 0.00000 0.01247 -0.01239 -0.07136 -0.07083 -0.07136 -0.07083 24.25252 -0.44712 -0.01974 0.06093
target: -0.00642 0.00000
target: -0.00642 0.00000
fb: 0.00008 -0.01087 -0.08257 -0.08257
fb: 0.00008 -0.00980 -0.08257 -0.08257
dist/lin/ang/drive_left/drive_right/tv_l/tv_r/av_l/av_r/x/y/theta/t_err: -0.00644 -0.00644 0.00000 0.00989 -0.00972 -0.07119 -0.07117 -0.07119 -0.07117 24.25259 -0.44712 -0.11386 0.06258
target: -0.00644 0.00000
target: -0.00644 0.00000
fb: 0.00006 -0.00675 -0.08258 -0.08258
fb: 0.00005 -0.00547 -0.08258 -0.08258
dist/lin/ang/drive_left/drive_right/tv_l/tv_r/av_l/av_r/x/y/theta/t_err: -0.00645 -0.00645 0.00000 0.00552 -0.00542 -0.07358 -0.07325 -0.07358 -0.07325 24.25263 -0.44712 -0.16765 0.06352
target: -0.00645 0.00000
target: -0.00645 0.00000
fb: 0.00004 -0.00362 -0.08258 -0.08258
fb: 0.00201 -0.00156 -0.08258 -0.08258
dist/lin/ang/drive_left/drive_right/tv_l/tv_r/av_l/av_r/x/y/theta/t_err: -0.00650 -0.00650 0.00000 0.00357 0.00045 -0.07411 -0.07375 -0.07411 -0.07375 24.25421 -0.44712 -0.19461 0.06399
target: -0.00650 0.00000
target: -0.00650 0.00000
fb: -0.00397 0.00241 -0.08260 -0.08260
fb: -0.02341 0.00519 -0.08260 -0.08260
final error: 0.50543, x: -0.23577, y: 0.44707
final local error: 0.50543, forwards: -0.23710, sideways: 0.44636
position: 24.23577 -0.44707 -0.16999
took 1.06000 time to finish turn
WARNING - pros.serial.terminal.terminal:stop - Stopping terminal - pros-cli version:3.5.6

[tomas@nixbtw:~/projects/Robotics/current/libs/lyfast]$

