
[tomas@nixbtw:~/projects/Robotics/current/libs/lyfast]$ t
Not sending analytics for this command.

Established terminal connection
LQR:computing forwards angle



         _+=+_
      .-`  .  `-.          8888888b.  8888888b.   .d88888b.   .d8888b.
   _+`     "     `+_       888   Y88b 888   Y88b d88P" "Y88b d88P  Y88b
  \\\sssssssssssss///      888    888 888    888 888     888 Y88b.
     .ss\  *  /ss.         888   d88P 888   d88P 888     888  "Y888b.
 .+bm  .s  *  s.  md+.     8888888P"  8888888P"  888     888     "Y88b.
.hMMMMs .  *  . sMMMMh.    888        888 T88b   888     888       "888
 `\hMMMb \ | / dMMMh:      888        888  T88b  Y88b. .d88P Y88b  d88P
   -SNMNo  -  oNMNs-       888        888   T88b  "Y88888P"   "Y8888P"
     `+dMh\./dMd/
        `:yNy:`                      Powered by PROS for VEX V5
           "                Copyright (c) Purdue University ACM SIGBots
Version:        4.2.1     Platform:  V1.1.5 (b18)     Uptime:    0.000 s
Compiled:   Jan  1 1980 00:00:00     Directory:


starting task: 2310176
timed correctly: 2313067
start is 0.000 0.000
dist/lin/ang/drive_left/drive_right/tv_l/tv_r/av_l/av_r/x/y/theta/t_err: 0.60960 1.77800 0.00000 0.00000 0.00000 0.00000 0.00000 0.00000 0.00000 0.00000 -0.00000 -0.00052 0.00001
target: 1.77800 0.00000
target: 1.77800 0.00000
fb: 0.00000 0.00000 1.00000 1.00000
fb: 0.00000 0.00000 1.00000 1.00000
dist/lin/ang/drive_left/drive_right/tv_l/tv_r/av_l/av_r/x/y/theta/t_err: 0.60960 1.77800 0.00000 0.00000 0.00000 0.16511 0.12114 0.16511 0.12114 0.00000 -0.00000 -0.00102 0.00002
target: 1.77800 0.00000
target: 1.77800 0.00000
fb: 0.00001 -0.00376 1.00000 1.00000
fb: 0.00005 -0.00980 1.00000 1.00000
dist/lin/ang/drive_left/drive_right/tv_l/tv_r/av_l/av_r/x/y/theta/t_err: 0.60960 1.77800 0.00000 0.00985 -0.00976 0.60297 0.58589 0.60297 0.58589 0.00004 -0.00000 -0.05321 0.00093
target: 1.77800 0.00000
target: 1.77800 0.00000
fb: 0.00006 -0.00611 1.00000 1.00000
fb: 0.10663 -0.00945 1.00000 1.00000
dist/lin/ang/drive_left/drive_right/tv_l/tv_r/av_l/av_r/x/y/theta/t_err: 0.60747 1.77800 0.00000 0.11608 0.09719 0.59358 0.65589 0.59358 0.65589 0.08400 -0.00014 -0.11691 0.00205
target: 1.77800 0.00000
target: 1.77800 0.00000
fb: 0.27922 -0.01421 1.00000 1.00000
fb: 0.36861 -0.01406 1.00000 1.00000
dist/lin/ang/drive_left/drive_right/tv_l/tv_r/av_l/av_r/x/y/theta/t_err: 0.60009 1.77800 0.00000 0.38267 0.35455 0.67144 0.72994 0.67144 0.72994 0.37424 -0.00105 -0.23997 0.00423
target: 1.77800 0.00000
target: 1.77800 0.00000
fb: 0.39772 -0.00753 1.00000 1.00000
fb: 0.42680 -0.00185 1.00000 1.00000
dist/lin/ang/drive_left/drive_right/tv_l/tv_r/av_l/av_r/x/y/theta/t_err: 0.59156 1.77800 0.00000 0.42865 0.42495 0.68614 0.77067 0.68614 0.77067 0.71030 -0.00265 -0.28873 0.00515
target: 1.77800 0.00000
target: 1.77800 0.00000
fb: 0.49648 0.00376 1.00000 1.00000
fb: 0.52161 0.00639 1.00000 1.00000
dist/lin/ang/drive_left/drive_right/tv_l/tv_r/av_l/av_r/x/y/theta/t_err: 0.58113 1.77800 0.00000 0.51522 0.52800 0.77650 0.76400 0.77650 0.76400 1.12101 -0.00463 -0.25688 0.00469
target: 1.77800 0.00000
target: 1.77800 0.00000
fb: 0.53726 0.00561 1.00000 1.00000
fb: 0.60104 0.00291 1.00000 1.00000
dist/lin/ang/drive_left/drive_right/tv_l/tv_r/av_l/av_r/x/y/theta/t_err: 0.56911 1.76329 0.00000 0.59813 0.60396 0.81517 0.77717 0.81517 0.77717 1.59427 -0.00658 -0.21983 0.00413
target: 1.76329 0.00000
target: 1.76329 0.00000
fb: 0.62048 0.00000 1.00000 1.00000
fb: 0.70017 -0.00597 1.00000 1.00000
dist/lin/ang/drive_left/drive_right/tv_l/tv_r/av_l/av_r/x/y/theta/t_err: 0.55510 1.74096 0.00000 0.70614 0.69420 0.83092 0.80422 0.83092 0.80422 2.14558 -0.00874 -0.24075 0.00460
target: 1.74096 0.00000
target: 1.74096 0.00000
fb: 0.77391 -0.00859 1.00000 1.00000
fb: 0.80106 -0.00838 1.00000 1.00000
dist/lin/ang/drive_left/drive_right/tv_l/tv_r/av_l/av_r/x/y/theta/t_err: 0.53908 1.71506 0.00000 0.80944 0.79268 0.83583 0.83278 0.83583 0.83278 2.77633 -0.01182 -0.31876 0.00612
target: 1.71506 0.00000
target: 1.71506 0.00000
fb: 0.92132 -0.00909 1.00000 1.00000
fb: 0.97188 -0.01705 1.00000 1.00000
dist/lin/ang/drive_left/drive_right/tv_l/tv_r/av_l/av_r/x/y/theta/t_err: 0.51964 1.68309 0.00000 0.98892 0.95483 0.84253 0.84442 0.84253 0.84442 3.54158 -0.01669 -0.42459 0.00823
target: 1.68309 0.00000
target: 1.68309 0.00000
fb: 1.00281 -0.02060 1.00000 1.00000
fb: 1.03372 -0.01847 1.00000 1.00000
dist/lin/ang/drive_left/drive_right/tv_l/tv_r/av_l/av_r/x/y/theta/t_err: 0.49897 1.64842 0.00000 1.05218 1.01525 0.85911 0.86358 0.85911 0.86358 4.35550 -0.02392 -0.59250 0.01156
target: 1.64842 0.00000
target: 1.64842 0.00000
fb: 1.08027 -0.01960 0.96630 0.98279
fb: 1.18507 -0.01513 0.91390 0.93039
dist/lin/ang/drive_left/drive_right/tv_l/tv_r/av_l/av_r/x/y/theta/t_err: 0.47527 1.60775 0.00000 1.20020 1.16994 0.82919 0.79411 0.82919 0.79411 5.28856 -0.03485 -0.74220 0.01482
target: 1.60775 0.00000
target: 1.60775 0.00000
fb: 1.15990 -0.01122 0.86047 0.87655
fb: 1.17927 -0.00305 0.85078 0.86686
dist/lin/ang/drive_left/drive_right/tv_l/tv_r/av_l/av_r/x/y/theta/t_err: 0.45169 1.56623 0.00000 1.18233 1.17622 0.76022 0.75117 0.76022 0.75117 6.21703 -0.04767 -0.81972 0.01699
target: 1.56623 0.00000
target: 1.56623 0.00000
fb: 1.22779 -0.00618 0.78285 0.79851
fb: 1.15785 -0.00653 0.81782 0.83348
dist/lin/ang/drive_left/drive_right/tv_l/tv_r/av_l/av_r/x/y/theta/t_err: 0.42854 1.52437 0.00000 1.16438 1.15131 0.72172 0.74058 0.72172 0.74058 7.12862 -0.06110 -0.87427 0.01888
target: 1.52437 0.00000
target: 1.52437 0.00000
fb: 1.20046 -0.01087 0.75478 0.77002
fb: 1.21018 -0.00909 0.74992 0.76516
dist/lin/ang/drive_left/drive_right/tv_l/tv_r/av_l/av_r/x/y/theta/t_err: 0.40434 1.47935 0.00000 1.21927 1.20109 0.71969 0.73133 0.71969 0.73133 8.08140 -0.07645 -0.97050 0.02174
target: 1.47935 0.00000
target: 1.47935 0.00000
fb: 1.18702 -0.01563 0.70408 0.71887
fb: 1.36932 -0.01960 0.61293 0.62772
dist/lin/ang/drive_left/drive_right/tv_l/tv_r/av_l/av_r/x/y/theta/t_err: 0.37696 1.42670 0.00000 1.38893 1.34972 0.70653 0.73011 0.70653 0.73011 9.15943 -0.09609 -1.11859 0.02600
target: 1.42670 0.00000
target: 1.42670 0.00000
fb: 1.35962 -0.01520 0.53292 0.54718
fb: 1.32868 -0.00703 0.54838 0.56265
dist/lin/ang/drive_left/drive_right/tv_l/tv_r/av_l/av_r/x/y/theta/t_err: 0.35040 1.37370 0.00000 1.33571 1.32165 0.61667 0.62575 0.61667 0.62575 10.20541 -0.11769 -1.22260 0.02987
target: 1.37370 0.00000
target: 1.37370 0.00000
fb: 1.36349 -0.00249 0.47848 0.49222
fb: 1.28206 -0.00796 0.51920 0.53293
dist/lin/ang/drive_left/drive_right/tv_l/tv_r/av_l/av_r/x/y/theta/t_err: 0.32477 1.32054 0.00000 1.29001 1.27410 0.54703 0.55303 0.54703 0.55303 11.21467 -0.13941 -1.25406 0.03279
target: 1.32054 0.00000
target: 1.32054 0.00000
fb: 1.29357 -0.01222 0.46173 0.47494
fb: 1.26447 -0.01030 0.47629 0.48949
dist/lin/ang/drive_left/drive_right/tv_l/tv_r/av_l/av_r/x/y/theta/t_err: 0.29949 1.26594 0.00000 1.27477 1.25417 0.50356 0.51761 0.50356 0.51761 12.21006 -0.16206 -1.35359 0.03737
target: 1.26594 0.00000
target: 1.26594 0.00000
fb: 1.26269 -0.00760 0.41824 0.43090
fb: 1.31498 -0.01002 0.39210 0.40476
dist/lin/ang/drive_left/drive_right/tv_l/tv_r/av_l/av_r/x/y/theta/t_err: 0.27321 1.20655 0.00000 1.32499 1.30496 0.46967 0.47964 0.46967 0.47964 13.24517 -0.18720 -1.43138 0.04239
target: 1.20655 0.00000
target: 1.20655 0.00000
fb: 1.29558 -0.01350 0.32323 0.33530
fb: 1.24130 -0.01108 0.35037 0.36243
dist/lin/ang/drive_left/drive_right/tv_l/tv_r/av_l/av_r/x/y/theta/t_err: 0.24841 1.14768 0.00000 1.25238 1.23022 0.41203 0.42061 0.41203 0.42061 14.22224 -0.21252 -1.53691 0.04856
target: 1.14768 0.00000
target: 1.14768 0.00000
fb: 1.29354 0.00689 0.27010 0.28158
fb: 1.32055 0.02635 0.25660 0.26808
dist/lin/ang/drive_left/drive_right/tv_l/tv_r/av_l/av_r/x/y/theta/t_err: 0.22204 1.08156 0.00000 1.29420 1.34690 0.40381 0.37406 0.40381 0.37406 15.26169 -0.23986 -1.42781 0.05236
target: 1.08156 0.00000
target: 1.08156 0.00000
fb: 1.27213 0.02493 0.18470 0.19552
fb: 1.17704 0.01960 0.23225 0.24306
dist/lin/ang/drive_left/drive_right/tv_l/tv_r/av_l/av_r/x/y/theta/t_err: 0.19853 1.01903 0.00000 1.15743 1.19664 0.32342 0.33486 0.32342 0.33486 16.18824 -0.26125 -1.22278 0.05477
target: 1.01903 0.00000
target: 1.01903 0.00000
fb: 1.08594 0.01762 0.23389 0.24409
fb: 1.10735 0.02031 0.22319 0.23338
dist/lin/ang/drive_left/drive_right/tv_l/tv_r/av_l/av_r/x/y/theta/t_err: 0.17642 0.95648 0.00000 1.08703 1.12766 0.27942 0.28967 0.27942 0.28967 17.05999 -0.27866 -1.06375 0.05870
target: 0.95648 0.00000
target: 0.95648 0.00000
fb: 1.06057 0.01648 0.18648 0.19605
fb: 1.02196 0.01634 0.20579 0.21535
dist/lin/ang/drive_left/drive_right/tv_l/tv_r/av_l/av_r/x/y/theta/t_err: 0.15570 0.89392 0.00000 1.00563 1.03830 0.25631 0.26692 0.25631 0.26692 17.86457 -0.29254 -0.91726 0.05614
target: 0.89392 0.00000
target: 0.89392 0.00000
fb: 0.96967 0.01683 0.17179 0.18073
fb: 0.88429 0.00916 0.21448 0.22342
dist/lin/ang/drive_left/drive_right/tv_l/tv_r/av_l/av_r/x/y/theta/t_err: 0.13804 0.83689 0.00000 0.87513 0.89345 0.23919 0.24847 0.23919 0.24847 18.56078 -0.30285 -0.79266 0.05397
target: 0.83689 0.00000
target: 0.83689 0.00000
fb: 0.95209 0.00703 0.15073 0.15910
fb: 0.91724 0.00547 0.16815 0.17652
dist/lin/ang/drive_left/drive_right/tv_l/tv_r/av_l/av_r/x/y/theta/t_err: 0.11970 0.77325 0.00000 0.91177 0.92271 0.22125 0.22483 0.22125 0.22483 19.28296 -0.31262 -0.74913 0.05321
target: 0.77325 0.00000
target: 0.77325 0.00000
fb: 0.82235 0.00632 0.12476 0.13249
fb: 0.82611 0.00064 0.12288 0.13061
dist/lin/ang/drive_left/drive_right/tv_l/tv_r/av_l/av_r/x/y/theta/t_err: 0.10318 0.71107 0.00000 0.82547 0.82675 0.18669 0.19303 0.18669 0.19303 19.93339 -0.32084 -0.70570 0.05245
target: 0.71107 0.00000
target: 0.71107 0.00000
fb: 0.68846 -0.00540 0.13862 0.14573
fb: 0.69421 0.00135 0.13574 0.14285
dist/lin/ang/drive_left/drive_right/tv_l/tv_r/av_l/av_r/x/y/theta/t_err: 0.08930 0.65423 0.00000 0.69286 0.69556 0.15400 0.15125 0.15400 0.15125 20.47997 -0.32772 -0.72567 0.05280
target: 0.65423 0.00000
target: 0.65423 0.00000
fb: 0.67874 0.00241 0.11292 0.11946
fb: 0.59356 -0.00057 0.15550 0.16205
dist/lin/ang/drive_left/drive_right/tv_l/tv_r/av_l/av_r/x/y/theta/t_err: 0.07743 0.60141 0.00000 0.59413 0.59299 0.14647 0.15350 0.14647 0.15350 20.94730 -0.33354 -0.70952 0.05251
target: 0.60141 0.00000
target: 0.60141 0.00000
fb: 0.62446 0.00277 0.10745 0.11346
fb: 0.55648 0.00398 0.14144 0.14745
dist/lin/ang/drive_left/drive_right/tv_l/tv_r/av_l/av_r/x/y/theta/t_err: 0.06630 0.54730 0.00000 0.55250 0.56045 0.15297 0.16050 0.15297 0.16050 21.38544 -0.33888 -0.68024 0.05200
target: 0.54730 0.00000
target: 0.54730 0.00000
fb: 0.52560 -0.00369 0.09908 0.10455
fb: 0.52762 -0.00384 0.09807 0.10354
dist/lin/ang/drive_left/drive_right/tv_l/tv_r/av_l/av_r/x/y/theta/t_err: 0.05575 0.49046 0.00000 0.53145 0.52378 0.14117 0.14714 0.14117 0.14714 21.80085 -0.34387 -0.70234 0.05239
target: 0.49046 0.00000
target: 0.49046 0.00000
fb: 0.48878 0.00000 0.16334 0.16334
fb: 0.44220 0.00000 0.18663 0.18663
dist/lin/ang/drive_left/drive_right/tv_l/tv_r/av_l/av_r/x/y/theta/t_err: 0.04690 0.43718 0.00000 0.44220 0.44220 0.12814 0.12661 0.12814 0.12661 22.14902 -0.34815 -0.70272 0.05240
target: 0.43718 0.00000
target: 0.43718 0.00000
fb: 0.41682 0.00000 0.15850 0.15850
fb: 0.40336 0.00000 0.16523 0.16523
dist/lin/ang/drive_left/drive_right/tv_l/tv_r/av_l/av_r/x/y/theta/t_err: 0.03884 0.38217 0.00000 0.40336 0.40336 0.17539 0.17506 0.17539 0.17506 22.46660 -0.35203 -0.69851 0.05232
target: 0.38217 0.00000
target: 0.38217 0.00000
fb: 0.37821 0.00078 0.12482 0.12482
fb: 0.40733 0.00071 0.11026 0.11026
dist/lin/ang/drive_left/drive_right/tv_l/tv_r/av_l/av_r/x/y/theta/t_err: 0.03069 0.31707 0.00000 0.40662 0.40804 0.15758 0.16050 0.15758 0.16050 22.78731 -0.35592 -0.68905 0.05216
target: 0.31707 0.00000
target: 0.31707 0.00000
fb: 0.40932 0.00000 -0.12947 -0.12947
fb: 0.34137 -0.00341 -0.09550 -0.09550
dist/lin/ang/drive_left/drive_right/tv_l/tv_r/av_l/av_r/x/y/theta/t_err: 0.02386 0.24976 0.00000 0.34478 0.33796 0.09497 0.09189 0.09497 0.09189 23.05608 -0.35915 -0.69671 0.05229
target: 0.24976 0.00000
target: 0.24976 0.00000
fb: 0.34514 -0.00554 -0.16243 -0.16243
fb: 0.32197 -0.00128 -0.15084 -0.15084
dist/lin/ang/drive_left/drive_right/tv_l/tv_r/av_l/av_r/x/y/theta/t_err: 0.01742 0.00472 0.00000 0.32324 0.32069 -0.08058 -0.09083 -0.08058 -0.09083 23.30958 -0.36230 -0.72340 0.05276
target: 0.00472 0.00000
target: 0.00472 0.00000
fb: 0.23280 -0.00064 -0.68223 -0.68223
fb: 0.17454 0.00000 -0.56819 -0.56819
dist/lin/ang/drive_left/drive_right/tv_l/tv_r/av_l/av_r/x/y/theta/t_err: 0.01393 0.00123 0.00000 0.17454 0.17454 -0.17625 -0.20156 -0.17625 -0.20156 23.44700 -0.36404 -0.72242 0.05274
target: 0.00123 0.00000
target: 0.00123 0.00000
fb: 0.12597 0.00554 -0.08649 -0.08649
fb: 0.05224 0.00881 -0.08649 -0.08649
dist/lin/ang/drive_left/drive_right/tv_l/tv_r/av_l/av_r/x/y/theta/t_err: 0.01289 0.00019 0.00000 0.04344 0.06105 -0.22175 -0.26950 -0.22175 -0.26950 23.48813 -0.36455 -0.66210 0.05169
target: 0.00019 0.00000
target: 0.00019 0.00000
fb: 0.00766 0.00746 -0.08199 -0.08199
fb: 0.00371 0.00000 -0.08199 -0.08199
dist/lin/ang/drive_left/drive_right/tv_l/tv_r/av_l/av_r/x/y/theta/t_err: 0.01283 0.00013 0.00000 0.00371 0.00371 -0.08364 -0.09019 -0.08364 -0.09019 23.49105 -0.36458 -0.61437 0.05085
target: 0.00013 0.00000
target: 0.00013 0.00000
fb: -0.00001 -0.00142 -0.08008 -0.08008
fb: -0.00000 0.00092 -0.08008 -0.08008
dist/lin/ang/drive_left/drive_right/tv_l/tv_r/av_l/av_r/x/y/theta/t_err: 0.01283 0.00013 0.00000 -0.00092 0.00092 -0.07853 -0.07856 -0.07853 -0.07856 23.49105 -0.36458 -0.61353 0.05084
target: 0.00013 0.00000
target: 0.00013 0.00000
fb: -0.00000 0.00000 0.08005 0.08005
fb: 0.00001 -0.00163 0.08005 0.08005
dist/lin/ang/drive_left/drive_right/tv_l/tv_r/av_l/av_r/x/y/theta/t_err: 0.01283 0.00013 0.00000 0.00164 -0.00162 -0.00942 -0.03303 -0.00942 -0.03303 23.49106 -0.36458 -0.62418 0.05103
target: 0.00013 0.00000
target: 0.00013 0.00000
fb: 0.00003 -0.00831 0.08005 0.08005
fb: 0.00007 -0.01222 0.08005 0.08005
dist/lin/ang/drive_left/drive_right/tv_l/tv_r/av_l/av_r/x/y/theta/t_err: 0.01281 0.00011 0.00000 0.01229 -0.01215 0.07719 0.07561 0.07719 0.07561 23.49111 -0.36458 -0.70121 0.05237
target: 0.00011 0.00000
target: 0.00011 0.00000
fb: -0.02704 -0.01492 0.08002 0.08002
fb: -0.08508 -0.00945 0.08002 0.08002
dist/lin/ang/drive_left/drive_right/tv_l/tv_r/av_l/av_r/x/y/theta/t_err: 0.01449 0.00179 0.00000 -0.07563 -0.09452 0.08250 0.08078 0.08250 0.08078 23.42413 -0.36368 -0.81290 0.05432
target: 0.00179 0.00000
target: 0.00179 0.00000
fb: -0.08335 -0.00241 0.08408 0.08408
fb: -0.02911 0.00234 0.08408 0.08408
dist/lin/ang/drive_left/drive_right/tv_l/tv_r/av_l/av_r/x/y/theta/t_err: 0.01507 0.00237 0.00000 -0.03146 -0.02677 0.07786 0.07783 0.07786 0.07783 23.40121 -0.36335 -0.82680 0.05456
target: 0.00237 0.00000
target: 0.00237 0.00000
fb: -0.00375 -0.00114 0.08211 0.08211
fb: 0.00002 -0.00568 0.08211 0.08211
dist/lin/ang/drive_left/drive_right/tv_l/tv_r/av_l/av_r/x/y/theta/t_err: 0.01507 0.00237 0.00000 0.00570 -0.00566 0.07803 0.07767 0.07803 0.07767 23.40123 -0.36335 -0.84883 0.05495
target: 0.00237 0.00000
target: 0.00237 0.00000
fb: -0.00393 -0.00554 0.08094 0.08094
fb: -0.00394 0.00178 0.08094 0.08094
dist/lin/ang/drive_left/drive_right/tv_l/tv_r/av_l/av_r/x/y/theta/t_err: 0.01514 0.00244 0.00000 -0.00572 -0.00217 0.07819 0.07783 0.07819 0.07783 23.39812 -0.36331 -0.87978 0.05549
target: 0.00244 0.00000
target: 0.00244 0.00000
fb: -0.00001 0.00462 0.08113 0.08113
fb: -0.00003 0.00320 0.08113 0.08113
dist/lin/ang/drive_left/drive_right/tv_l/tv_r/av_l/av_r/x/y/theta/t_err: 0.01515 0.00245 0.00000 -0.00322 0.00317 0.07919 0.07903 0.07919 0.07903 23.39810 -0.36331 -0.84935 0.05496
target: 0.00245 0.00000
target: 0.00245 0.00000
fb: -0.00002 0.00348 0.08099 0.08099
fb: -0.00002 0.00277 0.08099 0.08099
dist/lin/ang/drive_left/drive_right/tv_l/tv_r/av_l/av_r/x/y/theta/t_err: 0.01515 0.00245 0.00000 -0.00279 0.00275 0.08006 0.07958 0.08006 0.07958 23.39808 -0.36331 -0.82649 0.05456
target: 0.00245 0.00000
target: 0.00245 0.00000
fb: -0.00001 0.00092 0.08099 0.08099
fb: -0.00000 -0.00142 0.08099 0.08099
dist/lin/ang/drive_left/drive_right/tv_l/tv_r/av_l/av_r/x/y/theta/t_err: 0.01515 0.00245 0.00000 0.00142 -0.00142 0.08006 0.07992 0.08006 0.07992 23.39808 -0.36331 -0.82566 0.05454
target: 0.00245 0.00000
target: 0.00245 0.00000
fb: 0.03112 0.00000 0.08098 0.08098
fb: 0.06598 0.00099 0.08098 0.08098
dist/lin/ang/drive_left/drive_right/tv_l/tv_r/av_l/av_r/x/y/theta/t_err: 0.01383 0.00113 0.00000 0.06498 0.06697 0.08042 0.07975 0.08042 0.07975 23.45003 -0.36406 -0.82673 0.05456
target: 0.00113 0.00000
target: 0.00113 0.00000
fb: 0.06598 0.00000 -0.08219 -0.08219
fb: 0.06598 0.00000 -0.08219 -0.08219
final error: 0.61735, x: 0.49803, y: 0.36481
final local error: 0.61735, forwards: 0.49272, sideways: 0.37194
position: 23.50197 -0.36481 -0.82533
took 1.06000 time to finish turn
dist/lin/ang/drive_left/drive_right/tv_l/tv_r/av_l/av_r/x/y/theta/t_err: -0.60187 -1.77800 0.00000 -0.00000 -0.00000 0.00000 0.00033 0.00000 0.00033 23.69292 -0.36759 179.14924 -0.00067
target: -1.77800 0.00000
target: -1.77800 0.00000
fb: -0.00000 0.00000 -1.00000 -1.00000
fb: 0.00000 0.00000 -1.00000 -1.00000
dist/lin/ang/drive_left/drive_right/tv_l/tv_r/av_l/av_r/x/y/theta/t_err: -0.60187 -1.77800 0.00000 0.00000 0.00000 -0.13725 -0.03508 -0.13725 -0.03508 23.69292 -0.36759 179.14821 -0.00065
target: -1.77800 0.00000
target: -1.77800 0.00000
fb: 0.00000 0.00000 -1.00000 -1.00000
fb: -0.00001 0.00433 -1.00000 -1.00000
dist/lin/ang/drive_left/drive_right/tv_l/tv_r/av_l/av_r/x/y/theta/t_err: -0.60187 -1.77800 0.00000 -0.00434 0.00432 -0.60042 -0.48253 -0.60042 -0.48253 23.69291 -0.36759 179.15974 -0.00085
target: -1.77800 0.00000
target: -1.77800 0.00000
fb: -0.02542 0.00739 -1.00000 -1.00000
fb: -0.12628 0.00668 -1.00000 -1.00000
dist/lin/ang/drive_left/drive_right/tv_l/tv_r/av_l/av_r/x/y/theta/t_err: -0.59935 -1.77800 0.00000 -0.13296 -0.11960 -0.72497 -0.65794 -0.72497 -0.65794 23.59349 -0.36622 179.23112 -0.00210
target: -1.77800 0.00000
target: -1.77800 0.00000
fb: -0.23659 0.00206 -1.00000 -1.00000
fb: -0.30632 0.00973 -1.00000 -1.00000
dist/lin/ang/drive_left/drive_right/tv_l/tv_r/av_l/av_r/x/y/theta/t_err: -0.59322 -1.77800 0.00000 -0.31605 -0.29659 -0.70889 -0.64714 -0.70889 -0.64714 23.35231 -0.36308 179.28160 -0.00301
target: -1.77800 0.00000
target: -1.77800 0.00000
fb: -0.35315 0.01889 -1.00000 -1.00000
fb: -0.40947 0.01953 -1.00000 -1.00000
dist/lin/ang/drive_left/drive_right/tv_l/tv_r/av_l/av_r/x/y/theta/t_err: -0.58503 -1.77800 0.00000 -0.42900 -0.38994 -0.68650 -0.67311 -0.68650 -0.67311 23.02991 -0.35950 179.44705 -0.00596
target: -1.77800 0.00000
target: -1.77800 0.00000
fb: -0.43264 0.01584 -1.00000 -1.00000
fb: -0.51803 0.01854 -1.00000 -1.00000
dist/lin/ang/drive_left/drive_right/tv_l/tv_r/av_l/av_r/x/y/theta/t_err: -0.57467 -1.77209 0.00000 -0.53657 -0.49949 -0.74639 -0.72653 -0.74639 -0.72653 22.62203 -0.35619 179.60558 -0.00886
target: -1.77209 0.00000
target: -1.77209 0.00000
fb: -0.59551 0.02635 -1.00000 -1.00000
fb: -0.57813 0.03154 -1.00000 -1.00000
dist/lin/ang/drive_left/drive_right/tv_l/tv_r/av_l/av_r/x/y/theta/t_err: -0.56311 -1.75376 0.00000 -0.60966 -0.54659 -0.75458 -0.77581 -0.75458 -0.77581 22.16682 -0.35398 179.85228 -0.01339
target: -1.75376 0.00000
target: -1.75376 0.00000
fb: -0.71981 0.02749 -1.00000 -1.00000
fb: -0.77009 0.02337 -1.00000 -1.00000
dist/lin/ang/drive_left/drive_right/tv_l/tv_r/av_l/av_r/x/y/theta/t_err: -0.54771 -1.72905 0.00000 -0.79346 -0.74672 -0.77050 -0.78281 -0.77050 -0.78281 21.56045 -0.35366 180.08823 -0.01794
target: -1.72905 0.00000
target: -1.72905 0.00000
fb: -0.72726 0.02145 -1.00000 -1.00000
fb: -0.83404 0.02102 -1.00000 -1.00000
dist/lin/ang/drive_left/drive_right/tv_l/tv_r/av_l/av_r/x/y/theta/t_err: -0.53103 -1.70189 0.00000 -0.85506 -0.81302 -0.80011 -0.80969 -0.80011 -0.80969 20.90373 -0.35582 180.27816 -0.02188
target: -1.70189 0.00000
target: -1.70189 0.00000
fb: -0.83424 0.01470 -1.00000 -1.00000
fb: -0.89025 0.01087 -1.00000 -1.00000
dist/lin/ang/drive_left/drive_right/tv_l/tv_r/av_l/av_r/x/y/theta/t_err: -0.51323 -1.67241 0.00000 -0.90111 -0.87938 -0.81875 -0.82269 -0.81875 -0.82269 20.20276 -0.36009 180.39965 -0.02480
target: -1.67241 0.00000
target: -1.67241 0.00000
fb: -0.96967 0.01215 -1.00000 -1.00000
fb: -0.97762 0.01612 -1.00000 -1.00000
dist/lin/ang/drive_left/drive_right/tv_l/tv_r/av_l/av_r/x/y/theta/t_err: -0.49369 -1.63944 0.00000 -0.99375 -0.96150 -0.83447 -0.83433 -0.83447 -0.83433 19.43300 -0.36623 180.51576 -0.02785
target: -1.63944 0.00000
target: -1.63944 0.00000
fb: -1.03966 0.02124 -0.98562 -1.00000
fb: -1.08225 0.01229 -0.96433 -0.98072
dist/lin/ang/drive_left/drive_right/tv_l/tv_r/av_l/av_r/x/y/theta/t_err: -0.47205 -1.60214 0.00000 -1.09454 -1.06996 -0.68239 -0.85844 -0.68239 -0.85844 18.58089 -0.37513 180.66652 -0.03182
target: -1.60214 0.00000
target: -1.60214 0.00000
fb: -1.13470 0.00000 -0.88287 -0.89889
fb: -1.20434 -0.01087 -0.84805 -0.86407
dist/lin/ang/drive_left/drive_right/tv_l/tv_r/av_l/av_r/x/y/theta/t_err: -0.44798 -1.55959 0.00000 -1.19348 -1.21521 -0.64097 -0.50544 -0.64097 -0.50544 17.63265 -0.38624 180.64950 -0.03324
target: -1.55959 0.00000
target: -1.55959 0.00000
fb: -1.18091 -0.00675 -0.79529 -0.81088
fb: -1.18690 0.00398 -0.79229 -0.80789
dist/lin/ang/drive_left/drive_right/tv_l/tv_r/av_l/av_r/x/y/theta/t_err: -0.42425 -1.51649 0.00000 -1.19088 -1.18293 -0.69831 -0.66544 -0.69831 -0.66544 16.69813 -0.39646 180.62403 -0.03463
target: -1.51649 0.00000
target: -1.51649 0.00000
fb: -1.24323 0.00760 -0.72028 -0.73544
fb: -1.14640 0.01790 -0.76869 -0.78386
dist/lin/ang/drive_left/drive_right/tv_l/tv_r/av_l/av_r/x/y/theta/t_err: -0.40134 -1.47367 0.00000 -1.16430 -1.12851 -0.73544 -0.73697 -0.73544 -0.73697 15.79551 -0.40686 180.71359 -0.03821
target: -1.47367 0.00000
target: -1.47367 0.00000
fb: -1.20651 0.03182 -0.69878 -0.71352
fb: -1.26660 0.03090 -0.66874 -0.68348
dist/lin/ang/drive_left/drive_right/tv_l/tv_r/av_l/av_r/x/y/theta/t_err: -0.37603 -1.42488 0.00000 -1.29750 -1.23570 -0.70653 -0.73814 -0.70653 -0.73814 14.79830 -0.42149 180.97893 -0.04556
target: -1.42488 0.00000
target: -1.42488 0.00000
fb: -1.23945 0.02742 -0.60859 -0.62284
fb: -1.16374 0.02472 -0.64644 -0.66069
dist/lin/ang/drive_left/drive_right/tv_l/tv_r/av_l/av_r/x/y/theta/t_err: -0.35278 -1.37854 0.00000 -1.18846 -1.13903 -0.63806 -0.66989 -0.63806 -0.66989 13.88213 -0.43897 181.21321 -0.05279
target: -1.37854 0.00000
target: -1.37854 0.00000
fb: -1.25110 0.02031 -0.56933 -0.58312
fb: -1.38104 0.02039 -0.50436 -0.51815
dist/lin/ang/drive_left/drive_right/tv_l/tv_r/av_l/av_r/x/y/theta/t_err: -0.32521 -1.32147 0.00000 -1.40143 -1.36066 -0.60692 -0.63139 -0.60692 -0.63139 12.79498 -0.46365 181.39086 -0.06050
target: -1.32147 0.00000
target: -1.32147 0.00000
fb: -1.20848 0.02053 -0.48754 -0.50075
fb: -1.23164 0.01783 -0.47596 -0.48917
dist/lin/ang/drive_left/drive_right/tv_l/tv_r/av_l/av_r/x/y/theta/t_err: -0.30062 -1.26843 0.00000 -1.24947 -1.21382 -0.52564 -0.53233 -0.52564 -0.53233 11.82550 -0.48868 181.55376 -0.06842
target: -1.26843 0.00000
target: -1.26843 0.00000
fb: -1.35962 0.01967 -0.37922 -0.39190
fb: -1.28217 0.02017 -0.41794 -0.43062
dist/lin/ang/drive_left/drive_right/tv_l/tv_r/av_l/av_r/x/y/theta/t_err: -0.27505 -1.21079 0.00000 -1.30234 -1.26200 -0.47839 -0.47106 -0.47839 -0.47106 10.81633 -0.51739 181.71190 -0.07768
target: -1.21079 0.00000
target: -1.21079 0.00000
fb: -1.23936 0.01875 -0.36327 -0.37538
fb: -1.29166 0.02081 -0.33712 -0.34923
dist/lin/ang/drive_left/drive_right/tv_l/tv_r/av_l/av_r/x/y/theta/t_err: -0.24930 -1.14985 0.00000 -1.31248 -1.27085 -0.41544 -0.41803 -0.41544 -0.41803 9.79977 -0.54920 181.87497 -0.08871
target: -1.14985 0.00000
target: -1.14985 0.00000
fb: -1.22393 0.02202 -0.29765 -0.30915
fb: -1.20273 0.01186 -0.30825 -0.31975
dist/lin/ang/drive_left/drive_right/tv_l/tv_r/av_l/av_r/x/y/theta/t_err: -0.22536 -1.09011 0.00000 -1.21459 -1.19087 -0.37814 -0.36172 -0.37814 -0.36172 8.85329 -0.58159 182.02946 -0.10102
target: -1.09011 0.00000
target: -1.09011 0.00000
fb: -1.21988 0.00384 -0.24774 -0.25864
fb: -1.12473 0.00582 -0.29531 -0.30621
dist/lin/ang/drive_left/drive_right/tv_l/tv_r/av_l/av_r/x/y/theta/t_err: -0.20299 -1.03119 0.00000 -1.13056 -1.11891 -0.36603 -0.35078 -0.36603 -0.35078 7.96824 -0.61323 182.06514 -0.11285
target: -1.03119 0.00000
target: -1.03119 0.00000
fb: -1.12297 0.00703 -0.24332 -0.25363
fb: -1.13843 0.00483 -0.23559 -0.24591
dist/lin/ang/drive_left/drive_right/tv_l/tv_r/av_l/av_r/x/y/theta/t_err: -0.18039 -0.96801 0.00000 -1.14326 -1.13360 -0.32956 -0.33758 -0.32956 -0.33758 7.07244 -0.64593 182.11449 -0.12798
target: -0.96801 0.00000
target: -0.96801 0.00000
fb: -1.06271 -0.00227 -0.19361 -0.20329
fb: -1.04547 0.00000 -0.20223 -0.21191
dist/lin/ang/drive_left/drive_right/tv_l/tv_r/av_l/av_r/x/y/theta/t_err: -0.15967 -0.90624 -0.00000 -1.04547 -1.04547 -0.27978 -0.28539 -0.27978 -0.28539 6.24979 -0.67623 182.10221 -0.14447
target: -0.90624 0.00000
target: -0.90624 0.00000
fb: -0.96581 -0.00291 -0.18914 -0.19821
fb: -0.95784 -0.01009 -0.19313 -0.20219
dist/lin/ang/drive_left/drive_right/tv_l/tv_r/av_l/av_r/x/y/theta/t_err: -0.13887 -0.83967 0.00000 -0.94775 -0.96793 -0.24483 -0.25103 -0.24483 -0.25103 5.49608 -0.70365 182.05474 -0.14364
target: -0.83967 0.00000
target: -0.83967 0.00000
fb: -0.99487 -0.01392 -0.08905 -0.09744
fb: -0.87281 -0.01570 -0.15007 -0.15847
dist/lin/ang/drive_left/drive_right/tv_l/tv_r/av_l/av_r/x/y/theta/t_err: -0.12146 -0.77960 0.00000 -0.85712 -0.88851 -0.22894 -0.19831 -0.22894 -0.19831 4.80924 -0.72758 181.92641 -0.14140
target: -0.77960 0.00000
target: -0.77960 0.00000
fb: -0.84544 -0.01825 -0.13540 -0.14320
fb: -0.82002 -0.02799 -0.14811 -0.15591
dist/lin/ang/drive_left/drive_right/tv_l/tv_r/av_l/av_r/x/y/theta/t_err: -0.10514 -0.71871 0.00000 -0.79204 -0.84801 -0.16869 -0.17008 -0.16869 -0.17008 4.16389 -0.74836 181.73774 -0.13811
target: -0.71871 0.00000
target: -0.71871 0.00000
fb: -0.72333 -0.02820 -0.13428 -0.14147
fb: -0.67082 -0.02173 -0.16054 -0.16773
dist/lin/ang/drive_left/drive_right/tv_l/tv_r/av_l/av_r/x/y/theta/t_err: -0.09181 -0.66488 0.00000 -0.64909 -0.69256 -0.16050 -0.17231 -0.16050 -0.17231 3.63589 -0.76329 181.50889 -0.13412
target: -0.66488 0.00000
target: -0.66488 0.00000
fb: -0.63775 -0.02330 -0.15717 -0.16382
fb: -0.64370 -0.02671 -0.15419 -0.16084
dist/lin/ang/drive_left/drive_right/tv_l/tv_r/av_l/av_r/x/y/theta/t_err: -0.07901 -0.60874 0.00000 -0.61699 -0.67040 -0.16633 -0.17728 -0.16633 -0.17728 3.12920 -0.77573 181.29795 -0.13043
target: -0.60874 0.00000
target: -0.60874 0.00000
fb: -0.63993 -0.02678 -0.09182 -0.09791
fb: -0.56623 -0.02543 -0.12867 -0.13476
dist/lin/ang/drive_left/drive_right/tv_l/tv_r/av_l/av_r/x/y/theta/t_err: -0.06778 -0.55476 0.00000 -0.54080 -0.59166 -0.16922 -0.15228 -0.16922 -0.15228 2.68345 -0.78497 181.06900 -0.12644
target: -0.55476 0.00000
target: -0.55476 0.00000
fb: -0.53314 -0.02465 -0.10310 -0.10865
fb: -0.55631 -0.02365 -0.09151 -0.09706
dist/lin/ang/drive_left/drive_right/tv_l/tv_r/av_l/av_r/x/y/theta/t_err: -0.05673 -0.49601 0.00000 -0.53266 -0.57997 -0.13533 -0.13742 -0.13533 -0.13742 2.24546 -0.79231 180.85588 -0.12272
target: -0.49601 0.00000
target: -0.49601 0.00000
fb: -0.51749 -0.02301 -0.15016 -0.15016
fb: -0.45945 -0.02365 -0.17918 -0.17918
dist/lin/ang/drive_left/drive_right/tv_l/tv_r/av_l/av_r/x/y/theta/t_err: -0.04761 -0.44170 0.00000 -0.43580 -0.48310 -0.11275 -0.13739 -0.11275 -0.13739 1.88372 -0.79708 180.65051 -0.11913
target: -0.44170 0.00000
target: -0.44170 0.00000
fb: -0.42657 -0.02259 -0.15561 -0.15561
fb: -0.42460 -0.02060 -0.15660 -0.15660
dist/lin/ang/drive_left/drive_right/tv_l/tv_r/av_l/av_r/x/y/theta/t_err: -0.03919 -0.38475 0.00000 -0.40400 -0.44520 -0.16872 -0.16869 -0.16872 -0.16869 1.54941 -0.80029 180.45741 -0.11576
target: -0.38475 0.00000
target: -0.38475 0.00000
fb: -0.41094 -0.01570 -0.10691 -0.10691
fb: -0.40524 -0.01058 -0.10977 -0.10977
dist/lin/ang/drive_left/drive_right/tv_l/tv_r/av_l/av_r/x/y/theta/t_err: -0.03113 -0.32093 0.00000 -0.39466 -0.41582 -0.15639 -0.14272 -0.15639 -0.14272 1.23033 -0.80245 180.33186 -0.11357
target: -0.32093 0.00000
target: -0.32093 0.00000
fb: -0.40130 -0.00632 0.11945 0.11945
fb: -0.38986 -0.00256 0.11373 0.11373
dist/lin/ang/drive_left/drive_right/tv_l/tv_r/av_l/av_r/x/y/theta/t_err: -0.02335 -0.24399 0.00000 -0.38730 -0.39242 -0.11444 -0.02706 -0.11444 -0.02706 0.92336 -0.80407 180.27992 -0.11267
target: -0.24399 0.00000
target: -0.24399 0.00000
fb: -0.36474 0.00241 0.19666 0.19666
fb: -0.29659 0.00561 0.16259 0.16259
dist/lin/ang/drive_left/drive_right/tv_l/tv_r/av_l/av_r/x/y/theta/t_err: -0.01741 -0.00471 -0.00000 -0.30220 -0.29098 0.08622 0.12489 0.08622 0.12489 0.68983 -0.80524 180.30262 -0.11306
target: -0.00471 0.00000
target: -0.00471 0.00000
fb: -0.21342 0.00618 0.66102 0.66102
fb: -0.11257 -0.00135 0.55667 0.55667
dist/lin/ang/drive_left/drive_right/tv_l/tv_r/av_l/av_r/x/y/theta/t_err: -0.01515 -0.00245 -0.00000 -0.11122 -0.11392 0.14664 0.26661 0.14664 0.26661 0.60120 -0.80574 180.33745 -0.11367
target: -0.00245 0.00000
target: -0.00245 0.00000
fb: -0.04830 -0.00930 0.08355 0.08355
fb: -0.01538 -0.00952 0.08355 0.08355
dist/lin/ang/drive_left/drive_right/tv_l/tv_r/av_l/av_r/x/y/theta/t_err: -0.01487 -0.00217 0.00000 -0.00586 -0.02490 0.31586 0.20856 0.31586 0.20856 0.58908 -0.80580 180.26386 -0.11239
target: -0.00217 0.00000
target: -0.00217 0.00000
fb: -0.00391 -0.00618 -0.08030 -0.08030
fb: -0.00392 -0.00781 -0.08030 -0.08030
dist/lin/ang/drive_left/drive_right/tv_l/tv_r/av_l/av_r/x/y/theta/t_err: -0.01481 -0.00211 0.00000 0.00390 -0.01173 0.08028 0.01831 0.08028 0.01831 0.58600 -0.80582 180.20257 -0.11132
target: -0.00211 0.00000
target: -0.00211 0.00000
fb: 0.00008 -0.01442 -0.08073 -0.08073
fb: -0.00959 -0.01996 -0.08073 -0.08073
dist/lin/ang/drive_left/drive_right/tv_l/tv_r/av_l/av_r/x/y/theta/t_err: -0.01467 -0.00197 0.00000 0.01037 -0.02954 -0.07153 -0.07697 -0.07153 -0.07697 0.57845 -0.80583 180.06347 -0.10889
target: -0.00197 0.00000
target: -0.00197 0.00000
fb: -0.05412 -0.02181 -0.08050 -0.08050
fb: -0.06387 -0.02031 -0.08050 -0.08050
dist/lin/ang/drive_left/drive_right/tv_l/tv_r/av_l/av_r/x/y/theta/t_err: -0.01344 -0.00074 0.00000 -0.04355 -0.08418 -0.08317 -0.08367 -0.08317 -0.08367 0.52816 -0.80583 179.92205 -0.10642
target: -0.00074 0.00000
target: -0.00074 0.00000
fb: -0.02306 -0.01477 0.08216 0.08216
fb: -0.00363 -0.01364 0.08216 0.08216
dist/lin/ang/drive_left/drive_right/tv_l/tv_r/av_l/av_r/x/y/theta/t_err: -0.01342 -0.00072 0.00000 0.01001 -0.01727 -0.08436 -0.01178 -0.08436 -0.01178 0.52531 -0.80582 179.78686 -0.10406
target: -0.00072 0.00000
target: -0.00072 0.00000
fb: -0.00387 -0.00909 -0.08024 -0.08024
fb: -0.00393 0.00277 -0.08024 -0.08024
dist/lin/ang/drive_left/drive_right/tv_l/tv_r/av_l/av_r/x/y/theta/t_err: -0.01336 -0.00066 0.00000 -0.00670 -0.00116 0.04808 0.00153 0.04808 0.00153 0.52221 -0.80581 179.73797 -0.10321
target: -0.00066 0.00000
target: -0.00066 0.00000
fb: -0.00004 0.01215 -0.08014 -0.08014
fb: -0.00211 0.02266 -0.08014 -0.08014
dist/lin/ang/drive_left/drive_right/tv_l/tv_r/av_l/av_r/x/y/theta/t_err: -0.01327 -0.00057 -0.00000 -0.02476 0.02055 -0.07119 -0.07411 -0.07119 -0.07411 0.52055 -0.80580 179.87274 -0.10556
target: -0.00057 0.00000
target: -0.00057 0.00000
fb: -0.00215 0.01960 -0.08005 -0.08005
fb: -0.00014 0.01229 -0.08005 -0.08005
dist/lin/ang/drive_left/drive_right/tv_l/tv_r/av_l/av_r/x/y/theta/t_err: -0.01321 -0.00051 -0.00000 -0.01242 0.01215 -0.07767 -0.07667 -0.07767 -0.07667 0.52045 -0.80580 180.02688 -0.10825
target: -0.00051 0.00000
target: -0.00051 0.00000
fb: -0.00008 0.00533 -0.08009 -0.08009
fb: -0.00005 0.00568 -0.08009 -0.08009
dist/lin/ang/drive_left/drive_right/tv_l/tv_r/av_l/av_r/x/y/theta/t_err: -0.01319 -0.00049 -0.00000 -0.00573 0.00563 -0.07853 -0.07767 -0.07853 -0.07767 0.52041 -0.80580 180.08262 -0.10922
target: -0.00049 0.00000
target: -0.00049 0.00000
fb: -0.00004 0.00447 -0.08015 -0.08015
fb: -0.00201 -0.00092 -0.08015 -0.08015
dist/lin/ang/drive_left/drive_right/tv_l/tv_r/av_l/av_r/x/y/theta/t_err: -0.01314 -0.00044 -0.00000 -0.00109 -0.00293 -0.07853 -0.07869 -0.07853 -0.07869 0.51883 -0.80581 180.10865 -0.10968
target: -0.00044 0.00000
target: -0.00044 0.00000
fb: -0.00197 -0.00625 -0.08008 -0.08008
fb: 0.00005 -0.00838 -0.08008 -0.08008
dist/lin/ang/drive_left/drive_right/tv_l/tv_r/av_l/av_r/x/y/theta/t_err: -0.01316 -0.00046 0.00000 0.00843 -0.00833 -0.07886 -0.07886 -0.07886 -0.07886 0.51886 -0.80581 180.05434 -0.10873
target: -0.00046 0.00000
target: -0.00046 0.00000
fb: 0.00006 -0.00668 -0.08022 -0.08022
fb: 0.00004 -0.00369 -0.08022 -0.08022
dist/lin/ang/drive_left/drive_right/tv_l/tv_r/av_l/av_r/x/y/theta/t_err: -0.01318 -0.00048 0.00000 0.00374 -0.00365 -0.07939 -0.07942 -0.07939 -0.07942 0.51890 -0.80581 180.00619 -0.10789
target: -0.00048 0.00000
target: -0.00048 0.00000
fb: -0.03086 -0.00405 -0.08023 -0.08023
fb: -0.05801 -0.00206 -0.08023 -0.08023
dist/lin/ang/drive_left/drive_right/tv_l/tv_r/av_l/av_r/x/y/theta/t_err: -0.01203 0.00000 0.00000 -0.05595 -0.06007 -0.07989 -0.07956 -0.07989 -0.07956 0.47322 -0.80580 179.98075 -0.10744
target: 0.00000 0.00000
target: 0.00000 0.00000
fb: -0.06023 0.00142 0.08096 0.08096
fb: -0.05827 0.00185 0.08096 0.08096
start is 0.00000 0.00000
dist/lin/ang/drive_left/drive_right/tv_l/tv_r/av_l/av_r/x/y/theta/t_err: 0.60960 1.77800 0.00000 -0.00000 -0.00000 0.00000 0.00000 0.00000 0.00000 -0.00000 -0.00000 0.00030 -0.00001
target: 1.77800 0.00000
target: 1.77800 0.00000
fb: -0.00000 0.00000 1.00000 1.00000
fb: -0.00000 0.00000 1.00000 1.00000
dist/lin/ang/drive_left/drive_right/tv_l/tv_r/av_l/av_r/x/y/theta/t_err: 0.60960 1.77800 0.00000 -0.00000 -0.00000 0.06314 0.13758 0.06314 0.13758 -0.00000 -0.00000 0.00189 -0.00003
target: 1.77800 0.00000
target: 1.77800 0.00000
fb: -0.00000 0.00000 1.00000 1.00000
fb: 0.00000 -0.00064 1.00000 1.00000
dist/lin/ang/drive_left/drive_right/tv_l/tv_r/av_l/av_r/x/y/theta/t_err: 0.60960 1.77800 0.00000 0.00064 -0.00064 0.51744 0.60367 0.51744 0.60367 0.00000 -0.00000 -0.00173 0.00003
target: 1.77800 0.00000
target: 1.77800 0.00000
fb: 0.00005 -0.01541 1.00000 1.00000
fb: 0.01356 -0.01364 1.00000 1.00000
dist/lin/ang/drive_left/drive_right/tv_l/tv_r/av_l/av_r/x/y/theta/t_err: 0.60933 1.77800 0.00000 0.02719 -0.00008 0.69058 0.77650 0.69058 0.77650 0.01068 -0.00002 -0.11051 0.00193
target: 1.77800 0.00000
target: 1.77800 0.00000
fb: 0.14552 -0.01534 1.00000 1.00000
fb: 0.29691 -0.01762 1.00000 1.00000
dist/lin/ang/drive_left/drive_right/tv_l/tv_r/av_l/av_r/x/y/theta/t_err: 0.60339 1.77800 0.00000 0.31453 0.27930 0.69128 0.76639 0.69128 0.76639 0.24446 -0.00075 -0.25023 0.00440
target: 1.77800 0.00000
target: 1.77800 0.00000
fb: 0.35119 -0.01399 1.00000 1.00000
fb: 0.39970 -0.00547 1.00000 1.00000
dist/lin/ang/drive_left/drive_right/tv_l/tv_r/av_l/av_r/x/y/theta/t_err: 0.59540 1.77800 0.00000 0.40517 0.39423 0.76878 0.78933 0.76878 0.78933 0.55918 -0.00244 -0.34746 0.00617
target: 1.77800 0.00000
target: 1.77800 0.00000
fb: 0.43053 0.00277 1.00000 1.00000
fb: 0.42474 0.00774 1.00000 1.00000
dist/lin/ang/drive_left/drive_right/tv_l/tv_r/av_l/av_r/x/y/theta/t_err: 0.58690 1.77800 0.00000 0.41700 0.43248 0.81636 0.81139 0.81636 0.81139 0.89362 -0.00442 -0.31642 0.00571
target: 1.77800 0.00000
target: 1.77800 0.00000
fb: 0.47700 0.01236 1.00000 1.00000
fb: 0.57186 0.01144 1.00000 1.00000
dist/lin/ang/drive_left/drive_right/tv_l/tv_r/av_l/av_r/x/y/theta/t_err: 0.57546 1.77334 0.00000 0.56043 0.58330 0.82594 0.81344 0.82594 0.81344 1.34390 -0.00652 -0.21977 0.00412
target: 1.77334 0.00000
target: 1.77334 0.00000
fb: 0.59350 0.00909 1.00000 1.00000
fb: 0.63610 0.00710 1.00000 1.00000
dist/lin/ang/drive_left/drive_right/tv_l/tv_r/av_l/av_r/x/y/theta/t_err: 0.56274 1.75318 0.00000 0.62900 0.64320 0.81925 0.80044 0.81925 0.80044 1.84476 -0.00812 -0.15182 0.00302
target: 1.75318 0.00000
target: 1.75318 0.00000
fb: 0.69416 0.00291 1.00000 1.00000
fb: 0.74097 -0.00078 1.00000 1.00000
dist/lin/ang/drive_left/drive_right/tv_l/tv_r/av_l/av_r/x/y/theta/t_err: 0.54792 1.72940 0.00000 0.74175 0.74019 0.83225 0.82594 0.83225 0.82594 2.42820 -0.00957 -0.14346 0.00295
target: 1.72940 0.00000
target: 1.72940 0.00000
fb: 0.81645 -0.00199 1.00000 1.00000
fb: 0.87451 -0.00796 1.00000 1.00000
dist/lin/ang/drive_left/drive_right/tv_l/tv_r/av_l/av_r/x/y/theta/t_err: 0.53043 1.70091 0.00000 0.88247 0.86656 0.83619 0.83517 0.83619 0.83517 3.11679 -0.01150 -0.18667 0.00381
target: 1.70091 0.00000
target: 1.70091 0.00000
fb: 0.94849 -0.01989 1.00000 1.00000
fb: 1.06108 -0.02131 1.00000 1.00000
dist/lin/ang/drive_left/drive_right/tv_l/tv_r/av_l/av_r/x/y/theta/t_err: 0.50921 1.66569 0.00000 1.08239 1.03977 0.84817 0.85178 0.84817 0.85178 3.95228 -0.01543 -0.35404 0.00695
target: 1.66569 0.00000
target: 1.66569 0.00000
fb: 1.04166 -0.01662 0.99972 1.00000
fb: 1.03767 -0.01612 1.00000 1.00000
dist/lin/ang/drive_left/drive_right/tv_l/tv_r/av_l/av_r/x/y/theta/t_err: 0.48846 1.63050 0.00000 1.05379 1.02154 0.71522 0.87297 0.71522 0.87297 4.76931 -0.02158 -0.49846 0.00982
target: 1.63050 0.00000
target: 1.63050 0.00000
fb: 1.07450 -0.01058 0.94972 0.96602
fb: 1.15785 0.00384 0.90804 0.92435
dist/lin/ang/drive_left/drive_right/tv_l/tv_r/av_l/av_r/x/y/theta/t_err: 0.46530 1.59033 0.00000 1.15402 1.16169 0.66544 0.74464 0.66544 0.74464 5.68097 -0.03024 -0.55719 0.01138
target: 1.59033 0.00000
target: 1.59033 0.00000
fb: 1.24316 0.01002 0.80435 0.82026
fb: 1.13833 0.00206 0.85677 0.87267
dist/lin/ang/drive_left/drive_right/tv_l/tv_r/av_l/av_r/x/y/theta/t_err: 0.44254 1.54982 0.00000 1.13627 1.14039 0.68033 0.71456 0.68033 0.71456 6.57725 -0.03846 -0.50287 0.01098
target: 1.54982 0.00000
target: 1.54982 0.00000
fb: 1.14809 -0.00220 0.81148 0.82698
fb: 1.22004 -0.00064 0.77550 0.79100
dist/lin/ang/drive_left/drive_right/tv_l/tv_r/av_l/av_r/x/y/theta/t_err: 0.41814 1.50519 0.00000 1.22068 1.21940 0.73542 0.75047 0.73542 0.75047 7.53788 -0.04707 -0.52125 0.01196
target: 1.50519 0.00000
target: 1.50519 0.00000
fb: 1.21982 -0.00447 0.71424 0.72929
fb: 1.27413 -0.00668 0.68709 0.70214
dist/lin/ang/drive_left/drive_right/tv_l/tv_r/av_l/av_r/x/y/theta/t_err: 0.39266 1.45712 0.00000 1.28081 1.26745 0.73183 0.76111 0.73183 0.76111 8.54108 -0.05655 -0.56826 0.01358
target: 1.45712 0.00000
target: 1.45712 0.00000
fb: 1.29378 -0.00845 0.61565 0.63022
fb: 1.30327 -0.00717 0.61091 0.62548
dist/lin/ang/drive_left/drive_right/tv_l/tv_r/av_l/av_r/x/y/theta/t_err: 0.36660 1.40626 0.00000 1.31045 1.29610 0.67656 0.68753 0.67656 0.68753 9.56723 -0.06735 -0.63522 0.01575
target: 1.40626 0.00000
target: 1.40626 0.00000
fb: 1.36152 -0.00618 0.52037 0.53443
fb: 1.31119 -0.00341 0.54554 0.55960
dist/lin/ang/drive_left/drive_right/tv_l/tv_r/av_l/av_r/x/y/theta/t_err: 0.34038 1.35316 0.00000 1.31460 1.30778 0.60522 0.60933 0.60522 0.60933 10.59959 -0.07917 -0.67341 0.01766
target: 1.35316 0.00000
target: 1.35316 0.00000
fb: 1.27787 -0.00639 0.50116 0.51470
fb: 1.30327 -0.01002 0.48846 0.50200
dist/lin/ang/drive_left/drive_right/tv_l/tv_r/av_l/av_r/x/y/theta/t_err: 0.31432 1.29824 0.00000 1.31329 1.29326 0.53694 0.54636 0.53694 0.54636 11.62571 -0.09172 -0.73667 0.02027
target: 1.29824 0.00000
target: 1.29824 0.00000
fb: 1.28012 -0.01044 0.43909 0.45207
fb: 1.30153 -0.01094 0.42838 0.44137
dist/lin/ang/drive_left/drive_right/tv_l/tv_r/av_l/av_r/x/y/theta/t_err: 0.28829 1.24097 0.00000 1.31247 1.29059 0.48906 0.49758 0.48906 0.49758 12.65045 -0.10574 -0.83117 0.02382
target: 1.24097 0.00000
target: 1.24097 0.00000
fb: 1.27241 -0.01250 0.37740 0.38981
fb: 1.29359 -0.01101 0.36681 0.37922
dist/lin/ang/drive_left/drive_right/tv_l/tv_r/av_l/av_r/x/y/theta/t_err: 0.26243 1.18130 0.00000 1.30460 1.28258 0.43683 0.45019 0.43683 0.45019 13.66890 -0.12146 -0.93033 0.02799
target: 1.18130 0.00000
target: 1.18130 0.00000
fb: 1.24702 -0.00796 0.32205 0.33386
fb: 1.30722 0.00376 0.29195 0.30377
dist/lin/ang/drive_left/drive_right/tv_l/tv_r/av_l/av_r/x/y/theta/t_err: 0.23630 1.11779 0.00000 1.30345 1.31098 0.39883 0.38756 0.39883 0.38756 14.69806 -0.13871 -0.96699 0.03179
target: 1.11779 0.00000
target: 1.11779 0.00000
fb: 1.40223 0.01484 0.16614 0.17732
fb: 1.21968 0.01712 0.25741 0.26859
dist/lin/ang/drive_left/drive_right/tv_l/tv_r/av_l/av_r/x/y/theta/t_err: 0.21191 1.05509 0.00000 1.20257 1.23680 0.36586 0.34856 0.36586 0.34856 15.65833 -0.15388 -0.83087 0.03295
target: 1.05509 0.00000
target: 1.05509 0.00000
fb: 1.12459 0.00838 0.24844 0.25899
fb: 1.14801 0.01080 0.23673 0.24728
dist/lin/ang/drive_left/drive_right/tv_l/tv_r/av_l/av_r/x/y/theta/t_err: 0.18897 0.99246 0.00000 1.13722 1.15881 0.29553 0.30372 0.29553 0.30372 16.56219 -0.16626 -0.74227 0.03530
target: 0.99246 0.00000
target: 0.99246 0.00000
fb: 1.07054 0.01712 0.21568 0.22561
fb: 1.04337 0.01676 0.22927 0.23919
dist/lin/ang/drive_left/drive_right/tv_l/tv_r/av_l/av_r/x/y/theta/t_err: 0.16811 0.93191 0.00000 1.02660 1.06013 0.27822 0.28183 0.27822 0.28183 17.38368 -0.17583 -0.59436 0.03694
target: 0.93191 0.00000
target: 0.93191 0.00000
fb: 0.99682 0.01229 0.20372 0.21304
fb: 0.97920 0.00696 0.21253 0.22185
dist/lin/ang/drive_left/drive_right/tv_l/tv_r/av_l/av_r/x/y/theta/t_err: 0.14843 0.87088 0.00000 0.97224 0.98616 0.26522 0.27756 0.26522 0.27756 18.15467 -0.18306 -0.49620 0.03523
target: 0.87088 0.00000
target: 0.87088 0.00000
fb: 1.03925 0.00447 0.12180 0.13051
fb: 0.91922 0.00739 0.18182 0.19053
dist/lin/ang/drive_left/drive_right/tv_l/tv_r/av_l/av_r/x/y/theta/t_err: 0.13005 0.80977 0.00000 0.91183 0.92661 0.22192 0.23833 0.22192 0.23833 18.87844 -0.18902 -0.44130 0.03427
target: 0.80977 0.00000
target: 0.80977 0.00000
fb: 0.87088 0.00724 0.14696 0.15506
fb: 0.86494 0.00192 0.14993 0.15803
dist/lin/ang/drive_left/drive_right/tv_l/tv_r/av_l/av_r/x/y/theta/t_err: 0.11275 0.74773 0.00000 0.86302 0.86686 0.19267 0.20364 0.19267 0.20364 19.55948 -0.19390 -0.38937 0.03337
target: 0.74773 0.00000
target: 0.74773 0.00000
fb: 0.74845 0.00355 0.14439 0.15187
fb: 0.73299 0.00810 0.15212 0.15960
dist/lin/ang/drive_left/drive_right/tv_l/tv_r/av_l/av_r/x/y/theta/t_err: 0.09810 0.69080 0.00000 0.72489 0.74108 0.16769 0.17625 0.16769 0.17625 20.13662 -0.19761 -0.34092 0.03252
target: 0.69080 0.00000
target: 0.69080 0.00000
fb: 0.73496 0.00398 0.11951 0.12642
fb: 0.62267 0.00305 0.17566 0.18257
dist/lin/ang/drive_left/drive_right/tv_l/tv_r/av_l/av_r/x/y/theta/t_err: 0.08565 0.63846 0.00000 0.61962 0.62573 0.15808 0.16375 0.15808 0.16375 20.62690 -0.20035 -0.30763 0.03194
target: 0.63846 0.00000
target: 0.63846 0.00000
fb: 0.61672 0.00455 0.14904 0.15543
fb: 0.62045 0.00554 0.14717 0.15356
dist/lin/ang/drive_left/drive_right/tv_l/tv_r/av_l/av_r/x/y/theta/t_err: 0.07324 0.58165 0.00000 0.61491 0.62600 0.16408 0.17489 0.16408 0.17489 21.11544 -0.20280 -0.26350 0.03117
target: 0.58165 0.00000
target: 0.58165 0.00000
fb: 0.58581 0.00369 0.08982 0.09564
fb: 0.56243 0.00142 0.10151 0.10732
dist/lin/ang/drive_left/drive_right/tv_l/tv_r/av_l/av_r/x/y/theta/t_err: 0.06200 0.52486 0.00000 0.56101 0.56385 0.14525 0.16206 0.14525 0.16206 21.55830 -0.20470 -0.23302 0.03064
target: 0.52486 0.00000
target: 0.52486 0.00000
fb: 0.51589 0.00107 -0.08965 -0.08440
fb: 0.47131 0.00313 0.09264 0.09789
dist/lin/ang/drive_left/drive_right/tv_l/tv_r/av_l/av_r/x/y/theta/t_err: 0.05257 0.47203 0.00000 0.46819 0.47444 0.06742 0.09719 0.06742 0.09719 21.92941 -0.20616 -0.21368 0.03030
target: 0.47203 0.00000
target: 0.47203 0.00000
fb: 0.41879 0.00298 0.18978 0.18978
fb: 0.39737 0.00533 0.20048 0.20048
dist/lin/ang/drive_left/drive_right/tv_l/tv_r/av_l/av_r/x/y/theta/t_err: 0.04463 0.42240 0.00000 0.39205 0.40270 0.11069 0.11619 0.11069 0.11619 22.24230 -0.20723 -0.17590 0.02964
target: 0.42240 0.00000
target: 0.42240 0.00000
fb: 0.39163 0.00526 0.16508 0.16508
fb: 0.34131 0.00732 0.19024 0.19024
dist/lin/ang/drive_left/drive_right/tv_l/tv_r/av_l/av_r/x/y/theta/t_err: 0.03781 0.37457 0.00000 0.33399 0.34863 0.18308 0.17931 0.18308 0.17931 22.51105 -0.20793 -0.12020 0.02867
target: 0.37457 0.00000
target: 0.37457 0.00000
fb: 0.34328 0.00959 0.14982 0.14982
fb: 0.37814 0.00753 0.13239 0.13239
dist/lin/ang/drive_left/drive_right/tv_l/tv_r/av_l/av_r/x/y/theta/t_err: 0.03025 0.31318 0.00000 0.37061 0.38567 0.17675 0.16906 0.17675 0.16906 22.80880 -0.20835 -0.04308 0.02732
target: 0.31318 0.00000
target: 0.31318 0.00000
fb: 0.35302 -0.00142 -0.09742 -0.09742
fb: 0.33741 -0.00753 -0.08962 -0.08962
dist/lin/ang/drive_left/drive_right/tv_l/tv_r/av_l/av_r/x/y/theta/t_err: 0.02350 0.24569 0.00000 0.34493 0.32988 0.07853 0.07822 0.07853 0.07822 23.07447 -0.20857 -0.06286 0.02767
target: 0.24569 0.00000
target: 0.24569 0.00000
fb: 0.31802 -0.00760 -0.15287 -0.15287
fb: 0.30456 -0.00682 -0.14614 -0.14614
dist/lin/ang/drive_left/drive_right/tv_l/tv_r/av_l/av_r/x/y/theta/t_err: 0.01741 0.00471 0.00000 0.31138 0.29774 -0.08417 -0.08572 -0.08417 -0.08572 23.31428 -0.20896 -0.12217 0.02870
target: 0.00471 0.00000
target: 0.00471 0.00000
fb: 0.28118 -0.01158 -0.69833 -0.69833
fb: 0.18432 -0.00938 -0.64990 -0.64990
dist/lin/ang/drive_left/drive_right/tv_l/tv_r/av_l/av_r/x/y/theta/t_err: 0.01371 0.00101 0.00000 0.19370 0.17495 -0.23203 -0.21592 -0.23203 -0.21592 23.45942 -0.20936 -0.20588 0.03016
target: 0.00101 0.00000
target: 0.00101 0.00000
fb: 0.10289 -0.00590 -0.08698 -0.08698
fb: 0.04085 -0.00270 -0.08698 -0.08698
dist/lin/ang/drive_left/drive_right/tv_l/tv_r/av_l/av_r/x/y/theta/t_err: 0.01289 0.00019 0.00000 0.04355 0.03816 -0.18753 -0.17078 -0.18753 -0.17078 23.49159 -0.20949 -0.24261 0.03080
target: 0.00019 0.00000
target: 0.00019 0.00000
fb: 0.00399 -0.00114 -0.08156 -0.08156
fb: 0.00001 -0.00270 -0.08156 -0.08156
dist/lin/ang/drive_left/drive_right/tv_l/tv_r/av_l/av_r/x/y/theta/t_err: 0.01289 0.00019 0.00000 0.00271 -0.00269 -0.08433 -0.08606 -0.08433 -0.08606 23.49160 -0.20949 -0.25498 0.03102
target: 0.00019 0.00000
target: 0.00019 0.00000
fb: 0.00002 -0.00469 0.08007 0.08007
fb: 0.00201 -0.00362 0.08007 0.08007
dist/lin/ang/drive_left/drive_right/tv_l/tv_r/av_l/av_r/x/y/theta/t_err: 0.01285 0.00015 0.00000 0.00564 -0.00161 -0.00736 -0.03114 -0.00736 -0.03114 23.49318 -0.20950 -0.28534 0.03155
target: 0.00015 0.00000
target: 0.00015 0.00000
fb: 0.00201 -0.00178 -0.08003 -0.08003
fb: 0.00001 0.00149 -0.08003 -0.08003
dist/lin/ang/drive_left/drive_right/tv_l/tv_r/av_l/av_r/x/y/theta/t_err: 0.01284 0.00014 0.00000 -0.00148 0.00150 0.00597 0.02583 0.00597 0.02583 23.49319 -0.20950 -0.29915 0.03179
target: 0.00014 0.00000
target: 0.00014 0.00000
fb: -0.00001 0.00483 0.08005 0.08005
fb: -0.00003 0.00313 0.08005 0.08005
dist/lin/ang/drive_left/drive_right/tv_l/tv_r/av_l/av_r/x/y/theta/t_err: 0.01285 0.00015 0.00000 -0.00315 0.00310 -0.00053 -0.00258 -0.00053 -0.00258 23.49317 -0.20950 -0.26595 0.03121
target: 0.00015 0.00000
target: 0.00015 0.00000
fb: 0.00000 -0.00703 0.08007 0.08007
fb: -0.00965 -0.01115 0.08007 0.08007
dist/lin/ang/drive_left/drive_right/tv_l/tv_r/av_l/av_r/x/y/theta/t_err: 0.01304 0.00034 0.00000 0.00150 -0.02080 0.07683 0.07581 0.07683 0.07581 23.48557 -0.20945 -0.32984 0.03233
target: 0.00034 0.00000
target: 0.00034 0.00000
fb: -0.06393 -0.00398 0.08051 0.08051
fb: -0.08338 0.00121 0.08051 0.08051
dist/lin/ang/drive_left/drive_right/tv_l/tv_r/av_l/av_r/x/y/theta/t_err: 0.01470 0.00200 0.00000 -0.08459 -0.08218 0.08025 0.07975 0.08025 0.07975 23.41991 -0.20906 -0.35778 0.03281
target: 0.00200 0.00000
target: 0.00200 0.00000
fb: -0.03308 -0.00526 0.08413 0.08413
fb: -0.00392 -0.00973 0.08413 0.08413
dist/lin/ang/drive_left/drive_right/tv_l/tv_r/av_l/av_r/x/y/theta/t_err: 0.01477 0.00207 0.00000 0.00581 -0.01365 0.07803 0.07750 0.07803 0.07750 23.41683 -0.20904 -0.41435 0.03380
target: 0.00207 0.00000
target: 0.00207 0.00000
fb: 0.00007 -0.00959 0.08098 0.08098
fb: 0.00007 -0.00746 0.08098 0.08098
dist/lin/ang/drive_left/drive_right/tv_l/tv_r/av_l/av_r/x/y/theta/t_err: 0.01477 0.00207 0.00000 0.00753 -0.00739 0.07819 0.07717 0.07819 0.07717 23.41688 -0.20904 -0.49233 0.03516
target: 0.00207 0.00000
target: 0.00207 0.00000
fb: 0.00004 -0.00192 0.08081 0.08081
fb: 0.00002 -0.00099 0.08081 0.08081
dist/lin/ang/drive_left/drive_right/tv_l/tv_r/av_l/av_r/x/y/theta/t_err: 0.01476 0.00206 0.00000 0.00101 -0.00098 0.07786 0.07800 0.07786 0.07800 23.41690 -0.20904 -0.51393 0.03554
target: 0.00206 0.00000
target: 0.00206 0.00000
fb: 0.00001 0.00107 0.08082 0.08082
fb: -0.00001 0.00298 0.08082 0.08082
dist/lin/ang/drive_left/drive_right/tv_l/tv_r/av_l/av_r/x/y/theta/t_err: 0.01476 0.00206 0.00000 -0.00299 0.00298 0.07886 0.07853 0.07886 0.07853 23.41689 -0.20904 -0.50514 0.03539
target: 0.00206 0.00000
target: 0.00206 0.00000
fb: -0.00002 0.00270 0.08083 0.08083
fb: -0.00200 0.00234 0.08083 0.08083
final error: 0.62093, x: 0.58469, y: 0.20902
final local error: 0.62093, forwards: 0.58289, sideways: 0.21398
position: 23.41531 -0.20902 -0.48649
took 1.04000 time to finish turn
dist/lin/ang/drive_left/drive_right/tv_l/tv_r/av_l/av_r/x/y/theta/t_err: -0.59881 -1.77800 0.00000 -0.00000 -0.00000 0.00000 -0.00050 0.00000 -0.00050 23.57408 -0.21018 179.56415 -0.00131
target: -1.77800 0.00000
target: -1.77800 0.00000
fb: 0.00000 0.00000 -1.00000 -1.00000
fb: 0.00000 0.00000 -1.00000 -1.00000
dist/lin/ang/drive_left/drive_right/tv_l/tv_r/av_l/av_r/x/y/theta/t_err: -0.59881 -1.77800 0.00000 0.00000 0.00000 -0.08658 -0.11567 -0.08658 -0.11567 23.57408 -0.21018 179.56158 -0.00126
target: -1.77800 0.00000
target: -1.77800 0.00000
fb: -0.00000 0.00000 -1.00000 -1.00000
fb: 0.00794 0.00099 -1.00000 -1.00000
dist/lin/ang/drive_left/drive_right/tv_l/tv_r/av_l/av_r/x/y/theta/t_err: -0.59896 -1.77800 0.00000 0.00694 0.00893 -0.51864 -0.58453 -0.51864 -0.58453 23.58033 -0.21023 179.56804 -0.00138
target: -1.77800 0.00000
target: -1.77800 0.00000
fb: 0.00796 -0.00739 -1.00000 -1.00000
fb: -0.03681 -0.00689 -1.00000 -1.00000
dist/lin/ang/drive_left/drive_right/tv_l/tv_r/av_l/av_r/x/y/theta/t_err: -0.59823 -1.77800 0.00000 -0.02992 -0.04370 -0.67400 -0.67947 -0.67400 -0.67947 23.55135 -0.20999 179.52254 -0.00058
target: -1.77800 0.00000
target: -1.77800 0.00000
fb: -0.16103 -0.00746 -1.00000 -1.00000
fb: -0.31418 -0.00121 -1.00000 -1.00000
dist/lin/ang/drive_left/drive_right/tv_l/tv_r/av_l/av_r/x/y/theta/t_err: -0.59194 -1.77800 0.00000 -0.31297 -0.31539 -0.64233 -0.55131 -0.64233 -0.55131 23.30397 -0.20781 179.47965 0.00016
target: -1.77800 0.00000
target: -1.77800 0.00000
fb: -0.39942 0.01136 -1.00000 -1.00000
fb: -0.40345 0.01250 -1.00000 -1.00000
dist/lin/ang/drive_left/drive_right/tv_l/tv_r/av_l/av_r/x/y/theta/t_err: -0.58388 -1.77800 0.00000 -0.41595 -0.39095 -0.68253 -0.67553 -0.68253 -0.67553 22.98630 -0.20516 179.57462 -0.00150
target: -1.77800 0.00000
target: -1.77800 0.00000
fb: -0.44053 0.01009 -1.00000 -1.00000
fb: -0.51996 0.00902 -1.00000 -1.00000
dist/lin/ang/drive_left/drive_right/tv_l/tv_r/av_l/av_r/x/y/theta/t_err: -0.57348 -1.77020 0.00000 -0.52898 -0.51093 -0.71950 -0.75103 -0.71950 -0.75103 22.57690 -0.20246 179.66720 -0.00316
target: -1.77020 0.00000
target: -1.77020 0.00000
fb: -0.58175 0.01200 -1.00000 -1.00000
fb: -0.59147 0.01513 -1.00000 -1.00000
dist/lin/ang/drive_left/drive_right/tv_l/tv_r/av_l/av_r/x/y/theta/t_err: -0.56165 -1.75143 0.00000 -0.60660 -0.57635 -0.76964 -0.74981 -0.76964 -0.74981 22.11118 -0.20020 179.78882 -0.00537
target: -1.75143 0.00000
target: -1.75143 0.00000
fb: -0.63054 0.01435 -1.00000 -1.00000
fb: -0.76625 0.01570 -1.00000 -1.00000
dist/lin/ang/drive_left/drive_right/tv_l/tv_r/av_l/av_r/x/y/theta/t_err: -0.54632 -1.72681 0.00000 -0.78195 -0.75055 -0.77103 -0.76144 -0.77103 -0.76144 21.50783 -0.19871 179.92366 -0.00791
target: -1.72681 0.00000
target: -1.72681 0.00000
fb: -0.77398 0.01619 -1.00000 -1.00000
fb: -0.77200 0.01932 -1.00000 -1.00000
dist/lin/ang/drive_left/drive_right/tv_l/tv_r/av_l/av_r/x/y/theta/t_err: -0.53088 -1.70165 0.00000 -0.79132 -0.75268 -0.80044 -0.81208 -0.80044 -0.81208 20.89996 -0.19872 180.07798 -0.01087
target: -1.70165 0.00000
target: -1.70165 0.00000
fb: -0.84570 0.01492 -1.00000 -1.00000
fb: -0.88254 0.01612 -1.00000 -1.00000
dist/lin/ang/drive_left/drive_right/tv_l/tv_r/av_l/av_r/x/y/theta/t_err: -0.51323 -1.67242 0.00000 -0.89866 -0.86642 -0.81669 -0.82319 -0.81669 -0.82319 20.20505 -0.20054 180.21863 -0.01374
target: -1.67242 0.00000
target: -1.67242 0.00000
fb: -0.90968 0.01655 -1.00000 -1.00000
fb: -0.97764 0.01676 -1.00000 -1.00000
dist/lin/ang/drive_left/drive_right/tv_l/tv_r/av_l/av_r/x/y/theta/t_err: -0.49368 -1.63943 0.00000 -0.99441 -0.96088 -0.82644 -0.83122 -0.82644 -0.83122 19.43526 -0.20445 180.35837 -0.01677
target: -1.63943 0.00000
target: -1.63943 0.00000
fb: -1.08997 0.01804 -0.96043 -0.97682
fb: -1.11531 0.00653 -0.94775 -0.96415
dist/lin/ang/drive_left/drive_right/tv_l/tv_r/av_l/av_r/x/y/theta/t_err: -0.47138 -1.60097 0.00000 -1.12185 -1.10878 -0.75800 -0.68681 -0.75800 -0.68681 18.55708 -0.21096 180.47130 -0.01959
target: -1.60097 0.00000
target: -1.60097 0.00000
fb: -1.10356 0.00000 -0.89208 -0.90809
fb: -1.12870 0.00632 -0.87951 -0.89552
dist/lin/ang/drive_left/drive_right/tv_l/tv_r/av_l/av_r/x/y/theta/t_err: -0.44881 -1.56109 0.00000 -1.13502 -1.12238 -0.71642 -0.56500 -0.71642 -0.56500 17.66837 -0.21847 180.50103 -0.02111
target: -1.56109 0.00000
target: -1.56109 0.00000
fb: -1.10932 0.01371 -0.84450 -0.86011
fb: -1.13653 0.02479 -0.83090 -0.84651
dist/lin/ang/drive_left/drive_right/tv_l/tv_r/av_l/av_r/x/y/theta/t_err: -0.42609 -1.51987 0.00000 -1.16132 -1.11174 -0.75286 -0.64150 -0.75286 -0.64150 16.77351 -0.22733 180.64996 -0.02490
target: -1.51987 0.00000
target: -1.51987 0.00000
fb: -1.24937 0.03757 -0.72892 -0.74412
fb: -1.23178 0.03765 -0.73771 -0.75291
dist/lin/ang/drive_left/drive_right/tv_l/tv_r/av_l/av_r/x/y/theta/t_err: -0.40146 -1.47390 0.00000 -1.26943 -1.19414 -0.71744 -0.70789 -0.71744 -0.70789 15.80370 -0.24089 180.96834 -0.03214
target: -1.47390 0.00000
target: -1.47390 0.00000
fb: -1.18897 0.03402 -0.69362 -0.70836
fb: -1.25315 0.02948 -0.66153 -0.67627
dist/lin/ang/drive_left/drive_right/tv_l/tv_r/av_l/av_r/x/y/theta/t_err: -0.37641 -1.42563 0.00000 -1.28263 -1.22368 -0.70344 -0.73181 -0.70344 -0.73181 14.81716 -0.26008 181.24890 -0.03935
target: -1.42563 0.00000
target: -1.42563 0.00000
fb: -1.25115 0.03033 -0.60582 -0.62007
fb: -1.26859 0.03310 -0.59710 -0.61135
dist/lin/ang/drive_left/drive_right/tv_l/tv_r/av_l/av_r/x/y/theta/t_err: -0.35107 -1.37506 0.00000 -1.30169 -1.23549 -0.63858 -0.67025 -0.63858 -0.67025 13.81856 -0.28420 181.52039 -0.04710
target: -1.37506 0.00000
target: -1.37506 0.00000
fb: -1.27830 0.03026 -0.53332 -0.54707
fb: -1.22796 0.02479 -0.55849 -0.57224
dist/lin/ang/drive_left/drive_right/tv_l/tv_r/av_l/av_r/x/y/theta/t_err: -0.32654 -1.32428 0.00000 -1.25275 -1.20318 -0.57147 -0.59839 -0.57147 -0.59839 12.85206 -0.31202 181.76353 -0.05505
target: -1.32428 0.00000
target: -1.32428 0.00000
fb: -1.21623 0.02124 -0.51471 -0.52795
fb: -1.19083 0.01804 -0.52741 -0.54066
dist/lin/ang/drive_left/drive_right/tv_l/tv_r/av_l/av_r/x/y/theta/t_err: -0.30276 -1.27313 0.00000 -1.20887 -1.17279 -0.53436 -0.55594 -0.53436 -0.55594 11.91489 -0.34232 181.93407 -0.06248
target: -1.27313 0.00000
target: -1.27313 0.00000
fb: -1.20647 0.01754 -0.46880 -0.48153
fb: -1.26472 0.01719 -0.43967 -0.45241
dist/lin/ang/drive_left/drive_right/tv_l/tv_r/av_l/av_r/x/y/theta/t_err: -0.27752 -1.21649 0.00000 -1.28191 -1.24753 -0.50183 -0.52789 -0.50183 -0.52789 10.91965 -0.37715 182.07338 -0.07071
target: -1.21649 0.00000
target: -1.21649 0.00000
fb: -1.20824 0.01975 -0.38879 -0.40095
fb: -1.23163 0.01818 -0.37709 -0.38926
dist/lin/ang/drive_left/drive_right/tv_l/tv_r/av_l/av_r/x/y/theta/t_err: -0.25296 -1.15870 0.00000 -1.24982 -1.21345 -0.44231 -0.46508 -0.44231 -0.46508 9.95055 -0.41359 182.22566 -0.08039
target: -1.15870 0.00000
target: -1.15870 0.00000
fb: -1.34417 0.01854 -0.26022 -0.27181
fb: -1.23737 0.01698 -0.31363 -0.32521
dist/lin/ang/drive_left/drive_right/tv_l/tv_r/av_l/av_r/x/y/theta/t_err: -0.22831 -1.09764 0.00000 -1.25434 -1.22039 -0.37419 -0.39647 -0.37419 -0.39647 8.97702 -0.45266 182.37415 -0.09182
target: -1.09764 0.00000
target: -1.09764 0.00000
fb: -1.17932 0.01350 -0.26929 -0.28027
fb: -1.18124 -0.00419 -0.26833 -0.27930
dist/lin/ang/drive_left/drive_right/tv_l/tv_r/av_l/av_r/x/y/theta/t_err: -0.20479 -1.03606 0.00000 -1.17705 -1.18543 -0.35297 -0.32753 -0.35297 -0.32753 8.04774 -0.49192 182.43489 -0.10355
target: -1.03606 0.00000
target: -1.03606 0.00000
fb: -1.06663 -0.00952 -0.26421 -0.27457
fb: -1.11693 0.00341 -0.23906 -0.24942
dist/lin/ang/drive_left/drive_right/tv_l/tv_r/av_l/av_r/x/y/theta/t_err: -0.18259 -0.97434 0.00000 -1.12034 -1.11352 -0.32494 -0.33878 -0.32494 -0.33878 7.16904 -0.52874 182.38457 -0.11524
target: -0.97434 0.00000
target: -0.97434 0.00000
fb: -1.10353 0.00590 -0.18585 -0.19559
fb: -1.02984 -0.00170 -0.22269 -0.23244
dist/lin/ang/drive_left/drive_right/tv_l/tv_r/av_l/av_r/x/y/theta/t_err: -0.16215 -0.91384 -0.00000 -1.02813 -1.03154 -0.27256 -0.28731 -0.27256 -0.28731 6.35885 -0.56275 182.40746 -0.13029
target: -0.91384 0.00000
target: -0.91384 0.00000
fb: -1.06665 -0.00369 -0.15173 -0.16086
fb: -0.99691 -0.00128 -0.18659 -0.19573
dist/lin/ang/drive_left/drive_right/tv_l/tv_r/av_l/av_r/x/y/theta/t_err: -0.14084 -0.84621 0.00000 -0.99563 -0.99819 -0.22961 -0.24128 -0.22961 -0.24128 5.57457 -0.59551 182.37844 -0.12978
target: -0.84621 0.00000
target: -0.84621 0.00000
fb: -0.95411 -0.00156 -0.11096 -0.11942
fb: -0.92497 -0.00746 -0.12553 -0.13399
dist/lin/ang/drive_left/drive_right/tv_l/tv_r/av_l/av_r/x/y/theta/t_err: -0.12236 -0.78279 0.00000 -0.91752 -0.93243 -0.19489 -0.19953 -0.19489 -0.19953 4.84686 -0.62558 182.34540 -0.12920
target: -0.78279 0.00000
target: -0.78279 0.00000
fb: -0.87262 -0.01854 -0.10979 -0.11762
fb: -0.83969 -0.02046 -0.12626 -0.13408
dist/lin/ang/drive_left/drive_right/tv_l/tv_r/av_l/av_r/x/y/theta/t_err: -0.10562 -0.72059 0.00000 -0.81923 -0.86014 -0.15161 -0.16342 -0.15161 -0.16342 4.18621 -0.65178 182.18513 -0.12641
target: -0.72059 0.00000
target: -0.72059 0.00000
fb: -0.75229 -0.02102 -0.11569 -0.12290
fb: -0.68233 -0.02379 -0.15067 -0.15788
dist/lin/ang/drive_left/drive_right/tv_l/tv_r/av_l/av_r/x/y/theta/t_err: -0.09204 -0.66586 0.00000 -0.65853 -0.70612 -0.14167 -0.14939 -0.14167 -0.14939 3.64930 -0.67138 181.99100 -0.12302
target: -0.66586 0.00000
target: -0.66586 0.00000
fb: -0.61855 -0.02287 -0.16370 -0.17036
fb: -0.59341 -0.01754 -0.17627 -0.18293
dist/lin/ang/drive_left/drive_right/tv_l/tv_r/av_l/av_r/x/y/theta/t_err: -0.08024 -0.61435 0.00000 -0.57586 -0.61095 -0.16736 -0.17111 -0.16736 -0.17111 3.18231 -0.68679 181.80403 -0.11975
target: -0.61435 0.00000
target: -0.61435 0.00000
fb: -0.63404 -0.01477 -0.12093 -0.12707
fb: -0.61464 -0.01605 -0.13063 -0.13677
dist/lin/ang/drive_left/drive_right/tv_l/tv_r/av_l/av_r/x/y/theta/t_err: -0.06800 -0.55587 0.00000 -0.59858 -0.63069 -0.16633 -0.17128 -0.16633 -0.17128 2.69856 -0.70146 181.66761 -0.11737
target: -0.55587 0.00000
target: -0.55587 0.00000
fb: -0.56234 -0.01584 0.09066 0.08510
fb: -0.52925 -0.01037 -0.08588 -0.09144
dist/lin/ang/drive_left/drive_right/tv_l/tv_r/av_l/av_r/x/y/theta/t_err: -0.05745 -0.50009 0.00000 -0.51888 -0.53962 -0.05614 -0.05800 -0.05614 -0.05800 2.28199 -0.71310 181.54231 -0.11519
target: -0.50009 0.00000
target: -0.50009 0.00000
fb: -0.50214 -0.00625 -0.16743 -0.16743
fb: -0.40927 -0.00483 -0.21387 -0.21387
dist/lin/ang/drive_left/drive_right/tv_l/tv_r/av_l/av_r/x/y/theta/t_err: -0.04929 -0.45217 0.00000 -0.40444 -0.41410 -0.11586 -0.10489 -0.11586 -0.10489 1.95984 -0.72162 181.48553 -0.11420
target: -0.45217 0.00000
target: -0.45217 0.00000
fb: -0.34705 -0.00639 -0.21759 -0.21759
fb: -0.34329 -0.00859 -0.21946 -0.21946
dist/lin/ang/drive_left/drive_right/tv_l/tv_r/av_l/av_r/x/y/theta/t_err: -0.04244 -0.40768 0.00000 -0.33470 -0.35189 -0.20000 -0.19625 -0.20000 -0.19625 1.68962 -0.72850 181.42396 -0.11312
target: -0.40768 0.00000
target: -0.40768 0.00000
fb: -0.36844 -0.00831 -0.17373 -0.17373
fb: -0.41876 -0.00270 -0.14857 -0.14857
dist/lin/ang/drive_left/drive_right/tv_l/tv_r/av_l/av_r/x/y/theta/t_err: -0.03409 -0.34570 0.00000 -0.41606 -0.42146 -0.19453 -0.19933 -0.19453 -0.19933 1.35999 -0.73651 181.37037 -0.11219
target: -0.34570 0.00000
target: -0.34570 0.00000
fb: -0.41504 0.00057 0.10036 0.10036
fb: -0.39168 0.00419 0.08868 0.08868
dist/lin/ang/drive_left/drive_right/tv_l/tv_r/av_l/av_r/x/y/theta/t_err: -0.02625 -0.27516 -0.00000 -0.39587 -0.38749 -0.05458 -0.08403 -0.05458 -0.08403 1.05167 -0.74389 181.37969 -0.11235
target: -0.27516 0.00000
target: -0.27516 0.00000
fb: -0.34911 0.00398 0.14797 0.14797
fb: -0.31226 0.00469 0.12955 0.12955
dist/lin/ang/drive_left/drive_right/tv_l/tv_r/av_l/av_r/x/y/theta/t_err: -0.01999 -0.00729 -0.00000 -0.31695 -0.30757 0.09189 0.08197 0.09189 0.08197 0.80586 -0.74988 181.41104 -0.11290
target: -0.00729 0.00000
target: -0.00729 0.00000
fb: -0.28911 0.00874 0.75373 0.75373
fb: -0.20176 0.01413 0.71006 0.71006
dist/lin/ang/drive_left/drive_right/tv_l/tv_r/av_l/av_r/x/y/theta/t_err: -0.01593 -0.00323 -0.00000 -0.21589 -0.18762 0.17181 0.17194 0.17181 0.17194 0.64705 -0.75388 181.49742 -0.11440
target: -0.00323 0.00000
target: -0.00323 0.00000
fb: -0.10469 0.01328 0.08684 0.08684
fb: -0.04091 0.00732 0.08684 0.08684
dist/lin/ang/drive_left/drive_right/tv_l/tv_r/av_l/av_r/x/y/theta/t_err: -0.01508 -0.00238 -0.00000 -0.04822 -0.03359 0.28422 0.19764 0.28422 0.19764 0.61485 -0.75474 181.59559 -0.11612
target: -0.00238 0.00000
target: -0.00238 0.00000
fb: -0.00401 -0.00064 0.08075 0.08075
fb: -0.00198 -0.00220 0.08075 0.08075
dist/lin/ang/drive_left/drive_right/tv_l/tv_r/av_l/av_r/x/y/theta/t_err: -0.01504 -0.00234 0.00000 0.00022 -0.00418 0.09617 0.08572 0.09617 0.08572 0.61329 -0.75478 181.58784 -0.11598
target: -0.00234 0.00000
target: -0.00234 0.00000
fb: -0.00196 -0.00533 -0.08086 -0.08086
fb: 0.00005 -0.01037 -0.08086 -0.08086
dist/lin/ang/drive_left/drive_right/tv_l/tv_r/av_l/av_r/x/y/theta/t_err: -0.01506 -0.00236 0.00000 0.01042 -0.01032 0.03644 0.02822 0.03644 0.02822 0.61333 -0.75478 181.52747 -0.11493
target: -0.00236 0.00000
target: -0.00236 0.00000
fb: 0.00010 -0.01754 -0.08099 -0.08099
fb: -0.00362 -0.01705 -0.08099 -0.08099
dist/lin/ang/drive_left/drive_right/tv_l/tv_r/av_l/av_r/x/y/theta/t_err: -0.01504 -0.00234 0.00000 0.01343 -0.02067 -0.07564 -0.07594 -0.07564 -0.07594 0.61048 -0.75485 181.38038 -0.11236
target: -0.00234 0.00000
target: -0.00234 0.00000
fb: -0.03474 -0.01215 -0.08089 -0.08089
fb: -0.03876 -0.00199 -0.08089 -0.08089
dist/lin/ang/drive_left/drive_right/tv_l/tv_r/av_l/av_r/x/y/theta/t_err: -0.01429 -0.00159 0.00000 -0.03677 -0.04075 -0.08386 -0.08367 -0.08386 -0.08367 0.57997 -0.75556 181.29675 -0.11090
target: -0.00159 0.00000
target: -0.00159 0.00000
fb: -0.00771 0.00305 0.08086 0.08086
fb: -0.00002 0.00582 0.08086 0.08086
dist/lin/ang/drive_left/drive_right/tv_l/tv_r/av_l/av_r/x/y/theta/t_err: -0.01429 -0.00159 -0.00000 -0.00584 0.00581 -0.05903 -0.03594 -0.05903 -0.03594 0.57996 -0.75556 181.31814 -0.11127
target: -0.00159 0.00000
target: -0.00159 0.00000
fb: -0.00404 0.01698 -0.08062 -0.08062
fb: -0.00411 0.02351 -0.08062 -0.08062
dist/lin/ang/drive_left/drive_right/tv_l/tv_r/av_l/av_r/x/y/theta/t_err: -0.01415 -0.00145 -0.00000 -0.02762 0.01940 0.05475 0.02586 0.05475 0.02586 0.57672 -0.75564 181.47883 -0.11408
target: -0.00145 0.00000
target: -0.00145 0.00000
fb: -0.00019 0.02813 -0.08031 -0.08031
fb: -0.00021 0.02401 -0.08031 -0.08031
dist/lin/ang/drive_left/drive_right/tv_l/tv_r/av_l/av_r/x/y/theta/t_err: -0.01406 -0.00136 -0.00000 -0.02421 0.02380 -0.07289 -0.07325 -0.07289 -0.07325 0.57655 -0.75565 181.71088 -0.11813
target: -0.00136 0.00000
target: -0.00136 0.00000
fb: -0.00018 0.01861 -0.08038 -0.08038
fb: -0.00211 0.01016 -0.08038 -0.08038
dist/lin/ang/drive_left/drive_right/tv_l/tv_r/av_l/av_r/x/y/theta/t_err: -0.01397 -0.00127 -0.00000 -0.01227 0.00804 -0.07853 -0.07650 -0.07853 -0.07650 0.57489 -0.75570 181.85475 -0.12064
target: -0.00127 0.00000
target: -0.00127 0.00000
fb: -0.00207 0.00845 -0.08033 -0.08033
fb: -0.00007 0.00796 -0.08033 -0.08033
dist/lin/ang/drive_left/drive_right/tv_l/tv_r/av_l/av_r/x/y/theta/t_err: -0.01395 -0.00125 -0.00000 -0.00802 0.00789 -0.07886 -0.07733 -0.07886 -0.07733 0.57484 -0.75570 181.93047 -0.12196
target: -0.00125 0.00000
target: -0.00125 0.00000
fb: -0.00005 0.00256 -0.08044 -0.08044
fb: -0.00001 -0.00462 -0.08044 -0.08044
dist/lin/ang/drive_left/drive_right/tv_l/tv_r/av_l/av_r/x/y/theta/t_err: -0.01394 -0.00124 -0.00000 0.00461 -0.00462 -0.07853 -0.07717 -0.07853 -0.07717 0.57483 -0.75570 181.93786 -0.12209
target: -0.00124 0.00000
target: -0.00124 0.00000
fb: 0.00004 -0.00810 -0.08049 -0.08049
fb: 0.00006 -0.00753 -0.08049 -0.08049
dist/lin/ang/drive_left/drive_right/tv_l/tv_r/av_l/av_r/x/y/theta/t_err: -0.01397 -0.00127 0.00000 0.00759 -0.00747 -0.07836 -0.07869 -0.07836 -0.07869 0.57488 -0.75570 181.87382 -0.12097
target: -0.00127 0.00000
target: -0.00127 0.00000
fb: 0.00005 -0.00476 -0.08055 -0.08055
fb: 0.00003 -0.00369 -0.08055 -0.08055
start is 0.00000 0.00000
dist/lin/ang/drive_left/drive_right/tv_l/tv_r/av_l/av_r/x/y/theta/t_err: 0.60960 1.77800 0.00000 -0.00000 -0.00000 -0.00017 -0.00017 -0.00017 -0.00017 -0.00000 -0.00000 0.00107 -0.00002
target: 1.77800 0.00000
target: 1.77800 0.00000
fb: -0.00000 0.00000 1.00000 1.00000
fb: 0.00000 0.00000 1.00000 1.00000
dist/lin/ang/drive_left/drive_right/tv_l/tv_r/av_l/av_r/x/y/theta/t_err: 0.60960 1.77800 0.00000 0.00000 0.00000 0.10694 0.09119 0.10694 0.09119 -0.00000 -0.00000 0.00012 -0.00000
target: 1.77800 0.00000
target: 1.77800 0.00000
fb: 0.00000 0.00000 1.00000 1.00000
fb: 0.00000 0.00057 1.00000 1.00000
dist/lin/ang/drive_left/drive_right/tv_l/tv_r/av_l/av_r/x/y/theta/t_err: 0.60960 1.77800 0.00000 -0.00057 0.00057 0.55047 0.55167 0.55047 0.55167 -0.00000 -0.00000 0.00012 -0.00000
target: 1.77800 0.00000
target: 1.77800 0.00000
fb: 0.00001 -0.00653 1.00000 1.00000
fb: -0.00371 -0.00426 1.00000 1.00000
dist/lin/ang/drive_left/drive_right/tv_l/tv_r/av_l/av_r/x/y/theta/t_err: 0.60967 1.77800 0.00000 0.00055 -0.00797 0.72567 0.73903 0.72567 0.73903 -0.00292 0.00000 -0.04409 0.00077
target: 1.77800 0.00000
target: 1.77800 0.00000
fb: 0.12604 -0.00163 1.00000 1.00000
fb: 0.29857 -0.00199 1.00000 1.00000
dist/lin/ang/drive_left/drive_right/tv_l/tv_r/av_l/av_r/x/y/theta/t_err: 0.60370 1.77800 0.00000 0.30056 0.29658 0.73681 0.72550 0.73681 0.72550 0.23217 -0.00023 -0.06295 0.00111
target: 1.77800 0.00000
target: 1.77800 0.00000
fb: 0.34909 0.00128 1.00000 1.00000
fb: 0.40333 0.01115 1.00000 1.00000
dist/lin/ang/drive_left/drive_right/tv_l/tv_r/av_l/av_r/x/y/theta/t_err: 0.59564 1.77800 0.00000 0.39218 0.41448 0.74961 0.69075 0.74961 0.69075 0.54976 -0.00052 -0.02617 0.00048
target: 1.77800 0.00000
target: 1.77800 0.00000
fb: 0.46152 0.01854 1.00000 1.00000
fb: 0.52746 0.01967 1.00000 1.00000
dist/lin/ang/drive_left/drive_right/tv_l/tv_r/av_l/av_r/x/y/theta/t_err: 0.58509 1.77800 0.00000 0.50778 0.54713 0.78831 0.72892 0.78831 0.72892 0.96507 -0.00013 0.13233 -0.00230
target: 1.77800 0.00000
target: 1.77800 0.00000
fb: 0.57599 0.01939 1.00000 1.00000
fb: 0.57004 0.01825 1.00000 1.00000
dist/lin/ang/drive_left/drive_right/tv_l/tv_r/av_l/av_r/x/y/theta/t_err: 0.57369 1.77053 0.00000 0.55179 0.58830 0.82186 0.72278 0.82186 0.72278 1.41392 0.00154 0.29223 -0.00517
target: 1.77053 0.00000
target: 1.77053 0.00000
fb: 0.62235 0.01683 1.00000 1.00000
fb: 0.69607 0.01193 1.00000 1.00000
dist/lin/ang/drive_left/drive_right/tv_l/tv_r/av_l/av_r/x/y/theta/t_err: 0.55977 1.74843 0.00000 0.68413 0.70800 0.82475 0.76350 0.82475 0.76350 1.96200 0.00500 0.41918 -0.00754
target: 1.74843 0.00000
target: 1.74843 0.00000
fb: 0.67668 0.00859 1.00000 1.00000
fb: 0.70782 0.00653 1.00000 1.00000
dist/lin/ang/drive_left/drive_right/tv_l/tv_r/av_l/av_r/x/y/theta/t_err: 0.54561 1.72566 0.00000 0.70129 0.71436 0.83450 0.80642 0.83450 0.80642 2.51932 0.00941 0.47780 -0.00878
target: 1.72566 0.00000
target: 1.72566 0.00000
fb: 0.70983 0.00199 1.00000 1.00000
fb: 0.77186 0.00241 1.00000 1.00000
dist/lin/ang/drive_left/drive_right/tv_l/tv_r/av_l/av_r/x/y/theta/t_err: 0.53017 1.70048 0.00000 0.76944 0.77427 0.84033 0.83450 0.84033 0.83450 3.12706 0.01456 0.49029 -0.00925
target: 1.70048 0.00000
target: 1.70048 0.00000
fb: 0.94067 0.00000 1.00000 1.00000
fb: 0.95238 -0.00433 1.00000 1.00000
dist/lin/ang/drive_left/drive_right/tv_l/tv_r/av_l/av_r/x/y/theta/t_err: 0.51113 1.66889 0.00000 0.95671 0.94805 0.83433 0.83414 0.83433 0.83414 3.87694 0.02091 0.47196 -0.00928
target: 1.66889 0.00000
target: 1.66889 0.00000
fb: 1.03560 -0.00646 1.00000 1.00000
fb: 1.15961 -0.00533 0.96018 0.97687
dist/lin/ang/drive_left/drive_right/tv_l/tv_r/av_l/av_r/x/y/theta/t_err: 0.48793 1.62960 0.00000 1.16494 1.15429 0.86478 0.86206 0.86478 0.86206 4.78999 0.02798 0.41700 -0.00873
target: 1.62960 0.00000
target: 1.62960 0.00000
fb: 1.14814 -0.00739 0.89355 0.90985
fb: 1.17152 -0.00462 0.88186 0.89816
dist/lin/ang/drive_left/drive_right/tv_l/tv_r/av_l/av_r/x/y/theta/t_err: 0.46451 1.58893 0.00000 1.17614 1.16691 0.72122 0.71217 0.72122 0.71217 5.71243 0.03426 0.36808 -0.00830
target: 1.58893 0.00000
target: 1.58893 0.00000
fb: 1.15982 -0.00419 0.84241 0.85829
fb: 1.15210 -0.00405 0.84627 0.86216
dist/lin/ang/drive_left/drive_right/tv_l/tv_r/av_l/av_r/x/y/theta/t_err: 0.44146 1.54788 0.00000 1.15614 1.14805 0.65019 0.71333 0.65019 0.71333 6.61958 0.03977 0.33035 -0.00805
target: 1.54788 0.00000
target: 1.54788 0.00000
fb: 1.21807 -0.00192 0.77222 0.78770
fb: 1.19270 -0.00902 0.78490 0.80038
dist/lin/ang/drive_left/drive_right/tv_l/tv_r/av_l/av_r/x/y/theta/t_err: 0.41761 1.50421 0.00000 1.20173 1.18368 0.79686 0.72944 0.79686 0.72944 7.55870 0.04492 0.28452 -0.00770
target: 1.50421 0.00000
target: 1.50421 0.00000
fb: 1.20819 -0.01328 0.72342 0.73846
fb: 1.30134 -0.01321 0.67684 0.69189
dist/lin/ang/drive_left/drive_right/tv_l/tv_r/av_l/av_r/x/y/theta/t_err: 0.39158 1.45506 0.00000 1.31455 1.28813 0.72600 0.73044 0.72600 0.73044 8.58337 0.04890 0.16168 -0.00599
target: 1.45506 0.00000
target: 1.45506 0.00000
fb: 1.28014 -0.01002 0.61564 0.63019
fb: 1.29381 -0.01172 0.60880 0.62335
dist/lin/ang/drive_left/drive_right/tv_l/tv_r/av_l/av_r/x/y/theta/t_err: 0.36571 1.40450 0.00000 1.30553 1.28209 0.67367 0.67792 0.67367 0.67792 9.60211 0.05091 0.06565 -0.00468
target: 1.40450 0.00000
target: 1.40450 0.00000
fb: 1.31302 -0.01541 0.54426 0.55831
fb: 1.28192 -0.01520 0.55981 0.57386
dist/lin/ang/drive_left/drive_right/tv_l/tv_r/av_l/av_r/x/y/theta/t_err: 0.34007 1.35253 0.00000 1.29712 1.26672 0.60178 0.61050 0.60178 0.61050 10.61150 0.05100 -0.05802 -0.00280
target: 1.35253 0.00000
target: 1.35253 0.00000
fb: 1.33842 -0.01577 0.47539 0.48891
fb: 1.33069 -0.01541 0.47925 0.49277
dist/lin/ang/drive_left/drive_right/tv_l/tv_r/av_l/av_r/x/y/theta/t_err: 0.31346 1.29639 0.00000 1.34611 1.31528 0.55164 0.54294 0.55164 0.54294 11.65929 0.04875 -0.18938 -0.00064
target: 1.29639 0.00000
target: 1.29639 0.00000
fb: 1.33622 -0.01932 0.40378 0.41674
fb: 1.27820 -0.01896 0.43279 0.44575
dist/lin/ang/drive_left/drive_right/tv_l/tv_r/av_l/av_r/x/y/theta/t_err: 0.28789 1.24007 0.00000 1.29717 1.25924 0.48833 0.48219 0.48833 0.48219 12.66573 0.04404 -0.35211 0.00226
target: 1.24007 0.00000
target: 1.24007 0.00000
fb: 1.22590 -0.01676 0.40408 0.41648
fb: 1.34217 -0.01435 0.34594 0.35835
dist/lin/ang/drive_left/drive_right/tv_l/tv_r/av_l/av_r/x/y/theta/t_err: 0.26105 1.17804 0.00000 1.35652 1.32782 0.43342 0.44264 0.43342 0.44264 13.72253 0.03618 -0.49009 0.00503
target: 1.17804 0.00000
target: 1.17804 0.00000
fb: 1.35185 -0.01016 0.25585 0.26763
fb: 1.31100 -0.00234 0.27628 0.28806
dist/lin/ang/drive_left/drive_right/tv_l/tv_r/av_l/av_r/x/y/theta/t_err: 0.23483 1.11412 0.00000 1.31334 1.30865 0.39286 0.38275 0.39286 0.38275 14.75477 0.02666 -0.55554 0.00681
target: 1.11412 0.00000
target: 1.11412 0.00000
fb: 1.15778 0.01207 0.28302 0.29417
fb: 1.05310 0.01911 0.33536 0.34651
dist/lin/ang/drive_left/drive_right/tv_l/tv_r/av_l/av_r/x/y/theta/t_err: 0.21377 1.05999 0.00000 1.03399 1.07221 0.34172 0.32836 0.34172 0.32836 15.58395 0.01937 -0.43643 0.00532
target: 1.05999 0.00000
target: 1.05999 0.00000
fb: 1.19846 0.02458 0.25475 0.26535
fb: 1.12077 0.02046 0.29360 0.30420
dist/lin/ang/drive_left/drive_right/tv_l/tv_r/av_l/av_r/x/y/theta/t_err: 0.19135 0.99916 0.00000 1.10031 1.14123 0.34531 0.34428 0.34531 0.34428 16.46643 0.01412 -0.23398 0.00221
target: 0.99916 0.00000
target: 0.99916 0.00000
fb: 1.03343 0.01172 0.24874 0.25874
fb: 1.11315 0.00483 0.20889 0.21888
dist/lin/ang/drive_left/drive_right/tv_l/tv_r/av_l/av_r/x/y/theta/t_err: 0.16909 0.93483 0.00000 1.10832 1.11797 0.31656 0.35128 0.31656 0.35128 17.34292 0.01137 -0.14215 0.00077
target: 0.93483 0.00000
target: 0.93483 0.00000
fb: 1.04346 0.00227 0.16624 0.17559
fb: 1.01808 0.00817 0.17893 0.18828
dist/lin/ang/drive_left/drive_right/tv_l/tv_r/av_l/av_r/x/y/theta/t_err: 0.14873 0.87185 -0.00000 1.00991 1.02625 0.26061 0.28011 0.26061 0.28011 18.14456 0.00965 -0.09717 -0.00001
target: 0.87185 0.00000
target: 0.87185 0.00000
fb: 1.02200 0.01982 0.12258 0.13130
fb: 0.92286 0.02138 0.17215 0.18086
dist/lin/ang/drive_left/drive_right/tv_l/tv_r/av_l/av_r/x/y/theta/t_err: 0.13027 0.81055 -0.00000 0.90148 0.94424 0.20672 0.21406 0.20672 0.21406 18.87122 0.00942 0.07621 -0.00304
target: 0.81055 0.00000
target: 0.81055 0.00000
fb: 0.86285 0.01456 0.15082 0.15892
fb: 0.78741 0.01527 0.18854 0.19664
dist/lin/ang/drive_left/drive_right/tv_l/tv_r/av_l/av_r/x/y/theta/t_err: 0.11452 0.75430 -0.00000 0.77214 0.80268 0.19506 0.19658 0.19506 0.19658 19.49123 0.01098 0.21371 -0.00544
target: 0.75430 0.00000
target: 0.75430 0.00000
fb: 0.76403 0.01293 0.16903 0.17658
fb: 0.79693 0.00732 0.15258 0.16013
dist/lin/ang/drive_left/drive_right/tv_l/tv_r/av_l/av_r/x/y/theta/t_err: 0.09858 0.69275 -0.00000 0.78962 0.80425 0.19336 0.19728 0.19336 0.19728 20.11873 0.01394 0.31502 -0.00721
target: 0.69275 0.00000
target: 0.69275 0.00000
fb: 0.74069 0.00611 0.09770 0.10462
fb: 0.70385 0.00582 0.11612 0.12304
dist/lin/ang/drive_left/drive_right/tv_l/tv_r/av_l/av_r/x/y/theta/t_err: 0.08450 0.63343 -0.00000 0.69803 0.70968 0.16325 0.16358 0.16325 0.16358 20.67293 0.01727 0.37199 -0.00820
target: 0.63343 0.00000
target: 0.63343 0.00000
fb: 0.67671 0.00611 0.08280 0.08914
fb: 0.61492 0.00732 0.11370 0.12003
dist/lin/ang/drive_left/drive_right/tv_l/tv_r/av_l/av_r/x/y/theta/t_err: 0.07220 0.57663 -0.00000 0.60761 0.62224 0.12817 0.13006 0.12817 0.13006 21.15711 0.02065 0.43443 -0.00929
target: 0.57663 0.00000
target: 0.57663 0.00000
fb: 0.56638 0.00284 0.09478 0.10055
fb: 0.49823 0.00000 0.12886 0.13463
dist/lin/ang/drive_left/drive_right/tv_l/tv_r/av_l/av_r/x/y/theta/t_err: 0.06224 0.52614 -0.00000 0.49823 0.49823 0.12078 0.12956 0.12078 0.12956 21.54940 0.02374 0.45925 -0.00972
target: 0.52614 0.00000
target: 0.52614 0.00000
fb: 0.47308 0.00064 0.12132 0.12658
fb: 0.48876 -0.00220 0.11348 0.11875
dist/lin/ang/drive_left/drive_right/tv_l/tv_r/av_l/av_r/x/y/theta/t_err: 0.05246 0.47138 -0.00000 0.49096 0.48656 0.13331 0.13961 0.13331 0.13961 21.93424 0.02684 0.45999 -0.00974
target: 0.47138 0.00000
target: 0.47138 0.00000
fb: 0.45391 -0.00241 0.16777 0.16777
fb: 0.42478 -0.00256 0.18233 0.18233
dist/lin/ang/drive_left/drive_right/tv_l/tv_r/av_l/av_r/x/y/theta/t_err: 0.04397 0.41800 0.00000 0.42734 0.42223 0.13997 0.14594 0.13997 0.14594 22.26870 0.02948 0.44411 -0.00946
target: 0.41800 0.00000
target: 0.41800 0.00000
fb: 0.43449 -0.00270 0.13220 0.13220
fb: 0.41508 -0.00412 0.14191 0.14191
dist/lin/ang/drive_left/drive_right/tv_l/tv_r/av_l/av_r/x/y/theta/t_err: 0.03567 0.35824 0.00000 0.41920 0.41096 0.16819 0.16869 0.16819 0.16869 22.59553 0.03196 0.42165 -0.00907
target: 0.35824 0.00000
target: 0.35824 0.00000
fb: 0.41311 -0.00611 -0.08365 -0.08365
fb: 0.40738 -0.00732 -0.08079 -0.08079
dist/lin/ang/drive_left/drive_right/tv_l/tv_r/av_l/av_r/x/y/theta/t_err: 0.02752 0.28777 0.00000 0.41470 0.40007 0.08436 0.08592 0.08436 0.08592 22.91630 0.03419 0.37161 -0.00819
target: 0.28777 0.00000
target: 0.28777 0.00000
fb: 0.35487 -0.00561 -0.13937 -0.13937
fb: 0.32000 -0.00653 -0.12194 -0.12194
dist/lin/ang/drive_left/drive_right/tv_l/tv_r/av_l/av_r/x/y/theta/t_err: 0.02112 0.21692 0.00000 0.32653 0.31346 -0.07375 -0.07681 -0.07375 -0.07681 23.16826 0.03573 0.32659 -0.00741
target: 0.21692 0.00000
target: 0.21692 0.00000
fb: 0.24256 -0.00994 -0.14775 -0.14775
fb: 0.17260 -0.00249 -0.11277 -0.11277
dist/lin/ang/drive_left/drive_right/tv_l/tv_r/av_l/av_r/x/y/theta/t_err: 0.01767 0.00497 0.00000 0.17509 0.17012 -0.11500 -0.11583 -0.11500 -0.11583 23.30416 0.03643 0.27120 -0.00644
target: 0.00497 0.00000
target: 0.00497 0.00000
fb: 0.15114 0.00710 -0.50192 -0.50192
fb: 0.10277 0.00859 -0.50192 -0.50192
dist/lin/ang/drive_left/drive_right/tv_l/tv_r/av_l/av_r/x/y/theta/t_err: 0.01561 0.00291 -0.00000 0.09417 0.11136 -0.17128 -0.17025 -0.17128 -0.17025 23.38508 0.03685 0.33873 -0.00762
target: 0.00291 0.00000
target: 0.00291 0.00000
fb: 0.04274 0.00575 -0.08295 -0.08295
fb: 0.00966 0.00447 -0.08295 -0.08295
dist/lin/ang/drive_left/drive_right/tv_l/tv_r/av_l/av_r/x/y/theta/t_err: 0.01542 0.00272 -0.00000 0.00518 0.01413 -0.32800 -0.32700 -0.32800 -0.32700 23.39269 0.03689 0.39485 -0.00860
target: 0.00272 0.00000
target: 0.00272 0.00000
fb: 0.00194 0.00547 0.08070 0.08070
fb: 0.00192 0.01215 0.08070 0.08070
dist/lin/ang/drive_left/drive_right/tv_l/tv_r/av_l/av_r/x/y/theta/t_err: 0.01538 0.00268 -0.00000 -0.01022 0.01407 -0.03339 -0.04411 -0.03339 -0.04411 23.39420 0.03690 0.46463 -0.00982
target: 0.00268 0.00000
target: 0.00268 0.00000
fb: -0.00010 0.01669 0.08099 0.08099
fb: -0.00010 0.01222 0.08099 0.08099
dist/lin/ang/drive_left/drive_right/tv_l/tv_r/av_l/av_r/x/y/theta/t_err: 0.01538 0.00268 -0.00000 -0.01232 0.01211 0.07494 0.07394 0.07494 0.07394 23.39412 0.03690 0.58231 -0.01187
target: 0.00268 0.00000
target: 0.00268 0.00000
fb: -0.00008 0.00930 0.08107 0.08107
fb: -0.02543 0.00206 0.08107 0.08107
dist/lin/ang/drive_left/drive_right/tv_l/tv_r/av_l/av_r/x/y/theta/t_err: 0.01589 0.00319 -0.00000 -0.02749 -0.02337 0.08350 0.08317 0.08350 0.08317 23.37410 0.03668 0.63916 -0.01286
target: 0.00319 0.00000
target: 0.00319 0.00000
fb: -0.05824 -0.01073 0.08229 0.08229
fb: -0.07362 -0.01179 0.08229 0.08229
dist/lin/ang/drive_left/drive_right/tv_l/tv_r/av_l/av_r/x/y/theta/t_err: 0.01736 0.00466 0.00000 -0.06183 -0.08541 0.07836 0.07939 0.07836 0.07939 23.31613 0.03608 0.55221 -0.01135
target: 0.00466 0.00000
target: 0.00466 0.00000
fb: -0.08134 -0.00874 0.08481 0.08481
fb: -0.06967 -0.00568 0.08481 0.08481
dist/lin/ang/drive_left/drive_right/tv_l/tv_r/av_l/av_r/x/y/theta/t_err: 0.01876 0.00606 0.00000 -0.06398 -0.07535 0.07750 0.07683 0.07750 0.07683 23.26128 0.03558 0.48111 -0.01011
target: 0.00606 0.00000
target: 0.00606 0.00000
fb: -0.03305 -0.00462 0.08521 0.08521
fb: -0.00768 -0.00590 0.08521 0.08521
dist/lin/ang/drive_left/drive_right/tv_l/tv_r/av_l/av_r/x/y/theta/t_err: 0.01891 0.00621 0.00000 -0.00179 -0.01358 0.07750 0.07683 0.07750 0.07683 23.25523 0.03553 0.43327 -0.00927
target: 0.00621 0.00000
target: 0.00621 0.00000
fb: -0.00370 -0.00597 0.08279 0.08279
fb: 0.00003 0.00085 0.08279 0.08279
dist/lin/ang/drive_left/drive_right/tv_l/tv_r/av_l/av_r/x/y/theta/t_err: 0.01891 0.00621 0.00000 -0.00082 0.00088 0.07819 0.07667 0.07819 0.07667 23.25526 0.03553 0.39853 -0.00866
target: 0.00621 0.00000
target: 0.00621 0.00000
fb: -0.00002 0.00859 0.08248 0.08248
fb: -0.00006 0.01115 0.08248 0.08248
dist/lin/ang/drive_left/drive_right/tv_l/tv_r/av_l/av_r/x/y/theta/t_err: 0.01891 0.00621 -0.00000 -0.01122 0.01109 0.07919 0.07853 0.07919 0.07853 23.25521 0.03553 0.47107 -0.00993
target: 0.00621 0.00000
target: 0.00621 0.00000
fb: -0.00206 0.00668 0.08248 0.08248
fb: -0.00203 0.00213 0.08248 0.08248
dist/lin/ang/drive_left/drive_right/tv_l/tv_r/av_l/av_r/x/y/theta/t_err: 0.01895 0.00625 -0.00000 -0.00416 0.00011 0.07972 0.08008 0.07972 0.08008 23.25361 0.03552 0.51540 -0.01070
target: 0.00625 0.00000
target: 0.00625 0.00000
fb: -0.00001 0.00135 0.08258 0.08258
fb: -0.00000 -0.00078 0.08258 0.08258
dist/lin/ang/drive_left/drive_right/tv_l/tv_r/av_l/av_r/x/y/theta/t_err: 0.01895 0.00625 -0.00000 0.00078 -0.00078 0.08006 0.07939 0.08006 0.07939 23.25361 0.03552 0.51623 -0.01072
target: 0.00625 0.00000
target: 0.00625 0.00000
fb: 0.01171 -0.00227 0.08250 0.08250
fb: 0.06004 -0.00156 0.08250 0.08250
final error: 0.70004, x: 0.69912, y: -0.03594
final local error: 0.70004, forwards: 0.69878, sideways: -0.04200
position: 23.30088 0.03594 0.49681
took 1.04000 time to finish turn
dist/lin/ang/drive_left/drive_right/tv_l/tv_r/av_l/av_r/x/y/theta/t_err: -0.60011 -1.77800 0.00000 -0.00000 -0.00000 0.00050 0.00017 0.00050 0.00017 23.62618 0.03857 180.42277 -0.00575
target: -1.77800 0.00000
target: -1.77800 0.00000
fb: -0.00000 0.00000 -1.00000 -1.00000
fb: -0.00000 0.00000 -1.00000 -1.00000
dist/lin/ang/drive_left/drive_right/tv_l/tv_r/av_l/av_r/x/y/theta/t_err: -0.60011 -1.77800 0.00000 -0.00000 -0.00000 -0.00017 0.00017 -0.00017 0.00017 23.62618 0.03857 180.42310 -0.00575
target: -1.77800 0.00000
target: -1.77800 0.00000
fb: 0.00000 0.00000 -1.00000 -1.00000
fb: -0.00001 0.00178 -1.00000 -1.00000
dist/lin/ang/drive_left/drive_right/tv_l/tv_r/av_l/av_r/x/y/theta/t_err: -0.60011 -1.77800 0.00000 -0.00178 0.00177 -0.49058 -0.52083 -0.49058 -0.52083 23.62617 0.03857 180.42934 -0.00586
target: -1.77800 0.00000
target: -1.77800 0.00000
fb: -0.00000 -0.00462 -1.00000 -1.00000
fb: -0.02113 -0.01428 -1.00000 -1.00000
dist/lin/ang/drive_left/drive_right/tv_l/tv_r/av_l/av_r/x/y/theta/t_err: -0.59968 -1.77800 0.00000 -0.00686 -0.03541 -0.72517 -0.71300 -0.72517 -0.71300 23.60953 0.03845 180.37215 -0.00487
target: -1.77800 0.00000
target: -1.77800 0.00000
fb: -0.14134 -0.01577 -1.00000 -1.00000
fb: -0.29096 -0.00710 -1.00000 -1.00000
dist/lin/ang/drive_left/drive_right/tv_l/tv_r/av_l/av_r/x/y/theta/t_err: -0.59386 -1.77800 0.00000 -0.28385 -0.29806 -0.71850 -0.60211 -0.71850 -0.60211 23.38044 0.03723 180.26565 -0.00304
target: -1.77800 0.00000
target: -1.77800 0.00000
fb: -0.35103 0.00142 -1.00000 -1.00000
fb: -0.39170 0.00810 -1.00000 -1.00000
dist/lin/ang/drive_left/drive_right/tv_l/tv_r/av_l/av_r/x/y/theta/t_err: -0.58603 -1.77800 0.00000 -0.39979 -0.38360 -0.67503 -0.65669 -0.67503 -0.65669 23.07202 0.03576 180.29516 -0.00360
target: -1.77800 0.00000
target: -1.77800 0.00000
fb: -0.44999 0.00838 -1.00000 -1.00000
fb: -0.52766 0.00526 -1.00000 -1.00000
dist/lin/ang/drive_left/drive_right/tv_l/tv_r/av_l/av_r/x/y/theta/t_err: -0.57548 -1.77336 0.00000 -0.53292 -0.52240 -0.72328 -0.74378 -0.72328 -0.74378 22.65655 0.03333 180.36644 -0.00492
target: -1.77336 0.00000
target: -1.77336 0.00000
fb: -0.55478 0.00433 -1.00000 -1.00000
fb: -0.61083 0.00632 -1.00000 -1.00000
dist/lin/ang/drive_left/drive_right/tv_l/tv_r/av_l/av_r/x/y/theta/t_err: -0.56326 -1.75400 0.00000 -0.61715 -0.60451 -0.76844 -0.73681 -0.76844 -0.73681 22.17559 0.03004 180.41942 -0.00597
target: -1.75400 0.00000
target: -1.75400 0.00000
fb: -0.71764 0.00760 -1.00000 -1.00000
fb: -0.72163 0.01037 -1.00000 -1.00000
dist/lin/ang/drive_left/drive_right/tv_l/tv_r/av_l/av_r/x/y/theta/t_err: -0.54883 -1.73086 0.00000 -0.73200 -0.71126 -0.75183 -0.76539 -0.75183 -0.76539 21.60740 0.02551 180.50003 -0.00755
target: -1.73086 0.00000
target: -1.73086 0.00000
fb: -0.72141 0.00767 -1.00000 -1.00000
fb: -0.80106 0.00597 -1.00000 -1.00000
dist/lin/ang/drive_left/drive_right/tv_l/tv_r/av_l/av_r/x/y/theta/t_err: -0.53281 -1.70481 0.00000 -0.80702 -0.79509 -0.80044 -0.79889 -0.80044 -0.79889 20.97667 0.01957 180.57063 -0.00903
target: -1.70481 0.00000
target: -1.70481 0.00000
fb: -0.86505 0.00987 -1.00000 -1.00000
fb: -0.88823 0.00874 -1.00000 -1.00000
dist/lin/ang/drive_left/drive_right/tv_l/tv_r/av_l/av_r/x/y/theta/t_err: -0.51504 -1.67544 0.00000 -0.89697 -0.87949 -0.81789 -0.81772 -0.81789 -0.81772 20.27732 0.01207 180.65692 -0.01087
target: -1.67544 0.00000
target: -1.67544 0.00000
fb: -0.90590 0.01612 -1.00000 -1.00000
fb: -0.96199 0.02216 -1.00000 -1.00000
dist/lin/ang/drive_left/drive_right/tv_l/tv_r/av_l/av_r/x/y/theta/t_err: -0.49581 -1.64304 0.00000 -0.98415 -0.93983 -0.82661 -0.83364 -0.82661 -0.83364 19.51991 0.00245 180.80704 -0.01396
target: -1.64304 0.00000
target: -1.64304 0.00000
fb: -1.03176 0.02692 -0.99566 -1.00000
fb: -1.10766 0.01442 -0.95772 -0.97415
dist/lin/ang/drive_left/drive_right/tv_l/tv_r/av_l/av_r/x/y/theta/t_err: -0.47366 -1.60494 0.00000 -1.12208 -1.09324 -0.83911 -0.84647 -0.83911 -0.84647 18.64785 -0.01146 180.99598 -0.01800
target: -1.60494 0.00000
target: -1.60494 0.00000
fb: -1.08044 0.00192 -0.90903 -0.92508
fb: -1.10926 -0.00796 -0.89462 -0.91067
dist/lin/ang/drive_left/drive_right/tv_l/tv_r/av_l/av_r/x/y/theta/t_err: -0.45147 -1.56584 0.00000 -1.10130 -1.11721 -0.79772 -0.62386 -0.79772 -0.62386 17.77455 -0.02685 180.99951 -0.01896
target: -1.56584 0.00000
target: -1.56584 0.00000
fb: -1.20235 0.00071 -0.80613 -0.82179
fb: -1.15210 0.01307 -0.83125 -0.84691
dist/lin/ang/drive_left/drive_right/tv_l/tv_r/av_l/av_r/x/y/theta/t_err: -0.42844 -1.52418 0.00000 -1.16517 -1.13903 -0.77856 -0.68906 -0.77856 -0.68906 16.86753 -0.04279 181.04384 -0.02076
target: -1.52418 0.00000
target: -1.52418 0.00000
fb: -1.23361 0.02344 -0.73893 -0.75418
fb: -1.21803 0.03438 -0.74673 -0.76197
dist/lin/ang/drive_left/drive_right/tv_l/tv_r/av_l/av_r/x/y/theta/t_err: -0.40408 -1.47887 0.00000 -1.25241 -1.18365 -0.73647 -0.71694 -0.73647 -0.71694 15.90864 -0.06195 181.28016 -0.02624
target: -1.47887 0.00000
target: -1.47887 0.00000
fb: -1.18320 0.03154 -0.70418 -0.71897
fb: -1.28226 0.02919 -0.65465 -0.66944
dist/lin/ang/drive_left/drive_right/tv_l/tv_r/av_l/av_r/x/y/theta/t_err: -0.37845 -1.42962 0.00000 -1.31145 -1.25307 -0.71489 -0.70992 -0.71489 -0.70992 14.89929 -0.08686 181.54126 -0.03273
target: -1.42962 0.00000
target: -1.42962 0.00000
fb: -1.25885 0.02585 -0.60138 -0.61568
fb: -1.26083 0.02770 -0.60039 -0.61469
dist/lin/ang/drive_left/drive_right/tv_l/tv_r/av_l/av_r/x/y/theta/t_err: -0.35325 -1.37949 0.00000 -1.28853 -1.23313 -0.65636 -0.64831 -0.65636 -0.64831 13.90693 -0.11553 181.76881 -0.03918
target: -1.37949 0.00000
target: -1.37949 0.00000
fb: -1.36367 0.02997 -0.49689 -0.51068
fb: -1.28600 0.02834 -0.53572 -0.54952
dist/lin/ang/drive_left/drive_right/tv_l/tv_r/av_l/av_r/x/y/theta/t_err: -0.32755 -1.32642 0.00000 -1.31434 -1.25766 -0.57919 -0.57939 -0.57919 -0.57939 12.89488 -0.14888 182.01742 -0.04676
target: -1.32642 0.00000
target: -1.32642 0.00000
fb: -1.27253 0.02550 -0.47830 -0.49156
fb: -1.22970 0.02195 -0.49972 -0.51298
dist/lin/ang/drive_left/drive_right/tv_l/tv_r/av_l/av_r/x/y/theta/t_err: -0.30299 -1.27363 0.00000 -1.25165 -1.20776 -0.51639 -0.53008 -0.51639 -0.53008 11.92727 -0.18472 182.23103 -0.05443
target: -1.27363 0.00000
target: -1.27363 0.00000
fb: -1.21025 0.01918 -0.46000 -0.47274
fb: -1.22988 0.02046 -0.45019 -0.46293
dist/lin/ang/drive_left/drive_right/tv_l/tv_r/av_l/av_r/x/y/theta/t_err: -0.27843 -1.21857 0.00000 -1.25034 -1.20942 -0.48392 -0.49844 -0.48392 -0.49844 10.95965 -0.22374 182.39642 -0.06224
target: -1.21857 0.00000
target: -1.21857 0.00000
fb: -1.23562 0.02252 -0.38425 -0.39644
fb: -1.35567 0.02067 -0.32423 -0.33641
dist/lin/ang/drive_left/drive_right/tv_l/tv_r/av_l/av_r/x/y/theta/t_err: -0.25138 -1.15488 0.00000 -1.37634 -1.33500 -0.44522 -0.45258 -0.44522 -0.45258 9.89320 -0.27003 182.57343 -0.07220
target: -1.15488 0.00000
target: -1.15488 0.00000
fb: -1.19855 0.01989 -0.30280 -0.31435
fb: -1.23164 0.01769 -0.28626 -0.29781
dist/lin/ang/drive_left/drive_right/tv_l/tv_r/av_l/av_r/x/y/theta/t_err: -0.22682 -1.09385 0.00000 -1.24932 -1.21395 -0.37044 -0.37525 -0.37044 -0.37525 8.92445 -0.31497 182.72777 -0.08289
target: -1.09385 0.00000
target: -1.09385 0.00000
fb: -1.30354 0.00739 -0.20371 -0.21464
fb: -1.19469 0.00107 -0.25813 -0.26907
dist/lin/ang/drive_left/drive_right/tv_l/tv_r/av_l/av_r/x/y/theta/t_err: -0.20302 -1.03127 0.00000 -1.19576 -1.19363 -0.33436 -0.32889 -0.33436 -0.32889 7.98484 -0.36028 182.77586 -0.09354
target: -1.03127 0.00000
target: -1.03127 0.00000
fb: -1.14811 0.00497 -0.21434 -0.22465
fb: -1.09184 0.00099 -0.24247 -0.25278
dist/lin/ang/drive_left/drive_right/tv_l/tv_r/av_l/av_r/x/y/theta/t_err: -0.18129 -0.97061 0.00000 -1.09283 -1.09084 -0.28797 -0.30458 -0.28797 -0.30458 7.12614 -0.40206 182.79375 -0.10512
target: -0.97061 0.00000
target: -0.97061 0.00000
fb: -1.05099 -0.00575 -0.21335 -0.22305
fb: -1.02976 -0.01108 -0.22396 -0.23367
dist/lin/ang/drive_left/drive_right/tv_l/tv_r/av_l/av_r/x/y/theta/t_err: -0.16082 -0.90979 -0.00000 -1.01868 -1.04084 -0.27033 -0.28164 -0.27033 -0.28164 6.31625 -0.44121 182.72812 -0.11736
target: -0.90979 0.00000
target: -0.90979 0.00000
fb: -1.01231 -0.00852 -0.17353 -0.18263
fb: -0.97745 -0.00994 -0.19096 -0.20006
dist/lin/ang/drive_left/drive_right/tv_l/tv_r/av_l/av_r/x/y/theta/t_err: -0.14020 -0.84407 0.00000 -0.96750 -0.98739 -0.23531 -0.25375 -0.23531 -0.25375 5.54745 -0.47729 182.64383 -0.11588
target: -0.84407 0.00000
target: -0.84407 0.00000
fb: -0.94633 -0.01122 -0.12139 -0.12983
fb: -0.90946 -0.01342 -0.13982 -0.14826
dist/lin/ang/drive_left/drive_right/tv_l/tv_r/av_l/av_r/x/y/theta/t_err: -0.12204 -0.78166 0.00000 -0.89604 -0.92289 -0.19797 -0.20792 -0.19797 -0.20792 4.83207 -0.50969 182.53727 -0.11402
target: -0.78166 0.00000
target: -0.78166 0.00000
fb: -0.85515 -0.02046 -0.12201 -0.12983
fb: -0.80084 -0.02131 -0.14917 -0.15699
dist/lin/ang/drive_left/drive_right/tv_l/tv_r/av_l/av_r/x/y/theta/t_err: -0.10608 -0.72236 0.00000 -0.77953 -0.82215 -0.16753 -0.16869 -0.16753 -0.16869 4.20207 -0.53667 182.36058 -0.11094
target: -0.72236 0.00000
target: -0.72236 0.00000
fb: -0.75051 -0.02237 -0.13137 -0.13859
fb: -0.70395 -0.02166 -0.15465 -0.16187
dist/lin/ang/drive_left/drive_right/tv_l/tv_r/av_l/av_r/x/y/theta/t_err: -0.09206 -0.66594 0.00000 -0.68229 -0.72561 -0.15844 -0.15603 -0.15844 -0.15603 3.64821 -0.55857 182.16381 -0.10751
target: -0.66594 0.00000
target: -0.66594 0.00000
fb: -0.65344 -0.01548 -0.13869 -0.14535
fb: -0.61465 -0.00930 -0.15808 -0.16474
dist/lin/ang/drive_left/drive_right/tv_l/tv_r/av_l/av_r/x/y/theta/t_err: -0.07981 -0.61237 0.00000 -0.60534 -0.62395 -0.15728 -0.16083 -0.15728 -0.16083 3.16456 -0.57627 182.04119 -0.10537
target: -0.61237 0.00000
target: -0.61237 0.00000
fb: -0.56811 -0.01378 -0.14274 -0.14887
fb: -0.56235 -0.01712 -0.14562 -0.15175
dist/lin/ang/drive_left/drive_right/tv_l/tv_r/av_l/av_r/x/y/theta/t_err: -0.06860 -0.55890 0.00000 -0.54523 -0.57946 -0.16292 -0.16667 -0.16292 -0.16667 2.72204 -0.59156 181.91230 -0.10312
target: -0.55890 0.00000
target: -0.55890 0.00000
fb: -0.57380 -0.01612 -0.08902 -0.09461
fb: -0.54468 -0.01584 -0.10358 -0.10917
dist/lin/ang/drive_left/drive_right/tv_l/tv_r/av_l/av_r/x/y/theta/t_err: -0.05775 -0.50173 0.00000 -0.52884 -0.56052 -0.13861 -0.14628 -0.13861 -0.14628 2.29337 -0.60533 181.76868 -0.10061
target: -0.50173 0.00000
target: -0.50173 0.00000
fb: -0.52173 -0.01598 -0.15636 -0.15636
fb: -0.46547 -0.01527 -0.18449 -0.18449
dist/lin/ang/drive_left/drive_right/tv_l/tv_r/av_l/av_r/x/y/theta/t_err: -0.04848 -0.44716 0.00000 -0.45020 -0.48074 -0.13792 -0.14150 -0.13792 -0.14150 1.92703 -0.61621 181.62804 -0.09816
target: -0.44716 0.00000
target: -0.44716 0.00000
fb: -0.43238 -0.01364 -0.15710 -0.15710
fb: -0.38958 -0.01207 -0.17850 -0.17850
dist/lin/ang/drive_left/drive_right/tv_l/tv_r/av_l/av_r/x/y/theta/t_err: -0.04073 -0.39573 0.00000 -0.37751 -0.40165 -0.17008 -0.17128 -0.17008 -0.17128 1.62039 -0.62462 181.51016 -0.09610
target: -0.39573 0.00000
target: -0.39573 0.00000
fb: -0.41298 -0.01172 -0.12683 -0.12683
fb: -0.44608 -0.01044 -0.11027 -0.11027
dist/lin/ang/drive_left/drive_right/tv_l/tv_r/av_l/av_r/x/y/theta/t_err: -0.03183 -0.32698 0.00000 -0.43564 -0.45652 -0.15414 -0.15603 -0.15414 -0.15603 1.26925 -0.63358 181.40913 -0.09433
target: -0.32698 0.00000
target: -0.32698 0.00000
fb: -0.38586 -0.00625 0.11615 0.11615
fb: -0.39163 0.00000 0.11903 0.11903
dist/lin/ang/drive_left/drive_right/tv_l/tv_r/av_l/av_r/x/y/theta/t_err: -0.02401 -0.25144 0.00000 -0.39163 -0.39163 -0.03678 -0.03336 -0.03678 -0.03336 0.96097 -0.64101 181.36625 -0.09359
target: -0.25144 0.00000
target: -0.25144 0.00000
fb: -0.39741 0.00313 0.20351 0.20351
fb: -0.32195 0.00085 0.16578 0.16578
dist/lin/ang/drive_left/drive_right/tv_l/tv_r/av_l/av_r/x/y/theta/t_err: -0.01757 -0.00487 -0.00000 -0.32281 -0.32110 0.12508 0.12697 0.12508 0.12697 0.70754 -0.64709 181.37917 -0.09381
target: -0.00487 0.00000
target: -0.00487 0.00000
fb: -0.23281 0.00348 0.68515 0.68515
fb: -0.15316 0.00263 0.57118 0.57118
dist/lin/ang/drive_left/drive_right/tv_l/tv_r/av_l/av_r/x/y/theta/t_err: -0.01450 -0.00180 -0.00000 -0.15579 -0.15053 0.24433 0.25531 0.24433 0.25531 0.58697 -0.65002 181.40741 -0.09430
target: -0.00180 0.00000
target: -0.00180 0.00000
fb: -0.06399 -0.00483 0.08542 0.08542
fb: -0.01167 -0.00313 0.08542 0.08542
dist/lin/ang/drive_left/drive_right/tv_l/tv_r/av_l/av_r/x/y/theta/t_err: -0.01427 -0.00157 0.00000 -0.00854 -0.01479 0.22431 0.22550 0.22431 0.22550 0.57779 -0.65024 181.37734 -0.09378
target: -0.00157 0.00000
target: -0.00157 0.00000
fb: 0.00002 0.00000 -0.08018 -0.08018
fb: 0.00001 -0.00369 -0.08018 -0.08018
dist/lin/ang/drive_left/drive_right/tv_l/tv_r/av_l/av_r/x/y/theta/t_err: -0.01428 -0.00158 0.00000 0.00371 -0.00368 0.02431 0.03900 0.02431 0.03900 0.57780 -0.65024 181.36359 -0.09354
target: -0.00158 0.00000
target: -0.00158 0.00000
fb: 0.00004 -0.00952 -0.08064 -0.08064
fb: -0.00190 -0.01385 -0.08064 -0.08064
dist/lin/ang/drive_left/drive_right/tv_l/tv_r/av_l/av_r/x/y/theta/t_err: -0.01427 -0.00157 0.00000 0.01195 -0.01576 -0.07681 -0.07442 -0.07681 -0.07442 0.57630 -0.65028 181.27196 -0.09194
target: -0.00157 0.00000
target: -0.00157 0.00000
fb: -0.00584 -0.01840 -0.08060 -0.08060
fb: -0.03274 -0.01712 -0.08060 -0.08060
dist/lin/ang/drive_left/drive_right/tv_l/tv_r/av_l/av_r/x/y/theta/t_err: -0.01366 -0.00096 0.00000 -0.01562 -0.04986 -0.08419 -0.08297 -0.08419 -0.08297 0.55052 -0.65080 181.11803 -0.08925
target: -0.00096 0.00000
target: -0.00096 0.00000
fb: -0.04623 -0.00604 0.08084 0.08084
fb: -0.02135 -0.00305 0.08084 0.08084
dist/lin/ang/drive_left/drive_right/tv_l/tv_r/av_l/av_r/x/y/theta/t_err: -0.01325 -0.00055 0.00000 -0.01830 -0.02441 -0.01367 -0.03472 -0.01367 -0.03472 0.53371 -0.65112 181.06264 -0.08829
target: -0.00055 0.00000
target: -0.00055 0.00000
fb: -0.00395 -0.00270 0.08060 0.08060
fb: -0.00398 0.00739 0.08060 0.08060
dist/lin/ang/drive_left/drive_right/tv_l/tv_r/av_l/av_r/x/y/theta/t_err: -0.01316 -0.00046 -0.00000 -0.01137 0.00341 0.07667 0.07464 0.07667 0.07464 0.53058 -0.65118 181.07380 -0.08848
target: -0.00046 0.00000
target: -0.00046 0.00000
fb: -0.00405 0.01797 -0.08002 -0.08002
fb: -0.00016 0.02870 -0.08002 -0.08002
dist/lin/ang/drive_left/drive_right/tv_l/tv_r/av_l/av_r/x/y/theta/t_err: -0.01311 -0.00041 -0.00000 -0.02886 0.02853 0.01197 0.00978 0.01197 0.00978 0.53045 -0.65118 181.25876 -0.09171
target: -0.00041 0.00000
target: -0.00041 0.00000
fb: -0.00022 0.02791 -0.08005 -0.08005
fb: -0.00021 0.02429 -0.08005 -0.08005
dist/lin/ang/drive_left/drive_right/tv_l/tv_r/av_l/av_r/x/y/theta/t_err: -0.01303 -0.00033 -0.00000 -0.02450 0.02408 -0.07494 -0.07458 -0.07494 -0.07458 0.53028 -0.65119 181.49809 -0.09589
target: -0.00033 0.00000
target: -0.00033 0.00000
fb: -0.00392 0.01641 0.08002 0.08002
fb: -0.00387 0.01002 0.08002 0.08002
dist/lin/ang/drive_left/drive_right/tv_l/tv_r/av_l/av_r/x/y/theta/t_err: -0.01292 -0.00022 -0.00000 -0.01388 0.00615 -0.01008 -0.02875 -0.01008 -0.02875 0.52723 -0.65127 181.63070 -0.09820
target: -0.00022 0.00000
target: -0.00022 0.00000
fb: -0.00006 0.00291 0.08015 0.08015
fb: -0.00001 -0.00419 0.08015 0.08015
dist/lin/ang/drive_left/drive_right/tv_l/tv_r/av_l/av_r/x/y/theta/t_err: -0.01291 -0.00021 -0.00000 0.00418 -0.00420 0.07667 0.07650 0.07667 0.07650 0.52723 -0.65127 181.64020 -0.09837
target: -0.00021 0.00000
target: -0.00021 0.00000
fb: 0.00004 -0.00987 -0.08008 -0.08008
fb: 0.00383 -0.01314 -0.08008 -0.08008
dist/lin/ang/drive_left/drive_right/tv_l/tv_r/av_l/av_r/x/y/theta/t_err: -0.01302 -0.00032 0.00000 0.01697 -0.00931 0.01286 0.03028 0.01286 0.03028 0.53024 -0.65118 181.55155 -0.09682
target: -0.00032 0.00000
target: -0.00032 0.00000
fb: 0.00782 -0.01321 -0.08033 -0.08033
fb: 0.00406 -0.00938 -0.08033 -0.08033
dist/lin/ang/drive_left/drive_right/tv_l/tv_r/av_l/av_r/x/y/theta/t_err: -0.01313 -0.00043 0.00000 0.01344 -0.00531 -0.07461 -0.07292 -0.07461 -0.07292 0.53344 -0.65110 181.44984 -0.09505
target: -0.00043 0.00000
target: -0.00043 0.00000
fb: 0.00006 -0.00447 -0.08039 -0.08039
fb: 0.00003 -0.00071 -0.08039 -0.08039
start is 0.00000 0.00000
dist/lin/ang/drive_left/drive_right/tv_l/tv_r/av_l/av_r/x/y/theta/t_err: 0.60960 1.77800 0.00000 -0.00000 -0.00000 0.00017 0.00000 0.00017 0.00000 -0.00000 -0.00000 0.00354 -0.00006
target: 1.77800 0.00000
target: 1.77800 0.00000
fb: -0.00000 0.00000 1.00000 1.00000
fb: -0.00000 0.00000 1.00000 1.00000
dist/lin/ang/drive_left/drive_right/tv_l/tv_r/av_l/av_r/x/y/theta/t_err: 0.60960 1.77800 0.00000 -0.00000 -0.00000 0.10936 0.11944 0.10936 0.11944 -0.00000 -0.00000 0.00356 -0.00006
target: 1.77800 0.00000
target: 1.77800 0.00000
fb: -0.00001 0.00483 1.00000 1.00000
fb: -0.00378 0.00497 1.00000 1.00000
dist/lin/ang/drive_left/drive_right/tv_l/tv_r/av_l/av_r/x/y/theta/t_err: 0.60968 1.77800 0.00000 -0.00875 0.00119 0.51589 0.55150 0.51589 0.55150 -0.00298 -0.00000 0.03933 -0.00069
target: 1.77800 0.00000
target: 1.77800 0.00000
fb: -0.00776 0.00327 1.00000 1.00000
fb: 0.02516 -0.00696 1.00000 1.00000
dist/lin/ang/drive_left/drive_right/tv_l/tv_r/av_l/av_r/x/y/theta/t_err: 0.60917 1.77800 0.00000 0.03212 0.01819 0.65072 0.69006 0.65072 0.69006 0.01683 0.00002 0.03949 -0.00069
target: 1.77800 0.00000
target: 1.77800 0.00000
fb: 0.17460 -0.00902 1.00000 1.00000
fb: 0.35687 -0.00519 1.00000 1.00000
dist/lin/ang/drive_left/drive_right/tv_l/tv_r/av_l/av_r/x/y/theta/t_err: 0.60204 1.77800 0.00000 0.36205 0.35168 0.67794 0.63364 0.67794 0.63364 0.29782 0.00001 -0.02873 0.00050
target: 1.77800 0.00000
target: 1.77800 0.00000
fb: 0.40935 0.00000 1.00000 1.00000
fb: 0.38019 0.00305 1.00000 1.00000
dist/lin/ang/drive_left/drive_right/tv_l/tv_r/av_l/av_r/x/y/theta/t_err: 0.59443 1.77800 0.00000 0.37714 0.38324 0.75389 0.74331 0.75389 0.74331 0.59719 -0.00014 -0.02156 0.00038
target: 1.77800 0.00000
target: 1.77800 0.00000
fb: 0.45960 0.00597 1.00000 1.00000
fb: 0.49843 0.00675 1.00000 1.00000
dist/lin/ang/drive_left/drive_right/tv_l/tv_r/av_l/av_r/x/y/theta/t_err: 0.58446 1.77800 0.00000 0.49168 0.50518 0.80575 0.75389 0.80575 0.75389 0.98965 -0.00015 0.02481 -0.00043
target: 1.77800 0.00000
target: 1.77800 0.00000
fb: 0.51189 0.00284 1.00000 1.00000
fb: 0.55849 -0.00362 1.00000 1.00000
dist/lin/ang/drive_left/drive_right/tv_l/tv_r/av_l/av_r/x/y/theta/t_err: 0.57329 1.76991 0.00000 0.56211 0.55486 0.81875 0.78111 0.81875 0.78111 1.42940 0.00011 0.02872 -0.00051
target: 1.76991 0.00000
target: 1.76991 0.00000
fb: 0.63996 -0.00980 1.00000 1.00000
fb: 0.68280 -0.01023 1.00000 1.00000
dist/lin/ang/drive_left/drive_right/tv_l/tv_r/av_l/av_r/x/y/theta/t_err: 0.55964 1.74822 0.00000 0.69303 0.67257 0.82886 0.82064 0.82886 0.82064 1.96704 -0.00000 -0.06019 0.00105
target: 1.74822 0.00000
target: 1.74822 0.00000
fb: 0.66733 -0.00234 1.00000 1.00000
fb: 0.74651 0.00178 1.00000 1.00000
dist/lin/ang/drive_left/drive_right/tv_l/tv_r/av_l/av_r/x/y/theta/t_err: 0.54471 1.72420 0.00000 0.74473 0.74828 0.82986 0.82558 0.82986 0.82558 2.55484 -0.00078 -0.07871 0.00141
target: 1.72420 0.00000
target: 1.72420 0.00000
fb: 0.83388 -0.00490 1.00000 1.00000
fb: 0.91162 -0.01634 1.00000 1.00000
dist/lin/ang/drive_left/drive_right/tv_l/tv_r/av_l/av_r/x/y/theta/t_err: 0.52647 1.69439 0.00000 0.92795 0.89528 0.83381 0.83347 0.83381 0.83347 3.27264 -0.00213 -0.15994 0.00289
target: 1.69439 0.00000
target: 1.69439 0.00000
fb: 0.96794 -0.01683 1.00000 1.00000
fb: 1.06480 -0.01179 1.00000 1.00000
dist/lin/ang/drive_left/drive_right/tv_l/tv_r/av_l/av_r/x/y/theta/t_err: 0.50518 1.65891 0.00000 1.07659 1.05301 0.85572 0.85572 0.85572 0.85572 4.11106 -0.00553 -0.29185 0.00537
target: 1.65891 0.00000
target: 1.65891 0.00000
fb: 1.15790 -0.01392 0.93391 0.95050
fb: 1.11334 -0.01712 0.95619 0.97278
dist/lin/ang/drive_left/drive_right/tv_l/tv_r/av_l/av_r/x/y/theta/t_err: 0.48291 1.62097 0.00000 1.13046 1.09622 0.72053 0.78008 0.72053 0.78008 4.98769 -0.01087 -0.41946 0.00789
target: 1.62097 0.00000
target: 1.62097 0.00000
fb: 1.11530 -0.01428 0.90777 0.92398
fb: 1.12301 -0.01179 0.90392 0.92013
dist/lin/ang/drive_left/drive_right/tv_l/tv_r/av_l/av_r/x/y/theta/t_err: 0.46045 1.58179 0.00000 1.13480 1.11122 0.67844 0.65656 0.67844 0.65656 5.87192 -0.01787 -0.49988 0.00971
target: 1.58179 0.00000
target: 1.58179 0.00000
fb: 1.09965 -0.01726 0.87235 0.88817
fb: 1.14051 -0.01946 0.85192 0.86774
dist/lin/ang/drive_left/drive_right/tv_l/tv_r/av_l/av_r/x/y/theta/t_err: 0.43764 1.54097 0.00000 1.15997 1.12105 0.68544 0.75150 0.68544 0.75150 6.76992 -0.02692 -0.66395 0.01315
target: 1.54097 0.00000
target: 1.54097 0.00000
fb: 1.12882 -0.01413 0.81126 0.82666
fb: 1.15790 -0.00753 0.79671 0.81212
dist/lin/ang/drive_left/drive_right/tv_l/tv_r/av_l/av_r/x/y/theta/t_err: 0.41449 1.49840 0.00000 1.16543 1.15037 0.70650 0.73697 0.70650 0.73697 7.68158 -0.03853 -0.77947 0.01597
target: 1.49840 0.00000
target: 1.49840 0.00000
fb: 1.31123 -0.00803 0.67127 0.68626
fb: 1.31499 -0.01421 0.66939 0.68437
dist/lin/ang/drive_left/drive_right/tv_l/tv_r/av_l/av_r/x/y/theta/t_err: 0.38819 1.44854 0.00000 1.32920 1.30079 0.71147 0.74022 0.71147 0.74022 8.71690 -0.05332 -0.87353 0.01873
target: 1.44854 0.00000
target: 1.44854 0.00000
fb: 1.29737 -0.01598 0.59753 0.61201
fb: 1.29958 -0.01442 0.59642 0.61091
dist/lin/ang/drive_left/drive_right/tv_l/tv_r/av_l/av_r/x/y/theta/t_err: 0.36221 1.39751 0.00000 1.31400 1.28516 0.64933 0.67397 0.64933 0.67397 9.74005 -0.07007 -1.00390 0.02243
target: 1.39751 0.00000
target: 1.39751 0.00000
fb: 1.28985 -0.00980 0.54709 0.56107
fb: 1.37897 -0.01129 0.50253 0.51650
dist/lin/ang/drive_left/drive_right/tv_l/tv_r/av_l/av_r/x/y/theta/t_err: 0.33464 1.34126 0.00000 1.39027 1.36768 0.58211 0.60914 0.58211 0.60914 10.82568 -0.08988 -1.08757 0.02580
target: 1.34126 0.00000
target: 1.34126 0.00000
fb: 1.28786 -0.01385 0.47053 0.48395
fb: 1.19476 -0.01627 0.51708 0.53049
dist/lin/ang/drive_left/drive_right/tv_l/tv_r/av_l/av_r/x/y/theta/t_err: 0.31075 1.29054 0.00000 1.21103 1.17850 0.51519 0.53131 0.51519 0.53131 11.76624 -0.10872 -1.21292 0.03006
target: 1.29054 0.00000
target: 1.29054 0.00000
fb: 1.29186 -0.01520 0.44477 0.45768
fb: 1.25104 -0.01769 0.46518 0.47808
dist/lin/ang/drive_left/drive_right/tv_l/tv_r/av_l/av_r/x/y/theta/t_err: 0.28574 1.23522 0.00000 1.26873 1.23336 0.49244 0.50647 0.49244 0.50647 12.75107 -0.13070 -1.35539 0.03527
target: 1.23522 0.00000
target: 1.23522 0.00000
fb: 1.23163 -0.01726 0.40102 0.41337
fb: 1.29562 -0.01705 0.36902 0.38138
dist/lin/ang/drive_left/drive_right/tv_l/tv_r/av_l/av_r/x/y/theta/t_err: 0.25985 1.17519 0.00000 1.31267 1.27858 0.45619 0.46081 0.45619 0.46081 13.77093 -0.15615 -1.50527 0.04154
target: 1.17519 0.00000
target: 1.17519 0.00000
fb: 1.33622 -0.01548 0.26994 0.28170
fb: 1.37327 -0.01073 0.25142 0.26317
dist/lin/ang/drive_left/drive_right/tv_l/tv_r/av_l/av_r/x/y/theta/t_err: 0.23241 1.10804 0.00000 1.38399 1.36254 0.40861 0.39681 0.40861 0.39681 14.85184 -0.18572 -1.62246 0.04862
target: 1.10804 0.00000
target: 1.10804 0.00000
fb: 1.24718 0.01115 0.21794 0.22902
fb: 1.21000 0.01811 0.23654 0.24762
dist/lin/ang/drive_left/drive_right/tv_l/tv_r/av_l/av_r/x/y/theta/t_err: 0.20824 1.04532 0.00000 1.19188 1.22811 0.35439 0.34322 0.35439 0.34322 15.80423 -0.21197 -1.51114 0.05223
target: 1.04532 0.00000
target: 1.04532 0.00000
fb: 1.17709 0.01215 0.21272 0.22318
fb: 1.12857 0.01286 0.23698 0.24744
dist/lin/ang/drive_left/drive_right/tv_l/tv_r/av_l/av_r/x/y/theta/t_err: 0.18570 0.98323 0.00000 1.11571 1.14143 0.29069 0.28594 0.29069 0.28594 16.69258 -0.23448 -1.39577 0.05644
target: 0.98323 0.00000
target: 0.98323 0.00000
fb: 1.16143 0.01896 0.16380 0.17363
fb: 1.06655 0.01144 0.21124 0.22108
dist/lin/ang/drive_left/drive_right/tv_l/tv_r/av_l/av_r/x/y/theta/t_err: 0.16441 0.92074 0.00000 1.05511 1.07798 0.25786 0.26281 0.25786 0.26281 17.53216 -0.25393 -1.25950 0.06122
target: 0.92074 0.00000
target: 0.92074 0.00000
fb: 0.97347 0.00696 0.19594 0.20515
fb: 1.01631 0.00391 0.17452 0.18372
dist/lin/ang/drive_left/drive_right/tv_l/tv_r/av_l/av_r/x/y/theta/t_err: 0.14379 0.85587 0.00000 1.01240 1.02021 0.24453 0.25650 0.24453 0.25650 18.33222 -0.27108 -1.20320 0.06024
target: 0.85587 0.00000
target: 0.85587 0.00000
fb: 0.93491 0.00092 0.14226 0.15082
fb: 0.89585 0.00653 0.16179 0.17035
dist/lin/ang/drive_left/drive_right/tv_l/tv_r/av_l/av_r/x/y/theta/t_err: 0.12587 0.79525 0.00000 0.88931 0.90238 0.21044 0.23033 0.21044 0.23033 19.03746 -0.28573 -1.17157 0.05969
target: 0.79525 0.00000
target: 0.79525 0.00000
fb: 0.84924 0.01705 0.14603 0.15398
fb: 0.80483 0.01925 0.16823 0.17619
dist/lin/ang/drive_left/drive_right/tv_l/tv_r/av_l/av_r/x/y/theta/t_err: 0.10980 0.73662 0.00000 0.78558 0.82408 0.18786 0.18978 0.18786 0.18978 19.67106 -0.29785 -1.01728 0.05699
target: 0.73662 0.00000
target: 0.73662 0.00000
fb: 0.83968 0.01712 0.10352 0.11088
fb: 0.71349 0.01115 0.16661 0.17398
dist/lin/ang/drive_left/drive_right/tv_l/tv_r/av_l/av_r/x/y/theta/t_err: 0.09556 0.68044 0.00000 0.70233 0.72464 0.16356 0.16925 0.16356 0.16925 20.23279 -0.30711 -0.87534 0.05452
target: 0.68044 0.00000
target: 0.68044 0.00000
fb: 0.67668 0.00668 0.14208 0.14889
fb: 0.68069 0.00320 0.14008 0.14688
dist/lin/ang/drive_left/drive_right/tv_l/tv_r/av_l/av_r/x/y/theta/t_err: 0.08195 0.62208 0.00000 0.67749 0.68388 0.16358 0.16597 0.16358 0.16597 20.76870 -0.31502 -0.82038 0.05356
target: 0.62208 0.00000
target: 0.62208 0.00000
fb: 0.60326 0.00000 0.11291 0.11913
fb: 0.57414 0.00391 0.12747 0.13369
dist/lin/ang/drive_left/drive_right/tv_l/tv_r/av_l/av_r/x/y/theta/t_err: 0.07047 0.56818 0.00000 0.57023 0.57805 0.14783 0.14650 0.14783 0.14650 21.22074 -0.32144 -0.80235 0.05324
target: 0.56818 0.00000
target: 0.56818 0.00000
fb: 0.53903 0.00760 0.11341 0.11909
fb: 0.49643 0.00483 0.13471 0.14039
dist/lin/ang/drive_left/drive_right/tv_l/tv_r/av_l/av_r/x/y/theta/t_err: 0.06055 0.51711 0.00000 0.49160 0.50126 0.13603 0.13944 0.13603 0.13944 21.61159 -0.32670 -0.74165 0.05218
target: 0.51711 0.00000
target: 0.51711 0.00000
fb: 0.50042 0.00305 0.09640 0.10157
fb: 0.48852 0.00085 0.10235 0.10752
dist/lin/ang/drive_left/drive_right/tv_l/tv_r/av_l/av_r/x/y/theta/t_err: 0.05079 0.46133 0.00000 0.48767 0.48937 0.13092 0.13894 0.13092 0.13894 21.99622 -0.33159 -0.71636 0.05174
target: 0.46133 0.00000
target: 0.46133 0.00000
fb: 0.46536 0.00000 0.15097 0.15097
fb: 0.44815 0.00000 0.15957 0.15957
dist/lin/ang/drive_left/drive_right/tv_l/tv_r/av_l/av_r/x/y/theta/t_err: 0.04182 0.40342 0.00000 0.44815 0.44815 0.13606 0.13792 0.13606 0.13792 22.34907 -0.33598 -0.71097 0.05165
target: 0.40342 0.00000
target: 0.40342 0.00000
fb: 0.40138 -0.00114 0.12656 0.12656
fb: 0.38594 -0.00199 0.13428 0.13428
dist/lin/ang/drive_left/drive_right/tv_l/tv_r/av_l/av_r/x/y/theta/t_err: 0.03411 0.34585 0.00000 0.38793 0.38395 0.14644 0.14714 0.14644 0.14714 22.65293 -0.33976 -0.71600 0.05174
target: 0.34585 0.00000
target: 0.34585 0.00000
fb: 0.38020 0.00000 0.08602 0.08602
fb: 0.36650 0.00327 0.09287 0.09287
dist/lin/ang/drive_left/drive_right/tv_l/tv_r/av_l/av_r/x/y/theta/t_err: 0.02678 0.28047 0.00000 0.36324 0.36977 0.12097 0.11892 0.12097 0.11892 22.94150 -0.34335 -0.70260 0.05150
target: 0.28047 0.00000
target: 0.28047 0.00000
fb: 0.32787 0.00206 -0.12228 -0.12228
fb: 0.32966 -0.00277 -0.12317 -0.12317
dist/lin/ang/drive_left/drive_right/tv_l/tv_r/av_l/av_r/x/y/theta/t_err: 0.02019 0.00749 0.00000 0.33243 0.32689 0.02381 0.04586 0.02381 0.04586 23.20105 -0.34649 -0.69227 0.05132
target: 0.00749 0.00000
target: 0.00749 0.00000
fb: 0.34711 -0.00234 -0.79278 -0.79278
fb: 0.28509 0.00163 -0.76178 -0.76178
dist/lin/ang/drive_left/drive_right/tv_l/tv_r/av_l/av_r/x/y/theta/t_err: 0.01448 0.00178 0.00000 0.28346 0.28673 -0.18208 -0.18564 -0.18208 -0.18564 23.42551 -0.34922 -0.69257 0.05133
target: 0.00178 0.00000
target: 0.00178 0.00000
fb: 0.19770 -0.00178 -0.18865 -0.18865
fb: 0.12425 -0.00554 -0.09069 -0.09069
dist/lin/ang/drive_left/drive_right/tv_l/tv_r/av_l/av_r/x/y/theta/t_err: 0.01200 0.00000 0.00000 0.12979 0.11871 -0.27361 -0.22589 -0.27361 -0.22589 23.52334 -0.35041 -0.70960 0.05162
target: 0.00000 0.00000
target: 0.00000 0.00000
fb: 0.06599 0.00085 -0.08357 -0.08357
fb: 0.01742 0.00284 -0.08357 -0.08357
dist/lin/ang/drive_left/drive_right/tv_l/tv_r/av_l/av_r/x/y/theta/t_err: 0.01165 0.00000 0.00000 0.01458 0.02026 -0.10628 -0.10644 -0.10628 -0.10644 23.53705 -0.35058 -0.69379 0.05135
target: 0.00000 0.00000
target: 0.00000 0.00000
fb: 0.00769 0.00220 0.00000 0.00000
fb: 0.00374 -0.00263 0.00000 0.00000
dist/lin/ang/drive_left/drive_right/tv_l/tv_r/av_l/av_r/x/y/theta/t_err: 0.01158 0.00000 0.00000 0.00636 0.00111 -0.04894 -0.05578 -0.04894 -0.05578 23.53999 -0.35061 -0.67617 0.05104
target: 0.00000 0.00000
target: 0.00000 0.00000
fb: 0.00399 -0.00483 0.00000 0.00000
fb: 0.00401 -0.00348 0.00000 0.00000
dist/lin/ang/drive_left/drive_right/tv_l/tv_r/av_l/av_r/x/y/theta/t_err: 0.01149 0.00000 0.00000 0.00749 0.00053 -0.00256 -0.00342 -0.00256 -0.00342 23.54315 -0.35065 -0.71731 0.05176
target: 0.00000 0.00000
target: 0.00000 0.00000
fb: 0.00002 0.00163 0.00000 0.00000
fb: 0.00000 0.00107 0.00000 0.00000
dist/lin/ang/drive_left/drive_right/tv_l/tv_r/av_l/av_r/x/y/theta/t_err: 0.01149 0.00000 0.00000 -0.00106 0.00107 0.00000 -0.00017 0.00000 -0.00017 23.54315 -0.35065 -0.71890 0.05179
target: 0.00000 0.00000
target: 0.00000 0.00000
fb: 0.00774 -0.00547 0.00000 0.00000
fb: 0.00778 -0.01342 0.00000 0.00000
dist/lin/ang/drive_left/drive_right/tv_l/tv_r/av_l/av_r/x/y/theta/t_err: 0.01133 0.00000 0.00000 0.02121 -0.00564 -0.00050 0.00000 -0.00050 0.00000 23.54928 -0.35073 -0.78458 0.05293
target: 0.00000 0.00000
target: 0.00000 0.00000
fb: -0.01535 -0.01321 0.00000 0.00000
fb: -0.08907 -0.00497 0.00000 0.00000
dist/lin/ang/drive_left/drive_right/tv_l/tv_r/av_l/av_r/x/y/theta/t_err: 0.01309 0.00039 0.00000 -0.08410 -0.09404 0.00000 0.00000 0.00000 0.00000 23.47915 -0.34969 -0.87369 0.05449
target: 0.00039 0.00000
target: 0.00039 0.00000
fb: -0.11648 0.00078 0.08094 0.08094
fb: -0.06797 0.00170 0.08094 0.08094
dist/lin/ang/drive_left/drive_right/tv_l/tv_r/av_l/av_r/x/y/theta/t_err: 0.01445 0.00175 0.00000 -0.06967 -0.06626 0.03492 0.02517 0.03492 0.02517 23.42564 -0.34887 -0.87043 0.05443
target: 0.00175 0.00000
target: 0.00175 0.00000
fb: -0.03685 0.00000 0.08342 0.08342
fb: -0.03288 0.00156 0.08342 0.08342
dist/lin/ang/drive_left/drive_right/tv_l/tv_r/av_l/av_r/x/y/theta/t_err: 0.01511 0.00241 0.00000 -0.03444 -0.03132 0.07819 0.07633 0.07819 0.07633 23.39976 -0.34848 -0.86875 0.05440
target: 0.00241 0.00000
target: 0.00241 0.00000
fb: -0.03289 0.00490 0.08228 0.08228
fb: -0.01174 0.01023 0.08228 0.08228
dist/lin/ang/drive_left/drive_right/tv_l/tv_r/av_l/av_r/x/y/theta/t_err: 0.01535 0.00265 0.00000 -0.02197 -0.00151 0.07769 0.07786 0.07769 0.07786 23.39051 -0.34834 -0.81815 0.05352
target: 0.00265 0.00000
target: 0.00265 0.00000
fb: -0.00404 0.00902 0.08155 0.08155
fb: -0.00402 0.00149 0.08155 0.08155
dist/lin/ang/drive_left/drive_right/tv_l/tv_r/av_l/av_r/x/y/theta/t_err: 0.01544 0.00274 0.00000 -0.00551 -0.00253 0.07786 0.07767 0.07786 0.07767 23.38735 -0.34829 -0.76760 0.05264
target: 0.00274 0.00000
target: 0.00274 0.00000
fb: -0.00001 0.00000 0.08127 0.08127
fb: 0.00000 0.00000 0.08127 0.08127
dist/lin/ang/drive_left/drive_right/tv_l/tv_r/av_l/av_r/x/y/theta/t_err: 0.01544 0.00274 0.00000 0.00000 0.00000 0.07819 0.07783 0.07819 0.07783 23.38735 -0.34829 -0.77310 0.05273
target: 0.00274 0.00000
target: 0.00274 0.00000
fb: 0.00001 -0.00085 0.08109 0.08109
fb: -0.00175 -0.00220 0.08109 0.08109
dist/lin/ang/drive_left/drive_right/tv_l/tv_r/av_l/av_r/x/y/theta/t_err: 0.01547 0.00277 0.00000 0.00045 -0.00395 0.08025 0.07853 0.08025 0.07853 23.38598 -0.34828 -0.78893 0.05301
target: 0.00277 0.00000
target: 0.00277 0.00000
fb: -0.00968 -0.00462 0.08117 0.08117
fb: -0.00790 -0.00675 0.08117 0.08117
final error: 0.71130, x: 0.62025, y: 0.34819
final local error: 0.71130, forwards: 0.61510, sideways: 0.35721
position: 23.37975 -0.34819 -0.83652
took 1.06000 time to finish turn
dist/lin/ang/drive_left/drive_right/tv_l/tv_r/av_l/av_r/x/y/theta/t_err: -0.60148 -1.77800 0.00000 0.00000 0.00000 0.00000 -0.00000 0.00000 -0.00000 23.67756 -0.35281 179.10658 0.00069
target: -1.77800 0.00000
target: -1.77800 0.00000
fb: -0.00000 0.00000 -1.00000 -1.00000
fb: 0.00000 0.00000 -1.00000 -1.00000
dist/lin/ang/drive_left/drive_right/tv_l/tv_r/av_l/av_r/x/y/theta/t_err: -0.60148 -1.77800 0.00000 0.00000 0.00000 -0.35217 -0.33228 -0.35217 -0.33228 23.67756 -0.35281 179.10558 0.00071
target: -1.77800 0.00000
target: -1.77800 0.00000
fb: 0.00000 0.00000 -1.00000 -1.00000
fb: 0.00396 0.00298 -1.00000 -1.00000
dist/lin/ang/drive_left/drive_right/tv_l/tv_r/av_l/av_r/x/y/theta/t_err: -0.60156 -1.77800 0.00000 0.00098 0.00694 -0.67553 -0.65175 -0.67553 -0.65175 23.68068 -0.35286 179.12075 0.00045
target: -1.77800 0.00000
target: -1.77800 0.00000
fb: 0.00771 -0.00313 -1.00000 -1.00000
fb: -0.01168 -0.00618 -1.00000 -1.00000
dist/lin/ang/drive_left/drive_right/tv_l/tv_r/av_l/av_r/x/y/theta/t_err: -0.60132 -1.77800 0.00000 -0.00550 -0.01786 -0.63497 -0.62406 -0.63497 -0.62406 23.67148 -0.35272 179.10245 0.00077
target: -1.77800 0.00000
target: -1.77800 0.00000
fb: -0.13941 -0.00916 -1.00000 -1.00000
fb: -0.29277 -0.00412 -1.00000 -1.00000
dist/lin/ang/drive_left/drive_right/tv_l/tv_r/av_l/av_r/x/y/theta/t_err: -0.59547 -1.77800 0.00000 -0.28865 -0.29689 -0.73575 -0.59050 -0.73575 -0.59050 23.44099 -0.34897 179.04883 0.00171
target: -1.77800 0.00000
target: -1.77800 0.00000
fb: -0.35308 0.01229 -1.00000 -1.00000
fb: -0.38030 0.01655 -1.00000 -1.00000
dist/lin/ang/drive_left/drive_right/tv_l/tv_r/av_l/av_r/x/y/theta/t_err: -0.58786 -1.77800 0.00000 -0.39685 -0.36375 -0.73322 -0.72378 -0.73322 -0.72378 23.14158 -0.34426 179.16144 -0.00024
target: -1.77800 0.00000
target: -1.77800 0.00000
fb: -0.40349 0.01257 -1.00000 -1.00000
fb: -0.46946 0.01506 -1.00000 -1.00000
dist/lin/ang/drive_left/drive_right/tv_l/tv_r/av_l/av_r/x/y/theta/t_err: -0.57847 -1.77800 0.00000 -0.48452 -0.45440 -0.75031 -0.76264 -0.75031 -0.76264 22.77196 -0.33929 179.29118 -0.00253
target: -1.77800 0.00000
target: -1.77800 0.00000
fb: -0.56834 0.02245 -1.00000 -1.00000
fb: -0.60323 0.02358 -1.00000 -1.00000
dist/lin/ang/drive_left/drive_right/tv_l/tv_r/av_l/av_r/x/y/theta/t_err: -0.56641 -1.75901 0.00000 -0.62682 -0.57965 -0.73833 -0.77683 -0.73833 -0.77683 22.29700 -0.33419 179.48509 -0.00600
target: -1.75901 0.00000
target: -1.75901 0.00000
fb: -0.65972 0.01769 -1.00000 -1.00000
fb: -0.75853 0.01144 -1.00000 -1.00000
dist/lin/ang/drive_left/drive_right/tv_l/tv_r/av_l/av_r/x/y/theta/t_err: -0.55124 -1.73475 0.00000 -0.76997 -0.74710 -0.78522 -0.78711 -0.78522 -0.78711 21.69975 -0.32967 179.62942 -0.00872
target: -1.73475 0.00000
target: -1.73475 0.00000
fb: -0.74084 0.00916 -1.00000 -1.00000
fb: -0.78739 0.01101 -1.00000 -1.00000
dist/lin/ang/drive_left/drive_right/tv_l/tv_r/av_l/av_r/x/y/theta/t_err: -0.53549 -1.70920 0.00000 -0.79840 -0.77638 -0.80711 -0.80542 -0.80711 -0.80542 21.07977 -0.32616 179.71865 -0.01056
target: -1.70920 0.00000
target: -1.70920 0.00000
fb: -0.82822 0.01222 -1.00000 -1.00000
fb: -0.87479 0.01484 -1.00000 -1.00000
dist/lin/ang/drive_left/drive_right/tv_l/tv_r/av_l/av_r/x/y/theta/t_err: -0.51800 -1.68035 0.00000 -0.88964 -0.85995 -0.82508 -0.82747 -0.82508 -0.82747 20.39096 -0.32344 179.82891 -0.01287
target: -1.68035 0.00000
target: -1.68035 0.00000
fb: -0.97564 0.01016 -1.00000 -1.00000
fb: -0.96965 0.00547 -1.00000 -1.00000
dist/lin/ang/drive_left/drive_right/tv_l/tv_r/av_l/av_r/x/y/theta/t_err: -0.49860 -1.64780 0.00000 -0.97512 -0.96418 -0.85469 -0.85536 -0.85469 -0.85536 19.62746 -0.32179 179.91110 -0.01484
target: -1.64780 0.00000
target: -1.64780 0.00000
fb: -1.02987 0.00639 -1.00000 -1.00000
fb: -1.05128 0.00767 -0.98974 -1.00000
dist/lin/ang/drive_left/drive_right/tv_l/tv_r/av_l/av_r/x/y/theta/t_err: -0.47758 -1.61176 0.00000 -1.05895 -1.04361 -0.72772 -0.88328 -0.72772 -0.88328 18.79968 -0.32092 179.97490 -0.01663
target: -1.61176 0.00000
target: -1.61176 0.00000
fb: -1.15016 0.01392 -0.89002 -0.90614
fb: -1.23935 0.01705 -0.84543 -0.86155
dist/lin/ang/drive_left/drive_right/tv_l/tv_r/av_l/av_r/x/y/theta/t_err: -0.45280 -1.56821 0.00000 -1.25639 -1.22230 -0.68339 -0.66836 -0.68339 -0.66836 17.82382 -0.32155 180.11268 -0.02001
target: -1.56821 0.00000
target: -1.56821 0.00000
fb: -1.21794 0.00987 -0.78054 -0.79622
fb: -1.19298 0.01250 -0.79302 -0.80870
dist/lin/ang/drive_left/drive_right/tv_l/tv_r/av_l/av_r/x/y/theta/t_err: -0.42894 -1.52511 0.00000 -1.20548 -1.18048 -0.71217 -0.68736 -0.71217 -0.68736 16.88447 -0.32425 180.21920 -0.02303
target: -1.52511 0.00000
target: -1.52511 0.00000
fb: -1.18504 0.01541 -0.75768 -0.77293
fb: -1.17140 0.02323 -0.76450 -0.77975
dist/lin/ang/drive_left/drive_right/tv_l/tv_r/av_l/av_r/x/y/theta/t_err: -0.40552 -1.48159 0.00000 -1.19462 -1.14817 -0.72294 -0.73319 -0.72294 -0.73319 15.96212 -0.32886 180.37318 -0.02711
target: -1.48159 0.00000
target: -1.48159 0.00000
fb: -1.23754 0.02323 -0.68768 -0.70250
fb: -1.34219 0.02401 -0.63535 -0.65017
dist/lin/ang/drive_left/drive_right/tv_l/tv_r/av_l/av_r/x/y/theta/t_err: -0.37869 -1.43009 0.00000 -1.36620 -1.31818 -0.67842 -0.69042 -0.67842 -0.69042 14.90531 -0.33646 180.53105 -0.03184
target: -1.43009 0.00000
target: -1.43009 0.00000
fb: -1.25489 0.02003 -0.59371 -0.60801
fb: -1.28022 0.02422 -0.58104 -0.59535
dist/lin/ang/drive_left/drive_right/tv_l/tv_r/av_l/av_r/x/y/theta/t_err: -0.35310 -1.37919 0.00000 -1.30444 -1.25600 -0.60144 -0.61306 -0.60144 -0.61306 13.89732 -0.34754 180.72506 -0.03766
target: -1.37919 0.00000
target: -1.37919 0.00000
fb: -1.33649 0.02145 -0.50673 -0.52053
fb: -1.29962 0.01861 -0.52517 -0.53896
dist/lin/ang/drive_left/drive_right/tv_l/tv_r/av_l/av_r/x/y/theta/t_err: -0.32713 -1.32554 0.00000 -1.31823 -1.28101 -0.53456 -0.54567 -0.53456 -0.54567 12.87410 -0.36212 180.90202 -0.04386
target: -1.32554 0.00000
target: -1.32554 0.00000
fb: -1.33050 0.01946 -0.44581 -0.45907
fb: -1.26452 0.02124 -0.47880 -0.49206
dist/lin/ang/drive_left/drive_right/tv_l/tv_r/av_l/av_r/x/y/theta/t_err: -0.30187 -1.27117 0.00000 -1.28576 -1.24328 -0.48439 -0.49503 -0.48439 -0.49503 11.87856 -0.37911 181.06435 -0.05048
target: -1.27117 0.00000
target: -1.27117 0.00000
fb: -1.25107 0.01953 -0.43016 -0.44287
fb: -1.32276 0.01705 -0.39431 -0.40702
dist/lin/ang/drive_left/drive_right/tv_l/tv_r/av_l/av_r/x/y/theta/t_err: -0.27545 -1.21172 0.00000 -1.33981 -1.30572 -0.44439 -0.44883 -0.44439 -0.44883 10.83722 -0.39986 181.21327 -0.05806
target: -1.21172 0.00000
target: -1.21172 0.00000
fb: -1.18329 0.01598 -0.38407 -0.39618
fb: -1.21815 0.01335 -0.36664 -0.37876
dist/lin/ang/drive_left/drive_right/tv_l/tv_r/av_l/av_r/x/y/theta/t_err: -0.25114 -1.15429 0.00000 -1.23150 -1.20479 -0.39578 -0.40483 -0.39578 -0.40483 9.87829 -0.42128 181.33436 -0.06591
target: -1.15429 0.00000
target: -1.15429 0.00000
fb: -1.33618 0.01136 -0.26159 -0.27314
fb: -1.24503 0.00376 -0.30717 -0.31871
dist/lin/ang/drive_left/drive_right/tv_l/tv_r/av_l/av_r/x/y/theta/t_err: -0.22630 -1.09251 0.00000 -1.24879 -1.24126 -0.38003 -0.35572 -0.38003 -0.35572 8.89824 -0.44483 181.41024 -0.07456
target: -1.09251 0.00000
target: -1.09251 0.00000
fb: -1.23745 -0.01030 -0.23209 -0.24301
fb: -1.23142 -0.01044 -0.23510 -0.24603
dist/lin/ang/drive_left/drive_right/tv_l/tv_r/av_l/av_r/x/y/theta/t_err: -0.20174 -1.02780 0.00000 -1.22098 -1.24187 -0.31467 -0.32681 -0.31467 -0.32681 7.92889 -0.46805 181.32535 -0.08209
target: -1.02780 0.00000
target: -1.02780 0.00000
fb: -1.12860 -0.00526 -0.21120 -0.22148
fb: -1.08603 -0.00874 -0.23249 -0.24277
dist/lin/ang/drive_left/drive_right/tv_l/tv_r/av_l/av_r/x/y/theta/t_err: -0.18010 -0.96719 0.00000 -1.07729 -1.09476 -0.27514 -0.29106 -0.27514 -0.29106 7.07397 -0.48735 181.26066 -0.09079
target: -0.96719 0.00000
target: -0.96719 0.00000
fb: -1.05489 -0.01321 -0.20830 -0.21797
fb: -1.04340 -0.01115 -0.21404 -0.22372
dist/lin/ang/drive_left/drive_right/tv_l/tv_r/av_l/av_r/x/y/theta/t_err: -0.15933 -0.90520 -0.00000 -1.03225 -1.05455 -0.25219 -0.27069 -0.25219 -0.27069 6.25257 -0.50462 181.15124 -0.10062
target: -0.90520 0.00000
target: -0.90520 0.00000
fb: -0.96374 -0.01257 -0.18814 -0.19719
fb: -0.93659 -0.01783 -0.20172 -0.21077
dist/lin/ang/drive_left/drive_right/tv_l/tv_r/av_l/av_r/x/y/theta/t_err: -0.13983 -0.84285 0.00000 -0.91876 -0.95441 -0.22828 -0.24297 -0.22828 -0.24297 5.51524 -0.51862 181.02311 -0.09839
target: -0.84285 0.00000
target: -0.84285 0.00000
fb: -0.95420 -0.02465 -0.13150 -0.13992
fb: -0.85708 -0.02223 -0.18005 -0.18848
dist/lin/ang/drive_left/drive_right/tv_l/tv_r/av_l/av_r/x/y/theta/t_err: -0.12274 -0.78417 0.00000 -0.83485 -0.87931 -0.19044 -0.20208 -0.19044 -0.20208 4.84046 -0.52948 180.81745 -0.09480
target: -0.78417 0.00000
target: -0.78417 0.00000
fb: -0.87054 -0.02550 -0.13346 -0.14131
fb: -0.83366 -0.03047 -0.15190 -0.15974
dist/lin/ang/drive_left/drive_right/tv_l/tv_r/av_l/av_r/x/y/theta/t_err: -0.10613 -0.72256 0.00000 -0.80319 -0.86413 -0.17350 -0.18206 -0.17350 -0.18206 4.18408 -0.53763 180.58158 -0.09068
target: -0.72256 0.00000
target: -0.72256 0.00000
fb: -0.73478 -0.03068 -0.12904 -0.13626
fb: -0.70565 -0.03076 -0.14360 -0.15083
dist/lin/ang/drive_left/drive_right/tv_l/tv_r/av_l/av_r/x/y/theta/t_err: -0.09209 -0.66604 0.00000 -0.67489 -0.73640 -0.15469 -0.16767 -0.15469 -0.16767 3.62847 -0.54196 180.31115 -0.08596
target: -0.66604 0.00000
target: -0.66604 0.00000
fb: -0.70565 -0.03189 -0.11225 -0.11891
fb: -0.65137 -0.02877 -0.13939 -0.14605
dist/lin/ang/drive_left/drive_right/tv_l/tv_r/av_l/av_r/x/y/theta/t_err: -0.07913 -0.60925 0.00000 -0.62260 -0.68014 -0.14389 -0.15347 -0.14389 -0.15347 3.11558 -0.54359 180.04319 -0.08128
target: -0.60925 0.00000
target: -0.60925 0.00000
fb: -0.58938 -0.02664 -0.11461 -0.12071
fb: -0.57769 -0.02877 -0.12046 -0.12655
dist/lin/ang/drive_left/drive_right/tv_l/tv_r/av_l/av_r/x/y/theta/t_err: -0.06763 -0.55403 0.00000 -0.54893 -0.60646 -0.13619 -0.14133 -0.13619 -0.14133 2.66071 -0.54299 179.80213 -0.07708
target: -0.55403 0.00000
target: -0.55403 0.00000
fb: -0.53113 -0.02713 -0.09779 -0.10333
fb: -0.52540 -0.02571 -0.10066 -0.10620
dist/lin/ang/drive_left/drive_right/tv_l/tv_r/av_l/av_r/x/y/theta/t_err: -0.05718 -0.49853 0.00000 -0.49969 -0.55111 -0.11636 -0.12147 -0.11636 -0.12147 2.24701 -0.54067 179.56528 -0.07294
target: -0.49853 0.00000
target: -0.49853 0.00000
fb: -0.49430 -0.02514 -0.17055 -0.17055
fb: -0.44797 -0.02422 -0.19371 -0.19371
dist/lin/ang/drive_left/drive_right/tv_l/tv_r/av_l/av_r/x/y/theta/t_err: -0.04827 -0.44582 0.00000 -0.42374 -0.47219 -0.17539 -0.17231 -0.17539 -0.17231 1.89430 -0.53732 179.34724 -0.06914
target: -0.44582 0.00000
target: -0.44582 0.00000
fb: -0.45570 -0.02124 -0.14795 -0.14795
fb: -0.41865 -0.01840 -0.16647 -0.16647
dist/lin/ang/drive_left/drive_right/tv_l/tv_r/av_l/av_r/x/y/theta/t_err: -0.03994 -0.39012 0.00000 -0.40025 -0.43705 -0.16169 -0.16325 -0.16169 -0.16325 1.56468 -0.53304 179.16667 -0.06599
target: -0.39012 0.00000
target: -0.39012 0.00000
fb: -0.40123 -0.01875 -0.11910 -0.11910
fb: -0.38380 -0.01769 -0.12781 -0.12781
dist/lin/ang/drive_left/drive_right/tv_l/tv_r/av_l/av_r/x/y/theta/t_err: -0.03230 -0.33091 0.00000 -0.36612 -0.40149 -0.13144 -0.13692 -0.13144 -0.13692 1.26251 -0.52824 179.00611 -0.06318
target: -0.33091 0.00000
target: -0.33091 0.00000
fb: -0.39552 -0.01172 0.09836 0.09836
fb: -0.41896 -0.00476 0.11008 0.11008
dist/lin/ang/drive_left/drive_right/tv_l/tv_r/av_l/av_r/x/y/theta/t_err: -0.02394 -0.25057 0.00000 -0.41420 -0.42371 0.05939 0.05922 0.05939 0.05922 0.93268 -0.52224 178.91918 -0.06167
target: -0.25057 0.00000
target: -0.25057 0.00000
fb: -0.36647 -0.00540 0.19839 0.19839
fb: -0.31018 -0.01570 0.17024 0.17024
dist/lin/ang/drive_left/drive_right/tv_l/tv_r/av_l/av_r/x/y/theta/t_err: -0.01775 -0.00505 0.00000 -0.29448 -0.32588 0.15125 0.14889 0.15125 0.14889 0.68849 -0.51751 178.84101 -0.06030
target: -0.00505 0.00000
target: -0.00505 0.00000
fb: -0.23466 -0.01818 0.68383 0.68383
fb: -0.14329 -0.01676 0.56903 0.56903
dist/lin/ang/drive_left/drive_right/tv_l/tv_r/av_l/av_r/x/y/theta/t_err: -0.01492 -0.00222 0.00000 -0.12653 -0.16006 0.31997 0.36222 0.31997 0.36222 0.57569 -0.51509 178.68846 -0.05764
target: -0.00222 0.00000
target: -0.00222 0.00000
fb: -0.06761 -0.01854 0.08478 0.08478
fb: -0.02127 -0.01712 0.08478 0.08478
dist/lin/ang/drive_left/drive_right/tv_l/tv_r/av_l/av_r/x/y/theta/t_err: -0.01453 -0.00183 0.00000 -0.00415 -0.03838 0.10144 0.15383 0.10144 0.15383 0.55895 -0.51469 178.53379 -0.05494
target: -0.00183 0.00000
target: -0.00183 0.00000
fb: -0.00387 -0.00497 0.08005 0.08005
fb: 0.00004 -0.00185 0.08005 0.08005
dist/lin/ang/drive_left/drive_right/tv_l/tv_r/av_l/av_r/x/y/theta/t_err: -0.01454 -0.00184 0.00000 0.00189 -0.00181 0.07972 0.08231 0.07972 0.08231 0.55898 -0.51470 178.49010 -0.05418
target: -0.00184 0.00000
target: -0.00184 0.00000
fb: 0.00003 -0.00867 -0.08076 -0.08076
fb: -0.00390 -0.01307 -0.08076 -0.08076
dist/lin/ang/drive_left/drive_right/tv_l/tv_r/av_l/av_r/x/y/theta/t_err: -0.01448 -0.00178 0.00000 0.00917 -0.01697 -0.06039 -0.05389 -0.06039 -0.05389 0.55591 -0.51461 178.40446 -0.05268
target: -0.00178 0.00000
target: -0.00178 0.00000
fb: -0.00388 -0.01094 -0.08059 -0.08059
fb: -0.01735 -0.00994 -0.08059 -0.08059
dist/lin/ang/drive_left/drive_right/tv_l/tv_r/av_l/av_r/x/y/theta/t_err: -0.01415 -0.00145 0.00000 -0.00740 -0.02729 -0.08214 -0.08181 -0.08214 -0.08181 0.54226 -0.51421 178.30853 -0.05101
target: -0.00145 0.00000
target: -0.00145 0.00000
fb: -0.02883 -0.00696 0.08007 0.08007
fb: -0.01142 -0.00476 0.08007 0.08007
dist/lin/ang/drive_left/drive_right/tv_l/tv_r/av_l/av_r/x/y/theta/t_err: -0.01394 -0.00124 0.00000 -0.00666 -0.01618 0.06006 0.04758 0.06006 0.04758 0.53327 -0.51395 178.24566 -0.04991
target: -0.00124 0.00000
target: -0.00124 0.00000
fb: -0.00393 -0.00582 -0.08007 -0.08007
fb: -0.00392 -0.00597 -0.08007 -0.08007
dist/lin/ang/drive_left/drive_right/tv_l/tv_r/av_l/av_r/x/y/theta/t_err: -0.01387 -0.00117 0.00000 0.00204 -0.00989 -0.06175 -0.05700 -0.06175 -0.05700 0.53018 -0.51385 178.19130 -0.04896
target: -0.00117 0.00000
target: -0.00117 0.00000
fb: 0.00003 0.00099 -0.08034 -0.08034
fb: -0.00004 0.01527 -0.08034 -0.08034
dist/lin/ang/drive_left/drive_right/tv_l/tv_r/av_l/av_r/x/y/theta/t_err: -0.01386 -0.00116 -0.00000 -0.01531 0.01523 -0.07700 -0.07686 -0.07700 -0.07686 0.53015 -0.51385 178.24014 -0.04982
target: -0.00116 0.00000
target: -0.00116 0.00000
fb: 0.00761 0.01520 -0.08044 -0.08044
fb: 0.00762 0.00845 -0.08044 -0.08044
dist/lin/ang/drive_left/drive_right/tv_l/tv_r/av_l/av_r/x/y/theta/t_err: -0.01399 -0.00129 -0.00000 -0.00083 0.01607 -0.07736 -0.07750 -0.07736 -0.07750 0.53615 -0.51403 178.35783 -0.05187
target: -0.00129 0.00000
target: -0.00129 0.00000
fb: -0.00007 0.00597 -0.08077 -0.08077
fb: -0.00004 0.00355 -0.08077 -0.08077
dist/lin/ang/drive_left/drive_right/tv_l/tv_r/av_l/av_r/x/y/theta/t_err: -0.01397 -0.00127 -0.00000 -0.00360 0.00351 -0.07803 -0.07717 -0.07803 -0.07717 0.53611 -0.51403 178.40714 -0.05273
target: -0.00127 0.00000
target: -0.00127 0.00000
fb: 0.00196 0.00263 -0.08049 -0.08049
fb: 0.00198 -0.00249 -0.08049 -0.08049
dist/lin/ang/drive_left/drive_right/tv_l/tv_r/av_l/av_r/x/y/theta/t_err: -0.01401 -0.00131 -0.00000 0.00446 -0.00051 -0.07819 -0.07783 -0.07819 -0.07783 0.53767 -0.51407 178.41693 -0.05290
target: -0.00131 0.00000
target: -0.00131 0.00000
fb: 0.00002 -0.00646 -0.08060 -0.08060
fb: 0.00006 -0.01044 -0.08060 -0.08060
dist/lin/ang/drive_left/drive_right/tv_l/tv_r/av_l/av_r/x/y/theta/t_err: -0.01403 -0.00133 0.00000 0.01050 -0.01039 -0.07886 -0.07886 -0.07886 -0.07886 0.53771 -0.51407 178.35479 -0.05182
target: -0.00133 0.00000
target: -0.00133 0.00000
fb: 0.00007 -0.00838 -0.08056 -0.08056
fb: 0.00006 -0.00476 -0.08056 -0.08056
dist/lin/ang/drive_left/drive_right/tv_l/tv_r/av_l/av_r/x/y/theta/t_err: -0.01404 -0.00134 0.00000 0.00481 -0.00470 -0.07919 -0.07906 -0.07919 -0.07906 0.53776 -0.51407 178.29237 -0.05073
target: -0.00134 0.00000
target: -0.00134 0.00000
fb: -0.00394 -0.00227 -0.08057 -0.08057
fb: -0.01168 -0.00170 -0.08057 -0.08057
start is 0.00000 0.00000
dist/lin/ang/drive_left/drive_right/tv_l/tv_r/av_l/av_r/x/y/theta/t_err: 0.60960 1.77800 0.00000 0.00000 0.00000 0.00000 -0.00033 0.00000 -0.00033 0.00000 -0.00000 -0.00015 0.00000
target: 1.77800 0.00000
target: 1.77800 0.00000
fb: -0.00000 0.00000 1.00000 1.00000
fb: -0.00000 0.00000 1.00000 1.00000
dist/lin/ang/drive_left/drive_right/tv_l/tv_r/av_l/av_r/x/y/theta/t_err: 0.60960 1.77800 0.00000 -0.00000 -0.00000 0.08231 0.04603 0.08231 0.04603 -0.00000 -0.00000 0.00121 -0.00002
target: 1.77800 0.00000
target: 1.77800 0.00000
fb: 0.00000 0.00000 1.00000 1.00000
fb: 0.00004 -0.01207 1.00000 1.00000
dist/lin/ang/drive_left/drive_right/tv_l/tv_r/av_l/av_r/x/y/theta/t_err: 0.60960 1.77800 0.00000 0.01211 -0.01204 0.48064 0.52733 0.48064 0.52733 0.00003 -0.00000 -0.03953 0.00069
target: 1.77800 0.00000
target: 1.77800 0.00000
fb: -0.00366 -0.01314 1.00000 1.00000
fb: 0.00782 -0.00966 1.00000 1.00000
dist/lin/ang/drive_left/drive_right/tv_l/tv_r/av_l/av_r/x/y/theta/t_err: 0.60944 1.77800 0.00000 0.01748 -0.00184 0.66456 0.72106 0.66456 0.72106 0.00619 -0.00002 -0.14923 0.00261
target: 1.77800 0.00000
target: 1.77800 0.00000
fb: 0.16866 -0.00980 1.00000 1.00000
fb: 0.32796 -0.00462 1.00000 1.00000
dist/lin/ang/drive_left/drive_right/tv_l/tv_r/av_l/av_r/x/y/theta/t_err: 0.60288 1.77800 0.00000 0.33258 0.32335 0.66625 0.72825 0.66625 0.72825 0.26442 -0.00087 -0.22035 0.00388
target: 1.77800 0.00000
target: 1.77800 0.00000
fb: 0.38019 0.01364 1.00000 1.00000
fb: 0.44409 0.01754 1.00000 1.00000
dist/lin/ang/drive_left/drive_right/tv_l/tv_r/av_l/av_r/x/y/theta/t_err: 0.59400 1.77800 0.00000 0.42654 0.46163 0.73353 0.71883 0.73353 0.71883 0.61410 -0.00192 -0.10943 0.00199
target: 1.77800 0.00000
target: 1.77800 0.00000
fb: 0.48288 0.02145 1.00000 1.00000
fb: 0.52346 0.02394 1.00000 1.00000
dist/lin/ang/drive_left/drive_right/tv_l/tv_r/av_l/av_r/x/y/theta/t_err: 0.58353 1.77800 0.00000 0.49952 0.54740 0.79497 0.73389 0.79497 0.73389 1.02627 -0.00203 0.07731 -0.00126
target: 1.77800 0.00000
target: 1.77800 0.00000
fb: 0.55831 0.02422 1.00000 1.00000
fb: 0.56030 0.02117 1.00000 1.00000
dist/lin/ang/drive_left/drive_right/tv_l/tv_r/av_l/av_r/x/y/theta/t_err: 0.57233 1.76839 0.00000 0.53913 0.58147 0.82561 0.75853 0.82561 0.75853 1.46745 -0.00065 0.27443 -0.00476
target: 1.76839 0.00000
target: 1.76839 0.00000
fb: 0.63204 0.01804 1.00000 1.00000
fb: 0.67464 0.01811 1.00000 1.00000
dist/lin/ang/drive_left/drive_right/tv_l/tv_r/av_l/av_r/x/y/theta/t_err: 0.55883 1.74694 0.00000 0.65653 0.69275 0.82525 0.78556 0.82525 0.78556 1.99865 0.00260 0.42986 -0.00762
target: 1.74694 0.00000
target: 1.74694 0.00000
fb: 0.65545 0.01627 1.00000 1.00000
fb: 0.77573 0.01321 1.00000 1.00000
dist/lin/ang/drive_left/drive_right/tv_l/tv_r/av_l/av_r/x/y/theta/t_err: 0.54332 1.72195 0.00000 0.76252 0.78894 0.82972 0.81192 0.82972 0.81192 2.60944 0.00792 0.55447 -0.01005
target: 1.72195 0.00000
target: 1.72195 0.00000
fb: 0.82606 0.00923 1.00000 1.00000
fb: 0.84155 0.00064 1.00000 1.00000
dist/lin/ang/drive_left/drive_right/tv_l/tv_r/av_l/av_r/x/y/theta/t_err: 0.52649 1.69442 0.00000 0.84091 0.84219 0.84542 0.83878 0.84542 0.83878 3.27204 0.01471 0.60124 -0.01120
target: 1.69442 0.00000
target: 1.69442 0.00000
fb: 1.01043 -0.01044 1.00000 1.00000
fb: 1.05330 -0.01747 1.00000 1.00000
dist/lin/ang/drive_left/drive_right/tv_l/tv_r/av_l/av_r/x/y/theta/t_err: 0.50543 1.65932 0.00000 1.07078 1.03583 0.84956 0.85144 0.84956 0.85144 4.10138 0.02276 0.49118 -0.00972
target: 1.65932 0.00000
target: 1.65932 0.00000
fb: 1.06105 -0.01484 0.98448 1.00000
fb: 1.08621 -0.01676 0.97190 0.98850
dist/lin/ang/drive_left/drive_right/tv_l/tv_r/av_l/av_r/x/y/theta/t_err: 0.48370 1.62233 0.00000 1.10297 1.06944 0.78814 0.87592 0.78814 0.87592 4.95663 0.02909 0.35530 -0.00773
target: 1.62233 0.00000
target: 1.62233 0.00000
fb: 1.15792 -0.01619 0.89202 0.90824
fb: 1.12478 -0.00142 0.90859 0.92481
dist/lin/ang/drive_left/drive_right/tv_l/tv_r/av_l/av_r/x/y/theta/t_err: 0.46121 1.58312 0.00000 1.12621 1.12336 0.71250 0.59117 0.71250 0.59117 5.84228 0.03371 0.26031 -0.00640
target: 1.58312 0.00000
target: 1.58312 0.00000
fb: 1.13068 -0.00085 0.85798 0.87381
fb: 1.17923 -0.00859 0.83371 0.84954
dist/lin/ang/drive_left/drive_right/tv_l/tv_r/av_l/av_r/x/y/theta/t_err: 0.43762 1.54093 0.00000 1.18783 1.17064 0.64456 0.63600 0.64456 0.63600 6.77080 0.03780 0.22959 -0.00620
target: 1.54093 0.00000
target: 1.54093 0.00000
fb: 1.16938 -0.02060 0.78477 0.80018
fb: 1.19878 -0.01889 0.77007 0.78548
dist/lin/ang/drive_left/drive_right/tv_l/tv_r/av_l/av_r/x/y/theta/t_err: 0.41365 1.49683 0.00000 1.21767 1.17988 0.70858 0.68136 0.70858 0.68136 7.71471 0.04018 0.05350 -0.00340
target: 1.49683 0.00000
target: 1.49683 0.00000
fb: 1.21423 -0.02230 0.71138 0.72634
fb: 1.23543 -0.02529 0.70078 0.71574
dist/lin/ang/drive_left/drive_right/tv_l/tv_r/av_l/av_r/x/y/theta/t_err: 0.38894 1.44997 0.00000 1.26072 1.21015 0.71917 0.72822 0.71917 0.72822 8.68749 0.03942 -0.15223 0.00008
target: 1.44997 0.00000
target: 1.44997 0.00000
fb: 1.28422 -0.02855 0.61902 0.63352
fb: 1.35595 -0.03040 0.58315 0.59765
dist/lin/ang/drive_left/drive_right/tv_l/tv_r/av_l/av_r/x/y/theta/t_err: 0.36182 1.39674 0.00000 1.38635 1.32555 0.67944 0.68028 0.67944 0.68028 9.75516 0.03435 -0.39901 0.00455
target: 1.39674 0.00000
target: 1.39674 0.00000
fb: 1.30540 -0.02181 0.52862 0.54259
fb: 1.34992 -0.01520 0.50636 0.52033
dist/lin/ang/drive_left/drive_right/tv_l/tv_r/av_l/av_r/x/y/theta/t_err: 0.33482 1.34165 0.00000 1.36512 1.33472 0.58244 0.58606 0.58244 0.58606 10.81805 0.02523 -0.56304 0.00791
target: 1.34165 0.00000
target: 1.34165 0.00000
fb: 1.36533 -0.01406 0.43740 0.45082
fb: 1.23360 -0.01641 0.50327 0.51668
dist/lin/ang/drive_left/drive_right/tv_l/tv_r/av_l/av_r/x/y/theta/t_err: 0.31015 1.28925 0.00000 1.25001 1.21719 0.50989 0.50733 0.50989 0.50733 11.78933 0.01467 -0.69084 0.01086
target: 1.28925 0.00000
target: 1.28925 0.00000
fb: 1.20272 -0.01570 0.48052 0.49341
fb: 1.18109 -0.01378 0.49133 0.50422
dist/lin/ang/drive_left/drive_right/tv_l/tv_r/av_l/av_r/x/y/theta/t_err: 0.28653 1.23700 0.00000 1.19487 1.16731 0.48919 0.49828 0.48919 0.49828 12.71924 0.00239 -0.82317 0.01416
target: 1.23700 0.00000
target: 1.23700 0.00000
fb: 1.21793 -0.01406 0.42345 0.43582
fb: 1.33069 -0.01527 0.36707 0.37944
dist/lin/ang/drive_left/drive_right/tv_l/tv_r/av_l/av_r/x/y/theta/t_err: 0.25992 1.17536 0.00000 1.34596 1.31542 0.48200 0.47603 0.48200 0.47603 13.76690 -0.01382 -0.94883 0.01791
target: 1.17536 0.00000
target: 1.17536 0.00000
fb: 1.30531 -0.01428 0.27831 0.29006
fb: 1.30133 -0.01179 0.28030 0.29205
dist/lin/ang/drive_left/drive_right/tv_l/tv_r/av_l/av_r/x/y/theta/t_err: 0.23390 1.11178 0.00000 1.31312 1.28954 0.40808 0.39836 0.40808 0.39836 14.79140 -0.03186 -1.06294 0.02201
target: 1.11178 0.00000
target: 1.11178 0.00000
fb: 1.30921 0.00575 0.20661 0.21773
fb: 1.24312 0.01932 0.23966 0.25078
dist/lin/ang/drive_left/drive_right/tv_l/tv_r/av_l/av_r/x/y/theta/t_err: 0.20904 1.04746 0.00000 1.22380 1.26244 0.36153 0.32767 0.36153 0.32767 15.77008 -0.04959 -0.97394 0.02302
target: 1.04746 0.00000
target: 1.04746 0.00000
fb: 1.20225 0.01108 0.19497 0.20545
fb: 1.12286 0.00462 0.23467 0.24514
dist/lin/ang/drive_left/drive_right/tv_l/tv_r/av_l/av_r/x/y/theta/t_err: 0.18659 0.98576 0.00000 1.11824 1.12748 0.29703 0.29517 0.29703 0.29517 16.65410 -0.06384 -0.88857 0.02420
target: 0.98576 0.00000
target: 0.98576 0.00000
fb: 1.03375 0.00504 0.23179 0.24164
fb: 1.08982 -0.00071 0.20375 0.21361
dist/lin/ang/drive_left/drive_right/tv_l/tv_r/av_l/av_r/x/y/theta/t_err: 0.16480 0.92193 0.00000 1.09053 1.08910 0.25836 0.27517 0.25836 0.27517 17.51213 -0.07689 -0.86456 0.02694
target: 0.92193 0.00000
target: 0.92193 0.00000
fb: 1.06667 -0.00256 0.14450 0.15372
fb: 0.98150 0.00206 0.18709 0.19631
dist/lin/ang/drive_left/drive_right/tv_l/tv_r/av_l/av_r/x/y/theta/t_err: 0.14511 0.86019 0.00000 0.97944 0.98356 0.23597 0.23339 0.23597 0.23339 18.28487 -0.08863 -0.86912 0.02702
target: 0.86019 0.00000
target: 0.86019 0.00000
fb: 0.96181 0.01222 0.14705 0.15565
fb: 0.89376 0.02500 0.18107 0.18967
dist/lin/ang/drive_left/drive_right/tv_l/tv_r/av_l/av_r/x/y/theta/t_err: 0.12725 0.80006 0.00000 0.86876 0.91877 0.21267 0.20839 0.21267 0.20839 18.98855 -0.09864 -0.72607 0.02452
target: 0.80006 0.00000
target: 0.80006 0.00000
fb: 0.86481 0.01904 0.14508 0.15308
fb: 0.81651 0.01676 0.16923 0.17723
dist/lin/ang/drive_left/drive_right/tv_l/tv_r/av_l/av_r/x/y/theta/t_err: 0.11093 0.74089 0.00000 0.79974 0.83327 0.19422 0.19678 0.19422 0.19678 19.63143 -0.10582 -0.55372 0.02151
target: 0.74089 0.00000
target: 0.74089 0.00000
fb: 0.77374 0.00923 0.13809 0.14550
fb: 0.75040 0.00298 0.14976 0.15717
dist/lin/ang/drive_left/drive_right/tv_l/tv_r/av_l/av_r/x/y/theta/t_err: 0.09593 0.68196 0.00000 0.74741 0.75338 0.17489 0.17794 0.17489 0.17794 20.22227 -0.11109 -0.47919 0.02021
target: 0.68196 0.00000
target: 0.68196 0.00000
fb: 0.68071 -0.00092 0.12918 0.13600
fb: 0.65558 -0.00213 0.14174 0.14856
dist/lin/ang/drive_left/drive_right/tv_l/tv_r/av_l/av_r/x/y/theta/t_err: 0.08282 0.62594 0.00000 0.65771 0.65345 0.15500 0.16906 0.15500 0.16906 20.73846 -0.11540 -0.48434 0.02030
target: 0.62594 0.00000
target: 0.62594 0.00000
fb: 0.63021 0.00000 0.11371 0.11997
fb: 0.57393 0.00000 0.14185 0.14811
dist/lin/ang/drive_left/drive_right/tv_l/tv_r/av_l/av_r/x/y/theta/t_err: 0.07134 0.57242 0.00000 0.57393 0.57393 0.14853 0.15022 0.14853 0.15022 21.19036 -0.11921 -0.48086 0.02024
target: 0.57242 0.00000
target: 0.57242 0.00000
fb: 0.54878 0.00000 0.11427 0.12000
fb: 0.51016 0.00000 0.13359 0.13931
dist/lin/ang/drive_left/drive_right/tv_l/tv_r/av_l/av_r/x/y/theta/t_err: 0.06113 0.52024 0.00000 0.51016 0.51016 0.14647 0.14286 0.14647 0.14286 21.59204 -0.12256 -0.47252 0.02010
target: 0.52024 0.00000
target: 0.52024 0.00000
fb: 0.48677 -0.00078 0.10125 0.10645
fb: 0.51193 -0.00149 0.08867 0.09387
dist/lin/ang/drive_left/drive_right/tv_l/tv_r/av_l/av_r/x/y/theta/t_err: 0.05090 0.46199 0.00000 0.51343 0.51044 0.13756 0.13983 0.13756 0.13983 21.99512 -0.12590 -0.47780 0.02019
target: 0.46199 0.00000
target: 0.46199 0.00000
fb: 0.45391 -0.00241 0.15234 0.15234
fb: 0.41883 -0.00440 0.16988 0.16988
dist/lin/ang/drive_left/drive_right/tv_l/tv_r/av_l/av_r/x/y/theta/t_err: 0.04252 0.40819 0.00000 0.42324 0.41443 0.12419 0.12886 0.12419 0.12886 22.32490 -0.12870 -0.50079 0.02059
target: 0.40819 0.00000
target: 0.40819 0.00000
fb: 0.42479 -0.00241 0.12737 0.12737
fb: 0.38992 -0.00085 0.14481 0.14481
dist/lin/ang/drive_left/drive_right/tv_l/tv_r/av_l/av_r/x/y/theta/t_err: 0.03472 0.35077 0.00000 0.39077 0.38906 0.15417 0.15483 0.15417 0.15483 22.63191 -0.13143 -0.51368 0.02082
target: 0.35077 0.00000
target: 0.35077 0.00000
fb: 0.38395 -0.00114 0.08887 0.08887
fb: 0.38197 -0.00298 0.08986 0.08986
dist/lin/ang/drive_left/drive_right/tv_l/tv_r/av_l/av_r/x/y/theta/t_err: 0.02708 0.28345 0.00000 0.38495 0.37899 0.13311 0.13039 0.13311 0.13039 22.93266 -0.13414 -0.52297 0.02098
target: 0.28345 0.00000
target: 0.28345 0.00000
fb: 0.35683 -0.00519 -0.13794 -0.13794
fb: 0.36081 -0.00497 -0.13993 -0.13993
dist/lin/ang/drive_left/drive_right/tv_l/tv_r/av_l/av_r/x/y/theta/t_err: 0.01986 0.00716 0.00000 0.36578 0.35584 0.04722 0.04192 0.04722 0.04192 23.21675 -0.13683 -0.56204 0.02166
target: 0.00716 0.00000
target: 0.00716 0.00000
fb: 0.32970 -0.00433 -0.79099 -0.79099
fb: 0.27165 -0.00227 -0.76197 -0.76197
dist/lin/ang/drive_left/drive_right/tv_l/tv_r/av_l/av_r/x/y/theta/t_err: 0.01442 0.00172 0.00000 0.27393 0.26938 -0.18822 -0.13825 -0.18822 -0.13825 23.43064 -0.13898 -0.58758 0.02211
target: 0.00172 0.00000
target: 0.00172 0.00000
fb: 0.20964 -0.00405 -0.19414 -0.19414
fb: 0.12403 -0.00419 -0.09018 -0.09018
dist/lin/ang/drive_left/drive_right/tv_l/tv_r/av_l/av_r/x/y/theta/t_err: 0.01194 0.00000 0.00000 0.12823 0.11984 -0.24211 -0.30508 -0.24211 -0.30508 23.52830 -0.14000 -0.61471 0.02258
target: 0.00000 0.00000
target: 0.00000 0.00000
fb: 0.05629 -0.00355 -0.08345 -0.08345
fb: 0.01944 -0.00632 -0.08345 -0.08345
dist/lin/ang/drive_left/drive_right/tv_l/tv_r/av_l/av_r/x/y/theta/t_err: 0.01155 0.00000 0.00000 0.02577 0.01312 -0.10883 -0.11789 -0.10883 -0.11789 23.54361 -0.14017 -0.64486 0.02311
target: 0.00000 0.00000
target: 0.00000 0.00000
fb: 0.00776 -0.00497 0.00000 0.00000
fb: 0.00401 -0.00788 0.00000 0.00000
dist/lin/ang/drive_left/drive_right/tv_l/tv_r/av_l/av_r/x/y/theta/t_err: 0.01147 0.00000 0.00000 0.01190 -0.00387 -0.06025 -0.05697 -0.06025 -0.05697 23.54677 -0.14021 -0.69345 0.02395
target: 0.00000 0.00000
target: 0.00000 0.00000
fb: 0.00381 -0.00945 0.00000 0.00000
fb: 0.00382 -0.00689 0.00000 0.00000
dist/lin/ang/drive_left/drive_right/tv_l/tv_r/av_l/av_r/x/y/theta/t_err: 0.01139 0.00000 0.00000 0.01071 -0.00307 -0.00342 -0.00375 -0.00342 -0.00375 23.54978 -0.14024 -0.76904 0.02527
target: 0.00000 0.00000
target: 0.00000 0.00000
fb: 0.00005 -0.00206 0.00000 0.00000
fb: 0.00399 0.00085 0.00000 0.00000
dist/lin/ang/drive_left/drive_right/tv_l/tv_r/av_l/av_r/x/y/theta/t_err: 0.01131 0.00000 0.00000 0.00314 0.00484 0.00017 -0.00000 0.00017 -0.00000 23.55292 -0.14029 -0.78675 0.02558
target: 0.00000 0.00000
target: 0.00000 0.00000
fb: 0.00773 -0.00149 0.00000 0.00000
fb: 0.00378 -0.00987 0.00000 0.00000
dist/lin/ang/drive_left/drive_right/tv_l/tv_r/av_l/av_r/x/y/theta/t_err: 0.01123 0.00000 0.00000 0.01366 -0.00609 -0.00050 -0.00033 -0.00050 -0.00033 23.55590 -0.14033 -0.82390 0.02623
target: 0.00000 0.00000
target: 0.00000 0.00000
fb: -0.00367 -0.01541 0.00000 0.00000
fb: -0.07735 -0.00959 0.00000 0.00000
dist/lin/ang/drive_left/drive_right/tv_l/tv_r/av_l/av_r/x/y/theta/t_err: 0.01277 0.00007 0.00000 -0.06776 -0.08694 0.00000 -0.00033 0.00000 -0.00033 23.49500 -0.13936 -0.93676 0.02820
target: 0.00007 0.00000
target: 0.00007 0.00000
fb: -0.13190 0.00000 0.08016 0.08016
fb: -0.09311 0.00000 0.08016 0.08016
dist/lin/ang/drive_left/drive_right/tv_l/tv_r/av_l/av_r/x/y/theta/t_err: 0.01463 0.00193 0.00000 -0.09311 -0.09311 0.02208 0.02431 0.02208 0.02431 23.42170 -0.13815 -0.94920 0.02842
target: 0.00193 0.00000
target: 0.00193 0.00000
fb: -0.05428 -0.00178 0.08449 0.08449
fb: -0.03881 -0.00497 0.08449 0.08449
dist/lin/ang/drive_left/drive_right/tv_l/tv_r/av_l/av_r/x/y/theta/t_err: 0.01540 0.00270 0.00000 -0.03384 -0.04378 0.07683 0.07600 0.07683 0.07600 23.39114 -0.13764 -0.97644 0.02889
target: 0.00270 0.00000
target: 0.00270 0.00000
fb: -0.03483 -0.00142 0.08263 0.08263
fb: -0.01942 0.00611 0.08263 0.08263
dist/lin/ang/drive_left/drive_right/tv_l/tv_r/av_l/av_r/x/y/theta/t_err: 0.01579 0.00309 0.00000 -0.02553 -0.01331 0.07803 0.07717 0.07803 0.07717 23.37585 -0.13738 -0.97339 0.02884
target: 0.00309 0.00000
target: 0.00309 0.00000
fb: -0.00401 0.00682 0.08201 0.08201
fb: -0.00378 -0.00064 0.08201 0.08201
dist/lin/ang/drive_left/drive_right/tv_l/tv_r/av_l/av_r/x/y/theta/t_err: 0.01587 0.00317 0.00000 -0.00314 -0.00442 0.07786 0.07717 0.07786 0.07717 23.37288 -0.13733 -0.94085 0.02827
target: 0.00317 0.00000
target: 0.00317 0.00000
fb: -0.00374 -0.00412 0.08142 0.08142
fb: 0.00003 -0.00256 0.08142 0.08142
dist/lin/ang/drive_left/drive_right/tv_l/tv_r/av_l/av_r/x/y/theta/t_err: 0.01587 0.00317 0.00000 0.00259 -0.00253 0.07836 0.07783 0.07836 0.07783 23.37290 -0.13733 -0.97424 0.02885
target: 0.00317 0.00000
target: 0.00317 0.00000
fb: 0.00002 -0.00135 0.08126 0.08126
fb: 0.00002 -0.00199 0.08126 0.08126
final error: 0.64195, x: 0.62709, y: 0.13733
final local error: 0.64195, forwards: 0.62461, sideways: 0.14819
position: 23.37291 -0.13733 -0.99409
took 1.04000 time to finish turn
dist/lin/ang/drive_left/drive_right/tv_l/tv_r/av_l/av_r/x/y/theta/t_err: -0.59923 -1.77800 0.00000 -0.00000 -0.00000 0.00000 -0.00017 0.00000 -0.00017 23.59128 -0.14095 179.01508 0.01122
target: -1.77800 0.00000
target: -1.77800 0.00000
fb: 0.00000 0.00000 -1.00000 -1.00000
fb: 0.00000 0.00000 -1.00000 -1.00000
dist/lin/ang/drive_left/drive_right/tv_l/tv_r/av_l/av_r/x/y/theta/t_err: -0.59923 -1.77800 0.00000 0.00000 0.00000 -0.12319 -0.10047 -0.12319 -0.10047 23.59128 -0.14095 179.01317 0.01125
target: -1.77800 0.00000
target: -1.77800 0.00000
fb: 0.00000 -0.00057 -1.00000 -1.00000
fb: 0.00377 -0.00561 -1.00000 -1.00000
dist/lin/ang/drive_left/drive_right/tv_l/tv_r/av_l/av_r/x/y/theta/t_err: -0.59930 -1.77800 0.00000 0.00938 -0.00184 -0.54942 -0.51964 -0.54942 -0.51964 23.59424 -0.14100 178.99554 0.01156
target: -1.77800 0.00000
target: -1.77800 0.00000
fb: 0.00777 -0.00930 -1.00000 -1.00000
fb: -0.03680 -0.00590 -1.00000 -1.00000
dist/lin/ang/drive_left/drive_right/tv_l/tv_r/av_l/av_r/x/y/theta/t_err: -0.59857 -1.77800 0.00000 -0.03090 -0.04269 -0.69250 -0.59117 -0.69250 -0.59117 23.56528 -0.14047 178.93444 0.01264
target: -1.77800 0.00000
target: -1.77800 0.00000
fb: -0.17274 -0.00213 -1.00000 -1.00000
fb: -0.27738 0.00646 -1.00000 -1.00000
dist/lin/ang/drive_left/drive_right/tv_l/tv_r/av_l/av_r/x/y/theta/t_err: -0.59302 -1.77800 0.00000 -0.28384 -0.27091 -0.67314 -0.60589 -0.67314 -0.60589 23.34691 -0.13639 178.94205 0.01262
target: -1.77800 0.00000
target: -1.77800 0.00000
fb: -0.32378 0.01619 -1.00000 -1.00000
fb: -0.40151 0.01882 -1.00000 -1.00000
dist/lin/ang/drive_left/drive_right/tv_l/tv_r/av_l/av_r/x/y/theta/t_err: -0.58499 -1.77800 0.00000 -0.42033 -0.38269 -0.70978 -0.69469 -0.70978 -0.69469 23.03080 -0.13096 179.08876 0.01022
target: -1.77800 0.00000
target: -1.77800 0.00000
fb: -0.44830 0.01733 -1.00000 -1.00000
fb: -0.48891 0.02039 -1.00000 -1.00000
dist/lin/ang/drive_left/drive_right/tv_l/tv_r/av_l/av_r/x/y/theta/t_err: -0.57521 -1.77294 0.00000 -0.50930 -0.46853 -0.73117 -0.77650 -0.73117 -0.77650 22.64587 -0.12542 179.25977 0.00738
target: -1.77294 0.00000
target: -1.77294 0.00000
fb: -0.52380 0.02379 -1.00000 -1.00000
fb: -0.63038 0.02159 -1.00000 -1.00000
dist/lin/ang/drive_left/drive_right/tv_l/tv_r/av_l/av_r/x/y/theta/t_err: -0.56261 -1.75296 0.00000 -0.65198 -0.60879 -0.73369 -0.76708 -0.73369 -0.76708 22.14954 -0.11996 179.46272 0.00396
target: -1.75296 0.00000
target: -1.75296 0.00000
fb: -0.74091 0.01399 -1.00000 -1.00000
fb: -0.71570 0.00817 -1.00000 -1.00000
dist/lin/ang/drive_left/drive_right/tv_l/tv_r/av_l/av_r/x/y/theta/t_err: -0.54829 -1.73000 0.00000 -0.72387 -0.70753 -0.77700 -0.77975 -0.77700 -0.77975 21.58602 -0.11530 179.57834 0.00202
target: -1.73000 0.00000
target: -1.73000 0.00000
fb: -0.74876 0.00469 -1.00000 -1.00000
fb: -0.82640 0.00369 -1.00000 -1.00000
dist/lin/ang/drive_left/drive_right/tv_l/tv_r/av_l/av_r/x/y/theta/t_err: -0.53176 -1.70310 0.00000 -0.83010 -0.82271 -0.79875 -0.78867 -0.79875 -0.78867 20.93532 -0.11075 179.61845 0.00137
target: -1.70310 0.00000
target: -1.70310 0.00000
fb: -0.83965 0.00582 -1.00000 -1.00000
fb: -0.88623 0.00930 -1.00000 -1.00000
dist/lin/ang/drive_left/drive_right/tv_l/tv_r/av_l/av_r/x/y/theta/t_err: -0.51404 -1.67376 0.00000 -0.89553 -0.87692 -0.82117 -0.82508 -0.82117 -0.82508 20.23752 -0.10648 179.68375 0.00026
target: -1.67376 0.00000
target: -1.67376 0.00000
fb: -0.92334 0.02010 -1.00000 -1.00000
fb: -0.94081 0.01726 -1.00000 -1.00000
dist/lin/ang/drive_left/drive_right/tv_l/tv_r/av_l/av_r/x/y/theta/t_err: -0.49522 -1.64205 0.00000 -0.95807 -0.92355 -0.82950 -0.83397 -0.82950 -0.83397 19.49673 -0.10336 179.83791 -0.00247
target: -1.64205 0.00000
target: -1.64205 0.00000
fb: -1.03963 0.00519 -0.99386 -1.00000
fb: -1.11526 0.00313 -0.95605 -0.97247
dist/lin/ang/drive_left/drive_right/tv_l/tv_r/av_l/av_r/x/y/theta/t_err: -0.47292 -1.60365 0.00000 -1.11838 -1.11213 -0.72789 -0.88222 -0.72789 -0.88222 18.61858 -0.10136 179.89127 -0.00355
target: -1.60365 0.00000
target: -1.60365 0.00000
fb: -1.15387 0.00668 -0.86976 -0.88580
fb: -1.21412 0.00575 -0.83964 -0.85567
dist/lin/ang/drive_left/drive_right/tv_l/tv_r/av_l/av_r/x/y/theta/t_err: -0.44864 -1.56077 0.00000 -1.21988 -1.20837 -0.68272 -0.65072 -0.68272 -0.65072 17.66257 -0.10006 179.95258 -0.00484
target: -1.56077 0.00000
target: -1.56077 0.00000
fb: -1.18500 0.00845 -0.79289 -0.80849
fb: -1.11306 0.00739 -0.82885 -0.84446
dist/lin/ang/drive_left/drive_right/tv_l/tv_r/av_l/av_r/x/y/theta/t_err: -0.42638 -1.52040 0.00000 -1.12045 -1.10568 -0.67706 -0.69711 -0.67706 -0.69711 16.78615 -0.09982 180.01808 -0.00626
target: -1.52040 0.00000
target: -1.52040 0.00000
fb: -1.19097 0.01144 -0.76242 -0.77763
fb: -1.23953 0.01314 -0.73814 -0.75335
dist/lin/ang/drive_left/drive_right/tv_l/tv_r/av_l/av_r/x/y/theta/t_err: -0.40159 -1.47414 0.00000 -1.25267 -1.22639 -0.70239 -0.71544 -0.70239 -0.71544 15.81014 -0.10098 180.12023 -0.00849
target: -1.47414 0.00000
target: -1.47414 0.00000
fb: -1.26073 0.01364 -0.65664 -0.67139
fb: -1.29559 0.01399 -0.63921 -0.65395
dist/lin/ang/drive_left/drive_right/tv_l/tv_r/av_l/av_r/x/y/theta/t_err: -0.37568 -1.42419 0.00000 -1.30959 -1.28160 -0.67672 -0.70156 -0.67672 -0.70156 14.78999 -0.10416 180.23697 -0.01118
target: -1.42419 0.00000
target: -1.42419 0.00000
fb: -1.22565 0.01399 -0.60959 -0.62383
fb: -1.20050 0.01399 -0.62217 -0.63641
dist/lin/ang/drive_left/drive_right/tv_l/tv_r/av_l/av_r/x/y/theta/t_err: -0.35167 -1.37628 0.00000 -1.21449 -1.18650 -0.62264 -0.64425 -0.62264 -0.64425 13.84473 -0.10912 180.36024 -0.01417
target: -1.37628 0.00000
target: -1.37628 0.00000
fb: -1.25499 0.01016 -0.55816 -0.57193
fb: -1.30728 0.01371 -0.53202 -0.54578
dist/lin/ang/drive_left/drive_right/tv_l/tv_r/av_l/av_r/x/y/theta/t_err: -0.32552 -1.32214 0.00000 -1.32099 -1.29357 -0.59822 -0.61394 -0.59822 -0.61394 12.81540 -0.11649 180.46259 -0.01716
target: -1.32214 0.00000
target: -1.32214 0.00000
fb: -1.24704 0.01151 -0.48213 -0.49535
fb: -1.28587 0.01193 -0.46271 -0.47593
dist/lin/ang/drive_left/drive_right/tv_l/tv_r/av_l/av_r/x/y/theta/t_err: -0.29981 -1.26664 0.00000 -1.29780 -1.27393 -0.53319 -0.54447 -0.53319 -0.54447 11.80295 -0.12553 180.55668 -0.02035
target: -1.26664 0.00000
target: -1.26664 0.00000
fb: -1.34037 0.01307 -0.37603 -0.38870
fb: -1.32273 0.01563 -0.38485 -0.39752
dist/lin/ang/drive_left/drive_right/tv_l/tv_r/av_l/av_r/x/y/theta/t_err: -0.27336 -1.20689 0.00000 -1.33836 -1.30711 -0.47056 -0.47842 -0.47056 -0.47842 10.76149 -0.13664 180.67003 -0.02439
target: -1.20689 0.00000
target: -1.20689 0.00000
fb: -1.20447 0.01577 -0.36751 -0.37958
fb: -1.18902 0.01264 -0.37524 -0.38731
dist/lin/ang/drive_left/drive_right/tv_l/tv_r/av_l/av_r/x/y/theta/t_err: -0.24959 -1.15054 0.00000 -1.20166 -1.17637 -0.39953 -0.41017 -0.39953 -0.41017 9.82533 -0.14862 180.78618 -0.02885
target: -1.15054 0.00000
target: -1.15054 0.00000
fb: -1.26447 0.01058 -0.29872 -0.31023
fb: -1.22957 0.00163 -0.31617 -0.32768
dist/lin/ang/drive_left/drive_right/tv_l/tv_r/av_l/av_r/x/y/theta/t_err: -0.22501 -1.08922 0.00000 -1.23120 -1.22794 -0.37575 -0.38156 -0.37575 -0.38156 8.85727 -0.16258 180.85056 -0.03320
target: -1.08922 0.00000
target: -1.08922 0.00000
fb: -1.27409 -0.00398 -0.21265 -0.22354
fb: -1.18691 0.00000 -0.25624 -0.26713
dist/lin/ang/drive_left/drive_right/tv_l/tv_r/av_l/av_r/x/y/theta/t_err: -0.20129 -1.02656 0.00000 -1.18691 -1.18691 -0.35675 -0.35811 -0.35675 -0.35811 7.92279 -0.17624 180.82790 -0.03669
target: -1.02656 0.00000
target: -1.02656 0.00000
fb: -1.11322 0.00000 -0.22694 -0.23720
fb: -1.11719 -0.00582 -0.22495 -0.23522
dist/lin/ang/drive_left/drive_right/tv_l/tv_r/av_l/av_r/x/y/theta/t_err: -0.17896 -0.96388 0.00000 -1.11137 -1.12301 -0.29925 -0.31108 -0.29925 -0.31108 7.04321 -0.18895 180.81787 -0.04109
target: -0.96388 0.00000
target: -0.96388 0.00000
fb: -1.05512 -0.01811 -0.19571 -0.20534
fb: -1.01224 -0.02088 -0.21714 -0.22678
dist/lin/ang/drive_left/drive_right/tv_l/tv_r/av_l/av_r/x/y/theta/t_err: -0.15874 -0.90335 -0.00000 -0.99136 -1.03312 -0.26572 -0.28025 -0.26572 -0.28025 6.24624 -0.19928 180.65472 -0.04332
target: -0.90335 0.00000
target: -0.90335 0.00000
fb: -1.03739 -0.01598 -0.15613 -0.16516
fb: -0.94803 -0.02060 -0.20081 -0.20984
dist/lin/ang/drive_left/drive_right/tv_l/tv_r/av_l/av_r/x/y/theta/t_err: -0.13964 -0.84224 0.00000 -0.92743 -0.96863 -0.23100 -0.24572 -0.23100 -0.24572 5.49979 -0.20688 180.49692 -0.04057
target: -0.84224 0.00000
target: -0.84224 0.00000
fb: -0.89968 -0.02458 -0.16369 -0.17211
fb: -0.93474 -0.02507 -0.14616 -0.15458
dist/lin/ang/drive_left/drive_right/tv_l/tv_r/av_l/av_r/x/y/theta/t_err: -0.12097 -0.77783 0.00000 -0.90967 -0.95982 -0.21217 -0.22125 -0.21217 -0.22125 4.76379 -0.21193 180.28284 -0.03683
target: -0.77783 0.00000
target: -0.77783 0.00000
fb: -0.82396 -0.02820 -0.12493 -0.13271
fb: -0.78135 -0.03040 -0.14623 -0.15401
dist/lin/ang/drive_left/drive_right/tv_l/tv_r/av_l/av_r/x/y/theta/t_err: -0.10537 -0.71961 0.00000 -0.75095 -0.81176 -0.17694 -0.18464 -0.17694 -0.18464 4.14856 -0.21363 180.03417 -0.03249
target: -0.71961 0.00000
target: -0.71961 0.00000
fb: -0.76390 -0.03282 -0.12687 -0.13407
fb: -0.69991 -0.02877 -0.15887 -0.16606
dist/lin/ang/drive_left/drive_right/tv_l/tv_r/av_l/av_r/x/y/theta/t_err: -0.09140 -0.66314 0.00000 -0.67114 -0.72868 -0.15625 -0.17214 -0.15625 -0.17214 3.59744 -0.21264 179.76301 -0.02776
target: -0.66314 0.00000
target: -0.66314 0.00000
fb: -0.69795 -0.02642 -0.11353 -0.12016
fb: -0.65338 -0.02820 -0.13581 -0.14244
dist/lin/ang/drive_left/drive_right/tv_l/tv_r/av_l/av_r/x/y/theta/t_err: -0.07835 -0.60568 0.00000 -0.62518 -0.68158 -0.15519 -0.16169 -0.15519 -0.16169 3.08298 -0.20949 179.52522 -0.02361
target: -0.60568 0.00000
target: -0.60568 0.00000
fb: -0.59909 -0.03012 -0.10333 -0.10938
fb: -0.55826 -0.02976 -0.12374 -0.12980
dist/lin/ang/drive_left/drive_right/tv_l/tv_r/av_l/av_r/x/y/theta/t_err: -0.06720 -0.55188 0.00000 -0.52850 -0.58802 -0.14100 -0.14439 -0.14100 -0.14439 2.64343 -0.20489 179.26537 -0.01907
target: -0.55188 0.00000
target: -0.55188 0.00000
fb: -0.52914 -0.02749 -0.10313 -0.10865
fb: -0.54659 -0.02337 -0.09441 -0.09993
dist/lin/ang/drive_left/drive_right/tv_l/tv_r/av_l/av_r/x/y/theta/t_err: -0.05629 -0.49354 0.00000 -0.52322 -0.56996 -0.13036 -0.13467 -0.13036 -0.13467 2.21309 -0.19849 179.03765 -0.01510
target: -0.49354 0.00000
target: -0.49354 0.00000
fb: -0.48483 -0.02166 -0.16508 -0.16508
fb: -0.45572 -0.02046 -0.17964 -0.17964
dist/lin/ang/drive_left/drive_right/tv_l/tv_r/av_l/av_r/x/y/theta/t_err: -0.04719 -0.43900 0.00000 -0.43526 -0.47617 -0.12903 -0.13175 -0.12903 -0.13175 1.85432 -0.19184 178.85000 -0.01182
target: -0.43900 0.00000
target: -0.43900 0.00000
fb: -0.43610 -0.01584 -0.14798 -0.14798
fb: -0.40899 -0.01136 -0.16153 -0.16153
dist/lin/ang/drive_left/drive_right/tv_l/tv_r/av_l/av_r/x/y/theta/t_err: -0.03902 -0.38348 0.00000 -0.39762 -0.42035 -0.16839 -0.16733 -0.16839 -0.16733 1.53236 -0.18496 178.71911 -0.00954
target: -0.38348 0.00000
target: -0.38348 0.00000
fb: -0.42270 -0.00945 -0.10276 -0.10276
fb: -0.37042 -0.00618 -0.12890 -0.12890
dist/lin/ang/drive_left/drive_right/tv_l/tv_r/av_l/av_r/x/y/theta/t_err: -0.03161 -0.32510 0.00000 -0.36424 -0.37660 -0.15572 -0.14389 -0.15572 -0.14389 1.24077 -0.17825 178.64661 -0.00827
target: -0.32510 0.00000
target: -0.32510 0.00000
fb: -0.38215 0.00000 0.09526 0.09526
fb: -0.40911 0.00455 0.10874 0.10874
dist/lin/ang/drive_left/drive_right/tv_l/tv_r/av_l/av_r/x/y/theta/t_err: -0.02343 -0.24488 -0.00000 -0.41365 -0.40456 -0.09839 -0.03969 -0.09839 -0.03969 0.91872 -0.17063 178.65217 -0.00837
target: -0.24488 0.00000
target: -0.24488 0.00000
fb: -0.36655 0.00717 0.20333 0.20333
fb: -0.32795 0.00668 0.18403 0.18403
dist/lin/ang/drive_left/drive_right/tv_l/tv_r/av_l/av_r/x/y/theta/t_err: -0.01687 -0.00417 -0.00000 -0.33463 -0.32127 0.10128 0.11019 0.10128 0.11019 0.66057 -0.16467 178.70730 -0.00933
target: -0.00417 0.00000
target: -0.00417 0.00000
fb: -0.25204 0.00739 0.68369 0.68369
fb: -0.15518 0.00867 0.55975 0.55975
dist/lin/ang/drive_left/drive_right/tv_l/tv_r/av_l/av_r/x/y/theta/t_err: -0.01376 -0.00106 -0.00000 -0.16385 -0.14652 0.21628 0.24828 0.21628 0.24828 0.53841 -0.16197 178.77156 -0.01045
target: -0.00106 0.00000
target: -0.00106 0.00000
fb: -0.07971 0.00341 0.08579 0.08579
fb: -0.02319 0.00085 0.08579 0.08579
dist/lin/ang/drive_left/drive_right/tv_l/tv_r/av_l/av_r/x/y/theta/t_err: -0.01330 -0.00060 -0.00000 -0.02404 -0.02234 0.29994 0.20242 0.29994 0.20242 0.52015 -0.16158 178.79666 -0.01089
target: -0.00060 0.00000
target: -0.00060 0.00000
fb: -0.00376 0.00327 0.08069 0.08069
fb: -0.00002 0.00241 0.08069 0.08069
dist/lin/ang/drive_left/drive_right/tv_l/tv_r/av_l/av_r/x/y/theta/t_err: -0.01329 -0.00059 -0.00000 -0.00244 0.00239 0.09756 0.08661 0.09756 0.08661 0.52013 -0.16158 178.81981 -0.01130
target: -0.00059 0.00000
target: -0.00059 0.00000
fb: -0.00001 -0.00313 -0.08023 -0.08023
fb: 0.00005 -0.01179 -0.08023 -0.08023
dist/lin/ang/drive_left/drive_right/tv_l/tv_r/av_l/av_r/x/y/theta/t_err: -0.01330 -0.00060 0.00000 0.01184 -0.01174 0.03319 0.03097 0.03319 0.03097 0.52017 -0.16159 178.76758 -0.01038
target: -0.00060 0.00000
target: -0.00060 0.00000
fb: 0.00010 -0.01357 -0.08025 -0.08025
fb: -0.00387 -0.01136 -0.08025 -0.08025
dist/lin/ang/drive_left/drive_right/tv_l/tv_r/av_l/av_r/x/y/theta/t_err: -0.01323 -0.00053 0.00000 0.00750 -0.01523 -0.07408 -0.07564 -0.07408 -0.07564 0.51712 -0.16151 178.64944 -0.00832
target: -0.00053 0.00000
target: -0.00053 0.00000
fb: -0.00787 -0.00469 -0.08007 -0.08007
fb: -0.00394 0.00000 -0.08007 -0.08007
dist/lin/ang/drive_left/drive_right/tv_l/tv_r/av_l/av_r/x/y/theta/t_err: -0.01315 -0.00045 0.00000 -0.00394 -0.00394 -0.08297 -0.08350 -0.08297 -0.08350 0.51402 -0.16144 178.61122 -0.00765
target: -0.00045 0.00000
target: -0.00045 0.00000
fb: 0.00000 0.00128 -0.08003 -0.08003
fb: -0.00379 0.01286 -0.08003 -0.08003
dist/lin/ang/drive_left/drive_right/tv_l/tv_r/av_l/av_r/x/y/theta/t_err: -0.01307 -0.00037 -0.00000 -0.01664 0.00907 -0.07958 -0.08300 -0.07958 -0.08300 0.51104 -0.16137 178.65266 -0.00838
target: -0.00037 0.00000
target: -0.00037 0.00000
fb: -0.00389 0.03061 0.08001 0.08001
fb: -0.00023 0.03083 0.08001 0.08001
dist/lin/ang/drive_left/drive_right/tv_l/tv_r/av_l/av_r/x/y/theta/t_err: -0.01305 -0.00035 -0.00000 -0.03105 0.03060 -0.02825 -0.02875 -0.02825 -0.02875 0.51086 -0.16137 178.91035 -0.01288
target: -0.00035 0.00000
target: -0.00035 0.00000
fb: -0.00218 0.01307 -0.08010 -0.08010
fb: -0.00210 0.01357 -0.08010 -0.08010
dist/lin/ang/drive_left/drive_right/tv_l/tv_r/av_l/av_r/x/y/theta/t_err: -0.01300 -0.00030 -0.00000 -0.01567 0.01147 0.02669 0.02894 0.02669 0.02894 0.50921 -0.16134 179.03838 -0.01511
target: -0.00030 0.00000
target: -0.00030 0.00000
fb: -0.00009 0.01108 -0.08002 -0.08002
fb: -0.00007 0.00490 -0.08002 -0.08002
dist/lin/ang/drive_left/drive_right/tv_l/tv_r/av_l/av_r/x/y/theta/t_err: -0.01299 -0.00029 -0.00000 -0.00497 0.00483 -0.07428 -0.07408 -0.07428 -0.07408 0.50915 -0.16133 179.11856 -0.01651
target: -0.00029 0.00000
target: -0.00029 0.00000
fb: -0.00002 -0.00298 -0.08010 -0.08010
fb: 0.00002 -0.00632 -0.08010 -0.08010
dist/lin/ang/drive_left/drive_right/tv_l/tv_r/av_l/av_r/x/y/theta/t_err: -0.01300 -0.00030 0.00000 0.00635 -0.00630 -0.08128 -0.08022 -0.08128 -0.08022 0.50917 -0.16133 179.09084 -0.01603
target: -0.00030 0.00000
target: -0.00030 0.00000
fb: 0.00004 -0.00504 -0.08012 -0.08012
fb: 0.00003 -0.00220 -0.08012 -0.08012
dist/lin/ang/drive_left/drive_right/tv_l/tv_r/av_l/av_r/x/y/theta/t_err: -0.01300 -0.00030 0.00000 0.00223 -0.00217 -0.07836 -0.07869 -0.07836 -0.07869 0.50920 -0.16134 179.05505 -0.01540
target: -0.00030 0.00000
target: -0.00030 0.00000
fb: 0.00001 0.00000 -0.08013 -0.08013
fb: -0.00001 0.00192 -0.08013 -0.08013
dist/lin/ang/drive_left/drive_right/tv_l/tv_r/av_l/av_r/x/y/theta/t_err: -0.01300 -0.00030 -0.00000 -0.00192 0.00191 -0.07956 -0.07817 -0.07956 -0.07817 0.50919 -0.16134 179.06185 -0.01552
target: -0.00030 0.00000
target: -0.00030 0.00000
fb: -0.01944 0.00298 -0.08012 -0.08012
fb: -0.04658 0.00199 -0.08012 -0.08012
dist/lin/ang/drive_left/drive_right/tv_l/tv_r/av_l/av_r/x/y/theta/t_err: -0.01207 0.00000 -0.00000 -0.04857 -0.04459 -0.07869 -0.07906 -0.07869 -0.07906 0.47252 -0.16074 179.08649 -0.01595
target: 0.00000 0.00000
target: 0.00000 0.00000
fb: -0.05231 0.00000 0.08060 0.08060
fb: -0.05429 0.00107 0.08060 0.08060
start is 0.00000 0.00000
dist/lin/ang/drive_left/drive_right/tv_l/tv_r/av_l/av_r/x/y/theta/t_err: 0.60960 1.77800 0.00000 0.00000 0.00000 -0.00017 0.00000 -0.00017 0.00000 0.00000 -0.00000 -0.00004 0.00000
target: 1.77800 0.00000
target: 1.77800 0.00000
fb: 0.00000 0.00000 1.00000 1.00000
fb: -0.00000 0.00000 1.00000 1.00000
dist/lin/ang/drive_left/drive_right/tv_l/tv_r/av_l/av_r/x/y/theta/t_err: 0.60960 1.77800 0.00000 -0.00000 -0.00000 0.12150 0.06622 0.12150 0.06622 -0.00000 -0.00000 0.00100 -0.00002
target: 1.77800 0.00000
target: 1.77800 0.00000
fb: -0.00000 0.00000 1.00000 1.00000
fb: 0.00002 -0.00831 1.00000 1.00000
dist/lin/ang/drive_left/drive_right/tv_l/tv_r/av_l/av_r/x/y/theta/t_err: 0.60960 1.77800 0.00000 0.00833 -0.00829 0.49861 0.53933 0.49861 0.53933 0.00002 -0.00000 -0.02215 0.00039
target: 1.77800 0.00000
target: 1.77800 0.00000
fb: -0.00389 -0.01804 1.00000 1.00000
fb: -0.00385 -0.01364 1.00000 1.00000
dist/lin/ang/drive_left/drive_right/tv_l/tv_r/av_l/av_r/x/y/theta/t_err: 0.60968 1.77800 0.00000 0.00979 -0.01748 0.70531 0.76317 0.70531 0.76317 -0.00301 0.00000 -0.16342 0.00285
target: 1.77800 0.00000
target: 1.77800 0.00000
fb: 0.07005 -0.00952 1.00000 1.00000
fb: 0.21146 -0.00874 1.00000 1.00000
dist/lin/ang/drive_left/drive_right/tv_l/tv_r/av_l/av_r/x/y/theta/t_err: 0.60545 1.77800 0.00000 0.22020 0.20273 0.69811 0.75972 0.69811 0.75972 0.16349 -0.00061 -0.24316 0.00427
target: 1.77800 0.00000
target: 1.77800 0.00000
fb: 0.31229 -0.00590 1.00000 1.00000
fb: 0.37426 0.00213 1.00000 1.00000
dist/lin/ang/drive_left/drive_right/tv_l/tv_r/av_l/av_r/x/y/theta/t_err: 0.59796 1.77800 0.00000 0.37213 0.37640 0.76778 0.79756 0.76778 0.79756 0.45818 -0.00199 -0.27321 0.00485
target: 1.77800 0.00000
target: 1.77800 0.00000
fb: 0.41679 0.01030 1.00000 1.00000
fb: 0.43440 0.01428 1.00000 1.00000
dist/lin/ang/drive_left/drive_right/tv_l/tv_r/av_l/av_r/x/y/theta/t_err: 0.58927 1.77800 0.00000 0.42012 0.44867 0.81464 0.81756 0.81464 0.81756 0.80023 -0.00338 -0.18289 0.00334
target: 1.77800 0.00000
target: 1.77800 0.00000
fb: 0.46350 0.01619 1.00000 1.00000
fb: 0.49063 0.01364 1.00000 1.00000
dist/lin/ang/drive_left/drive_right/tv_l/tv_r/av_l/av_r/x/y/theta/t_err: 0.57946 1.77800 0.00000 0.47700 0.50427 0.83039 0.82833 0.83039 0.82833 1.18655 -0.00417 -0.05529 0.00115
target: 1.77800 0.00000
target: 1.77800 0.00000
fb: 0.52353 0.00888 1.00000 1.00000
fb: 0.58952 0.01215 1.00000 1.00000
dist/lin/ang/drive_left/drive_right/tv_l/tv_r/av_l/av_r/x/y/theta/t_err: 0.56767 1.76102 0.00000 0.57738 0.60167 0.82644 0.82253 0.82644 0.82253 1.65074 -0.00425 0.03165 -0.00036
target: 1.76102 0.00000
target: 1.76102 0.00000
fb: 0.64576 0.01982 1.00000 1.00000
fb: 0.72715 0.02102 1.00000 1.00000
dist/lin/ang/drive_left/drive_right/tv_l/tv_r/av_l/av_r/x/y/theta/t_err: 0.55313 1.73779 0.00000 0.70612 0.74817 0.82919 0.78931 0.82919 0.78931 2.22330 -0.00310 0.19629 -0.00328
target: 1.73779 0.00000
target: 1.73779 0.00000
fb: 0.77173 0.01484 1.00000 1.00000
fb: 0.78524 0.00796 1.00000 1.00000
dist/lin/ang/drive_left/drive_right/tv_l/tv_r/av_l/av_r/x/y/theta/t_err: 0.53742 1.71235 0.00000 0.77728 0.79319 0.84236 0.83586 0.84236 0.83586 2.84159 -0.00035 0.29924 -0.00521
target: 1.71235 0.00000
target: 1.71235 0.00000
fb: 0.83581 0.00376 1.00000 1.00000
fb: 0.96781 -0.00597 1.00000 1.00000
dist/lin/ang/drive_left/drive_right/tv_l/tv_r/av_l/av_r/x/y/theta/t_err: 0.51807 1.68047 0.00000 0.97378 0.96185 0.84853 0.84956 0.84853 0.84956 3.60364 0.00373 0.29812 -0.00539
target: 1.68047 0.00000
target: 1.68047 0.00000
fb: 1.07443 -0.00710 1.00000 1.00000
fb: 1.02017 -0.00966 1.00000 1.00000
dist/lin/ang/drive_left/drive_right/tv_l/tv_r/av_l/av_r/x/y/theta/t_err: 0.49766 1.64620 0.00000 1.02983 1.01051 0.85264 0.85553 0.85264 0.85553 4.40691 0.00745 0.22729 -0.00435
target: 1.64620 0.00000
target: 1.64620 0.00000
fb: 0.97362 -0.00945 1.00000 1.00000
fb: 1.14441 -0.00803 0.93392 0.95039
dist/lin/ang/drive_left/drive_right/tv_l/tv_r/av_l/av_r/x/y/theta/t_err: 0.47478 1.60689 0.00000 1.15244 1.13638 0.86700 0.86869 0.86700 0.86869 5.30802 0.01036 0.14854 -0.00315
target: 1.60689 0.00000
target: 1.60689 0.00000
fb: 1.20839 -0.00405 0.84150 0.85756
fb: 1.08590 -0.00355 0.90274 0.91881
dist/lin/ang/drive_left/drive_right/tv_l/tv_r/av_l/av_r/x/y/theta/t_err: 0.45306 1.56867 0.00000 1.08945 1.08235 0.69247 0.69214 0.69247 0.69214 6.16305 0.01227 0.11144 -0.00263
target: 1.56867 0.00000
target: 1.56867 0.00000
fb: 1.20441 -0.01065 0.81174 0.82743
fb: 1.23159 -0.01385 0.79815 0.81384
dist/lin/ang/drive_left/drive_right/tv_l/tv_r/av_l/av_r/x/y/theta/t_err: 0.42843 1.52417 0.00000 1.24544 1.21774 0.71472 0.73008 0.71472 0.73008 7.13281 0.01341 0.00789 -0.00093
target: 1.52417 0.00000
target: 1.52417 0.00000
fb: 1.22190 -0.01321 0.73198 0.74722
fb: 1.26669 -0.01264 0.70959 0.72483
dist/lin/ang/drive_left/drive_right/tv_l/tv_r/av_l/av_r/x/y/theta/t_err: 0.40309 1.47700 0.00000 1.27934 1.25405 0.73100 0.73150 0.73100 0.73150 8.13020 0.01249 -0.11471 0.00122
target: 1.47700 0.00000
target: 1.47700 0.00000
fb: 1.27220 -0.01236 0.64955 0.66432
fb: 1.36333 -0.01257 0.60398 0.61875
dist/lin/ang/drive_left/drive_right/tv_l/tv_r/av_l/av_r/x/y/theta/t_err: 0.37583 1.42448 0.00000 1.37590 1.35076 0.69022 0.69197 0.69022 0.69197 9.20369 0.00931 -0.22272 0.00326
target: 1.42448 0.00000
target: 1.42448 0.00000
fb: 1.28411 -0.01073 0.56914 0.58339
fb: 1.33836 -0.00561 0.54201 0.55626
dist/lin/ang/drive_left/drive_right/tv_l/tv_r/av_l/av_r/x/y/theta/t_err: 0.34906 1.37098 0.00000 1.34397 1.33275 0.61206 0.61789 0.61206 0.61789 10.25751 0.00440 -0.29568 0.00484
target: 1.37098 0.00000
target: 1.37098 0.00000
fb: 1.44865 0.00000 0.43103 0.44474
fb: 1.31691 -0.00305 0.49691 0.51062
dist/lin/ang/drive_left/drive_right/tv_l/tv_r/av_l/av_r/x/y/theta/t_err: 0.32272 1.31621 0.00000 1.31996 1.31385 0.54922 0.54533 0.54922 0.54533 11.29443 -0.00103 -0.30858 0.00547
target: 1.31621 0.00000
target: 1.31621 0.00000
fb: 1.16377 -0.00107 0.51521 0.52837
fb: 1.24497 -0.00277 0.47461 0.48777
dist/lin/ang/drive_left/drive_right/tv_l/tv_r/av_l/av_r/x/y/theta/t_err: 0.29782 1.26225 0.00000 1.24774 1.24220 0.49742 0.50564 0.49742 0.50564 12.27470 -0.00644 -0.32355 0.00620
target: 1.26225 0.00000
target: 1.26225 0.00000
fb: 1.29154 -0.00192 0.40316 0.41579
fb: 1.20240 -0.00376 0.44773 0.46036
dist/lin/ang/drive_left/drive_right/tv_l/tv_r/av_l/av_r/x/y/theta/t_err: 0.27378 1.20784 0.00000 1.20616 1.19863 0.47911 0.48047 0.47911 0.48047 13.22146 -0.01199 -0.35003 0.00722
target: 1.20784 0.00000
target: 1.20784 0.00000
fb: 1.35179 -0.00646 0.31883 0.33090
fb: 1.43918 -0.00384 0.27513 0.28721
dist/lin/ang/drive_left/drive_right/tv_l/tv_r/av_l/av_r/x/y/theta/t_err: 0.24499 1.13932 0.00000 1.44302 1.43534 0.43736 0.43819 0.43736 0.43819 14.35465 -0.01936 -0.39476 0.00890
target: 1.13932 0.00000
target: 1.13932 0.00000
fb: 1.30720 0.00490 0.21179 0.22318
fb: 1.27598 0.02458 0.22740 0.23879
dist/lin/ang/drive_left/drive_right/tv_l/tv_r/av_l/av_r/x/y/theta/t_err: 0.21947 1.07492 0.00000 1.25141 1.30056 0.37817 0.35008 0.37817 0.35008 15.35934 -0.02575 -0.29541 0.00814
target: 1.07492 0.00000
target: 1.07492 0.00000
fb: 1.18078 0.02564 0.23173 0.24248
fb: 1.17131 0.01641 0.23647 0.24722
dist/lin/ang/drive_left/drive_right/tv_l/tv_r/av_l/av_r/x/y/theta/t_err: 0.19605 1.01220 0.00000 1.15490 1.18771 0.30475 0.30558 0.30475 0.30558 16.28162 -0.02866 -0.09848 0.00543
target: 1.01220 0.00000
target: 1.01220 0.00000
fb: 1.22960 0.01648 0.15468 0.16480
fb: 1.13827 0.00959 0.20034 0.21046
dist/lin/ang/drive_left/drive_right/tv_l/tv_r/av_l/av_r/x/y/theta/t_err: 0.17328 0.94728 0.00000 1.12869 1.14786 0.27411 0.27892 0.27411 0.27892 17.17790 -0.02918 0.02224 0.00389
target: 0.94728 0.00000
target: 0.94728 0.00000
fb: 1.07234 0.00710 0.16107 0.17055
fb: 1.01032 0.01868 0.19208 0.20156
dist/lin/ang/drive_left/drive_right/tv_l/tv_r/av_l/av_r/x/y/theta/t_err: 0.15308 0.88568 0.00000 0.99163 1.02900 0.23697 0.24522 0.23697 0.24522 17.97342 -0.02836 0.11694 0.00224
target: 0.88568 0.00000
target: 0.88568 0.00000
fb: 0.95794 0.02742 0.17407 0.18292
fb: 0.90737 0.02557 0.19935 0.20821
dist/lin/ang/drive_left/drive_right/tv_l/tv_r/av_l/av_r/x/y/theta/t_err: 0.13493 0.82645 -0.00000 0.88180 0.93294 0.22811 0.22947 0.22811 0.22947 18.68788 -0.02545 0.34920 -0.00182
target: 0.82645 0.00000
target: 0.82645 0.00000
fb: 0.90539 0.02323 0.15417 0.16244
fb: 0.84361 0.02706 0.18506 0.19333
dist/lin/ang/drive_left/drive_right/tv_l/tv_r/av_l/av_r/x/y/theta/t_err: 0.11806 0.76729 -0.00000 0.81654 0.87067 0.21117 0.20994 0.21117 0.20994 19.35211 -0.02020 0.56976 -0.00567
target: 0.76729 0.00000
target: 0.76729 0.00000
fb: 0.81447 0.02223 0.14312 0.15080
fb: 0.78717 0.00930 0.15678 0.16445
dist/lin/ang/drive_left/drive_right/tv_l/tv_r/av_l/av_r/x/y/theta/t_err: 0.10231 0.70763 -0.00000 0.77786 0.79647 0.19283 0.19900 0.19283 0.19900 19.97189 -0.01302 0.73491 -0.00855
target: 0.70763 0.00000
target: 0.70763 0.00000
fb: 0.72325 0.00540 0.12925 0.13633
fb: 0.69613 0.00639 0.14281 0.14988
dist/lin/ang/drive_left/drive_right/tv_l/tv_r/av_l/av_r/x/y/theta/t_err: 0.08839 0.65033 -0.00000 0.68974 0.70252 0.16939 0.17094 0.16939 0.17094 20.51997 -0.00573 0.78974 -0.00951
target: 0.65033 0.00000
target: 0.65033 0.00000
fb: 0.64781 0.00646 0.12259 0.12909
fb: 0.62840 0.00668 0.13229 0.13880
dist/lin/ang/drive_left/drive_right/tv_l/tv_r/av_l/av_r/x/y/theta/t_err: 0.07582 0.59389 -0.00000 0.62172 0.63507 0.15364 0.15400 0.15364 0.15400 21.01473 0.00132 0.83513 -0.01030
target: 0.59389 0.00000
target: 0.59389 0.00000
fb: 0.60103 0.00938 0.09560 0.10154
fb: 0.53701 0.00895 0.12761 0.13354
dist/lin/ang/drive_left/drive_right/tv_l/tv_r/av_l/av_r/x/y/theta/t_err: 0.06508 0.54099 -0.00000 0.52806 0.54596 0.14169 0.13844 0.14169 0.13844 21.43752 0.00778 0.91766 -0.01174
target: 0.54099 0.00000
target: 0.54099 0.00000
fb: 0.52555 0.00575 0.09857 0.10398
fb: 0.48297 0.00859 0.11986 0.12527
dist/lin/ang/drive_left/drive_right/tv_l/tv_r/av_l/av_r/x/y/theta/t_err: 0.05541 0.48856 -0.00000 0.47437 0.49156 0.12867 0.13536 0.12867 0.13536 21.81776 0.01406 0.98217 -0.01287
target: 0.48856 0.00000
target: 0.48856 0.00000
fb: 0.45956 0.01207 0.18506 0.18506
fb: 0.47499 0.00994 0.17734 0.17734
dist/lin/ang/drive_left/drive_right/tv_l/tv_r/av_l/av_r/x/y/theta/t_err: 0.04591 0.43080 -0.00000 0.46505 0.48493 0.13089 0.15486 0.13089 0.15486 22.19170 0.02080 1.08349 -0.01463
target: 0.43080 0.00000
target: 0.43080 0.00000
fb: 0.42270 0.00945 0.14086 0.14086
fb: 0.41101 0.01080 0.14671 0.14671
dist/lin/ang/drive_left/drive_right/tv_l/tv_r/av_l/av_r/x/y/theta/t_err: 0.03769 0.37369 -0.00000 0.40021 0.42181 0.17058 0.16525 0.17058 0.16525 22.51527 0.02717 1.17165 -0.01617
target: 0.37369 0.00000
target: 0.37369 0.00000
fb: 0.43439 0.01136 0.08490 0.08490
fb: 0.39556 0.00852 0.10432 0.10432
dist/lin/ang/drive_left/drive_right/tv_l/tv_r/av_l/av_r/x/y/theta/t_err: 0.02978 0.30891 -0.00000 0.38704 0.40409 0.14322 0.13125 0.14322 0.13125 22.82667 0.03379 1.26176 -0.01774
target: 0.30891 0.00000
target: 0.30891 0.00000
fb: 0.37991 0.00568 -0.12151 -0.12151
fb: 0.36272 0.00305 -0.11291 -0.11291
dist/lin/ang/drive_left/drive_right/tv_l/tv_r/av_l/av_r/x/y/theta/t_err: 0.02252 0.23426 -0.00000 0.35967 0.36578 0.08181 0.02342 0.08181 0.02342 23.11220 0.04020 1.30880 -0.01857
target: 0.23426 0.00000
target: 0.23426 0.00000
fb: 0.35501 0.00369 -0.19596 -0.19596
fb: 0.32962 0.00753 -0.18327 -0.18327
dist/lin/ang/drive_left/drive_right/tv_l/tv_r/av_l/av_r/x/y/theta/t_err: 0.01593 0.00323 -0.00000 0.32210 0.33715 -0.11189 -0.11364 -0.11189 -0.11364 23.37168 0.04621 1.35451 -0.01936
target: 0.00323 0.00000
target: 0.00323 0.00000
fb: 0.21707 0.00760 -0.64770 -0.64770
fb: 0.13388 0.00632 -0.54078 -0.54078
dist/lin/ang/drive_left/drive_right/tv_l/tv_r/av_l/av_r/x/y/theta/t_err: 0.01325 0.00055 -0.00000 0.12756 0.14020 -0.20689 -0.24725 -0.20689 -0.24725 23.47707 0.04876 1.42318 -0.02056
target: 0.00055 0.00000
target: 0.00055 0.00000
fb: 0.08931 0.00511 -0.08514 -0.08514
fb: 0.04452 0.00909 -0.08514 -0.08514
dist/lin/ang/drive_left/drive_right/tv_l/tv_r/av_l/av_r/x/y/theta/t_err: 0.01236 0.00000 -0.00000 0.03543 0.05361 -0.28011 -0.27958 -0.28011 -0.27958 23.51211 0.04964 1.48684 -0.02167
target: 0.00000 0.00000
target: 0.00000 0.00000
fb: 0.00766 0.00746 -0.08110 -0.08110
fb: 0.00370 0.00376 -0.08110 -0.08110
dist/lin/ang/drive_left/drive_right/tv_l/tv_r/av_l/av_r/x/y/theta/t_err: 0.01228 0.00000 -0.00000 -0.00007 0.00746 -0.10011 -0.09325 -0.10011 -0.09325 23.51502 0.04972 1.54619 -0.02271
target: 0.00000 0.00000
target: 0.00000 0.00000
fb: 0.00372 0.00298 0.00000 0.00000
fb: -0.00004 0.00746 0.00000 0.00000
dist/lin/ang/drive_left/drive_right/tv_l/tv_r/av_l/av_r/x/y/theta/t_err: 0.01228 0.00000 -0.00000 -0.00750 0.00742 -0.06811 -0.04653 -0.06811 -0.04653 23.51499 0.04972 1.58821 -0.02344
target: 0.00000 0.00000
target: 0.00000 0.00000
fb: -0.00005 0.00895 0.00000 0.00000
fb: -0.00182 0.00661 0.00000 0.00000
dist/lin/ang/drive_left/drive_right/tv_l/tv_r/av_l/av_r/x/y/theta/t_err: 0.01231 0.00000 -0.00000 -0.00842 0.00479 -0.00531 -0.00239 -0.00531 -0.00239 23.51356 0.04968 1.64916 -0.02451
target: 0.00000 0.00000
target: 0.00000 0.00000
fb: -0.00179 0.00057 0.00000 0.00000
fb: -0.00000 -0.00256 0.00000 0.00000
dist/lin/ang/drive_left/drive_right/tv_l/tv_r/av_l/av_r/x/y/theta/t_err: 0.01231 0.00000 -0.00000 0.00256 -0.00256 -0.00067 0.00017 -0.00067 0.00017 23.51356 0.04968 1.64953 -0.02451
target: 0.00000 0.00000
target: 0.00000 0.00000
fb: -0.00394 -0.01023 0.00000 0.00000
fb: -0.06016 -0.01215 0.00000 0.00000
dist/lin/ang/drive_left/drive_right/tv_l/tv_r/av_l/av_r/x/y/theta/t_err: 0.01352 0.00082 0.00000 -0.04802 -0.07231 -0.00017 0.00000 -0.00017 0.00000 23.46620 0.04836 1.56391 -0.02302
target: 0.00082 0.00000
target: 0.00082 0.00000
fb: -0.12593 -0.00391 0.08197 0.08197
fb: -0.13965 0.00213 0.08197 0.08197
dist/lin/ang/drive_left/drive_right/tv_l/tv_r/av_l/av_r/x/y/theta/t_err: 0.01631 0.00361 0.00000 -0.14178 -0.13752 0.01283 0.03558 0.01283 0.03558 23.35628 0.04540 1.53764 -0.02256
target: 0.00361 0.00000
target: 0.00361 0.00000
fb: -0.10284 0.00405 0.08703 0.08703
fb: -0.04658 0.00000 0.08703 0.08703
dist/lin/ang/drive_left/drive_right/tv_l/tv_r/av_l/av_r/x/y/theta/t_err: 0.01724 0.00454 -0.00000 -0.04658 -0.04658 0.07511 0.07683 0.07511 0.07683 23.31962 0.04441 1.55617 -0.02288
target: 0.00454 0.00000
target: 0.00454 0.00000
fb: -0.03112 0.00092 0.08368 0.08368
fb: -0.01744 0.00234 0.08368 0.08368
dist/lin/ang/drive_left/drive_right/tv_l/tv_r/av_l/av_r/x/y/theta/t_err: 0.01759 0.00489 -0.00000 -0.01978 -0.01509 0.07717 0.07700 0.07717 0.07700 23.30589 0.04403 1.56115 -0.02297
target: 0.00489 0.00000
target: 0.00489 0.00000
fb: -0.00377 0.00511 0.08265 0.08265
fb: -0.00774 -0.00085 0.08265 0.08265
dist/lin/ang/drive_left/drive_right/tv_l/tv_r/av_l/av_r/x/y/theta/t_err: 0.01775 0.00505 -0.00000 -0.00689 -0.00860 0.07786 0.07683 0.07786 0.07683 23.29980 0.04387 1.58399 -0.02337
target: 0.00505 0.00000
target: 0.00505 0.00000
fb: -0.00395 -0.00703 0.08233 0.08233
fb: 0.00005 -0.00554 0.08233 0.08233
dist/lin/ang/drive_left/drive_right/tv_l/tv_r/av_l/av_r/x/y/theta/t_err: 0.01775 0.00505 0.00000 0.00559 -0.00549 0.07836 0.07750 0.07836 0.07750 23.29984 0.04387 1.52730 -0.02238
target: 0.00505 0.00000
target: 0.00505 0.00000
fb: -0.00195 -0.00291 0.08202 0.08202
fb: -0.00196 -0.00199 0.08202 0.08202
dist/lin/ang/drive_left/drive_right/tv_l/tv_r/av_l/av_r/x/y/theta/t_err: 0.01779 0.00509 0.00000 0.00003 -0.00395 0.07922 0.07853 0.07922 0.07853 23.29829 0.04383 1.49930 -0.02189
target: 0.00509 0.00000
target: 0.00509 0.00000
fb: -0.00373 -0.00121 0.08212 0.08212
fb: -0.01147 0.00156 0.08212 0.08212
final error: 0.71207, x: 0.71073, y: -0.04359
final local error: 0.71207, forwards: 0.70936, sideways: -0.06208
position: 23.28927 0.04359 1.49173
took 1.06000 time to finish turn
WARNING - pros.serial.terminal.terminal:stop - Stopping terminal - pros-cli version:3.5.6

[tomas@nixbtw:~/projects/Robotics/current/libs/lyfast]$ ni^C

[tomas@nixbtw:~/projects/Robotics/current/libs/lyfast]$

