
[tomas@nixbtw:~/projects/Robotics/current/libs/lyfast]$ t
Not sending analytics for this command.

Established terminal connection
LQR:computing forwards angle



         _+=+_
      .-`  .  `-.          8888888b.  8888888b.   .d88888b.   .d8888b.
   _+`     "     `+_       888   Y88b 888   Y88b d88P" "Y88b d88P  Y88b
  \\\sssssssssssss///      888    888 888    888 888     888 Y88b.
     .ss\  *  /ss.         888   d88P 888   d88P 888     888  "Y888b.
 .+bm  .s  *  s.  md+.     8888888P"  8888888P"  888     888     "Y88b.
.hMMMMs .  *  . sMMMMh.    888        888 T88b   888     888       "888
 `\hMMMb \ | / dMMMh:      888        888  T88b  Y88b. .d88P Y88b  d88P
   -SNMNo  -  oNMNs-       888        888   T88b  "Y88888P"   "Y8888P"
     `+dMh\./dMd/
        `:yNy:`                      Powered by PROS for VEX V5
           "                Copyright (c) Purdue University ACM SIGBots
Version:        4.2.1     Platform:  V1.1.5 (b18)     Uptime:    0.000 s
Compiled:   Jan  1 1980 00:00:00     Directory:


starting task: 2309184
timed correctly: 2312072
start is 0.000 0.000
dist/lin/ang/drive_left/drive_right/tv_l/tv_r/av_l/av_r/x/y/theta/t_err: 0.60960 1.77800 0.00000 0.00000 0.00000 0.00017 0.00000 0.00017 0.00000 0.00000 -0.00000 -0.00059 0.00001
target: 1.77800 0.00000
target: 1.77800 0.00000
fb: 0.00000 0.00000 1.00000 1.00000
fb: 0.00000 0.00000 1.00000 1.00000
dist/lin/ang/drive_left/drive_right/tv_l/tv_r/av_l/av_r/x/y/theta/t_err: 0.60960 1.77800 0.00000 0.00000 0.00000 0.05578 0.11978 0.05578 0.11978 0.00000 -0.00000 -0.00147 0.00003
target: 1.77800 0.00000
target: 1.77800 0.00000
fb: -0.00000 0.00000 1.00000 1.00000
fb: -0.00003 0.01108 1.00000 1.00000
dist/lin/ang/drive_left/drive_right/tv_l/tv_r/av_l/av_r/x/y/theta/t_err: 0.60960 1.77800 0.00000 -0.01111 0.01105 0.55850 0.59597 0.55850 0.59597 -0.00002 -0.00000 0.02918 -0.00051
target: 1.77800 0.00000
target: 1.77800 0.00000
fb: -0.00009 0.01655 1.00000 1.00000
fb: 0.09697 0.01456 1.00000 1.00000
dist/lin/ang/drive_left/drive_right/tv_l/tv_r/av_l/av_r/x/y/theta/t_err: 0.60766 1.77800 0.00000 0.08241 0.11153 0.72414 0.66936 0.72414 0.66936 0.07633 0.00017 0.16563 -0.00290
target: 1.77800 0.00000
target: 1.77800 0.00000
fb: 0.26756 0.00867 1.00000 1.00000
fb: 0.35873 0.00724 1.00000 1.00000
dist/lin/ang/drive_left/drive_right/tv_l/tv_r/av_l/av_r/x/y/theta/t_err: 0.60049 1.77800 0.00000 0.35148 0.36597 0.68256 0.68119 0.68256 0.68119 0.35879 0.00119 0.23946 -0.00423
target: 1.77800 0.00000
target: 1.77800 0.00000
fb: 0.39183 0.01122 1.00000 1.00000
fb: 0.40327 0.01648 1.00000 1.00000
dist/lin/ang/drive_left/drive_right/tv_l/tv_r/av_l/av_r/x/y/theta/t_err: 0.59242 1.77800 0.00000 0.38679 0.41975 0.77853 0.74792 0.77853 0.74792 0.67633 0.00276 0.34488 -0.00614
target: 1.77800 0.00000
target: 1.77800 0.00000
fb: 0.44582 0.02039 1.00000 1.00000
fb: 0.51575 0.02245 1.00000 1.00000
dist/lin/ang/drive_left/drive_right/tv_l/tv_r/av_l/av_r/x/y/theta/t_err: 0.58211 1.76377 0.00000 0.49330 0.53819 0.81569 0.77222 0.81569 0.77222 1.08241 0.00582 0.51958 -0.00932
target: 1.76377 0.00000
target: 1.76377 0.00000
fb: 0.52742 0.02543 1.00000 1.00000
fb: 0.54286 0.02259 1.00000 1.00000
dist/lin/ang/drive_left/drive_right/tv_l/tv_r/av_l/av_r/x/y/theta/t_err: 0.57125 1.74649 0.00000 0.52028 0.56545 0.82781 0.79942 0.82781 0.79942 1.50984 0.01048 0.72029 -0.01304
target: 1.74649 0.00000
target: 1.74649 0.00000
fb: 0.60863 0.02195 1.00000 1.00000
fb: 0.65344 0.01896 1.00000 1.00000
dist/lin/ang/drive_left/drive_right/tv_l/tv_r/av_l/av_r/x/y/theta/t_err: 0.55818 1.72545 0.00000 0.63447 0.67240 0.83722 0.78350 0.83722 0.78350 2.02431 0.01775 0.89382 -0.01641
target: 1.72545 0.00000
target: 1.72545 0.00000
fb: 0.69429 0.01406 1.00000 1.00000
fb: 0.74463 0.01293 1.00000 1.00000
dist/lin/ang/drive_left/drive_right/tv_l/tv_r/av_l/av_r/x/y/theta/t_err: 0.54329 1.70117 0.00000 0.73170 0.75755 0.83586 0.82542 0.83586 0.82542 2.61055 0.02751 1.00631 -0.01885
target: 1.70117 0.00000
target: 1.70117 0.00000
fb: 0.83974 0.01271 1.00000 1.00000
fb: 0.83778 0.00277 1.00000 1.00000
dist/lin/ang/drive_left/drive_right/tv_l/tv_r/av_l/av_r/x/y/theta/t_err: 0.52654 1.67343 0.00000 0.83501 0.84055 0.84631 0.84303 0.84631 0.84303 3.27011 0.03958 1.07732 -0.02071
target: 1.67343 0.00000
target: 1.67343 0.00000
fb: 0.93075 -0.00781 1.00000 1.00000
fb: 1.11132 -0.01484 1.00000 1.00000
dist/lin/ang/drive_left/drive_right/tv_l/tv_r/av_l/av_r/x/y/theta/t_err: 0.50432 1.63591 0.00000 1.12616 1.09647 0.85725 0.86153 0.85725 0.86153 4.14502 0.05548 0.98806 -0.02004
target: 1.63591 0.00000
target: 1.63591 0.00000
fb: 1.13871 -0.01286 0.91227 0.92863
fb: 1.13076 -0.01271 0.91624 0.93260
dist/lin/ang/drive_left/drive_right/tv_l/tv_r/av_l/av_r/x/y/theta/t_err: 0.48171 1.59682 0.00000 1.14347 1.11804 0.78453 0.75475 0.78453 0.75475 5.03526 0.06999 0.87893 -0.01903
target: 1.59682 0.00000
target: 1.59682 0.00000
fb: 1.08418 -0.00888 0.89498 0.91095
fb: 1.10732 -0.00298 0.88341 0.89938
dist/lin/ang/drive_left/drive_right/tv_l/tv_r/av_l/av_r/x/y/theta/t_err: 0.45957 1.55760 0.00000 1.11031 1.10434 0.65158 0.70772 0.65158 0.70772 5.90707 0.08279 0.81582 -0.01881
target: 1.55760 0.00000
target: 1.55760 0.00000
fb: 1.18298 -0.00234 0.80729 0.82287
fb: 1.19092 -0.00220 0.80332 0.81890
dist/lin/ang/drive_left/drive_right/tv_l/tv_r/av_l/av_r/x/y/theta/t_err: 0.43575 1.51428 0.00000 1.19312 1.18872 0.66319 0.71781 0.66319 0.71781 6.84471 0.09597 0.79487 -0.01947
target: 1.51428 0.00000
target: 1.51428 0.00000
fb: 1.15385 -0.00313 0.76184 0.77699
fb: 1.20815 -0.00575 0.73470 0.74984
dist/lin/ang/drive_left/drive_right/tv_l/tv_r/av_l/av_r/x/y/theta/t_err: 0.41159 1.46903 0.00000 1.21390 1.20239 0.69367 0.72325 0.69367 0.72325 7.79592 0.10885 0.75411 -0.01988
target: 1.46903 0.00000
target: 1.46903 0.00000
fb: 1.27637 -0.01619 0.64845 0.66315
fb: 1.25303 -0.01825 0.66013 0.67482
dist/lin/ang/drive_left/drive_right/tv_l/tv_r/av_l/av_r/x/y/theta/t_err: 0.38654 1.42058 0.00000 1.27129 1.23478 0.67725 0.70394 0.67725 0.70394 8.78249 0.12069 0.61056 -0.01859
target: 1.42058 0.00000
target: 1.42058 0.00000
fb: 1.27223 -0.01591 0.58959 0.60380
fb: 1.21616 -0.01073 0.61763 0.63184
dist/lin/ang/drive_left/drive_right/tv_l/tv_r/av_l/av_r/x/y/theta/t_err: 0.36222 1.37191 0.00000 1.22688 1.20543 0.62864 0.65006 0.62864 0.65006 9.74005 0.12985 0.49301 -0.01771
target: 1.37191 0.00000
target: 1.37191 0.00000
fb: 1.27813 -0.00568 0.53898 0.55270
fb: 1.26243 -0.00384 0.54683 0.56055
dist/lin/ang/drive_left/drive_right/tv_l/tv_r/av_l/av_r/x/y/theta/t_err: 0.33697 1.31950 0.00000 1.26626 1.25859 0.57783 0.61497 0.57783 0.61497 10.73405 0.13802 0.45298 -0.01831
target: 1.31950 0.00000
target: 1.31950 0.00000
fb: 1.27036 -0.00320 0.47568 0.48887
fb: 1.35973 -0.00313 0.43099 0.44419
dist/lin/ang/drive_left/drive_right/tv_l/tv_r/av_l/av_r/x/y/theta/t_err: 0.30978 1.26061 0.00000 1.36285 1.35660 0.52511 0.55647 0.52511 0.55647 11.80467 0.14625 0.42625 -0.01943
target: 1.26061 0.00000
target: 1.26061 0.00000
fb: 1.21035 -0.00483 0.42002 0.43262
fb: 1.25095 -0.00341 0.39972 0.41232
dist/lin/ang/drive_left/drive_right/tv_l/tv_r/av_l/av_r/x/y/theta/t_err: 0.28477 1.20389 0.00000 1.25436 1.24754 0.45769 0.47258 0.45769 0.47258 12.78965 0.15322 0.38808 -0.02044
target: 1.20389 0.00000
target: 1.20389 0.00000
fb: 1.33811 -0.00462 0.31146 0.32350
fb: 1.28759 -0.00682 0.33672 0.34876
dist/lin/ang/drive_left/drive_right/tv_l/tv_r/av_l/av_r/x/y/theta/t_err: 0.25902 1.14258 0.00000 1.29441 1.28077 0.40211 0.42725 0.40211 0.42725 13.80347 0.15973 0.34253 -0.02164
target: 1.14258 0.00000
target: 1.14258 0.00000
fb: 1.28980 -0.00519 0.25607 0.26750
fb: 1.19861 0.01314 0.30166 0.31309
dist/lin/ang/drive_left/drive_right/tv_l/tv_r/av_l/av_r/x/y/theta/t_err: 0.23506 1.08239 0.00000 1.18547 1.21175 0.37247 0.36036 0.37247 0.36036 14.74724 0.16525 0.35780 -0.02410
target: 1.08239 0.00000
target: 1.08239 0.00000
fb: 1.22741 0.02344 0.23453 0.24535
fb: 1.21390 0.01854 0.24128 0.25211
dist/lin/ang/drive_left/drive_right/tv_l/tv_r/av_l/av_r/x/y/theta/t_err: 0.21079 1.01782 0.00000 1.19536 1.23244 0.33742 0.33742 0.33742 0.33742 15.70304 0.17267 0.54424 -0.03031
target: 1.01782 0.00000
target: 1.01782 0.00000
fb: 0.97936 0.01655 0.27684 0.28702
fb: 1.02771 0.01243 0.25267 0.26285
dist/lin/ang/drive_left/drive_right/tv_l/tv_r/av_l/av_r/x/y/theta/t_err: 0.19025 0.95977 0.00000 1.01528 1.04014 0.29361 0.31278 0.29361 0.31278 16.51222 0.18137 0.67647 -0.03602
target: 0.95977 0.00000
target: 0.95977 0.00000
fb: 1.09372 0.00661 0.19330 0.20290
fb: 1.00062 0.01222 0.23985 0.24945
dist/lin/ang/drive_left/drive_right/tv_l/tv_r/av_l/av_r/x/y/theta/t_err: 0.17025 0.89967 -0.00000 0.98840 1.01284 0.27375 0.28439 0.27375 0.28439 17.30005 0.19116 0.75609 -0.04172
target: 0.89967 0.00000
target: 0.89967 0.00000
fb: 1.00831 0.01726 0.16910 0.17810
fb: 0.99284 0.01342 0.17683 0.18583
dist/lin/ang/drive_left/drive_right/tv_l/tv_r/av_l/av_r/x/y/theta/t_err: 0.15022 0.83518 -0.00000 0.97942 1.00627 0.25017 0.26197 0.25017 0.26197 18.08173 0.20242 0.89798 -0.04420
target: 0.83518 0.00000
target: 0.83518 0.00000
fb: 0.88805 0.00845 0.14752 0.15587
fb: 0.89402 0.01257 0.14453 0.15288
dist/lin/ang/drive_left/drive_right/tv_l/tv_r/av_l/av_r/x/y/theta/t_err: 0.13233 0.77300 -0.00000 0.88145 0.90660 0.20361 0.20928 0.20361 0.20928 18.78559 0.21402 0.99600 -0.04591
target: 0.77300 0.00000
target: 0.77300 0.00000
fb: 0.82032 0.00682 0.13213 0.13986
fb: 0.77778 -0.00156 0.15340 0.16113
dist/lin/ang/drive_left/drive_right/tv_l/tv_r/av_l/av_r/x/y/theta/t_err: 0.11677 0.71454 -0.00000 0.77934 0.77622 0.17317 0.17917 0.17317 0.17917 19.39792 0.22503 1.04387 -0.04674
target: 0.71454 0.00000
target: 0.71454 0.00000
fb: 0.70985 0.00149 0.14797 0.15511
fb: 0.68072 0.00220 0.16253 0.16968
dist/lin/ang/drive_left/drive_right/tv_l/tv_r/av_l/av_r/x/y/theta/t_err: 0.10315 0.65915 -0.00000 0.67852 0.68292 0.16989 0.17264 0.16989 0.17264 19.93383 0.23486 1.05938 -0.04701
target: 0.65915 0.00000
target: 0.65915 0.00000
fb: 0.72132 0.00000 0.10287 0.10946
fb: 0.65733 0.00256 0.13487 0.14146
dist/lin/ang/drive_left/drive_right/tv_l/tv_r/av_l/av_r/x/y/theta/t_err: 0.09000 0.60084 -0.00000 0.65477 0.65989 0.14956 0.15264 0.14956 0.15264 20.45132 0.24450 1.07679 -0.04732
target: 0.60084 0.00000
target: 0.60084 0.00000
fb: 0.62466 0.00490 0.08206 0.08807
fb: 0.55271 0.00355 0.11803 0.12404
dist/lin/ang/drive_left/drive_right/tv_l/tv_r/av_l/av_r/x/y/theta/t_err: 0.07894 0.54699 -0.00000 0.54916 0.55626 0.13211 0.13500 0.13211 0.13500 20.88645 0.25285 1.12180 -0.04810
target: 0.54699 0.00000
target: 0.54699 0.00000
fb: 0.47703 0.00277 0.12429 0.12976
fb: 0.48873 0.00419 0.11844 0.12391
dist/lin/ang/drive_left/drive_right/tv_l/tv_r/av_l/av_r/x/y/theta/t_err: 0.06916 0.49452 -0.00000 0.48454 0.49292 0.13311 0.13603 0.13311 0.13603 21.27120 0.26049 1.15612 -0.04870
target: 0.49452 0.00000
target: 0.49452 0.00000
fb: 0.50219 0.00000 -0.09247 -0.08752
fb: 0.43052 -0.00625 0.10337 0.10832
dist/lin/ang/drive_left/drive_right/tv_l/tv_r/av_l/av_r/x/y/theta/t_err: 0.06056 0.44322 0.00000 0.43677 0.42426 0.04569 0.04586 0.04569 0.04586 21.61012 0.26735 1.14585 -0.04852
target: 0.44322 0.00000
target: 0.44322 0.00000
fb: 0.37250 -0.00313 0.08839 0.09282
fb: 0.32196 -0.00249 0.11366 0.11810
dist/lin/ang/drive_left/drive_right/tv_l/tv_r/av_l/av_r/x/y/theta/t_err: 0.05412 0.40060 0.00000 0.32445 0.31947 0.09683 0.10028 0.09683 0.10028 21.86358 0.27236 1.12504 -0.04816
target: 0.40060 0.00000
target: 0.40060 0.00000
fb: 0.31799 -0.00483 0.11378 0.11778
fb: 0.35485 -0.00497 0.09535 0.09935
dist/lin/ang/drive_left/drive_right/tv_l/tv_r/av_l/av_r/x/y/theta/t_err: 0.04703 0.34763 0.00000 0.35982 0.34988 0.11617 0.11683 0.11617 0.11683 22.14294 0.27776 1.08908 -0.04753
target: 0.34763 0.00000
target: 0.34763 0.00000
fb: 0.32770 -0.00078 -0.14846 -0.14499
fb: 0.32018 -0.00199 -0.14470 -0.14123
dist/lin/ang/drive_left/drive_right/tv_l/tv_r/av_l/av_r/x/y/theta/t_err: 0.04062 0.29167 0.00000 0.32217 0.31819 0.00550 0.00239 0.00550 0.00239 22.39501 0.28254 1.08228 -0.04741
target: 0.29167 0.00000
target: 0.29167 0.00000
fb: 0.30453 -0.00781 -0.20410 -0.20119
fb: 0.20172 -0.00561 -0.15270 -0.14978
dist/lin/ang/drive_left/drive_right/tv_l/tv_r/av_l/av_r/x/y/theta/t_err: 0.03660 0.25013 0.00000 0.20734 0.19611 -0.13894 -0.14233 -0.13894 -0.14233 22.55382 0.28548 1.03458 -0.04658
target: 0.25013 0.00000
target: 0.25013 0.00000
fb: 0.10860 -0.00426 0.25081 0.25081
fb: 0.05806 -0.00483 0.27608 0.27608
dist/lin/ang/drive_left/drive_right/tv_l/tv_r/av_l/av_r/x/y/theta/t_err: 0.03544 0.23685 0.00000 0.06289 0.05323 -0.03781 -0.01386 -0.03781 -0.01386 22.59953 0.28629 1.00345 -0.04604
target: 0.23685 0.00000
target: 0.23685 0.00000
fb: 0.03511 -0.00483 0.27561 0.27561
fb: 0.04659 -0.00334 0.26987 0.26987
dist/lin/ang/drive_left/drive_right/tv_l/tv_r/av_l/av_r/x/y/theta/t_err: 0.03451 0.22565 0.00000 0.04993 0.04325 0.23408 0.23750 0.23408 0.23750 22.63621 0.28692 0.96883 -0.04543
target: 0.22565 0.00000
target: 0.22565 0.00000
fb: 0.06976 -0.00256 0.24821 0.24821
fb: 0.08920 -0.01357 0.23849 0.23849
dist/lin/ang/drive_left/drive_right/tv_l/tv_r/av_l/av_r/x/y/theta/t_err: 0.03274 0.00734 0.00000 0.10277 0.07563 0.24228 0.24658 0.24228 0.24658 22.70644 0.28808 0.90696 -0.04435
target: 0.00734 0.00000
target: 0.00734 0.00000
fb: 0.13583 -0.02294 0.08293 0.08293
fb: 0.17489 -0.00391 0.08293 0.08293
dist/lin/ang/drive_left/drive_right/tv_l/tv_r/av_l/av_r/x/y/theta/t_err: 0.02926 0.00386 0.00000 0.17880 0.17098 0.16836 0.16769 0.16836 0.16769 22.84413 0.29006 0.76446 -0.04187
target: 0.00386 0.00000
target: 0.00386 0.00000
fb: 0.17854 0.00313 0.08154 0.08154
fb: 0.14916 -0.00313 0.08154 0.08154
dist/lin/ang/drive_left/drive_right/tv_l/tv_r/av_l/av_r/x/y/theta/t_err: 0.02627 0.00087 -0.00000 0.15228 0.14603 0.08761 0.08589 0.08761 0.08589 22.96157 0.29164 0.77327 -0.04202
target: 0.00087 0.00000
target: 0.00087 0.00000
fb: 0.09314 -0.00483 0.08035 0.08035
fb: 0.06799 -0.00149 0.08035 0.08035
dist/lin/ang/drive_left/drive_right/tv_l/tv_r/av_l/av_r/x/y/theta/t_err: 0.02492 0.00000 0.00000 0.06948 0.06650 0.08350 0.08108 0.08350 0.08108 23.01510 0.29235 0.74394 -0.04151
target: 0.00000 0.00000
target: 0.00000 0.00000
fb: 0.08345 -0.01023 0.00000 0.00000
fb: 0.09894 -0.01477 0.00000 0.00000
dist/lin/ang/drive_left/drive_right/tv_l/tv_r/av_l/av_r/x/y/theta/t_err: 0.02295 0.00000 0.00000 0.11371 0.08416 0.05017 0.04742 0.05017 0.04742 23.09299 0.29330 0.64976 -0.03986
target: 0.00000 0.00000
target: 0.00000 0.00000
fb: 0.10868 -0.01825 0.00000 0.00000
fb: 0.12237 -0.01541 0.00000 0.00000
dist/lin/ang/drive_left/drive_right/tv_l/tv_r/av_l/av_r/x/y/theta/t_err: 0.02052 0.00000 0.00000 0.13778 0.10696 0.00428 0.00494 0.00428 0.00494 23.18934 0.29427 0.50902 -0.03741
target: 0.00000 0.00000
target: 0.00000 0.00000
fb: 0.12610 -0.00994 0.00000 0.00000
fb: 0.13576 0.00085 0.00000 0.00000
dist/lin/ang/drive_left/drive_right/tv_l/tv_r/av_l/av_r/x/y/theta/t_err: 0.01782 0.00000 0.00000 0.13490 0.13661 0.00067 0.00067 0.00067 0.00067 23.29623 0.29515 0.45194 -0.03641
target: 0.00000 0.00000
target: 0.00000 0.00000
fb: 0.13193 0.00959 0.00000 0.00000
fb: 0.10274 0.01477 0.00000 0.00000
dist/lin/ang/drive_left/drive_right/tv_l/tv_r/av_l/av_r/x/y/theta/t_err: 0.01575 0.00000 -0.00000 0.08797 0.11752 0.00083 0.00033 0.00083 0.00033 23.37713 0.29584 0.54683 -0.03807
target: 0.00000 0.00000
target: 0.00000 0.00000
fb: 0.08328 0.02003 0.00000 0.00000
fb: 0.06383 0.02124 0.00000 0.00000
dist/lin/ang/drive_left/drive_right/tv_l/tv_r/av_l/av_r/x/y/theta/t_err: 0.01445 0.00000 -0.00000 0.04260 0.08507 0.00272 0.00103 0.00272 0.00103 23.42739 0.29639 0.72475 -0.04117
target: 0.00000 0.00000
target: 0.00000 0.00000
fb: 0.04818 0.01307 0.00000 0.00000
fb: 0.04648 0.00455 0.00000 0.00000
dist/lin/ang/drive_left/drive_right/tv_l/tv_r/av_l/av_r/x/y/theta/t_err: 0.01351 0.00000 -0.00000 0.04193 0.05102 0.00206 0.00239 0.00206 0.00239 23.46398 0.29689 0.81833 -0.04281
target: 0.00000 0.00000
target: 0.00000 0.00000
fb: 0.04277 0.00149 0.00000 0.00000
fb: 0.03684 0.00071 0.00000 0.00000
dist/lin/ang/drive_left/drive_right/tv_l/tv_r/av_l/av_r/x/y/theta/t_err: 0.01277 0.00000 -0.00000 0.03613 0.03755 0.00258 0.00222 0.00258 0.00222 23.49298 0.29731 0.83463 -0.04309
target: 0.00000 0.00000
target: 0.00000 0.00000
fb: 0.02516 -0.00426 0.00000 0.00000
fb: 0.00775 -0.00568 0.00000 0.00000
dist/lin/ang/drive_left/drive_right/tv_l/tv_r/av_l/av_r/x/y/theta/t_err: 0.01262 0.00000 0.00000 0.01344 0.00207 0.00272 0.00050 0.00272 0.00050 23.49909 0.29739 0.79953 -0.04248
target: 0.00000 0.00000
target: 0.00000 0.00000
fb: 0.00003 -0.00227 0.00000 0.00000
fb: 0.00002 -0.00206 0.00000 0.00000
dist/lin/ang/drive_left/drive_right/tv_l/tv_r/av_l/av_r/x/y/theta/t_err: 0.01262 0.00000 0.00000 0.00208 -0.00204 -0.00000 0.00017 -0.00000 0.00017 23.49910 0.29739 0.77813 -0.04211
target: 0.00000 0.00000
target: 0.00000 0.00000
fb: 0.00200 -0.00241 0.00000 0.00000
fb: 0.00200 -0.00085 0.00000 0.00000
final error: 0.58118, x: 0.49932, y: -0.29742
final local error: 0.58118, forwards: 0.49533, sideways: -0.30401
position: 23.50068 0.29742 0.75980
took 1.08000 time to finish turn
dist/lin/ang/drive_left/drive_right/tv_l/tv_r/av_l/av_r/x/y/theta/t_err: -0.59697 -1.77800 0.00000 -0.00000 -0.00000 0.00000 0.00017 0.00000 0.00017 23.50073 0.29742 180.69623 0.00050
target: -1.77800 0.00000
target: -1.77800 0.00000
fb: -0.00000 0.00000 -1.00000 -1.00000
fb: 0.00000 0.00000 -1.00000 -1.00000
dist/lin/ang/drive_left/drive_right/tv_l/tv_r/av_l/av_r/x/y/theta/t_err: -0.59697 -1.77800 0.00000 0.00000 0.00000 -0.06656 -0.06058 -0.06656 -0.06058 23.50073 0.29742 180.69334 0.00055
target: -1.77800 0.00000
target: -1.77800 0.00000
fb: 0.00000 0.00000 -1.00000 -1.00000
fb: -0.00001 0.00426 -1.00000 -1.00000
dist/lin/ang/drive_left/drive_right/tv_l/tv_r/av_l/av_r/x/y/theta/t_err: -0.59697 -1.77800 0.00000 -0.00428 0.00425 -0.52053 -0.52733 -0.52053 -0.52733 23.50072 0.29742 180.70888 0.00028
target: -1.77800 0.00000
target: -1.77800 0.00000
fb: -0.00003 0.00213 -1.00000 -1.00000
fb: -0.00001 -0.00298 -1.00000 -1.00000
dist/lin/ang/drive_left/drive_right/tv_l/tv_r/av_l/av_r/x/y/theta/t_err: -0.59697 -1.77800 0.00000 0.00297 -0.00299 -0.70958 -0.68753 -0.70958 -0.68753 23.50071 0.29742 180.72024 0.00008
target: -1.77800 0.00000
target: -1.77800 0.00000
fb: -0.09509 -0.00078 -1.00000 -1.00000
fb: -0.26766 0.00121 -1.00000 -1.00000
dist/lin/ang/drive_left/drive_right/tv_l/tv_r/av_l/av_r/x/y/theta/t_err: -0.59161 -1.77800 0.00000 -0.26887 -0.26645 -0.68133 -0.61686 -0.68133 -0.61686 23.28997 0.29477 180.72323 0.00003
target: -1.77800 0.00000
target: -1.77800 0.00000
fb: -0.36083 0.01548 -1.00000 -1.00000
fb: -0.42092 0.02039 -1.00000 -1.00000
dist/lin/ang/drive_left/drive_right/tv_l/tv_r/av_l/av_r/x/y/theta/t_err: -0.58319 -1.76549 0.00000 -0.44131 -0.40054 -0.68631 -0.67722 -0.68631 -0.67722 22.95856 0.29021 180.86476 -0.00245
target: -1.76549 0.00000
target: -1.76549 0.00000
fb: -0.47921 0.01818 -1.00000 -1.00000
fb: -0.51230 0.01641 -1.00000 -1.00000
dist/lin/ang/drive_left/drive_right/tv_l/tv_r/av_l/av_r/x/y/theta/t_err: -0.57295 -1.74920 0.00000 -0.52871 -0.49589 -0.73203 -0.73833 -0.73203 -0.73833 22.55523 0.28350 181.03237 -0.00545
target: -1.74920 0.00000
target: -1.74920 0.00000
fb: -0.57806 0.02173 -1.00000 -1.00000
fb: -0.65179 0.02749 -1.00000 -1.00000
dist/lin/ang/drive_left/drive_right/tv_l/tv_r/av_l/av_r/x/y/theta/t_err: -0.55991 -1.72825 0.00000 -0.67928 -0.62430 -0.77375 -0.79719 -0.77375 -0.79719 22.04211 0.27337 181.24023 -0.00924
target: -1.72825 0.00000
target: -1.72825 0.00000
fb: -0.65557 0.02756 -1.00000 -1.00000
fb: -0.71382 0.02443 -1.00000 -1.00000
dist/lin/ang/drive_left/drive_right/tv_l/tv_r/av_l/av_r/x/y/theta/t_err: -0.54564 -1.70502 0.00000 -0.73825 -0.68938 -0.77275 -0.81569 -0.77275 -0.81569 21.48021 0.25997 181.47199 -0.01359
target: -1.70502 0.00000
target: -1.70502 0.00000
fb: -0.72945 0.01811 -1.00000 -1.00000
fb: -0.76825 0.01293 -1.00000 -1.00000
dist/lin/ang/drive_left/drive_right/tv_l/tv_r/av_l/av_r/x/y/theta/t_err: -0.53027 -1.67965 0.00000 -0.78117 -0.75532 -0.78403 -0.82458 -0.78403 -0.82458 20.87552 0.24353 181.62039 -0.01662
target: -1.67965 0.00000
target: -1.67965 0.00000
fb: -0.93480 0.00781 -1.00000 -1.00000
fb: -0.89218 0.00533 -1.00000 -1.00000
dist/lin/ang/drive_left/drive_right/tv_l/tv_r/av_l/av_r/x/y/theta/t_err: -0.51243 -1.64971 0.00000 -0.89751 -0.88686 -0.82339 -0.81600 -0.82339 -0.81600 20.17330 0.22323 181.68555 -0.01835
target: -1.64971 0.00000
target: -1.64971 0.00000
fb: -0.89042 0.01030 -1.00000 -1.00000
fb: -0.97938 0.01570 -1.00000 -1.00000
dist/lin/ang/drive_left/drive_right/tv_l/tv_r/av_l/av_r/x/y/theta/t_err: -0.49285 -1.61620 0.00000 -0.99507 -0.96368 -0.83828 -0.84064 -0.83828 -0.84064 19.40249 0.19994 181.78697 -0.02088
target: -1.61620 0.00000
target: -1.61620 0.00000
fb: -1.00657 0.02472 -0.97748 -0.99365
fb: -1.09793 0.01335 -0.93180 -0.94796
dist/lin/ang/drive_left/drive_right/tv_l/tv_r/av_l/av_r/x/y/theta/t_err: -0.47090 -1.57779 0.00000 -1.11128 -1.08458 -0.69317 -0.80389 -0.69317 -0.80389 18.53845 0.17158 181.95600 -0.02488
target: -1.57779 0.00000
target: -1.57779 0.00000
fb: -1.17157 0.00213 -0.83607 -0.85185
fb: -1.14416 0.00696 -0.84977 -0.86555
dist/lin/ang/drive_left/drive_right/tv_l/tv_r/av_l/av_r/x/y/theta/t_err: -0.44802 -1.53675 0.00000 -1.15112 -1.13720 -0.68153 -0.65089 -0.68153 -0.65089 17.63807 0.14045 182.00440 -0.02702
target: -1.53675 0.00000
target: -1.53675 0.00000
fb: -1.15390 0.01584 -0.79364 -0.80901
fb: -1.10365 0.02117 -0.81876 -0.83413
dist/lin/ang/drive_left/drive_right/tv_l/tv_r/av_l/av_r/x/y/theta/t_err: -0.42596 -1.49610 0.00000 -1.12482 -1.08249 -0.71233 -0.71797 -0.71233 -0.71797 16.76962 0.10906 182.15760 -0.03115
target: -1.49610 0.00000
target: -1.49610 0.00000
fb: -1.18135 0.01868 -0.74265 -0.75761
fb: -1.32478 0.02067 -0.67093 -0.68589
dist/lin/ang/drive_left/drive_right/tv_l/tv_r/av_l/av_r/x/y/theta/t_err: -0.39948 -1.44580 0.00000 -1.34544 -1.30411 -0.70650 -0.72603 -0.70650 -0.72603 15.72729 0.06823 182.33485 -0.03641
target: -1.44580 0.00000
target: -1.44580 0.00000
fb: -1.20253 0.02003 -0.64036 -0.65482
fb: -1.21423 0.02365 -0.63451 -0.64897
dist/lin/ang/drive_left/drive_right/tv_l/tv_r/av_l/av_r/x/y/theta/t_err: -0.37521 -1.39812 0.00000 -1.23788 -1.19058 -0.66250 -0.67297 -0.66250 -0.67297 14.77206 0.02773 182.52034 -0.04211
target: -1.39812 0.00000
target: -1.39812 0.00000
fb: -1.36540 0.02522 -0.52494 -0.53892
fb: -1.24140 0.02458 -0.58694 -0.60092
dist/lin/ang/drive_left/drive_right/tv_l/tv_r/av_l/av_r/x/y/theta/t_err: -0.35041 -1.34765 0.00000 -1.26597 -1.21682 -0.59067 -0.60042 -0.59067 -0.60042 13.79560 -0.01693 182.73097 -0.04889
target: -1.34765 0.00000
target: -1.34765 0.00000
fb: -1.20277 0.02458 -0.54521 -0.55869
fb: -1.24337 0.02394 -0.52491 -0.53839
dist/lin/ang/drive_left/drive_right/tv_l/tv_r/av_l/av_r/x/y/theta/t_err: -0.32558 -1.29514 0.00000 -1.26731 -1.21944 -0.55850 -0.57167 -0.55850 -0.57167 12.81776 -0.06521 182.93157 -0.05625
target: -1.29514 0.00000
target: -1.29514 0.00000
fb: -1.23542 0.02259 -0.46933 -0.48228
fb: -1.32677 0.02237 -0.42366 -0.43661
dist/lin/ang/drive_left/drive_right/tv_l/tv_r/av_l/av_r/x/y/theta/t_err: -0.29909 -1.23668 0.00000 -1.34914 -1.30439 -0.51794 -0.52272 -0.51794 -0.52272 11.77452 -0.12032 183.11565 -0.06460
target: -1.23668 0.00000
target: -1.23668 0.00000
fb: -1.22989 0.02046 -0.38919 -0.40156
fb: -1.22569 0.02074 -0.39129 -0.40366
dist/lin/ang/drive_left/drive_right/tv_l/tv_r/av_l/av_r/x/y/theta/t_err: -0.27463 -1.18013 0.00000 -1.24643 -1.20495 -0.44486 -0.45019 -0.44486 -0.45019 10.81091 -0.17427 183.28777 -0.07350
target: -1.18013 0.00000
target: -1.18013 0.00000
fb: -1.30912 0.02522 -0.30392 -0.31572
fb: -1.21425 0.02571 -0.35135 -0.36315
dist/lin/ang/drive_left/drive_right/tv_l/tv_r/av_l/av_r/x/y/theta/t_err: -0.25042 -1.12135 0.00000 -1.23996 -1.18854 -0.38792 -0.39783 -0.38792 -0.39783 9.85648 -0.23074 183.49628 -0.08443
target: -1.12135 0.00000
target: -1.12135 0.00000
fb: -1.19285 0.02259 -0.29556 -0.30677
fb: -1.22392 0.01229 -0.28002 -0.29123
dist/lin/ang/drive_left/drive_right/tv_l/tv_r/av_l/av_r/x/y/theta/t_err: -0.22604 -1.05887 0.00000 -1.23621 -1.21163 -0.36806 -0.35181 -0.36806 -0.35181 8.89465 -0.29102 183.66102 -0.09660
target: -1.05887 0.00000
target: -1.05887 0.00000
fb: -1.11925 0.00057 -0.25572 -0.26631
fb: -1.10927 0.00575 -0.26071 -0.27130
dist/lin/ang/drive_left/drive_right/tv_l/tv_r/av_l/av_r/x/y/theta/t_err: -0.20397 -0.99894 0.00000 -1.11502 -1.10352 -0.33844 -0.32256 -0.33844 -0.32256 8.02300 -0.34691 183.67818 -0.10741
target: -0.99894 0.00000
target: -0.99894 0.00000
fb: -1.05106 0.01726 -0.24375 -0.25374
fb: -1.02021 0.01264 -0.25918 -0.26917
dist/lin/ang/drive_left/drive_right/tv_l/tv_r/av_l/av_r/x/y/theta/t_err: -0.18370 -0.94053 0.00000 -1.03285 -1.00757 -0.29603 -0.31517 -0.29603 -0.31517 7.22139 -0.39929 183.79343 -0.12144
target: -0.94053 0.00000
target: -0.94053 0.00000
fb: -1.05329 0.00668 -0.19344 -0.20285
fb: -1.02809 0.00163 -0.20604 -0.21545
dist/lin/ang/drive_left/drive_right/tv_l/tv_r/av_l/av_r/x/y/theta/t_err: -0.16331 -0.87787 -0.00000 -1.02972 -1.02646 -0.27189 -0.28369 -0.27189 -0.28369 6.41367 -0.45327 183.83754 -0.13753
target: -0.87787 0.00000
target: -0.87787 0.00000
fb: -1.02982 -0.00135 -0.12588 -0.13466
fb: -1.03354 -0.00661 -0.12402 -0.13280
dist/lin/ang/drive_left/drive_right/tv_l/tv_r/av_l/av_r/x/y/theta/t_err: -0.14111 -0.80411 0.00000 -1.02694 -1.04015 -0.21797 -0.23769 -0.21797 -0.23769 5.60168 -0.50761 183.80787 -0.13701
target: -0.80411 0.00000
target: -0.80411 0.00000
fb: -0.89206 -0.01286 0.08599 -0.08205
fb: -0.83398 -0.01762 -0.10304 -0.11109
dist/lin/ang/drive_left/drive_right/tv_l/tv_r/av_l/av_r/x/y/theta/t_err: -0.12448 -0.74409 0.00000 -0.81637 -0.85160 -0.09686 -0.16033 -0.09686 -0.16033 4.94640 -0.55052 183.68356 -0.13485
target: -0.74409 0.00000
target: -0.74409 0.00000
fb: -0.82401 -0.02358 -0.11219 -0.11963
fb: -0.68826 -0.02841 -0.18006 -0.18750
dist/lin/ang/drive_left/drive_right/tv_l/tv_r/av_l/av_r/x/y/theta/t_err: -0.11080 -0.69080 0.00000 -0.65985 -0.71667 -0.11106 -0.13400 -0.11106 -0.13400 4.40552 -0.58436 183.46329 -0.13100
target: -0.69080 0.00000
target: -0.69080 0.00000
fb: -0.68051 -0.03005 -0.16315 -0.17006
fb: -0.60482 -0.03012 -0.20100 -0.20791
dist/lin/ang/drive_left/drive_right/tv_l/tv_r/av_l/av_r/x/y/theta/t_err: -0.09880 -0.64044 0.00000 -0.57470 -0.63493 -0.17728 -0.17983 -0.17728 -0.17983 3.93010 -0.61212 183.20147 -0.12643
target: -0.64044 0.00000
target: -0.64044 0.00000
fb: -0.57766 -0.03260 -0.17934 -0.18575
fb: -0.58737 -0.03104 -0.17449 -0.18089
dist/lin/ang/drive_left/drive_right/tv_l/tv_r/av_l/av_r/x/y/theta/t_err: -0.08715 -0.58744 0.00000 -0.55633 -0.61841 -0.20086 -0.20139 -0.20086 -0.20139 3.46826 -0.63687 182.92308 -0.12157
target: -0.58744 0.00000
target: -0.58744 0.00000
fb: -0.61077 -0.02976 -0.10006 -0.10593
fb: -0.63593 -0.02976 -0.08747 -0.09335
dist/lin/ang/drive_left/drive_right/tv_l/tv_r/av_l/av_r/x/y/theta/t_err: -0.07453 -0.52396 0.00000 -0.60617 -0.66569 -0.16922 -0.16614 -0.16922 -0.16614 2.96813 -0.66130 182.66185 -0.11701
target: -0.52396 0.00000
target: -0.52396 0.00000
fb: -0.59511 -0.02777 0.16021 0.15497
fb: -0.53887 -0.02252 0.13209 0.12685
dist/lin/ang/drive_left/drive_right/tv_l/tv_r/av_l/av_r/x/y/theta/t_err: -0.06383 -0.46342 0.00000 -0.51635 -0.56138 -0.04758 -0.01078 -0.04758 -0.01078 2.54425 -0.68018 182.43231 -0.11301
target: -0.46342 0.00000
target: -0.46342 0.00000
fb: -0.47688 -0.02294 0.14597 0.14134
fb: -0.40517 -0.02408 0.11011 0.10548
dist/lin/ang/drive_left/drive_right/tv_l/tv_r/av_l/av_r/x/y/theta/t_err: -0.05580 -0.41216 0.00000 -0.38109 -0.42925 0.11311 0.10933 0.11311 0.10933 2.22548 -0.69320 182.22614 -0.10941
target: -0.41216 0.00000
target: -0.41216 0.00000
fb: -0.30036 -0.01932 -0.09483 -0.09895
fb: -0.25009 -0.01307 -0.11997 -0.12409
dist/lin/ang/drive_left/drive_right/tv_l/tv_r/av_l/av_r/x/y/theta/t_err: -0.05085 -0.37712 0.00000 -0.23702 -0.26316 0.01969 0.00906 0.01969 0.00906 2.02870 -0.70057 182.07304 -0.10674
target: -0.37712 0.00000
target: -0.37712 0.00000
fb: -0.18811 -0.01769 -0.19031 -0.19408
fb: -0.14725 -0.02458 -0.21074 -0.21451
dist/lin/ang/drive_left/drive_right/tv_l/tv_r/av_l/av_r/x/y/theta/t_err: -0.04796 -0.35509 0.00000 -0.12267 -0.17183 -0.13431 -0.14014 -0.13431 -0.14014 1.91282 -0.70461 181.90290 -0.10377
target: -0.35509 0.00000
target: -0.35509 0.00000
fb: -0.18208 -0.02514 -0.23071 -0.23426
fb: -0.23063 -0.02273 -0.20643 -0.20998
dist/lin/ang/drive_left/drive_right/tv_l/tv_r/av_l/av_r/x/y/theta/t_err: -0.04342 -0.31734 0.00000 -0.20790 -0.25336 -0.20517 -0.20328 -0.20517 -0.20328 1.73131 -0.71029 181.69798 -0.10019
target: -0.31734 0.00000
target: -0.31734 0.00000
fb: -0.27719 -0.02458 0.08384 0.08067
fb: -0.28490 -0.02593 0.08770 0.08452
dist/lin/ang/drive_left/drive_right/tv_l/tv_r/av_l/av_r/x/y/theta/t_err: -0.03780 -0.26319 0.00000 -0.25897 -0.31083 -0.08383 -0.13278 -0.08383 -0.13278 1.50707 -0.71654 181.48130 -0.09641
target: -0.26319 0.00000
target: -0.26319 0.00000
fb: -0.23833 -0.02550 0.19016 0.18752
fb: -0.18008 -0.02678 0.16103 0.15840
dist/lin/ang/drive_left/drive_right/tv_l/tv_r/av_l/av_r/x/y/theta/t_err: -0.03427 -0.22264 0.00000 -0.15330 -0.20686 0.10761 0.08897 0.10761 0.08897 1.36532 -0.71996 181.25426 -0.09245
target: -0.22264 0.00000
target: -0.22264 0.00000
fb: -0.12779 -0.02259 -0.21648 -0.21648
fb: -0.10642 -0.01747 -0.22717 -0.22717
dist/lin/ang/drive_left/drive_right/tv_l/tv_r/av_l/av_r/x/y/theta/t_err: -0.03220 -0.00680 0.00000 -0.08894 -0.12389 0.01369 0.07033 0.01369 0.07033 1.28154 -0.72165 181.07273 -0.08928
target: -0.00680 0.00000
target: -0.00680 0.00000
fb: -0.10071 -0.01470 -0.08272 -0.08272
fb: -0.08928 -0.00639 -0.08272 -0.08272
dist/lin/ang/drive_left/drive_right/tv_l/tv_r/av_l/av_r/x/y/theta/t_err: -0.03045 -0.00505 0.00000 -0.08288 -0.09567 -0.14953 -0.15828 -0.14953 -0.15828 1.21126 -0.72290 180.97111 -0.08750
target: -0.00505 0.00000
target: -0.00505 0.00000
fb: -0.09881 -0.00398 -0.08202 -0.08202
fb: -0.12398 -0.00447 -0.08202 -0.08202
dist/lin/ang/drive_left/drive_right/tv_l/tv_r/av_l/av_r/x/y/theta/t_err: -0.02798 -0.00258 0.00000 -0.11951 -0.12846 -0.09889 -0.09669 -0.09889 -0.09669 1.11365 -0.72453 180.93875 -0.08694
target: -0.00258 0.00000
target: -0.00258 0.00000
fb: -0.13964 -0.00490 -0.08103 -0.08103
fb: -0.15136 0.00256 -0.08103 -0.08103
dist/lin/ang/drive_left/drive_right/tv_l/tv_r/av_l/av_r/x/y/theta/t_err: -0.02496 0.00000 0.00000 -0.15391 -0.14880 -0.08967 -0.08897 -0.08967 -0.08897 0.99448 -0.72645 180.92147 -0.08664
target: 0.00000 0.00000
target: 0.00000 0.00000
fb: -0.13198 0.00710 0.00000 0.00000
fb: -0.10288 0.00838 0.00000 0.00000
dist/lin/ang/drive_left/drive_right/tv_l/tv_r/av_l/av_r/x/y/theta/t_err: -0.02288 0.00000 -0.00000 -0.11126 -0.09450 -0.05269 -0.07733 -0.05269 -0.07733 0.91349 -0.72779 180.98076 -0.08767
target: 0.00000 0.00000
target: 0.00000 0.00000
fb: -0.08721 0.00270 0.00000 0.00000
fb: -0.07548 0.00000 0.00000 0.00000
dist/lin/ang/drive_left/drive_right/tv_l/tv_r/av_l/av_r/x/y/theta/t_err: -0.02137 0.00000 -0.00000 -0.07548 -0.07548 -0.00428 -0.00822 -0.00428 -0.00822 0.85406 -0.72882 180.99988 -0.08801
target: 0.00000 0.00000
target: 0.00000 0.00000
fb: -0.07966 0.00000 0.00000 0.00000
fb: -0.08738 0.00000 0.00000 0.00000
dist/lin/ang/drive_left/drive_right/tv_l/tv_r/av_l/av_r/x/y/theta/t_err: -0.01962 0.00000 0.00000 -0.08738 -0.08738 -0.00069 -0.00067 -0.00069 -0.00067 0.78527 -0.73002 180.99843 -0.08798
target: 0.00000 0.00000
target: 0.00000 0.00000
fb: -0.08340 -0.00057 0.00000 0.00000
fb: -0.08340 0.00000 0.00000 0.00000
dist/lin/ang/drive_left/drive_right/tv_l/tv_r/av_l/av_r/x/y/theta/t_err: -0.01795 0.00000 0.00000 -0.08340 -0.08340 -0.00050 -0.00050 -0.00050 -0.00050 0.71961 -0.73116 180.99212 -0.08787
target: 0.00000 0.00000
target: 0.00000 0.00000
fb: -0.08518 0.00156 0.00000 0.00000
fb: -0.07371 0.00206 0.00000 0.00000
dist/lin/ang/drive_left/drive_right/tv_l/tv_r/av_l/av_r/x/y/theta/t_err: -0.01648 0.00000 -0.00000 -0.07577 -0.07165 -0.00017 -0.00067 -0.00017 -0.00067 0.66158 -0.73217 181.00096 -0.08802
target: 0.00000 0.00000
target: 0.00000 0.00000
fb: -0.06995 0.00000 0.00000 0.00000
fb: -0.06200 0.00000 0.00000 0.00000
dist/lin/ang/drive_left/drive_right/tv_l/tv_r/av_l/av_r/x/y/theta/t_err: -0.01524 0.00000 0.00000 -0.06200 -0.06200 -0.00103 -0.00033 -0.00103 -0.00033 0.61276 -0.73302 180.99871 -0.08799
target: 0.00000 0.00000
target: 0.00000 0.00000
fb: -0.04259 0.00078 0.00000 0.00000
fb: -0.03685 0.00156 0.00000 0.00000
dist/lin/ang/drive_left/drive_right/tv_l/tv_r/av_l/av_r/x/y/theta/t_err: -0.01450 0.00000 -0.00000 -0.03842 -0.03529 -0.00136 -0.00033 -0.00136 -0.00033 0.58375 -0.73353 181.00284 -0.08806
target: 0.00000 0.00000
target: 0.00000 0.00000
fb: -0.03112 0.00241 0.00000 0.00000
fb: -0.02716 0.00398 0.00000 0.00000
dist/lin/ang/drive_left/drive_right/tv_l/tv_r/av_l/av_r/x/y/theta/t_err: -0.01395 0.00000 -0.00000 -0.03114 -0.02318 -0.00083 -0.00103 -0.00083 -0.00103 0.56237 -0.73391 181.02267 -0.08840
target: 0.00000 0.00000
target: 0.00000 0.00000
fb: -0.02518 0.00263 0.00000 0.00000
fb: -0.01943 -0.00078 0.00000 0.00000
start is 0.00000 0.00000
dist/lin/ang/drive_left/drive_right/tv_l/tv_r/av_l/av_r/x/y/theta/t_err: 0.60960 1.77800 0.00000 0.00000 0.00000 0.00000 0.00017 0.00000 0.00017 0.00000 -0.00000 -0.00121 0.00002
target: 1.77800 0.00000
target: 1.77800 0.00000
fb: -0.00000 0.00000 1.00000 1.00000
fb: -0.00000 0.00000 1.00000 1.00000
dist/lin/ang/drive_left/drive_right/tv_l/tv_r/av_l/av_r/x/y/theta/t_err: 0.60960 1.77800 0.00000 -0.00000 -0.00000 0.13142 0.08214 0.13142 0.08214 -0.00000 -0.00000 0.00022 -0.00000
target: 1.77800 0.00000
target: 1.77800 0.00000
fb: -0.00000 0.00000 1.00000 1.00000
fb: 0.00003 -0.00938 1.00000 1.00000
dist/lin/ang/drive_left/drive_right/tv_l/tv_r/av_l/av_r/x/y/theta/t_err: 0.60960 1.77800 0.00000 0.00940 -0.00935 0.57372 0.53075 0.57372 0.53075 0.00002 -0.00000 -0.03271 0.00057
target: 1.77800 0.00000
target: 1.77800 0.00000
fb: -0.00390 -0.01129 1.00000 1.00000
fb: 0.04864 -0.01477 1.00000 1.00000
dist/lin/ang/drive_left/drive_right/tv_l/tv_r/av_l/av_r/x/y/theta/t_err: 0.60863 1.77800 0.00000 0.06341 0.03386 0.68289 0.71847 0.68289 0.71847 0.03832 -0.00008 -0.13776 0.00241
target: 1.77800 0.00000
target: 1.77800 0.00000
fb: 0.19407 -0.01719 1.00000 1.00000
fb: 0.35097 -0.01662 1.00000 1.00000
dist/lin/ang/drive_left/drive_right/tv_l/tv_r/av_l/av_r/x/y/theta/t_err: 0.60161 1.77800 0.00000 0.36759 0.33435 0.67778 0.70325 0.67778 0.70325 0.31468 -0.00111 -0.27871 0.00491
target: 1.77800 0.00000
target: 1.77800 0.00000
fb: 0.42290 -0.01179 1.00000 1.00000
fb: 0.41139 -0.00568 1.00000 1.00000
dist/lin/ang/drive_left/drive_right/tv_l/tv_r/av_l/av_r/x/y/theta/t_err: 0.59338 1.77800 0.00000 0.41707 0.40571 0.78267 0.79069 0.78267 0.79069 0.63860 -0.00297 -0.37065 0.00660
target: 1.77800 0.00000
target: 1.77800 0.00000
fb: 0.40163 0.00227 1.00000 1.00000
fb: 0.47307 0.00760 1.00000 1.00000
dist/lin/ang/drive_left/drive_right/tv_l/tv_r/av_l/av_r/x/y/theta/t_err: 0.58392 1.76664 0.00000 0.46547 0.48067 0.82322 0.80986 0.82322 0.80986 1.01109 -0.00531 -0.34231 0.00621
target: 1.76664 0.00000
target: 1.76664 0.00000
fb: 0.53703 0.00916 1.00000 1.00000
fb: 0.56241 0.00540 1.00000 1.00000
dist/lin/ang/drive_left/drive_right/tv_l/tv_r/av_l/av_r/x/y/theta/t_err: 0.57267 1.74876 0.00000 0.55701 0.56780 0.82867 0.81278 0.82867 0.81278 1.45392 -0.00769 -0.28023 0.00523
target: 1.74876 0.00000
target: 1.74876 0.00000
fb: 0.61671 0.00327 1.00000 1.00000
fb: 0.63218 -0.00192 1.00000 1.00000
dist/lin/ang/drive_left/drive_right/tv_l/tv_r/av_l/av_r/x/y/theta/t_err: 0.56003 1.72844 0.00000 0.63410 0.63027 0.83467 0.82936 0.83467 0.82936 1.95170 -0.01006 -0.27547 0.00526
target: 1.72844 0.00000
target: 1.72844 0.00000
fb: 0.70987 0.00128 1.00000 1.00000
fb: 0.84557 0.00000 1.00000 1.00000
dist/lin/ang/drive_left/drive_right/tv_l/tv_r/av_l/av_r/x/y/theta/t_err: 0.54312 1.70088 0.00000 0.84557 0.84557 0.83467 0.83039 0.83467 0.83039 2.61749 -0.01327 -0.27905 0.00549
target: 1.70088 0.00000
target: 1.70088 0.00000
fb: 0.89014 0.00149 1.00000 1.00000
fb: 0.92722 -0.00547 1.00000 1.00000
dist/lin/ang/drive_left/drive_right/tv_l/tv_r/av_l/av_r/x/y/theta/t_err: 0.52457 1.67014 0.00000 0.93269 0.92175 0.84153 0.84169 0.84153 0.84169 3.34758 -0.01686 -0.29372 0.00594
target: 1.67014 0.00000
target: 1.67014 0.00000
fb: 0.93874 -0.01101 1.00000 1.00000
fb: 1.02196 -0.01406 1.00000 1.00000
dist/lin/ang/drive_left/drive_right/tv_l/tv_r/av_l/av_r/x/y/theta/t_err: 0.50413 1.63559 0.00000 1.03603 1.00790 0.86325 0.86444 0.86325 0.86444 4.15226 -0.02170 -0.39599 0.00800
target: 1.63559 0.00000
target: 1.63559 0.00000
fb: 1.13274 -0.01073 0.92832 0.94468
fb: 1.10955 -0.00653 0.93992 0.95628
dist/lin/ang/drive_left/drive_right/tv_l/tv_r/av_l/av_r/x/y/theta/t_err: 0.48194 1.59724 0.00000 1.11608 1.10302 0.72497 0.73286 0.72497 0.73286 5.02590 -0.02845 -0.48011 0.00988
target: 1.59724 0.00000
target: 1.59724 0.00000
fb: 1.11128 -0.00170 0.88510 0.90108
fb: 1.13641 -0.00099 0.87254 0.88851
dist/lin/ang/drive_left/drive_right/tv_l/tv_r/av_l/av_r/x/y/theta/t_err: 0.45922 1.55697 0.00000 1.13741 1.13542 0.68906 0.73697 0.68906 0.73697 5.92068 -0.03613 -0.49902 0.01071
target: 1.55697 0.00000
target: 1.55697 0.00000
fb: 1.09185 -0.00504 0.84759 0.86315
fb: 1.14615 -0.00405 0.82044 0.83601
dist/lin/ang/drive_left/drive_right/tv_l/tv_r/av_l/av_r/x/y/theta/t_err: 0.43629 1.51528 0.00000 1.15019 1.14210 0.71917 0.73611 0.71917 0.73611 6.82312 -0.04437 -0.54487 0.01209
target: 1.51528 0.00000
target: 1.51528 0.00000
fb: 1.22183 -0.00178 0.73615 0.75130
fb: 1.27633 -0.00554 0.70890 0.72405
dist/lin/ang/drive_left/drive_right/tv_l/tv_r/av_l/av_r/x/y/theta/t_err: 0.41077 1.46746 0.00000 1.28187 1.27079 0.71608 0.74567 0.71608 0.74567 7.82805 -0.05424 -0.58272 0.01352
target: 1.46746 0.00000
target: 1.46746 0.00000
fb: 1.32269 -0.01215 0.61223 0.62691
fb: 1.28191 -0.01506 0.63262 0.64730
dist/lin/ang/drive_left/drive_right/tv_l/tv_r/av_l/av_r/x/y/theta/t_err: 0.38513 1.41781 0.00000 1.29697 1.26685 0.69078 0.69608 0.69078 0.69608 8.83737 -0.06543 -0.69619 0.01647
target: 1.41781 0.00000
target: 1.41781 0.00000
fb: 1.24926 -0.01392 0.59305 0.60723
fb: 1.31124 -0.00732 0.56206 0.57624
dist/lin/ang/drive_left/drive_right/tv_l/tv_r/av_l/av_r/x/y/theta/t_err: 0.35891 1.36516 0.00000 1.31856 1.30393 0.62164 0.62658 0.62164 0.62658 9.86975 -0.07899 -0.79385 0.01945
target: 1.36516 0.00000
target: 1.36516 0.00000
fb: 1.31671 -0.00192 0.49528 0.50893
fb: 1.26242 -0.00611 0.52243 0.53608
dist/lin/ang/drive_left/drive_right/tv_l/tv_r/av_l/av_r/x/y/theta/t_err: 0.33367 1.31249 0.00000 1.26852 1.25631 0.56450 0.56536 0.56450 0.56536 10.86368 -0.09293 -0.81963 0.02138
target: 1.31249 0.00000
target: 1.31249 0.00000
fb: 1.26267 -0.00952 0.47159 0.48472
fb: 1.25496 -0.00661 0.47545 0.48857
dist/lin/ang/drive_left/drive_right/tv_l/tv_r/av_l/av_r/x/y/theta/t_err: 0.30858 1.25793 0.00000 1.26156 1.24835 0.51181 0.51967 0.51181 0.51967 11.85173 -0.10775 -0.89450 0.02448
target: 1.25793 0.00000
target: 1.25793 0.00000
fb: 1.28010 -0.00476 0.40209 0.41467
fb: 1.26641 -0.00653 0.40894 0.42152
dist/lin/ang/drive_left/drive_right/tv_l/tv_r/av_l/av_r/x/y/theta/t_err: 0.28326 1.20038 0.00000 1.27295 1.25988 0.47211 0.47861 0.47211 0.47861 12.84877 -0.12376 -0.94680 0.02762
target: 1.20038 0.00000
target: 1.20038 0.00000
fb: 1.30901 -0.00930 0.31887 0.33087
fb: 1.35756 -0.00739 0.29459 0.30660
dist/lin/ang/drive_left/drive_right/tv_l/tv_r/av_l/av_r/x/y/theta/t_err: 0.25612 1.13546 0.00000 1.36495 1.35017 0.40775 0.42386 0.40775 0.42386 13.91756 -0.14211 -1.01738 0.03185
target: 1.13546 0.00000
target: 1.13546 0.00000
fb: 1.28007 0.00362 0.23784 0.24920
fb: 1.23341 0.01975 0.26117 0.27252
dist/lin/ang/drive_left/drive_right/tv_l/tv_r/av_l/av_r/x/y/theta/t_err: 0.23146 1.07307 0.00000 1.21367 1.25316 0.37267 0.35897 0.37267 0.35897 14.88860 -0.15897 -0.93707 0.03380
target: 1.07307 0.00000
target: 1.07307 0.00000
fb: 1.18676 0.02486 0.23605 0.24679
fb: 1.13445 0.01939 0.26221 0.27294
dist/lin/ang/drive_left/drive_right/tv_l/tv_r/av_l/av_r/x/y/theta/t_err: 0.20879 1.01231 0.00000 1.11506 1.15384 0.31931 0.32458 0.31931 0.32458 15.78178 -0.17194 -0.73557 0.03376
target: 1.01231 0.00000
target: 1.01231 0.00000
fb: 1.09765 0.01328 0.22956 0.23969
fb: 1.04913 0.01499 0.25382 0.26394
dist/lin/ang/drive_left/drive_right/tv_l/tv_r/av_l/av_r/x/y/theta/t_err: 0.18782 0.95268 0.00000 1.03414 1.06411 0.28233 0.30306 0.28233 0.30306 16.60781 -0.18168 -0.61383 0.03529
target: 0.95268 0.00000
target: 0.95268 0.00000
fb: 1.06259 0.01222 0.19492 0.20445
fb: 0.98515 0.01243 0.23364 0.24317
dist/lin/ang/drive_left/drive_right/tv_l/tv_r/av_l/av_r/x/y/theta/t_err: 0.16813 0.89307 0.00000 0.97272 0.99758 0.26383 0.27189 0.26383 0.27189 17.38348 -0.18929 -0.50522 0.03742
target: 0.89307 0.00000
target: 0.89307 0.00000
fb: 0.99881 0.01797 0.16969 0.17862
fb: 1.00253 0.02060 0.16783 0.17676
dist/lin/ang/drive_left/drive_right/tv_l/tv_r/av_l/av_r/x/y/theta/t_err: 0.14798 0.82763 0.00000 0.98193 1.02313 0.25408 0.25289 0.25408 0.25289 18.17285 -0.19525 -0.34040 0.03454
target: 0.82763 0.00000
target: 0.82763 0.00000
fb: 0.88028 0.01428 0.13990 0.14817
fb: 0.87259 0.01442 0.14374 0.15202
dist/lin/ang/drive_left/drive_right/tv_l/tv_r/av_l/av_r/x/y/theta/t_err: 0.13054 0.76650 0.00000 0.85817 0.88701 0.19592 0.20175 0.19592 0.20175 18.85992 -0.19848 -0.20457 0.03217
target: 0.76650 0.00000
target: 0.76650 0.00000
fb: 0.76403 0.01435 0.15875 0.16641
fb: 0.77950 0.00490 0.15101 0.15868
dist/lin/ang/drive_left/drive_right/tv_l/tv_r/av_l/av_r/x/y/theta/t_err: 0.11496 0.70743 0.00000 0.77460 0.78440 0.17178 0.18650 0.17178 0.18650 19.47369 -0.19997 -0.10078 0.03036
target: 0.70743 0.00000
target: 0.70743 0.00000
fb: 0.79698 0.00298 0.09484 0.10191
fb: 0.63414 0.00462 0.17625 0.18333
dist/lin/ang/drive_left/drive_right/tv_l/tv_r/av_l/av_r/x/y/theta/t_err: 0.10228 0.65544 0.00000 0.62952 0.63876 0.15775 0.15672 0.15775 0.15672 19.97301 -0.20071 -0.06339 0.02971
target: 0.65544 0.00000
target: 0.65544 0.00000
fb: 0.64186 0.00277 0.15435 0.16090
fb: 0.65555 0.00227 0.14750 0.15406
dist/lin/ang/drive_left/drive_right/tv_l/tv_r/av_l/av_r/x/y/theta/t_err: 0.08917 0.59695 0.00000 0.65328 0.65783 0.16972 0.18017 0.16972 0.18017 20.48920 -0.20115 -0.03571 0.02922
target: 0.59695 0.00000
target: 0.59695 0.00000
fb: 0.58957 0.00483 0.09509 0.10106
fb: 0.54301 0.00284 0.11837 0.12434
dist/lin/ang/drive_left/drive_right/tv_l/tv_r/av_l/av_r/x/y/theta/t_err: 0.07831 0.54377 0.00000 0.54017 0.54585 0.14322 0.15072 0.14322 0.15072 20.91676 -0.20127 0.00299 0.02855
target: 0.54377 0.00000
target: 0.54377 0.00000
fb: 0.49249 0.00085 0.11645 0.12189
fb: 0.49051 0.00234 0.11744 0.12288
dist/lin/ang/drive_left/drive_right/tv_l/tv_r/av_l/av_r/x/y/theta/t_err: 0.06851 0.49079 0.00000 0.48816 0.49285 0.13089 0.13961 0.13089 0.13961 21.30299 -0.20118 0.02315 0.02820
target: 0.49079 0.00000
target: 0.49079 0.00000
fb: 0.50816 0.00057 -0.10132 -0.09641
fb: 0.45190 -0.00064 0.08681 0.09172
dist/lin/ang/drive_left/drive_right/tv_l/tv_r/av_l/av_r/x/y/theta/t_err: 0.05947 0.43632 0.00000 0.45254 0.45126 0.04192 0.04294 0.04192 0.04294 21.65882 -0.20100 0.03301 0.02803
target: 0.43632 0.00000
target: 0.43632 0.00000
fb: 0.37048 0.00192 -0.09148 -0.08712
fb: 0.33361 0.00440 0.08695 0.09131
dist/lin/ang/drive_left/drive_right/tv_l/tv_r/av_l/av_r/x/y/theta/t_err: 0.05280 0.39129 0.00000 0.32921 0.33801 0.00789 -0.00000 0.00789 -0.00000 21.92150 -0.20079 0.06352 0.02749
target: 0.39129 0.00000
target: 0.39129 0.00000
fb: 0.29852 0.00064 0.10373 0.10765
fb: 0.26765 -0.00163 0.11917 0.12308
dist/lin/ang/drive_left/drive_right/tv_l/tv_r/av_l/av_r/x/y/theta/t_err: 0.04745 0.35100 0.00000 0.26929 0.26602 0.08661 0.09444 0.08661 0.09444 22.13225 -0.20053 0.07079 0.02737
target: 0.35100 0.00000
target: 0.35100 0.00000
fb: 0.27935 0.00000 0.09596 0.09947
fb: 0.26943 -0.00170 0.10092 0.10443
dist/lin/ang/drive_left/drive_right/tv_l/tv_r/av_l/av_r/x/y/theta/t_err: 0.04206 0.30510 0.00000 0.27113 0.26772 0.10814 0.11464 0.10814 0.11464 22.34440 -0.20027 0.06807 0.02741
target: 0.30510 0.00000
target: 0.30510 0.00000
fb: 0.26767 -0.00156 -0.12747 -0.12442
fb: 0.25223 -0.00263 -0.11975 -0.11670
dist/lin/ang/drive_left/drive_right/tv_l/tv_r/av_l/av_r/x/y/theta/t_err: 0.03701 0.25474 0.00000 0.25485 0.24960 0.01317 0.01214 0.01317 0.01214 22.54301 -0.20005 0.05458 0.02765
target: 0.25474 0.00000
target: 0.25474 0.00000
fb: 0.23083 -0.00256 -0.17750 -0.17496
fb: 0.18228 -0.00341 -0.15323 -0.15068
dist/lin/ang/drive_left/drive_right/tv_l/tv_r/av_l/av_r/x/y/theta/t_err: 0.03337 0.21097 0.00000 0.18569 0.17887 -0.11619 -0.11894 -0.11619 -0.11894 22.68653 -0.19993 0.03645 0.02797
target: 0.21097 0.00000
target: 0.21097 0.00000
fb: 0.08720 -0.01051 0.22628 0.22628
fb: 0.03890 -0.00923 0.25043 0.25043
dist/lin/ang/drive_left/drive_right/tv_l/tv_r/av_l/av_r/x/y/theta/t_err: 0.03258 0.00718 0.00000 0.04813 0.02967 -0.05511 -0.00461 -0.05511 -0.00461 22.71716 -0.19993 -0.03632 0.02924
target: 0.00718 0.00000
target: 0.00718 0.00000
fb: 0.03888 0.00000 0.08287 0.08287
fb: 0.06001 0.00746 0.08287 0.08287
dist/lin/ang/drive_left/drive_right/tv_l/tv_r/av_l/av_r/x/y/theta/t_err: 0.03138 0.00598 0.00000 0.05255 0.06746 0.17519 0.18461 0.17519 0.18461 22.76441 -0.19996 -0.02163 0.02898
target: 0.00598 0.00000
target: 0.00598 0.00000
fb: 0.08535 0.00625 0.08239 0.08239
fb: 0.10675 0.00916 0.08239 0.08239
dist/lin/ang/drive_left/drive_right/tv_l/tv_r/av_l/av_r/x/y/theta/t_err: 0.02925 0.00385 0.00000 0.09759 0.11591 0.10250 0.10081 0.10250 0.10081 22.84847 -0.19995 0.03525 0.02799
target: 0.00385 0.00000
target: 0.00385 0.00000
fb: 0.10078 0.00867 0.08154 0.08154
fb: 0.07938 0.00732 0.08154 0.08154
dist/lin/ang/drive_left/drive_right/tv_l/tv_r/av_l/av_r/x/y/theta/t_err: 0.02767 0.00227 0.00000 0.07206 0.08669 0.08436 0.08469 0.08436 0.08469 22.91097 -0.19988 0.10464 0.02678
target: 0.00227 0.00000
target: 0.00227 0.00000
fb: 0.06594 0.00192 0.08091 0.08091
fb: 0.05626 -0.00071 0.08091 0.08091
dist/lin/ang/drive_left/drive_right/tv_l/tv_r/av_l/av_r/x/y/theta/t_err: 0.02655 0.00115 0.00000 0.05697 0.05555 0.07992 0.07942 0.07992 0.07942 22.95527 -0.19979 0.11119 0.02666
target: 0.00115 0.00000
target: 0.00115 0.00000
fb: 0.04061 0.00000 0.08046 0.08046
fb: 0.06598 0.00085 0.08046 0.08046
dist/lin/ang/drive_left/drive_right/tv_l/tv_r/av_l/av_r/x/y/theta/t_err: 0.02523 0.00000 0.00000 0.06513 0.06683 0.08008 0.07922 0.08008 0.07922 23.00722 -0.19969 0.10916 0.02670
target: 0.00000 0.00000
target: 0.00000 0.00000
fb: 0.07768 -0.00362 0.00000 0.00000
fb: 0.06976 -0.00597 0.00000 0.00000
dist/lin/ang/drive_left/drive_right/tv_l/tv_r/av_l/av_r/x/y/theta/t_err: 0.02383 0.00000 0.00000 0.07573 0.06379 0.04928 0.04775 0.04928 0.04775 23.06215 -0.19960 0.07256 0.02734
target: 0.00000 0.00000
target: 0.00000 0.00000
fb: 0.08920 -0.00817 0.00000 0.00000
fb: 0.08347 -0.00945 0.00000 0.00000
dist/lin/ang/drive_left/drive_right/tv_l/tv_r/av_l/av_r/x/y/theta/t_err: 0.02215 0.00000 0.00000 0.09292 0.07402 0.00425 0.00442 0.00425 0.00442 23.12787 -0.19956 0.00353 0.02854
target: 0.00000 0.00000
target: 0.00000 0.00000
fb: 0.08149 -0.00788 0.00000 0.00000
fb: 0.08148 -0.00661 0.00000 0.00000
dist/lin/ang/drive_left/drive_right/tv_l/tv_r/av_l/av_r/x/y/theta/t_err: 0.02052 0.00000 0.00000 0.08808 0.07487 0.00067 0.00100 0.00067 0.00100 23.19203 -0.19959 -0.05627 0.02958
target: 0.00000 0.00000
target: 0.00000 0.00000
fb: 0.06205 -0.00561 0.00000 0.00000
fb: 0.05057 -0.00405 0.00000 0.00000
dist/lin/ang/drive_left/drive_right/tv_l/tv_r/av_l/av_r/x/y/theta/t_err: 0.01950 0.00000 0.00000 0.05461 0.04652 0.00067 0.00033 0.00067 0.00033 23.23184 -0.19964 -0.09566 0.03027
target: 0.00000 0.00000
target: 0.00000 0.00000
fb: 0.04283 -0.00170 0.00000 0.00000
fb: 0.03487 -0.00057 0.00000 0.00000
dist/lin/ang/drive_left/drive_right/tv_l/tv_r/av_l/av_r/x/y/theta/t_err: 0.01880 0.00000 0.00000 0.03544 0.03430 0.00050 0.00033 0.00050 0.00033 23.25930 -0.19969 -0.10428 0.03042
target: 0.00000 0.00000
target: 0.00000 0.00000
fb: 0.03685 0.00071 0.00000 0.00000
fb: 0.03110 0.00142 0.00000 0.00000
dist/lin/ang/drive_left/drive_right/tv_l/tv_r/av_l/av_r/x/y/theta/t_err: 0.01818 0.00000 0.00000 0.02968 0.03252 0.00033 0.00033 0.00033 0.00033 23.28379 -0.19973 -0.09154 0.03020
target: 0.00000 0.00000
target: 0.00000 0.00000
fb: 0.02315 0.00163 0.00000 0.00000
fb: 0.01918 0.00085 0.00000 0.00000
dist/lin/ang/drive_left/drive_right/tv_l/tv_r/av_l/av_r/x/y/theta/t_err: 0.01780 0.00000 0.00000 0.01833 0.02003 0.00050 0.00033 0.00050 0.00033 23.29890 -0.19975 -0.07436 0.02990
target: 0.00000 0.00000
target: 0.00000 0.00000
fb: 0.00771 0.00000 0.00000 0.00000
fb: -0.00001 0.00000 0.00000 0.00000
dist/lin/ang/drive_left/drive_right/tv_l/tv_r/av_l/av_r/x/y/theta/t_err: 0.01780 0.00000 0.00000 -0.00001 -0.00001 -0.00017 0.00033 -0.00017 0.00033 23.29889 -0.19975 -0.06862 0.02980
target: 0.00000 0.00000
target: 0.00000 0.00000
fb: -0.00000 0.00000 0.00000 0.00000
fb: 0.00000 0.00000 0.00000 0.00000
final error: 0.72901, x: 0.70111, y: 0.19975
final local error: 0.72901, forwards: 0.70085, sideways: 0.20063
position: 23.29889 -0.19975 -0.07192
took 1.08000 time to finish turn
dist/lin/ang/drive_left/drive_right/tv_l/tv_r/av_l/av_r/x/y/theta/t_err: -0.59189 -1.77800 0.00000 0.00000 0.00000 0.00017 -0.00000 0.00017 -0.00000 23.30205 -0.19976 179.89034 -0.00666
target: -1.77800 0.00000
target: -1.77800 0.00000
fb: 0.00000 0.00000 -1.00000 -1.00000
fb: -0.00000 0.00000 -1.00000 -1.00000
dist/lin/ang/drive_left/drive_right/tv_l/tv_r/av_l/av_r/x/y/theta/t_err: -0.59189 -1.77800 0.00000 -0.00000 -0.00000 -0.13397 -0.07836 -0.13397 -0.07836 23.30205 -0.19976 179.89200 -0.00669
target: -1.77800 0.00000
target: -1.77800 0.00000
fb: -0.00000 0.00000 -1.00000 -1.00000
fb: -0.00001 0.00206 -1.00000 -1.00000
dist/lin/ang/drive_left/drive_right/tv_l/tv_r/av_l/av_r/x/y/theta/t_err: -0.59189 -1.77800 0.00000 -0.00207 0.00205 -0.58297 -0.54239 -0.58297 -0.54239 23.30204 -0.19976 179.89880 -0.00681
target: -1.77800 0.00000
target: -1.77800 0.00000
fb: -0.00005 0.01144 -1.00000 -1.00000
fb: -0.00004 -0.00469 -1.00000 -1.00000
dist/lin/ang/drive_left/drive_right/tv_l/tv_r/av_l/av_r/x/y/theta/t_err: -0.59189 -1.77800 0.00000 0.00465 -0.00473 -0.74536 -0.70803 -0.74536 -0.70803 23.30201 -0.19976 179.94207 -0.00756
target: -1.77800 0.00000
target: -1.77800 0.00000
fb: -0.11824 -0.00881 -1.00000 -1.00000
fb: -0.28109 0.00000 -1.00000 -1.00000
dist/lin/ang/drive_left/drive_right/tv_l/tv_r/av_l/av_r/x/y/theta/t_err: -0.58627 -1.77035 0.00000 -0.28109 -0.28109 -0.72261 -0.64628 -0.72261 -0.64628 23.08068 -0.19943 179.90385 -0.00696
target: -1.77035 0.00000
target: -1.77035 0.00000
fb: -0.34535 0.00746 -1.00000 -1.00000
fb: -0.39967 0.00760 -1.00000 -1.00000
dist/lin/ang/drive_left/drive_right/tv_l/tv_r/av_l/av_r/x/y/theta/t_err: -0.57828 -1.75769 0.00000 -0.40727 -0.39207 -0.73542 -0.66014 -0.73542 -0.66014 22.76599 -0.19905 179.96586 -0.00815
target: -1.75769 0.00000
target: -1.75769 0.00000
fb: -0.41491 0.00746 -1.00000 -1.00000
fb: -0.50053 0.01094 -1.00000 -1.00000
dist/lin/ang/drive_left/drive_right/tv_l/tv_r/av_l/av_r/x/y/theta/t_err: -0.56827 -1.74171 0.00000 -0.51147 -0.48959 -0.75581 -0.73628 -0.75581 -0.73628 22.37187 -0.19913 180.05202 -0.00981
target: -1.74171 0.00000
target: -1.74171 0.00000
fb: -0.62082 0.01619 -1.00000 -1.00000
fb: -0.61666 0.01953 -1.00000 -1.00000
dist/lin/ang/drive_left/drive_right/tv_l/tv_r/av_l/av_r/x/y/theta/t_err: -0.55594 -1.72181 0.00000 -0.63619 -0.59713 -0.75956 -0.76042 -0.75956 -0.76042 21.88631 -0.20017 180.20521 -0.01273
target: -1.72181 0.00000
target: -1.72181 0.00000
fb: -0.62263 0.01847 -1.00000 -1.00000
fb: -0.70626 0.01882 -1.00000 -1.00000
dist/lin/ang/drive_left/drive_right/tv_l/tv_r/av_l/av_r/x/y/theta/t_err: -0.54181 -1.69874 0.00000 -0.72508 -0.68744 -0.77736 -0.80933 -0.77736 -0.80933 21.33021 -0.20302 180.37398 -0.01605
target: -1.69874 0.00000
target: -1.69874 0.00000
fb: -0.72369 0.01726 -1.00000 -1.00000
fb: -0.79142 0.01605 -1.00000 -1.00000
dist/lin/ang/drive_left/drive_right/tv_l/tv_r/av_l/av_r/x/y/theta/t_err: -0.52599 -1.67251 0.00000 -0.80747 -0.77537 -0.79667 -0.80969 -0.79667 -0.80969 20.70706 -0.20799 180.52480 -0.01920
target: -1.67251 0.00000
target: -1.67251 0.00000
fb: -0.88826 0.01016 -1.00000 -1.00000
fb: -0.84167 0.00717 -1.00000 -1.00000
dist/lin/ang/drive_left/drive_right/tv_l/tv_r/av_l/av_r/x/y/theta/t_err: -0.50916 -1.64415 0.00000 -0.84885 -0.83450 -0.81842 -0.82472 -0.81842 -0.82472 20.04436 -0.21461 180.61318 -0.02141
target: -1.64415 0.00000
target: -1.64415 0.00000
fb: -0.90962 0.00810 -1.00000 -1.00000
fb: -0.94450 0.01534 -1.00000 -1.00000
dist/lin/ang/drive_left/drive_right/tv_l/tv_r/av_l/av_r/x/y/theta/t_err: -0.49027 -1.61174 0.00000 -0.95984 -0.92916 -0.83414 -0.84083 -0.83414 -0.84083 19.30071 -0.22304 180.69870 -0.02375
target: -1.61174 0.00000
target: -1.61174 0.00000
fb: -1.02220 0.01577 -0.97031 -0.98643
fb: -1.13471 0.00313 -0.91406 -0.93017
dist/lin/ang/drive_left/drive_right/tv_l/tv_r/av_l/av_r/x/y/theta/t_err: -0.46758 -1.57192 0.00000 -1.13784 -1.13159 -0.76794 -0.68494 -0.76794 -0.68494 18.40731 -0.23482 180.79302 -0.02660
target: -1.57192 0.00000
target: -1.57192 0.00000
fb: -1.10730 0.00078 -0.85620 -0.87192
fb: -1.14812 0.00632 -0.83579 -0.85151
dist/lin/ang/drive_left/drive_right/tv_l/tv_r/av_l/av_r/x/y/theta/t_err: -0.44463 -1.53057 0.00000 -1.15444 -1.14179 -0.62847 -0.65892 -0.62847 -0.65892 17.50337 -0.24749 180.82146 -0.02848
target: -1.53057 0.00000
target: -1.53057 0.00000
fb: -1.17927 0.01030 -0.77368 -0.78898
fb: -1.15789 0.01399 -0.78436 -0.79967
dist/lin/ang/drive_left/drive_right/tv_l/tv_r/av_l/av_r/x/y/theta/t_err: -0.42148 -1.48772 0.00000 -1.17189 -1.14390 -0.70872 -0.70206 -0.70872 -0.70206 16.59175 -0.26134 180.92684 -0.03193
target: -1.48772 0.00000
target: -1.48772 0.00000
fb: -1.15591 0.01136 -0.73741 -0.75229
fb: -1.22187 0.00455 -0.70443 -0.71931
dist/lin/ang/drive_left/drive_right/tv_l/tv_r/av_l/av_r/x/y/theta/t_err: -0.39706 -1.44112 0.00000 -1.22641 -1.21732 -0.73133 -0.70611 -0.73133 -0.70611 15.62979 -0.27774 181.01395 -0.03546
target: -1.44112 0.00000
target: -1.44112 0.00000
fb: -1.21809 0.00519 -0.64474 -0.65915
fb: -1.17927 0.01271 -0.66415 -0.67856
dist/lin/ang/drive_left/drive_right/tv_l/tv_r/av_l/av_r/x/y/theta/t_err: -0.37349 -1.39468 0.00000 -1.19198 -1.16655 -0.68836 -0.69639 -0.68836 -0.69639 14.70139 -0.29463 181.08471 -0.03897
target: -1.39468 0.00000
target: -1.39468 0.00000
fb: -1.25677 0.01818 -0.58151 -0.59546
fb: -1.26849 0.01889 -0.57565 -0.58960
dist/lin/ang/drive_left/drive_right/tv_l/tv_r/av_l/av_r/x/y/theta/t_err: -0.34814 -1.34294 0.00000 -1.28738 -1.24959 -0.62986 -0.65244 -0.62986 -0.65244 13.70278 -0.31483 181.23754 -0.04457
target: -1.34294 0.00000
target: -1.34294 0.00000
fb: -1.27620 0.01605 -0.49829 -0.51172
fb: -1.26274 0.01861 -0.50502 -0.51845
dist/lin/ang/drive_left/drive_right/tv_l/tv_r/av_l/av_r/x/y/theta/t_err: -0.32292 -1.28939 0.00000 -1.28135 -1.24413 -0.54583 -0.58175 -0.54583 -0.58175 12.70876 -0.33749 181.37995 -0.05063
target: -1.28939 0.00000
target: -1.28939 0.00000
fb: -1.18904 0.01591 -0.48231 -0.49521
fb: -1.29561 0.01470 -0.42903 -0.44192
dist/lin/ang/drive_left/drive_right/tv_l/tv_r/av_l/av_r/x/y/theta/t_err: -0.29704 -1.23205 0.00000 -1.31031 -1.28090 -0.50067 -0.51983 -0.50067 -0.51983 11.68893 -0.36330 181.50895 -0.05741
target: -1.23205 0.00000
target: -1.23205 0.00000
fb: -1.24131 0.01513 -0.38407 -0.39639
fb: -1.22566 0.01896 -0.39189 -0.40421
dist/lin/ang/drive_left/drive_right/tv_l/tv_r/av_l/av_r/x/y/theta/t_err: -0.27257 -1.17525 0.00000 -1.24462 -1.20669 -0.44114 -0.46542 -0.44114 -0.46542 10.72420 -0.38982 181.63992 -0.06496
target: -1.17525 0.00000
target: -1.17525 0.00000
fb: -1.29960 0.01868 -0.30286 -0.31461
fb: -1.23186 0.01946 -0.33673 -0.34848
dist/lin/ang/drive_left/drive_right/tv_l/tv_r/av_l/av_r/x/y/theta/t_err: -0.24800 -1.11529 0.00000 -1.25132 -1.21240 -0.38381 -0.41064 -0.38381 -0.41064 9.75467 -0.41888 181.79464 -0.07424
target: -1.11529 0.00000
target: -1.11529 0.00000
fb: -1.24510 0.02024 -0.25831 -0.26946
fb: -1.17535 0.00824 -0.29319 -0.30434
dist/lin/ang/drive_left/drive_right/tv_l/tv_r/av_l/av_r/x/y/theta/t_err: -0.22456 -1.05495 0.00000 -1.18359 -1.16711 -0.36583 -0.35436 -0.36583 -0.35436 8.82969 -0.44905 181.92780 -0.08446
target: -1.05495 0.00000
target: -1.05495 0.00000
fb: -1.11327 -0.00107 -0.26461 -0.27516
fb: -1.08410 0.00440 -0.27919 -0.28974
dist/lin/ang/drive_left/drive_right/tv_l/tv_r/av_l/av_r/x/y/theta/t_err: -0.20297 -0.99612 0.00000 -1.08851 -1.07970 -0.33672 -0.33639 -0.33672 -0.33639 7.97655 -0.47775 181.93116 -0.09353
target: -0.99612 0.00000
target: -0.99612 0.00000
fb: -1.03956 0.00703 -0.25172 -0.26168
fb: -1.08612 0.00341 -0.22844 -0.23840
dist/lin/ang/drive_left/drive_right/tv_l/tv_r/av_l/av_r/x/y/theta/t_err: -0.18135 -0.93352 0.00000 -1.08953 -1.08271 -0.30147 -0.32800 -0.30147 -0.32800 7.12184 -0.50694 181.97430 -0.10552
target: -0.93352 0.00000
target: -0.93352 0.00000
fb: -1.09780 0.00291 -0.14560 -0.15494
fb: -1.05300 0.00121 -0.16800 -0.17734
dist/lin/ang/drive_left/drive_right/tv_l/tv_r/av_l/av_r/x/y/theta/t_err: -0.16043 -0.86863 -0.00000 -1.05421 -1.05179 -0.24469 -0.26642 -0.24469 -0.26642 6.29320 -0.53561 181.98831 -0.11961
target: -0.86863 0.00000
target: -0.86863 0.00000
fb: -1.01613 -0.00320 -0.11382 -0.12250
fb: -0.95033 -0.01279 -0.14672 -0.15540
dist/lin/ang/drive_left/drive_right/tv_l/tv_r/av_l/av_r/x/y/theta/t_err: -0.14029 -0.80126 0.00000 -0.93754 -0.96311 -0.18922 -0.20378 -0.18922 -0.20378 5.54535 -0.56132 181.93034 -0.11860
target: -0.80126 0.00000
target: -0.80126 0.00000
fb: -0.84942 -0.02067 -0.12132 -0.12933
fb: -0.85709 -0.02593 -0.11748 -0.12550
dist/lin/ang/drive_left/drive_right/tv_l/tv_r/av_l/av_r/x/y/theta/t_err: -0.12321 -0.73931 0.00000 -0.83117 -0.88302 -0.16633 -0.17181 -0.16633 -0.17181 4.87082 -0.58295 181.73829 -0.11524
target: -0.73931 0.00000
target: -0.73931 0.00000
fb: -0.80851 -0.02870 -0.10671 -0.11410
fb: -0.69795 -0.02756 -0.16199 -0.16939
dist/lin/ang/drive_left/drive_right/tv_l/tv_r/av_l/av_r/x/y/theta/t_err: -0.10933 -0.68485 0.00000 -0.67039 -0.72550 -0.13772 -0.14575 -0.13772 -0.14575 4.32148 -0.59842 181.48969 -0.11091
target: -0.68485 0.00000
target: -0.68485 0.00000
fb: -0.64168 -0.02600 -0.17155 -0.17839
fb: -0.62030 -0.02387 -0.18224 -0.18909
dist/lin/ang/drive_left/drive_right/tv_l/tv_r/av_l/av_r/x/y/theta/t_err: -0.09700 -0.63252 0.00000 -0.59643 -0.64416 -0.16869 -0.17761 -0.16869 -0.17761 3.83319 -0.61012 181.26664 -0.10701
target: -0.63252 0.00000
target: -0.63252 0.00000
fb: -0.65340 -0.02656 -0.12504 -0.13137
fb: -0.61256 -0.02742 -0.14546 -0.15179
dist/lin/ang/drive_left/drive_right/tv_l/tv_r/av_l/av_r/x/y/theta/t_err: -0.08482 -0.57621 0.00000 -0.58515 -0.63998 -0.17028 -0.17708 -0.17028 -0.17708 3.35096 -0.61983 181.03221 -0.10292
target: -0.57621 0.00000
target: -0.57621 0.00000
fb: -0.58365 -0.02756 -0.08796 -0.09372
fb: -0.56622 -0.02799 -0.09667 -0.10243
dist/lin/ang/drive_left/drive_right/tv_l/tv_r/av_l/av_r/x/y/theta/t_err: -0.07356 -0.51879 0.00000 -0.53823 -0.59420 -0.13739 -0.14561 -0.13739 -0.14561 2.90518 -0.62694 180.79006 -0.09869
target: -0.51879 0.00000
target: -0.51879 0.00000
fb: -0.53312 -0.02870 0.10691 0.10172
fb: -0.50972 -0.03076 0.09521 0.09003
dist/lin/ang/drive_left/drive_right/tv_l/tv_r/av_l/av_r/x/y/theta/t_err: -0.06345 -0.46109 0.00000 -0.47896 -0.54047 -0.03439 -0.03678 -0.03439 -0.03678 2.50385 -0.63159 180.53307 -0.09421
target: -0.46109 0.00000
target: -0.46109 0.00000
fb: -0.43226 -0.03033 0.11316 0.10855
fb: -0.36054 -0.03076 -0.08269 -0.08731
dist/lin/ang/drive_left/drive_right/tv_l/tv_r/av_l/av_r/x/y/theta/t_err: -0.05631 -0.41562 0.00000 -0.32978 -0.39129 0.08058 0.07819 0.08058 0.07819 2.21997 -0.63357 180.26231 -0.08948
target: -0.41562 0.00000
target: -0.41562 0.00000
fb: -0.32547 -0.02571 -0.11168 -0.11583
fb: -0.25974 -0.02379 -0.14454 -0.14870
dist/lin/ang/drive_left/drive_right/tv_l/tv_r/av_l/av_r/x/y/theta/t_err: -0.05118 -0.37956 0.00000 -0.23595 -0.28354 -0.08111 -0.08403 -0.08111 -0.08403 2.01545 -0.63412 180.04109 -0.08562
target: -0.37956 0.00000
target: -0.37956 0.00000
fb: -0.21318 -0.02855 -0.17549 -0.17929
fb: -0.21890 -0.02976 -0.17263 -0.17643
dist/lin/ang/drive_left/drive_right/tv_l/tv_r/av_l/av_r/x/y/theta/t_err: -0.04687 -0.34638 0.00000 -0.18914 -0.24866 -0.14425 -0.14594 -0.14425 -0.14594 1.84309 -0.63387 179.79744 -0.08137
target: -0.34638 0.00000
target: -0.34638 0.00000
fb: -0.26149 -0.02607 -0.13250 -0.13596
fb: -0.29857 -0.02529 -0.11395 -0.11742
dist/lin/ang/drive_left/drive_right/tv_l/tv_r/av_l/av_r/x/y/theta/t_err: -0.04096 -0.29489 0.00000 -0.27329 -0.32386 -0.15089 -0.15075 -0.15089 -0.15075 1.60800 -0.63257 179.57138 -0.07742
target: -0.29489 0.00000
target: -0.29489 0.00000
fb: -0.29285 -0.02230 0.17503 0.17208
fb: -0.22667 -0.01797 0.14194 0.13900
dist/lin/ang/drive_left/drive_right/tv_l/tv_r/av_l/av_r/x/y/theta/t_err: -0.03648 -0.24882 0.00000 -0.20870 -0.24464 -0.04072 -0.01367 -0.04072 -0.01367 1.42952 -0.63096 179.38636 -0.07420
target: -0.24882 0.00000
target: -0.24882 0.00000
fb: -0.16844 -0.01627 -0.21972 -0.21972
fb: -0.16472 -0.01080 -0.22158 -0.22158
dist/lin/ang/drive_left/drive_right/tv_l/tv_r/av_l/av_r/x/y/theta/t_err: -0.03322 -0.20904 0.00000 -0.15392 -0.17552 0.03078 0.00581 0.03078 0.00581 1.29983 -0.62941 179.25935 -0.07198
target: -0.20904 0.00000
target: -0.20904 0.00000
fb: -0.14736 0.00767 -0.19445 -0.19445
fb: -0.12606 0.01477 -0.20510 -0.20510
dist/lin/ang/drive_left/drive_right/tv_l/tv_r/av_l/av_r/x/y/theta/t_err: -0.03068 -0.00528 -0.00000 -0.14083 -0.11128 -0.17625 -0.18311 -0.17625 -0.18311 1.20058 -0.62817 179.32840 -0.07318
target: -0.00528 0.00000
target: -0.00528 0.00000
fb: -0.13406 0.01740 -0.08211 -0.08211
fb: -0.15922 0.01328 -0.08211 -0.08211
dist/lin/ang/drive_left/drive_right/tv_l/tv_r/av_l/av_r/x/y/theta/t_err: -0.02746 -0.00206 -0.00000 -0.17250 -0.14594 -0.16494 -0.15383 -0.16494 -0.15383 1.07522 -0.62687 179.46607 -0.07559
target: -0.00206 0.00000
target: -0.00206 0.00000
fb: -0.18611 0.01115 0.17120 0.17120
fb: -0.17462 0.01044 -0.08082 -0.08082
dist/lin/ang/drive_left/drive_right/tv_l/tv_r/av_l/av_r/x/y/theta/t_err: -0.02394 0.00000 -0.00000 -0.18506 -0.16418 -0.02706 0.01181 -0.02706 0.01181 0.93773 -0.62569 179.55577 -0.07715
target: 0.00000 0.00000
target: 0.00000 0.00000
fb: -0.16490 0.00909 0.00000 0.00000
fb: -0.14746 0.00710 0.00000 0.00000
dist/lin/ang/drive_left/drive_right/tv_l/tv_r/av_l/av_r/x/y/theta/t_err: -0.02097 0.00000 -0.00000 -0.15456 -0.14036 -0.02756 -0.02567 -0.02756 -0.02567 0.82162 -0.62486 179.62466 -0.07835
target: 0.00000 0.00000
target: 0.00000 0.00000
fb: -0.10486 0.00355 0.00000 0.00000
fb: -0.09887 0.00000 0.00000 0.00000
dist/lin/ang/drive_left/drive_right/tv_l/tv_r/av_l/av_r/x/y/theta/t_err: -0.01899 0.00000 -0.00000 -0.09887 -0.09887 -0.00222 -0.00172 -0.00222 -0.00172 0.74377 -0.62437 179.64423 -0.07870
target: 0.00000 0.00000
target: 0.00000 0.00000
fb: -0.10283 0.00000 0.00000 0.00000
fb: -0.10084 0.00057 0.00000 0.00000
dist/lin/ang/drive_left/drive_right/tv_l/tv_r/av_l/av_r/x/y/theta/t_err: -0.01697 0.00000 0.00000 -0.10141 -0.10027 -0.00050 -0.00050 -0.00050 -0.00050 0.66437 -0.62387 179.64331 -0.07868
target: 0.00000 0.00000
target: 0.00000 0.00000
fb: -0.10459 -0.00156 0.00000 0.00000
fb: -0.09508 -0.00469 0.00000 0.00000
dist/lin/ang/drive_left/drive_right/tv_l/tv_r/av_l/av_r/x/y/theta/t_err: -0.01508 0.00000 0.00000 -0.09039 -0.09977 -0.00308 -0.00136 -0.00308 -0.00136 0.58950 -0.62339 179.61613 -0.07821
target: 0.00000 0.00000
target: 0.00000 0.00000
fb: -0.09131 -0.00455 0.00000 0.00000
fb: -0.07741 -0.00334 0.00000 0.00000
dist/lin/ang/drive_left/drive_right/tv_l/tv_r/av_l/av_r/x/y/theta/t_err: -0.01354 0.00000 0.00000 -0.07408 -0.08075 -0.00481 -0.00292 -0.00481 -0.00292 0.52855 -0.62297 179.57491 -0.07749
target: 0.00000 0.00000
target: 0.00000 0.00000
fb: -0.05227 -0.00149 0.00000 0.00000
fb: -0.04279 0.00000 0.00000 0.00000
dist/lin/ang/drive_left/drive_right/tv_l/tv_r/av_l/av_r/x/y/theta/t_err: -0.01269 0.00000 0.00000 -0.04279 -0.04279 -0.00256 -0.00239 -0.00256 -0.00239 0.49485 -0.62271 179.56027 -0.07723
target: 0.00000 0.00000
target: 0.00000 0.00000
fb: -0.03111 0.00156 0.00000 0.00000
fb: -0.01546 0.00263 0.00000 0.00000
dist/lin/ang/drive_left/drive_right/tv_l/tv_r/av_l/av_r/x/y/theta/t_err: -0.01238 0.00000 -0.00000 -0.01808 -0.01283 -0.00117 -0.00067 -0.00117 -0.00067 0.48268 -0.62262 179.57043 -0.07741
target: 0.00000 0.00000
target: 0.00000 0.00000
fb: -0.00377 0.00263 0.00000 0.00000
fb: -0.00002 0.00206 0.00000 0.00000
dist/lin/ang/drive_left/drive_right/tv_l/tv_r/av_l/av_r/x/y/theta/t_err: -0.01237 0.00000 -0.00000 -0.00208 0.00204 -0.00100 -0.00033 -0.00100 -0.00033 0.48267 -0.62262 179.58909 -0.07773
target: 0.00000 0.00000
target: 0.00000 0.00000
fb: -0.00001 0.00071 0.00000 0.00000
fb: -0.00398 0.00000 0.00000 0.00000
dist/lin/ang/drive_left/drive_right/tv_l/tv_r/av_l/av_r/x/y/theta/t_err: -0.01229 0.00000 -0.00000 -0.00398 -0.00398 -0.00050 0.00000 -0.00050 0.00000 0.47954 -0.62260 179.59292 -0.07780
target: 0.00000 0.00000
target: 0.00000 0.00000
fb: -0.01170 0.00114 0.00000 0.00000
fb: -0.00774 0.00227 0.00000 0.00000
start is 0.00000 0.00000
dist/lin/ang/drive_left/drive_right/tv_l/tv_r/av_l/av_r/x/y/theta/t_err: 0.60960 1.77800 0.00000 0.00000 0.00000 0.00017 -0.00017 0.00017 -0.00017 0.00000 -0.00000 -0.00073 0.00001
target: 1.77800 0.00000
target: 1.77800 0.00000
fb: 0.00000 0.00000 1.00000 1.00000
fb: -0.00000 0.00000 1.00000 1.00000
dist/lin/ang/drive_left/drive_right/tv_l/tv_r/av_l/av_r/x/y/theta/t_err: 0.60960 1.77800 0.00000 -0.00000 -0.00000 0.06828 0.08556 0.06828 0.08556 -0.00000 -0.00000 0.00043 -0.00001
target: 1.77800 0.00000
target: 1.77800 0.00000
fb: 0.00000 0.00000 1.00000 1.00000
fb: -0.00000 0.00149 1.00000 1.00000
dist/lin/ang/drive_left/drive_right/tv_l/tv_r/av_l/av_r/x/y/theta/t_err: 0.60960 1.77800 0.00000 -0.00149 0.00149 0.47311 0.54069 0.47311 0.54069 -0.00000 -0.00000 0.00140 -0.00002
target: 1.77800 0.00000
target: 1.77800 0.00000
fb: -0.00000 0.00000 1.00000 1.00000
fb: 0.08536 0.01165 1.00000 1.00000
dist/lin/ang/drive_left/drive_right/tv_l/tv_r/av_l/av_r/x/y/theta/t_err: 0.60789 1.77800 0.00000 0.07371 0.09701 0.70839 0.71369 0.70839 0.71369 0.06721 0.00002 0.03968 -0.00069
target: 1.77800 0.00000
target: 1.77800 0.00000
fb: 0.21330 0.01136 1.00000 1.00000
fb: 0.28899 0.00767 1.00000 1.00000
dist/lin/ang/drive_left/drive_right/tv_l/tv_r/av_l/av_r/x/y/theta/t_err: 0.60211 1.77800 0.00000 0.28132 0.29666 0.67997 0.71267 0.67997 0.71267 0.29476 0.00037 0.12552 -0.00221
target: 1.77800 0.00000
target: 1.77800 0.00000
fb: 0.35674 0.01108 1.00000 1.00000
fb: 0.40327 0.01726 1.00000 1.00000
dist/lin/ang/drive_left/drive_right/tv_l/tv_r/av_l/av_r/x/y/theta/t_err: 0.59405 1.77800 0.00000 0.38601 0.42053 0.76536 0.71831 0.76536 0.71831 0.61229 0.00134 0.23436 -0.00415
target: 1.77800 0.00000
target: 1.77800 0.00000
fb: 0.44404 0.02287 1.00000 1.00000
fb: 0.46520 0.02387 1.00000 1.00000
dist/lin/ang/drive_left/drive_right/tv_l/tv_r/av_l/av_r/x/y/theta/t_err: 0.58474 1.76794 0.00000 0.44133 0.48906 0.82131 0.78694 0.82131 0.78694 0.97859 0.00344 0.42856 -0.00763
target: 1.76794 0.00000
target: 1.76794 0.00000
fb: 0.48659 0.02479 1.00000 1.00000
fb: 0.55457 0.01989 1.00000 1.00000
dist/lin/ang/drive_left/drive_right/tv_l/tv_r/av_l/av_r/x/y/theta/t_err: 0.57365 1.75033 0.00000 0.53468 0.57445 0.83125 0.80814 0.83125 0.80814 1.41523 0.00750 0.62288 -0.01120
target: 1.75033 0.00000
target: 1.75033 0.00000
fb: 0.58373 0.01499 1.00000 1.00000
fb: 0.57979 0.01087 1.00000 1.00000
dist/lin/ang/drive_left/drive_right/tv_l/tv_r/av_l/av_r/x/y/theta/t_err: 0.56206 1.73172 0.00000 0.56892 0.59066 0.82886 0.81806 0.82886 0.81806 1.87173 0.01296 0.73888 -0.01348
target: 1.73172 0.00000
target: 1.73172 0.00000
fb: 0.66698 0.00838 1.00000 1.00000
fb: 0.73297 0.00888 1.00000 1.00000
dist/lin/ang/drive_left/drive_right/tv_l/tv_r/av_l/av_r/x/y/theta/t_err: 0.54740 1.70790 0.00000 0.72409 0.74185 0.83397 0.81878 0.83397 0.81878 2.44882 0.02072 0.80312 -0.01498
target: 1.70790 0.00000
target: 1.70790 0.00000
fb: 0.72923 0.00646 1.00000 1.00000
fb: 0.84180 -0.00249 1.00000 1.00000
dist/lin/ang/drive_left/drive_right/tv_l/tv_r/av_l/av_r/x/y/theta/t_err: 0.53057 1.68014 0.00000 0.84428 0.83931 0.84700 0.84342 0.84700 0.84342 3.11158 0.03023 0.82535 -0.01585
target: 1.68014 0.00000
target: 1.68014 0.00000
fb: 0.93873 -0.01406 1.00000 1.00000
fb: 1.04140 -0.01662 1.00000 1.00000
dist/lin/ang/drive_left/drive_right/tv_l/tv_r/av_l/av_r/x/y/theta/t_err: 0.50974 1.64514 0.00000 1.05802 1.02478 0.85214 0.85483 0.85214 0.85483 3.93151 0.04122 0.70530 -0.01436
target: 1.64514 0.00000
target: 1.64514 0.00000
fb: 1.10937 -0.01264 0.94717 0.96362
fb: 1.10958 -0.01428 0.94706 0.96352
dist/lin/ang/drive_left/drive_right/tv_l/tv_r/av_l/av_r/x/y/theta/t_err: 0.48755 1.60702 0.00000 1.12385 1.09530 0.77717 0.70872 0.77717 0.70872 4.80513 0.05110 0.59033 -0.01297
target: 1.60702 0.00000
target: 1.60702 0.00000
fb: 1.13077 -0.01385 0.88578 0.90185
fb: 1.08221 -0.00895 0.91006 0.92613
dist/lin/ang/drive_left/drive_right/tv_l/tv_r/av_l/av_r/x/y/theta/t_err: 0.46591 1.56894 0.00000 1.09116 1.07326 0.57800 0.59939 0.57800 0.59939 5.65723 0.05901 0.47917 -0.01158
target: 1.56894 0.00000
target: 1.56894 0.00000
fb: 1.09387 -0.00618 0.86788 0.88357
fb: 1.08991 -0.01477 0.86987 0.88556
dist/lin/ang/drive_left/drive_right/tv_l/tv_r/av_l/av_r/x/y/theta/t_err: 0.44411 1.52963 0.00000 1.10468 1.07514 0.63550 0.69197 0.63550 0.69197 6.51540 0.06570 0.39576 -0.01066
target: 1.52963 0.00000
target: 1.52963 0.00000
fb: 1.10762 -0.02223 0.81774 0.83304
fb: 1.20851 -0.02564 0.76730 0.78259
dist/lin/ang/drive_left/drive_right/tv_l/tv_r/av_l/av_r/x/y/theta/t_err: 0.41994 1.48482 0.00000 1.23416 1.18287 0.68903 0.73489 0.68903 0.73489 7.46698 0.07060 0.18807 -0.00755
target: 1.48482 0.00000
target: 1.48482 0.00000
fb: 1.16969 -0.02379 0.71897 0.73382
fb: 1.19879 -0.01790 0.70442 0.71927
dist/lin/ang/drive_left/drive_right/tv_l/tv_r/av_l/av_r/x/y/theta/t_err: 0.39597 1.43900 0.00000 1.21669 1.18089 0.69814 0.73303 0.69814 0.73303 8.41091 0.07195 -0.00284 -0.00457
target: 1.43900 0.00000
target: 1.43900 0.00000
fb: 1.31107 -0.01598 0.59971 0.61410
fb: 1.23736 -0.01619 0.63657 0.65096
dist/lin/ang/drive_left/drive_right/tv_l/tv_r/av_l/av_r/x/y/theta/t_err: 0.37122 1.39012 0.00000 1.25355 1.22116 0.65758 0.67125 0.65758 0.67125 9.38520 0.07077 -0.13935 -0.00241
target: 1.39012 0.00000
target: 1.39012 0.00000
fb: 1.23736 -0.01548 0.57588 0.58978
fb: 1.23931 -0.00774 0.57490 0.58881
dist/lin/ang/drive_left/drive_right/tv_l/tv_r/av_l/av_r/x/y/theta/t_err: 0.34643 1.33938 0.00000 1.24706 1.23157 0.59922 0.62453 0.59922 0.62453 10.36103 0.06743 -0.24117 -0.00073
target: 1.33938 0.00000
target: 1.33938 0.00000
fb: 1.25297 -0.01009 0.51097 0.52437
fb: 1.30352 -0.01229 0.48570 0.49909
dist/lin/ang/drive_left/drive_right/tv_l/tv_r/av_l/av_r/x/y/theta/t_err: 0.32036 1.28384 0.00000 1.31581 1.29123 0.55097 0.56842 0.55097 0.56842 11.38741 0.06236 -0.33405 0.00089
target: 1.28384 0.00000
target: 1.28384 0.00000
fb: 1.19100 -0.01193 0.46709 0.47992
fb: 1.21218 -0.01314 0.45649 0.46933
dist/lin/ang/drive_left/drive_right/tv_l/tv_r/av_l/av_r/x/y/theta/t_err: 0.29612 1.22995 0.00000 1.22532 1.19904 0.49742 0.50392 0.49742 0.50392 12.34186 0.05584 -0.44523 0.00298
target: 1.22995 0.00000
target: 1.22995 0.00000
fb: 1.29561 -0.01762 0.37044 0.38274
fb: 1.24509 -0.01854 0.39569 0.40799
dist/lin/ang/drive_left/drive_right/tv_l/tv_r/av_l/av_r/x/y/theta/t_err: 0.27122 1.17202 0.00000 1.26363 1.22656 0.45411 0.45958 0.45411 0.45958 13.32221 0.04696 -0.59741 0.00603
target: 1.17202 0.00000
target: 1.17202 0.00000
fb: 1.28193 -0.01321 0.30348 0.31520
fb: 1.26270 -0.00945 0.31310 0.32482
dist/lin/ang/drive_left/drive_right/tv_l/tv_r/av_l/av_r/x/y/theta/t_err: 0.24597 1.11019 0.00000 1.27215 1.25326 0.39850 0.40139 0.39850 0.40139 14.31640 0.03567 -0.69906 0.00852
target: 1.11019 0.00000
target: 1.11019 0.00000
fb: 1.24721 -0.00092 0.24392 0.25503
fb: 1.27605 0.01065 0.22951 0.24061
dist/lin/ang/drive_left/drive_right/tv_l/tv_r/av_l/av_r/x/y/theta/t_err: 0.22045 1.04399 0.00000 1.26539 1.28670 0.36925 0.34717 0.36925 0.34717 15.32109 0.02343 -0.66807 0.00896
target: 1.04399 0.00000
target: 1.04399 0.00000
fb: 1.09373 0.01023 0.23747 0.24791
fb: 1.07056 0.01065 0.24905 0.25949
dist/lin/ang/drive_left/drive_right/tv_l/tv_r/av_l/av_r/x/y/theta/t_err: 0.19903 0.98502 0.00000 1.05990 1.08121 0.31178 0.29619 0.31178 0.29619 16.16400 0.01432 -0.57439 0.00820
target: 0.98502 0.00000
target: 0.98502 0.00000
fb: 1.15000 0.00923 0.18528 0.19513
fb: 1.05888 0.00639 0.23084 0.24069
dist/lin/ang/drive_left/drive_right/tv_l/tv_r/av_l/av_r/x/y/theta/t_err: 0.17786 0.92300 0.00000 1.05249 1.06528 0.27019 0.27139 0.27019 0.27139 16.99773 0.00649 -0.50688 0.00792
target: 0.92300 0.00000
target: 0.92300 0.00000
fb: 1.02777 0.00966 0.17310 0.18233
fb: 0.96377 0.00490 0.20510 0.21433
dist/lin/ang/drive_left/drive_right/tv_l/tv_r/av_l/av_r/x/y/theta/t_err: 0.15858 0.86269 0.00000 0.95887 0.96868 0.25272 0.26264 0.25272 0.26264 17.75658 0.00027 -0.43283 0.00751
target: 0.86269 0.00000
target: 0.86269 0.00000
fb: 0.91526 0.00163 0.17912 0.18775
fb: 0.92895 0.00362 0.17227 0.18090
dist/lin/ang/drive_left/drive_right/tv_l/tv_r/av_l/av_r/x/y/theta/t_err: 0.14000 0.80024 0.00000 0.92533 0.93258 0.22500 0.23511 0.22500 0.23511 18.48802 -0.00511 -0.40790 0.00708
target: 0.80024 0.00000
target: 0.80024 0.00000
fb: 0.86119 0.00959 0.13663 0.14464
fb: 0.84350 0.00980 0.14548 0.15348
dist/lin/ang/drive_left/drive_right/tv_l/tv_r/av_l/av_r/x/y/theta/t_err: 0.12313 0.73900 0.00000 0.83370 0.85330 0.19817 0.20242 0.19817 0.20242 19.15218 -0.00934 -0.31834 0.00551
target: 0.73900 0.00000
target: 0.73900 0.00000
fb: 0.82211 0.00462 0.10281 0.11020
fb: 0.72924 0.00227 0.14925 0.15664
dist/lin/ang/drive_left/drive_right/tv_l/tv_r/av_l/av_r/x/y/theta/t_err: 0.10855 0.68164 0.00000 0.72697 0.73152 0.16631 0.16853 0.16631 0.16853 19.72638 -0.01231 -0.27790 0.00481
target: 0.68164 0.00000
target: 0.68164 0.00000
fb: 0.68270 0.00092 0.13487 0.14169
fb: 0.65733 0.00142 0.14756 0.15437
dist/lin/ang/drive_left/drive_right/tv_l/tv_r/av_l/av_r/x/y/theta/t_err: 0.09540 0.62543 0.00000 0.65591 0.65875 0.14903 0.16014 0.14903 0.16014 20.24396 -0.01474 -0.26204 0.00453
target: 0.62543 0.00000
target: 0.62543 0.00000
fb: 0.60702 0.00085 0.12399 0.13024
fb: 0.58386 -0.00092 0.13557 0.14182
dist/lin/ang/drive_left/drive_right/tv_l/tv_r/av_l/av_r/x/y/theta/t_err: 0.08372 0.57089 0.00000 0.58478 0.58294 0.14819 0.16119 0.14819 0.16119 20.70368 -0.01681 -0.25592 0.00442
target: 0.57089 0.00000
target: 0.57089 0.00000
fb: 0.56047 0.00192 0.10237 0.10808
fb: 0.53508 0.00490 0.11507 0.12078
dist/lin/ang/drive_left/drive_right/tv_l/tv_r/av_l/av_r/x/y/theta/t_err: 0.07302 0.51586 0.00000 0.53017 0.53998 0.14186 0.15072 0.14186 0.15072 21.12500 -0.01862 -0.22989 0.00397
target: 0.51586 0.00000
target: 0.51586 0.00000
fb: 0.46334 0.00540 0.09595 0.10110
fb: 0.44415 0.00114 0.10554 0.11070
dist/lin/ang/drive_left/drive_right/tv_l/tv_r/av_l/av_r/x/y/theta/t_err: 0.06414 0.46527 0.00000 0.44302 0.44529 0.12250 0.13211 0.12250 0.13211 21.47473 -0.01989 -0.19340 0.00333
target: 0.46527 0.00000
target: 0.46527 0.00000
fb: 0.45961 0.00227 -0.09080 -0.08615
fb: 0.42276 0.00440 0.08763 0.09228
dist/lin/ang/drive_left/drive_right/tv_l/tv_r/av_l/av_r/x/y/theta/t_err: 0.05569 0.41138 0.00000 0.41835 0.42716 0.06433 0.06828 0.06433 0.06828 21.80760 -0.02094 -0.16344 0.00281
target: 0.41138 0.00000
target: 0.41138 0.00000
fb: 0.39759 0.00511 -0.12639 -0.12227
fb: 0.35103 0.00320 -0.10311 -0.09900
dist/lin/ang/drive_left/drive_right/tv_l/tv_r/av_l/av_r/x/y/theta/t_err: 0.04866 0.36056 0.00000 0.34784 0.35423 0.02550 0.02378 0.02550 0.02378 22.08401 -0.02163 -0.12164 0.00208
target: 0.36056 0.00000
target: 0.36056 0.00000
fb: 0.28904 0.00185 -0.10706 -0.10345
fb: 0.25197 0.00447 -0.08853 -0.08492
dist/lin/ang/drive_left/drive_right/tv_l/tv_r/av_l/av_r/x/y/theta/t_err: 0.04363 0.31913 0.00000 0.24749 0.25644 -0.08761 -0.08042 -0.08761 -0.08042 22.28240 -0.02200 -0.09191 0.00156
target: 0.31913 0.00000
target: 0.31913 0.00000
fb: 0.21708 0.00859 0.09141 0.09460
fb: 0.14933 0.00241 0.12528 0.12847
dist/lin/ang/drive_left/drive_right/tv_l/tv_r/av_l/av_r/x/y/theta/t_err: 0.04064 0.29182 0.00000 0.14692 0.15175 -0.00292 0.00206 -0.00292 0.00206 22.39999 -0.02213 -0.03261 0.00053
target: 0.29182 0.00000
target: 0.29182 0.00000
fb: 0.09508 0.00000 0.18971 0.19263
fb: 0.07568 0.00241 0.19941 0.20233
dist/lin/ang/drive_left/drive_right/tv_l/tv_r/av_l/av_r/x/y/theta/t_err: 0.03913 0.27695 0.00000 0.07326 0.07809 0.13175 0.13858 0.13175 0.13858 22.45958 -0.02216 -0.02243 0.00035
target: 0.27695 0.00000
target: 0.27695 0.00000
fb: 0.08714 0.00568 0.23540 0.23817
fb: 0.11448 0.00597 0.22173 0.22450
dist/lin/ang/drive_left/drive_right/tv_l/tv_r/av_l/av_r/x/y/theta/t_err: 0.03684 0.25281 -0.00000 0.10851 0.12045 0.19592 0.20075 0.19592 0.20075 22.54972 -0.02216 0.02410 -0.00046
target: 0.25281 0.00000
target: 0.25281 0.00000
fb: 0.10081 0.00234 0.25712 0.25712
fb: 0.09290 -0.00568 0.26108 0.26108
dist/lin/ang/drive_left/drive_right/tv_l/tv_r/av_l/av_r/x/y/theta/t_err: 0.03498 0.23136 0.00000 0.09858 0.08722 0.21797 0.21919 0.21797 0.21919 22.62287 -0.02212 0.02341 -0.00045
target: 0.23136 0.00000
target: 0.23136 0.00000
fb: 0.11061 -0.01271 0.23292 0.23292
fb: 0.11462 -0.01179 0.23092 0.23092
dist/lin/ang/drive_left/drive_right/tv_l/tv_r/av_l/av_r/x/y/theta/t_err: 0.03269 0.00729 0.00000 0.12641 0.10283 0.22997 0.23119 0.22997 0.23119 22.71312 -0.02217 -0.08467 0.00143
target: 0.00729 0.00000
target: 0.00729 0.00000
fb: 0.13006 -0.01044 0.08291 0.08291
fb: 0.14351 -0.01009 0.08291 0.08291
dist/lin/ang/drive_left/drive_right/tv_l/tv_r/av_l/av_r/x/y/theta/t_err: 0.02981 0.00441 0.00000 0.15360 0.13343 0.16275 0.16375 0.16275 0.16375 22.82612 -0.02243 -0.18081 0.00311
target: 0.00441 0.00000
target: 0.00441 0.00000
fb: 0.14748 -0.01002 0.08177 0.08177
fb: 0.16115 -0.00774 0.08177 0.08177
dist/lin/ang/drive_left/drive_right/tv_l/tv_r/av_l/av_r/x/y/theta/t_err: 0.02659 0.00119 0.00000 0.16889 0.15341 0.08761 0.08642 0.08761 0.08642 22.95301 -0.02292 -0.25659 0.00443
target: 0.00119 0.00000
target: 0.00119 0.00000
fb: 0.15517 -0.00547 0.08048 0.08048
fb: 0.17061 -0.00341 0.08048 0.08048
dist/lin/ang/drive_left/drive_right/tv_l/tv_r/av_l/av_r/x/y/theta/t_err: 0.02318 0.00000 0.00000 0.17402 0.16720 0.08553 0.08417 0.08553 0.08417 23.08734 -0.02358 -0.29730 0.00515
target: 0.00000 0.00000
target: 0.00000 0.00000
fb: 0.20170 0.00000 -0.18085 -0.18085
fb: 0.19396 0.00170 -0.17698 -0.17698
dist/lin/ang/drive_left/drive_right/tv_l/tv_r/av_l/av_r/x/y/theta/t_err: 0.01930 0.00000 0.00000 0.19225 0.19566 -0.01575 -0.02753 -0.01575 -0.02753 23.24006 -0.02438 -0.29267 0.00506
target: 0.00000 0.00000
target: 0.00000 0.00000
fb: 0.20365 0.00313 -0.18182 -0.18182
fb: 0.19790 0.00249 -0.17895 -0.17895
dist/lin/ang/drive_left/drive_right/tv_l/tv_r/av_l/av_r/x/y/theta/t_err: 0.01534 0.00000 0.00000 0.19542 0.20039 -0.15419 -0.15725 -0.15419 -0.15725 23.39589 -0.02513 -0.26203 0.00453
target: 0.00000 0.00000
target: 0.00000 0.00000
fb: 0.15333 0.00376 0.00000 0.00000
fb: 0.09684 0.00163 0.00000 0.00000
dist/lin/ang/drive_left/drive_right/tv_l/tv_r/av_l/av_r/x/y/theta/t_err: 0.01340 0.00000 0.00000 0.09521 0.09848 -0.11089 -0.10714 -0.11089 -0.10714 23.47214 -0.02546 -0.23196 0.00400
target: 0.00000 0.00000
target: 0.00000 0.00000
fb: 0.03088 0.00000 0.00000 0.00000
fb: 0.01742 0.00277 0.00000 0.00000
dist/lin/ang/drive_left/drive_right/tv_l/tv_r/av_l/av_r/x/y/theta/t_err: 0.01306 0.00000 0.00000 0.01465 0.02019 -0.00478 -0.00531 -0.00478 -0.00531 23.48586 -0.02551 -0.21806 0.00376
target: 0.00000 0.00000
target: 0.00000 0.00000
fb: 0.04654 0.00398 0.00000 0.00000
fb: 0.05050 0.00298 0.00000 0.00000
dist/lin/ang/drive_left/drive_right/tv_l/tv_r/av_l/av_r/x/y/theta/t_err: 0.01205 0.00000 0.00000 0.04752 0.05348 0.00050 0.00033 0.00050 0.00033 23.52562 -0.02565 -0.18361 0.00316
target: 0.00000 0.00000
target: 0.00000 0.00000
fb: 0.03484 0.00000 0.00000 0.00000
fb: 0.01346 -0.00249 0.00000 0.00000
dist/lin/ang/drive_left/drive_right/tv_l/tv_r/av_l/av_r/x/y/theta/t_err: 0.01178 0.00000 0.00000 0.01595 0.01098 0.00067 0.00017 0.00067 0.00017 23.53622 -0.02569 -0.18541 0.00319
target: 0.00000 0.00000
target: 0.00000 0.00000
fb: 0.00398 -0.00099 0.00000 0.00000
fb: 0.00398 0.00000 0.00000 0.00000
dist/lin/ang/drive_left/drive_right/tv_l/tv_r/av_l/av_r/x/y/theta/t_err: 0.01170 0.00000 0.00000 0.00398 0.00398 0.00000 -0.00017 0.00000 -0.00017 23.53936 -0.02570 -0.19206 0.00331
target: 0.00000 0.00000
target: 0.00000 0.00000
fb: 0.00000 0.00000 0.00000 0.00000
fb: 0.00000 0.00000 0.00000 0.00000
dist/lin/ang/drive_left/drive_right/tv_l/tv_r/av_l/av_r/x/y/theta/t_err: 0.01170 0.00000 0.00000 0.00000 0.00000 -0.00017 0.00033 -0.00017 0.00033 23.53936 -0.02570 -0.19581 0.00337
target: 0.00000 0.00000
target: 0.00000 0.00000
fb: 0.00001 -0.00178 0.00000 0.00000
fb: 0.00002 -0.00263 0.00000 0.00000
final error: 0.46134, x: 0.46063, y: 0.02570
final local error: 0.46134, forwards: 0.46053, sideways: 0.02743
position: 23.53937 -0.02570 -0.21596
took 1.08000 time to finish turn
dist/lin/ang/drive_left/drive_right/tv_l/tv_r/av_l/av_r/x/y/theta/t_err: -0.59790 -1.77800 0.00000 0.00000 0.00000 0.00000 0.00033 0.00000 0.00033 23.53939 -0.02570 179.75299 0.00322
target: -1.77800 0.00000
target: -1.77800 0.00000
fb: 0.00000 0.00000 -1.00000 -1.00000
fb: 0.00001 -0.00057 -1.00000 -1.00000
dist/lin/ang/drive_left/drive_right/tv_l/tv_r/av_l/av_r/x/y/theta/t_err: -0.59790 -1.77800 0.00000 0.00057 -0.00056 -0.03200 -0.06811 -0.03200 -0.06811 23.53940 -0.02570 179.74697 0.00332
target: -1.77800 0.00000
target: -1.77800 0.00000
fb: 0.00001 -0.00057 -1.00000 -1.00000
fb: -0.00000 0.00114 -1.00000 -1.00000
dist/lin/ang/drive_left/drive_right/tv_l/tv_r/av_l/av_r/x/y/theta/t_err: -0.59790 -1.77800 0.00000 -0.00114 0.00113 -0.43531 -0.50919 -0.43531 -0.50919 23.53940 -0.02570 179.74917 0.00329
target: -1.77800 0.00000
target: -1.77800 0.00000
fb: -0.00397 -0.00476 -1.00000 -1.00000
fb: -0.05426 -0.00256 -1.00000 -1.00000
dist/lin/ang/drive_left/drive_right/tv_l/tv_r/av_l/av_r/x/y/theta/t_err: -0.59682 -1.77800 0.00000 -0.05171 -0.05682 -0.66111 -0.66631 -0.66111 -0.66631 23.49667 -0.02550 179.72745 0.00367
target: -1.77800 0.00000
target: -1.77800 0.00000
fb: -0.17631 0.00313 -1.00000 -1.00000
fb: -0.32795 0.01016 -1.00000 -1.00000
dist/lin/ang/drive_left/drive_right/tv_l/tv_r/av_l/av_r/x/y/theta/t_err: -0.59026 -1.77663 0.00000 -0.33810 -0.31779 -0.61325 -0.57628 -0.61325 -0.57628 23.23845 -0.02437 179.77896 0.00281
target: -1.77663 0.00000
target: -1.77663 0.00000
fb: -0.38426 0.01293 -1.00000 -1.00000
fb: -0.41119 0.00987 -1.00000 -1.00000
dist/lin/ang/drive_left/drive_right/tv_l/tv_r/av_l/av_r/x/y/theta/t_err: -0.58203 -1.76365 0.00000 -0.42106 -0.40131 -0.68169 -0.66525 -0.68169 -0.66525 22.91468 -0.02346 179.88959 0.00090
target: -1.76365 0.00000
target: -1.76365 0.00000
fb: -0.49260 0.00966 -1.00000 -1.00000
fb: -0.52371 0.00938 -1.00000 -1.00000
dist/lin/ang/drive_left/drive_right/tv_l/tv_r/av_l/av_r/x/y/theta/t_err: -0.57156 -1.74698 0.00000 -0.53308 -0.51433 -0.72619 -0.73661 -0.72619 -0.73661 22.50231 -0.02300 179.98151 -0.00070
target: -1.74698 0.00000
target: -1.74698 0.00000
fb: -0.57424 0.01122 -1.00000 -1.00000
fb: -0.66339 0.01129 -1.00000 -1.00000
dist/lin/ang/drive_left/drive_right/tv_l/tv_r/av_l/av_r/x/y/theta/t_err: -0.55829 -1.72563 0.00000 -0.67469 -0.65210 -0.75375 -0.74006 -0.75375 -0.74006 21.97996 -0.02333 180.08612 -0.00256
target: -1.72563 0.00000
target: -1.72563 0.00000
fb: -0.69826 0.01328 -1.00000 -1.00000
fb: -0.75829 0.01342 -1.00000 -1.00000
dist/lin/ang/drive_left/drive_right/tv_l/tv_r/av_l/av_r/x/y/theta/t_err: -0.54313 -1.70090 0.00000 -0.77172 -0.74487 -0.79619 -0.76536 -0.79619 -0.76536 21.38288 -0.02486 180.20466 -0.00473
target: -1.70090 0.00000
target: -1.70090 0.00000
fb: -0.77971 0.01556 -1.00000 -1.00000
fb: -0.80884 0.01584 -1.00000 -1.00000
dist/lin/ang/drive_left/drive_right/tv_l/tv_r/av_l/av_r/x/y/theta/t_err: -0.52695 -1.67411 0.00000 -0.82468 -0.79300 -0.81139 -0.81736 -0.81139 -0.81736 20.74600 -0.02795 180.34646 -0.00739
target: -1.67411 0.00000
target: -1.67411 0.00000
fb: -0.88652 0.01627 -1.00000 -1.00000
fb: -0.91169 0.02351 -1.00000 -1.00000
dist/lin/ang/drive_left/drive_right/tv_l/tv_r/av_l/av_r/x/y/theta/t_err: -0.50872 -1.64340 0.00000 -0.93520 -0.88818 -0.82064 -0.82800 -0.82064 -0.82800 20.02815 -0.03329 180.51555 -0.01066
target: -1.64340 0.00000
target: -1.64340 0.00000
fb: -0.90576 0.02557 -1.00000 -1.00000
fb: -0.99514 0.02372 -1.00000 -1.00000
dist/lin/ang/drive_left/drive_right/tv_l/tv_r/av_l/av_r/x/y/theta/t_err: -0.48881 -1.60921 0.00000 -1.01886 -0.97142 -0.83178 -0.83828 -0.83178 -0.83828 19.24463 -0.04187 180.72603 -0.01485
target: -1.60921 0.00000
target: -1.60921 0.00000
fb: -1.03967 0.00810 -0.95115 -0.96725
fb: -1.07643 -0.00057 -0.93277 -0.94886
dist/lin/ang/drive_left/drive_right/tv_l/tv_r/av_l/av_r/x/y/theta/t_err: -0.46729 -1.57139 0.00000 -1.07586 -1.07700 -0.86186 -0.75236 -0.86186 -0.75236 18.39712 -0.05324 180.78608 -0.01661
target: -1.57139 0.00000
target: -1.57139 0.00000
fb: -1.17721 -0.00277 -0.82975 -0.84546
fb: -1.21010 0.00540 -0.81330 -0.82902
dist/lin/ang/drive_left/drive_right/tv_l/tv_r/av_l/av_r/x/y/theta/t_err: -0.44309 -1.52776 0.00000 -1.21550 -1.20470 -0.72842 -0.65978 -0.72842 -0.65978 17.44437 -0.06623 180.79360 -0.01765
target: -1.52776 0.00000
target: -1.52776 0.00000
fb: -1.23730 0.01357 -0.73166 -0.74693
fb: -1.16389 0.02230 -0.76836 -0.78364
dist/lin/ang/drive_left/drive_right/tv_l/tv_r/av_l/av_r/x/y/theta/t_err: -0.41982 -1.48459 0.00000 -1.18619 -1.14158 -0.70686 -0.71058 -0.70686 -0.71058 16.52803 -0.07990 180.93918 -0.02123
target: -1.48459 0.00000
target: -1.48459 0.00000
fb: -1.16593 0.02962 -0.72796 -0.74281
fb: -1.21228 0.02323 -0.70479 -0.71963
dist/lin/ang/drive_left/drive_right/tv_l/tv_r/av_l/av_r/x/y/theta/t_err: -0.39558 -1.43825 0.00000 -1.23551 -1.18905 -0.70308 -0.71147 -0.70308 -0.71147 15.57364 -0.09745 181.16357 -0.02657
target: -1.43825 0.00000
target: -1.43825 0.00000
fb: -1.19284 0.02060 -0.65577 -0.67015
fb: -1.21619 0.01449 -0.64409 -0.65847
dist/lin/ang/drive_left/drive_right/tv_l/tv_r/av_l/av_r/x/y/theta/t_err: -0.37126 -1.39021 0.00000 -1.23068 -1.20170 -0.67364 -0.69522 -0.67364 -0.69522 14.61624 -0.11828 181.31649 -0.03107
target: -1.39021 0.00000
target: -1.39021 0.00000
fb: -1.26848 0.01868 -0.56421 -0.57811
fb: -1.31682 0.02102 -0.54004 -0.55394
dist/lin/ang/drive_left/drive_right/tv_l/tv_r/av_l/av_r/x/y/theta/t_err: -0.34494 -1.33627 0.00000 -1.33785 -1.29580 -0.61086 -0.63378 -0.61086 -0.63378 13.57968 -0.14359 181.48401 -0.03647
target: -1.33627 0.00000
target: -1.33627 0.00000
fb: -1.28020 0.01840 -0.47996 -0.49332
fb: -1.24134 0.01321 -0.49939 -0.51275
dist/lin/ang/drive_left/drive_right/tv_l/tv_r/av_l/av_r/x/y/theta/t_err: -0.32014 -1.28335 0.00000 -1.25455 -1.22813 -0.54156 -0.54653 -0.54156 -0.54653 12.60261 -0.17026 181.63151 -0.04198
target: -1.28335 0.00000
target: -1.28335 0.00000
fb: -1.30331 0.01129 -0.42223 -0.43506
fb: -1.32096 0.01428 -0.41340 -0.42624
dist/lin/ang/drive_left/drive_right/tv_l/tv_r/av_l/av_r/x/y/theta/t_err: -0.29374 -1.22454 0.00000 -1.33524 -1.30668 -0.48869 -0.50667 -0.48869 -0.50667 11.56293 -0.20078 181.73551 -0.04765
target: -1.22454 0.00000
target: -1.22454 0.00000
fb: -1.23161 0.01570 -0.37512 -0.38737
fb: -1.22191 0.01662 -0.37997 -0.39222
dist/lin/ang/drive_left/drive_right/tv_l/tv_r/av_l/av_r/x/y/theta/t_err: -0.26934 -1.16753 0.00000 -1.23853 -1.20529 -0.43100 -0.44231 -0.43100 -0.44231 10.60127 -0.23104 181.86696 -0.05437
target: -1.16753 0.00000
target: -1.16753 0.00000
fb: -1.23559 0.01683 -0.32646 -0.33814
fb: -1.20248 0.01307 -0.34302 -0.35469
dist/lin/ang/drive_left/drive_right/tv_l/tv_r/av_l/av_r/x/y/theta/t_err: -0.24533 -1.10858 0.00000 -1.21555 -1.18941 -0.38397 -0.40075 -0.38397 -0.40075 9.65498 -0.26295 181.99091 -0.06198
target: -1.10858 0.00000
target: -1.10858 0.00000
fb: -1.17729 0.00462 -0.29035 -0.30143
fb: -1.11524 0.00234 -0.32137 -0.33246
dist/lin/ang/drive_left/drive_right/tv_l/tv_r/av_l/av_r/x/y/theta/t_err: -0.22307 -1.05099 0.00000 -1.11758 -1.11289 -0.39219 -0.37900 -0.39219 -0.37900 8.77738 -0.29376 182.02021 -0.06871
target: -1.05099 0.00000
target: -1.05099 0.00000
fb: -1.15586 0.01222 -0.25186 -0.26237
fb: -1.15014 0.00618 -0.25472 -0.26523
dist/lin/ang/drive_left/drive_right/tv_l/tv_r/av_l/av_r/x/y/theta/t_err: -0.20013 -0.98812 0.00000 -1.15632 -1.14396 -0.35233 -0.36272 -0.35233 -0.36272 7.87234 -0.32629 182.09532 -0.07799
target: -0.98812 0.00000
target: -0.98812 0.00000
fb: -1.08413 -0.00156 -0.20363 -0.21351
fb: -1.05298 0.00000 -0.21920 -0.22908
dist/lin/ang/drive_left/drive_right/tv_l/tv_r/av_l/av_r/x/y/theta/t_err: -0.17914 -0.92688 0.00000 -1.05298 -1.05298 -0.29294 -0.31125 -0.29294 -0.31125 7.04377 -0.35659 182.08749 -0.08702
target: -0.92688 0.00000
target: -0.92688 0.00000
fb: -1.05121 -0.00107 -0.16860 -0.17787
fb: -1.00265 -0.00653 -0.19288 -0.20215
dist/lin/ang/drive_left/drive_right/tv_l/tv_r/av_l/av_r/x/y/theta/t_err: -0.15917 -0.86459 -0.00000 -0.99612 -1.00919 -0.25650 -0.26811 -0.25650 -0.26811 6.25480 -0.38525 182.05974 -0.09746
target: -0.86459 0.00000
target: -0.86459 0.00000
fb: -0.95009 -0.01250 -0.15469 -0.16333
fb: -0.93284 -0.01769 -0.16331 -0.17196
dist/lin/ang/drive_left/drive_right/tv_l/tv_r/av_l/av_r/x/y/theta/t_err: -0.13979 -0.79952 0.00000 -0.91515 -0.95052 -0.21850 -0.23475 -0.21850 -0.23475 5.52074 -0.41097 181.93684 -0.09532
target: -0.79952 0.00000
target: -0.79952 0.00000
fb: -0.86683 -0.01996 -0.12129 -0.12928
fb: -0.82599 -0.02117 -0.14171 -0.14970
dist/lin/ang/drive_left/drive_right/tv_l/tv_r/av_l/av_r/x/y/theta/t_err: -0.12332 -0.73971 0.00000 -0.80483 -0.84716 -0.18769 -0.20397 -0.18769 -0.20397 4.87069 -0.43199 181.75982 -0.09223
target: -0.73971 0.00000
target: -0.73971 0.00000
fb: -0.80855 -0.02273 -0.11673 -0.12413
fb: -0.74455 -0.02188 -0.14873 -0.15612
dist/lin/ang/drive_left/drive_right/tv_l/tv_r/av_l/av_r/x/y/theta/t_err: -0.10848 -0.68136 0.00000 -0.72267 -0.76643 -0.15931 -0.17111 -0.15931 -0.17111 4.28468 -0.44904 181.56411 -0.08881
target: -0.68136 0.00000
target: -0.68136 0.00000
fb: -0.65541 -0.02280 -0.14378 -0.15059
fb: -0.63973 -0.02387 -0.15162 -0.15843
dist/lin/ang/drive_left/drive_right/tv_l/tv_r/av_l/av_r/x/y/theta/t_err: -0.09573 -0.62692 0.00000 -0.61587 -0.66360 -0.14953 -0.16047 -0.14953 -0.16047 3.78111 -0.46192 181.36321 -0.08531
target: -0.62692 0.00000
target: -0.62692 0.00000
fb: -0.60883 -0.02649 -0.13246 -0.13873
fb: -0.60108 -0.03083 -0.13633 -0.14260
dist/lin/ang/drive_left/drive_right/tv_l/tv_r/av_l/av_r/x/y/theta/t_err: -0.08377 -0.57112 0.00000 -0.57026 -0.63191 -0.16169 -0.16783 -0.16169 -0.16783 3.30793 -0.47220 181.12081 -0.08108
target: -0.57112 0.00000
target: -0.57112 0.00000
fb: -0.59114 -0.02919 -0.08161 -0.08732
fb: -0.54459 -0.02479 -0.10488 -0.11059
dist/lin/ang/drive_left/drive_right/tv_l/tv_r/av_l/av_r/x/y/theta/t_err: -0.07294 -0.51539 0.00000 -0.51980 -0.56938 -0.13994 -0.15211 -0.13994 -0.15211 2.87918 -0.47966 180.87811 -0.07684
target: -0.51539 0.00000
target: -0.51539 0.00000
fb: -0.53314 -0.02408 0.10255 0.09740
fb: -0.47711 -0.02195 -0.08547 -0.09062
dist/lin/ang/drive_left/drive_right/tv_l/tv_r/av_l/av_r/x/y/theta/t_err: -0.06344 -0.46106 0.00000 -0.45516 -0.49905 -0.06742 -0.09769 -0.06742 -0.09769 2.50355 -0.48479 180.67394 -0.07328
target: -0.46106 0.00000
target: -0.46106 0.00000
fb: -0.43033 -0.02294 0.09708 0.09247
fb: -0.38752 -0.02173 -0.08433 -0.08894
dist/lin/ang/drive_left/drive_right/tv_l/tv_r/av_l/av_r/x/y/theta/t_err: -0.05573 -0.41172 0.00000 -0.36579 -0.40926 -0.02892 -0.05442 -0.02892 -0.05442 2.19842 -0.48790 180.47759 -0.06985
target: -0.41172 0.00000
target: -0.41172 0.00000
fb: -0.32375 -0.02387 -0.09135 -0.09546
fb: -0.28491 -0.02358 -0.11077 -0.11488
dist/lin/ang/drive_left/drive_right/tv_l/tv_r/av_l/av_r/x/y/theta/t_err: -0.05008 -0.37138 0.00000 -0.26133 -0.30849 -0.07647 -0.08556 -0.07647 -0.08556 1.97409 -0.48940 180.27387 -0.06629
target: -0.37138 0.00000
target: -0.37138 0.00000
fb: -0.24431 -0.02252 -0.13285 -0.13656
fb: -0.24808 -0.01925 -0.13097 -0.13468
dist/lin/ang/drive_left/drive_right/tv_l/tv_r/av_l/av_r/x/y/theta/t_err: -0.04516 -0.33230 0.00000 -0.22883 -0.26733 -0.11772 -0.11858 -0.11772 -0.11858 1.77875 -0.49001 180.09152 -0.06311
target: -0.33230 0.00000
target: -0.33230 0.00000
fb: -0.28494 -0.01982 -0.08066 -0.08399
fb: -0.31606 -0.01825 0.09490 0.09157
dist/lin/ang/drive_left/drive_right/tv_l/tv_r/av_l/av_r/x/y/theta/t_err: -0.03888 -0.27441 0.00000 -0.29780 -0.33431 -0.11411 -0.12147 -0.11411 -0.12147 1.52989 -0.49003 179.92419 -0.06019
target: -0.27441 0.00000
target: -0.27441 0.00000
fb: -0.30040 -0.01754 0.22725 0.22450
fb: -0.25980 -0.01783 0.20695 0.20420
dist/lin/ang/drive_left/drive_right/tv_l/tv_r/av_l/av_r/x/y/theta/t_err: -0.03371 -0.21553 0.00000 -0.24197 -0.27763 0.10711 0.08728 0.10711 0.08728 1.32532 -0.48950 179.76934 -0.05749
target: -0.21553 0.00000
target: -0.21553 0.00000
fb: -0.20530 -0.01619 -0.17133 -0.17133
fb: -0.12588 -0.01129 -0.21104 -0.21104
dist/lin/ang/drive_left/drive_right/tv_l/tv_r/av_l/av_r/x/y/theta/t_err: -0.03122 -0.00582 0.00000 -0.11459 -0.13718 0.05578 0.06350 0.05578 0.06350 1.22620 -0.48900 179.64113 -0.05525
target: -0.00582 0.00000
target: -0.00582 0.00000
fb: -0.05246 0.00000 -0.08233 -0.08233
fb: -0.03487 0.00263 -0.08233 -0.08233
dist/lin/ang/drive_left/drive_right/tv_l/tv_r/av_l/av_r/x/y/theta/t_err: -0.03052 -0.00512 -0.00000 -0.03750 -0.03224 -0.14047 -0.13481 -0.14047 -0.13481 1.19875 -0.48883 179.64536 -0.05533
target: -0.00512 0.00000
target: -0.00512 0.00000
fb: -0.06600 0.00107 -0.08205 -0.08205
fb: -0.09886 0.00000 -0.08205 -0.08205
dist/lin/ang/drive_left/drive_right/tv_l/tv_r/av_l/av_r/x/y/theta/t_err: -0.02855 -0.00315 -0.00000 -0.09886 -0.09886 -0.09842 -0.09583 -0.09842 -0.09583 1.12091 -0.48835 179.65535 -0.05550
target: -0.00315 0.00000
target: -0.00315 0.00000
fb: -0.12203 0.00227 -0.08126 -0.08126
fb: -0.12227 0.00703 -0.08126 -0.08126
dist/lin/ang/drive_left/drive_right/tv_l/tv_r/av_l/av_r/x/y/theta/t_err: -0.02609 -0.00069 -0.00000 -0.12930 -0.11524 -0.08642 -0.08761 -0.08642 -0.08761 1.02463 -0.48779 179.68639 -0.05604
target: -0.00069 0.00000
target: -0.00069 0.00000
fb: -0.10089 0.00540 -0.08028 -0.08028
fb: -0.08145 0.00000 -0.08028 -0.08028
dist/lin/ang/drive_left/drive_right/tv_l/tv_r/av_l/av_r/x/y/theta/t_err: -0.02446 0.00000 -0.00000 -0.08145 -0.08145 -0.08181 -0.08403 -0.08181 -0.08403 0.96050 -0.48746 179.71625 -0.05656
target: 0.00000 0.00000
target: 0.00000 0.00000
fb: -0.06223 -0.00135 0.00000 0.00000
fb: -0.05428 0.00000 0.00000 0.00000
dist/lin/ang/drive_left/drive_right/tv_l/tv_r/av_l/av_r/x/y/theta/t_err: -0.02337 0.00000 0.00000 -0.05428 -0.05428 -0.05817 -0.04756 -0.05817 -0.04756 0.91776 -0.48725 179.71171 -0.05648
target: 0.00000 0.00000
target: 0.00000 0.00000
fb: -0.05605 0.00234 0.00000 0.00000
fb: -0.05629 0.00462 0.00000 0.00000
dist/lin/ang/drive_left/drive_right/tv_l/tv_r/av_l/av_r/x/y/theta/t_err: -0.02224 0.00000 -0.00000 -0.06091 -0.05167 -0.00447 -0.00308 -0.00447 -0.00308 0.87343 -0.48703 179.73846 -0.05695
target: 0.00000 0.00000
target: 0.00000 0.00000
fb: -0.06225 0.00270 0.00000 0.00000
fb: -0.07196 0.00227 0.00000 0.00000
dist/lin/ang/drive_left/drive_right/tv_l/tv_r/av_l/av_r/x/y/theta/t_err: -0.02080 0.00000 -0.00000 -0.07423 -0.06968 -0.00083 -0.00050 -0.00083 -0.00050 0.81678 -0.48679 179.76169 -0.05736
target: 0.00000 0.00000
target: 0.00000 0.00000
fb: -0.07172 0.00000 0.00000 0.00000
fb: -0.06972 -0.00114 0.00000 0.00000
dist/lin/ang/drive_left/drive_right/tv_l/tv_r/av_l/av_r/x/y/theta/t_err: -0.01940 0.00000 0.00000 -0.06859 -0.07086 -0.00067 -0.00033 -0.00067 -0.00033 0.76188 -0.48656 179.75563 -0.05725
target: 0.00000 0.00000
target: 0.00000 0.00000
fb: -0.06397 -0.00348 0.00000 0.00000
fb: -0.05028 -0.00298 0.00000 0.00000
dist/lin/ang/drive_left/drive_right/tv_l/tv_r/av_l/av_r/x/y/theta/t_err: -0.01840 0.00000 0.00000 -0.04730 -0.05327 -0.00017 -0.00017 -0.00017 -0.00017 0.72228 -0.48638 179.72605 -0.05673
target: 0.00000 0.00000
target: 0.00000 0.00000
fb: -0.03882 -0.00099 0.00000 0.00000
fb: -0.02713 -0.00092 0.00000 0.00000
dist/lin/ang/drive_left/drive_right/tv_l/tv_r/av_l/av_r/x/y/theta/t_err: -0.01786 0.00000 0.00000 -0.02621 -0.02805 -0.00017 -0.00033 -0.00017 -0.00033 0.70092 -0.48628 179.71371 -0.05652
target: 0.00000 0.00000
target: 0.00000 0.00000
fb: -0.02912 -0.00149 0.00000 0.00000
fb: -0.03309 0.00000 0.00000 0.00000
dist/lin/ang/drive_left/drive_right/tv_l/tv_r/av_l/av_r/x/y/theta/t_err: -0.01721 0.00000 0.00000 -0.03309 -0.03309 -0.00017 0.00000 -0.00017 0.00000 0.67487 -0.48614 179.70451 -0.05636
target: 0.00000 0.00000
target: 0.00000 0.00000
fb: -0.02317 0.00142 0.00000 0.00000
fb: -0.01545 0.00135 0.00000 0.00000
dist/lin/ang/drive_left/drive_right/tv_l/tv_r/av_l/av_r/x/y/theta/t_err: -0.01689 0.00000 -0.00000 -0.01680 -0.01410 -0.00033 0.00000 -0.00033 0.00000 0.66270 -0.48608 179.71085 -0.05647
target: 0.00000 0.00000
target: 0.00000 0.00000
fb: -0.00773 0.00099 0.00000 0.00000
fb: -0.00000 0.00057 0.00000 0.00000
start is 0.00000 0.00000
dist/lin/ang/drive_left/drive_right/tv_l/tv_r/av_l/av_r/x/y/theta/t_err: 0.60960 1.77800 0.00000 0.00000 0.00000 0.00017 -0.00033 0.00017 -0.00033 0.00000 -0.00000 -0.00060 0.00001
target: 1.77800 0.00000
target: 1.77800 0.00000
fb: 0.00000 0.00000 1.00000 1.00000
fb: 0.00000 0.00000 1.00000 1.00000
dist/lin/ang/drive_left/drive_right/tv_l/tv_r/av_l/av_r/x/y/theta/t_err: 0.60960 1.77800 0.00000 0.00000 0.00000 0.10867 0.11242 0.10867 0.11242 0.00000 -0.00000 -0.00169 0.00003
target: 1.77800 0.00000
target: 1.77800 0.00000
fb: 0.00000 0.00000 1.00000 1.00000
fb: -0.00395 -0.00810 1.00000 1.00000
dist/lin/ang/drive_left/drive_right/tv_l/tv_r/av_l/av_r/x/y/theta/t_err: 0.60968 1.77800 0.00000 0.00415 -0.01205 0.55817 0.52958 0.55817 0.52958 -0.00311 0.00000 -0.02749 0.00048
target: 1.77800 0.00000
target: 1.77800 0.00000
fb: -0.00790 -0.00412 1.00000 1.00000
fb: 0.03688 -0.00234 1.00000 1.00000
dist/lin/ang/drive_left/drive_right/tv_l/tv_r/av_l/av_r/x/y/theta/t_err: 0.60894 1.77800 0.00000 0.03922 0.03453 0.70822 0.70925 0.70822 0.70925 0.02593 -0.00003 -0.05937 0.00104
target: 1.77800 0.00000
target: 1.77800 0.00000
fb: 0.20370 -0.00916 1.00000 1.00000
fb: 0.33173 -0.01470 1.00000 1.00000
dist/lin/ang/drive_left/drive_right/tv_l/tv_r/av_l/av_r/x/y/theta/t_err: 0.60231 1.77800 0.00000 0.34643 0.31702 0.70153 0.64608 0.70153 0.64608 0.28713 -0.00046 -0.14579 0.00256
target: 1.77800 0.00000
target: 1.77800 0.00000
fb: 0.36088 -0.01279 1.00000 1.00000
fb: 0.41513 0.00000 1.00000 1.00000
dist/lin/ang/drive_left/drive_right/tv_l/tv_r/av_l/av_r/x/y/theta/t_err: 0.59400 1.77800 0.00000 0.41513 0.41513 0.76556 0.72464 0.76556 0.72464 0.61400 -0.00158 -0.22137 0.00393
target: 1.77800 0.00000
target: 1.77800 0.00000
fb: 0.44417 0.00845 1.00000 1.00000
fb: 0.51584 0.01037 1.00000 1.00000
dist/lin/ang/drive_left/drive_right/tv_l/tv_r/av_l/av_r/x/y/theta/t_err: 0.58369 1.76627 0.00000 0.50547 0.52621 0.81586 0.73628 0.81586 0.73628 1.02017 -0.00290 -0.14887 0.00272
target: 1.76627 0.00000
target: 1.76627 0.00000
fb: 0.52555 0.00632 1.00000 1.00000
fb: 0.54676 0.00107 1.00000 1.00000
dist/lin/ang/drive_left/drive_right/tv_l/tv_r/av_l/av_r/x/y/theta/t_err: 0.57275 1.74889 0.00000 0.54569 0.54782 0.82919 0.74314 0.82919 0.74314 1.45069 -0.00382 -0.10934 0.00208
target: 1.74889 0.00000
target: 1.74889 0.00000
fb: 0.64566 -0.00447 1.00000 1.00000
fb: 0.66533 -0.00604 1.00000 1.00000
dist/lin/ang/drive_left/drive_right/tv_l/tv_r/av_l/av_r/x/y/theta/t_err: 0.55945 1.72750 0.00000 0.67137 0.65929 0.83056 0.77667 0.83056 0.77667 1.97457 -0.00500 -0.15459 0.00293
target: 1.72750 0.00000
target: 1.72750 0.00000
fb: 0.61305 -0.00817 1.00000 1.00000
fb: 0.69824 -0.01009 1.00000 1.00000
dist/lin/ang/drive_left/drive_right/tv_l/tv_r/av_l/av_r/x/y/theta/t_err: 0.54548 1.70476 0.00000 0.70833 0.68815 0.84100 0.82236 0.84100 0.82236 2.52436 -0.00690 -0.23754 0.00447
target: 1.70476 0.00000
target: 1.70476 0.00000
fb: 0.79512 -0.00938 1.00000 1.00000
fb: 0.83992 -0.01229 1.00000 1.00000
dist/lin/ang/drive_left/drive_right/tv_l/tv_r/av_l/av_r/x/y/theta/t_err: 0.52868 1.67701 0.00000 0.85221 0.82763 0.83447 0.83108 0.83447 0.83108 3.18570 -0.01023 -0.33743 0.00638
target: 1.67701 0.00000
target: 1.67701 0.00000
fb: 0.99308 -0.01953 1.00000 1.00000
fb: 1.03174 -0.02237 1.00000 1.00000
dist/lin/ang/drive_left/drive_right/tv_l/tv_r/av_l/av_r/x/y/theta/t_err: 0.50805 1.64227 0.00000 1.05411 1.00936 0.84375 0.84614 0.84375 0.84614 3.99807 -0.01617 -0.51274 0.00976
target: 1.64227 0.00000
target: 1.64227 0.00000
fb: 1.07281 -0.02486 0.96386 0.98028
fb: 1.12906 -0.01598 0.93573 0.95215
dist/lin/ang/drive_left/drive_right/tv_l/tv_r/av_l/av_r/x/y/theta/t_err: 0.48547 1.60339 0.00000 1.14504 1.11308 0.73356 0.78058 0.73356 0.78058 4.88704 -0.02566 -0.69748 0.01352
target: 1.60339 0.00000
target: 1.60339 0.00000
fb: 1.13652 -0.01463 0.87606 0.89209
fb: 1.13850 -0.01534 0.87507 0.89111
dist/lin/ang/drive_left/drive_right/tv_l/tv_r/av_l/av_r/x/y/theta/t_err: 0.46270 1.56322 0.00000 1.15384 1.12315 0.72806 0.72278 0.72806 0.72278 5.78342 -0.03757 -0.82741 0.01650
target: 1.56322 0.00000
target: 1.56322 0.00000
fb: 1.13077 -0.01257 0.83451 0.85014
fb: 1.17336 -0.01868 0.81321 0.82884
dist/lin/ang/drive_left/drive_right/tv_l/tv_r/av_l/av_r/x/y/theta/t_err: 0.43924 1.52070 0.00000 1.19204 1.15468 0.71694 0.76211 0.71694 0.76211 6.70722 -0.05195 -0.96036 0.01977
target: 1.52070 0.00000
target: 1.52070 0.00000
fb: 1.19677 -0.01605 0.75017 0.76538
fb: 1.16764 -0.01442 0.76473 0.77994
dist/lin/ang/drive_left/drive_right/tv_l/tv_r/av_l/av_r/x/y/theta/t_err: 0.41589 1.47718 0.00000 1.18206 1.15322 0.72292 0.70481 0.72292 0.70481 7.62647 -0.06855 -1.10653 0.02350
target: 1.47718 0.00000
target: 1.47718 0.00000
fb: 1.18704 -0.01357 0.70874 0.72351
fb: 1.26847 -0.01733 0.66802 0.68280
dist/lin/ang/drive_left/drive_right/tv_l/tv_r/av_l/av_r/x/y/theta/t_err: 0.39053 1.42841 0.00000 1.28580 1.25114 0.71678 0.71575 0.71678 0.71575 8.62505 -0.08899 -1.24161 0.02746
target: 1.42841 0.00000
target: 1.42841 0.00000
fb: 1.25106 -0.01932 0.60626 0.62054
fb: 1.24908 -0.01946 0.60724 0.62153
dist/lin/ang/drive_left/drive_right/tv_l/tv_r/av_l/av_r/x/y/theta/t_err: 0.36556 1.37870 0.00000 1.26855 1.22962 0.64114 0.67228 0.64114 0.67228 9.60832 -0.11181 -1.41320 0.03243
target: 1.37870 0.00000
target: 1.37870 0.00000
fb: 1.25679 -0.01435 0.55147 0.56526
fb: 1.29183 -0.00682 0.53395 0.54774
dist/lin/ang/drive_left/drive_right/tv_l/tv_r/av_l/av_r/x/y/theta/t_err: 0.33974 1.32534 0.00000 1.29865 1.28501 0.58639 0.61222 0.58639 0.61222 10.62517 -0.13797 -1.51459 0.03675
target: 1.32534 0.00000
target: 1.32534 0.00000
fb: 1.37894 -0.00362 0.42274 0.43599
fb: 1.32266 -0.00653 0.45088 0.46413
dist/lin/ang/drive_left/drive_right/tv_l/tv_r/av_l/av_r/x/y/theta/t_err: 0.31331 1.26839 0.00000 1.32919 1.31612 0.51914 0.52686 0.51914 0.52686 11.66626 -0.16567 -1.54130 0.04033
target: 1.26839 0.00000
target: 1.26839 0.00000
fb: 1.27811 -0.00760 0.40233 0.41501
fb: 1.30724 -0.00689 0.38776 0.40045
dist/lin/ang/drive_left/drive_right/tv_l/tv_r/av_l/av_r/x/y/theta/t_err: 0.28718 1.20948 0.00000 1.31413 1.30035 0.44864 0.45344 0.44864 0.45344 12.69520 -0.19392 -1.60319 0.04513
target: 1.20948 0.00000
target: 1.20948 0.00000
fb: 1.29179 -0.00639 0.33013 0.34222
fb: 1.32069 -0.00568 0.31568 0.32777
dist/lin/ang/drive_left/drive_right/tv_l/tv_r/av_l/av_r/x/y/theta/t_err: 0.26080 1.14692 0.00000 1.32637 1.31501 0.39664 0.40569 0.39664 0.40569 13.73469 -0.22350 -1.65349 0.05063
target: 1.14692 0.00000
target: 1.14692 0.00000
fb: 1.21588 -0.00838 0.29155 0.30302
fb: 1.20439 0.00085 0.29729 0.30876
dist/lin/ang/drive_left/drive_right/tv_l/tv_r/av_l/av_r/x/y/theta/t_err: 0.23675 1.08674 0.00000 1.20354 1.20525 0.37692 0.35589 0.37692 0.35589 14.68263 -0.25131 -1.69299 0.05651
target: 1.08674 0.00000
target: 1.08674 0.00000
fb: 1.28973 0.00859 0.20762 0.21849
fb: 1.15397 0.01350 0.27550 0.28637
dist/lin/ang/drive_left/drive_right/tv_l/tv_r/av_l/av_r/x/y/theta/t_err: 0.21371 1.02580 0.00000 1.14048 1.16747 0.34067 0.33128 0.34067 0.33128 15.59089 -0.27754 -1.60659 0.06103
target: 1.02580 0.00000
target: 1.02580 0.00000
fb: 1.13452 0.01882 0.22326 0.23352
fb: 1.16735 0.02330 0.20685 0.21710
dist/lin/ang/drive_left/drive_right/tv_l/tv_r/av_l/av_r/x/y/theta/t_err: 0.19041 0.96024 0.00000 1.14406 1.19065 0.30578 0.31739 0.30578 0.31739 16.50974 -0.30200 -1.43121 0.06528
target: 0.96024 0.00000
target: 0.96024 0.00000
fb: 1.07996 0.01740 0.16683 0.17643
fb: 0.99660 0.00682 0.20851 0.21811
dist/lin/ang/drive_left/drive_right/tv_l/tv_r/av_l/av_r/x/y/theta/t_err: 0.17052 0.90052 0.00000 0.98979 1.00342 0.25394 0.27467 0.25394 0.27467 17.29424 -0.32058 -1.30326 0.07052
target: 0.90052 0.00000
target: 0.90052 0.00000
fb: 0.97350 0.00234 0.18901 0.19801
fb: 0.90576 0.00952 0.22287 0.23188
dist/lin/ang/drive_left/drive_right/tv_l/tv_r/av_l/av_r/x/y/theta/t_err: 0.15199 0.84107 0.00000 0.89624 0.91528 0.23306 0.23836 0.23306 0.23836 18.00726 -0.33657 -1.25306 0.06964
target: 0.84107 0.00000
target: 0.84107 0.00000
fb: 0.93287 0.01172 0.15347 0.16188
fb: 0.89006 0.00774 0.17487 0.18328
dist/lin/ang/drive_left/drive_right/tv_l/tv_r/av_l/av_r/x/y/theta/t_err: 0.13421 0.77976 0.00000 0.88232 0.89780 0.21781 0.22792 0.21781 0.22792 18.70794 -0.35134 -1.16286 0.06807
target: 0.77976 0.00000
target: 0.77976 0.00000
fb: 0.80269 0.01002 0.15134 0.15914
fb: 0.78922 0.01044 0.15808 0.16587
dist/lin/ang/drive_left/drive_right/tv_l/tv_r/av_l/av_r/x/y/theta/t_err: 0.11844 0.72106 0.00000 0.77878 0.79966 0.19319 0.20378 0.19319 0.20378 19.32925 -0.36349 -1.07016 0.06645
target: 0.72106 0.00000
target: 0.72106 0.00000
fb: 0.74288 0.00739 0.13663 0.14384
fb: 0.70582 0.00831 0.15516 0.16237
dist/lin/ang/drive_left/drive_right/tv_l/tv_r/av_l/av_r/x/y/theta/t_err: 0.10434 0.66418 0.00000 0.69751 0.71413 0.17042 0.17897 0.17042 0.17897 19.88493 -0.37351 -0.99455 0.06513
target: 0.66418 0.00000
target: 0.66418 0.00000
fb: 0.61667 0.00867 0.15329 0.15993
fb: 0.61667 0.00824 0.15329 0.15993
dist/lin/ang/drive_left/drive_right/tv_l/tv_r/av_l/av_r/x/y/theta/t_err: 0.09202 0.61016 0.00000 0.60843 0.62491 0.16683 0.17350 0.16683 0.17350 20.37043 -0.38158 -0.91390 0.06372
target: 0.61016 0.00000
target: 0.61016 0.00000
fb: 0.61270 0.00845 0.11635 0.12245
fb: 0.52555 0.00334 0.15992 0.16602
dist/lin/ang/drive_left/drive_right/tv_l/tv_r/av_l/av_r/x/y/theta/t_err: 0.08153 0.56003 0.00000 0.52222 0.52889 0.15228 0.15589 0.15228 0.15589 20.78420 -0.38793 -0.85059 0.06262
target: 0.56003 0.00000
target: 0.56003 0.00000
fb: 0.52757 -0.00064 0.12823 0.13383
fb: 0.55274 0.00099 0.11565 0.12125
dist/lin/ang/drive_left/drive_right/tv_l/tv_r/av_l/av_r/x/y/theta/t_err: 0.07047 0.50186 0.00000 0.55175 0.55374 0.15178 0.16219 0.15178 0.16219 21.21939 -0.39436 -0.84240 0.06247
target: 0.50186 0.00000
target: 0.50186 0.00000
fb: 0.50419 0.00433 -0.11205 -0.10703
fb: 0.45761 0.00582 -0.08876 -0.08374
dist/lin/ang/drive_left/drive_right/tv_l/tv_r/av_l/av_r/x/y/theta/t_err: 0.06133 0.44808 0.00000 0.45178 0.46343 0.04311 0.07650 0.04311 0.07650 21.57967 -0.39953 -0.79668 0.06168
target: 0.44808 0.00000
target: 0.44808 0.00000
fb: 0.44391 0.00923 -0.11384 -0.10935
fb: 0.38585 0.01158 -0.08481 -0.08033
dist/lin/ang/drive_left/drive_right/tv_l/tv_r/av_l/av_r/x/y/theta/t_err: 0.05363 0.39718 0.00000 0.37427 0.39743 -0.07275 -0.06931 -0.07275 -0.06931 21.88346 -0.40355 -0.70510 0.06008
target: 0.39718 0.00000
target: 0.39718 0.00000
fb: 0.30443 0.00703 0.08001 0.08399
fb: 0.22877 0.00433 0.11784 0.12182
dist/lin/ang/drive_left/drive_right/tv_l/tv_r/av_l/av_r/x/y/theta/t_err: 0.04907 0.36366 0.00000 0.22444 0.23310 -0.02653 -0.02053 -0.02653 -0.02053 22.06359 -0.40567 -0.64394 0.05901
target: 0.36366 0.00000
target: 0.36366 0.00000
fb: 0.17846 0.00717 0.18904 0.19268
fb: 0.16874 0.00987 0.19391 0.19754
dist/lin/ang/drive_left/drive_right/tv_l/tv_r/av_l/av_r/x/y/theta/t_err: 0.04571 0.33685 0.00000 0.15886 0.17861 0.11961 0.12972 0.11961 0.12972 22.19644 -0.40708 -0.56902 0.05770
target: 0.33685 0.00000
target: 0.33685 0.00000
fb: 0.17248 0.01065 0.19650 0.19987
fb: 0.18815 0.00774 0.18866 0.19203
dist/lin/ang/drive_left/drive_right/tv_l/tv_r/av_l/av_r/x/y/theta/t_err: 0.04196 0.30418 0.00000 0.18041 0.19589 0.17914 0.18139 0.17914 0.18139 22.34459 -0.40844 -0.48739 0.05628
target: 0.30418 0.00000
target: 0.30418 0.00000
fb: 0.19964 0.00732 0.12518 0.12822
fb: 0.19964 0.00845 0.12518 0.12822
dist/lin/ang/drive_left/drive_right/tv_l/tv_r/av_l/av_r/x/y/theta/t_err: 0.03798 0.26510 0.00000 0.19119 0.20809 0.17247 0.17314 0.17247 0.17314 22.50178 -0.40970 -0.42395 0.05517
target: 0.26510 0.00000
target: 0.26510 0.00000
fb: 0.18044 0.00497 -0.09157 -0.08892
fb: 0.16284 -0.00540 -0.08276 -0.08011
dist/lin/ang/drive_left/drive_right/tv_l/tv_r/av_l/av_r/x/y/theta/t_err: 0.03472 0.22824 0.00000 0.16823 0.15744 0.08831 0.06622 0.08831 0.06622 22.62999 -0.41061 -0.41165 0.05496
target: 0.22824 0.00000
target: 0.22824 0.00000
fb: 0.15517 -0.00739 0.20783 0.20783
fb: 0.13398 -0.00284 0.21842 0.21842
dist/lin/ang/drive_left/drive_right/tv_l/tv_r/av_l/av_r/x/y/theta/t_err: 0.03203 0.00663 0.00000 0.13682 0.13114 -0.03217 0.00358 -0.03217 0.00358 22.73549 -0.41142 -0.45946 0.05579
target: 0.00663 0.00000
target: 0.00663 0.00000
fb: 0.11432 -0.00128 0.08265 0.08265
fb: 0.13175 -0.00227 0.08265 0.08265
dist/lin/ang/drive_left/drive_right/tv_l/tv_r/av_l/av_r/x/y/theta/t_err: 0.02940 0.00400 0.00000 0.13402 0.12948 0.17522 0.16361 0.17522 0.16361 22.83922 -0.41227 -0.47564 0.05607
target: 0.00400 0.00000
target: 0.00400 0.00000
fb: 0.14168 -0.00263 0.08160 0.08160
fb: 0.13771 -0.00334 0.08160 0.08160
dist/lin/ang/drive_left/drive_right/tv_l/tv_r/av_l/av_r/x/y/theta/t_err: 0.02664 0.00124 0.00000 0.14105 0.13437 0.10114 0.09806 0.10114 0.09806 22.94765 -0.41319 -0.49794 0.05646
target: 0.00124 0.00000
target: 0.00124 0.00000
fb: 0.14742 0.00000 0.08049 0.08049
fb: 0.14939 0.00000 0.08049 0.08049
dist/lin/ang/drive_left/drive_right/tv_l/tv_r/av_l/av_r/x/y/theta/t_err: 0.02365 0.00000 0.00000 0.14939 0.14939 0.08658 0.08469 0.08658 0.08469 23.06528 -0.41421 -0.50134 0.05652
target: 0.00000 0.00000
target: 0.00000 0.00000
fb: 0.14739 0.00234 0.00000 0.00000
fb: 0.13966 0.00000 0.00000 0.00000
dist/lin/ang/drive_left/drive_right/tv_l/tv_r/av_l/av_r/x/y/theta/t_err: 0.02086 0.00000 0.00000 0.13966 0.13966 0.08369 0.07272 0.08369 0.07272 23.17524 -0.41516 -0.48698 0.05627
target: 0.00000 0.00000
target: 0.00000 0.00000
fb: 0.11827 0.00000 0.00000 0.00000
fb: 0.11430 -0.00071 0.00000 0.00000
dist/lin/ang/drive_left/drive_right/tv_l/tv_r/av_l/av_r/x/y/theta/t_err: 0.01857 0.00000 0.00000 0.11501 0.11359 0.00772 0.00806 0.00772 0.00806 23.26524 -0.41592 -0.48515 0.05624
target: 0.00000 0.00000
target: 0.00000 0.00000
fb: 0.11629 -0.00071 0.00000 0.00000
fb: 0.11652 -0.00163 0.00000 0.00000
dist/lin/ang/drive_left/drive_right/tv_l/tv_r/av_l/av_r/x/y/theta/t_err: 0.01624 0.00000 0.00000 0.11815 0.11488 0.00117 0.00119 0.00117 0.00119 23.35698 -0.41671 -0.49466 0.05640
target: 0.00000 0.00000
target: 0.00000 0.00000
fb: 0.12821 -0.00128 0.00000 0.00000
fb: 0.12203 0.00000 0.00000 0.00000
dist/lin/ang/drive_left/drive_right/tv_l/tv_r/av_l/av_r/x/y/theta/t_err: 0.01380 0.00000 0.00000 0.12203 0.12203 0.00050 0.00050 0.00050 0.00050 23.45307 -0.41754 -0.49921 0.05648
target: 0.00000 0.00000
target: 0.00000 0.00000
fb: 0.11055 0.00000 0.00000 0.00000
fb: 0.09907 0.00178 0.00000 0.00000
dist/lin/ang/drive_left/drive_right/tv_l/tv_r/av_l/av_r/x/y/theta/t_err: 0.01182 0.00000 0.00000 0.09729 0.10085 0.00100 0.00067 0.00100 0.00067 23.53107 -0.41822 -0.49163 0.05635
target: 0.00000 0.00000
target: 0.00000 0.00000
fb: 0.07368 0.00455 0.00000 0.00000
fb: 0.05027 0.00717 0.00000 0.00000
dist/lin/ang/drive_left/drive_right/tv_l/tv_r/av_l/av_r/x/y/theta/t_err: 0.01082 0.00000 0.00000 0.04309 0.05744 0.00256 0.00256 0.00256 0.00256 23.57065 -0.41854 -0.44240 0.05549
target: 0.00000 0.00000
target: 0.00000 0.00000
fb: 0.04252 0.00902 0.00000 0.00000
fb: 0.04075 0.00852 0.00000 0.00000
dist/lin/ang/drive_left/drive_right/tv_l/tv_r/av_l/av_r/x/y/theta/t_err: 0.01002 0.00000 0.00000 0.03223 0.04927 0.00308 0.00258 0.00308 0.00258 23.60274 -0.41877 -0.36264 0.05410
target: 0.00000 0.00000
target: 0.00000 0.00000
fb: 0.03083 0.00611 0.00000 0.00000
fb: 0.02312 0.00433 0.00000 0.00000
dist/lin/ang/drive_left/drive_right/tv_l/tv_r/av_l/av_r/x/y/theta/t_err: 0.00957 0.00000 0.00000 0.01879 0.02746 0.00117 0.00342 0.00117 0.00342 23.62094 -0.41887 -0.30979 0.05318
target: 0.00000 0.00000
target: 0.00000 0.00000
fb: 0.01166 0.00362 0.00000 0.00000
fb: -0.00003 0.00277 0.00000 0.00000
dist/lin/ang/drive_left/drive_right/tv_l/tv_r/av_l/av_r/x/y/theta/t_err: 0.00958 0.00000 0.00000 -0.00280 0.00274 0.00153 0.00017 0.00153 0.00017 23.62092 -0.41887 -0.27680 0.05260
target: 0.00000 0.00000
target: 0.00000 0.00000
fb: -0.00002 0.00135 0.00000 0.00000
fb: -0.00001 0.00000 0.00000 0.00000
final error: 0.56494, x: 0.37909, y: 0.41887
final local error: 0.56494, forwards: 0.37711, sideways: 0.42065
position: 23.62091 -0.41887 -0.26941
took 1.08000 time to finish turn
dist/lin/ang/drive_left/drive_right/tv_l/tv_r/av_l/av_r/x/y/theta/t_err: -0.60011 -1.77800 0.00000 0.00000 0.00000 0.00017 0.00000 0.00017 0.00000 23.62253 -0.41888 179.65848 -0.01177
target: -1.77800 0.00000
target: -1.77800 0.00000
fb: -0.00000 0.00000 -1.00000 -1.00000
fb: -0.00000 0.00000 -1.00000 -1.00000
dist/lin/ang/drive_left/drive_right/tv_l/tv_r/av_l/av_r/x/y/theta/t_err: -0.60011 -1.77800 0.00000 -0.00000 -0.00000 -0.26864 -0.32253 -0.26864 -0.32253 23.62253 -0.41888 179.65991 -0.01179
target: -1.77800 0.00000
target: -1.77800 0.00000
fb: -0.00000 0.00000 -1.00000 -1.00000
fb: 0.00002 -0.00930 -1.00000 -1.00000
dist/lin/ang/drive_left/drive_right/tv_l/tv_r/av_l/av_r/x/y/theta/t_err: -0.60011 -1.77800 0.00000 0.00932 -0.00928 -0.60592 -0.65586 -0.60592 -0.65586 23.62254 -0.41888 179.63747 -0.01140
target: -1.77800 0.00000
target: -1.77800 0.00000
fb: 0.00007 -0.01314 -1.00000 -1.00000
fb: -0.03279 -0.00938 -1.00000 -1.00000
dist/lin/ang/drive_left/drive_right/tv_l/tv_r/av_l/av_r/x/y/theta/t_err: -0.59945 -1.77800 0.00000 -0.02342 -0.04217 -0.59736 -0.58467 -0.59736 -0.58467 23.59672 -0.41869 179.54101 -0.00973
target: -1.77800 0.00000
target: -1.77800 0.00000
fb: -0.18618 -0.00362 -1.00000 -1.00000
fb: -0.34135 0.00412 -1.00000 -1.00000
dist/lin/ang/drive_left/drive_right/tv_l/tv_r/av_l/av_r/x/y/theta/t_err: -0.59262 -1.77800 0.00000 -0.34547 -0.33723 -0.62983 -0.63053 -0.62983 -0.63053 23.32795 -0.41648 179.53223 -0.00969
target: -1.77800 0.00000
target: -1.77800 0.00000
fb: -0.37825 0.00845 -1.00000 -1.00000
fb: -0.41138 0.01002 -1.00000 -1.00000
dist/lin/ang/drive_left/drive_right/tv_l/tv_r/av_l/av_r/x/y/theta/t_err: -0.58440 -1.76739 0.00000 -0.42140 -0.40137 -0.64489 -0.73064 -0.64489 -0.73064 23.00404 -0.41406 179.61307 -0.01124
target: -1.76739 0.00000
target: -1.76739 0.00000
fb: -0.50231 0.01229 -1.00000 -1.00000
fb: -0.55461 0.01158 -1.00000 -1.00000
dist/lin/ang/drive_left/drive_right/tv_l/tv_r/av_l/av_r/x/y/theta/t_err: -0.57331 -1.74977 0.00000 -0.56619 -0.54304 -0.69078 -0.76744 -0.69078 -0.76744 22.56734 -0.41153 179.72199 -0.01338
target: -1.74977 0.00000
target: -1.74977 0.00000
fb: -0.58374 0.01271 -1.00000 -1.00000
fb: -0.60515 0.01115 -1.00000 -1.00000
dist/lin/ang/drive_left/drive_right/tv_l/tv_r/av_l/av_r/x/y/theta/t_err: -0.56120 -1.73034 0.00000 -0.61630 -0.59399 -0.76656 -0.75836 -0.76656 -0.75836 22.09085 -0.40968 179.83284 -0.01563
target: -1.73034 0.00000
target: -1.73034 0.00000
fb: -0.68082 0.00895 -1.00000 -1.00000
fb: -0.76245 0.00845 -1.00000 -1.00000
dist/lin/ang/drive_left/drive_right/tv_l/tv_r/av_l/av_r/x/y/theta/t_err: -0.54596 -1.70554 0.00000 -0.77090 -0.75400 -0.78214 -0.79719 -0.78214 -0.79719 21.49050 -0.40836 179.91373 -0.01749
target: -1.70554 0.00000
target: -1.70554 0.00000
fb: -0.78363 0.00923 -1.00000 -1.00000
fb: -0.81651 0.00753 -1.00000 -1.00000
dist/lin/ang/drive_left/drive_right/tv_l/tv_r/av_l/av_r/x/y/theta/t_err: -0.52963 -1.67858 0.00000 -0.82404 -0.80898 -0.81722 -0.81278 -0.81722 -0.81278 20.84758 -0.40786 179.99425 -0.01946
target: -1.67858 0.00000
target: -1.67858 0.00000
fb: -0.88447 0.00987 -1.00000 -1.00000
fb: -0.92907 0.01591 -1.00000 -1.00000
dist/lin/ang/drive_left/drive_right/tv_l/tv_r/av_l/av_r/x/y/theta/t_err: -0.51105 -1.64737 0.00000 -0.94498 -0.91316 -0.83092 -0.83381 -0.83092 -0.83381 20.11603 -0.40837 180.09685 -0.02199
target: -1.64737 0.00000
target: -1.64737 0.00000
fb: -0.94455 0.01825 -1.00000 -1.00000
fb: -0.98713 0.01158 -1.00000 -1.00000
dist/lin/ang/drive_left/drive_right/tv_l/tv_r/av_l/av_r/x/y/theta/t_err: -0.49132 -1.61355 0.00000 -0.99871 -0.97555 -0.85244 -0.85556 -0.85244 -0.85556 19.33876 -0.41068 180.23500 -0.02533
target: -1.61355 0.00000
target: -1.61355 0.00000
fb: -1.04357 0.01002 -0.95502 -0.97116
fb: -1.14045 0.01683 -0.90658 -0.92272
dist/lin/ang/drive_left/drive_right/tv_l/tv_r/av_l/av_r/x/y/theta/t_err: -0.46851 -1.57357 0.00000 -1.15728 -1.12361 -0.67931 -0.70069 -0.67931 -0.70069 18.44078 -0.41492 180.32555 -0.02818
target: -1.57357 0.00000
target: -1.57357 0.00000
fb: -1.19478 0.01726 -0.81334 -0.82908
fb: -1.21223 0.02216 -0.80461 -0.82035
dist/lin/ang/drive_left/drive_right/tv_l/tv_r/av_l/av_r/x/y/theta/t_err: -0.44428 -1.52994 0.00000 -1.23439 -1.19007 -0.69247 -0.74708 -0.69247 -0.74708 17.48629 -0.42170 180.49629 -0.03277
target: -1.52994 0.00000
target: -1.52994 0.00000
fb: -1.23166 0.02124 -0.73656 -0.75186
fb: -1.17363 0.02024 -0.76558 -0.78087
dist/lin/ang/drive_left/drive_right/tv_l/tv_r/av_l/av_r/x/y/theta/t_err: -0.42082 -1.48648 0.00000 -1.19387 -1.15338 -0.69967 -0.73647 -0.69967 -0.73647 16.56222 -0.43114 180.67809 -0.03786
target: -1.48648 0.00000
target: -1.48648 0.00000
fb: -1.17738 0.02372 -0.72277 -0.73764
fb: -1.25109 0.02294 -0.68592 -0.70078
dist/lin/ang/drive_left/drive_right/tv_l/tv_r/av_l/av_r/x/y/theta/t_err: -0.39582 -1.43872 0.00000 -1.27404 -1.22815 -0.69078 -0.71044 -0.69078 -0.71044 15.57720 -0.44450 180.87724 -0.04384
target: -1.43872 0.00000
target: -1.43872 0.00000
fb: -1.22968 0.01833 -0.63142 -0.64580
fb: -1.28591 0.01193 -0.60330 -0.61769
dist/lin/ang/drive_left/drive_right/tv_l/tv_r/av_l/av_r/x/y/theta/t_err: -0.37013 -1.38793 0.00000 -1.29784 -1.27398 -0.62522 -0.63653 -0.62522 -0.63653 14.56482 -0.46142 181.02050 -0.04948
target: -1.38793 0.00000
target: -1.38793 0.00000
fb: -1.21814 0.01151 -0.57481 -0.58869
fb: -1.23160 0.01399 -0.56808 -0.58196
dist/lin/ang/drive_left/drive_right/tv_l/tv_r/av_l/av_r/x/y/theta/t_err: -0.34553 -1.33750 0.00000 -1.24559 -1.21760 -0.57339 -0.58894 -0.57339 -0.58894 13.59523 -0.47962 181.12960 -0.05498
target: -1.33750 0.00000
target: -1.33750 0.00000
fb: -1.42930 0.00859 -0.42240 -0.43577
fb: -1.30329 0.01065 -0.48540 -0.49878
dist/lin/ang/drive_left/drive_right/tv_l/tv_r/av_l/av_r/x/y/theta/t_err: -0.31951 -1.28199 0.00000 -1.31394 -1.29263 -0.49347 -0.50153 -0.49347 -0.50153 12.56923 -0.50050 181.20973 -0.06091
target: -1.28199 0.00000
target: -1.28199 0.00000
fb: -1.23556 0.01662 -0.44313 -0.45595
fb: -1.33247 0.02081 -0.39467 -0.40749
dist/lin/ang/drive_left/drive_right/tv_l/tv_r/av_l/av_r/x/y/theta/t_err: -0.29292 -1.22266 0.00000 -1.35328 -1.31166 -0.45036 -0.45394 -0.45036 -0.45394 11.52030 -0.52386 181.35110 -0.06902
target: -1.22266 0.00000
target: -1.22266 0.00000
fb: -1.22194 0.02166 -0.37579 -0.38802
fb: -1.20451 0.01840 -0.38451 -0.39673
dist/lin/ang/drive_left/drive_right/tv_l/tv_r/av_l/av_r/x/y/theta/t_err: -0.26889 -1.16647 0.00000 -1.22290 -1.18611 -0.40039 -0.40875 -0.40039 -0.40875 10.57217 -0.54772 181.51878 -0.07827
target: -1.16647 0.00000
target: -1.16647 0.00000
fb: -1.27819 0.01790 -0.30784 -0.31951
fb: -1.19479 0.02060 -0.34955 -0.36121
dist/lin/ang/drive_left/drive_right/tv_l/tv_r/av_l/av_r/x/y/theta/t_err: -0.24508 -1.10796 0.00000 -1.21539 -1.17419 -0.37369 -0.36192 -0.37369 -0.36192 9.63176 -0.57386 181.67408 -0.08873
target: -1.10796 0.00000
target: -1.10796 0.00000
fb: -1.21817 0.01271 -0.27128 -0.28236
fb: -1.18701 0.00696 -0.28686 -0.29794
dist/lin/ang/drive_left/drive_right/tv_l/tv_r/av_l/av_r/x/y/theta/t_err: -0.22145 -1.04666 0.00000 -1.19397 -1.18005 -0.35797 -0.36583 -0.35797 -0.36583 8.69753 -0.60202 181.76551 -0.09992
target: -1.04666 0.00000
target: -1.04666 0.00000
fb: -1.10931 0.00952 -0.25431 -0.26478
fb: -1.12698 0.01044 -0.24548 -0.25594
dist/lin/ang/drive_left/drive_right/tv_l/tv_r/av_l/av_r/x/y/theta/t_err: -0.19903 -0.98502 0.00000 -1.13742 -1.11654 -0.30747 -0.32528 -0.30747 -0.32528 7.81059 -0.62992 181.84466 -0.11267
target: -0.98502 0.00000
target: -0.98502 0.00000
fb: -1.05702 0.00305 -0.21971 -0.22956
fb: -1.06468 -0.00582 -0.21588 -0.22573
dist/lin/ang/drive_left/drive_right/tv_l/tv_r/av_l/av_r/x/y/theta/t_err: -0.17789 -0.92310 0.00000 -1.05886 -1.07051 -0.27156 -0.27583 -0.27156 -0.27583 6.97270 -0.65705 181.84457 -0.12615
target: -0.92310 0.00000
target: -0.92310 0.00000
fb: -1.02580 -0.00554 -0.17466 -0.18389
fb: -0.92694 -0.00533 -0.22409 -0.23332
dist/lin/ang/drive_left/drive_right/tv_l/tv_r/av_l/av_r/x/y/theta/t_err: -0.15952 -0.86570 -0.00000 -0.92161 -0.93227 -0.23200 -0.24228 -0.23200 -0.24228 6.24319 -0.68019 181.78921 -0.13975
target: -0.86570 0.00000
target: -0.86570 0.00000
fb: -0.89980 -0.00533 -0.20285 -0.21151
fb: -0.87066 -0.01044 -0.21743 -0.22608
dist/lin/ang/drive_left/drive_right/tv_l/tv_r/av_l/av_r/x/y/theta/t_err: -0.14057 -0.80224 0.00000 -0.86022 -0.88110 -0.23631 -0.24658 -0.23631 -0.24658 5.55795 -0.70125 181.72235 -0.13858
target: -0.80224 0.00000
target: -0.80224 0.00000
fb: -0.87461 -0.01236 -0.12726 -0.13529
fb: -0.86113 -0.01364 -0.13400 -0.14202
dist/lin/ang/drive_left/drive_right/tv_l/tv_r/av_l/av_r/x/y/theta/t_err: -0.12339 -0.73999 0.00000 -0.84750 -0.87477 -0.17864 -0.19539 -0.17864 -0.19539 4.88018 -0.72099 181.60887 -0.13660
target: -0.73999 0.00000
target: -0.73999 0.00000
fb: -0.81456 -0.01712 -0.10301 -0.11041
fb: -0.75231 -0.01911 -0.13413 -0.14153
dist/lin/ang/drive_left/drive_right/tv_l/tv_r/av_l/av_r/x/y/theta/t_err: -0.10840 -0.68105 0.00000 -0.73321 -0.77142 -0.14664 -0.15706 -0.14664 -0.15706 4.28802 -0.73688 181.45634 -0.13394
target: -0.68105 0.00000
target: -0.68105 0.00000
fb: -0.73486 -0.02245 -0.10115 -0.10796
fb: -0.67085 -0.02422 -0.13315 -0.13996
dist/lin/ang/drive_left/drive_right/tv_l/tv_r/av_l/av_r/x/y/theta/t_err: -0.09506 -0.62392 0.00000 -0.64663 -0.69507 -0.13364 -0.13264 -0.13364 -0.13264 3.75994 -0.74947 181.25716 -0.13046
target: -0.62392 0.00000
target: -0.62392 0.00000
fb: -0.58544 -0.02621 -0.12913 -0.13537
fb: -0.56424 -0.02578 -0.13973 -0.14597
dist/lin/ang/drive_left/drive_right/tv_l/tv_r/av_l/av_r/x/y/theta/t_err: -0.08386 -0.57156 0.00000 -0.53846 -0.59003 -0.14272 -0.15075 -0.14272 -0.15075 3.31575 -0.75835 181.02945 -0.12649
target: -0.57156 0.00000
target: -0.57156 0.00000
fb: -0.52145 -0.02166 -0.13235 -0.13807
fb: -0.51751 -0.01719 -0.13432 -0.14004
dist/lin/ang/drive_left/drive_right/tv_l/tv_r/av_l/av_r/x/y/theta/t_err: -0.07358 -0.51885 0.00000 -0.50032 -0.53470 -0.14667 -0.15072 -0.14667 -0.15072 2.90831 -0.76498 180.84929 -0.12334
target: -0.51885 0.00000
target: -0.51885 0.00000
fb: -0.49833 -0.01655 -0.09174 -0.09692
fb: -0.48090 -0.01754 -0.10045 -0.10564
dist/lin/ang/drive_left/drive_right/tv_l/tv_r/av_l/av_r/x/y/theta/t_err: -0.06401 -0.46449 0.00000 -0.46336 -0.49845 -0.11789 -0.12253 -0.11789 -0.12253 2.52968 -0.77009 180.69938 -0.12073
target: -0.46449 0.00000
target: -0.46449 0.00000
fb: -0.49635 -0.01662 0.12685 0.12220
fb: -0.45553 -0.01520 0.10644 0.10179
dist/lin/ang/drive_left/drive_right/tv_l/tv_r/av_l/av_r/x/y/theta/t_err: -0.05495 -0.40636 0.00000 -0.44033 -0.47073 0.05578 0.04739 0.05578 0.04739 2.17102 -0.77403 180.55470 -0.11820
target: -0.40636 0.00000
target: -0.40636 0.00000
fb: -0.38581 -0.01556 0.14439 0.14033
fb: -0.32578 -0.02060 0.11437 0.11031
dist/lin/ang/drive_left/drive_right/tv_l/tv_r/av_l/av_r/x/y/theta/t_err: -0.04849 -0.35920 0.00000 -0.30518 -0.34638 0.10881 0.10967 0.10881 0.10967 1.91451 -0.77620 180.40103 -0.11552
target: -0.35920 0.00000
target: -0.35920 0.00000
fb: -0.24434 -0.01754 -0.09042 -0.09401
fb: -0.16272 -0.01300 -0.13123 -0.13482
dist/lin/ang/drive_left/drive_right/tv_l/tv_r/av_l/av_r/x/y/theta/t_err: -0.04528 -0.33334 0.00000 -0.14972 -0.17572 -0.07150 -0.07564 -0.07150 -0.07564 1.78639 -0.77694 180.25786 -0.11302
target: -0.33334 0.00000
target: -0.33334 0.00000
fb: -0.12390 -0.01776 -0.22171 -0.22504
fb: -0.13379 -0.02301 -0.21676 -0.22009
dist/lin/ang/drive_left/drive_right/tv_l/tv_r/av_l/av_r/x/y/theta/t_err: -0.04267 -0.31062 0.00000 -0.11078 -0.15681 -0.18736 -0.19572 -0.18736 -0.19572 1.68104 -0.77726 180.09343 -0.11015
target: -0.31062 0.00000
target: -0.31062 0.00000
fb: -0.17437 -0.02202 -0.18874 -0.19185
fb: -0.20329 -0.01896 -0.17428 -0.17739
dist/lin/ang/drive_left/drive_right/tv_l/tv_r/av_l/av_r/x/y/theta/t_err: -0.03866 -0.27222 0.00000 -0.18433 -0.22226 -0.18136 -0.18789 -0.18136 -0.18789 1.52096 -0.77726 179.91700 -0.10707
target: -0.27222 0.00000
target: -0.27222 0.00000
fb: -0.21897 -0.02017 0.10095 0.09823
fb: -0.20550 -0.01925 0.09422 0.09149
dist/lin/ang/drive_left/drive_right/tv_l/tv_r/av_l/av_r/x/y/theta/t_err: -0.03461 -0.22686 0.00000 -0.18625 -0.22475 0.03814 0.03817 0.03814 0.03817 1.35915 -0.77680 179.74571 -0.10408
target: -0.22686 0.00000
target: -0.22686 0.00000
fb: -0.16094 -0.01619 -0.20370 -0.20370
fb: -0.12986 -0.01058 -0.21924 -0.21924
dist/lin/ang/drive_left/drive_right/tv_l/tv_r/av_l/av_r/x/y/theta/t_err: -0.03206 -0.00666 0.00000 -0.11927 -0.14044 -0.13692 -0.13858 -0.13692 -0.13858 1.25690 -0.77622 179.61909 -0.10187
target: -0.00666 0.00000
target: -0.00666 0.00000
fb: -0.10076 -0.00781 -0.08266 -0.08266
fb: -0.08138 0.00000 -0.08266 -0.08266
dist/lin/ang/drive_left/drive_right/tv_l/tv_r/av_l/av_r/x/y/theta/t_err: -0.03044 -0.00504 0.00000 -0.08138 -0.08138 -0.10456 -0.10353 -0.10456 -0.10353 1.19283 -0.77576 179.57268 -0.10106
target: -0.00504 0.00000
target: -0.00504 0.00000
fb: -0.09491 0.01051 -0.08202 -0.08202
fb: -0.10291 0.01186 -0.08202 -0.08202
dist/lin/ang/drive_left/drive_right/tv_l/tv_r/av_l/av_r/x/y/theta/t_err: -0.02835 -0.00295 -0.00000 -0.11477 -0.09105 -0.08386 -0.08400 -0.08386 -0.08400 1.11180 -0.77521 179.66454 -0.10267
target: -0.00295 0.00000
target: -0.00295 0.00000
fb: -0.13005 0.00618 -0.08118 -0.08118
fb: -0.17260 0.00519 -0.08118 -0.08118
dist/lin/ang/drive_left/drive_right/tv_l/tv_r/av_l/av_r/x/y/theta/t_err: -0.02488 0.00000 -0.00000 -0.17779 -0.16742 -0.08400 -0.08350 -0.08400 -0.08350 0.97589 -0.77449 179.71993 -0.10363
target: 0.00000 0.00000
target: 0.00000 0.00000
fb: -0.16487 0.00639 0.00000 0.00000
fb: -0.13002 0.00810 0.00000 0.00000
dist/lin/ang/drive_left/drive_right/tv_l/tv_r/av_l/av_r/x/y/theta/t_err: -0.02226 0.00000 -0.00000 -0.13811 -0.12192 -0.02089 -0.01436 -0.02089 -0.01436 0.87351 -0.77403 179.77549 -0.10460
target: 0.00000 0.00000
target: 0.00000 0.00000
fb: -0.10884 0.00561 0.00000 0.00000
fb: -0.09690 0.00071 0.00000 0.00000
dist/lin/ang/drive_left/drive_right/tv_l/tv_r/av_l/av_r/x/y/theta/t_err: -0.02031 0.00000 -0.00000 -0.09761 -0.09619 -0.00242 -0.00133 -0.00242 -0.00133 0.79722 -0.77376 179.80873 -0.10518
target: 0.00000 0.00000
target: 0.00000 0.00000
fb: -0.09687 -0.00227 0.00000 0.00000
fb: -0.09509 -0.00263 0.00000 0.00000
dist/lin/ang/drive_left/drive_right/tv_l/tv_r/av_l/av_r/x/y/theta/t_err: -0.01842 0.00000 0.00000 -0.09246 -0.09771 0.00000 -0.00000 0.00000 -0.00000 0.72235 -0.77350 179.78838 -0.10483
target: 0.00000 0.00000
target: 0.00000 0.00000
fb: -0.09883 -0.00270 0.00000 0.00000
fb: -0.10081 -0.00433 0.00000 0.00000
dist/lin/ang/drive_left/drive_right/tv_l/tv_r/av_l/av_r/x/y/theta/t_err: -0.01641 0.00000 0.00000 -0.09648 -0.10515 0.00000 -0.00033 0.00000 -0.00033 0.64297 -0.77319 179.75748 -0.10429
target: 0.00000 0.00000
target: 0.00000 0.00000
fb: -0.09110 -0.00369 0.00000 0.00000
fb: -0.08912 -0.00107 0.00000 0.00000
dist/lin/ang/drive_left/drive_right/tv_l/tv_r/av_l/av_r/x/y/theta/t_err: -0.01464 0.00000 0.00000 -0.08805 -0.09019 -0.00103 -0.00100 -0.00103 -0.00100 0.57279 -0.77287 179.72762 -0.10377
target: 0.00000 0.00000
target: 0.00000 0.00000
fb: -0.07965 0.00092 0.00000 0.00000
fb: -0.05627 0.00227 0.00000 0.00000
dist/lin/ang/drive_left/drive_right/tv_l/tv_r/av_l/av_r/x/y/theta/t_err: -0.01351 0.00000 -0.00000 -0.05855 -0.05400 -0.00222 -0.00206 -0.00222 -0.00206 0.52848 -0.77266 179.73370 -0.10387
target: 0.00000 0.00000
target: 0.00000 0.00000
fb: -0.03290 0.00433 0.00000 0.00000
fb: -0.02342 0.00376 0.00000 0.00000
dist/lin/ang/drive_left/drive_right/tv_l/tv_r/av_l/av_r/x/y/theta/t_err: -0.01304 0.00000 -0.00000 -0.02718 -0.01965 -0.00119 -0.00136 -0.00119 -0.00136 0.51005 -0.77258 179.76429 -0.10441
target: 0.00000 0.00000
target: 0.00000 0.00000
fb: -0.02341 0.00099 0.00000 0.00000
fb: -0.01942 -0.00220 0.00000 0.00000
dist/lin/ang/drive_left/drive_right/tv_l/tv_r/av_l/av_r/x/y/theta/t_err: -0.01265 0.00000 0.00000 -0.01721 -0.02162 -0.00169 0.00000 -0.00169 0.00000 0.49476 -0.77252 179.76256 -0.10438
target: 0.00000 0.00000
target: 0.00000 0.00000
fb: -0.01543 -0.00163 0.00000 0.00000
fb: -0.00771 0.00107 0.00000 0.00000
dist/lin/ang/drive_left/drive_right/tv_l/tv_r/av_l/av_r/x/y/theta/t_err: -0.01250 0.00000 0.00000 -0.00878 -0.00665 -0.00033 0.00017 -0.00033 0.00017 0.48868 -0.77249 179.75190 -0.10419
target: 0.00000 0.00000
target: 0.00000 0.00000
fb: -0.00001 0.00213 0.00000 0.00000
fb: -0.00200 0.00163 0.00000 0.00000
start is 0.00000 0.00000
dist/lin/ang/drive_left/drive_right/tv_l/tv_r/av_l/av_r/x/y/theta/t_err: 0.60960 1.77800 0.00000 0.00000 0.00000 -0.00050 -0.00017 -0.00050 -0.00017 0.00000 -0.00000 -0.00050 0.00001
target: 1.77800 0.00000
target: 1.77800 0.00000
fb: -0.00000 0.00000 1.00000 1.00000
fb: -0.00000 0.00000 1.00000 1.00000
dist/lin/ang/drive_left/drive_right/tv_l/tv_r/av_l/av_r/x/y/theta/t_err: 0.60960 1.77800 0.00000 -0.00000 -0.00000 0.06400 0.15264 0.06400 0.15264 -0.00000 -0.00000 0.00239 -0.00004
target: 1.77800 0.00000
target: 1.77800 0.00000
fb: -0.00000 0.00000 1.00000 1.00000
fb: -0.00002 0.00724 1.00000 1.00000
dist/lin/ang/drive_left/drive_right/tv_l/tv_r/av_l/av_r/x/y/theta/t_err: 0.60960 1.77800 0.00000 -0.00726 0.00723 0.47278 0.60194 0.47278 0.60194 -0.00002 -0.00000 0.02255 -0.00039
target: 1.77800 0.00000
target: 1.77800 0.00000
fb: -0.00402 0.00930 1.00000 1.00000
fb: 0.01935 0.00966 1.00000 1.00000
dist/lin/ang/drive_left/drive_right/tv_l/tv_r/av_l/av_r/x/y/theta/t_err: 0.60921 1.77800 0.00000 0.00969 0.02901 0.70533 0.68956 0.70533 0.68956 0.01522 0.00002 0.09677 -0.00169
target: 1.77800 0.00000
target: 1.77800 0.00000
fb: 0.15131 0.00561 1.00000 1.00000
fb: 0.31021 0.00376 1.00000 1.00000
dist/lin/ang/drive_left/drive_right/tv_l/tv_r/av_l/av_r/x/y/theta/t_err: 0.60301 1.77800 0.00000 0.30644 0.31397 0.65108 0.73253 0.65108 0.73253 0.25948 0.00054 0.13942 -0.00246
target: 1.77800 0.00000
target: 1.77800 0.00000
fb: 0.38987 0.00519 1.00000 1.00000
fb: 0.40728 0.01193 1.00000 1.00000
dist/lin/ang/drive_left/drive_right/tv_l/tv_r/av_l/av_r/x/y/theta/t_err: 0.59486 1.77800 0.00000 0.39535 0.41921 0.71283 0.71558 0.71283 0.71558 0.58017 0.00147 0.20433 -0.00363
target: 1.77800 0.00000
target: 1.77800 0.00000
fb: 0.42446 0.01385 1.00000 1.00000
fb: 0.49837 0.01463 1.00000 1.00000
dist/lin/ang/drive_left/drive_right/tv_l/tv_r/av_l/av_r/x/y/theta/t_err: 0.58490 1.76818 0.00000 0.48373 0.51300 0.79856 0.75289 0.79856 0.75289 0.97258 0.00329 0.32188 -0.00576
target: 1.76818 0.00000
target: 1.76818 0.00000
fb: 0.54293 0.01754 1.00000 1.00000
fb: 0.56035 0.01527 1.00000 1.00000
dist/lin/ang/drive_left/drive_right/tv_l/tv_r/av_l/av_r/x/y/theta/t_err: 0.57369 1.75038 0.00000 0.54508 0.57562 0.82525 0.78575 0.82525 0.78575 1.41379 0.00633 0.46023 -0.00831
target: 1.75038 0.00000
target: 1.75038 0.00000
fb: 0.55860 0.01243 1.00000 1.00000
fb: 0.61269 0.00959 1.00000 1.00000
dist/lin/ang/drive_left/drive_right/tv_l/tv_r/av_l/av_r/x/y/theta/t_err: 0.56144 1.73071 0.00000 0.60310 0.62228 0.83194 0.80217 0.83194 0.80217 1.89620 0.01065 0.55516 -0.01017
target: 1.73071 0.00000
target: 1.73071 0.00000
fb: 0.70782 0.00540 1.00000 1.00000
fb: 0.71358 0.00483 1.00000 1.00000
dist/lin/ang/drive_left/drive_right/tv_l/tv_r/av_l/av_r/x/y/theta/t_err: 0.54717 1.70752 0.00000 0.70875 0.71841 0.83364 0.82833 0.83364 0.82833 2.45805 0.01630 0.59403 -0.01112
target: 1.70752 0.00000
target: 1.70752 0.00000
fb: 0.76212 0.00639 1.00000 1.00000
fb: 0.86892 0.00511 1.00000 1.00000
dist/lin/ang/drive_left/drive_right/tv_l/tv_r/av_l/av_r/x/y/theta/t_err: 0.52979 1.67885 0.00000 0.86381 0.87403 0.84442 0.84169 0.84442 0.84169 3.14220 0.02365 0.63462 -0.01221
target: 1.67885 0.00000
target: 1.67885 0.00000
fb: 0.92698 -0.00206 1.00000 1.00000
fb: 1.01441 -0.00938 1.00000 1.00000
dist/lin/ang/drive_left/drive_right/tv_l/tv_r/av_l/av_r/x/y/theta/t_err: 0.50950 1.64474 0.00000 1.02378 1.00503 0.85158 0.85536 0.85158 0.85536 3.94090 0.03231 0.59186 -0.01194
target: 1.64474 0.00000
target: 1.64474 0.00000
fb: 1.05130 -0.01108 0.97981 0.99626
fb: 1.12677 -0.01122 0.94208 0.95852
dist/lin/ang/drive_left/drive_right/tv_l/tv_r/av_l/av_r/x/y/theta/t_err: 0.48697 1.60600 0.00000 1.13799 1.11555 0.77017 0.74108 0.77017 0.74108 4.82808 0.04071 0.49718 -0.01080
target: 1.60600 0.00000
target: 1.60600 0.00000
fb: 1.19076 -0.01094 0.85207 0.86813
fb: 1.14617 -0.00519 0.87437 0.89043
dist/lin/ang/drive_left/drive_right/tv_l/tv_r/av_l/av_r/x/y/theta/t_err: 0.46405 1.56562 0.00000 1.15136 1.14099 0.68561 0.64475 0.68561 0.64475 5.73055 0.04790 0.42336 -0.01001
target: 1.56562 0.00000
target: 1.56562 0.00000
fb: 1.17328 -0.00170 0.81461 0.83027
fb: 1.19865 -0.00391 0.80193 0.81759
dist/lin/ang/drive_left/drive_right/tv_l/tv_r/av_l/av_r/x/y/theta/t_err: 0.44007 1.52223 0.00000 1.20255 1.19474 0.68667 0.69881 0.68667 0.69881 6.67434 0.05467 0.39700 -0.01008
target: 1.52223 0.00000
target: 1.52223 0.00000
fb: 1.13268 -0.00547 0.77979 0.79501
fb: 1.12496 -0.00213 0.78365 0.79887
dist/lin/ang/drive_left/drive_right/tv_l/tv_r/av_l/av_r/x/y/theta/t_err: 0.41758 1.48036 0.00000 1.12709 1.12283 0.69197 0.72686 0.69197 0.72686 7.56011 0.06040 0.35328 -0.00984
target: 1.48036 0.00000
target: 1.48036 0.00000
fb: 1.13068 -0.00149 0.74739 0.76220
fb: 1.20615 -0.00320 0.70966 0.72446
dist/lin/ang/drive_left/drive_right/tv_l/tv_r/av_l/av_r/x/y/theta/t_err: 0.39345 1.43412 0.00000 1.20934 1.20295 0.70275 0.74381 0.70275 0.74381 8.50982 0.06604 0.32605 -0.00995
target: 1.43412 0.00000
target: 1.43412 0.00000
fb: 1.22778 -0.00270 0.63474 0.64908
fb: 1.28780 -0.00405 0.60473 0.61907
dist/lin/ang/drive_left/drive_right/tv_l/tv_r/av_l/av_r/x/y/theta/t_err: 0.36770 1.38303 0.00000 1.29185 1.28375 0.67775 0.68411 0.67775 0.68411 9.52382 0.07152 0.29149 -0.01003
target: 1.38303 0.00000
target: 1.38303 0.00000
fb: 1.44292 -0.00185 0.45636 0.47019
fb: 1.35970 0.00227 0.49797 0.51180
dist/lin/ang/drive_left/drive_right/tv_l/tv_r/av_l/av_r/x/y/theta/t_err: 0.34051 1.32696 0.00000 1.35743 1.36198 0.58469 0.59700 0.58469 0.59700 10.59444 0.07688 0.29237 -0.01084
target: 1.32696 0.00000
target: 1.32696 0.00000
fb: 1.30120 0.00241 0.45096 0.46423
fb: 1.24692 0.00071 0.47810 0.49137
dist/lin/ang/drive_left/drive_right/tv_l/tv_r/av_l/av_r/x/y/theta/t_err: 0.31557 1.27337 0.00000 1.24621 1.24763 0.48836 0.51078 0.48836 0.51078 11.57625 0.08212 0.31706 -0.01214
target: 1.27337 0.00000
target: 1.27337 0.00000
fb: 1.26835 -0.00114 0.42712 0.43985
fb: 1.34978 -0.00085 0.38640 0.39913
dist/lin/ang/drive_left/drive_right/tv_l/tv_r/av_l/av_r/x/y/theta/t_err: 0.28858 1.21270 0.00000 1.35063 1.34893 0.46506 0.48239 0.46506 0.48239 12.63906 0.08794 0.31029 -0.01316
target: 1.21270 0.00000
target: 1.21270 0.00000
fb: 1.33632 0.00000 0.30300 0.31512
fb: 1.25666 -0.00057 0.34283 0.35495
dist/lin/ang/drive_left/drive_right/tv_l/tv_r/av_l/av_r/x/y/theta/t_err: 0.26345 1.15334 0.00000 1.25723 1.25609 0.40400 0.41700 0.40400 0.41700 13.62854 0.09327 0.30632 -0.01434
target: 1.15334 0.00000
target: 1.15334 0.00000
fb: 1.25665 0.00185 0.29180 0.30333
fb: 1.29942 0.01229 0.27041 0.28194
dist/lin/ang/drive_left/drive_right/tv_l/tv_r/av_l/av_r/x/y/theta/t_err: 0.23746 1.08857 0.00000 1.28713 1.31171 0.37969 0.36292 0.37969 0.36292 14.65169 0.09898 0.35225 -0.01674
target: 1.08857 0.00000
target: 1.08857 0.00000
fb: 1.21988 0.03282 0.22363 0.23452
fb: 1.19640 0.03196 0.23537 0.24626
dist/lin/ang/drive_left/drive_right/tv_l/tv_r/av_l/av_r/x/y/theta/t_err: 0.21354 1.02533 0.00000 1.16443 1.22836 0.33983 0.33569 0.33983 0.33569 15.59370 0.10691 0.62322 -0.02359
target: 1.02533 0.00000
target: 1.02533 0.00000
fb: 1.14985 0.02358 0.20482 0.21507
fb: 1.09936 0.02053 0.23006 0.24032
dist/lin/ang/drive_left/drive_right/tv_l/tv_r/av_l/av_r/x/y/theta/t_err: 0.19156 0.96358 0.00000 1.07884 1.11989 0.28919 0.30439 0.28919 0.30439 16.45927 0.11796 0.82889 -0.03011
target: 0.96358 0.00000
target: 0.96358 0.00000
fb: 1.08196 0.01719 0.18617 0.19581
fb: 1.01425 0.01080 0.22003 0.22966
dist/lin/ang/drive_left/drive_right/tv_l/tv_r/av_l/av_r/x/y/theta/t_err: 0.17128 0.90288 -0.00000 1.00345 1.02505 0.25786 0.26592 0.25786 0.26592 17.25779 0.13054 0.96544 -0.03621
target: 0.90288 0.00000
target: 0.90288 0.00000
fb: 0.97920 0.00895 0.18403 0.19306
fb: 1.00259 0.01392 0.17234 0.18136
dist/lin/ang/drive_left/drive_right/tv_l/tv_r/av_l/av_r/x/y/theta/t_err: 0.15111 0.83813 -0.00000 0.98867 1.01651 0.23817 0.24092 0.23817 0.24092 18.04711 0.14447 1.06255 -0.03790
target: 0.83813 0.00000
target: 0.83813 0.00000
fb: 0.93283 0.01811 0.12680 0.13518
fb: 0.86086 0.02195 0.16279 0.17117
dist/lin/ang/drive_left/drive_right/tv_l/tv_r/av_l/av_r/x/y/theta/t_err: 0.13387 0.77855 -0.00000 0.83891 0.88281 0.20514 0.21525 0.20514 0.21525 18.72482 0.15802 1.23443 -0.04090
target: 0.77855 0.00000
target: 0.77855 0.00000
fb: 0.84540 0.01975 0.13660 0.14438
fb: 0.77173 0.01122 0.17343 0.18122
dist/lin/ang/drive_left/drive_right/tv_l/tv_r/av_l/av_r/x/y/theta/t_err: 0.11842 0.72096 -0.00000 0.76051 0.78295 0.17744 0.18975 0.17744 0.18975 19.33232 0.17199 1.38826 -0.04359
target: 0.72096 0.00000
target: 0.72096 0.00000
fb: 0.70779 0.00547 0.15908 0.16629
fb: 0.67892 0.00618 0.17352 0.18073
dist/lin/ang/drive_left/drive_right/tv_l/tv_r/av_l/av_r/x/y/theta/t_err: 0.10483 0.66624 -0.00000 0.67274 0.68510 0.17828 0.17675 0.17828 0.17675 19.86673 0.18523 1.44752 -0.04462
target: 0.66624 0.00000
target: 0.66624 0.00000
fb: 0.65731 0.00192 0.14466 0.15132
fb: 0.60702 -0.00057 0.16980 0.17647
dist/lin/ang/drive_left/drive_right/tv_l/tv_r/av_l/av_r/x/y/theta/t_err: 0.09269 0.61320 -0.00000 0.60759 0.60645 0.17692 0.18547 0.17692 0.18547 20.34454 0.19739 1.46521 -0.04493
target: 0.61320 0.00000
target: 0.61320 0.00000
fb: 0.57790 0.00128 0.14107 0.14721
fb: 0.58562 0.00135 0.13721 0.14335
dist/lin/ang/drive_left/drive_right/tv_l/tv_r/av_l/av_r/x/y/theta/t_err: 0.08098 0.55728 -0.00000 0.58427 0.58697 0.17161 0.17983 0.17161 0.17983 20.80551 0.20924 1.48025 -0.04520
target: 0.55728 0.00000
target: 0.55728 0.00000
fb: 0.53730 -0.00199 0.09467 0.10025
fb: 0.53136 -0.00504 0.09764 0.10321
dist/lin/ang/drive_left/drive_right/tv_l/tv_r/av_l/av_r/x/y/theta/t_err: 0.07035 0.50118 0.00000 0.53641 0.52632 0.14286 0.15433 0.14286 0.15433 21.22377 0.22000 1.46205 -0.04488
target: 0.50118 0.00000
target: 0.50118 0.00000
fb: 0.55851 -0.00341 -0.13054 -0.12553
fb: 0.48106 -0.00270 -0.09181 -0.08680
dist/lin/ang/drive_left/drive_right/tv_l/tv_r/av_l/av_r/x/y/theta/t_err: 0.06073 0.44434 0.00000 0.48376 0.47836 0.05011 0.06211 0.05011 0.06211 21.60243 0.22959 1.44037 -0.04450
target: 0.44434 0.00000
target: 0.44434 0.00000
fb: 0.42280 -0.00156 -0.12063 -0.11619
fb: 0.39742 -0.00156 -0.10794 -0.10350
dist/lin/ang/drive_left/drive_right/tv_l/tv_r/av_l/av_r/x/y/theta/t_err: 0.05279 0.39119 0.00000 0.39898 0.39585 -0.07939 -0.06844 -0.07939 -0.06844 21.91526 0.23743 1.43064 -0.04433
target: 0.39119 0.00000
target: 0.39119 0.00000
fb: 0.32194 0.00256 -0.10460 -0.10069
fb: 0.24049 0.00625 0.09612 0.10004
dist/lin/ang/drive_left/drive_right/tv_l/tv_r/av_l/av_r/x/y/theta/t_err: 0.04797 0.35514 -0.00000 0.23424 0.24674 -0.09636 -0.09392 -0.09636 -0.09392 22.10456 0.24220 1.46693 -0.04496
target: 0.35514 0.00000
target: 0.35514 0.00000
fb: 0.19192 0.00831 0.16277 0.16632
fb: 0.14160 0.00881 0.18793 0.19148
dist/lin/ang/drive_left/drive_right/tv_l/tv_r/av_l/av_r/x/y/theta/t_err: 0.04513 0.33203 -0.00000 0.13279 0.15040 0.07308 0.07425 0.07308 0.07425 22.21601 0.24512 1.54393 -0.04631
target: 0.33203 0.00000
target: 0.33203 0.00000
fb: 0.10673 0.00966 0.24140 0.24472
fb: 0.10077 0.00994 0.24437 0.24769
dist/lin/ang/drive_left/drive_right/tv_l/tv_r/av_l/av_r/x/y/theta/t_err: 0.04310 0.31453 -0.00000 0.09083 0.11071 0.17864 0.17847 0.17864 0.17847 22.29533 0.24731 1.62377 -0.04770
target: 0.31453 0.00000
target: 0.31453 0.00000
fb: 0.12218 0.00710 0.24207 0.24521
fb: 0.13190 0.00803 0.23721 0.24035
dist/lin/ang/drive_left/drive_right/tv_l/tv_r/av_l/av_r/x/y/theta/t_err: 0.04046 0.29007 -0.00000 0.12387 0.13992 0.23100 0.23100 0.23100 0.23100 22.39914 0.25031 1.68729 -0.04881
target: 0.29007 0.00000
target: 0.29007 0.00000
fb: 0.13169 0.00185 0.18255 0.18545
fb: 0.15514 -0.00859 0.17083 0.17373
dist/lin/ang/drive_left/drive_right/tv_l/tv_r/av_l/av_r/x/y/theta/t_err: 0.03736 0.25848 0.00000 0.16373 0.14654 0.20719 0.20347 0.20719 0.20347 22.52124 0.25392 1.67079 -0.04852
target: 0.25848 0.00000
target: 0.25848 0.00000
fb: 0.17086 -0.01065 0.10058 0.10316
fb: 0.15895 -0.00902 0.10653 0.10912
dist/lin/ang/drive_left/drive_right/tv_l/tv_r/av_l/av_r/x/y/theta/t_err: 0.03419 0.22161 0.00000 0.16797 0.14993 0.15042 0.15778 0.15042 0.15778 22.64635 0.25747 1.58619 -0.04704
target: 0.22161 0.00000
target: 0.22161 0.00000
fb: 0.13577 -0.00760 0.21156 0.21156
fb: 0.10885 -0.00824 0.22502 0.22502
dist/lin/ang/drive_left/drive_right/tv_l/tv_r/av_l/av_r/x/y/theta/t_err: 0.03202 0.00662 0.00000 0.11709 0.10061 0.14458 0.11842 0.14458 0.11842 22.73203 0.25979 1.51487 -0.04580
target: 0.00662 0.00000
target: 0.00662 0.00000
fb: 0.11261 -0.01293 0.08265 0.08265
fb: 0.14927 -0.01463 0.08265 0.08265
dist/lin/ang/drive_left/drive_right/tv_l/tv_r/av_l/av_r/x/y/theta/t_err: 0.02905 0.00365 0.00000 0.16390 0.13464 0.15536 0.16581 0.15536 0.16581 22.84952 0.26278 1.39867 -0.04377
target: 0.00365 0.00000
target: 0.00365 0.00000
fb: 0.19010 -0.01641 -0.17177 -0.17177
fb: 0.21548 -0.01520 -0.18445 -0.18445
dist/lin/ang/drive_left/drive_right/tv_l/tv_r/av_l/av_r/x/y/theta/t_err: 0.02476 0.00000 0.00000 0.23068 0.20028 -0.01814 0.01883 -0.01814 0.01883 23.01915 0.26672 1.26728 -0.04148
target: 0.00000 0.00000
target: 0.00000 0.00000
fb: 0.20577 -0.01698 -0.18289 -0.18289
fb: 0.18811 -0.01129 -0.17406 -0.17406
dist/lin/ang/drive_left/drive_right/tv_l/tv_r/av_l/av_r/x/y/theta/t_err: 0.02101 0.00000 0.00000 0.19941 0.17682 -0.15775 -0.15778 -0.15775 -0.15778 23.16723 0.26982 1.14284 -0.03931
target: 0.00000 0.00000
target: 0.00000 0.00000
fb: 0.17637 0.00000 0.00000 0.00000
fb: 0.13394 0.00391 0.00000 0.00000
dist/lin/ang/drive_left/drive_right/tv_l/tv_r/av_l/av_r/x/y/theta/t_err: 0.01833 0.00000 0.00000 0.13004 0.13785 -0.09189 -0.09153 -0.09189 -0.09153 23.27268 0.27192 1.13977 -0.03925
target: 0.00000 0.00000
target: 0.00000 0.00000
fb: 0.07191 0.00405 0.00000 0.00000
fb: 0.03484 0.00156 0.00000 0.00000
dist/lin/ang/drive_left/drive_right/tv_l/tv_r/av_l/av_r/x/y/theta/t_err: 0.01763 0.00000 -0.00000 0.03327 0.03640 -0.00339 -0.00325 -0.00339 -0.00325 23.30010 0.27247 1.17143 -0.03981
target: 0.00000 0.00000
target: 0.00000 0.00000
fb: 0.03859 0.00433 0.00000 0.00000
fb: 0.05623 0.00355 0.00000 0.00000
dist/lin/ang/drive_left/drive_right/tv_l/tv_r/av_l/av_r/x/y/theta/t_err: 0.01650 0.00000 -0.00000 0.05268 0.05979 0.00050 0.00067 0.00050 0.00067 23.34437 0.27339 1.20979 -0.04047
target: 0.00000 0.00000
target: 0.00000 0.00000
fb: 0.04854 -0.00547 0.00000 0.00000
fb: 0.02520 -0.01165 0.00000 0.00000
dist/lin/ang/drive_left/drive_right/tv_l/tv_r/av_l/av_r/x/y/theta/t_err: 0.01601 0.00000 0.00000 0.03685 0.01355 0.00083 0.00100 0.00083 0.00100 23.36421 0.27380 1.15579 -0.03953
target: 0.00000 0.00000
target: 0.00000 0.00000
fb: 0.00780 -0.01122 0.00000 0.00000
fb: 0.00206 -0.00632 0.00000 0.00000
dist/lin/ang/drive_left/drive_right/tv_l/tv_r/av_l/av_r/x/y/theta/t_err: 0.01597 0.00000 0.00000 0.00838 -0.00427 0.00050 -0.00033 0.00050 -0.00033 23.36583 0.27383 1.07757 -0.03817
target: 0.00000 0.00000
target: 0.00000 0.00000
fb: 0.00203 -0.00334 0.00000 0.00000
fb: 0.00002 0.00000 0.00000 0.00000
dist/lin/ang/drive_left/drive_right/tv_l/tv_r/av_l/av_r/x/y/theta/t_err: 0.01598 0.00000 0.00000 0.00002 0.00002 0.00000 -0.00017 0.00000 -0.00017 23.36585 0.27383 1.05583 -0.03779
target: 0.00000 0.00000
target: 0.00000 0.00000
fb: 0.00000 0.00128 0.00000 0.00000
fb: -0.00001 0.00234 0.00000 0.00000
dist/lin/ang/drive_left/drive_right/tv_l/tv_r/av_l/av_r/x/y/theta/t_err: 0.01598 0.00000 -0.00000 -0.00235 0.00233 0.00017 0.00000 0.00017 0.00000 23.36584 0.27383 1.06754 -0.03799
target: 0.00000 0.00000
target: 0.00000 0.00000
fb: -0.00001 0.00107 0.00000 0.00000
fb: -0.00000 0.00000 0.00000 0.00000
dist/lin/ang/drive_left/drive_right/tv_l/tv_r/av_l/av_r/x/y/theta/t_err: 0.01598 0.00000 -0.00000 -0.00000 -0.00000 0.00000 -0.00033 0.00000 -0.00033 23.36584 0.27383 1.06969 -0.03803
target: 0.00000 0.00000
target: 0.00000 0.00000
fb: 0.00000 0.00000 0.00000 0.00000
fb: -0.00000 0.00213 0.00000 0.00000
final error: 0.69076, x: 0.63416, y: -0.27383
final local error: 0.69076, forwards: 0.62893, sideways: -0.28566
position: 23.36584 0.27383 1.07268
took 1.08000 time to finish turn
dist/lin/ang/drive_left/drive_right/tv_l/tv_r/av_l/av_r/x/y/theta/t_err: -0.59353 -1.77800 0.00000 0.00000 0.00000 -0.00017 -0.00017 -0.00017 -0.00017 23.36585 0.27383 181.05620 -0.00672
target: -1.77800 0.00000
target: -1.77800 0.00000
fb: 0.00000 0.00000 -1.00000 -1.00000
fb: 0.00000 0.00000 -1.00000 -1.00000
dist/lin/ang/drive_left/drive_right/tv_l/tv_r/av_l/av_r/x/y/theta/t_err: -0.59353 -1.77800 0.00000 0.00000 0.00000 -0.06519 -0.06881 -0.06519 -0.06881 23.36585 0.27383 181.05541 -0.00670
target: -1.77800 0.00000
target: -1.77800 0.00000
fb: 0.00000 0.00000 -1.00000 -1.00000
fb: -0.00001 0.00220 -1.00000 -1.00000
dist/lin/ang/drive_left/drive_right/tv_l/tv_r/av_l/av_r/x/y/theta/t_err: -0.59353 -1.77800 0.00000 -0.00221 0.00220 -0.49622 -0.53164 -0.49622 -0.53164 23.36584 0.27383 181.06257 -0.00683
target: -1.77800 0.00000
target: -1.77800 0.00000
fb: -0.00002 0.00000 -1.00000 -1.00000
fb: -0.00970 -0.00767 -1.00000 -1.00000
dist/lin/ang/drive_left/drive_right/tv_l/tv_r/av_l/av_r/x/y/theta/t_err: -0.59334 -1.77800 0.00000 -0.00203 -0.01737 -0.68767 -0.68497 -0.68767 -0.68497 23.35821 0.27369 181.04945 -0.00660
target: -1.77800 0.00000
target: -1.77800 0.00000
fb: -0.14934 -0.00703 -1.00000 -1.00000
fb: -0.30250 0.00490 -1.00000 -1.00000
dist/lin/ang/drive_left/drive_right/tv_l/tv_r/av_l/av_r/x/y/theta/t_err: -0.58729 -1.77196 0.00000 -0.30740 -0.29760 -0.62283 -0.59186 -0.62283 -0.59186 23.12005 0.26942 181.02630 -0.00626
target: -1.77196 0.00000
target: -1.77196 0.00000
fb: -0.39173 0.01371 -1.00000 -1.00000
fb: -0.43655 0.00803 -1.00000 -1.00000
dist/lin/ang/drive_left/drive_right/tv_l/tv_r/av_l/av_r/x/y/theta/t_err: -0.57856 -1.75814 0.00000 -0.44458 -0.42853 -0.68219 -0.64592 -0.68219 -0.64592 22.77637 0.26295 181.12809 -0.00814
target: -1.75814 0.00000
target: -1.75814 0.00000
fb: -0.44424 0.00241 -1.00000 -1.00000
fb: -0.52741 0.00234 -1.00000 -1.00000
dist/lin/ang/drive_left/drive_right/tv_l/tv_r/av_l/av_r/x/y/theta/t_err: -0.56801 -1.74130 0.00000 -0.52975 -0.52506 -0.75578 -0.72719 -0.75578 -0.72719 22.36117 0.25464 181.16232 -0.00890
target: -1.74130 0.00000
target: -1.74130 0.00000
fb: -0.58964 0.00916 -1.00000 -1.00000
fb: -0.62654 0.01506 -1.00000 -1.00000
dist/lin/ang/drive_left/drive_right/tv_l/tv_r/av_l/av_r/x/y/theta/t_err: -0.55548 -1.72107 0.00000 -0.64160 -0.61148 -0.77169 -0.77614 -0.77169 -0.77614 21.86795 0.24428 181.25848 -0.01079
target: -1.72107 0.00000
target: -1.72107 0.00000
fb: -0.66519 0.01619 -1.00000 -1.00000
fb: -0.71772 0.01726 -1.00000 -1.00000
dist/lin/ang/drive_left/drive_right/tv_l/tv_r/av_l/av_r/x/y/theta/t_err: -0.54113 -1.69761 0.00000 -0.73498 -0.70046 -0.75392 -0.74142 -0.75392 -0.74142 21.30297 0.23112 181.40772 -0.01372
target: -1.69761 0.00000
target: -1.69761 0.00000
fb: -0.75854 0.01641 -1.00000 -1.00000
fb: -0.83401 0.01967 -1.00000 -1.00000
dist/lin/ang/drive_left/drive_right/tv_l/tv_r/av_l/av_r/x/y/theta/t_err: -0.52445 -1.66994 0.00000 -0.85369 -0.81434 -0.80436 -0.81414 -0.80436 -0.81414 20.64649 0.21407 181.56538 -0.01695
target: -1.66994 0.00000
target: -1.66994 0.00000
fb: -0.87086 0.01257 -1.00000 -1.00000
fb: -0.88252 0.00987 -1.00000 -1.00000
dist/lin/ang/drive_left/drive_right/tv_l/tv_r/av_l/av_r/x/y/theta/t_err: -0.50680 -1.64014 0.00000 -0.89239 -0.87265 -0.82183 -0.82492 -0.82183 -0.82492 19.95187 0.19432 181.67970 -0.01958
target: -1.64014 0.00000
target: -1.64014 0.00000
fb: -0.91738 0.01719 -1.00000 -1.00000
fb: -0.93685 0.02578 -1.00000 -1.00000
dist/lin/ang/drive_left/drive_right/tv_l/tv_r/av_l/av_r/x/y/theta/t_err: -0.48807 -1.60792 0.00000 -0.96263 -0.91107 -0.83281 -0.83622 -0.83281 -0.83622 19.21454 0.17170 181.85137 -0.02338
target: -1.60792 0.00000
target: -1.60792 0.00000
fb: -1.04942 0.02358 -0.95386 -0.96994
fb: -1.03396 0.01825 -0.96159 -0.97767
dist/lin/ang/drive_left/drive_right/tv_l/tv_r/av_l/av_r/x/y/theta/t_err: -0.46740 -1.57158 0.00000 -1.05221 -1.01570 -0.74636 -0.73044 -0.74636 -0.73044 18.40087 0.14404 182.04086 -0.02779
target: -1.57158 0.00000
target: -1.57158 0.00000
fb: -1.11733 0.01428 -0.86656 -0.88228
fb: -1.26275 0.02102 -0.79385 -0.80957
dist/lin/ang/drive_left/drive_right/tv_l/tv_r/av_l/av_r/x/y/theta/t_err: -0.44215 -1.52605 0.00000 -1.28377 -1.24172 -0.63378 -0.63650 -0.63378 -0.63650 17.40726 0.10743 182.19040 -0.03206
target: -1.52605 0.00000
target: -1.52605 0.00000
fb: -1.15994 0.02088 -0.76011 -0.77537
fb: -1.17339 0.01712 -0.75338 -0.76864
dist/lin/ang/drive_left/drive_right/tv_l/tv_r/av_l/av_r/x/y/theta/t_err: -0.41870 -1.48248 0.00000 -1.19051 -1.15627 -0.69592 -0.67517 -0.69592 -0.67517 16.48406 0.07069 182.35558 -0.03682
target: -1.48248 0.00000
target: -1.48248 0.00000
fb: -1.18685 0.02067 -0.71372 -0.72855
fb: -1.16569 0.02465 -0.72430 -0.73913
dist/lin/ang/drive_left/drive_right/tv_l/tv_r/av_l/av_r/x/y/theta/t_err: -0.39540 -1.43791 0.00000 -1.19034 -1.14105 -0.69983 -0.71319 -0.69983 -0.71319 15.56703 0.03145 182.54791 -0.04245
target: -1.43791 0.00000
target: -1.43791 0.00000
fb: -1.21426 0.02543 -0.65267 -0.66705
fb: -1.17741 0.02266 -0.67110 -0.68548
dist/lin/ang/drive_left/drive_right/tv_l/tv_r/av_l/av_r/x/y/theta/t_err: -0.37188 -1.39145 0.00000 -1.20007 -1.15475 -0.67878 -0.69233 -0.67878 -0.69233 14.64093 -0.01154 182.76556 -0.04906
target: -1.39145 0.00000
target: -1.39145 0.00000
fb: -1.18709 0.01740 -0.61318 -0.62710
fb: -1.29762 0.02131 -0.55791 -0.57183
dist/lin/ang/drive_left/drive_right/tv_l/tv_r/av_l/av_r/x/y/theta/t_err: -0.34596 -1.33840 0.00000 -1.31893 -1.27632 -0.63928 -0.65772 -0.63928 -0.65772 13.62044 -0.06231 182.93249 -0.05576
target: -1.33840 0.00000
target: -1.33840 0.00000
fb: -1.27646 0.02145 -0.48790 -0.50128
fb: -1.29565 0.01918 -0.47830 -0.49168
dist/lin/ang/drive_left/drive_right/tv_l/tv_r/av_l/av_r/x/y/theta/t_err: -0.32010 -1.28326 0.00000 -1.31483 -1.27647 -0.56603 -0.56722 -0.56603 -0.56722 12.60167 -0.11622 183.11406 -0.06357
target: -1.28326 0.00000
target: -1.28326 0.00000
fb: -1.35192 0.02301 -0.38787 -0.40070
fb: -1.24910 0.02458 -0.43928 -0.45211
dist/lin/ang/drive_left/drive_right/tv_l/tv_r/av_l/av_r/x/y/theta/t_err: -0.29517 -1.22780 0.00000 -1.27368 -1.22452 -0.48594 -0.48800 -0.48594 -0.48800 11.61967 -0.17121 183.30406 -0.07240
target: -1.22780 0.00000
target: -1.22780 0.00000
fb: -1.26654 0.02543 -0.37582 -0.38809
fb: -1.21424 0.02209 -0.40197 -0.41424
dist/lin/ang/drive_left/drive_right/tv_l/tv_r/av_l/av_r/x/y/theta/t_err: -0.27096 -1.17140 0.00000 -1.23633 -1.19215 -0.42864 -0.43872 -0.42864 -0.43872 10.66525 -0.22794 183.50229 -0.08250
target: -1.17140 0.00000
target: -1.17140 0.00000
fb: -1.19084 0.02102 -0.35536 -0.36707
fb: -1.26278 0.02394 -0.31939 -0.33110
dist/lin/ang/drive_left/drive_right/tv_l/tv_r/av_l/av_r/x/y/theta/t_err: -0.24580 -1.10978 0.00000 -1.28672 -1.23884 -0.40125 -0.40689 -0.40125 -0.40689 9.67290 -0.29026 183.68924 -0.09439
target: -1.10978 0.00000
target: -1.10978 0.00000
fb: -1.18710 0.02159 -0.27452 -0.28562
fb: -1.17933 0.01136 -0.27841 -0.28950
dist/lin/ang/drive_left/drive_right/tv_l/tv_r/av_l/av_r/x/y/theta/t_err: -0.22234 -1.04904 0.00000 -1.19070 -1.16797 -0.38142 -0.36328 -0.38142 -0.36328 8.74630 -0.35140 183.83503 -0.10709
target: -1.04904 0.00000
target: -1.04904 0.00000
fb: -1.17928 0.00881 -0.22409 -0.23458
fb: -1.05901 0.01108 -0.28422 -0.29471
dist/lin/ang/drive_left/drive_right/tv_l/tv_r/av_l/av_r/x/y/theta/t_err: -0.20129 -0.99140 0.00000 -1.07009 -1.04793 -0.34219 -0.34892 -0.34219 -0.34892 7.91434 -0.40769 183.91242 -0.11975
target: -0.99140 0.00000
target: -0.99140 0.00000
fb: -1.07446 0.00810 -0.23516 -0.24508
fb: -1.09759 -0.00291 -0.22360 -0.23351
dist/lin/ang/drive_left/drive_right/tv_l/tv_r/av_l/av_r/x/y/theta/t_err: -0.17952 -0.92801 0.00000 -1.09468 -1.10051 -0.28917 -0.30286 -0.28917 -0.30286 7.05213 -0.46710 183.95134 -0.13510
target: -0.92801 0.00000
target: -0.92801 0.00000
fb: -1.03949 -0.00973 -0.16589 -0.17517
fb: -1.00460 -0.00533 -0.18333 -0.19261
dist/lin/ang/drive_left/drive_right/tv_l/tv_r/av_l/av_r/x/y/theta/t_err: -0.15963 -0.86607 -0.00000 -0.99927 -1.00992 -0.26283 -0.26008 -0.26283 -0.26008 6.26296 -0.52109 183.87810 -0.15070
target: -0.86607 0.00000
target: -0.86607 0.00000
fb: -0.90178 -0.00582 -0.18178 -0.19044
fb: -0.87838 -0.01215 -0.19348 -0.20214
dist/lin/ang/drive_left/drive_right/tv_l/tv_r/av_l/av_r/x/y/theta/t_err: -0.14028 -0.80123 0.00000 -0.86623 -0.89052 -0.21558 -0.22586 -0.21558 -0.22586 5.57288 -0.56748 183.80357 -0.14940
target: -0.80123 0.00000
target: -0.80123 0.00000
fb: -0.88806 -0.01371 -0.11338 -0.12139
fb: -0.84369 -0.01463 -0.13557 -0.14358
dist/lin/ang/drive_left/drive_right/tv_l/tv_r/av_l/av_r/x/y/theta/t_err: -0.12346 -0.74025 0.00000 -0.82906 -0.85832 -0.20344 -0.20192 -0.20344 -0.20192 4.90997 -0.61084 183.67726 -0.14719
target: -0.74025 0.00000
target: -0.74025 0.00000
fb: -0.80087 -0.01712 -0.11579 -0.12319
fb: -0.77174 -0.01591 -0.13036 -0.13776
dist/lin/ang/drive_left/drive_right/tv_l/tv_r/av_l/av_r/x/y/theta/t_err: -0.10809 -0.67975 0.00000 -0.75583 -0.78765 -0.15622 -0.16736 -0.15622 -0.16736 4.30351 -0.64903 183.52968 -0.14461
target: -0.67975 0.00000
target: -0.67975 0.00000
fb: -0.71171 -0.01932 -0.10444 -0.11124
fb: -0.64549 -0.02230 -0.13755 -0.14435
dist/lin/ang/drive_left/drive_right/tv_l/tv_r/av_l/av_r/x/y/theta/t_err: -0.09525 -0.62475 0.00000 -0.62319 -0.66779 -0.14064 -0.14594 -0.14064 -0.14594 3.79616 -0.67957 183.35228 -0.14152
target: -0.62475 0.00000
target: -0.62475 0.00000
fb: -0.61259 -0.02500 -0.12598 -0.13223
fb: -0.58941 -0.02514 -0.13757 -0.14382
dist/lin/ang/drive_left/drive_right/tv_l/tv_r/av_l/av_r/x/y/theta/t_err: -0.08355 -0.57002 0.00000 -0.56426 -0.61455 -0.14117 -0.15347 -0.14117 -0.15347 3.33281 -0.70583 183.13210 -0.13768
target: -0.57002 0.00000
target: -0.57002 0.00000
fb: -0.56027 -0.02557 -0.10082 -0.10652
fb: -0.50027 -0.02131 -0.13082 -0.13652
dist/lin/ang/drive_left/drive_right/tv_l/tv_r/av_l/av_r/x/y/theta/t_err: -0.07363 -0.51912 0.00000 -0.47896 -0.52158 -0.13536 -0.14150 -0.13536 -0.14150 2.93945 -0.72663 182.91922 -0.13396
target: -0.51912 0.00000
target: -0.51912 0.00000
fb: -0.49831 -0.01776 -0.10012 -0.10531
fb: -0.49039 -0.01527 -0.10407 -0.10927
dist/lin/ang/drive_left/drive_right/tv_l/tv_r/av_l/av_r/x/y/theta/t_err: -0.06388 -0.46369 0.00000 -0.47512 -0.50566 -0.13192 -0.13417 -0.13192 -0.13417 2.55379 -0.74578 182.76682 -0.13130
target: -0.46369 0.00000
target: -0.46369 0.00000
fb: -0.43612 -0.01435 0.10236 0.09772
fb: -0.42466 -0.01350 0.09663 0.09199
dist/lin/ang/drive_left/drive_right/tv_l/tv_r/av_l/av_r/x/y/theta/t_err: -0.05543 -0.40965 0.00000 -0.41116 -0.43815 -0.03458 -0.03561 -0.03458 -0.03561 2.21978 -0.76154 182.64023 -0.12909
target: -0.40965 0.00000
target: -0.40965 0.00000
fb: -0.40149 -0.01385 0.13062 0.12652
fb: -0.33749 -0.01577 0.09862 0.09452
dist/lin/ang/drive_left/drive_right/tv_l/tv_r/av_l/av_r/x/y/theta/t_err: -0.04873 -0.36108 0.00000 -0.32172 -0.35326 0.08947 0.08761 0.08947 0.08761 1.95431 -0.77351 182.50928 -0.12681
target: -0.36108 0.00000
target: -0.36108 0.00000
fb: -0.26953 -0.01293 0.08672 0.08311
fb: -0.19363 -0.01371 -0.11123 -0.11484
dist/lin/ang/drive_left/drive_right/tv_l/tv_r/av_l/av_r/x/y/theta/t_err: -0.04490 -0.33014 0.00000 -0.17992 -0.20734 0.08264 0.08264 0.08264 0.08264 1.80199 -0.78004 182.38991 -0.12472
target: -0.33014 0.00000
target: -0.33014 0.00000
fb: -0.12786 -0.01932 -0.19376 -0.19707
fb: -0.09892 -0.02181 -0.20823 -0.21154
dist/lin/ang/drive_left/drive_right/tv_l/tv_r/av_l/av_r/x/y/theta/t_err: -0.04299 -0.31352 0.00000 -0.07712 -0.12073 -0.09786 -0.09736 -0.09786 -0.09736 1.72416 -0.78319 182.21844 -0.12173
target: -0.31352 0.00000
target: -0.31352 0.00000
fb: -0.09869 -0.02159 -0.25687 -0.26001
fb: -0.13158 -0.02074 -0.24043 -0.24357
dist/lin/ang/drive_left/drive_right/tv_l/tv_r/av_l/av_r/x/y/theta/t_err: -0.04043 -0.28976 0.00000 -0.11084 -0.15232 -0.19728 -0.20394 -0.19728 -0.20394 1.62062 -0.78702 182.04126 -0.11864
target: -0.28976 0.00000
target: -0.28976 0.00000
fb: -0.16268 -0.02358 -0.16992 -0.17282
fb: -0.17437 -0.02024 -0.16407 -0.16697
dist/lin/ang/drive_left/drive_right/tv_l/tv_r/av_l/av_r/x/y/theta/t_err: -0.03701 -0.25470 0.00000 -0.15413 -0.19462 -0.20364 -0.22006 -0.20364 -0.22006 1.48340 -0.79168 181.85011 -0.11530
target: -0.25470 0.00000
target: -0.25470 0.00000
fb: -0.17440 -0.01463 0.08046 -0.08209
fb: -0.15701 -0.01136 -0.08824 -0.09079
dist/lin/ang/drive_left/drive_right/tv_l/tv_r/av_l/av_r/x/y/theta/t_err: -0.03391 -0.21810 0.00000 -0.14564 -0.16837 -0.05183 -0.14067 -0.05183 -0.14067 1.35983 -0.79554 181.73504 -0.11329
target: -0.21810 0.00000
target: -0.21810 0.00000
fb: -0.13188 -0.00781 -0.21035 -0.21035
fb: -0.12021 -0.00298 -0.21618 -0.21618
dist/lin/ang/drive_left/drive_right/tv_l/tv_r/av_l/av_r/x/y/theta/t_err: -0.03153 -0.00613 0.00000 -0.11723 -0.12319 -0.11414 -0.12114 -0.11414 -0.12114 1.26522 -0.79835 181.67805 -0.11230
target: -0.00613 0.00000
target: -0.00613 0.00000
fb: -0.09685 0.00000 -0.08245 -0.08245
fb: -0.10282 -0.00121 -0.08245 -0.08245
dist/lin/ang/drive_left/drive_right/tv_l/tv_r/av_l/av_r/x/y/theta/t_err: -0.02947 -0.00407 0.00000 -0.10162 -0.10403 -0.16408 -0.16203 -0.16408 -0.16203 1.18429 -0.80072 181.67369 -0.11222
target: -0.00407 0.00000
target: -0.00407 0.00000
fb: -0.13770 0.00440 -0.08163 -0.08163
fb: -0.16882 0.00163 -0.08163 -0.08163
dist/lin/ang/drive_left/drive_right/tv_l/tv_r/av_l/av_r/x/y/theta/t_err: -0.02609 -0.00069 -0.00000 -0.17046 -0.16719 -0.08622 -0.08450 -0.08622 -0.08450 1.05142 -0.80463 181.69627 -0.11262
target: -0.00069 0.00000
target: -0.00069 0.00000
fb: -0.18051 0.00213 0.16964 0.16964
fb: -0.16686 0.01009 -0.08028 -0.08028
dist/lin/ang/drive_left/drive_right/tv_l/tv_r/av_l/av_r/x/y/theta/t_err: -0.02274 0.00000 -0.00000 -0.17694 -0.15677 -0.01953 0.01744 -0.01953 0.01744 0.92010 -0.80855 181.73805 -0.11335
target: 0.00000 0.00000
target: 0.00000 0.00000
fb: -0.16094 0.01279 0.00000 0.00000
fb: -0.14748 0.00824 0.00000 0.00000
dist/lin/ang/drive_left/drive_right/tv_l/tv_r/av_l/av_r/x/y/theta/t_err: -0.01975 0.00000 -0.00000 -0.15572 -0.13924 -0.02156 -0.02619 -0.02156 -0.02619 0.80402 -0.81217 181.83035 -0.11496
target: 0.00000 0.00000
target: 0.00000 0.00000
fb: -0.13002 0.00426 0.00000 0.00000
fb: -0.12007 0.00348 0.00000 0.00000
dist/lin/ang/drive_left/drive_right/tv_l/tv_r/av_l/av_r/x/y/theta/t_err: -0.01734 0.00000 -0.00000 -0.12355 -0.11659 -0.00222 -0.00222 -0.00222 -0.00222 0.70953 -0.81523 181.86543 -0.11557
target: 0.00000 0.00000
target: 0.00000 0.00000
fb: -0.11255 -0.00078 0.00000 0.00000
fb: -0.10479 -0.00661 0.00000 0.00000
dist/lin/ang/drive_left/drive_right/tv_l/tv_r/av_l/av_r/x/y/theta/t_err: -0.01525 0.00000 0.00000 -0.09818 -0.11140 -0.00358 -0.00103 -0.00358 -0.00103 0.62706 -0.81790 181.83961 -0.11512
target: 0.00000 0.00000
target: 0.00000 0.00000
fb: -0.10079 -0.00639 0.00000 0.00000
fb: -0.08138 -0.00149 0.00000 0.00000
dist/lin/ang/drive_left/drive_right/tv_l/tv_r/av_l/av_r/x/y/theta/t_err: -0.01364 0.00000 0.00000 -0.07989 -0.08287 -0.00564 -0.00464 -0.00564 -0.00464 0.56301 -0.81993 181.79420 -0.11433
target: 0.00000 0.00000
target: 0.00000 0.00000
fb: -0.06397 -0.00064 0.00000 0.00000
fb: -0.06200 0.00000 0.00000 0.00000
dist/lin/ang/drive_left/drive_right/tv_l/tv_r/av_l/av_r/x/y/theta/t_err: -0.01240 0.00000 0.00000 -0.06200 -0.06200 -0.00428 -0.00442 -0.00428 -0.00442 0.51422 -0.82146 181.78512 -0.11417
target: 0.00000 0.00000
target: 0.00000 0.00000
fb: -0.05229 0.00071 0.00000 0.00000
fb: -0.03685 0.00156 0.00000 0.00000
dist/lin/ang/drive_left/drive_right/tv_l/tv_r/av_l/av_r/x/y/theta/t_err: -0.01167 0.00000 -0.00000 -0.03841 -0.03529 -0.00169 -0.00208 -0.00169 -0.00208 0.48522 -0.82236 181.78673 -0.11419
target: 0.00000 0.00000
target: 0.00000 0.00000
fb: -0.01943 0.00376 0.00000 0.00000
fb: -0.00399 0.00320 0.00000 0.00000
dist/lin/ang/drive_left/drive_right/tv_l/tv_r/av_l/av_r/x/y/theta/t_err: -0.01158 0.00000 -0.00000 -0.00719 -0.00080 -0.00136 -0.00103 -0.00136 -0.00103 0.48207 -0.82246 181.81227 -0.11464
target: 0.00000 0.00000
target: 0.00000 0.00000
fb: -0.00001 -0.00071 0.00000 0.00000
fb: 0.00001 -0.00284 0.00000 0.00000
dist/lin/ang/drive_left/drive_right/tv_l/tv_r/av_l/av_r/x/y/theta/t_err: -0.01158 0.00000 0.00000 0.00285 -0.00283 -0.00033 -0.00083 -0.00033 -0.00083 0.48208 -0.82246 181.80232 -0.11447
target: 0.00000 0.00000
target: 0.00000 0.00000
fb: 0.00002 -0.00178 0.00000 0.00000
fb: -0.00197 -0.00092 0.00000 0.00000
start is 0.00000 0.00000
dist/lin/ang/drive_left/drive_right/tv_l/tv_r/av_l/av_r/x/y/theta/t_err: 0.60960 1.77800 0.00000 0.00000 0.00000 -0.00000 0.00000 -0.00000 0.00000 0.00000 -0.00000 -0.00327 0.00006
target: 1.77800 0.00000
target: 1.77800 0.00000
fb: -0.00000 0.00000 1.00000 1.00000
fb: -0.00000 0.00000 1.00000 1.00000
dist/lin/ang/drive_left/drive_right/tv_l/tv_r/av_l/av_r/x/y/theta/t_err: 0.60960 1.77800 0.00000 -0.00000 -0.00000 0.07650 0.13758 0.07650 0.13758 -0.00000 -0.00000 0.00003 -0.00000
target: 1.77800 0.00000
target: 1.77800 0.00000
fb: -0.00000 0.00000 1.00000 1.00000
fb: -0.00772 0.00071 1.00000 1.00000
dist/lin/ang/drive_left/drive_right/tv_l/tv_r/av_l/av_r/x/y/theta/t_err: 0.60975 1.77800 0.00000 -0.00843 -0.00701 0.49294 0.57083 0.49294 0.57083 -0.00608 0.00000 -0.00185 0.00003
target: 1.77800 0.00000
target: 1.77800 0.00000
fb: -0.01939 -0.00888 1.00000 1.00000
fb: 0.02346 -0.01129 1.00000 1.00000
dist/lin/ang/drive_left/drive_right/tv_l/tv_r/av_l/av_r/x/y/theta/t_err: 0.60929 1.77800 0.00000 0.03475 0.01216 0.69436 0.74089 0.69436 0.74089 0.01239 -0.00002 -0.07826 0.00137
target: 1.77800 0.00000
target: 1.77800 0.00000
fb: 0.14949 -0.01953 1.00000 1.00000
fb: 0.26583 -0.02394 1.00000 1.00000
dist/lin/ang/drive_left/drive_right/tv_l/tv_r/av_l/av_r/x/y/theta/t_err: 0.60397 1.77800 0.00000 0.28977 0.24190 0.67383 0.76878 0.67383 0.76878 0.22171 -0.00064 -0.25644 0.00450
target: 1.77800 0.00000
target: 1.77800 0.00000
fb: 0.33779 -0.02245 1.00000 1.00000
fb: 0.41125 -0.01790 1.00000 1.00000
dist/lin/ang/drive_left/drive_right/tv_l/tv_r/av_l/av_r/x/y/theta/t_err: 0.59574 1.77800 0.00000 0.42915 0.39335 0.73439 0.80353 0.73439 0.80353 0.54552 -0.00266 -0.44257 0.00784
target: 1.77800 0.00000
target: 1.77800 0.00000
fb: 0.47719 -0.01257 1.00000 1.00000
fb: 0.47518 -0.01264 1.00000 1.00000
dist/lin/ang/drive_left/drive_right/tv_l/tv_r/av_l/av_r/x/y/theta/t_err: 0.58624 1.77030 0.00000 0.48782 0.46254 0.80694 0.81842 0.80694 0.81842 0.91966 -0.00592 -0.55620 0.00996
target: 1.77030 0.00000
target: 1.77030 0.00000
fb: 0.48290 -0.01335 1.00000 1.00000
fb: 0.56058 -0.01456 1.00000 1.00000
dist/lin/ang/drive_left/drive_right/tv_l/tv_r/av_l/av_r/x/y/theta/t_err: 0.57503 1.75252 0.00000 0.57514 0.54602 0.82406 0.82475 0.82406 0.82475 1.36104 -0.01067 -0.67560 0.01226
target: 1.75252 0.00000
target: 1.75252 0.00000
fb: 0.59943 -0.01591 1.00000 1.00000
fb: 0.62857 -0.01911 1.00000 1.00000
dist/lin/ang/drive_left/drive_right/tv_l/tv_r/av_l/av_r/x/y/theta/t_err: 0.56246 1.73236 0.00000 0.64768 0.60947 0.83278 0.83278 0.83278 0.83278 1.85594 -0.01717 -0.83014 0.01526
target: 1.73236 0.00000
target: 1.73236 0.00000
fb: 0.62463 -0.02415 1.00000 1.00000
fb: 0.69461 -0.02578 1.00000 1.00000
dist/lin/ang/drive_left/drive_right/tv_l/tv_r/av_l/av_r/x/y/theta/t_err: 0.54857 1.70982 0.00000 0.72039 0.66882 0.84531 0.84819 0.84531 0.84819 2.40280 -0.02618 -1.04828 0.01951
target: 1.70982 0.00000
target: 1.70982 0.00000
fb: 0.80891 -0.02131 1.00000 1.00000
fb: 0.82036 -0.02152 1.00000 1.00000
dist/lin/ang/drive_left/drive_right/tv_l/tv_r/av_l/av_r/x/y/theta/t_err: 0.53217 1.68280 0.00000 0.84189 0.79884 0.83842 0.84103 0.83842 0.84103 3.04863 -0.03913 -1.24367 0.02357
target: 1.68280 0.00000
target: 1.68280 0.00000
fb: 0.96202 -0.02166 1.00000 1.00000
fb: 1.09795 -0.02223 1.00000 1.00000
dist/lin/ang/drive_left/drive_right/tv_l/tv_r/av_l/av_r/x/y/theta/t_err: 0.51021 1.64595 0.00000 1.12018 1.07572 0.85039 0.84922 0.85039 0.84922 3.91292 -0.05935 -1.43763 0.02805
target: 1.64595 0.00000
target: 1.64595 0.00000
fb: 1.08449 -0.02152 0.95204 0.96850
fb: 1.07258 -0.02479 0.95799 0.97445
dist/lin/ang/drive_left/drive_right/tv_l/tv_r/av_l/av_r/x/y/theta/t_err: 0.48877 1.60914 0.00000 1.09737 1.04779 0.74311 0.79617 0.74311 0.79617 4.75717 -0.08197 -1.63570 0.03281
target: 1.60914 0.00000
target: 1.60914 0.00000
fb: 1.11319 -0.02507 0.90254 0.91863
fb: 1.16591 -0.01598 0.87618 0.89227
dist/lin/ang/drive_left/drive_right/tv_l/tv_r/av_l/av_r/x/y/theta/t_err: 0.46547 1.56815 0.00000 1.18189 1.14993 0.66475 0.74122 0.66475 0.74122 5.67478 -0.10976 -1.81983 0.03775
target: 1.56815 0.00000
target: 1.56815 0.00000
fb: 1.17931 -0.00909 0.81134 0.82702
fb: 1.10359 -0.00774 0.84920 0.86488
dist/lin/ang/drive_left/drive_right/tv_l/tv_r/av_l/av_r/x/y/theta/t_err: 0.44341 1.52835 0.00000 1.11133 1.09585 0.65636 0.70650 0.65636 0.70650 6.54329 -0.13798 -1.90040 0.04107
target: 1.52835 0.00000
target: 1.52835 0.00000
fb: 1.09984 -0.01165 0.81820 0.83348
fb: 1.20047 -0.00916 0.76788 0.78316
dist/lin/ang/drive_left/drive_right/tv_l/tv_r/av_l/av_r/x/y/theta/t_err: 0.41943 1.48385 0.00000 1.20964 1.19131 0.67914 0.72411 0.67914 0.72411 7.48800 -0.17018 -1.99947 0.04520
target: 1.48385 0.00000
target: 1.48385 0.00000
fb: 1.14421 -0.01257 0.73215 0.74699
fb: 1.18306 -0.01371 0.71273 0.72757
dist/lin/ang/drive_left/drive_right/tv_l/tv_r/av_l/av_r/x/y/theta/t_err: 0.39579 1.43866 0.00000 1.19676 1.16935 0.70119 0.75319 0.70119 0.75319 8.41894 -0.20363 -2.11402 0.04997
target: 1.43866 0.00000
target: 1.43866 0.00000
fb: 1.28587 -0.00575 0.61483 0.62922
fb: 1.32665 -0.00277 0.59444 0.60883
dist/lin/ang/drive_left/drive_right/tv_l/tv_r/av_l/av_r/x/y/theta/t_err: 0.36930 1.38625 0.00000 1.32942 1.32388 0.69553 0.68906 0.69553 0.68906 9.46281 -0.24273 -2.16307 0.05445
target: 1.38625 0.00000
target: 1.38625 0.00000
fb: 1.36149 -0.00476 0.49419 0.50806
fb: 1.31693 -0.00611 0.51648 0.53034
dist/lin/ang/drive_left/drive_right/tv_l/tv_r/av_l/av_r/x/y/theta/t_err: 0.34300 1.33220 0.00000 1.32304 1.31082 0.58281 0.59100 0.58281 0.59100 10.49901 -0.28220 -2.20249 0.05934
target: 1.33220 0.00000
target: 1.33220 0.00000
fb: 1.30325 -0.00590 0.46404 0.47736
fb: 1.33238 -0.00391 0.44948 0.46280
dist/lin/ang/drive_left/drive_right/tv_l/tv_r/av_l/av_r/x/y/theta/t_err: 0.31640 1.27520 0.00000 1.33628 1.32847 0.50872 0.52375 0.50872 0.52375 11.54734 -0.32289 -2.24138 0.06504
target: 1.27520 0.00000
target: 1.27520 0.00000
fb: 1.28603 -0.00405 0.40468 0.41743
fb: 1.26840 -0.00966 0.41350 0.42625
dist/lin/ang/drive_left/drive_right/tv_l/tv_r/av_l/av_r/x/y/theta/t_err: 0.29110 1.21848 0.00000 1.27806 1.25874 0.45617 0.47003 0.45617 0.47003 12.54529 -0.36231 -2.29259 0.07163
target: 1.21848 0.00000
target: 1.21848 0.00000
fb: 1.24305 -0.01264 0.37301 0.38519
fb: 1.20049 -0.01364 0.39429 0.40647
dist/lin/ang/drive_left/drive_right/tv_l/tv_r/av_l/av_r/x/y/theta/t_err: 0.26715 1.16229 0.00000 1.21413 1.18685 0.41664 0.42556 0.41664 0.42556 13.48977 -0.40105 -2.40649 0.08014
target: 1.16229 0.00000
target: 1.16229 0.00000
fb: 1.19476 -0.01357 0.34556 0.35718
fb: 1.28210 0.00128 0.30189 0.31351
dist/lin/ang/drive_left/drive_right/tv_l/tv_r/av_l/av_r/x/y/theta/t_err: 0.24161 1.09916 0.00000 1.28082 1.28337 0.41544 0.39853 0.41544 0.39853 14.49836 -0.44430 -2.47893 0.08999
target: 1.09916 0.00000
target: 1.09916 0.00000
fb: 1.33428 0.01960 0.18397 0.19496
fb: 1.21191 0.02884 0.24515 0.25614
dist/lin/ang/drive_left/drive_right/tv_l/tv_r/av_l/av_r/x/y/theta/t_err: 0.21747 1.03600 0.00000 1.18307 1.24075 0.36617 0.33981 0.36617 0.33981 15.45179 -0.48422 -2.28399 0.09645
target: 1.03600 0.00000
target: 1.03600 0.00000
fb: 1.19071 0.01740 0.19500 0.20536
fb: 1.15391 0.01541 0.21340 0.22376
dist/lin/ang/drive_left/drive_right/tv_l/tv_r/av_l/av_r/x/y/theta/t_err: 0.19451 0.97211 0.00000 1.13850 1.16932 0.29311 0.30117 0.29311 0.30117 16.35971 -0.51913 -2.12649 0.10496
target: 0.97211 0.00000
target: 0.97211 0.00000
fb: 1.04713 0.01350 0.20212 0.21185
fb: 0.99287 0.01115 0.22926 0.23898
dist/lin/ang/drive_left/drive_right/tv_l/tv_r/av_l/av_r/x/y/theta/t_err: 0.17477 0.91362 0.00000 0.98171 1.00402 0.25358 0.26094 0.25358 0.26094 17.14098 -0.54731 -2.01271 0.11475
target: 0.91362 0.00000
target: 0.91362 0.00000
fb: 1.04143 0.00881 0.17315 0.18229
fb: 0.98693 0.01136 0.20040 0.20954
dist/lin/ang/drive_left/drive_right/tv_l/tv_r/av_l/av_r/x/y/theta/t_err: 0.15391 0.84743 0.00000 0.97557 0.99830 0.24364 0.24261 0.24364 0.24261 17.91763 -0.57407 -1.92579 0.11324
target: 0.84743 0.00000
target: 0.84743 0.00000
fb: 0.91145 0.01200 0.13998 0.14845
fb: 0.90373 0.01002 0.14384 0.15231
dist/lin/ang/drive_left/drive_right/tv_l/tv_r/av_l/av_r/x/y/theta/t_err: 0.13588 0.78571 0.00000 0.89371 0.91374 0.21611 0.21644 0.21611 0.21644 18.62885 -0.59734 -1.82257 0.11144
target: 0.78571 0.00000
target: 0.78571 0.00000
fb: 0.83754 0.00966 0.13775 0.14561
fb: 0.78724 0.00824 0.16291 0.17076
dist/lin/ang/drive_left/drive_right/tv_l/tv_r/av_l/av_r/x/y/theta/t_err: 0.12016 0.72768 0.00000 0.77900 0.79548 0.17675 0.17917 0.17675 0.17917 19.24842 -0.61659 -1.73727 0.10995
target: 0.72768 0.00000
target: 0.72768 0.00000
fb: 0.74090 0.00724 0.14699 0.15427
fb: 0.70782 0.00348 0.16353 0.17081
dist/lin/ang/drive_left/drive_right/tv_l/tv_r/av_l/av_r/x/y/theta/t_err: 0.10602 0.67121 0.00000 0.70434 0.71130 0.17761 0.17878 0.17761 0.17878 19.80552 -0.63317 -1.67800 0.10891
target: 0.67121 0.00000
target: 0.67121 0.00000
fb: 0.66129 -0.00085 0.13960 0.14631
fb: 0.63043 -0.00192 0.15503 0.16175
dist/lin/ang/drive_left/drive_right/tv_l/tv_r/av_l/av_r/x/y/theta/t_err: 0.09341 0.61649 0.00000 0.63234 0.62851 0.16667 0.16956 0.16667 0.16956 20.30170 -0.64770 -1.68051 0.10896
target: 0.61649 0.00000
target: 0.61649 0.00000
fb: 0.60705 -0.00355 0.12207 0.12824
fb: 0.55454 -0.00398 0.14833 0.15449
dist/lin/ang/drive_left/drive_right/tv_l/tv_r/av_l/av_r/x/y/theta/t_err: 0.08231 0.56395 0.00000 0.55852 0.55056 0.15914 0.15861 0.15914 0.15861 20.73816 -0.66060 -1.70730 0.10942
target: 0.56395 0.00000
target: 0.56395 0.00000
fb: 0.51967 -0.00092 0.12510 0.13074
fb: 0.54701 0.00128 0.11143 0.11707
dist/lin/ang/drive_left/drive_right/tv_l/tv_r/av_l/av_r/x/y/theta/t_err: 0.07137 0.50685 0.00000 0.54574 0.54829 0.15058 0.15553 0.15058 0.15553 21.16869 -0.67345 -1.70736 0.10943
target: 0.50685 0.00000
target: 0.50685 0.00000
fb: 0.51390 0.00341 -0.10728 -0.10221
fb: 0.46932 0.00178 -0.08499 0.08007
dist/lin/ang/drive_left/drive_right/tv_l/tv_r/av_l/av_r/x/y/theta/t_err: 0.06200 0.45222 0.00000 0.46754 0.47109 0.07494 0.04381 0.07494 0.04381 21.53807 -0.68436 -1.67993 0.10895
target: 0.45222 0.00000
target: 0.45222 0.00000
fb: 0.47132 -0.00078 -0.12739 -0.12287
fb: 0.40336 0.00000 -0.09341 -0.08889
dist/lin/ang/drive_left/drive_right/tv_l/tv_r/av_l/av_r/x/y/theta/t_err: 0.05393 0.39928 0.00000 0.40336 0.40336 -0.07872 -0.00650 -0.07872 -0.00650 21.85554 -0.69367 -1.67792 0.10891
target: 0.39928 0.00000
target: 0.39928 0.00000
fb: 0.32964 0.00952 -0.09973 -0.09573
fb: 0.26161 0.01698 0.09429 0.09828
dist/lin/ang/drive_left/drive_right/tv_l/tv_r/av_l/av_r/x/y/theta/t_err: 0.04873 0.36108 0.00000 0.24464 0.27859 -0.08453 -0.07583 -0.08453 -0.07583 22.06145 -0.69957 -1.57761 0.10716
target: 0.36108 0.00000
target: 0.36108 0.00000
fb: 0.20353 0.01847 0.15294 0.15655
fb: 0.16094 0.01548 0.17423 0.17784
dist/lin/ang/drive_left/drive_right/tv_l/tv_r/av_l/av_r/x/y/theta/t_err: 0.04556 0.33568 0.00000 0.14546 0.17643 0.09547 0.09925 0.09547 0.09925 22.18813 -0.70290 -1.42159 0.10444
target: 0.33568 0.00000
target: 0.33568 0.00000
fb: 0.12588 0.01378 0.22501 0.22837
fb: 0.13560 0.01307 0.22015 0.22351
dist/lin/ang/drive_left/drive_right/tv_l/tv_r/av_l/av_r/x/y/theta/t_err: 0.04289 0.31264 0.00000 0.12253 0.14867 0.17592 0.17761 0.17592 0.17761 22.29487 -0.70543 -1.30262 0.10236
target: 0.31264 0.00000
target: 0.31264 0.00000
fb: 0.15702 0.01158 0.19796 0.20109
fb: 0.15503 0.01250 0.19895 0.20208
dist/lin/ang/drive_left/drive_right/tv_l/tv_r/av_l/av_r/x/y/theta/t_err: 0.03983 0.28391 0.00000 0.14253 0.16753 0.20361 0.20481 0.20361 0.20481 22.41692 -0.70810 -1.19931 0.10056
target: 0.28391 0.00000
target: 0.28391 0.00000
fb: 0.15130 0.00277 0.14764 0.15048
fb: 0.15337 -0.01222 0.14661 0.14944
dist/lin/ang/drive_left/drive_right/tv_l/tv_r/av_l/av_r/x/y/theta/t_err: 0.03675 0.25186 0.00000 0.16559 0.14116 0.17283 0.17350 0.17283 0.17350 22.53766 -0.71061 -1.21642 0.10086
target: 0.25186 0.00000
target: 0.25186 0.00000
fb: 0.14550 -0.01286 0.23392 0.23392
fb: 0.13777 -0.00653 0.23779 0.23779
dist/lin/ang/drive_left/drive_right/tv_l/tv_r/av_l/av_r/x/y/theta/t_err: 0.03397 0.21878 0.00000 0.14431 0.13124 0.14783 0.17161 0.14783 0.17161 22.64611 -0.71301 -1.31019 0.10249
target: 0.21878 0.00000
target: 0.21878 0.00000
fb: 0.12429 -0.00732 0.21476 0.21476
fb: 0.13179 -0.00689 0.21101 0.21101
dist/lin/ang/drive_left/drive_right/tv_l/tv_r/av_l/av_r/x/y/theta/t_err: 0.03131 0.00591 0.00000 0.13868 0.12490 0.20858 0.20686 0.20858 0.20686 22.74986 -0.71544 -1.37282 0.10359
target: 0.00591 0.00000
target: 0.00591 0.00000
fb: 0.17834 -0.00433 0.08236 0.08236
fb: 0.20371 -0.00511 -0.17654 -0.17654
dist/lin/ang/drive_left/drive_right/tv_l/tv_r/av_l/av_r/x/y/theta/t_err: 0.02722 0.00182 0.00000 0.20882 0.19859 0.18361 0.16736 0.18361 0.16736 22.91021 -0.71935 -1.41809 0.10438
target: 0.00182 0.00000
target: 0.00182 0.00000
fb: 0.21739 -0.00533 -0.18706 -0.18706
fb: 0.22710 -0.00661 -0.19191 -0.19191
dist/lin/ang/drive_left/drive_right/tv_l/tv_r/av_l/av_r/x/y/theta/t_err: 0.02266 0.00000 0.00000 0.23371 0.22050 -0.09019 -0.10933 -0.09019 -0.10933 23.08897 -0.72385 -1.46830 0.10525
target: 0.00000 0.00000
target: 0.00000 0.00000
fb: 0.22687 -0.00234 -0.19344 -0.19344
fb: 0.22486 0.00000 -0.19243 -0.19243
dist/lin/ang/drive_left/drive_right/tv_l/tv_r/av_l/av_r/x/y/theta/t_err: 0.01816 0.00000 0.00000 0.22486 0.22486 -0.16942 -0.17181 -0.16942 -0.17181 23.26597 -0.72842 -1.48215 0.10549
target: 0.00000 0.00000
target: 0.00000 0.00000
fb: 0.17651 0.00547 0.00000 0.00000
fb: 0.09883 -0.00107 0.00000 0.00000
dist/lin/ang/drive_left/drive_right/tv_l/tv_r/av_l/av_r/x/y/theta/t_err: 0.01619 0.00000 0.00000 0.09990 0.09777 -0.14733 -0.14492 -0.14733 -0.14492 23.34377 -0.73041 -1.45783 0.10507
target: 0.00000 0.00000
target: 0.00000 0.00000
fb: 0.03486 -0.00071 0.00000 0.00000
fb: 0.01171 -0.00519 0.00000 0.00000
dist/lin/ang/drive_left/drive_right/tv_l/tv_r/av_l/av_r/x/y/theta/t_err: 0.01595 0.00000 0.00000 0.01689 0.00652 -0.00786 -0.00822 -0.00786 -0.00822 23.35299 -0.73065 -1.47263 0.10533
target: 0.00000 0.00000
target: 0.00000 0.00000
fb: 0.02519 -0.00590 0.00000 0.00000
fb: 0.03291 -0.00313 0.00000 0.00000
dist/lin/ang/drive_left/drive_right/tv_l/tv_r/av_l/av_r/x/y/theta/t_err: 0.01528 0.00000 0.00000 0.03604 0.02979 0.00017 0.00033 0.00017 0.00033 23.37889 -0.73132 -1.50993 0.10598
target: 0.00000 0.00000
target: 0.00000 0.00000
fb: 0.01944 -0.00327 0.00000 0.00000
fb: 0.00400 -0.00476 0.00000 0.00000
dist/lin/ang/drive_left/drive_right/tv_l/tv_r/av_l/av_r/x/y/theta/t_err: 0.01519 0.00000 0.00000 0.00876 -0.00076 0.00017 0.00067 0.00017 0.00067 23.38204 -0.73141 -1.53918 0.10649
target: 0.00000 0.00000
target: 0.00000 0.00000
fb: 0.00400 -0.00192 0.00000 0.00000
fb: 0.00398 -0.00085 0.00000 0.00000
dist/lin/ang/drive_left/drive_right/tv_l/tv_r/av_l/av_r/x/y/theta/t_err: 0.01511 0.00000 0.00000 0.00484 0.00313 0.00033 0.00000 0.00033 0.00000 23.38517 -0.73149 -1.55256 0.10672
target: 0.00000 0.00000
target: 0.00000 0.00000
fb: 0.00001 -0.00227 0.00000 0.00000
fb: 0.00002 -0.00163 0.00000 0.00000
dist/lin/ang/drive_left/drive_right/tv_l/tv_r/av_l/av_r/x/y/theta/t_err: 0.01510 0.00000 0.00000 0.00165 -0.00161 0.00017 0.00017 0.00017 0.00017 23.38519 -0.73149 -1.57376 0.10709
target: 0.00000 0.00000
target: 0.00000 0.00000
fb: 0.00001 -0.00078 0.00000 0.00000
fb: 0.00376 -0.00192 0.00000 0.00000
dist/lin/ang/drive_left/drive_right/tv_l/tv_r/av_l/av_r/x/y/theta/t_err: 0.01502 0.00000 0.00000 0.00568 0.00185 0.00017 0.00017 0.00017 0.00017 23.38815 -0.73157 -1.58705 0.10733
target: 0.00000 0.00000
target: 0.00000 0.00000
fb: 0.00377 -0.00391 0.00000 0.00000
fb: 0.00002 -0.00163 0.00000 0.00000
final error: 0.95370, x: 0.61183, y: 0.73157
final local error: 0.95370, forwards: 0.59100, sideways: 0.74850
position: 23.38817 -0.73157 -1.61287
took 1.06000 time to finish turn
WARNING - pros.serial.terminal.terminal:stop - Stopping terminal - pros-cli version:3.5.6

[tomas@nixbtw:~/projects/Robotics/current/libs/lyfast]$

