
[tomas@nixbtw:~/projects/Robotics/current/libs/lyfast]$ t
Not sending analytics for this command.

Established terminal connection
LQR:computing forwards angle



         _+=+_
      .-`  .  `-.          8888888b.  8888888b.   .d88888b.   .d8888b.
   _+`     "     `+_       888   Y88b 888   Y88b d88P" "Y88b d88P  Y88b
  \\\sssssssssssss///      888    888 888    888 888     888 Y88b.
     .ss\  *  /ss.         888   d88P 888   d88P 888     888  "Y888b.
 .+bm  .s  *  s.  md+.     8888888P"  8888888P"  888     888     "Y88b.
.hMMMMs .  *  . sMMMMh.    888        888 T88b   888     888       "888
 `\hMMMb \ | / dMMMh:      888        888  T88b  Y88b. .d88P Y88b  d88P
   -SNMNo  -  oNMNs-       888        888   T88b  "Y88888P"   "Y8888P"
     `+dMh\./dMd/
        `:yNy:`                      Powered by PROS for VEX V5
           "                Copyright (c) Purdue University ACM SIGBots
Version:        4.2.1     Platform:  V1.1.5 (b18)     Uptime:    0.000 s
Compiled:   Jan  1 1980 00:00:00     Directory:


starting task: 2319177
timed correctly: 2322067
start is 0.000 0.000
dist/lin/ang/drive_left/drive_right/tv_l/tv_r/av_l/av_r/x/y/theta/t_err: 0.60960 1.77800 0.00000 0.00000 0.00000 0.00000 -0.00033 0.00000 -0.00033 0.00000 -0.00000 -0.00078 0.00001
target: 1.77800 0.00000
target: 1.77800 0.00000
fb: 0.00000 0.00000 1.00000 1.00000
fb: 0.00000 0.00000 1.00000 1.00000
dist/lin/ang/drive_left/drive_right/tv_l/tv_r/av_l/av_r/x/y/theta/t_err: 0.60960 1.77800 0.00000 0.00000 0.00000 0.10678 0.18089 0.10678 0.18089 0.00000 -0.00000 -0.00194 0.00003
target: 1.77800 0.00000
target: 1.77800 0.00000
fb: 0.00000 -0.00107 1.00000 1.00000
fb: -0.00394 -0.00938 1.00000 1.00000
dist/lin/ang/drive_left/drive_right/tv_l/tv_r/av_l/av_r/x/y/theta/t_err: 0.60968 1.77800 0.00000 0.00544 -0.01331 0.57664 0.61789 0.57664 0.61789 -0.00310 0.00000 -0.04042 0.00071
target: 1.77800 0.00000
target: 1.77800 0.00000
fb: -0.01538 -0.00952 1.00000 1.00000
fb: 0.00980 -0.01556 1.00000 1.00000
dist/lin/ang/drive_left/drive_right/tv_l/tv_r/av_l/av_r/x/y/theta/t_err: 0.60948 1.77800 0.00000 0.02535 -0.00576 0.65858 0.72875 0.65858 0.72875 0.00462 -0.00002 -0.14167 0.00247
target: 1.77800 0.00000
target: 1.77800 0.00000
fb: 0.15525 -0.01925 1.00000 1.00000
fb: 0.34548 -0.02266 1.00000 1.00000
dist/lin/ang/drive_left/drive_right/tv_l/tv_r/av_l/av_r/x/y/theta/t_err: 0.60257 1.77800 0.00000 0.36814 0.32283 0.69008 0.76900 0.69008 0.76900 0.27665 -0.00113 -0.31370 0.00552
target: 1.77800 0.00000
target: 1.77800 0.00000
fb: 0.42669 -0.01726 1.00000 1.00000
fb: 0.42290 -0.01073 1.00000 1.00000
dist/lin/ang/drive_left/drive_right/tv_l/tv_r/av_l/av_r/x/y/theta/t_err: 0.59412 1.77800 0.00000 0.43363 0.41218 0.77358 0.80489 0.77358 0.80489 0.60963 -0.00337 -0.44693 0.00794
target: 1.77800 0.00000
target: 1.77800 0.00000
fb: 0.45198 -0.00447 1.00000 1.00000
fb: 0.54507 -0.00540 1.00000 1.00000
dist/lin/ang/drive_left/drive_right/tv_l/tv_r/av_l/av_r/x/y/theta/t_err: 0.58321 1.77800 0.00000 0.55046 0.53967 0.80131 0.80950 0.80131 0.80950 1.03881 -0.00689 -0.48822 0.00882
target: 1.77800 0.00000
target: 1.77800 0.00000
fb: 0.58193 -0.00938 1.00000 1.00000
fb: 0.56629 -0.01151 1.00000 1.00000
dist/lin/ang/drive_left/drive_right/tv_l/tv_r/av_l/av_r/x/y/theta/t_err: 0.57189 1.77800 0.00000 0.57780 0.55478 0.79650 0.79686 0.79650 0.79686 1.48469 -0.01101 -0.57801 0.01058
target: 1.77800 0.00000
target: 1.77800 0.00000
fb: 0.62853 -0.01350 1.00000 1.00000
fb: 0.68858 -0.01833 1.00000 1.00000
dist/lin/ang/drive_left/drive_right/tv_l/tv_r/av_l/av_r/x/y/theta/t_err: 0.55812 1.76198 0.00000 0.70690 0.67025 0.81089 0.78044 0.81089 0.78044 2.02684 -0.01706 -0.71281 0.01322
target: 1.76198 0.00000
target: 1.76198 0.00000
fb: 0.72920 -0.01932 1.00000 1.00000
fb: 0.74112 -0.01570 1.00000 1.00000
dist/lin/ang/drive_left/drive_right/tv_l/tv_r/av_l/av_r/x/y/theta/t_err: 0.54330 1.73832 0.00000 0.75681 0.72542 0.81892 0.80903 0.81892 0.80903 2.61034 -0.02515 -0.87444 0.01644
target: 1.73832 0.00000
target: 1.73832 0.00000
fb: 0.79738 -0.01818 1.00000 1.00000
fb: 0.84947 -0.02145 1.00000 1.00000
dist/lin/ang/drive_left/drive_right/tv_l/tv_r/av_l/av_r/x/y/theta/t_err: 0.52631 1.71080 0.00000 0.87092 0.82802 0.84064 0.83947 0.84064 0.83947 3.27912 -0.03629 -1.04493 0.01999
target: 1.71080 0.00000
target: 1.71080 0.00000
fb: 0.84177 -0.02372 1.00000 1.00000
fb: 0.89031 -0.01619 1.00000 1.00000
dist/lin/ang/drive_left/drive_right/tv_l/tv_r/av_l/av_r/x/y/theta/t_err: 0.50851 1.68147 0.00000 0.90650 0.87411 0.83483 0.83569 0.83483 0.83569 3.98001 -0.05029 -1.23353 0.02404
target: 1.68147 0.00000
target: 1.68147 0.00000
fb: 0.99709 -0.01911 1.00000 1.00000
fb: 1.00283 -0.02145 1.00000 1.00000
dist/lin/ang/drive_left/drive_right/tv_l/tv_r/av_l/av_r/x/y/theta/t_err: 0.48846 1.64782 0.00000 1.02428 0.98138 0.85744 0.85894 0.85744 0.85894 4.76943 -0.06841 -1.41028 0.02817
target: 1.64782 0.00000
target: 1.64782 0.00000
fb: 1.08627 -0.02763 0.96734 0.98382
fb: 1.20457 -0.02841 0.90819 0.92467
dist/lin/ang/drive_left/drive_right/tv_l/tv_r/av_l/av_r/x/y/theta/t_err: 0.46438 1.60647 0.00000 1.23299 1.17616 0.81036 0.83228 0.81036 0.83228 5.71758 -0.09368 -1.65289 0.03397
target: 1.60647 0.00000
target: 1.60647 0.00000
fb: 1.19488 -0.03154 0.83871 0.85478
fb: 1.34425 -0.02692 0.76402 0.78009
dist/lin/ang/drive_left/drive_right/tv_l/tv_r/av_l/av_r/x/y/theta/t_err: 0.43751 1.55905 0.00000 1.37117 1.31733 0.75753 0.80814 0.75753 0.80814 6.77553 -0.12664 -1.89658 0.04045
target: 1.55905 0.00000
target: 1.55905 0.00000
fb: 1.26655 -0.02067 0.72999 0.74559
fb: 1.24732 -0.01776 0.73961 0.75520
dist/lin/ang/drive_left/drive_right/tv_l/tv_r/av_l/av_r/x/y/theta/t_err: 0.41259 1.51372 0.00000 1.26508 1.22956 0.72703 0.75767 0.72703 0.75767 7.75708 -0.16080 -2.07115 0.04605
target: 1.51372 0.00000
target: 1.51372 0.00000
fb: 1.32076 -0.00980 0.66884 0.68397
fb: 1.19651 -0.01101 0.73097 0.74610
dist/lin/ang/drive_left/drive_right/tv_l/tv_r/av_l/av_r/x/y/theta/t_err: 0.38869 1.46894 0.00000 1.20752 1.18550 0.69556 0.72036 0.69556 0.72036 8.69856 -0.19570 -2.17481 0.05075
target: 1.46894 0.00000
target: 1.46894 0.00000
fb: 1.33067 -0.01371 0.62334 0.63803
fb: 1.35386 -0.01371 0.61175 0.62643
dist/lin/ang/drive_left/drive_right/tv_l/tv_r/av_l/av_r/x/y/theta/t_err: 0.36165 1.41658 0.00000 1.36757 1.34015 0.67383 0.69708 0.67383 0.69708 9.76378 -0.23725 -2.30182 0.05684
target: 1.41658 0.00000
target: 1.41658 0.00000
fb: 1.26250 -0.01030 0.57305 0.58721
fb: 1.42179 -0.00994 0.49340 0.50757
dist/lin/ang/drive_left/drive_right/tv_l/tv_r/av_l/av_r/x/y/theta/t_err: 0.33327 1.35945 0.00000 1.43173 1.41184 0.60297 0.61942 0.60297 0.61942 10.88236 -0.28318 -2.39219 0.06334
target: 1.35945 0.00000
target: 1.35945 0.00000
fb: 1.35381 -0.00959 0.45105 0.46464
fb: 1.25871 -0.01065 0.49860 0.51219
dist/lin/ang/drive_left/drive_right/tv_l/tv_r/av_l/av_r/x/y/theta/t_err: 0.30815 1.30680 0.00000 1.26936 1.24806 0.51761 0.53247 0.51761 0.53247 11.87258 -0.32524 -2.47072 0.06993
target: 1.30680 0.00000
target: 1.30680 0.00000
fb: 1.37500 -0.00831 0.41013 0.42320
fb: 1.35755 -0.00739 0.41886 0.43192
dist/lin/ang/drive_left/drive_right/tv_l/tv_r/av_l/av_r/x/y/theta/t_err: 0.28107 1.24757 0.00000 1.36494 1.35017 0.47483 0.49553 0.47483 0.49553 12.94049 -0.37195 -2.53525 0.07787
target: 1.24757 0.00000
target: 1.24757 0.00000
fb: 1.35180 -0.00547 0.33521 0.34768
fb: 1.32841 -0.00511 0.34691 0.35938
dist/lin/ang/drive_left/drive_right/tv_l/tv_r/av_l/av_r/x/y/theta/t_err: 0.25459 1.18679 0.00000 1.33352 1.32330 0.41886 0.43614 0.41886 0.43614 13.98544 -0.41863 -2.58038 0.08681
target: 1.18679 0.00000
target: 1.18679 0.00000
fb: 1.26064 0.00455 0.31548 0.32735
fb: 1.29166 0.02039 0.29997 0.31184
dist/lin/ang/drive_left/drive_right/tv_l/tv_r/av_l/av_r/x/y/theta/t_err: 0.22887 1.12459 0.00000 1.27128 1.31205 0.41475 0.38122 0.41475 0.38122 15.00149 -0.46395 -2.49290 0.09502
target: 1.12459 0.00000
target: 1.12459 0.00000
fb: 1.25277 0.01435 0.25334 0.26459
fb: 1.18880 0.01229 0.28533 0.29657
dist/lin/ang/drive_left/drive_right/tv_l/tv_r/av_l/av_r/x/y/theta/t_err: 0.20521 1.06419 0.00000 1.17651 1.20109 0.35369 0.35214 0.35369 0.35214 15.93672 -0.50354 -2.36807 0.10370
target: 1.06419 0.00000
target: 1.06419 0.00000
fb: 1.13253 0.02024 0.26354 0.27419
fb: 1.17705 0.02479 0.24128 0.25193
dist/lin/ang/drive_left/drive_right/tv_l/tv_r/av_l/av_r/x/y/theta/t_err: 0.18180 1.00086 0.00000 1.15226 1.20184 0.32358 0.32544 0.32358 0.32544 16.86280 -0.54037 -2.18146 0.11364
target: 1.00086 0.00000
target: 1.00086 0.00000
fb: 1.12277 0.01456 0.19447 0.20448
fb: 1.08399 0.01108 0.21386 0.22387
dist/lin/ang/drive_left/drive_right/tv_l/tv_r/av_l/av_r/x/y/theta/t_err: 0.16028 0.93885 0.00000 1.07291 1.09507 0.28319 0.29961 0.28319 0.29961 17.71575 -0.57176 -2.05417 0.12659
target: 0.93885 0.00000
target: 0.93885 0.00000
fb: 1.14800 0.01151 0.12826 0.13765
fb: 1.06458 0.01648 0.16997 0.17936
dist/lin/ang/drive_left/drive_right/tv_l/tv_r/av_l/av_r/x/y/theta/t_err: 0.13775 0.86922 0.00000 1.04810 1.08105 0.23169 0.23958 0.23169 0.23958 18.55349 -0.60098 -1.93532 0.12451
target: 0.86922 0.00000
target: 0.86922 0.00000
fb: 0.98710 0.01726 0.10753 0.11622
fb: 0.94230 0.01534 0.12992 0.13862
dist/lin/ang/drive_left/drive_right/tv_l/tv_r/av_l/av_r/x/y/theta/t_err: 0.11895 0.80655 0.00000 0.92696 0.95764 0.18325 0.18922 0.18325 0.18922 19.29507 -0.62502 -1.78440 0.12188
target: 0.80655 0.00000
target: 0.80655 0.00000
fb: 0.90349 0.01087 0.12052 0.12859
fb: 0.83004 0.00554 0.15724 0.16531
dist/lin/ang/drive_left/drive_right/tv_l/tv_r/av_l/av_r/x/y/theta/t_err: 0.10238 0.74694 0.00000 0.82450 0.83558 0.15486 0.16203 0.15486 0.16203 19.94835 -0.64481 -1.69801 0.12037
target: 0.74694 0.00000
target: 0.74694 0.00000
fb: 0.73298 0.00739 0.16233 0.16980
fb: 0.65929 0.00000 0.19917 0.20664
dist/lin/ang/drive_left/drive_right/tv_l/tv_r/av_l/av_r/x/y/theta/t_err: 0.08921 0.69593 0.00000 0.65929 0.65929 0.17022 0.17469 0.17022 0.17469 20.46726 -0.65994 -1.65258 0.11958
target: 0.69593 0.00000
target: 0.69593 0.00000
fb: 0.68868 -0.00362 0.17422 0.18118
fb: 0.66729 -0.00057 0.18492 0.19188
dist/lin/ang/drive_left/drive_right/tv_l/tv_r/av_l/av_r/x/y/theta/t_err: 0.07586 0.64009 0.00000 0.66786 0.66672 0.18567 0.19522 0.18567 0.19522 20.99246 -0.67517 -1.66745 0.11984
target: 0.64009 0.00000
target: 0.64009 0.00000
fb: 0.61850 0.00256 0.13395 0.14035
fb: 0.61077 0.00099 0.13782 0.14422
dist/lin/ang/drive_left/drive_right/tv_l/tv_r/av_l/av_r/x/y/theta/t_err: 0.06365 0.58438 0.00000 0.60977 0.61176 0.17283 0.18478 0.17283 0.18478 21.47318 -0.68907 -1.64580 0.11946
target: 0.58438 0.00000
target: 0.58438 0.00000
fb: 0.56046 0.00313 0.11007 0.11591
fb: 0.51389 0.00291 0.13335 0.13919
dist/lin/ang/drive_left/drive_right/tv_l/tv_r/av_l/av_r/x/y/theta/t_err: 0.05338 0.53303 0.00000 0.51098 0.51680 0.14356 0.14786 0.14356 0.14786 21.87765 -0.70059 -1.61562 0.11893
target: 0.53303 0.00000
target: 0.53303 0.00000
fb: 0.54104 0.00000 0.09013 0.09546
fb: 0.50046 -0.00206 0.11042 0.11575
dist/lin/ang/drive_left/drive_right/tv_l/tv_r/av_l/av_r/x/y/theta/t_err: 0.04338 0.47769 0.00000 0.50252 0.49840 0.13175 0.13656 0.13175 0.13656 22.27155 -0.71168 -1.61578 0.11893
target: 0.47769 0.00000
target: 0.47769 0.00000
fb: 0.44419 0.00135 0.17715 0.17715
fb: 0.43821 0.00369 0.18014 0.18014
dist/lin/ang/drive_left/drive_right/tv_l/tv_r/av_l/av_r/x/y/theta/t_err: 0.03462 0.42339 0.00000 0.43452 0.44190 0.14597 0.13981 0.14597 0.13981 22.61646 -0.72136 -1.59210 0.11852
target: 0.42339 0.00000
target: 0.42339 0.00000
fb: 0.43445 0.00327 0.13523 0.13523
fb: 0.42276 0.00092 0.14107 0.14107
dist/lin/ang/drive_left/drive_right/tv_l/tv_r/av_l/av_r/x/y/theta/t_err: 0.02617 0.36340 0.00000 0.42184 0.42368 0.16614 0.16989 0.16614 0.16989 22.94922 -0.73052 -1.56584 0.11806
target: 0.36340 0.00000
target: 0.36340 0.00000
fb: 0.38393 0.00149 0.09512 0.09512
fb: 0.39960 0.00057 0.08728 0.08728
dist/lin/ang/drive_left/drive_right/tv_l/tv_r/av_l/av_r/x/y/theta/t_err: 0.01819 0.29568 0.00000 0.39903 0.40017 0.13503 0.13897 0.13503 0.13897 23.26375 -0.73907 -1.55178 0.11782
target: 0.29568 0.00000
target: 0.29568 0.00000
fb: 0.37424 -0.00192 -0.13644 -0.13644
fb: 0.36454 -0.00249 -0.13160 -0.13160
dist/lin/ang/drive_left/drive_right/tv_l/tv_r/av_l/av_r/x/y/theta/t_err: 0.01089 0.21602 0.00000 0.36703 0.36205 0.05100 0.04431 0.05100 0.04431 23.55068 -0.74687 -1.56362 0.11802
target: 0.21602 0.00000
target: 0.21602 0.00000
fb: 0.36851 0.00064 -0.22916 -0.22916
fb: 0.27932 0.00824 -0.18457 -0.18457
dist/lin/ang/drive_left/drive_right/tv_l/tv_r/av_l/av_r/x/y/theta/t_err: 0.00532 0.12454 0.00000 0.27109 0.28756 -0.12867 -0.12886 -0.12867 -0.12886 23.77054 -0.75284 -1.52937 0.11743
target: 0.12454 0.00000
target: 0.12454 0.00000
fb: 0.21729 0.00597 -0.21313 -0.21313
fb: 0.15706 0.00490 -0.21313 -0.21313
dist/lin/ang/drive_left/drive_right/tv_l/tv_r/av_l/av_r/x/y/theta/t_err: 0.00220 0.00000 0.00000 0.15215 0.16196 -0.17606 -0.17847 -0.17606 -0.17847 23.89416 -0.75608 -1.46822 0.11636
target: 0.00000 0.00000
target: 0.00000 0.00000
fb: 0.07563 0.00611 -0.32909 -0.32909
fb: 0.02135 0.00568 -0.32909 -0.32909
dist/lin/ang/drive_left/drive_right/tv_l/tv_r/av_l/av_r/x/y/theta/t_err: 0.00179 0.00000 0.00000 0.01567 0.02703 -0.21644 -0.22106 -0.21644 -0.22106 23.91097 -0.75651 -1.40776 0.11530
target: 0.00000 0.00000
target: 0.00000 0.00000
fb: -0.00004 0.00000 0.00000 0.00000
fb: -0.00000 -0.00405 0.00000 0.00000
dist/lin/ang/drive_left/drive_right/tv_l/tv_r/av_l/av_r/x/y/theta/t_err: 0.00179 0.00000 0.00000 0.00405 -0.00405 -0.22022 -0.22244 -0.22022 -0.22244 23.91097 -0.75651 -1.40639 0.11528
target: 0.00000 0.00000
target: 0.00000 0.00000
fb: 0.00002 -0.00298 0.00000 0.00000
fb: 0.00001 0.00128 0.00000 0.00000
dist/lin/ang/drive_left/drive_right/tv_l/tv_r/av_l/av_r/x/y/theta/t_err: 0.00178 0.00000 0.00000 -0.00126 0.00129 -0.01181 -0.01097 -0.01181 -0.01097 23.91098 -0.75651 -1.42292 0.11557
target: 0.00000 0.00000
target: 0.00000 0.00000
fb: -0.00000 0.00355 0.00000 0.00000
fb: -0.00001 0.00128 0.00000 0.00000
dist/lin/ang/drive_left/drive_right/tv_l/tv_r/av_l/av_r/x/y/theta/t_err: 0.00179 0.00000 0.00000 -0.00129 0.00127 -0.00119 -0.00083 -0.00119 -0.00083 23.91097 -0.75651 -1.41425 0.11542
target: 0.00000 0.00000
target: 0.00000 0.00000
fb: -0.01943 0.00632 0.00000 0.00000
fb: -0.06225 0.00199 0.00000 0.00000
dist/lin/ang/drive_left/drive_right/tv_l/tv_r/av_l/av_r/x/y/theta/t_err: 0.00304 0.05297 0.00000 -0.06424 -0.06027 -0.00050 -0.00017 -0.00050 -0.00017 23.86197 -0.75532 -1.38250 0.11486
target: 0.05297 0.00000
target: 0.05297 0.00000
fb: -0.09509 -0.01136 0.20712 0.20712
fb: -0.12194 -0.01364 0.20712 0.20712
dist/lin/ang/drive_left/drive_right/tv_l/tv_r/av_l/av_r/x/y/theta/t_err: 0.00545 0.12750 0.00000 -0.10830 -0.13558 0.07683 0.05286 0.07683 0.05286 23.76598 -0.75292 -1.47664 0.11651
target: 0.12750 0.00000
target: 0.12750 0.00000
fb: -0.13960 -0.00227 0.41362 0.41362
fb: -0.13393 0.00284 0.41079 0.41079
dist/lin/ang/drive_left/drive_right/tv_l/tv_r/av_l/av_r/x/y/theta/t_err: 0.00812 0.17663 0.00000 -0.13677 -0.13109 0.22603 0.22944 0.22603 0.22944 23.66056 -0.75018 -1.49012 0.11674
target: 0.17663 0.00000
target: 0.17663 0.00000
fb: -0.09311 -0.00575 0.38379 0.38379
fb: -0.03281 -0.01463 0.35364 0.35364
dist/lin/ang/drive_left/drive_right/tv_l/tv_r/av_l/av_r/x/y/theta/t_err: 0.00875 0.18633 0.00000 -0.01818 -0.04744 0.35811 0.36375 0.35811 0.36375 23.63474 -0.74950 -1.56785 0.11810
target: 0.18633 0.00000
target: 0.18633 0.00000
fb: -0.00366 -0.00483 0.26893 0.26893
fb: 0.00003 0.00355 0.26708 0.26708
dist/lin/ang/drive_left/drive_right/tv_l/tv_r/av_l/av_r/x/y/theta/t_err: 0.00874 0.18614 0.00000 -0.00352 0.00358 0.31569 0.31586 0.31569 0.31586 23.63476 -0.74950 -1.60321 0.11871
target: 0.18614 0.00000
target: 0.18614 0.00000
fb: 0.03683 0.00632 0.22874 0.22874
fb: 0.10852 0.00760 0.19289 0.19289
dist/lin/ang/drive_left/drive_right/tv_l/tv_r/av_l/av_r/x/y/theta/t_err: 0.00659 0.15039 0.00000 0.10092 0.11612 0.24725 0.24725 0.24725 0.24725 23.72018 -0.75185 -1.55232 0.11783
target: 0.15039 0.00000
target: 0.15039 0.00000
fb: 0.14339 0.00412 -0.09135 -0.09135
fb: 0.15510 0.00092 -0.09135 -0.09135
dist/lin/ang/drive_left/drive_right/tv_l/tv_r/av_l/av_r/x/y/theta/t_err: 0.00349 0.07300 0.00000 0.15418 0.15603 0.12117 0.12492 0.12117 0.12492 23.84226 -0.75512 -1.52819 0.11740
target: 0.07300 0.00000
target: 0.07300 0.00000
fb: 0.16682 -0.00277 -0.20559 -0.20559
fb: 0.17853 -0.00114 -0.20559 -0.20559
dist/lin/ang/drive_left/drive_right/tv_l/tv_r/av_l/av_r/x/y/theta/t_err: -0.00008 0.00000 0.00000 0.17966 0.17739 -0.09975 -0.09906 -0.09975 -0.09906 23.98278 -0.75889 -1.54150 0.11764
target: 0.00000 0.00000
target: 0.00000 0.00000
fb: 0.19595 0.00114 -0.32397 -0.32397
fb: 0.21510 0.01477 -0.33354 -0.33354
dist/lin/ang/drive_left/drive_right/tv_l/tv_r/av_l/av_r/x/y/theta/t_err: -0.00437 -0.10099 0.00000 0.20032 0.22987 -0.20772 -0.20467 -0.20772 -0.20467 24.15209 -0.76340 -1.48770 0.11670
target: -0.10099 0.00000
target: -0.10099 0.00000
fb: 0.20531 0.02046 -0.47553 -0.47553
fb: 0.13554 0.02088 -0.44065 -0.44065
dist/lin/ang/drive_left/drive_right/tv_l/tv_r/av_l/av_r/x/y/theta/t_err: -0.00701 -0.15813 0.00000 0.11466 0.15643 -0.33708 -0.32767 -0.33708 -0.32767 24.25879 -0.76603 -1.30594 0.11353
target: -0.15813 0.00000
target: -0.15813 0.00000
fb: 0.05238 0.00831 -0.36279 -0.36279
fb: 0.01164 0.00000 -0.25753 -0.25753
dist/lin/ang/drive_left/drive_right/tv_l/tv_r/av_l/av_r/x/y/theta/t_err: -0.00722 -0.16180 0.00000 0.01164 0.01164 -0.32150 -0.28439 -0.32150 -0.28439 24.26794 -0.76623 -1.23860 0.11235
target: -0.16180 0.00000
target: -0.16180 0.00000
fb: 0.00375 -0.00490 -0.15206 -0.15206
fb: 0.00399 -0.00241 -0.15206 -0.15206
dist/lin/ang/drive_left/drive_right/tv_l/tv_r/av_l/av_r/x/y/theta/t_err: -0.00731 -0.16331 0.00000 0.00641 0.00158 -0.21936 -0.24775 -0.21936 -0.24775 24.27109 -0.76630 -1.26298 0.11278
target: -0.16331 0.00000
target: -0.16331 0.00000
fb: 0.00003 -0.00554 -0.14835 -0.14835
fb: -0.00392 -0.00852 -0.14835 -0.14835
dist/lin/ang/drive_left/drive_right/tv_l/tv_r/av_l/av_r/x/y/theta/t_err: -0.00725 -0.16228 0.00000 0.00460 -0.01245 -0.14664 -0.15211 -0.14664 -0.15211 24.26800 -0.76623 -1.31771 0.11373
target: -0.16228 0.00000
target: -0.16228 0.00000
fb: -0.05224 -0.00376 -0.14285 -0.14285
fb: -0.10279 -0.00405 -0.14285 -0.14285
dist/lin/ang/drive_left/drive_right/tv_l/tv_r/av_l/av_r/x/y/theta/t_err: -0.00521 -0.12216 0.00000 -0.09874 -0.10684 -0.13553 -0.13811 -0.13553 -0.13811 24.18708 -0.76434 -1.35748 0.11443
target: -0.12216 0.00000
target: -0.12216 0.00000
fb: -0.11448 -0.00973 0.11139 0.11139
fb: -0.12990 -0.01016 0.11139 0.11139
dist/lin/ang/drive_left/drive_right/tv_l/tv_r/av_l/av_r/x/y/theta/t_err: -0.00264 -0.02344 0.00000 -0.11974 -0.14006 -0.03747 -0.06553 -0.03747 -0.06553 24.08483 -0.76185 -1.43415 0.11576
target: -0.02344 0.00000
target: -0.02344 0.00000
fb: -0.16477 -0.00526 0.26806 0.26806
fb: -0.19570 0.00085 0.26806 0.26806
dist/lin/ang/drive_left/drive_right/tv_l/tv_r/av_l/av_r/x/y/theta/t_err: 0.00127 0.00000 0.00000 -0.19655 -0.19485 0.15569 0.13536 0.15569 0.13536 23.93079 -0.75794 -1.46508 0.11630
target: 0.00000 0.00000
target: 0.00000 0.00000
fb: -0.16860 0.00526 0.12688 0.12688
fb: -0.12623 -0.00433 0.12688 0.12688
dist/lin/ang/drive_left/drive_right/tv_l/tv_r/av_l/av_r/x/y/theta/t_err: 0.00379 0.08368 0.00000 -0.12189 -0.13056 0.18789 0.20106 0.18789 0.20106 23.83143 -0.75542 -1.45496 0.11613
target: 0.08368 0.00000
target: 0.08368 0.00000
fb: -0.07189 -0.01051 0.28084 0.28084
fb: -0.02509 -0.00632 0.28084 0.28084
dist/lin/ang/drive_left/drive_right/tv_l/tv_r/av_l/av_r/x/y/theta/t_err: 0.00427 0.09828 0.00000 -0.01876 -0.03141 0.17522 0.16206 0.17522 0.16206 23.81168 -0.75491 -1.53294 0.11749
target: 0.09828 0.00000
target: 0.09828 0.00000
fb: -0.00767 -0.00412 0.14852 0.14852
fb: -0.00372 -0.00305 0.14852 0.14852
dist/lin/ang/drive_left/drive_right/tv_l/tv_r/av_l/av_r/x/y/theta/t_err: 0.00433 0.10003 0.00000 -0.00066 -0.00677 0.20775 0.21956 0.20775 0.21956 23.80876 -0.75483 -1.57001 0.11813
target: 0.10003 0.00000
target: 0.10003 0.00000
fb: -0.00373 0.00000 0.12350 0.12350
fb: -0.00000 0.00256 0.12350 0.12350
dist/lin/ang/drive_left/drive_right/tv_l/tv_r/av_l/av_r/x/y/theta/t_err: 0.00433 0.10005 0.00000 -0.00256 0.00256 0.13364 0.13467 0.13364 0.13467 23.80875 -0.75483 -1.56774 0.11810
target: 0.10005 0.00000
target: 0.10005 0.00000
fb: -0.00001 0.00206 0.12006 0.12006
fb: -0.00398 0.00099 0.12006 0.12006
dist/lin/ang/drive_left/drive_right/tv_l/tv_r/av_l/av_r/x/y/theta/t_err: 0.00442 0.10237 0.00000 -0.00498 -0.00299 0.11742 0.11806 0.11742 0.11806 23.80562 -0.75474 -1.55440 0.11786
target: 0.10237 0.00000
target: 0.10237 0.00000
fb: -0.00398 0.00128 0.12560 0.12560
fb: 0.03883 0.00277 0.12560 0.12560
dist/lin/ang/drive_left/drive_right/tv_l/tv_r/av_l/av_r/x/y/theta/t_err: 0.00364 0.07850 0.00000 0.03606 0.04160 0.11619 0.11839 0.11619 0.11839 23.83618 -0.75557 -1.54269 0.11766
target: 0.07850 0.00000
target: 0.07850 0.00000
fb: 0.12023 0.00597 -0.09633 -0.09633
fb: 0.15706 0.00994 -0.09633 -0.09633
dist/lin/ang/drive_left/drive_right/tv_l/tv_r/av_l/av_r/x/y/theta/t_err: 0.00052 0.00000 0.00000 0.14711 0.16700 0.03339 0.03011 0.03339 0.03011 23.95980 -0.75884 -1.48246 0.11661
target: 0.00000 0.00000
target: 0.00000 0.00000
fb: 0.14158 0.01328 -0.23701 -0.23701
fb: 0.12987 0.01236 -0.23701 -0.23701
dist/lin/ang/drive_left/drive_right/tv_l/tv_r/av_l/av_r/x/y/theta/t_err: -0.00204 0.00000 0.00000 0.11751 0.14223 -0.11103 -0.13553 -0.11103 -0.13553 24.06203 -0.76139 -1.37017 0.11465
target: 0.00000 0.00000
target: 0.00000 0.00000
fb: 0.11818 0.01058 0.00000 0.00000
fb: 0.10650 0.00980 0.00000 0.00000
dist/lin/ang/drive_left/drive_right/tv_l/tv_r/av_l/av_r/x/y/theta/t_err: -0.00414 -0.09446 0.00000 0.09670 0.11630 -0.15589 -0.12392 -0.15589 -0.12392 24.14586 -0.76333 -1.27914 0.11306
target: -0.09446 0.00000
target: -0.09446 0.00000
fb: 0.07739 0.00582 -0.30671 -0.30671
fb: 0.03680 0.00646 -0.30671 -0.30671
dist/lin/ang/drive_left/drive_right/tv_l/tv_r/av_l/av_r/x/y/theta/t_err: -0.00485 -0.11369 0.00000 0.03034 0.04326 -0.06844 -0.11892 -0.06844 -0.11892 24.17483 -0.76396 -1.22121 0.11205
target: -0.11369 0.00000
target: -0.11369 0.00000
fb: 0.03504 0.00575 -0.16394 -0.16394
fb: 0.02708 0.01136 -0.16394 -0.16394
dist/lin/ang/drive_left/drive_right/tv_l/tv_r/av_l/av_r/x/y/theta/t_err: -0.00537 -0.12577 0.00000 0.01571 0.03844 -0.20997 -0.21728 -0.20997 -0.21728 24.19615 -0.76441 -1.14987 0.11080
target: -0.12577 0.00000
target: -0.12577 0.00000
fb: 0.00367 0.00717 -0.15446 -0.15446
fb: -0.00004 -0.00355 -0.15446 -0.15446
dist/lin/ang/drive_left/drive_right/tv_l/tv_r/av_l/av_r/x/y/theta/t_err: -0.00536 -0.12546 0.00000 0.00352 -0.00359 -0.14956 -0.15469 -0.14956 -0.15469 24.19612 -0.76441 -1.11029 0.11011
target: -0.12546 0.00000
target: -0.12546 0.00000
fb: 0.00002 -0.00540 -0.12956 -0.12956
fb: 0.00004 -0.00405 -0.12956 -0.12956
dist/lin/ang/drive_left/drive_right/tv_l/tv_r/av_l/av_r/x/y/theta/t_err: -0.00537 -0.12577 0.00000 0.00408 -0.00401 -0.13381 -0.13536 -0.13381 -0.13536 24.19615 -0.76441 -1.14990 0.11080
target: -0.12577 0.00000
target: -0.12577 0.00000
fb: 0.00004 -0.00668 -0.13093 -0.13093
fb: 0.00004 -0.00561 -0.13093 -0.13093
dist/lin/ang/drive_left/drive_right/tv_l/tv_r/av_l/av_r/x/y/theta/t_err: -0.00539 -0.12616 0.00000 0.00566 -0.00557 -0.11875 -0.12150 -0.11875 -0.12150 24.19618 -0.76441 -1.19966 0.11167
target: -0.12616 0.00000
target: -0.12616 0.00000
fb: -0.05999 -0.00170 -0.13125 -0.13125
fb: -0.11253 0.00121 -0.13125 -0.13125
dist/lin/ang/drive_left/drive_right/tv_l/tv_r/av_l/av_r/x/y/theta/t_err: -0.00314 -0.05789 0.00000 -0.11374 -0.11132 -0.12200 -0.12764 -0.12200 -0.12764 24.10759 -0.76254 -1.20514 0.11177
target: -0.05789 0.00000
target: -0.05789 0.00000
fb: -0.10880 0.00327 0.19340 0.19340
fb: -0.11433 0.00476 0.19340 0.19340
dist/lin/ang/drive_left/drive_right/tv_l/tv_r/av_l/av_r/x/y/theta/t_err: -0.00084 0.00000 0.00000 -0.11909 -0.10957 -0.02361 -0.01283 -0.02361 -0.01283 24.01759 -0.76068 -1.17035 0.11116
target: 0.00000 0.00000
target: 0.00000 0.00000
fb: -0.09889 0.00483 0.19577 0.19577
fb: -0.10087 0.00391 0.19577 0.19577
dist/lin/ang/drive_left/drive_right/tv_l/tv_r/av_l/av_r/x/y/theta/t_err: 0.00119 0.00000 0.00000 -0.10478 -0.09697 0.16408 0.16531 0.16408 0.16531 23.93818 -0.75908 -1.13568 0.11055
target: 0.00000 0.00000
target: 0.00000 0.00000
fb: -0.10859 0.00412 0.00000 0.00000
fb: -0.08144 0.00121 0.00000 0.00000
dist/lin/ang/drive_left/drive_right/tv_l/tv_r/av_l/av_r/x/y/theta/t_err: 0.00282 0.03985 0.00000 -0.08265 -0.08024 0.10711 0.10456 0.10711 0.10456 23.87406 -0.75782 -1.11352 0.11017
target: 0.03985 0.00000
target: 0.03985 0.00000
fb: -0.05052 -0.00426 0.17564 0.17564
fb: -0.02534 -0.00355 0.17564 0.17564
dist/lin/ang/drive_left/drive_right/tv_l/tv_r/av_l/av_r/x/y/theta/t_err: 0.00332 0.06599 0.00000 -0.02179 -0.02890 0.07086 0.05100 0.07086 0.05100 23.85411 -0.75743 -1.14835 0.11078
target: 0.06599 0.00000
target: 0.06599 0.00000
fb: -0.02115 -0.00611 0.15868 0.15868
fb: -0.01737 -0.01037 0.15868 0.15868
dist/lin/ang/drive_left/drive_right/tv_l/tv_r/av_l/av_r/x/y/theta/t_err: 0.00364 0.07854 0.00000 -0.00700 -0.02774 0.14442 0.14614 0.14442 0.14614 23.84043 -0.75715 -1.21605 0.11196
target: 0.07854 0.00000
target: 0.07854 0.00000
fb: -0.00391 -0.00412 0.13652 0.13652
fb: 0.00003 0.00000 0.13652 0.13652
dist/lin/ang/drive_left/drive_right/tv_l/tv_r/av_l/av_r/x/y/theta/t_err: 0.00363 0.07813 0.00000 0.00003 0.00003 0.13567 0.13928 0.13567 0.13928 23.84046 -0.75715 -1.24878 0.11253
target: 0.07813 0.00000
target: 0.07813 0.00000
fb: 0.00000 0.00135 0.11042 0.11042
fb: -0.00001 0.00284 0.11042 0.11042
dist/lin/ang/drive_left/drive_right/tv_l/tv_r/av_l/av_r/x/y/theta/t_err: 0.00364 0.07827 0.00000 -0.00285 0.00283 0.11722 0.12131 0.11722 0.12131 23.84045 -0.75715 -1.23772 0.11234
target: 0.07827 0.00000
target: 0.07827 0.00000
fb: -0.00377 0.00305 0.11159 0.11159
fb: -0.00377 0.00249 0.11159 0.11159
dist/lin/ang/drive_left/drive_right/tv_l/tv_r/av_l/av_r/x/y/theta/t_err: 0.00372 0.08116 0.00000 -0.00626 -0.00128 0.10936 0.10900 0.10936 0.10900 23.83748 -0.75709 -1.21689 0.11197
target: 0.08116 0.00000
target: 0.08116 0.00000
fb: 0.01543 0.00163 0.11824 0.11824
fb: 0.05803 0.00071 0.11824 0.11824
dist/lin/ang/drive_left/drive_right/tv_l/tv_r/av_l/av_r/x/y/theta/t_err: 0.00256 0.01076 0.00000 0.05732 0.05874 0.10936 0.10883 0.10936 0.10883 23.88316 -0.75805 -1.20927 0.11184
target: 0.01076 0.00000
target: 0.01076 0.00000
fb: 0.09511 -0.00057 -0.21649 -0.21649
fb: 0.11056 -0.00064 -0.21649 -0.21649
dist/lin/ang/drive_left/drive_right/tv_l/tv_r/av_l/av_r/x/y/theta/t_err: 0.00035 0.00000 0.00000 0.11120 0.10992 0.00753 0.00600 0.00753 0.00600 23.97019 -0.75990 -1.21775 0.11199
target: 0.00000 0.00000
target: 0.00000 0.00000
fb: 0.12401 -0.00064 -0.10152 -0.10152
fb: 0.12799 -0.00213 -0.10152 -0.10152
dist/lin/ang/drive_left/drive_right/tv_l/tv_r/av_l/av_r/x/y/theta/t_err: -0.00221 0.00000 0.00000 0.13012 0.12586 -0.14683 -0.14631 -0.14683 -0.14631 24.07095 -0.76204 -1.22257 0.11207
target: 0.00000 0.00000
target: 0.00000 0.00000
fb: 0.12225 0.00000 0.00000 0.00000
fb: 0.10480 0.00334 0.00000 0.00000
dist/lin/ang/drive_left/drive_right/tv_l/tv_r/av_l/av_r/x/y/theta/t_err: -0.00431 -0.09936 0.00000 0.10146 0.10814 -0.06108 -0.06125 -0.06108 -0.06125 24.15345 -0.76380 -1.21034 0.11186
target: -0.09936 0.00000
target: -0.09936 0.00000
fb: 0.05823 0.00000 -0.31846 -0.31846
fb: 0.02316 0.00000 -0.31846 -0.31846
dist/lin/ang/drive_left/drive_right/tv_l/tv_r/av_l/av_r/x/y/theta/t_err: -0.00477 -0.11153 0.00000 0.02316 0.02316 -0.10300 -0.10369 -0.10300 -0.10369 24.17168 -0.76418 -1.19873 0.11165
target: -0.11153 0.00000
target: -0.11153 0.00000
fb: 0.02712 0.00646 -0.14895 -0.14895
fb: 0.01759 0.01222 -0.14895 -0.14895
dist/lin/ang/drive_left/drive_right/tv_l/tv_r/av_l/av_r/x/y/theta/t_err: -0.00509 -0.11942 0.00000 0.00537 0.02980 -0.20650 -0.21422 -0.20650 -0.21422 24.18553 -0.76447 -1.12358 0.11034
target: -0.11942 0.00000
target: -0.11942 0.00000
fb: -0.00006 -0.00114 -0.14356 -0.14356
fb: 0.00001 -0.00526 -0.14356 -0.14356
dist/lin/ang/drive_left/drive_right/tv_l/tv_r/av_l/av_r/x/y/theta/t_err: -0.00509 -0.11947 0.00000 0.00526 -0.00525 -0.13772 -0.14169 -0.13772 -0.14169 24.18553 -0.76447 -1.12958 0.11045
target: -0.11947 0.00000
target: -0.11947 0.00000
fb: 0.00001 0.00270 -0.12789 -0.12789
fb: 0.00373 0.00270 -0.12789 -0.12789
dist/lin/ang/drive_left/drive_right/tv_l/tv_r/av_l/av_r/x/y/theta/t_err: -0.00516 -0.12106 0.00000 0.00104 0.00643 -0.12594 -0.12847 -0.12594 -0.12847 24.18847 -0.76453 -1.11048 0.11011
target: -0.12106 0.00000
target: -0.12106 0.00000
fb: 0.00374 -0.00277 -0.13159 -0.13159
fb: -0.03683 -0.00362 -0.13159 -0.13159
dist/lin/ang/drive_left/drive_right/tv_l/tv_r/av_l/av_r/x/y/theta/t_err: -0.00443 -0.10283 0.00000 -0.03321 -0.04046 -0.11822 -0.12114 -0.11822 -0.12114 24.15947 -0.76396 -1.12954 0.11045
target: -0.10283 0.00000
target: -0.10283 0.00000
fb: -0.09509 -0.00156 -0.08468 -0.08468
fb: -0.11430 0.00199 -0.08468 -0.08468
dist/lin/ang/drive_left/drive_right/tv_l/tv_r/av_l/av_r/x/y/theta/t_err: -0.00215 0.00000 0.00000 -0.11629 -0.11231 -0.10625 -0.10522 -0.10625 -0.10522 24.06949 -0.76218 -1.12944 0.11045
target: 0.00000 0.00000
target: 0.00000 0.00000
fb: -0.12403 0.00391 0.28567 0.28567
fb: -0.11058 0.00476 0.28567 0.28567
dist/lin/ang/drive_left/drive_right/tv_l/tv_r/av_l/av_r/x/y/theta/t_err: 0.00008 0.00000 0.00000 -0.11534 -0.10582 0.01744 0.02106 0.01744 0.02106 23.98244 -0.76048 -1.09788 0.10989
target: 0.00000 0.00000
target: 0.00000 0.00000
fb: -0.10087 0.00412 0.00000 0.00000
fb: -0.09513 0.00341 0.00000 0.00000
dist/lin/ang/drive_left/drive_right/tv_l/tv_r/av_l/av_r/x/y/theta/t_err: 0.00199 0.00000 0.00000 -0.09854 -0.09172 0.14594 0.14372 0.14594 0.14372 23.90755 -0.75906 -1.06860 0.10938
target: 0.00000 0.00000
target: 0.00000 0.00000
fb: -0.10086 0.00000 0.00000 0.00000
fb: -0.10658 -0.00085 0.00000 0.00000
dist/lin/ang/drive_left/drive_right/tv_l/tv_r/av_l/av_r/x/y/theta/t_err: 0.00412 0.09393 0.00000 -0.10572 -0.10743 0.00925 0.00839 0.00925 0.00839 23.82364 -0.75750 -1.07205 0.10944
target: 0.09393 0.00000
target: 0.09393 0.00000
fb: -0.06795 0.00000 0.30542 0.30542
fb: -0.04081 -0.00156 0.30542 0.30542
dist/lin/ang/drive_left/drive_right/tv_l/tv_r/av_l/av_r/x/y/theta/t_err: 0.00493 0.11560 0.00000 -0.03925 -0.04238 0.09686 0.09992 0.09686 0.09992 23.79151 -0.75690 -1.08200 0.10962
target: 0.11560 0.00000
target: 0.11560 0.00000
fb: -0.03087 -0.00490 0.16960 0.16960
fb: -0.01539 -0.01002 0.16960 0.16960
dist/lin/ang/drive_left/drive_right/tv_l/tv_r/av_l/av_r/x/y/theta/t_err: 0.00522 0.12236 0.00000 -0.00538 -0.02541 0.21594 0.23100 0.21594 0.23100 23.77939 -0.75667 -1.14147 0.11066
target: 0.12236 0.00000
target: 0.12236 0.00000
fb: 0.00007 -0.00618 0.14246 0.14246
fb: -0.00392 -0.00334 0.14246 0.14246
dist/lin/ang/drive_left/drive_right/tv_l/tv_r/av_l/av_r/x/y/theta/t_err: 0.00528 0.12372 0.00000 -0.00058 -0.00726 0.14717 0.15075 0.14717 0.15075 23.77630 -0.75660 -1.19648 0.11162
target: 0.12372 0.00000
target: 0.12372 0.00000
fb: -0.00394 -0.00440 0.13221 0.13221
fb: 0.00003 -0.00071 0.13221 0.13221
dist/lin/ang/drive_left/drive_right/tv_l/tv_r/av_l/av_r/x/y/theta/t_err: 0.00527 0.12347 0.00000 0.00074 -0.00068 0.12972 0.13483 0.12972 0.13483 23.77633 -0.75660 -1.22758 0.11216
target: 0.12347 0.00000
target: 0.12347 0.00000
fb: -0.00375 0.00483 0.12889 0.12889
fb: 0.01542 0.00519 0.12889 0.12889
dist/lin/ang/drive_left/drive_right/tv_l/tv_r/av_l/av_r/x/y/theta/t_err: 0.00497 0.11657 0.00000 0.01023 0.02060 0.11947 0.12439 0.11947 0.12439 23.78846 -0.75686 -1.19270 0.11155
target: 0.11657 0.00000
target: 0.11657 0.00000
fb: 0.08912 0.00284 0.11282 0.11282
fb: 0.13591 0.00000 0.11282 0.11282
dist/lin/ang/drive_left/drive_right/tv_l/tv_r/av_l/av_r/x/y/theta/t_err: 0.00226 0.00000 0.00000 0.13591 0.13591 0.11278 0.11619 0.11278 0.11619 23.89546 -0.75907 -1.17913 0.11131
target: 0.00000 0.00000
target: 0.00000 0.00000
fb: 0.12997 0.00107 -0.31314 -0.31314
fb: 0.13768 0.00227 -0.31314 -0.31314
dist/lin/ang/drive_left/drive_right/tv_l/tv_r/av_l/av_r/x/y/theta/t_err: -0.00049 0.00000 0.00000 0.13541 0.13996 0.00669 0.07683 0.00669 0.07683 24.00385 -0.76129 -1.16985 0.11115
target: 0.00000 0.00000
target: 0.00000 0.00000
fb: 0.14540 0.00241 0.00000 0.00000
fb: 0.14341 0.00135 0.00000 0.00000
dist/lin/ang/drive_left/drive_right/tv_l/tv_r/av_l/av_r/x/y/theta/t_err: -0.00336 -0.06750 0.00000 0.14207 0.14476 -0.15758 -0.19833 -0.15758 -0.19833 24.11675 -0.76358 -1.15418 0.11088
target: -0.06750 0.00000
target: -0.06750 0.00000
fb: 0.13371 0.00071 -0.34262 -0.34262
fb: 0.10657 0.00000 -0.24201 -0.24201
dist/lin/ang/drive_left/drive_right/tv_l/tv_r/av_l/av_r/x/y/theta/t_err: -0.00548 -0.12828 0.00000 0.10657 0.10657 -0.10781 -0.05183 -0.10781 -0.05183 24.20065 -0.76527 -1.14732 0.11076
target: -0.12828 0.00000
target: -0.12828 0.00000
fb: 0.06399 0.00000 -0.34898 -0.34898
fb: 0.02911 0.00355 -0.25285 -0.25285
dist/lin/ang/drive_left/drive_right/tv_l/tv_r/av_l/av_r/x/y/theta/t_err: -0.00606 -0.14027 0.00000 0.02556 0.03266 -0.24658 -0.25169 -0.24658 -0.25169 24.22357 -0.76573 -1.13077 0.11047
target: -0.14027 0.00000
target: -0.14027 0.00000
fb: 0.00967 0.00646 -0.16011 -0.16011
fb: -0.00006 0.00810 -0.16011 -0.16011
dist/lin/ang/drive_left/drive_right/tv_l/tv_r/av_l/av_r/x/y/theta/t_err: -0.00604 -0.13981 0.00000 -0.00816 0.00804 -0.22567 -0.22622 -0.22567 -0.22622 24.22352 -0.76572 -1.06495 0.10932
target: -0.13981 0.00000
target: -0.13981 0.00000
fb: -0.00005 0.00178 -0.13499 -0.13499
fb: -0.00000 -0.00476 -0.13499 -0.13499
dist/lin/ang/drive_left/drive_right/tv_l/tv_r/av_l/av_r/x/y/theta/t_err: -0.00604 -0.13977 0.00000 0.00475 -0.00476 -0.15006 -0.15347 -0.15006 -0.15347 24.22352 -0.76572 -1.05940 0.10922
target: -0.13977 0.00000
target: -0.13977 0.00000
fb: 0.00003 -0.00469 -0.13583 -0.13583
fb: 0.00003 -0.00348 -0.13583 -0.13583
dist/lin/ang/drive_left/drive_right/tv_l/tv_r/av_l/av_r/x/y/theta/t_err: -0.00605 -0.14000 0.00000 0.00351 -0.00345 -0.12764 -0.13192 -0.12764 -0.13192 24.22354 -0.76573 -1.09253 0.10980
target: -0.14000 0.00000
target: -0.14000 0.00000
fb: -0.06198 -0.00611 -0.13647 -0.13647
fb: -0.12022 -0.00653 -0.13647 -0.13647
dist/lin/ang/drive_left/drive_right/tv_l/tv_r/av_l/av_r/x/y/theta/t_err: -0.00366 -0.07910 0.00000 -0.11368 -0.12675 -0.12283 -0.12747 -0.12283 -0.12747 24.12890 -0.76388 -1.14081 0.11064
target: -0.07910 0.00000
target: -0.07910 0.00000
fb: -0.13368 -0.00277 0.17017 0.17017
fb: -0.13371 0.00000 0.17017 0.17017
dist/lin/ang/drive_left/drive_right/tv_l/tv_r/av_l/av_r/x/y/theta/t_err: -0.00099 0.00000 0.00000 -0.13371 -0.13371 -0.05286 -0.04892 -0.05286 -0.04892 24.02364 -0.76177 -1.15533 0.11090
target: 0.00000 0.00000
target: 0.00000 0.00000
fb: -0.12424 0.00270 0.23820 0.23820
fb: -0.12999 0.00334 0.23820 0.23820
dist/lin/ang/drive_left/drive_right/tv_l/tv_r/av_l/av_r/x/y/theta/t_err: 0.00162 0.00000 0.00000 -0.13332 -0.12665 0.15708 0.16783 0.15708 0.16783 23.92131 -0.75972 -1.13529 0.11055
target: 0.00000 0.00000
target: 0.00000 0.00000
fb: -0.11631 0.00504 0.00000 0.00000
fb: -0.09514 0.00696 0.00000 0.00000
dist/lin/ang/drive_left/drive_right/tv_l/tv_r/av_l/av_r/x/y/theta/t_err: 0.00353 0.07451 0.00000 -0.10210 -0.08818 0.15692 0.12422 0.15692 0.12422 23.84641 -0.75826 -1.09218 0.10980
target: 0.07451 0.00000
target: 0.07451 0.00000
fb: -0.06402 0.00170 0.25882 0.25882
fb: -0.02891 -0.00078 0.25882 0.25882
dist/lin/ang/drive_left/drive_right/tv_l/tv_r/av_l/av_r/x/y/theta/t_err: 0.00411 0.09376 0.00000 -0.02813 -0.02969 0.07578 0.07253 0.07578 0.07253 23.82365 -0.75783 -1.08758 0.10971
target: 0.09376 0.00000
target: 0.09376 0.00000
fb: -0.02338 -0.00107 0.15601 0.15601
fb: -0.01564 -0.00788 0.15601 0.15601
dist/lin/ang/drive_left/drive_right/tv_l/tv_r/av_l/av_r/x/y/theta/t_err: 0.00441 0.10235 0.00000 -0.00775 -0.02352 0.19369 0.19764 0.19369 0.19764 23.81134 -0.75759 -1.12092 0.11030
target: 0.10235 0.00000
target: 0.10235 0.00000
fb: -0.00369 -0.00746 0.13812 0.13812
fb: -0.00370 -0.00142 0.13812 0.13812
dist/lin/ang/drive_left/drive_right/tv_l/tv_r/av_l/av_r/x/y/theta/t_err: 0.00447 0.10388 0.00000 -0.00228 -0.00513 0.14203 0.14150 0.14203 0.14150 23.80842 -0.75754 -1.17304 0.11121
target: 0.10388 0.00000
target: 0.10388 0.00000
fb: 0.00002 -0.00241 0.12462 0.12462
fb: 0.00002 -0.00135 0.12462 0.12462
dist/lin/ang/drive_left/drive_right/tv_l/tv_r/av_l/av_r/x/y/theta/t_err: 0.00446 0.10368 0.00000 0.00137 -0.00133 0.12047 0.12233 0.12047 0.12233 23.80843 -0.75754 -1.19429 0.11158
target: 0.10368 0.00000
target: 0.10368 0.00000
fb: -0.00397 0.00440 0.12107 0.12107
fb: 0.01145 0.00412 0.12107 0.12107
dist/lin/ang/drive_left/drive_right/tv_l/tv_r/av_l/av_r/x/y/theta/t_err: 0.00424 0.09759 0.00000 0.00733 0.01557 0.11564 0.11842 0.11564 0.11842 23.81745 -0.75772 -1.16534 0.11107
target: 0.09759 0.00000
target: 0.09759 0.00000
fb: 0.06794 0.00291 0.10687 0.10687
fb: 0.11252 0.00277 0.10687 0.10687
dist/lin/ang/drive_left/drive_right/tv_l/tv_r/av_l/av_r/x/y/theta/t_err: 0.00200 0.00000 0.00000 0.10975 0.11529 0.11019 0.11142 0.11019 0.11142 23.90602 -0.75950 -1.14308 0.11068
target: 0.00000 0.00000
target: 0.00000 0.00000
fb: 0.12024 0.00376 -0.27519 -0.27519
fb: 0.11825 0.00192 -0.27519 -0.27519
dist/lin/ang/drive_left/drive_right/tv_l/tv_r/av_l/av_r/x/y/theta/t_err: -0.00036 0.00000 0.00000 0.11634 0.12017 -0.00375 0.01678 -0.00375 0.01678 23.99912 -0.76134 -1.12143 0.11031
target: 0.00000 0.00000
target: 0.00000 0.00000
fb: 0.12974 0.00000 0.00000 0.00000
fb: 0.14166 0.00000 0.00000 0.00000
dist/lin/ang/drive_left/drive_right/tv_l/tv_r/av_l/av_r/x/y/theta/t_err: -0.00319 -0.06015 0.00000 0.14166 0.14166 -0.16186 -0.16083 -0.16186 -0.16083 24.11064 -0.76352 -1.11631 0.11022
target: -0.06015 0.00000
target: -0.06015 0.00000
fb: 0.12423 0.00000 -0.31656 -0.31656
fb: 0.11055 0.00000 -0.22437 -0.22437
dist/lin/ang/drive_left/drive_right/tv_l/tv_r/av_l/av_r/x/y/theta/t_err: -0.00540 -0.12636 0.00000 0.11055 0.11055 -0.08333 -0.08692 -0.08333 -0.08692 24.19767 -0.76521 -1.11240 0.11015
target: -0.12636 0.00000
target: -0.12636 0.00000
fb: 0.07943 -0.00078 -0.36584 -0.36584
fb: 0.02714 0.00185 -0.26295 -0.26295
dist/lin/ang/drive_left/drive_right/tv_l/tv_r/av_l/av_r/x/y/theta/t_err: -0.00594 -0.13779 0.00000 0.02529 0.02898 -0.23853 -0.24092 -0.23853 -0.24092 24.21903 -0.76563 -1.10619 0.11004
target: -0.13779 0.00000
target: -0.13779 0.00000
fb: 0.00395 0.00511 -0.15799 -0.15799
fb: -0.00005 0.00696 -0.15799 -0.15799
dist/lin/ang/drive_left/drive_right/tv_l/tv_r/av_l/av_r/x/y/theta/t_err: -0.00592 -0.13741 0.00000 -0.00701 0.00691 -0.24556 -0.20944 -0.24556 -0.20944 24.21899 -0.76563 -1.05320 0.10911
target: -0.13741 0.00000
target: -0.13741 0.00000
fb: -0.00005 0.00291 -0.13420 -0.13420
fb: 0.00374 -0.00369 -0.13420 -0.13420
dist/lin/ang/drive_left/drive_right/tv_l/tv_r/av_l/av_r/x/y/theta/t_err: -0.00599 -0.13883 0.00000 0.00743 0.00005 -0.14697 -0.14306 -0.14697 -0.14306 24.22194 -0.76568 -1.03905 0.10887
target: -0.13883 0.00000
target: -0.13883 0.00000
fb: 0.00377 -0.00284 -0.13836 -0.13836
fb: 0.00002 -0.00220 -0.13836 -0.13836
dist/lin/ang/drive_left/drive_right/tv_l/tv_r/av_l/av_r/x/y/theta/t_err: -0.00600 -0.13897 0.00000 0.00222 -0.00218 -0.12678 -0.13006 -0.12678 -0.13006 24.22195 -0.76568 -1.05946 0.10922
target: -0.13897 0.00000
target: -0.13897 0.00000
fb: -0.06000 -0.00405 -0.13588 -0.13588
fb: -0.12200 -0.00554 -0.13588 -0.13588
dist/lin/ang/drive_left/drive_right/tv_l/tv_r/av_l/av_r/x/y/theta/t_err: -0.00357 -0.07578 0.00000 -0.11645 -0.12754 -0.11978 -0.12456 -0.11978 -0.12456 24.12591 -0.76388 -1.09272 0.10980
target: -0.07578 0.00000
target: -0.07578 0.00000
fb: -0.13193 -0.00256 0.17608 0.17608
fb: -0.14165 0.00107 0.17608 0.17608
dist/lin/ang/drive_left/drive_right/tv_l/tv_r/av_l/av_r/x/y/theta/t_err: -0.00074 0.00000 0.00000 -0.14272 -0.14059 -0.08761 -0.09086 -0.08761 -0.09086 24.01439 -0.76174 -1.10308 0.10999
target: 0.00000 0.00000
target: 0.00000 0.00000
fb: -0.12976 0.00227 0.23155 0.23155
fb: -0.11056 0.00199 0.23155 0.23155
dist/lin/ang/drive_left/drive_right/tv_l/tv_r/av_l/av_r/x/y/theta/t_err: 0.00148 0.00000 0.00000 -0.11255 -0.10858 0.14717 0.14733 0.14717 0.14733 23.92735 -0.76007 -1.08767 0.10972
target: 0.00000 0.00000
target: 0.00000 0.00000
fb: -0.12027 0.00277 0.00000 0.00000
fb: -0.11056 0.00092 0.00000 0.00000
dist/lin/ang/drive_left/drive_right/tv_l/tv_r/av_l/av_r/x/y/theta/t_err: 0.00369 0.08031 0.00000 -0.11149 -0.10964 0.18431 0.18139 0.18431 0.18139 23.84031 -0.75843 -1.07475 0.10949
target: 0.08031 0.00000
target: 0.08031 0.00000
fb: -0.06222 -0.00391 0.27274 0.27274
fb: -0.02712 0.00000 0.27274 0.27274
dist/lin/ang/drive_left/drive_right/tv_l/tv_r/av_l/av_r/x/y/theta/t_err: 0.00423 0.09716 0.00000 -0.02712 -0.02712 0.04397 0.04211 0.04397 0.04211 23.81896 -0.75802 -1.09653 0.10987
target: 0.09716 0.00000
target: 0.09716 0.00000
fb: -0.01941 0.00078 0.15256 0.15256
fb: -0.01543 -0.00533 0.15256 0.15256
dist/lin/ang/drive_left/drive_right/tv_l/tv_r/av_l/av_r/x/y/theta/t_err: 0.00453 0.10551 0.00000 -0.01010 -0.02076 0.22194 0.21150 0.22194 0.21150 23.80681 -0.75779 -1.11332 0.11016
target: 0.10551 0.00000
target: 0.10551 0.00000
fb: -0.00370 -0.00653 0.13891 0.13891
fb: 0.00004 -0.00064 0.13891 0.13891
dist/lin/ang/drive_left/drive_right/tv_l/tv_r/av_l/av_r/x/y/theta/t_err: 0.00452 0.10511 0.00000 0.00068 -0.00060 0.14578 0.14422 0.14578 0.14422 23.80684 -0.75779 -1.15546 0.11090
target: 0.10511 0.00000
target: 0.10511 0.00000
fb: 0.00001 -0.00057 0.12125 0.12125
fb: -0.00396 -0.00135 0.12125 0.12125
dist/lin/ang/drive_left/drive_right/tv_l/tv_r/av_l/av_r/x/y/theta/t_err: 0.00459 0.10709 0.00000 -0.00261 -0.00531 0.11994 0.12508 0.11994 0.12508 23.80372 -0.75773 -1.16743 0.11111
target: 0.10709 0.00000
target: 0.10709 0.00000
fb: -0.00772 0.00305 0.12680 0.12680
fb: 0.01366 0.00519 0.12680 0.12680
dist/lin/ang/drive_left/drive_right/tv_l/tv_r/av_l/av_r/x/y/theta/t_err: 0.00433 0.09995 0.00000 0.00847 0.01884 0.11533 0.11842 0.11533 0.11842 23.81447 -0.75794 -1.14212 0.11067
target: 0.09995 0.00000
target: 0.09995 0.00000
fb: 0.07941 0.00419 0.10570 0.10570
fb: 0.12597 0.00256 0.10570 0.10570
dist/lin/ang/drive_left/drive_right/tv_l/tv_r/av_l/av_r/x/y/theta/t_err: 0.00182 0.00000 0.00000 0.12341 0.12853 0.11206 0.11381 0.11206 0.11381 23.91364 -0.75989 -1.11446 0.11018
target: 0.00000 0.00000
target: 0.00000 0.00000
fb: 0.12598 0.00305 -0.27990 -0.27990
fb: 0.13194 0.00192 -0.27990 -0.27990
dist/lin/ang/drive_left/drive_right/tv_l/tv_r/av_l/av_r/x/y/theta/t_err: -0.00081 0.00000 0.00000 0.13002 0.13385 0.03267 -0.02444 0.03267 -0.02444 24.01751 -0.76190 -1.09512 0.10985
target: 0.00000 0.00000
target: 0.00000 0.00000
fb: 0.14165 0.00000 0.00000 0.00000
fb: 0.13173 -0.00057 0.00000 0.00000
dist/lin/ang/drive_left/drive_right/tv_l/tv_r/av_l/av_r/x/y/theta/t_err: -0.00345 -0.07121 0.00000 0.13230 0.13116 -0.16256 -0.13758 -0.16256 -0.13758 24.12122 -0.76387 -1.09039 0.10976
target: -0.07121 0.00000
target: -0.07121 0.00000
fb: 0.13371 0.00071 -0.35338 -0.35338
fb: 0.11452 0.00000 -0.34378 -0.34378
dist/lin/ang/drive_left/drive_right/tv_l/tv_r/av_l/av_r/x/y/theta/t_err: -0.00574 -0.13363 0.00000 0.11452 0.11452 -0.07975 -0.12028 -0.07975 -0.12028 24.21137 -0.76558 -1.08381 0.10965
target: -0.13363 0.00000
target: -0.13363 0.00000
fb: 0.06399 -0.00114 -0.35710 -0.35710
fb: 0.02714 0.00199 -0.25829 -0.25829
dist/lin/ang/drive_left/drive_right/tv_l/tv_r/av_l/av_r/x/y/theta/t_err: -0.00628 -0.14452 0.00000 0.02515 0.02913 -0.29617 -0.30525 -0.29617 -0.30525 24.23274 -0.76599 -1.08129 0.10961
target: -0.14452 0.00000
target: -0.14452 0.00000
fb: 0.00792 0.00455 -0.15958 -0.15958
fb: 0.00393 0.00469 -0.15958 -0.15958
dist/lin/ang/drive_left/drive_right/tv_l/tv_r/av_l/av_r/x/y/theta/t_err: -0.00634 -0.14574 0.00000 -0.00076 0.00862 -0.21319 -0.21353 -0.21319 -0.21353 24.23583 -0.76605 -1.03612 0.10882
target: -0.14574 0.00000
target: -0.14574 0.00000
fb: -0.00002 -0.00227 -0.14074 -0.14074
fb: 0.00002 -0.00568 -0.14074 -0.14074
dist/lin/ang/drive_left/drive_right/tv_l/tv_r/av_l/av_r/x/y/theta/t_err: -0.00635 -0.14587 0.00000 0.00570 -0.00567 -0.14406 -0.14578 -0.14406 -0.14578 24.23584 -0.76605 -1.05516 0.10915
target: -0.14587 0.00000
target: -0.14587 0.00000
fb: 0.00003 -0.00405 -0.13861 -0.13861
fb: -0.00969 -0.00220 -0.13861 -0.13861
dist/lin/ang/drive_left/drive_right/tv_l/tv_r/av_l/av_r/x/y/theta/t_err: -0.00616 -0.14228 0.00000 -0.00748 -0.01189 -0.12883 -0.13244 -0.12883 -0.13244 24.22822 -0.76590 -1.08046 0.10959
target: -0.14228 0.00000
target: -0.14228 0.00000
fb: -0.07567 -0.00405 -0.12973 -0.12973
fb: -0.13965 -0.00426 -0.12973 -0.12973
dist/lin/ang/drive_left/drive_right/tv_l/tv_r/av_l/av_r/x/y/theta/t_err: -0.00338 -0.06848 0.00000 -0.13539 -0.14391 -0.11997 -0.12458 -0.11997 -0.12458 24.11828 -0.76380 -1.10915 0.11009
target: -0.06848 0.00000
target: -0.06848 0.00000
fb: -0.12995 -0.00192 0.20020 0.20020
fb: -0.13394 0.00121 0.20020 0.20020
dist/lin/ang/drive_left/drive_right/tv_l/tv_r/av_l/av_r/x/y/theta/t_err: -0.00070 0.00000 0.00000 -0.13514 -0.13273 -0.01678 -0.00856 -0.01678 -0.00856 24.01284 -0.76175 -1.11478 0.11019
target: 0.00000 0.00000
target: 0.00000 0.00000
fb: -0.15138 0.00213 0.21696 0.21696
fb: -0.13947 0.00249 0.21696 0.21696
dist/lin/ang/drive_left/drive_right/tv_l/tv_r/av_l/av_r/x/y/theta/t_err: 0.00209 0.00000 0.00000 -0.14196 -0.13699 0.17639 0.17814 0.17639 0.17814 23.90304 -0.75963 -1.09804 0.10990
target: 0.00000 0.00000
target: 0.00000 0.00000
fb: -0.12403 0.00270 0.00000 0.00000
fb: -0.09135 -0.00419 0.00000 0.00000
dist/lin/ang/drive_left/drive_right/tv_l/tv_r/av_l/av_r/x/y/theta/t_err: 0.00392 0.08779 0.00000 -0.08716 -0.09554 0.14628 0.11481 0.14628 0.11481 23.83112 -0.75826 -1.09978 0.10993
target: 0.08779 0.00000
target: 0.08779 0.00000
fb: -0.05623 -0.00682 0.29069 0.29069
fb: -0.03482 -0.00241 0.29069 0.29069
dist/lin/ang/drive_left/drive_right/tv_l/tv_r/av_l/av_r/x/y/theta/t_err: 0.00460 0.10729 0.00000 -0.03241 -0.03724 0.07239 0.10864 0.07239 0.10864 23.80370 -0.75772 -1.14596 0.11073
target: 0.10729 0.00000
target: 0.10729 0.00000
fb: -0.02711 -0.00362 0.16192 0.16192
fb: -0.01938 -0.00561 0.16192 0.16192
dist/lin/ang/drive_left/drive_right/tv_l/tv_r/av_l/av_r/x/y/theta/t_err: 0.00497 0.11665 0.00000 -0.01377 -0.02500 0.22261 0.21269 0.22261 0.21269 23.78844 -0.75741 -1.18361 0.11139
target: 0.11665 0.00000
target: 0.11665 0.00000
fb: -0.00393 -0.00348 0.14537 0.14537
fb: 0.00002 0.00000 0.14537 0.14537
dist/lin/ang/drive_left/drive_right/tv_l/tv_r/av_l/av_r/x/y/theta/t_err: 0.00497 0.11642 0.00000 0.00002 0.00002 0.15247 0.14972 0.15247 0.14972 23.78846 -0.75741 -1.21039 0.11186
target: 0.11642 0.00000
target: 0.11642 0.00000
fb: 0.00001 -0.00085 0.12611 0.12611
fb: -0.00771 0.00000 0.12611 0.12611
dist/lin/ang/drive_left/drive_right/tv_l/tv_r/av_l/av_r/x/y/theta/t_err: 0.00512 0.11999 0.00000 -0.00771 -0.00771 0.12903 0.12953 0.12903 0.12953 23.78239 -0.75728 -1.21984 0.11202
target: 0.11999 0.00000
target: 0.11999 0.00000
fb: -0.00376 0.00433 0.13514 0.13514
fb: 0.04653 0.00604 0.13514 0.13514
dist/lin/ang/drive_left/drive_right/tv_l/tv_r/av_l/av_r/x/y/theta/t_err: 0.00420 0.09626 0.00000 0.04049 0.05257 0.11928 0.12183 0.11928 0.12183 23.81902 -0.75805 -1.18425 0.11140
target: 0.09626 0.00000
target: 0.09626 0.00000
fb: 0.10852 0.00646 -0.08897 -0.08897
fb: 0.14162 0.00547 -0.08897 -0.08897
dist/lin/ang/drive_left/drive_right/tv_l/tv_r/av_l/av_r/x/y/theta/t_err: 0.00138 0.00000 0.00000 0.13615 0.14709 0.03747 0.03883 0.03747 0.03883 23.93051 -0.76030 -1.13643 0.11057
target: 0.00000 0.00000
target: 0.00000 0.00000
fb: 0.14934 0.00540 -0.27251 -0.27251
fb: 0.13765 0.00426 -0.27251 -0.27251
dist/lin/ang/drive_left/drive_right/tv_l/tv_r/av_l/av_r/x/y/theta/t_err: -0.00135 0.00000 0.00000 0.13339 0.14191 -0.14133 -0.14339 -0.14133 -0.14339 24.03887 -0.76241 -1.08832 0.10973
target: 0.00000 0.00000
target: 0.00000 0.00000
fb: 0.12398 0.00277 0.00000 0.00000
fb: 0.12398 0.00313 0.00000 0.00000
dist/lin/ang/drive_left/drive_right/tv_l/tv_r/av_l/av_r/x/y/theta/t_err: -0.00382 -0.08473 0.00000 0.12086 0.12711 -0.15056 -0.14800 -0.15056 -0.14800 24.13648 -0.76423 -1.05857 0.10921
target: -0.08473 0.00000
target: -0.08473 0.00000
fb: 0.10279 0.00796 -0.37710 -0.37710
fb: 0.05049 0.00000 -0.28334 -0.28334
dist/lin/ang/drive_left/drive_right/tv_l/tv_r/av_l/av_r/x/y/theta/t_err: -0.00482 -0.11288 0.00000 0.05049 0.05049 -0.10406 -0.10658 -0.10406 -0.10658 24.17623 -0.76495 -1.01648 0.10847
target: -0.11288 0.00000
target: -0.11288 0.00000
fb: 0.02337 0.00298 -0.18146 -0.18146
fb: 0.01539 0.01598 -0.18146 -0.18146
dist/lin/ang/drive_left/drive_right/tv_l/tv_r/av_l/av_r/x/y/theta/t_err: -0.00511 -0.11974 0.00000 -0.00059 0.03137 -0.22361 -0.22056 -0.22361 -0.22056 24.18835 -0.76517 -0.95064 0.10732
target: -0.11974 0.00000
target: -0.11974 0.00000
fb: 0.00365 0.00845 -0.14161 -0.14161
fb: -0.00005 -0.00234 -0.14161 -0.14161
dist/lin/ang/drive_left/drive_right/tv_l/tv_r/av_l/av_r/x/y/theta/t_err: -0.00509 -0.11928 0.00000 0.00230 -0.00239 -0.16017 -0.15828 -0.16017 -0.15828 24.18831 -0.76516 -0.89560 0.10636
target: -0.11928 0.00000
target: -0.11928 0.00000
fb: 0.00001 -0.00192 -0.12680 -0.12680
fb: 0.00001 -0.00313 -0.12680 -0.12680
dist/lin/ang/drive_left/drive_right/tv_l/tv_r/av_l/av_r/x/y/theta/t_err: -0.00509 -0.11942 0.00000 0.00314 -0.00311 -0.13039 -0.13192 -0.13039 -0.13192 24.18832 -0.76516 -0.91171 0.10665
target: -0.11942 0.00000
target: -0.11942 0.00000
fb: 0.00003 -0.00746 -0.12803 -0.12803
fb: -0.02135 -0.00767 -0.12803 -0.12803
dist/lin/ang/drive_left/drive_right/tv_l/tv_r/av_l/av_r/x/y/theta/t_err: -0.00468 -0.10946 0.00000 -0.01368 -0.02902 -0.11600 -0.11892 -0.11600 -0.11892 24.17151 -0.76489 -0.96832 0.10763
target: -0.10946 0.00000
target: -0.10946 0.00000
fb: -0.07939 -0.00462 -0.10386 -0.10386
fb: -0.12399 -0.00078 -0.10386 -0.10386
dist/lin/ang/drive_left/drive_right/tv_l/tv_r/av_l/av_r/x/y/theta/t_err: -0.00221 0.00000 0.00000 -0.12321 -0.12477 -0.10900 -0.11106 -0.10900 -0.11106 24.07389 -0.76321 -0.99369 0.10808
target: 0.00000 0.00000
target: 0.00000 0.00000
fb: -0.13196 0.00178 0.29891 0.29891
fb: -0.11631 0.00483 0.29891 0.29891
dist/lin/ang/drive_left/drive_right/tv_l/tv_r/av_l/av_r/x/y/theta/t_err: 0.00012 0.00000 0.00000 -0.12114 -0.11148 -0.00222 0.00942 -0.00222 0.00942 23.98233 -0.76163 -0.97017 0.10767
target: 0.00000 0.00000
target: 0.00000 0.00000
fb: -0.10661 0.00504 0.00000 0.00000
fb: -0.10882 0.00405 0.00000 0.00000
dist/lin/ang/drive_left/drive_right/tv_l/tv_r/av_l/av_r/x/y/theta/t_err: 0.00231 0.00000 0.00000 -0.11287 -0.10477 0.17897 0.14578 0.17897 0.14578 23.89666 -0.76021 -0.93411 0.10704
target: 0.00000 0.00000
target: 0.00000 0.00000
fb: -0.09711 0.00099 0.00000 0.00000
fb: -0.07546 -0.00348 0.00000 0.00000
dist/lin/ang/drive_left/drive_right/tv_l/tv_r/av_l/av_r/x/y/theta/t_err: 0.00382 0.08450 0.00000 -0.07198 -0.07894 0.01353 0.00892 0.01353 0.00892 23.83724 -0.75924 -0.93794 0.10710
target: 0.08450 0.00000
target: 0.08450 0.00000
fb: -0.04831 -0.00064 0.28280 0.28280
fb: -0.03308 -0.00355 0.28280 0.28280
final error: 0.78195, x: 0.18880, y: 0.75881
final local error: 0.78195, forwards: 0.17605, sideways: 0.76187
position: 23.81120 -0.75881 -0.96086
took 3.30000 time to finish turn
dist/lin/ang/drive_left/drive_right/tv_l/tv_r/av_l/av_r/x/y/theta/t_err: -0.60825 -1.77800 0.00000 -0.00000 -0.00000 0.00000 0.00017 0.00000 0.00017 23.93494 -0.76102 178.97048 -0.01382
target: -1.77800 0.00000
target: -1.77800 0.00000
fb: -0.00000 0.00000 -1.00000 -1.00000
fb: 0.00000 0.00000 -1.00000 -1.00000
dist/lin/ang/drive_left/drive_right/tv_l/tv_r/av_l/av_r/x/y/theta/t_err: -0.60825 -1.77800 0.00000 0.00000 0.00000 -0.06486 -0.07119 -0.06486 -0.07119 23.93494 -0.76102 178.96872 -0.01379
target: -1.77800 0.00000
target: -1.77800 0.00000
fb: 0.00000 0.00000 -1.00000 -1.00000
fb: 0.00397 -0.00213 -1.00000 -1.00000
dist/lin/ang/drive_left/drive_right/tv_l/tv_r/av_l/av_r/x/y/theta/t_err: -0.60833 -1.77800 0.00000 0.00611 0.00184 -0.49008 -0.48322 -0.49008 -0.48322 23.93807 -0.76107 178.96539 -0.01373
target: -1.77800 0.00000
target: -1.77800 0.00000
fb: 0.00399 -0.00391 -1.00000 -1.00000
fb: 0.00003 -0.00668 -1.00000 -1.00000
dist/lin/ang/drive_left/drive_right/tv_l/tv_r/av_l/av_r/x/y/theta/t_err: -0.60833 -1.77800 0.00000 0.00670 -0.00665 -0.68922 -0.64678 -0.68922 -0.64678 23.93809 -0.76107 178.93457 -0.01319
target: -1.77800 0.00000
target: -1.77800 0.00000
fb: -0.05246 -0.01101 -1.00000 -1.00000
fb: -0.19591 0.00263 -1.00000 -1.00000
dist/lin/ang/drive_left/drive_right/tv_l/tv_r/av_l/av_r/x/y/theta/t_err: -0.60442 -1.77800 0.00000 -0.19854 -0.19328 -0.60675 -0.47706 -0.60675 -0.47706 23.78386 -0.75811 178.89163 -0.01252
target: -1.77800 0.00000
target: -1.77800 0.00000
fb: -0.35490 0.02607 -1.00000 -1.00000
fb: -0.37068 0.02841 -1.00000 -1.00000
dist/lin/ang/drive_left/drive_right/tv_l/tv_r/av_l/av_r/x/y/theta/t_err: -0.59700 -1.77800 0.00000 -0.39909 -0.34227 -0.69844 -0.69522 -0.69844 -0.69522 23.49203 -0.75294 179.11271 -0.01655
target: -1.77800 0.00000
target: -1.77800 0.00000
fb: -0.41727 0.02614 -1.00000 -1.00000
fb: -0.47926 0.02735 -1.00000 -1.00000
dist/lin/ang/drive_left/drive_right/tv_l/tv_r/av_l/av_r/x/y/theta/t_err: -0.58742 -1.77800 0.00000 -0.50661 -0.45192 -0.73064 -0.75339 -0.73064 -0.75339 23.11469 -0.74785 179.35190 -0.02103
target: -1.77800 0.00000
target: -1.77800 0.00000
fb: -0.50443 0.03104 -1.00000 -1.00000
fb: -0.59557 0.02678 -1.00000 -1.00000
dist/lin/ang/drive_left/drive_right/tv_l/tv_r/av_l/av_r/x/y/theta/t_err: -0.57551 -1.77800 0.00000 -0.62235 -0.56880 -0.74861 -0.74381 -0.74861 -0.74381 22.64576 -0.74368 179.61700 -0.02614
target: -1.77800 0.00000
target: -1.77800 0.00000
fb: -0.63438 0.02301 -1.00000 -1.00000
fb: -0.66348 0.01925 -1.00000 -1.00000
dist/lin/ang/drive_left/drive_right/tv_l/tv_r/av_l/av_r/x/y/theta/t_err: -0.56225 -1.76852 0.00000 -0.68272 -0.64423 -0.74756 -0.75269 -0.74756 -0.75269 22.12334 -0.74112 179.81283 -0.03022
target: -1.76852 0.00000
target: -1.76852 0.00000
fb: -0.74288 0.01527 -1.00000 -1.00000
fb: -0.79141 0.01655 -1.00000 -1.00000
dist/lin/ang/drive_left/drive_right/tv_l/tv_r/av_l/av_r/x/y/theta/t_err: -0.54643 -1.74334 0.00000 -0.80796 -0.77486 -0.77375 -0.81206 -0.77375 -0.81206 21.50018 -0.73985 179.95302 -0.03358
target: -1.74334 0.00000
target: -1.74334 0.00000
fb: -0.83223 0.01698 -1.00000 -1.00000
fb: -0.83775 0.01662 -1.00000 -1.00000
dist/lin/ang/drive_left/drive_right/tv_l/tv_r/av_l/av_r/x/y/theta/t_err: -0.52968 -1.71630 0.00000 -0.85437 -0.82113 -0.81294 -0.81908 -0.81294 -0.81908 20.84054 -0.74011 180.09658 -0.03718
target: -1.71630 0.00000
target: -1.71630 0.00000
fb: -0.93083 0.00384 -1.00000 -1.00000
fb: -1.08039 0.00298 -1.00000 -1.00000
dist/lin/ang/drive_left/drive_right/tv_l/tv_r/av_l/av_r/x/y/theta/t_err: -0.50809 -1.68078 0.00000 -1.08337 -1.07740 -0.84767 -0.84919 -0.84767 -0.84919 19.98984 -0.74192 180.13864 -0.03952
target: -1.68078 0.00000
target: -1.68078 0.00000
fb: -1.03381 0.00284 -1.00000 -1.00000
fb: -1.10554 0.00504 -0.98095 -0.99776
dist/lin/ang/drive_left/drive_right/tv_l/tv_r/av_l/av_r/x/y/theta/t_err: -0.48600 -1.64365 0.00000 -1.11058 -1.10050 -0.86853 -0.86786 -0.86853 -0.86786 19.11934 -0.74431 180.17864 -0.04203
target: -1.64365 0.00000
target: -1.64365 0.00000
fb: -1.18103 0.01193 -0.90028 -0.91671
fb: -1.07252 0.01946 -0.95453 -0.97097
dist/lin/ang/drive_left/drive_right/tv_l/tv_r/av_l/av_r/x/y/theta/t_err: -0.46457 -1.60680 0.00000 -1.09198 -1.05306 -0.66850 -0.55492 -0.66850 -0.55492 18.27485 -0.74776 180.31080 -0.04632
target: -1.60680 0.00000
target: -1.60680 0.00000
fb: -1.11538 0.02550 -0.89906 -0.91513
fb: -1.15028 0.03047 -0.88161 -0.89768
dist/lin/ang/drive_left/drive_right/tv_l/tv_r/av_l/av_r/x/y/theta/t_err: -0.44159 -1.56634 0.00000 -1.18075 -1.11981 -0.69606 -0.61050 -0.69606 -0.61050 17.36914 -0.75434 180.53822 -0.05280
target: -1.56634 0.00000
target: -1.56634 0.00000
fb: -1.10950 0.03559 -0.84685 -0.86251
fb: -1.17947 0.03658 -0.81186 -0.82753
dist/lin/ang/drive_left/drive_right/tv_l/tv_r/av_l/av_r/x/y/theta/t_err: -0.41804 -1.52375 0.00000 -1.21605 -1.14289 -0.68097 -0.63017 -0.68097 -0.63017 16.44049 -0.76553 180.83737 -0.06114
target: -1.52375 0.00000
target: -1.52375 0.00000
fb: -1.18148 0.04120 -0.76041 -0.77565
fb: -1.17357 0.04517 -0.76437 -0.77961
dist/lin/ang/drive_left/drive_right/tv_l/tv_r/av_l/av_r/x/y/theta/t_err: -0.39462 -1.48019 0.00000 -1.21874 -1.12839 -0.72567 -0.70822 -0.72567 -0.70822 15.51657 -0.78194 181.20127 -0.07132
target: -1.48019 0.00000
target: -1.48019 0.00000
fb: -1.26870 0.04581 -0.67058 -0.68538
fb: -1.29584 0.04191 -0.65701 -0.67181
dist/lin/ang/drive_left/drive_right/tv_l/tv_r/av_l/av_r/x/y/theta/t_err: -0.36878 -1.43058 0.00000 -1.33774 -1.25393 -0.72550 -0.72531 -0.72550 -0.72531 14.49653 -0.80681 181.59044 -0.08336
target: -1.43058 0.00000
target: -1.43058 0.00000
fb: -1.26868 0.04148 -0.59579 -0.61010
fb: -1.32693 0.04233 -0.56667 -0.58097
dist/lin/ang/drive_left/drive_right/tv_l/tv_r/av_l/av_r/x/y/theta/t_err: -0.34235 -1.37799 0.00000 -1.36926 -1.28459 -0.64744 -0.65431 -0.64744 -0.65431 13.45221 -0.83918 181.95451 -0.09641
target: -1.37799 0.00000
target: -1.37799 0.00000
fb: -1.29008 0.04248 -0.52118 -0.53496
fb: -1.17356 0.04120 -0.57944 -0.59322
dist/lin/ang/drive_left/drive_right/tv_l/tv_r/av_l/av_r/x/y/theta/t_err: -0.31900 -1.32981 0.00000 -1.21476 -1.13236 -0.56689 -0.56928 -0.56689 -0.56928 12.52879 -0.87356 182.30817 -0.10990
target: -1.32981 0.00000
target: -1.32981 0.00000
fb: -1.19495 0.03857 -0.54234 -0.55564
fb: -1.28231 0.03459 -0.49866 -0.51196
dist/lin/ang/drive_left/drive_right/tv_l/tv_r/av_l/av_r/x/y/theta/t_err: -0.29353 -1.27518 0.00000 -1.31690 -1.24772 -0.55183 -0.56806 -0.55183 -0.56806 11.52004 -0.91711 182.62197 -0.12520
target: -1.27518 0.00000
target: -1.27518 0.00000
fb: -1.33062 0.03722 -0.39301 -0.40576
fb: -1.29181 0.04042 -0.41241 -0.42517
dist/lin/ang/drive_left/drive_right/tv_l/tv_r/av_l/av_r/x/y/theta/t_err: -0.26793 -1.21778 0.00000 -1.33222 -1.25139 -0.49158 -0.49811 -0.49158 -0.49811 10.50406 -0.96639 182.94581 -0.14316
target: -1.21778 0.00000
target: -1.21778 0.00000
fb: -1.30948 0.04141 -0.33606 -0.34824
fb: -1.34632 0.03800 -0.31764 -0.32982
dist/lin/ang/drive_left/drive_right/tv_l/tv_r/av_l/av_r/x/y/theta/t_err: -0.24132 -1.15513 0.00000 -1.38433 -1.30832 -0.41322 -0.42417 -0.41322 -0.42417 9.44554 -1.02405 183.28775 -0.16538
target: -1.15513 0.00000
target: -1.15513 0.00000
fb: -1.26268 0.03594 -0.27562 -0.28717
fb: -1.23944 0.01619 -0.28724 -0.29879
dist/lin/ang/drive_left/drive_right/tv_l/tv_r/av_l/av_r/x/y/theta/t_err: -0.21692 -1.09452 0.00000 -1.25564 -1.22325 -0.37506 -0.34822 -0.37506 -0.34822 8.47135 -1.08244 183.53595 -0.18880
target: -1.09452 0.00000
target: -1.09452 0.00000
fb: -1.23952 -0.00447 -0.23823 -0.24917
fb: -1.14033 -0.00469 -0.28782 -0.29877
dist/lin/ang/drive_left/drive_right/tv_l/tv_r/av_l/av_r/x/y/theta/t_err: -0.19457 -1.03588 0.00000 -1.13564 -1.14502 -0.32803 -0.31794 -0.32803 -0.31794 7.57514 -1.13761 183.49571 -0.21007
target: -1.03588 0.00000
target: -1.03588 0.00000
fb: -1.09754 0.00582 -0.26180 -0.27216
fb: -1.06869 0.00831 -0.27623 -0.28659
dist/lin/ang/drive_left/drive_right/tv_l/tv_r/av_l/av_r/x/y/theta/t_err: -0.17372 -0.97804 0.00000 -1.07700 -1.06038 -0.30061 -0.32392 -0.30061 -0.32392 6.73523 -1.18909 183.53348 -0.23642
target: -0.97804 0.00000
target: -0.97804 0.00000
fb: -1.04730 0.00526 -0.23499 -0.24477
fb: -1.06471 0.00128 -0.22628 -0.23606
dist/lin/ang/drive_left/drive_right/tv_l/tv_r/av_l/av_r/x/y/theta/t_err: -0.14757 -0.90025 0.00000 -1.06598 -1.06343 -0.29069 -0.29689 -0.29069 -0.29689 5.89849 -1.24103 183.56163 -0.23691
target: -0.90025 0.00000
target: -0.90025 0.00000
fb: -1.00268 -0.00071 -0.09286 -0.10186
fb: -0.99693 -0.00227 -0.09574 -0.10474
dist/lin/ang/drive_left/drive_right/tv_l/tv_r/av_l/av_r/x/y/theta/t_err: -0.12765 -0.83612 0.00000 -0.99465 -0.99920 -0.22822 -0.23494 -0.22822 -0.23494 5.11502 -1.28971 183.54727 -0.23666
target: -0.83612 0.00000
target: -0.83612 0.00000
fb: -1.02206 -0.00781 -0.08304 -0.09140
fb: -0.90177 -0.01222 -0.14319 -0.15155
dist/lin/ang/drive_left/drive_right/tv_l/tv_r/av_l/av_r/x/y/theta/t_err: -0.10967 -0.77371 0.00000 -0.88955 -0.91398 -0.14067 -0.15008 -0.14067 -0.15008 4.40631 -1.33325 183.46894 -0.23529
target: -0.77371 0.00000
target: -0.77371 0.00000
fb: -0.78145 -0.02372 -0.15118 -0.15892
fb: -0.72886 -0.03125 -0.17748 -0.18521
dist/lin/ang/drive_left/drive_right/tv_l/tv_r/av_l/av_r/x/y/theta/t_err: -0.09524 -0.71974 0.00000 -0.69761 -0.76012 -0.17008 -0.17300 -0.17008 -0.17300 3.83339 -1.36699 183.24832 -0.23144
target: -0.71974 0.00000
target: -0.71974 0.00000
fb: -0.68050 -0.02990 -0.18788 -0.19508
fb: -0.69617 -0.02578 -0.18004 -0.18724
dist/lin/ang/drive_left/drive_right/tv_l/tv_r/av_l/av_r/x/y/theta/t_err: -0.08150 -0.66425 0.00000 -0.67039 -0.72196 -0.17231 -0.19831 -0.17231 -0.19831 3.28603 -1.39676 182.99197 -0.22697
target: -0.66425 0.00000
target: -0.66425 0.00000
fb: -0.65914 -0.02110 -0.13838 -0.14502
fb: -0.59518 -0.01747 -0.17036 -0.17700
dist/lin/ang/drive_left/drive_right/tv_l/tv_r/av_l/av_r/x/y/theta/t_err: -0.06972 -0.61270 0.00000 -0.57771 -0.61265 -0.18392 -0.18550 -0.18392 -0.18550 2.81799 -1.42045 182.81327 -0.22385
target: -0.61270 0.00000
target: -0.61270 0.00000
fb: -0.64771 -0.01861 -0.11236 -0.11849
fb: -0.62431 -0.02145 -0.12406 -0.13019
dist/lin/ang/drive_left/drive_right/tv_l/tv_r/av_l/av_r/x/y/theta/t_err: -0.05735 -0.55343 0.00000 -0.60286 -0.64576 -0.16647 -0.16203 -0.16647 -0.16203 2.32696 -1.44392 182.64206 -0.22086
target: -0.55343 0.00000
target: -0.55343 0.00000
fb: -0.57774 -0.02308 0.10428 0.09875
fb: -0.56228 -0.02273 0.09655 0.09102
dist/lin/ang/drive_left/drive_right/tv_l/tv_r/av_l/av_r/x/y/theta/t_err: -0.04624 -0.49418 0.00000 -0.53955 -0.58501 -0.07681 -0.05325 -0.07681 -0.05325 1.88466 -1.46358 182.44147 -0.21736
target: -0.49418 0.00000
target: -0.49418 0.00000
fb: -0.51573 -0.02046 -0.14839 -0.14839
fb: -0.47116 -0.02181 -0.17068 -0.17068
dist/lin/ang/drive_left/drive_right/tv_l/tv_r/av_l/av_r/x/y/theta/t_err: -0.03695 -0.43850 0.00000 -0.44935 -0.49297 0.00531 -0.03542 0.00531 -0.03542 1.51398 -1.47880 182.25181 -0.21405
target: -0.43850 0.00000
target: -0.43850 0.00000
fb: -0.34693 -0.02245 -0.18982 -0.18982
fb: -0.28492 -0.02294 -0.22082 -0.22082
dist/lin/ang/drive_left/drive_right/tv_l/tv_r/av_l/av_r/x/y/theta/t_err: -0.03138 -0.40147 0.00000 -0.26198 -0.30786 -0.16272 -0.16683 -0.16272 -0.16683 1.28979 -1.48722 182.05598 -0.21063
target: -0.40147 0.00000
target: -0.40147 0.00000
fb: -0.32176 -0.02614 -0.20640 -0.20640
fb: -0.34294 -0.02443 -0.19581 -0.19581
dist/lin/ang/drive_left/drive_right/tv_l/tv_r/av_l/av_r/x/y/theta/t_err: -0.02467 -0.35166 0.00000 -0.31850 -0.36737 -0.20208 -0.20106 -0.20208 -0.20106 1.01992 -1.49641 181.84287 -0.20691
target: -0.35166 0.00000
target: -0.35166 0.00000
fb: -0.39349 -0.01861 -0.10012 -0.10012
fb: -0.43236 -0.01364 -0.08068 -0.08068
dist/lin/ang/drive_left/drive_right/tv_l/tv_r/av_l/av_r/x/y/theta/t_err: -0.01613 -0.27553 0.00000 -0.41872 -0.44600 -0.16322 -0.16378 -0.16322 -0.16378 0.67964 -1.50688 181.69130 -0.20427
target: -0.27553 0.00000
target: -0.27553 0.00000
fb: -0.37236 -0.01207 0.17046 0.17046
fb: -0.31014 -0.01563 0.13935 0.13935
dist/lin/ang/drive_left/drive_right/tv_l/tv_r/av_l/av_r/x/y/theta/t_err: -0.01000 -0.20421 0.00000 -0.29452 -0.32577 0.00050 0.00339 0.00050 0.00339 0.43553 -1.51385 181.57314 -0.20220
target: -0.20421 0.00000
target: -0.20421 0.00000
fb: -0.29843 -0.01570 0.18807 0.18807
fb: -0.28697 -0.00639 0.18234 0.18234
dist/lin/ang/drive_left/drive_right/tv_l/tv_r/av_l/av_r/x/y/theta/t_err: -0.00434 -0.10036 0.00000 -0.28058 -0.29337 0.13669 0.13567 0.13669 0.13567 0.20965 -1.51980 181.45577 -0.20016
target: -0.10036 0.00000
target: -0.10036 0.00000
fb: -0.23276 0.00277 0.24755 0.24755
fb: -0.14367 0.00277 0.24755 0.24755
dist/lin/ang/drive_left/drive_right/tv_l/tv_r/av_l/av_r/x/y/theta/t_err: -0.00146 0.00000 0.00000 -0.14644 -0.14090 0.18189 0.18531 0.18189 0.18531 0.09656 -1.52268 181.47450 -0.20048
target: 0.00000 0.00000
target: 0.00000 0.00000
fb: -0.06798 -0.00099 0.28073 0.28073
fb: -0.02115 -0.01065 0.28073 0.28073
dist/lin/ang/drive_left/drive_right/tv_l/tv_r/av_l/av_r/x/y/theta/t_err: -0.00106 0.00000 0.00000 -0.01050 -0.03181 0.23611 0.23889 0.23611 0.23889 0.07991 -1.52311 181.44188 -0.19991
target: 0.00000 0.00000
target: 0.00000 0.00000
fb: -0.00366 -0.01627 0.00000 0.00000
fb: 0.00012 -0.01570 0.00000 0.00000
dist/lin/ang/drive_left/drive_right/tv_l/tv_r/av_l/av_r/x/y/theta/t_err: -0.00115 0.00000 0.00000 0.01582 -0.01558 0.19761 0.15742 0.19761 0.15742 0.08001 -1.52311 181.30421 -0.19751
target: 0.00000 0.00000
target: 0.00000 0.00000
fb: 0.00011 -0.00945 0.00000 0.00000
fb: 0.00009 -0.01300 0.00000 0.00000
dist/lin/ang/drive_left/drive_right/tv_l/tv_r/av_l/av_r/x/y/theta/t_err: -0.00122 0.00000 0.00000 0.01309 -0.01291 0.01250 0.00819 0.01250 0.00819 0.08007 -1.52311 181.20612 -0.19580
target: 0.00000 0.00000
target: 0.00000 0.00000
fb: 0.00011 -0.01833 0.00000 0.00000
fb: -0.00382 -0.02223 0.00000 0.00000
dist/lin/ang/drive_left/drive_right/tv_l/tv_r/av_l/av_r/x/y/theta/t_err: -0.00126 0.00000 0.00000 0.01841 -0.02605 0.00083 -0.00000 0.00083 -0.00000 0.07707 -1.52316 181.03621 -0.19283
target: 0.00000 0.00000
target: 0.00000 0.00000
fb: -0.03470 -0.02010 0.00000 0.00000
fb: -0.05214 -0.01584 0.00000 0.00000
dist/lin/ang/drive_left/drive_right/tv_l/tv_r/av_l/av_r/x/y/theta/t_err: -0.00033 0.00000 0.00000 -0.03630 -0.06798 -0.00017 -0.00067 -0.00017 -0.00067 0.03601 -1.52385 180.86454 -0.18984
target: 0.00000 0.00000
target: 0.00000 0.00000
fb: -0.02525 -0.01350 0.00000 0.00000
fb: -0.00762 -0.01129 0.00000 0.00000
dist/lin/ang/drive_left/drive_right/tv_l/tv_r/av_l/av_r/x/y/theta/t_err: -0.00026 0.00000 0.00000 0.00367 -0.01891 -0.00017 -0.00017 -0.00017 -0.00017 0.03001 -1.52393 180.74672 -0.18778
target: 0.00000 0.00000
target: 0.00000 0.00000
fb: -0.00366 -0.01115 0.00000 0.00000
fb: 0.00007 -0.00611 0.00000 0.00000
dist/lin/ang/drive_left/drive_right/tv_l/tv_r/av_l/av_r/x/y/theta/t_err: -0.00032 0.00000 0.00000 0.00618 -0.00603 0.00000 0.00050 0.00000 0.00050 0.03007 -1.52393 180.66226 -0.18631
target: 0.00000 0.00000
target: 0.00000 0.00000
fb: 0.00378 0.00170 0.00000 0.00000
fb: 0.02711 0.01016 0.00000 0.00000
dist/lin/ang/drive_left/drive_right/tv_l/tv_r/av_l/av_r/x/y/theta/t_err: -0.00083 0.00000 0.00000 0.01695 0.03726 -0.00017 0.00067 -0.00017 0.00067 0.05142 -1.52368 180.70024 -0.18697
target: 0.00000 0.00000
target: 0.00000 0.00000
fb: 0.06986 0.01406 0.00000 0.00000
fb: 0.07358 0.01548 0.00000 0.00000
dist/lin/ang/drive_left/drive_right/tv_l/tv_r/av_l/av_r/x/y/theta/t_err: -0.00222 0.00000 0.00000 0.05810 0.08907 0.00033 0.00017 0.00033 0.00017 0.10935 -1.52291 180.83036 -0.18924
target: 0.00000 0.00000
target: 0.00000 0.00000
fb: 0.04645 0.00959 0.00000 0.00000
fb: 0.02707 0.00483 0.00000 0.00000
dist/lin/ang/drive_left/drive_right/tv_l/tv_r/av_l/av_r/x/y/theta/t_err: -0.00271 -0.03044 0.00000 0.02224 0.03190 -0.00000 0.00086 -0.00000 0.00086 0.13067 -1.52259 180.90771 -0.19059
target: -0.03044 0.00000
target: -0.03044 0.00000
fb: 0.01541 0.00128 -0.15306 -0.15306
fb: 0.02117 0.00000 -0.15306 -0.15306
dist/lin/ang/drive_left/drive_right/tv_l/tv_r/av_l/av_r/x/y/theta/t_err: -0.00312 -0.05707 0.00000 0.02117 0.02117 -0.01711 -0.02378 -0.01711 -0.02378 0.14734 -1.52233 180.91747 -0.19076
target: -0.05707 0.00000
target: -0.05707 0.00000
fb: 0.03112 -0.00206 -0.15607 -0.15607
fb: 0.02537 0.00362 -0.15607 -0.15607
dist/lin/ang/drive_left/drive_right/tv_l/tv_r/av_l/av_r/x/y/theta/t_err: -0.00363 -0.07797 0.00000 0.02175 0.02900 -0.13261 -0.13414 -0.13261 -0.13414 0.16731 -1.52201 180.92080 -0.19082
target: -0.07797 0.00000
target: -0.07797 0.00000
fb: 0.00770 0.00341 -0.15300 -0.15300
fb: 0.00374 -0.00227 -0.15300 -0.15300
dist/lin/ang/drive_left/drive_right/tv_l/tv_r/av_l/av_r/x/y/theta/t_err: -0.00369 -0.08022 0.00000 0.00601 0.00146 -0.13931 -0.14203 -0.13931 -0.14203 0.17026 -1.52196 180.93710 -0.19110
target: -0.08022 0.00000
target: -0.08022 0.00000
fb: 0.00376 -0.00199 -0.11659 -0.11659
fb: 0.00001 0.00000 -0.11659 -0.11659
dist/lin/ang/drive_left/drive_right/tv_l/tv_r/av_l/av_r/x/y/theta/t_err: -0.00370 -0.08043 0.00000 0.00001 0.00001 -0.13739 -0.13089 -0.13739 -0.13089 0.17026 -1.52196 180.92835 -0.19095
target: -0.08043 0.00000
target: -0.08043 0.00000
fb: 0.00397 -0.00199 -0.11260 -0.11260
fb: -0.00374 -0.00263 -0.11260 -0.11260
dist/lin/ang/drive_left/drive_right/tv_l/tv_r/av_l/av_r/x/y/theta/t_err: -0.00363 -0.07811 0.00000 -0.00111 -0.00637 -0.10953 -0.10950 -0.10953 -0.10950 0.16732 -1.52201 180.91507 -0.19072
target: -0.07811 0.00000
target: -0.07811 0.00000
fb: -0.03684 -0.00156 -0.10661 -0.10661
fb: -0.07766 -0.00178 -0.10661 -0.10661
dist/lin/ang/drive_left/drive_right/tv_l/tv_r/av_l/av_r/x/y/theta/t_err: -0.00209 0.00000 0.00000 -0.07589 -0.07944 -0.10678 -0.10594 -0.10678 -0.10594 0.10617 -1.52298 180.90560 -0.19055
target: 0.00000 0.00000
target: 0.00000 0.00000
fb: -0.09884 -0.00291 0.23623 0.23623
fb: -0.10281 -0.00341 0.23623 0.23623
dist/lin/ang/drive_left/drive_right/tv_l/tv_r/av_l/av_r/x/y/theta/t_err: -0.00004 0.00000 0.00000 -0.09940 -0.10622 -0.02531 -0.01028 -0.02531 -0.01028 0.02523 -1.52424 180.88272 -0.19015
target: 0.00000 0.00000
target: 0.00000 0.00000
fb: -0.10280 -0.00440 0.00000 0.00000
fb: -0.09684 -0.00305 0.00000 0.00000
dist/lin/ang/drive_left/drive_right/tv_l/tv_r/av_l/av_r/x/y/theta/t_err: 0.00187 0.00000 0.00000 -0.09378 -0.09989 0.14528 0.14083 0.14528 0.14083 -0.05101 -1.52539 180.84741 -0.18954
target: 0.00000 0.00000
target: 0.00000 0.00000
fb: -0.08912 -0.00206 0.00000 0.00000
fb: -0.07764 -0.00746 0.00000 0.00000
dist/lin/ang/drive_left/drive_right/tv_l/tv_r/av_l/av_r/x/y/theta/t_err: 0.00340 0.06917 0.00000 -0.07018 -0.08510 0.01128 0.01181 0.01128 0.01181 -0.11214 -1.52628 180.81025 -0.18889
target: 0.06917 0.00000
target: 0.06917 0.00000
fb: -0.04849 -0.00668 0.24601 0.24601
fb: -0.02114 -0.00170 0.24601 0.24601
dist/lin/ang/drive_left/drive_right/tv_l/tv_r/av_l/av_r/x/y/theta/t_err: 0.00379 0.08351 0.00000 -0.01944 -0.02285 0.06228 0.06503 0.06228 0.06503 -0.12878 -1.52651 180.76449 -0.18809
target: 0.08351 0.00000
target: 0.08351 0.00000
fb: -0.01940 -0.00199 0.14209 0.14209
fb: -0.01565 -0.00206 0.14209 0.14209
dist/lin/ang/drive_left/drive_right/tv_l/tv_r/av_l/av_r/x/y/theta/t_err: 0.00409 0.09303 0.00000 -0.01359 -0.01771 0.18889 0.18819 0.18889 0.18819 -0.14110 -1.52667 180.74645 -0.18778
target: 0.09303 0.00000
target: 0.09303 0.00000
fb: -0.00396 0.00000 0.13626 0.13626
fb: 0.00000 0.00000 0.13626 0.13626
dist/lin/ang/drive_left/drive_right/tv_l/tv_r/av_l/av_r/x/y/theta/t_err: 0.00409 0.09297 0.00000 0.00000 0.00000 0.13619 0.13775 0.13619 0.13775 -0.14110 -1.52667 180.74352 -0.18772
target: 0.09297 0.00000
target: 0.09297 0.00000
fb: 0.00001 -0.00476 0.11707 0.11707
fb: 0.00004 -0.00568 0.11707 0.11707
dist/lin/ang/drive_left/drive_right/tv_l/tv_r/av_l/av_r/x/y/theta/t_err: 0.00406 0.09205 0.00000 0.00572 -0.00564 0.12131 0.12558 0.12131 0.12558 -0.14107 -1.52667 180.69966 -0.18696
target: 0.09205 0.00000
target: 0.09205 0.00000
fb: 0.00776 -0.00341 0.11498 0.11498
fb: 0.02916 -0.00483 0.11498 0.11498
dist/lin/ang/drive_left/drive_right/tv_l/tv_r/av_l/av_r/x/y/theta/t_err: 0.00345 0.07121 0.00000 0.03399 0.02433 0.10953 0.10933 0.10953 0.10933 -0.11811 -1.52640 180.66143 -0.18629
target: 0.07121 0.00000
target: 0.07121 0.00000
fb: 0.06999 -0.00739 -0.09321 -0.09321
fb: 0.10090 -0.00859 -0.09321 -0.09321
dist/lin/ang/drive_left/drive_right/tv_l/tv_r/av_l/av_r/x/y/theta/t_err: 0.00138 0.00000 0.00000 0.10950 0.09231 0.04347 0.08025 0.04347 0.08025 -0.03867 -1.52553 180.59255 -0.18509
target: 0.00000 0.00000
target: 0.00000 0.00000
fb: 0.10289 -0.00710 -0.22242 -0.22242
fb: 0.11060 -0.00348 -0.22242 -0.22242
dist/lin/ang/drive_left/drive_right/tv_l/tv_r/av_l/av_r/x/y/theta/t_err: -0.00086 0.00000 0.00000 0.11408 0.10712 -0.13158 -0.11517 -0.13158 -0.11517 0.04841 -1.52468 180.54014 -0.18417
target: 0.00000 0.00000
target: 0.00000 0.00000
fb: 0.11233 0.00085 0.00000 0.00000
fb: 0.10280 0.00874 0.00000 0.00000
dist/lin/ang/drive_left/drive_right/tv_l/tv_r/av_l/av_r/x/y/theta/t_err: -0.00290 -0.04499 0.00000 0.09407 0.11154 -0.12217 -0.13981 -0.12217 -0.13981 0.12936 -1.52390 180.56747 -0.18465
target: -0.04499 0.00000
target: -0.04499 0.00000
fb: 0.06411 0.02102 -0.18797 -0.18797
fb: 0.01730 0.01222 -0.18797 -0.18797
dist/lin/ang/drive_left/drive_right/tv_l/tv_r/av_l/av_r/x/y/theta/t_err: -0.00315 -0.05830 0.00000 0.00508 0.02952 -0.07461 -0.03492 -0.07461 -0.03492 0.14298 -1.52375 180.71522 -0.18723
target: -0.05830 0.00000
target: -0.05830 0.00000
fb: 0.01138 0.01009 -0.12995 -0.12995
fb: 0.01536 0.01371 -0.12995 -0.12995
dist/lin/ang/drive_left/drive_right/tv_l/tv_r/av_l/av_r/x/y/theta/t_err: -0.00339 -0.06877 0.00000 0.00165 0.02906 -0.14011 -0.15142 -0.14011 -0.15142 0.15507 -1.52359 180.81731 -0.18901
target: -0.06877 0.00000
target: -0.06877 0.00000
fb: 0.00764 0.00511 -0.12845 -0.12845
fb: -0.00002 -0.00540 -0.12845 -0.12845
dist/lin/ang/drive_left/drive_right/tv_l/tv_r/av_l/av_r/x/y/theta/t_err: -0.00337 -0.06812 0.00000 0.00538 -0.00542 -0.11653 -0.11736 -0.11653 -0.11736 0.15505 -1.52359 180.84038 -0.18941
target: -0.06812 0.00000
target: -0.06812 0.00000
fb: 0.00003 -0.00490 -0.10594 -0.10594
fb: 0.00003 -0.00455 -0.10594 -0.10594
dist/lin/ang/drive_left/drive_right/tv_l/tv_r/av_l/av_r/x/y/theta/t_err: -0.00340 -0.06921 0.00000 0.00458 -0.00451 -0.10867 -0.11378 -0.10867 -0.11378 0.15508 -1.52359 180.80163 -0.18874
target: -0.06921 0.00000
target: -0.06921 0.00000
fb: 0.00003 -0.00582 -0.10987 -0.10987
fb: 0.00004 -0.00661 -0.10987 -0.10987
dist/lin/ang/drive_left/drive_right/tv_l/tv_r/av_l/av_r/x/y/theta/t_err: -0.00343 -0.07055 0.00000 0.00665 -0.00656 -0.10011 -0.10061 -0.10011 -0.10061 0.15511 -1.52359 180.75353 -0.18790
target: -0.07055 0.00000
target: -0.07055 0.00000
fb: -0.00370 -0.00689 -0.11089 -0.11089
fb: -0.02710 -0.00455 -0.11089 -0.11089
dist/lin/ang/drive_left/drive_right/tv_l/tv_r/av_l/av_r/x/y/theta/t_err: -0.00292 -0.04619 0.00000 -0.02255 -0.03164 -0.10419 -0.10164 -0.10419 -0.10164 0.13378 -1.52386 180.70442 -0.18704
target: -0.04619 0.00000
target: -0.04619 0.00000
fb: -0.07765 -0.00092 0.11023 0.11023
fb: -0.10856 0.00142 0.11023 0.11023
dist/lin/ang/drive_left/drive_right/tv_l/tv_r/av_l/av_r/x/y/theta/t_err: -0.00075 0.00000 0.00000 -0.10998 -0.10714 -0.04706 -0.07683 -0.04706 -0.07683 0.04830 -1.52491 180.70390 -0.18703
target: 0.00000 0.00000
target: 0.00000 0.00000
fb: -0.10659 0.00156 0.17239 0.17239
fb: -0.09115 0.00348 0.17239 0.17239
dist/lin/ang/drive_left/drive_right/tv_l/tv_r/av_l/av_r/x/y/theta/t_err: 0.00108 0.00000 0.00000 -0.09463 -0.08767 0.11361 0.11189 0.11361 0.11189 -0.02346 -1.52580 180.72035 -0.18732
target: 0.00000 0.00000
target: 0.00000 0.00000
fb: -0.08543 0.00682 0.00000 0.00000
fb: -0.07950 0.01207 0.00000 0.00000
dist/lin/ang/drive_left/drive_right/tv_l/tv_r/av_l/av_r/x/y/theta/t_err: 0.00272 0.03165 0.00000 -0.09157 -0.06742 0.11550 0.11294 0.11550 0.11294 -0.08605 -1.52661 180.78865 -0.18851
target: 0.03165 0.00000
target: 0.03165 0.00000
fb: -0.04661 0.00000 0.15596 0.15596
fb: -0.01745 0.00320 0.15596 0.15596
dist/lin/ang/drive_left/drive_right/tv_l/tv_r/av_l/av_r/x/y/theta/t_err: 0.00308 0.05511 0.00000 -0.02065 -0.01426 0.04292 0.04603 0.04292 0.04603 -0.09979 -1.52680 180.81114 -0.18890
target: 0.05511 0.00000
target: 0.05511 0.00000
fb: -0.00002 0.00497 0.14896 0.14896
fb: 0.00372 0.00213 0.14896 0.14896
dist/lin/ang/drive_left/drive_right/tv_l/tv_r/av_l/av_r/x/y/theta/t_err: 0.00303 0.05239 0.00000 0.00159 0.00585 0.13278 0.13536 0.13278 0.13536 -0.09686 -1.52676 180.84397 -0.18948
target: 0.05239 0.00000
target: 0.05239 0.00000
fb: -0.00376 -0.00128 0.09553 0.09553
fb: -0.00374 0.00000 0.09553 0.09553
dist/lin/ang/drive_left/drive_right/tv_l/tv_r/av_l/av_r/x/y/theta/t_err: 0.00310 0.05599 0.00000 -0.00374 -0.00374 0.12028 0.11997 0.12028 0.11997 -0.09981 -1.52680 180.83634 -0.18934
target: 0.05599 0.00000
target: 0.05599 0.00000
fb: 0.00001 -0.00213 0.10959 0.10959
fb: 0.00002 -0.00469 0.10959 0.10959
dist/lin/ang/drive_left/drive_right/tv_l/tv_r/av_l/av_r/x/y/theta/t_err: 0.00308 0.05504 0.00000 0.00471 -0.00466 0.09119 0.09361 0.09119 0.09361 -0.09979 -1.52680 180.80907 -0.18887
target: 0.05504 0.00000
target: 0.05504 0.00000
fb: 0.00004 -0.00540 0.10011 0.10011
fb: 0.00004 -0.00206 0.10011 0.10011
dist/lin/ang/drive_left/drive_right/tv_l/tv_r/av_l/av_r/x/y/theta/t_err: 0.00305 0.05361 0.00000 0.00210 -0.00202 0.10011 0.09908 0.10011 0.09908 -0.09976 -1.52680 180.76913 -0.18817
target: 0.05361 0.00000
target: 0.05361 0.00000
fb: 0.00774 -0.00170 0.09859 0.09859
fb: 0.03687 -0.00490 0.09859 0.09859
dist/lin/ang/drive_left/drive_right/tv_l/tv_r/av_l/av_r/x/y/theta/t_err: 0.00230 0.00000 0.00000 0.04177 0.03197 0.09789 0.09547 0.09789 0.09547 -0.07073 -1.52642 180.74226 -0.18770
target: 0.00000 0.00000
target: 0.00000 0.00000
fb: 0.08543 -0.00384 -0.18722 -0.18722
fb: 0.11058 -0.00178 -0.18722 -0.18722
dist/lin/ang/drive_left/drive_right/tv_l/tv_r/av_l/av_r/x/y/theta/t_err: 0.00007 0.00000 0.00000 0.11235 0.10880 0.02719 0.02000 0.02719 0.02000 0.01633 -1.52532 180.71411 -0.18721
target: 0.00000 0.00000
target: 0.00000 0.00000
fb: 0.11034 -0.00057 0.00000 0.00000
fb: 0.10658 -0.00078 0.00000 0.00000
dist/lin/ang/drive_left/drive_right/tv_l/tv_r/av_l/av_r/x/y/theta/t_err: -0.00207 0.00000 0.00000 0.10736 0.10580 -0.11514 -0.11019 -0.11514 -0.11019 0.10024 -1.52427 180.71133 -0.18716
target: 0.00000 0.00000
target: 0.00000 0.00000
fb: 0.09709 -0.00078 0.00000 0.00000
fb: 0.09113 0.00142 0.00000 0.00000
dist/lin/ang/drive_left/drive_right/tv_l/tv_r/av_l/av_r/x/y/theta/t_err: -0.00389 -0.08672 0.00000 0.08971 0.09255 -0.00992 -0.01061 -0.00992 -0.01061 0.17199 -1.52338 180.71448 -0.18722
target: -0.08672 0.00000
target: -0.08672 0.00000
fb: 0.07368 0.00405 -0.28813 -0.28813
fb: 0.05625 0.00320 -0.28813 -0.28813
dist/lin/ang/drive_left/drive_right/tv_l/tv_r/av_l/av_r/x/y/theta/t_err: -0.00499 -0.11710 0.00000 0.05305 0.05944 -0.06006 -0.06758 -0.06006 -0.06758 0.21628 -1.52282 180.73931 -0.18765
target: -0.11710 0.00000
target: -0.11710 0.00000
fb: 0.04654 0.00241 -0.18760 -0.18760
fb: 0.01939 0.00554 -0.18760 -0.18760
dist/lin/ang/drive_left/drive_right/tv_l/tv_r/av_l/av_r/x/y/theta/t_err: -0.00536 -0.12552 0.00000 0.01385 0.02493 -0.22231 -0.22003 -0.22231 -0.22003 0.23154 -1.52262 180.77225 -0.18823
target: -0.12552 0.00000
target: -0.12552 0.00000
fb: -0.00005 0.00618 -0.14704 -0.14704
fb: -0.00004 0.00149 -0.14704 -0.14704
dist/lin/ang/drive_left/drive_right/tv_l/tv_r/av_l/av_r/x/y/theta/t_err: -0.00533 -0.12487 0.00000 -0.00153 0.00145 -0.16528 -0.16564 -0.16528 -0.16564 0.23151 -1.52262 180.81393 -0.18895
target: -0.12487 0.00000
target: -0.12487 0.00000
fb: -0.00002 0.00114 -0.12866 -0.12866
fb: -0.00001 0.00000 -0.12866 -0.12866
dist/lin/ang/drive_left/drive_right/tv_l/tv_r/av_l/av_r/x/y/theta/t_err: -0.00532 -0.12469 0.00000 -0.00001 -0.00001 -0.13258 -0.13450 -0.13258 -0.13450 0.23151 -1.52262 180.82543 -0.18915
target: -0.12469 0.00000
target: -0.12469 0.00000
fb: 0.00000 -0.00249 -0.12952 -0.12952
fb: -0.02514 -0.00270 -0.12952 -0.12952
dist/lin/ang/drive_left/drive_right/tv_l/tv_r/av_l/av_r/x/y/theta/t_err: -0.00483 -0.11313 0.00000 -0.02244 -0.02784 -0.11825 -0.11842 -0.11825 -0.11842 0.21171 -1.52290 180.80988 -0.18888
target: -0.11313 0.00000
target: -0.11313 0.00000
fb: -0.08339 -0.00320 -0.10212 -0.10212
fb: -0.10480 -0.00178 -0.10212 -0.10212
dist/lin/ang/drive_left/drive_right/tv_l/tv_r/av_l/av_r/x/y/theta/t_err: -0.00275 -0.03401 0.00000 -0.10302 -0.10657 -0.11225 -0.11311 -0.11225 -0.11311 0.12920 -1.52405 180.79106 -0.18855
target: -0.03401 0.00000
target: -0.03401 0.00000
fb: -0.12224 -0.00071 0.22463 0.22463
fb: -0.14166 0.00000 0.22463 0.22463
dist/lin/ang/drive_left/drive_right/tv_l/tv_r/av_l/av_r/x/y/theta/t_err: 0.00008 0.00000 0.00000 -0.14166 -0.14166 -0.03217 -0.02942 -0.03217 -0.02942 0.01767 -1.52559 180.78773 -0.18850
target: 0.00000 0.00000
target: 0.00000 0.00000
fb: -0.13174 0.00199 0.14802 0.14802
fb: -0.12204 0.00334 0.14802 0.14802
dist/lin/ang/drive_left/drive_right/tv_l/tv_r/av_l/av_r/x/y/theta/t_err: 0.00254 0.00000 0.00000 -0.12538 -0.11870 0.16836 0.16753 0.16836 0.16753 -0.07842 -1.52692 180.80592 -0.18881
target: 0.00000 0.00000
target: 0.00000 0.00000
fb: -0.09513 0.00391 0.00000 0.00000
fb: -0.06799 0.00405 0.00000 0.00000
dist/lin/ang/drive_left/drive_right/tv_l/tv_r/av_l/av_r/x/y/theta/t_err: 0.00392 0.08778 0.00000 -0.07204 -0.06394 0.09925 0.08075 0.09925 0.08075 -0.13195 -1.52769 180.83828 -0.18938
target: 0.08778 0.00000
target: 0.08778 0.00000
fb: -0.03310 -0.00632 0.29066 0.29066
fb: -0.00394 -0.00234 0.29066 0.29066
dist/lin/ang/drive_left/drive_right/tv_l/tv_r/av_l/av_r/x/y/theta/t_err: 0.00397 0.08946 0.00000 -0.00159 -0.00628 0.06964 0.10917 0.06964 0.10917 -0.13505 -1.52773 180.80080 -0.18872
target: 0.08946 0.00000
target: 0.08946 0.00000
fb: -0.00374 0.00000 0.11915 0.11915
fb: -0.00374 -0.00234 0.11915 0.11915
dist/lin/ang/drive_left/drive_right/tv_l/tv_r/av_l/av_r/x/y/theta/t_err: 0.00404 0.09160 0.00000 -0.00140 -0.00609 0.20789 0.19575 0.20789 0.19575 -0.13800 -1.52778 180.79273 -0.18858
target: 0.09160 0.00000
target: 0.09160 0.00000
fb: 0.00002 -0.00376 0.12093 0.12093
fb: 0.00003 -0.00185 0.12093 0.12093
dist/lin/ang/drive_left/drive_right/tv_l/tv_r/av_l/av_r/x/y/theta/t_err: 0.00402 0.09100 0.00000 0.00187 -0.00182 0.11669 0.11600 0.11669 0.11600 -0.13798 -1.52778 180.76438 -0.18809
target: 0.09100 0.00000
target: 0.09100 0.00000
fb: 0.00002 -0.00476 0.11520 0.11520
fb: -0.00392 -0.00973 0.11520 0.11520
dist/lin/ang/drive_left/drive_right/tv_l/tv_r/av_l/av_r/x/y/theta/t_err: 0.00406 0.09223 0.00000 0.00581 -0.01365 0.11547 0.11394 0.11547 0.11394 -0.14106 -1.52782 180.70806 -0.18711
target: 0.09223 0.00000
target: 0.09223 0.00000
fb: 0.00007 -0.00710 0.11935 0.11935
fb: 0.01749 -0.00455 0.11935 0.11935
dist/lin/ang/drive_left/drive_right/tv_l/tv_r/av_l/av_r/x/y/theta/t_err: 0.00367 0.07952 0.00000 0.02203 0.01294 0.10969 0.10833 0.10969 0.10833 -0.12730 -1.52765 180.64744 -0.18605
target: 0.07952 0.00000
target: 0.07952 0.00000
fb: 0.06602 -0.00504 0.08638 0.08638
fb: 0.09317 -0.00796 0.08638 0.08638
dist/lin/ang/drive_left/drive_right/tv_l/tv_r/av_l/av_r/x/y/theta/t_err: 0.00177 0.00000 0.00000 0.10112 0.08521 0.10575 0.09925 0.10575 0.09925 -0.05394 -1.52685 180.59272 -0.18509
target: 0.00000 0.00000
target: 0.00000 0.00000
fb: 0.10090 -0.00796 -0.23904 -0.23904
fb: 0.12229 -0.00213 -0.23904 -0.23904
dist/lin/ang/drive_left/drive_right/tv_l/tv_r/av_l/av_r/x/y/theta/t_err: -0.00071 0.00000 0.00000 0.12442 0.12016 0.04208 -0.03372 0.04208 -0.03372 0.04235 -1.52591 180.53947 -0.18416
target: 0.00000 0.00000
target: 0.00000 0.00000
fb: 0.12997 0.00327 0.00000 0.00000
fb: 0.13369 0.00511 0.00000 0.00000
dist/lin/ang/drive_left/drive_right/tv_l/tv_r/av_l/av_r/x/y/theta/t_err: -0.00336 -0.06778 0.00000 0.12858 0.13880 -0.15967 -0.12233 -0.15967 -0.12233 0.14761 -1.52490 180.57245 -0.18474
target: -0.06778 0.00000
target: -0.06778 0.00000
fb: 0.12596 0.00462 -0.33954 -0.33954
fb: 0.09308 0.00376 -0.24267 -0.24267
dist/lin/ang/drive_left/drive_right/tv_l/tv_r/av_l/av_r/x/y/theta/t_err: -0.00520 -0.12184 0.00000 0.08932 0.09685 -0.05783 -0.12917 -0.05783 -0.12917 0.22090 -1.52414 180.61291 -0.18544
target: -0.12184 0.00000
target: -0.12184 0.00000
fb: 0.04850 0.00824 -0.23685 -0.23685
fb: 0.01560 0.00817 -0.23685 -0.23685
dist/lin/ang/drive_left/drive_right/tv_l/tv_r/av_l/av_r/x/y/theta/t_err: -0.00546 -0.12775 0.00000 0.00744 0.02377 -0.21989 -0.22639 -0.21989 -0.22639 0.23319 -1.52401 180.68388 -0.18668
target: -0.12775 0.00000
target: -0.12775 0.00000
fb: -0.00007 0.01009 -0.14292 -0.14292
fb: -0.00009 0.01570 -0.14292 -0.14292
dist/lin/ang/drive_left/drive_right/tv_l/tv_r/av_l/av_r/x/y/theta/t_err: -0.00539 -0.12613 0.00000 -0.01579 0.01560 -0.19492 -0.21836 -0.19492 -0.21836 0.23311 -1.52401 180.78955 -0.18853
target: -0.12613 0.00000
target: -0.12613 0.00000
fb: -0.00012 0.01676 -0.12722 -0.12722
fb: -0.00010 0.00653 -0.12722 -0.12722
dist/lin/ang/drive_left/drive_right/tv_l/tv_r/av_l/av_r/x/y/theta/t_err: -0.00531 -0.12434 0.00000 -0.00664 0.00643 -0.13397 -0.14306 -0.13397 -0.14306 0.23303 -1.52401 180.90542 -0.19055
target: -0.12434 0.00000
target: -0.12434 0.00000
fb: -0.00004 0.00078 -0.12614 -0.12614
fb: -0.00001 0.00092 -0.12614 -0.12614
dist/lin/ang/drive_left/drive_right/tv_l/tv_r/av_l/av_r/x/y/theta/t_err: -0.00530 -0.12412 0.00000 -0.00094 0.00091 -0.11803 -0.11825 -0.11803 -0.11825 0.23302 -1.52401 180.91902 -0.19079
target: -0.12412 0.00000
target: -0.12412 0.00000
fb: 0.00000 -0.00277 -0.12922 -0.12922
fb: -0.04279 -0.00547 -0.12922 -0.12922
dist/lin/ang/drive_left/drive_right/tv_l/tv_r/av_l/av_r/x/y/theta/t_err: -0.00446 -0.10353 0.00000 -0.03732 -0.04826 -0.11564 -0.11808 -0.11564 -0.11808 0.19934 -1.52454 180.89445 -0.19036
target: -0.10353 0.00000
target: -0.10353 0.00000
fb: -0.11448 -0.00597 -0.08022 -0.08022
fb: -0.14538 -0.00320 -0.08022 -0.08022
dist/lin/ang/drive_left/drive_right/tv_l/tv_r/av_l/av_r/x/y/theta/t_err: -0.00158 0.00000 0.00000 -0.14218 -0.14858 -0.10422 -0.11908 -0.10422 -0.11908 0.08488 -1.52628 180.85471 -0.18966
target: 0.00000 0.00000
target: 0.00000 0.00000
fb: -0.14341 0.00085 0.28705 0.28705
fb: -0.13196 0.00362 0.28705 0.28705
dist/lin/ang/drive_left/drive_right/tv_l/tv_r/av_l/av_r/x/y/theta/t_err: 0.00107 0.00000 0.00000 -0.13559 -0.12834 -0.02242 -0.03369 -0.02242 -0.03369 -0.01902 -1.52784 180.86633 -0.18987
target: 0.00000 0.00000
target: 0.00000 0.00000
fb: -0.11830 0.00462 0.00000 0.00000
fb: -0.10462 0.00433 0.00000 0.00000
dist/lin/ang/drive_left/drive_right/tv_l/tv_r/av_l/av_r/x/y/theta/t_err: 0.00319 0.06011 0.00000 -0.10896 -0.10029 0.17814 0.20756 0.17814 0.20756 -0.10139 -1.52911 180.90228 -0.19050
target: 0.06011 0.00000
target: 0.06011 0.00000
fb: -0.08743 0.01037 0.22427 0.22427
fb: -0.05236 0.00632 0.22427 0.22427
dist/lin/ang/drive_left/drive_right/tv_l/tv_r/av_l/av_r/x/y/theta/t_err: 0.00428 0.09861 0.00000 -0.05868 -0.04604 0.06467 0.04619 0.06467 0.04619 -0.14261 -1.52978 180.97078 -0.19169
target: 0.09861 0.00000
target: 0.09861 0.00000
fb: -0.01748 0.00419 0.19644 0.19644
fb: -0.00400 0.00185 0.19644 0.19644
dist/lin/ang/drive_left/drive_right/tv_l/tv_r/av_l/av_r/x/y/theta/t_err: 0.00438 0.10139 0.00000 -0.00584 -0.00215 0.18822 0.19114 0.18822 0.19114 -0.14576 -1.52983 180.99979 -0.19220
target: 0.10139 0.00000
target: 0.10139 0.00000
fb: -0.00000 -0.00156 0.12612 0.12612
fb: 0.00002 -0.00320 0.12612 0.12612
dist/lin/ang/drive_left/drive_right/tv_l/tv_r/av_l/av_r/x/y/theta/t_err: 0.00437 0.10105 0.00000 0.00321 -0.00318 0.16342 0.17281 0.16342 0.17281 -0.14575 -1.52983 180.98177 -0.19188
target: 0.10105 0.00000
target: 0.10105 0.00000
fb: 0.00003 -0.00440 0.11973 0.11973
fb: 0.00003 -0.00440 0.11973 0.11973
dist/lin/ang/drive_left/drive_right/tv_l/tv_r/av_l/av_r/x/y/theta/t_err: 0.00434 0.10031 0.00000 0.00444 -0.00437 0.11703 0.11636 0.11703 0.11636 -0.14572 -1.52983 180.94346 -0.19121
target: 0.10031 0.00000
target: 0.10031 0.00000
fb: 0.00004 -0.00753 0.11865 0.11865
fb: 0.00007 -0.01129 0.11865 0.11865
dist/lin/ang/drive_left/drive_right/tv_l/tv_r/av_l/av_r/x/y/theta/t_err: 0.00429 0.09881 0.00000 0.01136 -0.01123 0.10936 0.10867 0.10936 0.10867 -0.14567 -1.52983 180.86669 -0.18987
target: 0.09881 0.00000
target: 0.09881 0.00000
fb: 0.00406 -0.01129 0.11653 0.11653
fb: 0.04863 -0.00881 0.11653 0.11653
dist/lin/ang/drive_left/drive_right/tv_l/tv_r/av_l/av_r/x/y/theta/t_err: 0.00325 0.06305 0.00000 0.05744 0.03982 0.10917 0.10833 0.10917 0.10833 -0.10738 -1.52929 180.77324 -0.18824
target: 0.06305 0.00000
target: 0.06305 0.00000
fb: 0.10864 -0.00874 -0.12630 -0.12630
fb: 0.11834 -0.00724 -0.12630 -0.12630
dist/lin/ang/drive_left/drive_right/tv_l/tv_r/av_l/av_r/x/y/theta/t_err: 0.00083 0.00000 0.00000 0.12558 0.11109 0.05219 0.03800 0.05219 0.03800 -0.01421 -1.52810 180.69942 -0.18695
target: 0.00000 0.00000
target: 0.00000 0.00000
fb: 0.13376 -0.00092 -0.20610 -0.20610
fb: 0.14739 0.00540 -0.20610 -0.20610
dist/lin/ang/drive_left/drive_right/tv_l/tv_r/av_l/av_r/x/y/theta/t_err: -0.00211 0.00000 0.00000 0.14200 0.15279 -0.13825 -0.13825 -0.13825 -0.13825 0.10184 -1.52669 180.70697 -0.18709
target: 0.00000 0.00000
target: 0.00000 0.00000
fb: 0.13390 0.00611 0.00000 0.00000
fb: 0.09881 0.00305 0.00000 0.00000
dist/lin/ang/drive_left/drive_right/tv_l/tv_r/av_l/av_r/x/y/theta/t_err: -0.00405 -0.09194 0.00000 0.09576 0.10187 -0.10969 -0.10508 -0.10969 -0.10508 0.17964 -1.52570 180.75384 -0.18790
target: -0.09194 0.00000
target: -0.09194 0.00000
fb: 0.03684 -0.00227 -0.30065 -0.30065
fb: 0.00397 0.00156 -0.30065 -0.30065
dist/lin/ang/drive_left/drive_right/tv_l/tv_r/av_l/av_r/x/y/theta/t_err: -0.00413 -0.09430 0.00000 0.00241 0.00553 -0.10317 -0.11633 -0.10317 -0.11633 0.18277 -1.52566 180.75498 -0.18792
target: -0.09430 0.00000
target: -0.09430 0.00000
fb: 0.01741 0.00540 -0.12244 -0.12244
fb: 0.02510 0.01144 -0.12244 -0.12244
dist/lin/ang/drive_left/drive_right/tv_l/tv_r/av_l/av_r/x/y/theta/t_err: -0.00459 -0.10705 0.00000 0.01366 0.03653 -0.20431 -0.22706 -0.20431 -0.22706 0.20253 -1.52539 180.81795 -0.18902
target: -0.10705 0.00000
target: -0.10705 0.00000
fb: 0.01139 0.00966 -0.14831 -0.14831
fb: 0.00369 0.00497 -0.14831 -0.14831
dist/lin/ang/drive_left/drive_right/tv_l/tv_r/av_l/av_r/x/y/theta/t_err: -0.00461 -0.10765 0.00000 -0.00129 0.00866 -0.12833 -0.13158 -0.12833 -0.13158 0.20543 -1.52535 180.89254 -0.19033
target: -0.10765 0.00000
target: -0.10765 0.00000
fb: -0.00003 0.00206 -0.12427 -0.12427
fb: -0.00003 0.00604 -0.12427 -0.12427
dist/lin/ang/drive_left/drive_right/tv_l/tv_r/av_l/av_r/x/y/theta/t_err: -0.00459 -0.10703 0.00000 -0.00607 0.00601 -0.12628 -0.12731 -0.12628 -0.12731 0.20541 -1.52535 180.92674 -0.19092
target: -0.10703 0.00000
target: -0.10703 0.00000
fb: -0.00379 0.00249 -0.12157 -0.12157
fb: -0.02715 -0.00227 -0.12157 -0.12157
dist/lin/ang/drive_left/drive_right/tv_l/tv_r/av_l/av_r/x/y/theta/t_err: -0.00404 -0.09146 0.00000 -0.02488 -0.02943 -0.11583 -0.11792 -0.11583 -0.11792 0.18403 -1.52570 180.94154 -0.19118
target: -0.09146 0.00000
target: -0.09146 0.00000
fb: -0.08141 -0.00249 -0.08544 -0.08544
fb: -0.12599 0.00092 -0.08544 -0.08544
dist/lin/ang/drive_left/drive_right/tv_l/tv_r/av_l/av_r/x/y/theta/t_err: -0.00152 0.00000 0.00000 -0.12691 -0.12506 -0.10386 -0.10369 -0.10386 -0.10369 0.08484 -1.52732 180.93234 -0.19102
target: 0.00000 0.00000
target: 0.00000 0.00000
fb: -0.13771 0.00483 0.26292 0.26292
fb: -0.12603 0.00661 0.26292 0.26292
dist/lin/ang/drive_left/drive_right/tv_l/tv_r/av_l/av_r/x/y/theta/t_err: 0.00103 0.00000 0.00000 -0.13264 -0.11943 0.02464 0.04517 0.02464 0.04517 -0.01439 -1.52896 180.97433 -0.19175
target: 0.00000 0.00000
target: 0.00000 0.00000
fb: -0.11258 0.00639 0.00000 0.00000
fb: -0.09515 0.00575 0.00000 0.00000
dist/lin/ang/drive_left/drive_right/tv_l/tv_r/av_l/av_r/x/y/theta/t_err: 0.00296 0.04861 0.00000 -0.10090 -0.08940 0.13706 0.13756 0.13706 0.13756 -0.08930 -1.53027 181.02462 -0.19263
target: 0.04861 0.00000
target: 0.04861 0.00000
fb: -0.08544 0.00639 0.19666 0.19666
fb: -0.06403 0.00327 0.19666 0.19666
dist/lin/ang/drive_left/drive_right/tv_l/tv_r/av_l/av_r/x/y/theta/t_err: 0.00427 0.09840 0.00000 -0.06730 -0.06076 0.08006 0.08453 0.08006 0.08453 -0.13971 -1.53118 181.06775 -0.19338
target: 0.09840 0.00000
target: 0.09840 0.00000
fb: -0.02121 0.00334 0.21894 0.21894
fb: -0.00377 0.00398 0.21894 0.21894
dist/lin/ang/drive_left/drive_right/tv_l/tv_r/av_l/av_r/x/y/theta/t_err: 0.00437 0.10102 0.00000 -0.00775 0.00020 0.17522 0.17864 0.17522 0.17864 -0.14268 -1.53124 181.09425 -0.19385
target: 0.10102 0.00000
target: 0.10102 0.00000
fb: -0.00003 0.00298 0.12564 0.12564
fb: -0.00002 0.00000 0.12564 0.12564
dist/lin/ang/drive_left/drive_right/tv_l/tv_r/av_l/av_r/x/y/theta/t_err: 0.00438 0.10135 0.00000 -0.00002 -0.00002 0.16342 0.15997 0.16342 0.15997 -0.14269 -1.53124 181.11186 -0.19415
target: 0.10135 0.00000
target: 0.10135 0.00000
fb: 0.00000 -0.00121 0.12122 0.12122
fb: 0.00001 -0.00192 0.12122 0.12122
dist/lin/ang/drive_left/drive_right/tv_l/tv_r/av_l/av_r/x/y/theta/t_err: 0.00437 0.10110 0.00000 0.00193 -0.00191 0.11944 0.11792 0.11944 0.11792 -0.14268 -1.53124 181.09851 -0.19392
target: 0.10110 0.00000
target: 0.10110 0.00000
fb: 0.00003 -0.00604 0.11993 0.11993
fb: 0.00005 -0.00852 0.11993 0.11993
dist/lin/ang/drive_left/drive_right/tv_l/tv_r/av_l/av_r/x/y/theta/t_err: 0.00433 0.09995 0.00000 0.00858 -0.00847 0.11500 0.11275 0.11500 0.11275 -0.14264 -1.53124 181.03898 -0.19288
target: 0.09995 0.00000
target: 0.09995 0.00000
fb: 0.00382 -0.00852 0.11768 0.11768
fb: 0.03096 -0.00909 0.11768 0.11768
dist/lin/ang/drive_left/drive_right/tv_l/tv_r/av_l/av_r/x/y/theta/t_err: 0.00365 0.07893 0.00000 0.04005 0.02187 0.10953 0.10917 0.10953 0.10917 -0.11826 -1.53082 180.96012 -0.19150
target: 0.07893 0.00000
target: 0.07893 0.00000
fb: 0.09319 -0.00923 -0.09045 -0.09045
fb: 0.11459 -0.00597 -0.09045 -0.09045
dist/lin/ang/drive_left/drive_right/tv_l/tv_r/av_l/av_r/x/y/theta/t_err: 0.00131 0.00000 0.00000 0.12055 0.10862 0.05389 0.05286 0.05389 0.05286 -0.02805 -1.52936 180.88737 -0.19024
target: 0.00000 0.00000
target: 0.00000 0.00000
fb: 0.11456 -0.00078 -0.23787 -0.23787
fb: 0.13570 0.00327 -0.23787 -0.23787
dist/lin/ang/drive_left/drive_right/tv_l/tv_r/av_l/av_r/x/y/theta/t_err: -0.00140 0.00000 0.00000 0.13243 0.13897 -0.11328 -0.11447 -0.11328 -0.11447 0.07879 -1.52771 180.89103 -0.19030
target: 0.00000 0.00000
target: 0.00000 0.00000
fb: 0.13369 0.00369 0.00000 0.00000
fb: 0.10853 0.00568 0.00000 0.00000
dist/lin/ang/drive_left/drive_right/tv_l/tv_r/av_l/av_r/x/y/theta/t_err: -0.00354 -0.07478 0.00000 0.10285 0.11421 -0.15519 -0.15006 -0.15519 -0.15006 0.16424 -1.52636 180.93159 -0.19101
target: -0.07478 0.00000
target: -0.07478 0.00000
fb: 0.05426 -0.00483 -0.25947 -0.25947
fb: 0.00972 -0.00206 -0.25947 -0.25947
dist/lin/ang/drive_left/drive_right/tv_l/tv_r/av_l/av_r/x/y/theta/t_err: -0.00375 -0.08206 0.00000 0.01178 0.00766 -0.06794 -0.07564 -0.06794 -0.07564 0.17189 -1.52624 180.91698 -0.19075
target: -0.08206 0.00000
target: -0.08206 0.00000
fb: 0.00774 0.00071 -0.12738 -0.12738
fb: 0.01741 0.00867 -0.12738 -0.12738
dist/lin/ang/drive_left/drive_right/tv_l/tv_r/av_l/av_r/x/y/theta/t_err: -0.00407 -0.09258 0.00000 0.00874 0.02607 -0.19008 -0.18961 -0.19008 -0.18961 0.18559 -1.52601 180.94545 -0.19125
target: -0.09258 0.00000
target: -0.09258 0.00000
fb: 0.00965 0.00632 -0.13808 -0.13808
fb: 0.00393 0.00092 -0.13808 -0.13808
dist/lin/ang/drive_left/drive_right/tv_l/tv_r/av_l/av_r/x/y/theta/t_err: -0.00412 -0.09401 0.00000 0.00301 0.00485 -0.12319 -0.12233 -0.12319 -0.12233 0.18869 -1.52596 180.99098 -0.19204
target: -0.09401 0.00000
target: -0.09401 0.00000
fb: 0.00396 0.00135 -0.12047 -0.12047
fb: -0.00002 0.00540 -0.12047 -0.12047
dist/lin/ang/drive_left/drive_right/tv_l/tv_r/av_l/av_r/x/y/theta/t_err: -0.00410 -0.09345 0.00000 -0.00542 0.00537 -0.11978 -0.12406 -0.11978 -0.12406 0.18867 -1.52596 181.01802 -0.19252
target: -0.09345 0.00000
target: -0.09345 0.00000
fb: -0.00400 0.00121 -0.11626 -0.11626
fb: -0.00398 -0.00298 -0.11626 -0.11626
dist/lin/ang/drive_left/drive_right/tv_l/tv_r/av_l/av_r/x/y/theta/t_err: -0.00402 -0.09089 0.00000 -0.00099 -0.00696 -0.11258 -0.11533 -0.11258 -0.11533 0.18554 -1.52602 181.02507 -0.19264
target: -0.09089 0.00000
target: -0.09089 0.00000
fb: -0.03882 -0.00320 -0.11124 -0.11124
fb: -0.09487 0.00000 -0.11124 -0.11124
dist/lin/ang/drive_left/drive_right/tv_l/tv_r/av_l/av_r/x/y/theta/t_err: -0.00213 0.00000 0.00000 -0.09487 -0.09487 -0.10714 -0.11000 -0.10714 -0.11000 0.11085 -1.52734 181.00971 -0.19237
target: 0.00000 0.00000
target: 0.00000 0.00000
fb: -0.12204 0.00504 0.26179 0.26179
fb: -0.12427 0.00646 0.26179 0.26179
dist/lin/ang/drive_left/drive_right/tv_l/tv_r/av_l/av_r/x/y/theta/t_err: 0.00038 0.00000 0.00000 -0.13073 -0.11781 -0.01008 -0.03147 -0.01008 -0.03147 0.01301 -1.52910 181.05481 -0.19316
target: 0.00000 0.00000
target: 0.00000 0.00000
fb: -0.11457 0.00490 0.00000 0.00000
fb: -0.10485 0.00469 0.00000 0.00000
dist/lin/ang/drive_left/drive_right/tv_l/tv_r/av_l/av_r/x/y/theta/t_err: 0.00251 0.00000 0.00000 -0.10954 -0.10016 0.13619 0.13550 0.13619 0.13550 -0.06953 -1.53065 181.09546 -0.19387
target: 0.00000 0.00000
target: 0.00000 0.00000
fb: -0.08918 0.00646 0.00000 0.00000
fb: -0.06403 0.00284 0.00000 0.00000
dist/lin/ang/drive_left/drive_right/tv_l/tv_r/av_l/av_r/x/y/theta/t_err: 0.00382 0.08448 0.00000 -0.06687 -0.06119 0.00819 0.00908 0.00819 0.00908 -0.11994 -1.53163 181.13600 -0.19457
target: 0.08448 0.00000
target: 0.08448 0.00000
fb: -0.02716 0.00185 0.28274 0.28274
fb: -0.01546 0.00362 0.28274 0.28274
dist/lin/ang/drive_left/drive_right/tv_l/tv_r/av_l/av_r/x/y/theta/t_err: 0.00414 0.09452 0.00000 -0.01909 -0.01184 0.09600 0.10558 0.09600 0.10558 -0.13211 -1.53187 181.15456 -0.19490
target: 0.09452 0.00000
target: 0.09452 0.00000
fb: -0.02517 0.00000 0.13790 0.13790
fb: -0.01741 -0.00661 0.13790 0.13790
dist/lin/ang/drive_left/drive_right/tv_l/tv_r/av_l/av_r/x/y/theta/t_err: 0.00447 0.10393 0.00000 -0.01081 -0.02402 0.19369 0.21250 0.19369 0.21250 -0.14582 -1.53215 181.13375 -0.19454
target: 0.10393 0.00000
target: 0.10393 0.00000
fb: -0.00392 -0.00582 0.14039 0.14039
fb: 0.00004 -0.00419 0.14039 0.14039
increased target to 32.00000
increased target to 40.00000
increased target to 48.00000
start is 0.00000 0.00000
dist/lin/ang/drive_left/drive_right/tv_l/tv_r/av_l/av_r/x/y/theta/t_err: 1.21920 1.77800 0.00000 -0.00000 -0.00000 0.00000 -0.00017 0.00000 -0.00017 -0.00000 -0.00000 0.00159 -0.00003
target: 1.77800 0.00000
target: 1.77800 0.00000
fb: 0.00000 0.00000 1.00000 1.00000
fb: 0.00000 0.00000 1.00000 1.00000
dist/lin/ang/drive_left/drive_right/tv_l/tv_r/av_l/av_r/x/y/theta/t_err: 1.21920 1.77800 0.00000 0.00000 0.00000 0.07272 0.08417 0.07272 0.08417 0.00000 -0.00000 -0.00261 0.00005
target: 1.77800 0.00000
target: 1.77800 0.00000
fb: 0.00000 0.00000 1.00000 1.00000
fb: 0.00001 -0.00107 1.00000 1.00000
dist/lin/ang/drive_left/drive_right/tv_l/tv_r/av_l/av_r/x/y/theta/t_err: 1.21920 1.77800 0.00000 0.00107 -0.00106 0.48528 0.53300 0.48528 0.53300 0.00001 -0.00000 -0.00898 0.00016
target: 1.77800 0.00000
target: 1.77800 0.00000
fb: 0.00379 -0.01051 1.00000 1.00000
fb: 0.02324 -0.00867 1.00000 1.00000
dist/lin/ang/drive_left/drive_right/tv_l/tv_r/av_l/av_r/x/y/theta/t_err: 1.21874 1.77800 0.00000 0.03190 0.01457 0.70000 0.75528 0.70000 0.75528 0.01830 -0.00002 -0.08706 0.00152
target: 1.77800 0.00000
target: 1.77800 0.00000
fb: 0.14748 -0.01207 1.00000 1.00000
fb: 0.25805 -0.01889 1.00000 1.00000
dist/lin/ang/drive_left/drive_right/tv_l/tv_r/av_l/av_r/x/y/theta/t_err: 1.21357 1.77800 0.00000 0.27695 0.23916 0.64528 0.78111 0.64528 0.78111 0.22149 -0.00051 -0.20230 0.00354
target: 1.77800 0.00000
target: 1.77800 0.00000
fb: 0.33180 -0.02110 1.00000 1.00000
fb: 0.42689 -0.01165 1.00000 1.00000
dist/lin/ang/drive_left/drive_right/tv_l/tv_r/av_l/av_r/x/y/theta/t_err: 1.20504 1.77800 0.00000 0.43854 0.41524 0.71883 0.76606 0.71883 0.76606 0.55763 -0.00221 -0.35733 0.00628
target: 1.77800 0.00000
target: 1.77800 0.00000
fb: 0.43653 0.00000 1.00000 1.00000
fb: 0.45963 0.00490 1.00000 1.00000
dist/lin/ang/drive_left/drive_right/tv_l/tv_r/av_l/av_r/x/y/theta/t_err: 1.19584 1.77800 0.00000 0.45473 0.46453 0.76247 0.76728 0.76247 0.76728 0.91953 -0.00450 -0.35195 0.00624
target: 1.77800 0.00000
target: 1.77800 0.00000
fb: 0.48476 0.00419 1.00000 1.00000
fb: 0.54302 0.00241 1.00000 1.00000
dist/lin/ang/drive_left/drive_right/tv_l/tv_r/av_l/av_r/x/y/theta/t_err: 1.18498 1.77800 0.00000 0.54060 0.54543 0.81467 0.76211 0.81467 0.76211 1.34710 -0.00700 -0.32518 0.00583
target: 1.77800 0.00000
target: 1.77800 0.00000
fb: 0.60504 0.00000 1.00000 1.00000
fb: 0.60881 -0.00362 1.00000 1.00000
dist/lin/ang/drive_left/drive_right/tv_l/tv_r/av_l/av_r/x/y/theta/t_err: 1.17281 1.77800 0.00000 0.61243 0.60519 0.81328 0.76569 0.81328 0.76569 1.82647 -0.00975 -0.33754 0.00610
target: 1.77800 0.00000
target: 1.77800 0.00000
fb: 0.68850 -0.00916 1.00000 1.00000
fb: 0.74106 -0.01449 1.00000 1.00000
dist/lin/ang/drive_left/drive_right/tv_l/tv_r/av_l/av_r/x/y/theta/t_err: 1.15799 1.77800 0.00000 0.75555 0.72657 0.82372 0.79036 0.82372 0.79036 2.40997 -0.01362 -0.43466 0.00789
target: 1.77800 0.00000
target: 1.77800 0.00000
fb: 0.68285 -0.01896 1.00000 1.00000
fb: 0.78945 -0.02124 1.00000 1.00000
dist/lin/ang/drive_left/drive_right/tv_l/tv_r/av_l/av_r/x/y/theta/t_err: 1.14220 1.77800 0.00000 0.81069 0.76822 0.83125 0.82594 0.83125 0.82594 3.03156 -0.01936 -0.61020 0.01108
target: 1.77800 0.00000
target: 1.77800 0.00000
fb: 0.88061 -0.02557 1.00000 1.00000
fb: 0.93890 -0.02933 1.00000 1.00000
dist/lin/ang/drive_left/drive_right/tv_l/tv_r/av_l/av_r/x/y/theta/t_err: 1.12342 1.77800 0.00000 0.96823 0.90956 0.84269 0.84358 0.84269 0.84358 3.77079 -0.02883 -0.84932 0.01548
target: 1.77800 0.00000
target: 1.77800 0.00000
fb: 1.10573 -0.03104 1.00000 1.00000
fb: 1.09602 -0.02692 1.00000 1.00000
dist/lin/ang/drive_left/drive_right/tv_l/tv_r/av_l/av_r/x/y/theta/t_err: 1.10151 1.77800 0.00000 1.12294 1.06910 0.86464 0.86803 0.86464 0.86803 4.63367 -0.04354 -1.10392 0.02027
target: 1.77800 0.00000
target: 1.77800 0.00000
fb: 1.06489 -0.02699 1.00000 1.00000
fb: 1.20655 -0.02891 1.00000 1.00000
dist/lin/ang/drive_left/drive_right/tv_l/tv_r/av_l/av_r/x/y/theta/t_err: 1.07738 1.77800 0.00000 1.23546 1.17764 0.87761 0.88156 0.87761 0.88156 5.58349 -0.06383 -1.33676 0.02484
target: 1.77800 0.00000
target: 1.77800 0.00000
fb: 1.22199 -0.02294 1.00000 1.00000
fb: 1.17342 -0.02031 1.00000 1.00000
dist/lin/ang/drive_left/drive_right/tv_l/tv_r/av_l/av_r/x/y/theta/t_err: 1.05392 1.77800 0.00000 1.19374 1.15311 0.88289 0.88497 0.88289 0.88497 6.50715 -0.08709 -1.53537 0.02890
target: 1.77800 0.00000
target: 1.77800 0.00000
fb: 1.14825 -0.02053 1.00000 1.00000
fb: 1.19680 -0.02166 1.00000 1.00000
dist/lin/ang/drive_left/drive_right/tv_l/tv_r/av_l/av_r/x/y/theta/t_err: 1.03000 1.77800 0.00000 1.21846 1.17514 0.88908 0.88994 0.88908 0.88994 7.44913 -0.11390 -1.72135 0.03285
target: 1.77800 0.00000
target: 1.77800 0.00000
fb: 1.33648 -0.01854 1.00000 1.00000
fb: 1.30733 -0.01676 1.00000 1.00000
dist/lin/ang/drive_left/drive_right/tv_l/tv_r/av_l/av_r/x/y/theta/t_err: 1.00387 1.77800 0.00000 1.32409 1.29057 0.89061 0.89217 0.89061 0.89217 8.47802 -0.14633 -1.88581 0.03662
target: 1.77800 0.00000
target: 1.77800 0.00000
fb: 1.33249 -0.02067 1.00000 1.00000
fb: 1.44879 -0.02159 1.00000 1.00000
dist/lin/ang/drive_left/drive_right/tv_l/tv_r/av_l/av_r/x/y/theta/t_err: 0.97491 1.77800 0.00000 1.47039 1.42720 0.90314 0.90686 0.90314 0.90686 9.61812 -0.18570 -2.07068 0.04098
target: 1.77800 0.00000
target: 1.77800 0.00000
fb: 1.40444 -0.02067 1.00000 1.00000
fb: 1.42959 -0.01982 1.00000 1.00000
dist/lin/ang/drive_left/drive_right/tv_l/tv_r/av_l/av_r/x/y/theta/t_err: 0.94635 1.77800 0.00000 1.44941 1.40977 0.92225 0.92400 0.92225 0.92400 10.74298 -0.22825 -2.25154 0.04542
target: 1.77800 0.00000
target: 1.77800 0.00000
fb: 1.49136 -0.01854 1.00000 1.00000
fb: 1.48562 -0.01818 1.00000 1.00000
dist/lin/ang/drive_left/drive_right/tv_l/tv_r/av_l/av_r/x/y/theta/t_err: 0.91667 1.77800 0.00000 1.50380 1.46743 0.92192 0.92639 0.92192 0.92639 11.91178 -0.27582 -2.40563 0.04963
target: 1.77800 0.00000
target: 1.77800 0.00000
fb: 1.57697 -0.01896 0.99839 1.00000
fb: 1.52844 -0.01904 1.00000 1.00000
dist/lin/ang/drive_left/drive_right/tv_l/tv_r/av_l/av_r/x/y/theta/t_err: 0.88614 1.77800 0.00000 1.54747 1.50940 0.85811 0.93544 0.85811 0.93544 13.11414 -0.32803 -2.57468 0.05434
target: 1.77800 0.00000
target: 1.77800 0.00000
fb: 1.46048 -0.01960 1.00000 1.00000
fb: 1.59418 -0.01534 0.98979 1.00000
dist/lin/ang/drive_left/drive_right/tv_l/tv_r/av_l/av_r/x/y/theta/t_err: 0.85431 1.77800 0.00000 1.60952 1.57884 0.87814 0.95050 0.87814 0.95050 14.36805 -0.38629 -2.73163 0.05916
target: 1.77800 0.00000
target: 1.77800 0.00000
fb: 1.59814 -0.01548 0.98781 1.00000
fb: 1.55179 -0.01200 1.00000 1.00000
dist/lin/ang/drive_left/drive_right/tv_l/tv_r/av_l/av_r/x/y/theta/t_err: 0.82333 1.77800 0.00000 1.56379 1.53979 0.80181 0.96147 0.80181 0.96147 15.58848 -0.44594 -2.85837 0.06365
target: 1.77800 0.00000
target: 1.77800 0.00000
fb: 1.54182 -0.00220 1.00000 1.00000
fb: 1.47204 0.00000 1.00000 1.00000
dist/lin/ang/drive_left/drive_right/tv_l/tv_r/av_l/av_r/x/y/theta/t_err: 0.79395 1.77800 0.00000 1.47204 1.47204 0.84253 0.96914 0.84253 0.96914 16.74611 -0.50412 -2.88780 0.06653
target: 1.77800 0.00000
target: 1.77800 0.00000
fb: 1.56316 -0.00128 1.00000 1.00000
fb: 1.59603 0.00227 0.98887 1.00000
dist/lin/ang/drive_left/drive_right/tv_l/tv_r/av_l/av_r/x/y/theta/t_err: 0.76211 1.77800 0.00000 1.59375 1.59830 0.94436 0.96097 0.94436 0.96097 18.00122 -0.56749 -2.88442 0.06926
target: 1.77800 0.00000
target: 1.77800 0.00000
fb: 1.57881 -0.00099 0.99748 1.00000
fb: 1.72603 -0.00824 0.92387 0.94165
dist/lin/ang/drive_left/drive_right/tv_l/tv_r/av_l/av_r/x/y/theta/t_err: 0.72767 1.77800 0.00000 1.73427 1.71779 0.80850 0.97053 0.80850 0.97053 19.35857 -0.63605 -2.91832 0.07314
target: 1.77800 0.00000
target: 1.77800 0.00000
fb: 1.81919 -0.01016 0.87728 0.89506
fb: 1.79402 -0.00462 0.88987 0.90765
dist/lin/ang/drive_left/drive_right/tv_l/tv_r/av_l/av_r/x/y/theta/t_err: 0.69189 1.77800 0.00000 1.79864 1.78941 0.82544 0.85419 0.82544 0.85419 20.76930 -0.70903 -2.99013 0.07822
target: 1.77800 0.00000
target: 1.77800 0.00000
fb: 1.68342 -0.00085 0.94517 0.96295
fb: 1.63686 -0.00490 0.96845 0.98623
dist/lin/ang/drive_left/drive_right/tv_l/tv_r/av_l/av_r/x/y/theta/t_err: 0.65926 1.77800 0.00000 1.64176 1.63196 0.82422 0.86119 0.82422 0.86119 22.05641 -0.77626 -2.99841 0.08224
target: 1.77800 0.00000
target: 1.77800 0.00000
fb: 1.80548 -0.00987 0.88414 0.90192
fb: 1.83661 -0.00575 0.86858 0.88636
dist/lin/ang/drive_left/drive_right/tv_l/tv_r/av_l/av_r/x/y/theta/t_err: 0.62266 1.77800 0.00000 1.84236 1.83085 0.85917 0.88294 0.85917 0.88294 23.50053 -0.85278 -3.06354 0.08826
target: 1.77800 0.00000
target: 1.77800 0.00000
fb: 1.73972 -0.00590 0.91702 0.93480
fb: 1.70686 -0.01044 0.93345 0.95123
dist/lin/ang/drive_left/drive_right/tv_l/tv_r/av_l/av_r/x/y/theta/t_err: 0.58867 1.77800 0.00000 1.71730 1.69641 0.84153 0.86169 0.84153 0.86169 24.84255 -0.92523 -3.12597 0.09449
target: 1.77800 0.00000
target: 1.77800 0.00000
fb: 1.75720 -0.01641 0.90828 0.92606
fb: 1.83467 -0.01541 0.86954 0.88732
dist/lin/ang/drive_left/drive_right/tv_l/tv_r/av_l/av_r/x/y/theta/t_err: 0.55215 1.75250 0.00000 1.85009 1.81926 0.86050 0.87367 0.86050 0.87367 26.28494 -1.00560 -3.25269 0.10305
target: 1.75250 0.00000
target: 1.75250 0.00000
fb: 1.76495 -0.01577 0.76515 0.78268
fb: 1.73008 -0.01428 0.78258 0.80011
dist/lin/ang/drive_left/drive_right/tv_l/tv_r/av_l/av_r/x/y/theta/t_err: 0.51775 1.69676 0.00000 1.74436 1.71581 0.82936 0.83383 0.82936 0.83383 27.64493 -1.08444 -3.38009 0.11222
target: 1.69676 0.00000
target: 1.69676 0.00000
fb: 1.79407 -0.01570 0.56106 0.57803
fb: 1.73384 -0.01804 0.59118 0.60814
dist/lin/ang/drive_left/drive_right/tv_l/tv_r/av_l/av_r/x/y/theta/t_err: 0.48331 1.63907 0.00000 1.75188 1.71580 0.75067 0.73681 0.75067 0.73681 29.00769 -1.16641 -3.51348 0.12266
target: 1.63907 0.00000
target: 1.63907 0.00000
fb: 1.74951 -0.01648 0.51915 0.53554
fb: 1.76892 -0.01378 0.50945 0.52584
dist/lin/ang/drive_left/drive_right/tv_l/tv_r/av_l/av_r/x/y/theta/t_err: 0.44823 1.57813 0.00000 1.78270 1.75514 0.64369 0.62486 0.64369 0.62486 30.39782 -1.25337 -3.64077 0.13463
target: 1.57813 0.00000
target: 1.57813 0.00000
fb: 1.70667 -0.01250 0.46743 0.48321
fb: 1.74351 -0.00994 0.44901 0.46479
dist/lin/ang/drive_left/drive_right/tv_l/tv_r/av_l/av_r/x/y/theta/t_err: 0.41370 1.51578 0.00000 1.75346 1.73357 0.56125 0.56858 0.56125 0.56858 31.76782 -1.34173 -3.73518 0.14766
target: 1.51578 0.00000
target: 1.51578 0.00000
fb: 1.67774 -0.00732 0.41568 0.43084
fb: 1.65429 0.00405 0.42740 0.44256
dist/lin/ang/drive_left/drive_right/tv_l/tv_r/av_l/av_r/x/y/theta/t_err: 0.38101 1.45427 0.00000 1.65024 1.65834 0.51894 0.53558 0.51894 0.53558 33.06762 -1.42696 -3.74589 0.16065
target: 1.45427 0.00000
target: 1.45427 0.00000
fb: 1.58629 0.00163 0.40615 0.42070
fb: 1.57484 -0.00192 0.41188 0.42642
dist/lin/ang/drive_left/drive_right/tv_l/tv_r/av_l/av_r/x/y/theta/t_err: 0.34995 1.39332 0.00000 1.57675 1.57292 0.50511 0.51950 0.50511 0.51950 34.30502 -1.50769 -3.73451 0.17483
target: 1.39332 0.00000
target: 1.39332 0.00000
fb: 1.66795 0.01094 0.30937 0.32331
fb: 1.55335 0.01762 0.36667 0.38060
dist/lin/ang/drive_left/drive_right/tv_l/tv_r/av_l/av_r/x/y/theta/t_err: 0.31940 1.33065 0.00000 1.53574 1.57097 0.45603 0.45103 0.45603 0.45103 35.52559 -1.58653 -3.63273 0.18991
target: 1.33065 0.00000
target: 1.33065 0.00000
fb: 1.56105 0.01144 0.29486 0.30817
fb: 1.54563 0.01229 0.30258 0.31588
dist/lin/ang/drive_left/drive_right/tv_l/tv_r/av_l/av_r/x/y/theta/t_err: 0.28910 1.26542 0.00000 1.53334 1.55792 0.38619 0.42094 0.38619 0.42094 36.74024 -1.66253 -3.52972 0.20820
target: 1.26542 0.00000
target: 1.26542 0.00000
fb: 1.37104 0.03274 0.31576 0.32841
fb: 1.40195 0.06378 0.30030 0.31295
dist/lin/ang/drive_left/drive_right/tv_l/tv_r/av_l/av_r/x/y/theta/t_err: 0.26171 1.20343 0.00000 1.33817 1.46574 0.38908 0.38411 0.38908 0.38411 37.84223 -1.72746 -3.14932 0.22342
target: 1.20343 0.00000
target: 1.20343 0.00000
fb: 1.34159 0.04837 0.28556 0.29759
fb: 1.29694 0.01833 0.30789 0.31992
dist/lin/ang/drive_left/drive_right/tv_l/tv_r/av_l/av_r/x/y/theta/t_err: 0.23646 1.14331 0.00000 1.27861 1.31526 0.38500 0.39886 0.38500 0.39886 38.86210 -1.77963 -2.78771 0.24100
target: 1.14331 0.00000
target: 1.14331 0.00000
fb: 1.35361 0.00540 0.23023 0.24166
fb: 1.27623 0.01016 0.26892 0.28036
dist/lin/ang/drive_left/drive_right/tv_l/tv_r/av_l/av_r/x/y/theta/t_err: 0.21176 1.08126 0.00000 1.26607 1.28638 0.33108 0.36806 0.33108 0.36806 39.86585 -1.82788 -2.71039 0.26835
target: 1.08126 0.00000
target: 1.08126 0.00000
fb: 1.25082 0.01342 0.21335 0.22417
fb: 1.14028 0.00724 0.26863 0.27944
dist/lin/ang/drive_left/drive_right/tv_l/tv_r/av_l/av_r/x/y/theta/t_err: 0.18986 1.02311 0.00000 1.13303 1.14752 0.29344 0.33092 0.29344 0.33092 40.76274 -1.86950 -2.61045 0.29835
target: 1.02311 0.00000
target: 1.02311 0.00000
fb: 1.13632 0.01392 0.23234 0.24257
fb: 1.16913 0.02870 0.21593 0.22616
dist/lin/ang/drive_left/drive_right/tv_l/tv_r/av_l/av_r/x/y/theta/t_err: 0.16764 0.96052 0.00000 1.14044 1.19783 0.29772 0.30953 0.29772 0.30953 41.68240 -1.91044 -2.45046 0.33643
target: 0.96052 0.00000
target: 0.96052 0.00000
fb: 1.05099 0.03239 0.19496 0.20457
fb: 1.00839 0.02827 0.21626 0.22587
dist/lin/ang/drive_left/drive_right/tv_l/tv_r/av_l/av_r/x/y/theta/t_err: 0.13834 0.87112 0.00000 0.98012 1.03666 0.26111 0.26897 0.26111 0.26897 42.47577 -1.94246 -2.17849 0.33168
target: 0.87112 0.00000
target: 0.87112 0.00000
fb: 1.01989 0.02649 -0.15599 -0.14728
fb: 0.95968 0.01982 -0.12589 -0.11717
dist/lin/ang/drive_left/drive_right/tv_l/tv_r/av_l/av_r/x/y/theta/t_err: 0.11935 0.80792 0.00000 0.93986 0.97949 0.18033 0.18853 0.18033 0.18853 43.23093 -1.96973 -1.96344 0.32793
target: 0.80792 0.00000
target: 0.80792 0.00000
fb: 0.88027 0.02102 0.13107 0.13915
fb: 0.82223 0.02280 0.16009 0.16817
dist/lin/ang/drive_left/drive_right/tv_l/tv_r/av_l/av_r/x/y/theta/t_err: 0.10308 0.74956 0.00000 0.79943 0.84503 0.04586 0.05733 0.04586 0.05733 43.87800 -1.99090 -1.77245 0.32459
target: 0.74956 0.00000
target: 0.74956 0.00000
fb: 0.72115 0.02529 0.17641 0.18390
fb: 0.64745 0.02102 0.21326 0.22075
dist/lin/ang/drive_left/drive_right/tv_l/tv_r/av_l/av_r/x/y/theta/t_err: 0.09033 0.70041 0.00000 0.62643 0.66847 0.18342 0.19369 0.18342 0.19369 44.38759 -2.00573 -1.56361 0.32095
target: 0.70041 0.00000
target: 0.70041 0.00000
fb: 0.60114 0.01605 0.23065 0.23765
fb: 0.62455 0.01698 0.21894 0.22594
dist/lin/ang/drive_left/drive_right/tv_l/tv_r/av_l/av_r/x/y/theta/t_err: 0.07798 0.64928 0.00000 0.60758 0.64153 0.21783 0.21986 0.21783 0.21986 44.87920 -2.01847 -1.41126 0.31829
target: 0.64928 0.00000
target: 0.64928 0.00000
fb: 0.63006 0.01896 0.15820 0.16469
fb: 0.56210 0.01712 0.19218 0.19868
dist/lin/ang/drive_left/drive_right/tv_l/tv_r/av_l/av_r/x/y/theta/t_err: 0.06689 0.59965 0.00000 0.54498 0.57922 0.20294 0.21647 0.20294 0.21647 45.32168 -2.02876 -1.25111 0.31549
target: 0.59965 0.00000
target: 0.59965 0.00000
fb: 0.60116 0.01541 0.13172 0.13772
fb: 0.64376 0.01435 0.11042 0.11642
dist/lin/ang/drive_left/drive_right/tv_l/tv_r/av_l/av_r/x/y/theta/t_err: 0.05414 0.53698 0.00000 0.62941 0.65811 0.17864 0.19456 0.17864 0.19456 45.82847 -2.03921 -1.11235 0.31307
target: 0.53698 0.00000
target: 0.53698 0.00000
fb: 0.54493 0.00732 -0.11897 -0.11360
fb: 0.48099 0.00000 -0.08700 -0.08163
dist/lin/ang/drive_left/drive_right/tv_l/tv_r/av_l/av_r/x/y/theta/t_err: 0.04457 0.48462 0.00000 0.48099 0.48099 0.03919 0.10300 0.03919 0.10300 46.20713 -2.04634 -1.06019 0.31216
target: 0.48462 0.00000
target: 0.48462 0.00000
fb: 0.45191 -0.00263 0.18549 0.18549
fb: 0.39369 -0.00724 0.21461 0.21461
dist/lin/ang/drive_left/drive_right/tv_l/tv_r/av_l/av_r/x/y/theta/t_err: 0.03667 0.43668 0.00000 0.40093 0.38644 0.03200 -0.02633 0.03200 -0.02633 46.51707 -2.05214 -1.09309 0.31274
target: 0.43668 0.00000
target: 0.43668 0.00000
fb: 0.33168 0.00000 0.21130 0.21130
fb: 0.28906 0.00099 0.23260 0.23260
dist/lin/ang/drive_left/drive_right/tv_l/tv_r/av_l/av_r/x/y/theta/t_err: 0.03088 0.39798 0.00000 0.28807 0.29006 0.19522 0.18633 0.19522 0.18633 46.74463 -2.05649 -1.09316 0.31274
target: 0.39798 0.00000
target: 0.39798 0.00000
fb: 0.32964 0.00533 0.19595 0.19595
fb: 0.38589 0.00547 0.16782 0.16782
dist/lin/ang/drive_left/drive_right/tv_l/tv_r/av_l/av_r/x/y/theta/t_err: 0.02321 0.33984 0.00000 0.38042 0.39136 0.21061 0.21611 0.21061 0.21611 47.04843 -2.06217 -1.04817 0.31195
target: 0.33984 0.00000
target: 0.33984 0.00000
fb: 0.38964 0.00717 -0.08524 -0.08524
fb: 0.39161 0.01108 -0.08622 -0.08622
dist/lin/ang/drive_left/drive_right/tv_l/tv_r/av_l/av_r/x/y/theta/t_err: 0.01544 0.26852 0.00000 0.38052 0.40269 0.07392 0.13894 0.07392 0.13894 47.35674 -2.06763 -0.97448 0.31067
target: 0.26852 0.00000
target: 0.26852 0.00000
fb: 0.35870 0.01222 -0.16032 -0.16032
fb: 0.30641 0.00710 -0.13417 -0.13417
dist/lin/ang/drive_left/drive_right/tv_l/tv_r/av_l/av_r/x/y/theta/t_err: 0.00940 0.19583 0.00000 0.29931 0.31351 -0.09547 -0.07289 -0.09547 -0.07289 47.59797 -2.07151 -0.87960 0.30901
target: 0.19583 0.00000
target: 0.19583 0.00000
fb: 0.27359 -0.00490 -0.18594 -0.18594
fb: 0.19599 -0.01335 -0.14714 -0.14714
dist/lin/ang/drive_left/drive_right/tv_l/tv_r/av_l/av_r/x/y/theta/t_err: 0.00544 0.12721 0.00000 0.20934 0.18264 -0.14256 -0.13003 -0.14256 -0.13003 47.75228 -2.07391 -0.93063 0.30990
target: 0.12721 0.00000
target: 0.12721 0.00000
fb: 0.13380 -0.00817 -0.16636 -0.16636
fb: 0.10462 0.00305 -0.16636 -0.16636
dist/lin/ang/drive_left/drive_right/tv_l/tv_r/av_l/av_r/x/y/theta/t_err: 0.00331 0.06561 0.00000 0.10157 0.10768 -0.14269 -0.14253 -0.14269 -0.14253 47.83465 -2.07529 -0.96628 0.31052
target: 0.06561 0.00000
target: 0.06561 0.00000
fb: 0.07170 0.00000 -0.17694 -0.17694
fb: 0.03112 -0.00639 -0.17694 -0.17694
dist/lin/ang/drive_left/drive_right/tv_l/tv_r/av_l/av_r/x/y/theta/t_err: 0.00268 0.02837 0.00000 0.03751 0.02472 -0.15075 -0.15417 -0.15075 -0.15417 47.85915 -2.07570 -0.97069 0.31060
target: 0.02837 0.00000
target: 0.02837 0.00000
fb: 0.00599 -0.00675 -0.14314 -0.14314
fb: 0.00579 -0.01009 -0.14314 -0.14314
dist/lin/ang/drive_left/drive_right/tv_l/tv_r/av_l/av_r/x/y/theta/t_err: 0.00251 0.00000 0.00000 0.01588 -0.00430 -0.14992 -0.15450 -0.14992 -0.15450 47.86370 -2.07578 -1.03002 0.31163
target: 0.00000 0.00000
target: 0.00000 0.00000
fb: 0.00383 -0.01300 -0.13673 -0.13673
fb: -0.00189 -0.01286 -0.13673 -0.13673
dist/lin/ang/drive_left/drive_right/tv_l/tv_r/av_l/av_r/x/y/theta/t_err: 0.00245 0.00000 0.00000 0.01097 -0.01475 -0.13483 -0.13500 -0.13483 -0.13500 47.86222 -2.07576 -1.13827 0.31352
target: 0.00000 0.00000
target: 0.00000 0.00000
fb: -0.00191 -0.00490 0.00000 0.00000
fb: 0.00004 -0.00277 0.00000 0.00000
dist/lin/ang/drive_left/drive_right/tv_l/tv_r/av_l/av_r/x/y/theta/t_err: 0.00241 0.00000 0.00000 0.00281 -0.00273 -0.11122 -0.09086 -0.11122 -0.09086 47.86225 -2.07576 -1.18517 0.31434
target: 0.00000 0.00000
target: 0.00000 0.00000
fb: 0.00203 -0.00824 0.00000 0.00000
fb: -0.02706 -0.01442 0.00000 0.00000
dist/lin/ang/drive_left/drive_right/tv_l/tv_r/av_l/av_r/x/y/theta/t_err: 0.00287 0.04283 0.00000 -0.01264 -0.04148 -0.00667 -0.00478 -0.00667 -0.00478 47.84094 -2.07529 -1.27270 0.31587
target: 0.04283 0.00000
target: 0.04283 0.00000
fb: -0.09678 -0.01058 0.18278 0.18278
fb: -0.14337 0.00000 0.27588 0.27588
dist/lin/ang/drive_left/drive_right/tv_l/tv_r/av_l/av_r/x/y/theta/t_err: 0.00568 0.13242 0.00000 -0.14337 -0.14337 0.02344 0.04692 0.02344 0.04692 47.72808 -2.07270 -1.33523 0.31696
target: 0.13242 0.00000
target: 0.13242 0.00000
fb: -0.14741 0.00632 0.45207 0.45207
fb: -0.10485 0.00241 0.43079 0.43079
dist/lin/ang/drive_left/drive_right/tv_l/tv_r/av_l/av_r/x/y/theta/t_err: 0.00781 0.17159 0.00000 -0.10726 -0.10243 0.23342 0.26403 0.23342 0.26403 47.64555 -2.07080 -1.29806 0.31631
target: 0.17159 0.00000
target: 0.17159 0.00000
fb: -0.04280 -0.00803 0.33418 0.33418
fb: -0.00965 -0.00696 0.31761 0.31761
dist/lin/ang/drive_left/drive_right/tv_l/tv_r/av_l/av_r/x/y/theta/t_err: 0.00794 0.17377 0.00000 -0.00269 -0.01661 0.35147 0.36275 0.35147 0.36275 47.63795 -2.07063 -1.36189 0.31743
target: 0.17377 0.00000
target: 0.17377 0.00000
fb: 0.00004 0.00192 0.15385 0.15385
fb: -0.00002 0.00753 0.15385 0.15385
dist/lin/ang/drive_left/drive_right/tv_l/tv_r/av_l/av_r/x/y/theta/t_err: 0.00796 0.17408 0.00000 -0.00755 0.00751 0.24553 0.24519 0.24553 0.24519 47.63793 -2.07063 -1.34122 0.31707
target: 0.17408 0.00000
target: 0.17408 0.00000
fb: -0.00005 0.00568 0.15025 0.15025
fb: 0.03505 0.00192 0.15025 0.15025
dist/lin/ang/drive_left/drive_right/tv_l/tv_r/av_l/av_r/x/y/theta/t_err: 0.00729 0.16300 0.00000 0.03314 0.03697 0.15347 0.15397 0.15347 0.15397 47.66553 -2.07126 -1.30552 0.31644
target: 0.16300 0.00000
target: 0.16300 0.00000
fb: 0.07767 0.00000 0.12305 0.12305
fb: 0.09290 0.00142 0.12305 0.12305
dist/lin/ang/drive_left/drive_right/tv_l/tv_r/av_l/av_r/x/y/theta/t_err: 0.00544 0.12725 0.00000 0.09148 0.09432 0.13567 0.13858 0.13567 0.13858 47.73866 -2.07293 -1.30445 0.31642
target: 0.12725 0.00000
target: 0.12725 0.00000
fb: 0.12400 0.00220 -0.10060 -0.10060
fb: 0.16681 -0.00121 -0.10060 -0.10060
dist/lin/ang/drive_left/drive_right/tv_l/tv_r/av_l/av_r/x/y/theta/t_err: 0.00211 0.00000 0.00000 0.16802 0.16561 0.03508 0.09328 0.03508 0.09328 47.86997 -2.07591 -1.29839 0.31632
target: 0.00000 0.00000
target: 0.00000 0.00000
fb: 0.18426 -0.00256 -0.42663 -0.42663
fb: 0.19794 0.00071 -0.43347 -0.43347
dist/lin/ang/drive_left/drive_right/tv_l/tv_r/av_l/av_r/x/y/theta/t_err: -0.00186 0.00000 0.00000 0.19723 0.19865 -0.18069 -0.11069 -0.18069 -0.11069 48.02579 -2.07946 -1.30642 0.31646
target: 0.00000 0.00000
target: 0.00000 0.00000
fb: 0.19790 0.01101 -0.17895 -0.17895
fb: 0.13559 0.02245 0.00000 0.00000
dist/lin/ang/drive_left/drive_right/tv_l/tv_r/av_l/av_r/x/y/theta/t_err: -0.00445 -0.10337 0.00000 0.11315 0.15804 -0.28575 -0.34667 -0.28575 -0.34667 48.13253 -2.08182 -1.17775 0.31421
target: -0.10337 0.00000
target: -0.10337 0.00000
fb: 0.05218 0.00291 -0.32810 -0.32810
fb: 0.00770 -0.00519 -0.32810 -0.32810
dist/lin/ang/drive_left/drive_right/tv_l/tv_r/av_l/av_r/x/y/theta/t_err: -0.00458 -0.10687 0.00000 0.01289 0.00252 -0.13981 -0.10028 -0.13981 -0.10028 48.13859 -2.08194 -1.15326 0.31379
target: -0.10687 0.00000
target: -0.10687 0.00000
fb: 0.00000 0.00526 -0.12973 -0.12973
fb: -0.00007 0.01612 -0.12973 -0.12973
dist/lin/ang/drive_left/drive_right/tv_l/tv_r/av_l/av_r/x/y/theta/t_err: -0.00451 -0.10490 0.00000 -0.01619 0.01605 -0.21389 -0.24042 -0.21389 -0.24042 48.13853 -2.08194 -1.07374 0.31240
target: -0.10490 0.00000
target: -0.10490 0.00000
fb: -0.00009 0.00511 -0.11802 -0.11802
fb: -0.00002 -0.00554 -0.11802 -0.11802
dist/lin/ang/drive_left/drive_right/tv_l/tv_r/av_l/av_r/x/y/theta/t_err: -0.00449 -0.10435 0.00000 0.00552 -0.00556 -0.11892 -0.12028 -0.11892 -0.12028 48.13852 -2.08194 -1.05183 0.31202
target: -0.10435 0.00000
target: -0.10435 0.00000
fb: 0.00003 -0.00092 -0.12064 -0.12064
fb: 0.00000 0.00298 -0.12064 -0.12064
dist/lin/ang/drive_left/drive_right/tv_l/tv_r/av_l/av_r/x/y/theta/t_err: -0.00449 -0.10443 0.00000 -0.00298 0.00299 -0.11311 -0.11003 -0.11311 -0.11003 48.13852 -2.08194 -1.05499 0.31207
target: -0.10443 0.00000
target: -0.10443 0.00000
fb: -0.00774 0.00000 -0.12193 -0.12193
fb: -0.06200 -0.00369 -0.12193 -0.12193
dist/lin/ang/drive_left/drive_right/tv_l/tv_r/av_l/av_r/x/y/theta/t_err: -0.00326 -0.06328 0.00000 -0.05831 -0.06569 -0.11789 -0.11756 -0.11789 -0.11756 48.08971 -2.08104 -1.06056 0.31217
target: -0.06328 0.00000
target: -0.06328 0.00000
fb: -0.13194 -0.00320 0.13698 0.13698
fb: -0.15511 -0.00178 0.13698 0.13698
dist/lin/ang/drive_left/drive_right/tv_l/tv_r/av_l/av_r/x/y/theta/t_err: -0.00017 0.00000 0.00000 -0.15334 -0.15689 -0.02225 -0.05217 -0.02225 -0.05217 47.96760 -2.07877 -1.07464 0.31241
target: 0.00000 0.00000
target: 0.00000 0.00000
fb: -0.14541 0.00156 0.20656 0.20656
fb: -0.13771 0.00540 0.20656 0.20656
dist/lin/ang/drive_left/drive_right/tv_l/tv_r/av_l/av_r/x/y/theta/t_err: 0.00261 0.01915 0.00000 -0.14311 -0.13231 0.13961 0.14044 0.13961 0.14044 47.85918 -2.07675 -1.05425 0.31206
target: 0.01915 0.00000
target: 0.01915 0.00000
fb: -0.12603 0.00440 0.12595 0.12595
fb: -0.08342 -0.00270 0.12595 0.12595
dist/lin/ang/drive_left/drive_right/tv_l/tv_r/av_l/av_r/x/y/theta/t_err: 0.00429 0.09883 0.00000 -0.08072 -0.08612 0.15706 0.15589 0.15706 0.15589 47.79351 -2.07555 -1.03921 0.31180
target: 0.09883 0.00000
target: 0.09883 0.00000
fb: -0.03107 -0.01122 0.27890 0.27890
fb: -0.00390 -0.00689 0.27890 0.27890
dist/lin/ang/drive_left/drive_right/tv_l/tv_r/av_l/av_r/x/y/theta/t_err: 0.00429 0.09881 0.00000 0.00299 -0.01079 0.17111 0.17350 0.17111 0.17350 47.79044 -2.07549 -1.12456 0.31328
target: 0.09881 0.00000
target: 0.09881 0.00000
fb: 0.00006 -0.00582 0.11948 0.11948
fb: -0.00370 -0.00867 0.11948 0.11948
dist/lin/ang/drive_left/drive_right/tv_l/tv_r/av_l/av_r/x/y/theta/t_err: 0.00430 0.09928 0.00000 0.00497 -0.01236 0.19078 0.18600 0.19078 0.18600 47.78753 -2.07544 -1.18659 0.31437
target: 0.09928 0.00000
target: 0.09928 0.00000
fb: -0.00368 -0.01129 0.12066 0.12066
fb: 0.00383 -0.00760 0.12066 0.12066
dist/lin/ang/drive_left/drive_right/tv_l/tv_r/av_l/av_r/x/y/theta/t_err: 0.00415 0.09477 0.00000 0.01143 -0.00377 0.11619 0.11517 0.11619 0.11517 47.79054 -2.07550 -1.27357 0.31589
target: 0.09477 0.00000
target: 0.09477 0.00000
fb: 0.00006 -0.00753 0.10888 0.10888
fb: -0.00369 -0.00568 0.10888 0.10888
dist/lin/ang/drive_left/drive_right/tv_l/tv_r/av_l/av_r/x/y/theta/t_err: 0.00416 0.09522 0.00000 0.00199 -0.00938 0.11053 0.10847 0.11053 0.10847 47.78763 -2.07544 -1.33711 0.31699
target: 0.09522 0.00000
target: 0.09522 0.00000
fb: 0.00379 -0.00078 0.11899 0.11899
fb: 0.02516 0.00305 0.11899 0.11899
dist/lin/ang/drive_left/drive_right/tv_l/tv_r/av_l/av_r/x/y/theta/t_err: 0.00366 0.07904 0.00000 0.02210 0.02821 0.10506 0.10542 0.10506 0.10542 47.80744 -2.07590 -1.33863 0.31702
target: 0.07904 0.00000
target: 0.07904 0.00000
fb: 0.09111 0.00369 -0.08074 -0.08074
fb: 0.14339 0.00653 -0.08074 -0.08074
dist/lin/ang/drive_left/drive_right/tv_l/tv_r/av_l/av_r/x/y/theta/t_err: 0.00083 0.00000 0.00000 0.13686 0.14993 0.03183 0.02275 0.03183 0.02275 47.92032 -2.07850 -1.29853 0.31632
target: 0.00000 0.00000
target: 0.00000 0.00000
fb: 0.13763 0.01087 -0.23808 -0.23808
fb: 0.11643 0.01030 -0.23808 -0.23808
dist/lin/ang/drive_left/drive_right/tv_l/tv_r/av_l/av_r/x/y/theta/t_err: -0.00142 0.00000 0.00000 0.10613 0.12672 -0.12814 -0.12850 -0.12814 -0.12850 48.01197 -2.08051 -1.20515 0.31469
target: 0.00000 0.00000
target: 0.00000 0.00000
fb: 0.09502 0.00859 0.00000 0.00000
fb: 0.07738 0.00746 0.00000 0.00000
dist/lin/ang/drive_left/drive_right/tv_l/tv_r/av_l/av_r/x/y/theta/t_err: -0.00289 -0.04441 0.00000 0.06993 0.08484 -0.12936 -0.12425 -0.12936 -0.12425 48.07289 -2.08175 -1.12922 0.31337
target: -0.04441 0.00000
target: -0.04441 0.00000
fb: 0.05223 0.00661 -0.18660 -0.18660
fb: 0.01738 0.00256 -0.18660 -0.18660
dist/lin/ang/drive_left/drive_right/tv_l/tv_r/av_l/av_r/x/y/theta/t_err: -0.00319 -0.06032 0.00000 0.01483 0.01994 -0.07428 -0.07736 -0.07428 -0.07736 48.08657 -2.08202 -1.07538 0.31243
target: -0.06032 0.00000
target: -0.06032 0.00000
fb: 0.01168 0.00000 -0.13593 -0.13593
fb: 0.01564 0.00717 -0.13593 -0.13593
dist/lin/ang/drive_left/drive_right/tv_l/tv_r/av_l/av_r/x/y/theta/t_err: -0.00348 -0.07235 0.00000 0.00847 0.02281 -0.14200 -0.14511 -0.14200 -0.14511 48.09889 -2.08225 -1.04583 0.31191
target: -0.07235 0.00000
target: -0.07235 0.00000
fb: 0.00392 0.00433 -0.13300 -0.13300
fb: 0.00373 -0.00192 -0.13300 -0.13300
dist/lin/ang/drive_left/drive_right/tv_l/tv_r/av_l/av_r/x/y/theta/t_err: -0.00353 -0.07421 0.00000 0.00564 0.00181 -0.12578 -0.12850 -0.12578 -0.12850 48.10182 -2.08230 -1.01805 0.31143
target: -0.07421 0.00000
target: -0.07421 0.00000
fb: 0.00376 -0.00227 -0.11341 -0.11341
fb: 0.00001 -0.00064 -0.11341 -0.11341
dist/lin/ang/drive_left/drive_right/tv_l/tv_r/av_l/av_r/x/y/theta/t_err: -0.00353 -0.07455 0.00000 0.00065 -0.00063 -0.11650 -0.11739 -0.11650 -0.11739 48.10183 -2.08230 -1.02780 0.31160
target: -0.07455 0.00000
target: -0.07455 0.00000
fb: -0.00375 -0.00178 -0.11051 -0.11051
fb: -0.00374 -0.00107 -0.11051 -0.11051
dist/lin/ang/drive_left/drive_right/tv_l/tv_r/av_l/av_r/x/y/theta/t_err: -0.00347 -0.07199 0.00000 -0.00268 -0.00481 -0.10936 -0.10883 -0.10936 -0.10883 48.09888 -2.08225 -1.03603 0.31174
target: -0.07199 0.00000
target: -0.07199 0.00000
fb: -0.02913 0.00142 -0.10366 -0.10366
fb: -0.08541 0.00327 -0.10366 -0.10366
dist/lin/ang/drive_left/drive_right/tv_l/tv_r/av_l/av_r/x/y/theta/t_err: -0.00174 0.00000 0.00000 -0.08868 -0.08214 -0.10542 -0.10489 -0.10542 -0.10489 48.03164 -2.08104 -1.01773 0.31142
target: 0.00000 0.00000
target: 0.00000 0.00000
fb: -0.10682 0.00369 0.22398 0.22398
fb: -0.10661 0.00398 0.22398 0.22398
dist/lin/ang/drive_left/drive_right/tv_l/tv_r/av_l/av_r/x/y/theta/t_err: 0.00042 0.00000 0.00000 -0.11058 -0.10263 0.01386 0.00822 0.01386 0.00822 47.94771 -2.07957 -0.98750 0.31089
target: 0.00000 0.00000
target: 0.00000 0.00000
fb: -0.10462 0.00291 0.00000 0.00000
fb: -0.10086 0.00135 0.00000 0.00000
dist/lin/ang/drive_left/drive_right/tv_l/tv_r/av_l/av_r/x/y/theta/t_err: 0.00245 0.00000 0.00000 -0.10221 -0.09951 0.11672 0.11053 0.11672 0.11053 47.86830 -2.07822 -0.96938 0.31058
target: 0.00000 0.00000
target: 0.00000 0.00000
fb: -0.10680 0.00000 0.00000 0.00000
fb: -0.09509 -0.00540 0.00000 0.00000
dist/lin/ang/drive_left/drive_right/tv_l/tv_r/av_l/av_r/x/y/theta/t_err: 0.00434 0.10023 0.00000 -0.08969 -0.10049 0.00786 0.00753 0.00786 0.00753 47.79344 -2.07695 -0.98640 0.31087
target: 0.10023 0.00000
target: 0.10023 0.00000
fb: -0.05997 -0.00867 0.32054 0.32054
fb: -0.04274 -0.00781 0.32054 0.32054
dist/lin/ang/drive_left/drive_right/tv_l/tv_r/av_l/av_r/x/y/theta/t_err: 0.00512 0.12011 0.00000 -0.03493 -0.05055 0.10797 0.10422 0.10797 0.10422 47.75979 -2.07634 -1.06326 0.31221
target: 0.12011 0.00000
target: 0.12011 0.00000
fb: -0.03877 -0.00831 0.16781 0.16781
fb: -0.01912 -0.01307 0.16781 0.16781
dist/lin/ang/drive_left/drive_right/tv_l/tv_r/av_l/av_r/x/y/theta/t_err: 0.00542 0.12690 0.00000 -0.00605 -0.03219 0.22861 0.22758 0.22861 0.22758 47.74474 -2.07606 -1.15212 0.31377
target: 0.12690 0.00000
target: 0.12690 0.00000
fb: -0.00366 -0.01122 0.14435 0.14435
fb: 0.00007 -0.00483 0.14435 0.14435
dist/lin/ang/drive_left/drive_right/tv_l/tv_r/av_l/av_r/x/y/theta/t_err: 0.00535 0.12523 0.00000 0.00490 -0.00476 0.15261 0.15072 0.15261 0.15072 47.74480 -2.07606 -1.23242 0.31517
target: 0.12523 0.00000
target: 0.12523 0.00000
fb: 0.00005 -0.00909 0.12675 0.12675
fb: 0.00008 -0.01151 0.12675 0.12675
dist/lin/ang/drive_left/drive_right/tv_l/tv_r/av_l/av_r/x/y/theta/t_err: 0.00527 0.12342 0.00000 0.01158 -0.01143 0.13125 0.13158 0.13125 0.13158 47.74486 -2.07606 -1.31793 0.31666
target: 0.12342 0.00000
target: 0.12342 0.00000
fb: 0.00007 -0.00298 0.12575 0.12575
fb: 0.02892 0.00476 0.12575 0.12575
dist/lin/ang/drive_left/drive_right/tv_l/tv_r/av_l/av_r/x/y/theta/t_err: 0.00468 0.10923 0.00000 0.02416 0.03368 0.11894 0.11825 0.11894 0.11825 47.76762 -2.07659 -1.33162 0.31690
target: 0.10923 0.00000
target: 0.10923 0.00000
fb: 0.10081 0.00604 0.09530 0.09530
fb: 0.14935 0.00511 0.09530 0.09530
dist/lin/ang/drive_left/drive_right/tv_l/tv_r/av_l/av_r/x/y/theta/t_err: 0.00173 0.00000 0.00000 0.14423 0.15446 0.10814 0.10761 0.10814 0.10761 47.88519 -2.07928 -1.28655 0.31611
target: 0.00000 0.00000
target: 0.00000 0.00000
fb: 0.15509 0.00526 -0.29845 -0.29845
fb: 0.14162 0.00689 -0.29845 -0.29845
dist/lin/ang/drive_left/drive_right/tv_l/tv_r/av_l/av_r/x/y/theta/t_err: -0.00106 0.00000 0.00000 0.13473 0.14851 -0.02275 -0.01694 -0.02275 -0.01694 47.99667 -2.08174 -1.23584 0.31523
target: 0.00000 0.00000
target: 0.00000 0.00000
fb: 0.13168 0.00710 0.00000 0.00000
fb: 0.12219 0.00682 0.00000 0.00000
dist/lin/ang/drive_left/drive_right/tv_l/tv_r/av_l/av_r/x/y/theta/t_err: -0.00344 -0.07094 0.00000 0.11537 0.12901 -0.15008 -0.14800 -0.15008 -0.14800 48.09286 -2.08376 -1.17185 0.31411
target: -0.07094 0.00000
target: -0.07094 0.00000
fb: 0.10078 0.00767 -0.25026 -0.25026
fb: 0.06966 0.00895 -0.25026 -0.25026
dist/lin/ang/drive_left/drive_right/tv_l/tv_r/av_l/av_r/x/y/theta/t_err: -0.00477 -0.11154 0.00000 0.06071 0.07861 -0.10608 -0.07561 -0.10608 -0.07561 48.14770 -2.08485 -1.09870 0.31283
target: -0.11154 0.00000
target: -0.11154 0.00000
fb: 0.03502 0.00526 -0.20581 -0.20581
fb: 0.01164 0.00639 -0.20581 -0.20581
dist/lin/ang/drive_left/drive_right/tv_l/tv_r/av_l/av_r/x/y/theta/t_err: -0.00495 -0.11597 0.00000 0.00525 0.01804 -0.20739 -0.21233 -0.20739 -0.21233 48.15687 -2.08503 -1.04162 0.31184
target: -0.11597 0.00000
target: -0.11597 0.00000
fb: 0.00370 0.00781 -0.13524 -0.13524
fb: 0.00369 0.00568 -0.13524 -0.13524
dist/lin/ang/drive_left/drive_right/tv_l/tv_r/av_l/av_r/x/y/theta/t_err: -0.00496 -0.11626 0.00000 -0.00199 0.00937 -0.16494 -0.17625 -0.16494 -0.17625 48.15978 -2.08508 -0.97502 0.31067
target: -0.11626 0.00000
target: -0.11626 0.00000
fb: -0.00004 0.00092 -0.12710 -0.12710
fb: -0.00000 -0.00241 -0.12710 -0.12710
dist/lin/ang/drive_left/drive_right/tv_l/tv_r/av_l/av_r/x/y/theta/t_err: -0.00495 -0.11614 0.00000 0.00241 -0.00242 -0.12492 -0.12797 -0.12492 -0.12797 48.15977 -2.08508 -0.96962 0.31058
target: -0.11614 0.00000
target: -0.11614 0.00000
fb: 0.00001 -0.00206 -0.12621 -0.12621
fb: 0.00002 -0.00384 -0.12621 -0.12621
dist/lin/ang/drive_left/drive_right/tv_l/tv_r/av_l/av_r/x/y/theta/t_err: -0.00497 -0.11660 0.00000 0.00385 -0.00382 -0.11806 -0.11808 -0.11806 -0.11808 48.15979 -2.08508 -0.98995 0.31094
target: -0.11660 0.00000
target: -0.11660 0.00000
fb: -0.01741 -0.00384 -0.12756 -0.12756
fb: -0.08714 -0.00270 -0.12756 -0.12756
dist/lin/ang/drive_left/drive_right/tv_l/tv_r/av_l/av_r/x/y/theta/t_err: -0.00325 -0.06315 0.00000 -0.08444 -0.08984 -0.11564 -0.11875 -0.11564 -0.11875 48.09119 -2.08387 -1.01533 0.31138
target: -0.06315 0.00000
target: -0.06315 0.00000
fb: -0.14143 0.00000 0.16164 0.16164
fb: -0.13395 0.00341 0.16164 0.16164
dist/lin/ang/drive_left/drive_right/tv_l/tv_r/av_l/av_r/x/y/theta/t_err: -0.00056 0.00000 0.00000 -0.13736 -0.13054 -0.01608 -0.04142 -0.01608 -0.04142 47.98573 -2.08201 -1.00404 0.31118
target: 0.00000 0.00000
target: 0.00000 0.00000
fb: -0.12426 0.00405 0.20630 0.20630
fb: -0.11058 0.00384 0.20630 0.20630
dist/lin/ang/drive_left/drive_right/tv_l/tv_r/av_l/av_r/x/y/theta/t_err: 0.00168 0.00000 0.00000 -0.11441 -0.10674 0.15108 0.15486 0.15108 0.15486 47.89867 -2.08051 -0.97234 0.31063
target: 0.00000 0.00000
target: 0.00000 0.00000
fb: -0.12028 0.00362 0.00000 0.00000
fb: -0.12027 -0.00270 0.00000 0.00000
dist/lin/ang/drive_left/drive_right/tv_l/tv_r/av_l/av_r/x/y/theta/t_err: 0.00409 0.09314 0.00000 -0.11757 -0.12297 0.11122 0.10847 0.11122 0.10847 47.80399 -2.07891 -0.96087 0.31043
target: 0.09314 0.00000
target: 0.09314 0.00000
fb: -0.05821 -0.01080 0.30354 0.30354
fb: -0.01339 -0.00582 0.30354 0.30354
dist/lin/ang/drive_left/drive_right/tv_l/tv_r/av_l/av_r/x/y/theta/t_err: 0.00429 0.09887 0.00000 -0.00757 -0.01922 0.10506 0.10453 0.10506 0.10453 47.79344 -2.07873 -1.03792 0.31177
target: 0.09887 0.00000
target: 0.09887 0.00000
fb: -0.02113 -0.00526 0.13100 0.13100
fb: -0.01738 -0.01030 0.13100 0.13100
dist/lin/ang/drive_left/drive_right/tv_l/tv_r/av_l/av_r/x/y/theta/t_err: 0.00458 0.10670 0.00000 -0.00708 -0.02767 0.20603 0.22211 0.20603 0.22211 47.77976 -2.07848 -1.10213 0.31289
target: 0.10670 0.00000
target: 0.10670 0.00000
fb: 0.00007 -0.00810 0.13835 0.13835
fb: -0.00391 -0.00511 0.13835 0.13835
dist/lin/ang/drive_left/drive_right/tv_l/tv_r/av_l/av_r/x/y/theta/t_err: 0.00459 0.10716 0.00000 0.00120 -0.00903 0.13331 0.13344 0.13331 0.13344 47.77668 -2.07842 -1.16806 0.31404
target: 0.10716 0.00000
target: 0.10716 0.00000
fb: -0.00392 -0.00668 0.12377 0.12377
fb: 0.00005 -0.00554 0.12377 0.12377
dist/lin/ang/drive_left/drive_right/tv_l/tv_r/av_l/av_r/x/y/theta/t_err: 0.00454 0.10576 0.00000 0.00559 -0.00549 0.12303 0.12422 0.12303 0.12422 47.77672 -2.07842 -1.22453 0.31503
target: 0.10576 0.00000
target: 0.10576 0.00000
fb: 0.00003 0.00178 0.11952 0.11952
fb: 0.02337 0.00689 0.11952 0.11952
dist/lin/ang/drive_left/drive_right/tv_l/tv_r/av_l/av_r/x/y/theta/t_err: 0.00409 0.09319 0.00000 0.01648 0.03026 0.11308 0.11603 0.11308 0.11603 47.79512 -2.07881 -1.20317 0.31466
target: 0.09319 0.00000
target: 0.09319 0.00000
fb: 0.09108 0.00796 0.09213 0.09213
fb: 0.13366 0.00696 0.09213 0.09213
dist/lin/ang/drive_left/drive_right/tv_l/tv_r/av_l/av_r/x/y/theta/t_err: 0.00148 0.00000 0.00000 0.12670 0.14063 0.10353 0.10747 0.10353 0.10747 47.90035 -2.08096 -1.14151 0.31358
target: 0.00000 0.00000
target: 0.00000 0.00000
fb: 0.13566 0.00547 -0.26638 -0.26638
fb: 0.13191 0.00561 -0.26638 -0.26638
dist/lin/ang/drive_left/drive_right/tv_l/tv_r/av_l/av_r/x/y/theta/t_err: -0.00112 0.00000 0.00000 0.12630 0.13752 -0.00736 0.05628 -0.00736 0.05628 48.00419 -2.08299 -1.09309 0.31274
target: 0.00000 0.00000
target: 0.00000 0.00000
fb: 0.12617 0.00597 0.00000 0.00000
fb: 0.11051 0.00284 0.00000 0.00000
dist/lin/ang/drive_left/drive_right/tv_l/tv_r/av_l/av_r/x/y/theta/t_err: -0.00329 -0.06460 0.00000 0.10767 0.11335 -0.13278 -0.16236 -0.13278 -0.16236 48.09120 -2.08462 -1.05050 0.31199
target: -0.06460 0.00000
target: -0.06460 0.00000
fb: 0.10281 0.00071 -0.23504 -0.23504
fb: 0.09310 0.00490 -0.23504 -0.23504
dist/lin/ang/drive_left/drive_right/tv_l/tv_r/av_l/av_r/x/y/theta/t_err: -0.00513 -0.12019 0.00000 0.08819 0.09800 -0.09581 -0.06692 -0.09581 -0.06692 48.16449 -2.08595 -1.02491 0.31155
target: -0.12019 0.00000
target: -0.12019 0.00000
fb: 0.05424 0.00604 -0.23926 -0.23926
fb: 0.02312 0.00533 -0.23926 -0.23926
dist/lin/ang/drive_left/drive_right/tv_l/tv_r/av_l/av_r/x/y/theta/t_err: -0.00554 -0.12941 0.00000 0.01779 0.02845 -0.20636 -0.20703 -0.20636 -0.20703 48.18269 -2.08627 -0.97039 0.31059
target: -0.12941 0.00000
target: -0.12941 0.00000
fb: 0.00568 0.00987 -0.15022 -0.15022
fb: -0.00008 0.01250 -0.15022 -0.15022
dist/lin/ang/drive_left/drive_right/tv_l/tv_r/av_l/av_r/x/y/theta/t_err: -0.00545 -0.12747 0.00000 -0.01259 0.01242 -0.18478 -0.19986 -0.18478 -0.19986 48.18262 -2.08627 -0.87522 0.30893
target: -0.12747 0.00000
target: -0.12747 0.00000
fb: -0.00009 0.01002 -0.12709 -0.12709
fb: -0.00007 0.00369 -0.12709 -0.12709
dist/lin/ang/drive_left/drive_right/tv_l/tv_r/av_l/av_r/x/y/theta/t_err: -0.00538 -0.12594 0.00000 -0.00376 0.00363 -0.13553 -0.14272 -0.13553 -0.14272 48.18257 -2.08627 -0.80181 0.30765
target: -0.12594 0.00000
target: -0.12594 0.00000
fb: -0.00002 -0.00092 -0.12733 -0.12733
fb: 0.00001 -0.00391 -0.12733 -0.12733
dist/lin/ang/drive_left/drive_right/tv_l/tv_r/av_l/av_r/x/y/theta/t_err: -0.00539 -0.12616 0.00000 0.00392 -0.00390 -0.11842 -0.11892 -0.11842 -0.11892 48.18258 -2.08627 -0.81231 0.30784
target: -0.12616 0.00000
target: -0.12616 0.00000
fb: -0.01740 -0.00668 -0.13090 -0.13090
fb: -0.07939 -0.00682 -0.13090 -0.13090
dist/lin/ang/drive_left/drive_right/tv_l/tv_r/av_l/av_r/x/y/theta/t_err: -0.00385 -0.08548 0.00000 -0.07257 -0.08621 -0.11928 -0.11978 -0.11928 -0.11978 48.12007 -2.08535 -0.86339 0.30873
target: -0.08548 0.00000
target: -0.08548 0.00000
fb: -0.13963 -0.00490 0.12716 0.12716
fb: -0.14936 -0.00128 0.12716 0.12716
dist/lin/ang/drive_left/drive_right/tv_l/tv_r/av_l/av_r/x/y/theta/t_err: -0.00089 0.00000 0.00000 -0.14808 -0.15064 -0.02497 -0.02033 -0.02497 -0.02033 48.00248 -2.08354 -0.89179 0.30922
target: 0.00000 0.00000
target: 0.00000 0.00000
fb: -0.13769 0.00135 0.25097 0.25097
fb: -0.12600 0.00206 0.25097 0.25097
dist/lin/ang/drive_left/drive_right/tv_l/tv_r/av_l/av_r/x/y/theta/t_err: 0.00164 0.00000 0.00000 -0.12806 -0.12394 0.15333 0.15844 0.15333 0.15844 47.90328 -2.08200 -0.88404 0.30909
target: 0.00000 0.00000
target: 0.00000 0.00000
fb: -0.11255 0.00362 0.00000 0.00000
fb: -0.10880 0.00000 0.00000 0.00000
dist/lin/ang/drive_left/drive_right/tv_l/tv_r/av_l/av_r/x/y/theta/t_err: 0.00383 0.08505 0.00000 -0.10880 -0.10880 0.14253 0.13792 0.14253 0.13792 47.81762 -2.08069 -0.86477 0.30875
target: 0.08505 0.00000
target: 0.08505 0.00000
fb: -0.06000 -0.00838 0.28411 0.28411
fb: -0.00766 -0.00810 0.28411 0.28411
dist/lin/ang/drive_left/drive_right/tv_l/tv_r/av_l/av_r/x/y/theta/t_err: 0.00392 0.08794 0.00000 0.00044 -0.01576 0.10094 0.10764 0.10094 0.10764 47.81158 -2.08060 -0.93366 0.30995
target: 0.08794 0.00000
target: 0.08794 0.00000
fb: -0.01538 -0.00632 0.12097 0.12097
fb: -0.01142 -0.00774 0.12097 0.12097
dist/lin/ang/drive_left/drive_right/tv_l/tv_r/av_l/av_r/x/y/theta/t_err: 0.00409 0.09321 0.00000 -0.00368 -0.01916 0.22172 0.19147 0.22172 0.19147 47.80259 -2.08045 -0.99616 0.31104
target: 0.09321 0.00000
target: 0.09321 0.00000
fb: -0.00391 -0.00895 0.12781 0.12781
fb: -0.00391 -0.00696 0.12781 0.12781
dist/lin/ang/drive_left/drive_right/tv_l/tv_r/av_l/av_r/x/y/theta/t_err: 0.00410 0.09351 0.00000 0.00305 -0.01087 0.12406 0.11994 0.12406 0.11994 47.79952 -2.08039 -1.06973 0.31233
target: 0.09351 0.00000
target: 0.09351 0.00000
fb: 0.00006 -0.00639 0.11801 0.11801
fb: 0.00005 -0.00575 0.11801 0.11801
dist/lin/ang/drive_left/drive_right/tv_l/tv_r/av_l/av_r/x/y/theta/t_err: 0.00405 0.09186 0.00000 0.00580 -0.00570 0.11686 0.11311 0.11686 0.11311 47.79956 -2.08039 -1.12789 0.31334
target: 0.09186 0.00000
target: 0.09186 0.00000
fb: 0.00003 0.00000 0.11344 0.11344
fb: 0.00771 0.00547 0.11344 0.11344
dist/lin/ang/drive_left/drive_right/tv_l/tv_r/av_l/av_r/x/y/theta/t_err: 0.00391 0.08735 0.00000 0.00224 0.01318 0.10953 0.10950 0.10953 0.10950 47.80563 -2.08051 -1.11762 0.31316
target: 0.08735 0.00000
target: 0.08735 0.00000
fb: 0.07565 0.00696 0.10591 0.10591
fb: 0.13764 0.00611 0.10591 0.10591
dist/lin/ang/drive_left/drive_right/tv_l/tv_r/av_l/av_r/x/y/theta/t_err: 0.00120 0.00000 0.00000 0.13154 0.14375 0.10814 0.10625 0.10814 0.10625 47.91399 -2.08257 -1.06391 0.31223
target: 0.00000 0.00000
target: 0.00000 0.00000
fb: 0.13169 0.00682 -0.25469 -0.25469
fb: 0.12595 0.00632 -0.25469 -0.25469
dist/lin/ang/drive_left/drive_right/tv_l/tv_r/av_l/av_r/x/y/theta/t_err: -0.00127 0.00000 0.00000 0.11963 0.13227 0.06914 -0.01300 0.06914 -0.01300 48.01315 -2.08437 -1.01131 0.31131
target: 0.00000 0.00000
target: 0.00000 0.00000
fb: 0.11845 0.00376 0.00000 0.00000
fb: 0.10677 0.00135 0.00000 0.00000
dist/lin/ang/drive_left/drive_right/tv_l/tv_r/av_l/av_r/x/y/theta/t_err: -0.00338 -0.06836 0.00000 0.10542 0.10812 -0.17283 -0.12625 -0.17283 -0.12625 48.09721 -2.08583 -0.98134 0.31079
target: -0.06836 0.00000
target: -0.06836 0.00000
fb: 0.10260 -0.00185 -0.24405 -0.24405
fb: 0.08541 -0.00483 -0.24405 -0.24405
dist/lin/ang/drive_left/drive_right/tv_l/tv_r/av_l/av_r/x/y/theta/t_err: -0.00510 -0.11963 0.00000 0.09024 0.08058 -0.04639 -0.07256 -0.04639 -0.07256 48.16445 -2.08699 -0.99964 0.31110
target: -0.11963 0.00000
target: -0.11963 0.00000
fb: 0.05056 -0.00305 -0.23041 -0.23041
fb: 0.02317 0.00320 -0.23041 -0.23041
dist/lin/ang/drive_left/drive_right/tv_l/tv_r/av_l/av_r/x/y/theta/t_err: -0.00557 -0.13009 0.00000 0.01998 0.02637 -0.20942 -0.21114 -0.20942 -0.21114 48.18270 -2.08731 -1.00358 0.31117
target: -0.13009 0.00000
target: -0.13009 0.00000
fb: 0.01166 0.00739 -0.15294 -0.15294
fb: 0.00391 0.00938 -0.15294 -0.15294
dist/lin/ang/drive_left/drive_right/tv_l/tv_r/av_l/av_r/x/y/theta/t_err: -0.00558 -0.13035 0.00000 -0.00547 0.01328 -0.18786 -0.19867 -0.18786 -0.19867 48.18577 -2.08736 -0.93205 0.30992
target: -0.13035 0.00000
target: -0.13035 0.00000
fb: -0.00007 0.00703 -0.13266 -0.13266
fb: -0.00005 0.00291 -0.13266 -0.13266
dist/lin/ang/drive_left/drive_right/tv_l/tv_r/av_l/av_r/x/y/theta/t_err: -0.00553 -0.12922 0.00000 -0.00296 0.00286 -0.14031 -0.14439 -0.14031 -0.14439 48.18574 -2.08736 -0.87656 0.30896
target: -0.12922 0.00000
target: -0.12922 0.00000
fb: -0.00002 0.00000 -0.12944 -0.12944
fb: 0.00000 -0.00263 -0.12944 -0.12944
dist/lin/ang/drive_left/drive_right/tv_l/tv_r/av_l/av_r/x/y/theta/t_err: -0.00553 -0.12927 0.00000 0.00263 -0.00263 -0.12336 -0.12544 -0.12336 -0.12544 48.18574 -2.08736 -0.87881 0.30900
target: -0.12927 0.00000
target: -0.12927 0.00000
fb: -0.02536 -0.00412 -0.13180 -0.13180
fb: -0.09508 -0.00405 -0.13180 -0.13180
dist/lin/ang/drive_left/drive_right/tv_l/tv_r/av_l/av_r/x/y/theta/t_err: -0.00366 -0.07903 0.00000 -0.09103 -0.09913 -0.12014 -0.12131 -0.12014 -0.12131 48.11088 -2.08619 -0.91010 0.30954
target: -0.07903 0.00000
target: -0.07903 0.00000
fb: -0.14341 -0.00163 0.14886 0.14886
fb: -0.14938 0.00078 0.14886 0.14886
dist/lin/ang/drive_left/drive_right/tv_l/tv_r/av_l/av_r/x/y/theta/t_err: -0.00067 0.00000 0.00000 -0.15016 -0.14860 -0.02275 -0.01794 -0.02275 -0.01794 47.99327 -2.08431 -0.91392 0.30961
target: 0.00000 0.00000
target: 0.00000 0.00000
fb: -0.13770 0.00078 0.23806 0.23806
fb: -0.11828 0.00149 0.23806 0.23806
dist/lin/ang/drive_left/drive_right/tv_l/tv_r/av_l/av_r/x/y/theta/t_err: 0.00170 0.00000 0.00000 -0.11977 -0.11679 0.15692 0.15778 0.15692 0.15778 47.90015 -2.08283 -0.90757 0.30950
target: 0.00000 0.00000
target: 0.00000 0.00000
fb: -0.12998 0.00234 0.00000 0.00000
fb: -0.11429 -0.00796 0.00000 0.00000
dist/lin/ang/drive_left/drive_right/tv_l/tv_r/av_l/av_r/x/y/theta/t_err: 0.00397 0.08951 0.00000 -0.10634 -0.12225 0.13242 0.12731 0.13242 0.12731 47.81017 -2.08140 -0.91830 0.30968
target: 0.08951 0.00000
target: 0.08951 0.00000
fb: -0.04848 -0.01357 0.29482 0.29482
fb: -0.01160 -0.00923 0.29482 0.29482
dist/lin/ang/drive_left/drive_right/tv_l/tv_r/av_l/av_r/x/y/theta/t_err: 0.00411 0.09362 0.00000 -0.00237 -0.02084 0.10778 0.11139 0.10778 0.11139 47.80104 -2.08125 -1.02377 0.31153
target: 0.09362 0.00000
target: 0.09362 0.00000
fb: -0.01338 -0.01073 0.12566 0.12566
fb: -0.01360 -0.00945 0.12566 0.12566
dist/lin/ang/drive_left/drive_right/tv_l/tv_r/av_l/av_r/x/y/theta/t_err: 0.00430 0.09912 0.00000 -0.00416 -0.02305 0.19731 0.19764 0.19731 0.19764 47.79033 -2.08105 -1.11275 0.31308
target: 0.09912 0.00000
target: 0.09912 0.00000
fb: -0.00390 -0.00575 0.13065 0.13065
fb: 0.00004 -0.00341 0.13065 0.13065
dist/lin/ang/drive_left/drive_right/tv_l/tv_r/av_l/av_r/x/y/theta/t_err: 0.00425 0.09778 0.00000 0.00345 -0.00336 0.12611 0.12800 0.12611 0.12800 47.79036 -2.08105 -1.16291 0.31395
target: 0.09778 0.00000
target: 0.09778 0.00000
fb: 0.00003 -0.00426 0.11643 0.11643
fb: -0.00372 -0.00199 0.11643 0.11643
dist/lin/ang/drive_left/drive_right/tv_l/tv_r/av_l/av_r/x/y/theta/t_err: 0.00429 0.09899 0.00000 -0.00173 -0.00571 0.11722 0.11719 0.11722 0.11719 47.78743 -2.08099 -1.19718 0.31455
target: 0.09899 0.00000
target: 0.09899 0.00000
fb: -0.00375 0.00462 0.12202 0.12202
fb: 0.01938 0.00831 0.12202 0.12202
dist/lin/ang/drive_left/drive_right/tv_l/tv_r/av_l/av_r/x/y/theta/t_err: 0.00395 0.08864 0.00000 0.01107 0.02769 0.11225 0.11381 0.11225 0.11381 47.80269 -2.08130 -1.15391 0.31380
target: 0.08864 0.00000
target: 0.08864 0.00000
fb: 0.08511 0.00909 0.09475 0.09475
fb: 0.14336 0.00874 0.09475 0.09475
dist/lin/ang/drive_left/drive_right/tv_l/tv_r/av_l/av_r/x/y/theta/t_err: 0.00115 0.00000 0.00000 0.13463 0.15210 0.10625 0.10692 0.10625 0.10692 47.91555 -2.08350 -1.08076 0.31252
target: 0.00000 0.00000
target: 0.00000 0.00000
fb: 0.14733 0.00923 -0.25728 -0.25728
fb: 0.13365 0.00909 -0.25728 -0.25728
dist/lin/ang/drive_left/drive_right/tv_l/tv_r/av_l/av_r/x/y/theta/t_err: -0.00145 0.00000 0.00000 0.12456 0.14274 -0.03114 -0.02792 -0.03114 -0.02792 48.02077 -2.08541 -0.99987 0.31111
target: 0.00000 0.00000
target: 0.00000 0.00000
fb: 0.12416 0.00746 0.00000 0.00000
fb: 0.10874 0.00327 0.00000 0.00000
dist/lin/ang/drive_left/drive_right/tv_l/tv_r/av_l/av_r/x/y/theta/t_err: -0.00358 -0.07607 0.00000 0.10547 0.11200 -0.13261 -0.13022 -0.13261 -0.13022 48.10638 -2.08686 -0.94483 0.31015
target: -0.07607 0.00000
target: -0.07607 0.00000
fb: 0.09883 0.00227 -0.26258 -0.26258
fb: 0.08515 0.00291 -0.26258 -0.26258
dist/lin/ang/drive_left/drive_right/tv_l/tv_r/av_l/av_r/x/y/theta/t_err: -0.00526 -0.12319 0.00000 0.08224 0.08806 -0.10575 -0.10881 -0.10575 -0.10881 48.17342 -2.08796 -0.91984 0.30971
target: -0.12319 0.00000
target: -0.12319 0.00000
fb: 0.04851 0.00568 -0.22350 -0.22350
fb: 0.01738 0.00732 -0.22350 -0.22350
dist/lin/ang/drive_left/drive_right/tv_l/tv_r/av_l/av_r/x/y/theta/t_err: -0.00555 -0.12968 0.00000 0.01006 0.02470 -0.22158 -0.22158 -0.22158 -0.22158 48.18710 -2.08817 -0.86190 0.30870
target: -0.12968 0.00000
target: -0.12968 0.00000
fb: 0.00369 0.00930 -0.14487 -0.14487
fb: -0.00007 0.00838 -0.14487 -0.14487
dist/lin/ang/drive_left/drive_right/tv_l/tv_r/av_l/av_r/x/y/theta/t_err: -0.00547 -0.12799 0.00000 -0.00845 0.00831 -0.17847 -0.17642 -0.17847 -0.17642 48.18704 -2.08817 -0.77908 0.30725
target: -0.12799 0.00000
target: -0.12799 0.00000
fb: -0.00006 0.00469 -0.12781 -0.12781
fb: 0.00394 0.00000 -0.12781 -0.12781
dist/lin/ang/drive_left/drive_right/tv_l/tv_r/av_l/av_r/x/y/theta/t_err: -0.00552 -0.12905 0.00000 0.00394 0.00394 -0.13003 -0.13553 -0.13003 -0.13553 48.19015 -2.08821 -0.74662 0.30669
target: -0.12905 0.00000
target: -0.12905 0.00000
fb: 0.00000 -0.00405 -0.13375 -0.13375
fb: -0.00394 -0.00519 -0.13375 -0.13375
dist/lin/ang/drive_left/drive_right/tv_l/tv_r/av_l/av_r/x/y/theta/t_err: -0.00547 -0.12796 0.00000 0.00124 -0.00913 -0.11928 -0.12028 -0.11928 -0.12028 48.18704 -2.08817 -0.77761 0.30723
target: -0.12796 0.00000
target: -0.12796 0.00000
fb: -0.02710 -0.00526 -0.12900 -0.12900
fb: -0.09882 -0.00561 -0.12900 -0.12900
dist/lin/ang/drive_left/drive_right/tv_l/tv_r/av_l/av_r/x/y/theta/t_err: -0.00353 -0.07447 0.00000 -0.09321 -0.10443 -0.11892 -0.12625 -0.11892 -0.12625 48.10924 -2.08708 -0.81928 0.30796
target: -0.07447 0.00000
target: -0.07447 0.00000
fb: -0.15112 -0.00298 0.15720 0.15720
fb: -0.14739 0.00000 0.15720 0.15720
dist/lin/ang/drive_left/drive_right/tv_l/tv_r/av_l/av_r/x/y/theta/t_err: -0.00060 0.00000 0.00000 -0.14739 -0.14739 -0.01675 -0.08281 -0.01675 -0.08281 47.99320 -2.08540 -0.83464 0.30822
target: 0.00000 0.00000
target: 0.00000 0.00000
fb: -0.12997 0.00199 0.22894 0.22894
WARNING - pros.serial.terminal.terminal:reader - Connection to /dev/ttyACM1 broken - pros-cli version:3.5.6
WARNING - pros.serial.terminal.terminal:stop - Stopping terminal - pros-cli version:3.5.6

[tomas@nixbtw:~/projects/Robotics/current/libs/lyfast]$

