
[tomas@nixbtw:~/projects/Robotics/current/libs/lyfast]$ mu
Not sending analytics for this command.

Compiled src/main.cpp [WARNINGS]
In file included from ./include/api.h:68,
                 from ./include/main.h:37,
                 from src/main.cpp:1:
./include/pros/imu.hpp:145:30: warning: 'virtual int32_t pros::v5::Imu::reset(bool) const' was hidden [-Woverloaded-virtual=]
  145 |         virtual std::int32_t reset(bool blocking = false) const;
      |                              ^~~~~
src/main.cpp:51:13: note:   by 'int32_t ScaledIMU::reset(bool)'
   51 |     int32_t reset(bool blocking = false) {
      |             ^~~~~
./include/pros/imu.hpp:786:30: warning: 'virtual int32_t pros::v5::Imu::set_rotation(double) const' was hidden [-Woverloaded-virtual=]
  786 |         virtual std::int32_t set_rotation(const double target) const;
      |                              ^~~~~~~~~~~~
src/main.cpp:66:17: note:   by 'virtual int ScaledIMU::set_rotation(double)'
   66 |     virtual int set_rotation(double new_rotation) {
      |                 ^~~~~~~~~~~~
src/main.cpp: In function 'void timeCriticalTask()':
src/main.cpp:1106:36: warning: variable 'speeds' set but not used [-Wunused-but-set-variable]
 1106 |                 DifferentialSpeeds speeds =
      |                                    ^~~~~~
src/main.cpp: In function 'void odom_offset_tuning()':
src/main.cpp:1428:11: warning: unused variable 'pct' [-Wunused-variable]
 1428 |     float pct = 0.5;
      |           ^~~
In file included from ./include/lyfast/controllers/api.hpp:6,
                 from ./include/lyfast/api.hpp:3,
                 from src/main.cpp:6:
./include/lyfast/controllers/vel_controller.hpp: In instantiation of 'void blazing::lyfast::PIDVelocityController<VelUnit>::setTarget(VelUnit) [with VelUnit = LinearVelocity]':
./include/lyfast/controllers/vel_controller.hpp:354:31:   required from here
  354 |         m_linear_pid.setTarget(target.linear);
      |         ~~~~~~~~~~~~~~~~~~~~~~^~~~~~~~~~~~~~~
./include/lyfast/controllers/vel_controller.hpp:170:30: warning: comparison of integer expressions of different signedness: 'std::queue<LinearVelocity, std::deque<LinearVelocity, std::allocator<LinearVelocity> > >::size_type' {aka 'unsigned int'} and 'int' [-Wsign-compare]
  170 |         if (m_targets.size() > num_targets) m_targets.pop();
      |             ~~~~~~~~~~~~~~~~~^~~~~~~~~~~~~
./include/lyfast/controllers/vel_controller.hpp: In instantiation of 'void blazing::lyfast::PIDVelocityController<VelUnit>::setTarget(VelUnit) [with VelUnit = AngularVelocity]':
./include/lyfast/controllers/vel_controller.hpp:300:24:   required from 'void blazing::lyfast::SimpleVelocityController<VelUnit>::setTarget(VelUnit) [with VelUnit = AngularVelocity]'
  300 |         m_pid.setTarget(target);
      |         ~~~~~~~~~~~~~~~^~~~~~~~
./include/lyfast/plants/velocity_plants.hpp:78:35:   required from here
   78 |             m_controller.setTarget(std::get<AngularVelocity>(new_target));
      |             ~~~~~~~~~~~~~~~~~~~~~~^~~~~~~~~~~~~~~~~~~~~~~~~~~~~~~~~~~~~~~
./include/lyfast/controllers/vel_controller.hpp:170:30: warning: comparison of integer expressions of different signedness: 'std::queue<AngularVelocity, std::deque<AngularVelocity, std::allocator<AngularVelocity> > >::size_type' {aka 'unsigned int'} and 'int' [-Wsign-compare]
  170 |         if (m_targets.size() > num_targets) m_targets.pop();
      |             ~~~~~~~~~~~~~~~~~^~~~~~~~~~~~~
Adding timestamp [OK]
Linking hot project with ./bin/cold.package.elf and blazing,Eigen,float_units,libc,liblvgl,libm,libpros,lyfast [OK]
Section sizes:
   text	   data	    bss	  total	    hex	filename
100.75KB 452.00B  46.01MB  46.11MB 2e1b624 bin/hot.package.elf
Creating bin/hot.package.bin for VEX EDR V5 [DONE]
ERROR - pros.cli.common:resolve_v5_port - No v5 ports were found! If you think you have a v5 plugged in, run this command again with the --debug flag - pros-cli version:3.5.6
PROS-CLI Version:  3.5.6
PROS-Kernel Version: 4.2.1

 Usage: pros mu [OPTIONS] [PORT] [PATH]

 Try 'pros mu --help' for help
╭─ Error ─────────────────────────────────────────────────────────────────────────────────╮
│ No port provided or located. Make sure to specify --target if needed.                   │
╰─────────────────────────────────────────────────────────────────────────────────────────╯

Sentry is attempting to send 1 pending events
Waiting up to 2 seconds
Press Ctrl-C to quit

[tomas@nixbtw:~/projects/Robotics/current/libs/lyfast]$ mu
Not sending analytics for this command.

make: Nothing to be done for 'quick'.
Uploading program "lyfast" (lyfast) to V5 slot 1 on /dev/ttyACM0 (compressed)
Compressing library [####################################] 100%
Library is already onboard V5
Uploading slot_1.ini [####################################] 100%
Compressing binary [####################################] 100%
Uploading slot_1.bin (hot.package.bin) [####################################] 100%
Finished uploading "lyfast" (lyfast) to V5

[tomas@nixbtw:~/projects/Robotics/current/libs/lyfast]$ t
Not sending analytics for this command.

Established terminal connection



         _+=+_
      .-`  .  `-.          8888888b.  8888888b.   .d88888b.   .d8888b.
   _+`     "     `+_       888   Y88b 888   Y88b d88P" "Y88b d88P  Y88b
  \\\sssssssssssss///      888    888 888    888 888     888 Y88b.
     .ss\  *  /ss.         888   d88P 888   d88P 888     888  "Y888b.
 .+bm  .s  *  s.  md+.     8888888P"  8888888P"  888     888     "Y88b.
.hMMMMs .  *  . sMMMMh.    888        888 T88b   888     888       "888
 `\hMMMb \ | / dMMMh:      888        888  T88b  Y88b. .d88P Y88b  d88P
   -SNMNo  -  oNMNs-       888        888   T88b  "Y88888P"   "Y8888P"
     `+dMh\./dMd/
        `:yNy:`                      Powered by PROS for VEX V5
           "                Copyright (c) Purdue University ACM SIGBots
Version:        4.2.1     Platform:  V1.1.5 (b18)     Uptime:    0.000 s
Compiled:   Jan  1 1980 00:00:00     Directory:


starting task: 2319016
timed correctly: 2321905
total distance: 78.136703
delta_distance: 0.100000
allocated for points 791
adding points:1753
isolated constraints:2233
forwards pass:2748
backwards pass:3157
travel times:3239
final time:3249
a_{kin}=\left[149.9998,149.9998,149.9998,149.9998,149.9998,149.9998,149.9998,149.9998,149.9998,149.9998,149.9998,149.9998,149.9998,149.9998,149.9998,149.9998,149.9998,149.9998,149.9998,149.9998,149.9998,149.9998,149.9998,149.9998,149.9998,149.9998,149.9998,149.9998,149.9998,149.9998,149.9998,149.9998,149.9998,149.9998,149.9998,149.9998,149.9998,149.9998,149.9998,149.9998,149.9998,149.9998,149.9998,149.9998,149.9998,149.9998,149.9998,149.9998,149.9998,149.9998,149.9998,149.9998,149.9998,149.9998,149.9998,149.9998,149.9998,149.9998,149.9998,149.9998,149.9998,149.9998,149.9998,149.9998,149.9998,149.9998,149.9998,149.9998,149.9998,149.9998,149.9998,149.9998,149.9998,149.9998,149.9998,149.9998,149.9998,149.9998,149.9998,149.9998,149.9998,149.9998,149.9998,149.9998,149.9998,149.9998,149.9998,149.9998,149.9998,149.9998,149.9998,149.9998,149.9998,149.9998,149.9998,149.9998,149.9998,149.9998,149.9998,149.9998,149.9998,149.9998,149.9998,149.9998,149.9998,149.9998,149.9998,149.9998,149.9998,149.9998,149.9998,149.9998,149.9998,149.9998,149.9998,149.9998,149.9998,149.9998,149.9998,149.9998,149.9998,149.9998,149.9998,149.9998,149.9998,149.9998,149.9998,149.9998,149.9998,149.9998,149.9998,149.9998,149.9998,149.9998,149.9998,149.9998,149.9998,149.9998,149.9998,149.9998,149.9998,149.9998,149.9998,149.9998,149.9998,149.9998,149.9998,149.9998,149.9998,149.9998,149.9998,149.9998,149.9998,149.9998,149.9998,149.9998,149.9998,149.9998,149.9998,149.9998,149.9998,149.9998,149.9998,149.9998,149.9998,149.9998,149.9998,149.9998,149.9998,149.9998,149.9998,149.9998,149.9998,149.9998,149.9998,149.9998,149.9998,149.9998,149.9998,149.9998,149.9998,149.9998,149.9998,149.9998,149.9998,149.9998,149.9998,149.9998,149.9998,149.9998,149.9998,149.9998,149.9998,149.9998,149.9998,149.9998,149.9998,149.9998,149.9998,149.9998,149.9998,149.9998,149.9998,149.9998,149.9998,149.9998,149.9998,149.9998,149.9998,149.9998,149.9998,149.9998,149.9998,149.9998,149.9998,149.9998,149.9998,149.9998,149.9998,149.9998,149.9998,149.9998,149.9998,149.9998,149.9998,149.9998,149.9998,149.9998,149.9998,149.9998,149.9998,149.9998,149.9998,149.9998,149.9998,149.9998,130.6272,130.5320,130.4366,130.3412,130.2456,130.1499,130.0542,129.9585,129.8627,129.7668,129.6710,129.5751,129.4793,129.3835,129.2877,129.1920,129.0964,129.0009,128.9055,128.8102,128.7150,128.6200,128.5252,128.4306,128.3363,128.2421,128.1482,128.0546,127.9613,127.8683,127.7757,127.6834,127.5915,127.5000,127.4089,127.3183,127.2281,127.1384,127.0493,126.9606,126.8726,126.7851,126.6983,126.6121,126.5265,126.4417,126.3575,126.2741,126.1915,126.1096,126.0286,125.9484,125.8691,125.7906,125.7132,125.6366,125.5611,125.4865,125.4130,125.3405,125.2692,125.1989,125.1298,125.0619,124.9952,124.9297,124.8655,124.8026,124.7409,124.6806,124.6218,124.5643,124.5082,124.4536,124.4004,124.3488,124.2988,124.2502,124.2033,124.1580,124.1144,124.0724,124.0321,123.9936,123.9567,123.9217,123.8885,123.8571,123.8275,123.7998,123.7740,123.7502,123.7282,123.7082,123.6902,123.6742,123.6603,123.6483,123.6385,123.6307,123.6250,123.6214,123.6200,123.6207,123.6236,123.6286,123.6359,123.6453,123.6570,123.6709,123.6870,123.7055,123.7261,123.7490,123.7743,123.8018,123.8316,123.8637,123.8981,123.9348,123.9739,124.0152,124.0589,124.1049,124.1533,124.2039,124.2569,124.3122,124.3699,124.4298,124.4921,124.5567,124.6236,124.6928,124.7643,124.8381,124.9142,124.9925,125.0731,125.1560,125.2411,125.3285,125.4181,125.5099,125.6039,125.7001,125.7984,125.8989,126.0016,126.1064,126.2133,126.3223,126.4334,126.5466,126.6618,126.7791,126.8984,127.0196,127.1429,127.2681,127.3953,127.5243,127.6553,127.7882,127.9229,128.0595,128.1979,128.3381,128.4800,128.6238,128.7693,128.9165,129.0654,129.2160,129.3682,129.5221,129.6776,129.8347,129.9933,130.1535,130.3153,130.4785,130.6433,130.8095,130.9772,131.1463,131.3168,131.4887,131.6620,131.8366,132.0126,132.1898,132.3684,132.5482,132.7293,132.9117,133.0952,133.2800,133.4660,133.6531,133.8414,134.0308,134.2213,134.4130,134.6057,134.7995,134.9944,135.1903,135.3873,135.5853,135.7843,135.9842,136.1852,136.3871,136.5900,136.7939,136.9986,137.2043,137.4109,137.6185,137.8269,138.0362,138.2463,138.4574,138.6693,138.8820,139.0956,139.3101,139.5254,139.7415,139.9584,140.1761,140.3947,140.6140,140.8342,141.0551,141.2769,141.4994,141.7227,141.9468,142.1717,142.3974,142.6238,142.8510,143.0790,143.3078,143.5373,143.7676,143.9987,144.2306,144.4632,144.6966,144.9308,145.1658,145.4015,145.6380,145.8753,146.1134,146.3523,146.5919,146.8324,147.0736,147.3157,147.5585,147.8022,148.0466,148.2919,148.5380,148.7849,149.0326,149.2811,149.5305,149.7807,149.9683,149.7174,149.4674,149.2183,148.9699,148.7224,148.4757,148.2299,147.9848,147.7405,147.4971,147.2545,147.0126,146.7716,146.5313,146.2919,146.0532,145.8153,145.5782,145.3419,145.1063,144.8716,144.6376,144.4044,144.1719,143.9402,143.7094,143.4793,143.2499,143.0213,142.7935,142.5665,142.3403,142.1148,141.8901,141.6662,141.4431,141.2207,140.9992,140.7784,140.5585,140.3393,140.1210,139.9034,139.6867,139.4708,139.2557,139.0415,138.8281,138.6155,138.4038,138.1930,137.9830,137.7739,137.5657,137.3584,137.1520,136.9465,136.7420,136.5384,136.3357,136.1340,135.9333,135.7335,135.5348,135.3370,135.1403,134.9446,134.7500,134.5564,134.3639,134.1725,133.9822,133.7931,133.6050,133.4182,133.2325,133.0480,132.8647,132.6826,132.5018,132.3222,132.1440,131.9670,131.7913,131.6170,131.4440,131.2724,131.1022,130.9334,130.7660,130.6001,130.4357,130.2728,130.1114,129.9515,129.7932,129.6364,129.4813,129.3278,129.1759,129.0257,128.8772,128.7303,128.5853,128.4419,128.3003,128.1605,128.0225,127.8864,127.7521,127.6196,127.4891,127.3604,127.2337,127.1090,126.9861,126.8653,126.7465,126.6297,126.5150,126.4023,126.2917,126.1832,126.0767,125.9724,125.8703,125.7703,125.6724,125.5768,125.4833,125.3921,125.3030,125.2162,125.1317,125.0494,124.9693,124.8915,124.8161,124.7429,124.6720,124.6034,124.5371,124.4731,124.4114,124.3521,124.2951,124.2404,124.1881,124.1381,124.0904,124.0450,124.0020,123.9613,123.9230,123.8869,123.8532,123.8218,123.7926,123.7658,123.7413,123.7191,123.6992,123.6815,123.6660,123.6529,123.6419,123.6332,123.6267,123.6224,123.6202,123.6203,123.6224,123.6268,123.6332,123.6417,123.6523,123.6650,123.6797,123.6965,123.7152,123.7360,123.7587,123.7833,123.8098,123.8383,123.8686,123.9008,123.9348,123.9705,124.0081,124.0474,124.0884,124.1311,124.1756,124.2216,124.2693,124.3185,124.3693,124.4217,124.4755,124.5309,124.5877,124.6459,124.7055,124.7665,124.8288,124.8924,124.9573,125.0235,125.0909,125.1595,125.2293,125.3002,125.3722,125.4453,125.5195,125.5947,125.6709,125.7481,125.8262,125.9052,125.9851,126.0659,126.1476,126.2300,126.3132,126.3972,126.4819,126.5673,126.6534,126.7402,126.8276,126.9156,127.0041,127.0933,127.1829,127.2731,127.3637,127.4549,127.5464,127.6384,127.7307,127.8235,127.9166,128.0100,128.1037,128.1977,128.2920,128.3865,128.4813,128.5763,128.6714,128.7668,128.8623,128.9579,129.0536,129.1495,129.2454,129.3414,129.4375,129.5336,129.6297,129.7258,129.8219,129.9180,130.0141,130.1101,130.2060,130.3019,130.3977,130.4934,130.5889,130.6273\right]
a_{turn}=\left[5118110.0000,5118110.0000,5118110.0000,5118110.0000,5118110.0000,5118110.0000,5118110.0000,5118110.0000,5118110.0000,5118110.0000,5118110.0000,5118110.0000,5118110.0000,5118110.0000,5118110.0000,5118110.0000,5118110.0000,5118110.0000,5118110.0000,5118110.0000,5118110.0000,5118110.0000,5118110.0000,5118110.0000,5118110.0000,5118110.0000,5118110.0000,5118110.0000,5118110.0000,5118110.0000,5118110.0000,5118110.0000,5118110.0000,5118110.0000,5118110.0000,5118110.0000,5118110.0000,5118110.0000,5118110.0000,5118110.0000,5118110.0000,5118110.0000,5118110.0000,5118110.0000,5118110.0000,5118110.0000,5118110.0000,5118110.0000,5118110.0000,5118110.0000,5118110.0000,5118110.0000,5118110.0000,5118110.0000,5118110.0000,5118110.0000,5118110.0000,5118110.0000,5118110.0000,5118110.0000,5118110.0000,5118110.0000,5118110.0000,5118110.0000,5118110.0000,5118110.0000,5118110.0000,5118110.0000,5118110.0000,5118110.0000,5118110.0000,5118110.0000,5118110.0000,5118110.0000,5118110.0000,5118110.0000,5118110.0000,5118110.0000,5118110.0000,5118110.0000,5118110.0000,5118110.0000,5118110.0000,5118110.0000,5118110.0000,5118110.0000,5118110.0000,5118110.0000,5118110.0000,5118110.0000,5118110.0000,5118110.0000,5118110.0000,5118110.0000,5118110.0000,5118110.0000,5118110.0000,5118110.0000,5118110.0000,5118110.0000,5118110.0000,5118110.0000,5118110.0000,5118110.0000,5118110.0000,5118110.0000,5118110.0000,5118110.0000,5118110.0000,5118110.0000,5118110.0000,5118110.0000,5118110.0000,5118110.0000,5118110.0000,5118110.0000,5118110.0000,5118110.0000,5118110.0000,5118110.0000,5118110.0000,5118110.0000,5118110.0000,5118110.0000,5118110.0000,5118110.0000,5118110.0000,5118110.0000,5118110.0000,5118110.0000,5118110.0000,5118110.0000,5118110.0000,5118110.0000,5118110.0000,5118110.0000,5118110.0000,5118110.0000,5118110.0000,5118110.0000,5118110.0000,5118110.0000,5118110.0000,5118110.0000,5118110.0000,5118110.0000,5118110.0000,5118110.0000,5118110.0000,5118110.0000,5118110.0000,5118110.0000,5118110.0000,5118110.0000,5118110.0000,5118110.0000,5118110.0000,5118110.0000,5118110.0000,5118110.0000,5118110.0000,5118110.0000,5118110.0000,5118110.0000,5118110.0000,5118110.0000,5118110.0000,5118110.0000,5118110.0000,5118110.0000,5118110.0000,5118110.0000,5118110.0000,5118110.0000,5118110.0000,5118110.0000,5118110.0000,5118110.0000,5118110.0000,5118110.0000,5118110.0000,5118110.0000,5118110.0000,5118110.0000,5118110.0000,5118110.0000,5118110.0000,5118110.0000,5118110.0000,5118110.0000,5118110.0000,5118110.0000,5118110.0000,5118110.0000,5118110.0000,5118110.0000,5118110.0000,5118110.0000,5118110.0000,5118110.0000,5118110.0000,5118110.0000,5118110.0000,5118110.0000,5118110.0000,5118110.0000,5118110.0000,5118110.0000,5118110.0000,5118110.0000,5118110.0000,5118110.0000,5118110.0000,5118110.0000,5118110.0000,5118110.0000,5118110.0000,5118110.0000,5118110.0000,5118110.0000,5118110.0000,5118110.0000,5118110.0000,5118110.0000,5118110.0000,5118110.0000,5118110.0000,5118110.0000,5118110.0000,5118110.0000,5118110.0000,5118110.0000,5118110.0000,5118110.0000,5118110.0000,5118110.0000,46.0198,45.7612,45.5049,45.2508,44.9989,44.7492,44.5017,44.2564,44.0134,43.7726,43.5340,43.2977,43.0636,42.8318,42.6022,42.3749,42.1498,41.9270,41.7065,41.4883,41.2723,41.0586,40.8473,40.6382,40.4314,40.2269,40.0248,39.8249,39.6274,39.4323,39.2394,39.0489,38.8608,38.6749,38.4915,38.3104,38.1317,37.9554,37.7814,37.6098,37.4407,37.2739,37.1095,36.9476,36.7881,36.6309,36.4763,36.3240,36.1743,36.0270,35.8821,35.7397,35.5998,35.4624,35.3275,35.1950,35.0651,34.9377,34.8128,34.6905,34.5707,34.4534,34.3387,34.2267,34.1171,34.0102,33.9058,33.8041,33.7050,33.6085,33.5147,33.4235,33.3350,33.2491,33.1659,33.0855,33.0077,32.9326,32.8603,32.7908,32.7240,32.6599,32.5987,32.5402,32.4846,32.4318,32.3818,32.3347,32.2905,32.2492,32.2107,32.1752,32.1427,32.1130,32.0864,32.0628,32.0422,32.0246,32.0100,31.9986,31.9902,31.9849,31.9828,31.9839,31.9881,31.9955,32.0062,32.0201,32.0373,32.0578,32.0817,32.1089,32.1395,32.1736,32.2111,32.2521,32.2966,32.3446,32.3963,32.4515,32.5104,32.5731,32.6394,32.7095,32.7835,32.8613,32.9430,33.0286,33.1182,33.2119,33.3096,33.4115,33.5176,33.6279,33.7425,33.8615,33.9849,34.1127,34.2451,34.3821,34.5238,34.6702,34.8214,34.9775,35.1386,35.3047,35.4759,35.6524,35.8341,36.0212,36.2138,36.4120,36.6158,36.8254,37.0409,37.2624,37.4901,37.7239,37.9641,38.2108,38.4642,38.7243,38.9913,39.2653,39.5466,39.8352,40.1314,40.4353,40.7471,41.0670,41.3952,41.7319,42.0773,42.4316,42.7950,43.1679,43.5504,43.9428,44.3454,44.7585,45.1824,45.6173,46.0637,46.5217,46.9919,47.4746,47.9702,48.4790,49.0016,49.5383,50.0897,50.6562,51.2383,51.8367,52.4518,53.0843,53.7348,54.4040,55.0927,55.8015,56.5312,57.2827,58.0569,58.8546,59.6770,60.5249,61.3996,62.3022,63.2339,64.1961,65.1902,66.2178,67.2803,68.3796,69.5174,70.6958,71.9167,73.1826,74.4956,75.8586,77.2741,78.7453,80.2755,81.8680,83.5267,85.2557,87.0595,88.9428,90.9111,92.9699,95.1257,97.3853,99.7563,102.2471,104.8669,107.6258,110.5352,113.6075,116.8568,120.2986,123.9504,127.8322,131.9661,136.3773,141.0945,146.1511,151.5845,157.4384,163.7635,170.6190,178.0742,186.2116,195.1295,204.9453,215.8017,227.8732,241.3759,256.5803,273.8293,293.5652,316.3678,343.0110,374.5550,412.4890,458.9731,517.2640,592.5158,693.3928,835.6639,1051.3894,1417.2596,2173.6494,4661.4707,32251.1543,3616.0881,1915.4403,1302.7544,987.0308,794.4890,664.8046,571.5150,501.1865,446.2705,402.2003,366.0523,335.8665,310.2803,288.3164,269.2572,252.5620,237.8165,224.6985,212.9524,202.3739,192.7972,184.0867,176.1298,168.8332,162.1178,155.9170,150.1739,144.8396,139.8720,135.2347,130.8962,126.8283,123.0066,119.4095,116.0180,112.8148,109.7849,106.9147,104.1919,101.6055,99.1456,96.8034,94.5707,92.4400,90.4045,88.4583,86.5955,84.8110,83.1001,81.4584,79.8819,78.3669,76.9100,75.5080,74.1578,72.8569,71.6026,70.3926,69.2246,68.0966,67.0068,65.9532,64.9342,63.9482,62.9938,62.0694,61.1740,60.3061,59.4647,58.6486,57.8568,57.0884,56.3424,55.6179,54.9142,54.2305,53.5660,52.9200,52.2919,51.6810,51.0867,50.5085,49.9458,49.3981,48.8649,48.3458,47.8403,47.3479,46.8683,46.4011,45.9460,45.5025,45.0703,44.6491,44.2387,43.8386,43.4486,43.0685,42.6980,42.3368,41.9847,41.6415,41.3070,40.9808,40.6629,40.3531,40.0511,39.7568,39.4700,39.1905,38.9182,38.6529,38.3945,38.1428,37.8977,37.6591,37.4268,37.2007,36.9807,36.7666,36.5584,36.3560,36.1593,35.9681,35.7823,35.6019,35.4268,35.2569,35.0921,34.9323,34.7774,34.6274,34.4823,34.3418,34.2060,34.0748,33.9481,33.8259,33.7081,33.5946,33.4854,33.3805,33.2797,33.1831,33.0906,33.0020,32.9175,32.8369,32.7602,32.6873,32.6183,32.5530,32.4915,32.4336,32.3794,32.3289,32.2819,32.2385,32.1986,32.1621,32.1291,32.0996,32.0734,32.0507,32.0312,32.0151,32.0022,31.9926,31.9863,31.9831,31.9832,31.9864,31.9927,32.0022,32.0148,32.0304,32.0491,32.0709,32.0957,32.1234,32.1542,32.1879,32.2245,32.2641,32.3066,32.3520,32.4003,32.4514,32.5054,32.5623,32.6219,32.6844,32.7496,32.8177,32.8885,32.9620,33.0383,33.1174,33.1991,33.2836,33.3707,33.4605,33.5530,33.6482,33.7460,33.8465,33.9496,34.0552,34.1635,34.2745,34.3880,34.5040,34.6227,34.7439,34.8677,34.9940,35.1228,35.2542,35.3881,35.5245,35.6634,35.8048,35.9487,36.0951,36.2440,36.3953,36.5491,36.7053,36.8640,37.0251,37.1887,37.3547,37.5231,37.6939,37.8671,38.0427,38.2207,38.4011,38.5839,38.7690,38.9566,39.1464,39.3387,39.5333,39.7302,39.9295,40.1311,40.3350,40.5413,40.7499,40.9608,41.1740,41.3895,41.6073,41.8274,42.0498,42.2745,42.5015,42.7307,42.9622,43.1959,43.4320,43.6702,43.9108,44.1535,44.3986,44.6458,44.8953,45.1470,45.4010,45.6571,45.9155,46.0200\right]
d_{kin}=\left[149.9998,149.9998,149.9998,149.9998,149.9998,149.9998,149.9998,149.9998,149.9998,149.9998,149.9998,149.9998,149.9998,149.9998,149.9998,149.9998,149.9998,149.9998,149.9998,149.9998,149.9998,149.9998,149.9998,149.9998,149.9998,149.9998,149.9998,149.9998,149.9998,149.9998,149.9998,149.9998,149.9998,149.9998,149.9998,149.9998,149.9998,149.9998,149.9998,149.9998,149.9998,149.9998,149.9998,149.9998,149.9998,149.9998,149.9998,149.9998,149.9998,149.9998,149.9998,149.9998,149.9998,149.9998,149.9998,149.9998,149.9998,149.9998,149.9998,149.9998,149.9998,149.9998,149.9998,149.9998,149.9998,149.9998,149.9998,149.9998,149.9998,149.9998,149.9998,149.9998,149.9998,149.9998,149.9998,149.9998,149.9998,149.9998,149.9998,149.9998,149.9998,149.9998,149.9998,149.9998,149.9998,149.9998,149.9998,149.9998,149.9998,149.9998,149.9998,149.9998,149.9998,149.9998,149.9998,149.9998,149.9998,149.9998,149.9998,149.9998,149.9998,149.9998,149.9998,149.9998,149.9998,149.9998,149.9998,149.9998,149.9998,149.9998,149.9998,149.9998,149.9998,149.9998,149.9998,149.9998,149.9998,149.9998,149.9998,149.9998,149.9998,149.9998,149.9998,149.9998,149.9998,149.9998,149.9998,149.9998,149.9998,149.9998,149.9998,149.9998,149.9998,149.9998,149.9998,149.9998,149.9998,149.9998,149.9998,149.9998,149.9998,149.9998,149.9998,149.9998,149.9998,149.9998,149.9998,149.9998,149.9998,149.9998,149.9998,149.9998,149.9998,149.9998,149.9998,149.9998,149.9998,149.9998,149.9998,149.9998,149.9998,149.9998,149.9998,149.9998,149.9998,149.9998,149.9998,149.9998,149.9998,149.9998,149.9998,149.9998,149.9998,149.9998,149.9998,149.9998,149.9998,149.9998,149.9998,149.9998,149.9998,149.9998,149.9998,149.9998,149.9998,149.9998,149.9998,149.9998,149.9998,149.9998,149.9998,149.9998,149.9998,149.9998,149.9998,149.9998,149.9998,149.9998,149.9998,149.9998,149.9998,149.9998,149.9998,149.9998,149.9998,149.9998,149.9998,149.9998,149.9998,149.9998,149.9998,149.9998,149.9998,149.9998,149.9998,149.9998,149.9998,149.9998,149.9998,149.9998,149.9998,149.9998,149.9998,149.9998,149.9998,149.9998,149.9998,149.9998,149.9998,149.9998,149.9998,149.9998,149.9998,149.9998,149.9998,149.9998,130.6272,130.5320,130.4366,130.3412,130.2456,130.1499,130.0542,129.9585,129.8627,129.7668,129.6710,129.5751,129.4793,129.3835,129.2877,129.1920,129.0964,129.0009,128.9055,128.8102,128.7150,128.6200,128.5252,128.4306,128.3363,128.2421,128.1482,128.0546,127.9613,127.8683,127.7757,127.6834,127.5915,127.5000,127.4089,127.3183,127.2281,127.1384,127.0493,126.9606,126.8726,126.7851,126.6983,126.6121,126.5265,126.4417,126.3575,126.2741,126.1915,126.1096,126.0286,125.9484,125.8691,125.7906,125.7132,125.6366,125.5611,125.4865,125.4130,125.3405,125.2692,125.1989,125.1298,125.0619,124.9952,124.9297,124.8655,124.8026,124.7409,124.6806,124.6218,124.5643,124.5082,124.4536,124.4004,124.3488,124.2988,124.2502,124.2033,124.1580,124.1144,124.0724,124.0321,123.9936,123.9567,123.9217,123.8885,123.8571,123.8275,123.7998,123.7740,123.7502,123.7282,123.7082,123.6902,123.6742,123.6603,123.6483,123.6385,123.6307,123.6250,123.6214,123.6200,123.6207,123.6236,123.6286,123.6359,123.6453,123.6570,123.6709,123.6870,123.7055,123.7261,123.7490,123.7743,123.8018,123.8316,123.8637,123.8981,123.9348,123.9739,124.0152,124.0589,124.1049,124.1533,124.2039,124.2569,124.3122,124.3699,124.4298,124.4921,124.5567,124.6236,124.6928,124.7643,124.8381,124.9142,124.9925,125.0731,125.1560,125.2411,125.3285,125.4181,125.5099,125.6039,125.7001,125.7984,125.8989,126.0016,126.1064,126.2133,126.3223,126.4334,126.5466,126.6618,126.7791,126.8984,127.0196,127.1429,127.2681,127.3953,127.5243,127.6553,127.7882,127.9229,128.0595,128.1979,128.3381,128.4800,128.6238,128.7693,128.9165,129.0654,129.2160,129.3682,129.5221,129.6776,129.8347,129.9933,130.1535,130.3153,130.4785,130.6433,130.8095,130.9772,131.1463,131.3168,131.4887,131.6620,131.8366,132.0126,132.1898,132.3684,132.5482,132.7293,132.9117,133.0952,133.2800,133.4660,133.6531,133.8414,134.0308,134.2213,134.4130,134.6057,134.7995,134.9944,135.1903,135.3873,135.5853,135.7843,135.9842,136.1852,136.3871,136.5900,136.7939,136.9986,137.2043,137.4109,137.6185,137.8269,138.0362,138.2463,138.4574,138.6693,138.8820,139.0956,139.3101,139.5254,139.7415,139.9584,140.1761,140.3947,140.6140,140.8342,141.0551,141.2769,141.4994,141.7227,141.9468,142.1717,142.3974,142.6238,142.8510,143.0790,143.3078,143.5373,143.7676,143.9987,144.2306,144.4632,144.6966,144.9308,145.1658,145.4015,145.6380,145.8753,146.1134,146.3523,146.5919,146.8324,147.0736,147.3157,147.5585,147.8022,148.0466,148.2919,148.5380,148.7849,149.0326,149.2811,149.5305,149.7807,149.9683,149.7174,149.4674,149.2183,148.9699,148.7224,148.4757,148.2299,147.9848,147.7405,147.4971,147.2545,147.0126,146.7716,146.5313,146.2919,146.0532,145.8153,145.5782,145.3419,145.1063,144.8716,144.6376,144.4044,144.1719,143.9402,143.7094,143.4793,143.2499,143.0213,142.7935,142.5665,142.3403,142.1148,141.8901,141.6662,141.4431,141.2207,140.9992,140.7784,140.5585,140.3393,140.1210,139.9034,139.6867,139.4708,139.2557,139.0415,138.8281,138.6155,138.4038,138.1930,137.9830,137.7739,137.5657,137.3584,137.1520,136.9465,136.7420,136.5384,136.3357,136.1340,135.9333,135.7335,135.5348,135.3370,135.1403,134.9446,134.7500,134.5564,134.3639,134.1725,133.9822,133.7931,133.6050,133.4182,133.2325,133.0480,132.8647,132.6826,132.5018,132.3222,132.1440,131.9670,131.7913,131.6170,131.4440,131.2724,131.1022,130.9334,130.7660,130.6001,130.4357,130.2728,130.1114,129.9515,129.7932,129.6364,129.4813,129.3278,129.1759,129.0257,128.8772,128.7303,128.5853,128.4419,128.3003,128.1605,128.0225,127.8864,127.7521,127.6196,127.4891,127.3604,127.2337,127.1090,126.9861,126.8653,126.7465,126.6297,126.5150,126.4023,126.2917,126.1832,126.0767,125.9724,125.8703,125.7703,125.6724,125.5768,125.4833,125.3921,125.3030,125.2162,125.1317,125.0494,124.9693,124.8915,124.8161,124.7429,124.6720,124.6034,124.5371,124.4731,124.4114,124.3521,124.2951,124.2404,124.1881,124.1381,124.0904,124.0450,124.0020,123.9613,123.9230,123.8869,123.8532,123.8218,123.7926,123.7658,123.7413,123.7191,123.6992,123.6815,123.6660,123.6529,123.6419,123.6332,123.6267,123.6224,123.6202,123.6203,123.6224,123.6268,123.6332,123.6417,123.6523,123.6650,123.6797,123.6965,123.7152,123.7360,123.7587,123.7833,123.8098,123.8383,123.8686,123.9008,123.9348,123.9705,124.0081,124.0474,124.0884,124.1311,124.1756,124.2216,124.2693,124.3185,124.3693,124.4217,124.4755,124.5309,124.5877,124.6459,124.7055,124.7665,124.8288,124.8924,124.9573,125.0235,125.0909,125.1595,125.2293,125.3002,125.3722,125.4453,125.5195,125.5947,125.6709,125.7481,125.8262,125.9052,125.9851,126.0659,126.1476,126.2300,126.3132,126.3972,126.4819,126.5673,126.6534,126.7402,126.8276,126.9156,127.0041,127.0933,127.1829,127.2731,127.3637,127.4549,127.5464,127.6384,127.7307,127.8235,127.9166,128.0100,128.1037,128.1977,128.2920,128.3865,128.4813,128.5763,128.6714,128.7668,128.8623,128.9579,129.0536,129.1495,129.2454,129.3414,129.4375,129.5336,129.6297,129.7258,129.8219,129.9180,130.0141,130.1101,130.2060,130.3019,130.3977,130.4934,130.5889,130.6273\right]
d_{turn}=\left[5118110.0000,5118110.0000,5118110.0000,5118110.0000,5118110.0000,5118110.0000,5118110.0000,5118110.0000,5118110.0000,5118110.0000,5118110.0000,5118110.0000,5118110.0000,5118110.0000,5118110.0000,5118110.0000,5118110.0000,5118110.0000,5118110.0000,5118110.0000,5118110.0000,5118110.0000,5118110.0000,5118110.0000,5118110.0000,5118110.0000,5118110.0000,5118110.0000,5118110.0000,5118110.0000,5118110.0000,5118110.0000,5118110.0000,5118110.0000,5118110.0000,5118110.0000,5118110.0000,5118110.0000,5118110.0000,5118110.0000,5118110.0000,5118110.0000,5118110.0000,5118110.0000,5118110.0000,5118110.0000,5118110.0000,5118110.0000,5118110.0000,5118110.0000,5118110.0000,5118110.0000,5118110.0000,5118110.0000,5118110.0000,5118110.0000,5118110.0000,5118110.0000,5118110.0000,5118110.0000,5118110.0000,5118110.0000,5118110.0000,5118110.0000,5118110.0000,5118110.0000,5118110.0000,5118110.0000,5118110.0000,5118110.0000,5118110.0000,5118110.0000,5118110.0000,5118110.0000,5118110.0000,5118110.0000,5118110.0000,5118110.0000,5118110.0000,5118110.0000,5118110.0000,5118110.0000,5118110.0000,5118110.0000,5118110.0000,5118110.0000,5118110.0000,5118110.0000,5118110.0000,5118110.0000,5118110.0000,5118110.0000,5118110.0000,5118110.0000,5118110.0000,5118110.0000,5118110.0000,5118110.0000,5118110.0000,5118110.0000,5118110.0000,5118110.0000,5118110.0000,5118110.0000,5118110.0000,5118110.0000,5118110.0000,5118110.0000,5118110.0000,5118110.0000,5118110.0000,5118110.0000,5118110.0000,5118110.0000,5118110.0000,5118110.0000,5118110.0000,5118110.0000,5118110.0000,5118110.0000,5118110.0000,5118110.0000,5118110.0000,5118110.0000,5118110.0000,5118110.0000,5118110.0000,5118110.0000,5118110.0000,5118110.0000,5118110.0000,5118110.0000,5118110.0000,5118110.0000,5118110.0000,5118110.0000,5118110.0000,5118110.0000,5118110.0000,5118110.0000,5118110.0000,5118110.0000,5118110.0000,5118110.0000,5118110.0000,5118110.0000,5118110.0000,5118110.0000,5118110.0000,5118110.0000,5118110.0000,5118110.0000,5118110.0000,5118110.0000,5118110.0000,5118110.0000,5118110.0000,5118110.0000,5118110.0000,5118110.0000,5118110.0000,5118110.0000,5118110.0000,5118110.0000,5118110.0000,5118110.0000,5118110.0000,5118110.0000,5118110.0000,5118110.0000,5118110.0000,5118110.0000,5118110.0000,5118110.0000,5118110.0000,5118110.0000,5118110.0000,5118110.0000,5118110.0000,5118110.0000,5118110.0000,5118110.0000,5118110.0000,5118110.0000,5118110.0000,5118110.0000,5118110.0000,5118110.0000,5118110.0000,5118110.0000,5118110.0000,5118110.0000,5118110.0000,5118110.0000,5118110.0000,5118110.0000,5118110.0000,5118110.0000,5118110.0000,5118110.0000,5118110.0000,5118110.0000,5118110.0000,5118110.0000,5118110.0000,5118110.0000,5118110.0000,5118110.0000,5118110.0000,5118110.0000,5118110.0000,5118110.0000,5118110.0000,5118110.0000,5118110.0000,5118110.0000,5118110.0000,5118110.0000,5118110.0000,5118110.0000,5118110.0000,5118110.0000,5118110.0000,5118110.0000,5118110.0000,5118110.0000,5118110.0000,5118110.0000,5118110.0000,5118110.0000,5118110.0000,5118110.0000,5118110.0000,5118110.0000,5118110.0000,5118110.0000,46.0198,45.7612,45.5049,45.2508,44.9989,44.7492,44.5017,44.2564,44.0134,43.7726,43.5340,43.2977,43.0636,42.8318,42.6022,42.3749,42.1498,41.9270,41.7065,41.4883,41.2723,41.0586,40.8473,40.6382,40.4314,40.2269,40.0248,39.8249,39.6274,39.4323,39.2394,39.0489,38.8608,38.6749,38.4915,38.3104,38.1317,37.9554,37.7814,37.6098,37.4407,37.2739,37.1095,36.9476,36.7881,36.6309,36.4763,36.3240,36.1743,36.0270,35.8821,35.7397,35.5998,35.4624,35.3275,35.1950,35.0651,34.9377,34.8128,34.6905,34.5707,34.4534,34.3387,34.2267,34.1171,34.0102,33.9058,33.8041,33.7050,33.6085,33.5147,33.4235,33.3350,33.2491,33.1659,33.0855,33.0077,32.9326,32.8603,32.7908,32.7240,32.6599,32.5987,32.5402,32.4846,32.4318,32.3818,32.3347,32.2905,32.2492,32.2107,32.1752,32.1427,32.1130,32.0864,32.0628,32.0422,32.0246,32.0100,31.9986,31.9902,31.9849,31.9828,31.9839,31.9881,31.9955,32.0062,32.0201,32.0373,32.0578,32.0817,32.1089,32.1395,32.1736,32.2111,32.2521,32.2966,32.3446,32.3963,32.4515,32.5104,32.5731,32.6394,32.7095,32.7835,32.8613,32.9430,33.0286,33.1182,33.2119,33.3096,33.4115,33.5176,33.6279,33.7425,33.8615,33.9849,34.1127,34.2451,34.3821,34.5238,34.6702,34.8214,34.9775,35.1386,35.3047,35.4759,35.6524,35.8341,36.0212,36.2138,36.4120,36.6158,36.8254,37.0409,37.2624,37.4901,37.7239,37.9641,38.2108,38.4642,38.7243,38.9913,39.2653,39.5466,39.8352,40.1314,40.4353,40.7471,41.0670,41.3952,41.7319,42.0773,42.4316,42.7950,43.1679,43.5504,43.9428,44.3454,44.7585,45.1824,45.6173,46.0637,46.5217,46.9919,47.4746,47.9702,48.4790,49.0016,49.5383,50.0897,50.6562,51.2383,51.8367,52.4518,53.0843,53.7348,54.4040,55.0927,55.8015,56.5312,57.2827,58.0569,58.8546,59.6770,60.5249,61.3996,62.3022,63.2339,64.1961,65.1902,66.2178,67.2803,68.3796,69.5174,70.6958,71.9167,73.1826,74.4956,75.8586,77.2741,78.7453,80.2755,81.8680,83.5267,85.2557,87.0595,88.9428,90.9111,92.9699,95.1257,97.3853,99.7563,102.2471,104.8669,107.6258,110.5352,113.6075,116.8568,120.2986,123.9504,127.8322,131.9661,136.3773,141.0945,146.1511,151.5845,157.4384,163.7635,170.6190,178.0742,186.2116,195.1295,204.9453,215.8017,227.8732,241.3759,256.5803,273.8293,293.5652,316.3678,343.0110,374.5550,412.4890,458.9731,517.2640,592.5158,693.3928,835.6639,1051.3894,1417.2596,2173.6494,4661.4707,32251.1543,3616.0881,1915.4403,1302.7544,987.0308,794.4890,664.8046,571.5150,501.1865,446.2705,402.2003,366.0523,335.8665,310.2803,288.3164,269.2572,252.5620,237.8165,224.6985,212.9524,202.3739,192.7972,184.0867,176.1298,168.8332,162.1178,155.9170,150.1739,144.8396,139.8720,135.2347,130.8962,126.8283,123.0066,119.4095,116.0180,112.8148,109.7849,106.9147,104.1919,101.6055,99.1456,96.8034,94.5707,92.4400,90.4045,88.4583,86.5955,84.8110,83.1001,81.4584,79.8819,78.3669,76.9100,75.5080,74.1578,72.8569,71.6026,70.3926,69.2246,68.0966,67.0068,65.9532,64.9342,63.9482,62.9938,62.0694,61.1740,60.3061,59.4647,58.6486,57.8568,57.0884,56.3424,55.6179,54.9142,54.2305,53.5660,52.9200,52.2919,51.6810,51.0867,50.5085,49.9458,49.3981,48.8649,48.3458,47.8403,47.3479,46.8683,46.4011,45.9460,45.5025,45.0703,44.6491,44.2387,43.8386,43.4486,43.0685,42.6980,42.3368,41.9847,41.6415,41.3070,40.9808,40.6629,40.3531,40.0511,39.7568,39.4700,39.1905,38.9182,38.6529,38.3945,38.1428,37.8977,37.6591,37.4268,37.2007,36.9807,36.7666,36.5584,36.3560,36.1593,35.9681,35.7823,35.6019,35.4268,35.2569,35.0921,34.9323,34.7774,34.6274,34.4823,34.3418,34.2060,34.0748,33.9481,33.8259,33.7081,33.5946,33.4854,33.3805,33.2797,33.1831,33.0906,33.0020,32.9175,32.8369,32.7602,32.6873,32.6183,32.5530,32.4915,32.4336,32.3794,32.3289,32.2819,32.2385,32.1986,32.1621,32.1291,32.0996,32.0734,32.0507,32.0312,32.0151,32.0022,31.9926,31.9863,31.9831,31.9832,31.9864,31.9927,32.0022,32.0148,32.0304,32.0491,32.0709,32.0957,32.1234,32.1542,32.1879,32.2245,32.2641,32.3066,32.3520,32.4003,32.4514,32.5054,32.5623,32.6219,32.6844,32.7496,32.8177,32.8885,32.9620,33.0383,33.1174,33.1991,33.2836,33.3707,33.4605,33.5530,33.6482,33.7460,33.8465,33.9496,34.0552,34.1635,34.2745,34.3880,34.5040,34.6227,34.7439,34.8677,34.9940,35.1228,35.2542,35.3881,35.5245,35.6634,35.8048,35.9487,36.0951,36.2440,36.3953,36.5491,36.7053,36.8640,37.0251,37.1887,37.3547,37.5231,37.6939,37.8671,38.0427,38.2207,38.4011,38.5839,38.7690,38.9566,39.1464,39.3387,39.5333,39.7302,39.9295,40.1311,40.3350,40.5413,40.7499,40.9608,41.1740,41.3895,41.6073,41.8274,42.0498,42.2745,42.5015,42.7307,42.9622,43.1959,43.4320,43.6702,43.9108,44.1535,44.3986,44.6458,44.8953,45.1470,45.4010,45.6571,45.9155,46.0200\right]
v_{kin}=\left[69.9999,69.9999,69.9999,69.9999,69.9999,69.9999,69.9999,69.9999,69.9999,69.9999,69.9999,69.9999,69.9999,69.9999,69.9999,69.9999,69.9999,69.9999,69.9999,69.9999,69.9999,69.9999,69.9999,69.9999,69.9999,69.9999,69.9999,69.9999,69.9999,69.9999,69.9999,69.9999,69.9999,69.9999,69.9999,69.9999,69.9999,69.9999,69.9999,69.9999,69.9999,69.9999,69.9999,69.9999,69.9999,69.9999,69.9999,69.9999,69.9999,69.9999,69.9999,69.9999,69.9999,69.9999,69.9999,69.9999,69.9999,69.9999,69.9999,69.9999,69.9999,69.9999,69.9999,69.9999,69.9999,69.9999,69.9999,69.9999,69.9999,69.9999,69.9999,69.9999,69.9999,69.9999,69.9999,69.9999,69.9999,69.9999,69.9999,69.9999,69.9999,69.9999,69.9999,69.9999,69.9999,69.9999,69.9999,69.9999,69.9999,69.9999,69.9999,69.9999,69.9999,69.9999,69.9999,69.9999,69.9999,69.9999,69.9999,69.9999,69.9999,69.9999,69.9999,69.9999,69.9999,69.9999,69.9999,69.9999,69.9999,69.9999,69.9999,69.9999,69.9999,69.9999,69.9999,69.9999,69.9999,69.9999,69.9999,69.9999,69.9999,69.9999,69.9999,69.9999,69.9999,69.9999,69.9999,69.9999,69.9999,69.9999,69.9999,69.9999,69.9999,69.9999,69.9999,69.9999,69.9999,69.9999,69.9999,69.9999,69.9999,69.9999,69.9999,69.9999,69.9999,69.9999,69.9999,69.9999,69.9999,69.9999,69.9999,69.9999,69.9999,69.9999,69.9999,69.9999,69.9999,69.9999,69.9999,69.9999,69.9999,69.9999,69.9999,69.9999,69.9999,69.9999,69.9999,69.9999,69.9999,69.9999,69.9999,69.9999,69.9999,69.9999,69.9999,69.9999,69.9999,69.9999,69.9999,69.9999,69.9999,69.9999,69.9999,69.9999,69.9999,69.9999,69.9999,69.9999,69.9999,69.9999,69.9999,69.9999,69.9999,69.9999,69.9999,69.9999,69.9999,69.9999,69.9999,69.9999,69.9999,69.9999,69.9999,69.9999,69.9999,69.9999,69.9999,69.9999,69.9999,69.9999,69.9999,69.9999,69.9999,69.9999,69.9999,69.9999,69.9999,69.9999,69.9999,69.9999,69.9999,69.9999,69.9999,69.9999,69.9999,69.9999,69.9999,69.9999,69.9999,69.9999,69.9999,69.9999,69.9999,69.9999,69.9999,69.9999,60.9594,60.9149,60.8704,60.8259,60.7813,60.7366,60.6920,60.6473,60.6026,60.5578,60.5131,60.4684,60.4237,60.3790,60.3343,60.2896,60.2450,60.2004,60.1559,60.1114,60.0670,60.0227,59.9784,59.9343,59.8903,59.8463,59.8025,59.7588,59.7153,59.6719,59.6287,59.5856,59.5427,59.5000,59.4575,59.4152,59.3731,59.3313,59.2897,59.2483,59.2072,59.1664,59.1259,59.0856,59.0457,59.0061,58.9668,58.9279,58.8893,58.8512,58.8133,58.7759,58.7389,58.7023,58.6661,58.6304,58.5952,58.5604,58.5261,58.4922,58.4589,58.4262,58.3939,58.3622,58.3311,58.3005,58.2706,58.2412,58.2124,58.1843,58.1568,58.1300,58.1038,58.0783,58.0535,58.0295,58.0061,57.9834,57.9615,57.9404,57.9200,57.9005,57.8817,57.8637,57.8465,57.8301,57.8146,57.8000,57.7862,57.7733,57.7612,57.7501,57.7398,57.7305,57.7221,57.7146,57.7081,57.7026,57.6980,57.6943,57.6917,57.6900,57.6893,57.6897,57.6910,57.6934,57.6967,57.7012,57.7066,57.7131,57.7206,57.7292,57.7388,57.7496,57.7613,57.7742,57.7881,57.8031,57.8191,57.8362,57.8545,57.8738,57.8942,57.9156,57.9382,57.9618,57.9866,58.0124,58.0393,58.0673,58.0963,58.1265,58.1577,58.1900,58.2233,58.2578,58.2933,58.3298,58.3675,58.4061,58.4459,58.4866,58.5284,58.5713,58.6151,58.6600,58.7059,58.7528,58.8007,58.8497,58.8996,58.9504,59.0023,59.0551,59.1089,59.1636,59.2192,59.2758,59.3334,59.3918,59.4511,59.5114,59.5725,59.6345,59.6974,59.7611,59.8257,59.8911,59.9574,60.0244,60.0923,60.1610,60.2305,60.3008,60.3718,60.4436,60.5162,60.5895,60.6636,60.7383,60.8138,60.8900,60.9669,61.0444,61.1227,61.2016,61.2812,61.3614,61.4423,61.5237,61.6059,61.6886,61.7719,61.8558,61.9404,62.0254,62.1111,62.1973,62.2841,62.3714,62.4593,62.5477,62.6366,62.7261,62.8160,62.9065,62.9974,63.0888,63.1807,63.2731,63.3660,63.4593,63.5531,63.6473,63.7420,63.8371,63.9327,64.0287,64.1251,64.2219,64.3192,64.4169,64.5150,64.6134,64.7123,64.8116,64.9113,65.0114,65.1118,65.2127,65.3139,65.4155,65.5175,65.6199,65.7226,65.8257,65.9292,66.0330,66.1373,66.2418,66.3468,66.4521,66.5578,66.6638,66.7702,66.8770,66.9841,67.0916,67.1994,67.3076,67.4162,67.5251,67.6344,67.7440,67.8540,67.9644,68.0751,68.1863,68.2977,68.4096,68.5218,68.6344,68.7473,68.8606,68.9743,69.0884,69.2029,69.3177,69.4329,69.5485,69.6645,69.7809,69.8977,69.9852,69.8681,69.7515,69.6352,69.5193,69.4038,69.2887,69.1739,69.0596,68.9456,68.8320,68.7187,68.6059,68.4934,68.3813,68.2695,68.1582,68.0471,67.9365,67.8262,67.7163,67.6067,67.4975,67.3887,67.2802,67.1721,67.0644,66.9570,66.8500,66.7433,66.6370,66.5310,66.4255,66.3202,66.2154,66.1109,66.0068,65.9030,65.7996,65.6966,65.5940,65.4917,65.3898,65.2883,65.1871,65.0864,64.9860,64.8860,64.7864,64.6872,64.5884,64.4901,64.3921,64.2945,64.1973,64.1006,64.0043,63.9084,63.8129,63.7179,63.6233,63.5292,63.4355,63.3423,63.2496,63.1573,63.0655,62.9742,62.8833,62.7930,62.7032,62.6138,62.5250,62.4368,62.3490,62.2618,62.1751,62.0890,62.0035,61.9185,61.8342,61.7504,61.6672,61.5846,61.5026,61.4212,61.3405,61.2604,61.1810,61.1023,61.0241,60.9467,60.8700,60.7940,60.7186,60.6440,60.5702,60.4970,60.4246,60.3530,60.2821,60.2120,60.1427,60.0742,60.0065,59.9396,59.8735,59.8082,59.7438,59.6803,59.6176,59.5558,59.4949,59.4349,59.3757,59.3175,59.2602,59.2038,59.1484,59.0939,59.0403,58.9877,58.9361,58.8855,58.8358,58.7871,58.7395,58.6928,58.6471,58.6025,58.5589,58.5163,58.4747,58.4342,58.3948,58.3564,58.3190,58.2827,58.2475,58.2133,58.1802,58.1482,58.1173,58.0874,58.0587,58.0310,58.0044,57.9789,57.9544,57.9311,57.9088,57.8877,57.8676,57.8486,57.8307,57.8139,57.7981,57.7835,57.7699,57.7574,57.7460,57.7356,57.7263,57.7180,57.7108,57.7047,57.6996,57.6955,57.6924,57.6904,57.6894,57.6895,57.6905,57.6925,57.6955,57.6995,57.7044,57.7103,57.7172,57.7250,57.7338,57.7435,57.7540,57.7655,57.7779,57.7912,57.8054,57.8204,57.8362,57.8529,57.8704,57.8888,57.9079,57.9279,57.9486,57.9701,57.9923,58.0153,58.0390,58.0634,58.0886,58.1144,58.1409,58.1681,58.1959,58.2244,58.2534,58.2831,58.3134,58.3443,58.3758,58.4078,58.4403,58.4734,58.5070,58.5412,58.5758,58.6109,58.6464,58.6824,58.7189,58.7558,58.7931,58.8308,58.8689,58.9073,58.9462,58.9854,59.0249,59.0648,59.1049,59.1454,59.1862,59.2273,59.2686,59.3102,59.3520,59.3941,59.4364,59.4789,59.5217,59.5646,59.6077,59.6510,59.6944,59.7380,59.7817,59.8256,59.8696,59.9137,59.9579,60.0023,60.0467,60.0912,60.1357,60.1803,60.2250,60.2698,60.3145,60.3593,60.4042,60.4490,60.4939,60.5387,60.5836,60.6284,60.6732,60.7180,60.7628,60.8076,60.8522,60.8969,60.9415,60.9594\right]
v_{turn}=\left[3937008.0000,3937008.0000,3937008.0000,3937008.0000,3937008.0000,3937008.0000,3937008.0000,3937008.0000,3937008.0000,3937008.0000,3937008.0000,3937008.0000,3937008.0000,3937008.0000,3937008.0000,3937008.0000,3937008.0000,3937008.0000,3937008.0000,3937008.0000,3937008.0000,3937008.0000,3937008.0000,3937008.0000,3937008.0000,3937008.0000,3937008.0000,3937008.0000,3937008.0000,3937008.0000,3937008.0000,3937008.0000,3937008.0000,3937008.0000,3937008.0000,3937008.0000,3937008.0000,3937008.0000,3937008.0000,3937008.0000,3937008.0000,3937008.0000,3937008.0000,3937008.0000,3937008.0000,3937008.0000,3937008.0000,3937008.0000,3937008.0000,3937008.0000,3937008.0000,3937008.0000,3937008.0000,3937008.0000,3937008.0000,3937008.0000,3937008.0000,3937008.0000,3937008.0000,3937008.0000,3937008.0000,3937008.0000,3937008.0000,3937008.0000,3937008.0000,3937008.0000,3937008.0000,3937008.0000,3937008.0000,3937008.0000,3937008.0000,3937008.0000,3937008.0000,3937008.0000,3937008.0000,3937008.0000,3937008.0000,3937008.0000,3937008.0000,3937008.0000,3937008.0000,3937008.0000,3937008.0000,3937008.0000,3937008.0000,3937008.0000,3937008.0000,3937008.0000,3937008.0000,3937008.0000,3937008.0000,3937008.0000,3937008.0000,3937008.0000,3937008.0000,3937008.0000,3937008.0000,3937008.0000,3937008.0000,3937008.0000,3937008.0000,3937008.0000,3937008.0000,3937008.0000,3937008.0000,3937008.0000,3937008.0000,3937008.0000,3937008.0000,3937008.0000,3937008.0000,3937008.0000,3937008.0000,3937008.0000,3937008.0000,3937008.0000,3937008.0000,3937008.0000,3937008.0000,3937008.0000,3937008.0000,3937008.0000,3937008.0000,3937008.0000,3937008.0000,3937008.0000,3937008.0000,3937008.0000,3937008.0000,3937008.0000,3937008.0000,3937008.0000,3937008.0000,3937008.0000,3937008.0000,3937008.0000,3937008.0000,3937008.0000,3937008.0000,3937008.0000,3937008.0000,3937008.0000,3937008.0000,3937008.0000,3937008.0000,3937008.0000,3937008.0000,3937008.0000,3937008.0000,3937008.0000,3937008.0000,3937008.0000,3937008.0000,3937008.0000,3937008.0000,3937008.0000,3937008.0000,3937008.0000,3937008.0000,3937008.0000,3937008.0000,3937008.0000,3937008.0000,3937008.0000,3937008.0000,3937008.0000,3937008.0000,3937008.0000,3937008.0000,3937008.0000,3937008.0000,3937008.0000,3937008.0000,3937008.0000,3937008.0000,3937008.0000,3937008.0000,3937008.0000,3937008.0000,3937008.0000,3937008.0000,3937008.0000,3937008.0000,3937008.0000,3937008.0000,3937008.0000,3937008.0000,3937008.0000,3937008.0000,3937008.0000,3937008.0000,3937008.0000,3937008.0000,3937008.0000,3937008.0000,3937008.0000,3937008.0000,3937008.0000,3937008.0000,3937008.0000,3937008.0000,3937008.0000,3937008.0000,3937008.0000,3937008.0000,3937008.0000,3937008.0000,3937008.0000,3937008.0000,3937008.0000,3937008.0000,3937008.0000,3937008.0000,3937008.0000,3937008.0000,3937008.0000,3937008.0000,3937008.0000,3937008.0000,3937008.0000,3937008.0000,3937008.0000,3937008.0000,3937008.0000,3937008.0000,3937008.0000,3937008.0000,3937008.0000,3937008.0000,3937008.0000,3937008.0000,3937008.0000,3937008.0000,3937008.0000,3937008.0000,3937008.0000,35.3998,35.2010,35.0038,34.8083,34.6145,34.4224,34.2321,34.0434,33.8564,33.6712,33.4877,33.3059,33.1258,32.9475,32.7709,32.5961,32.4229,32.2516,32.0819,31.9141,31.7479,31.5836,31.4210,31.2601,31.1011,30.9438,30.7883,30.6346,30.4826,30.3325,30.1842,30.0376,29.8929,29.7500,29.6088,29.4696,29.3321,29.1964,29.0626,28.9307,28.8005,28.6722,28.5458,28.4212,28.2985,28.1776,28.0587,27.9416,27.8264,27.7130,27.6016,27.4921,27.3845,27.2787,27.1750,27.0731,26.9732,26.8751,26.7791,26.6850,26.5928,26.5026,26.4144,26.3282,26.2439,26.1617,26.0814,26.0032,25.9269,25.8527,25.7805,25.7104,25.6423,25.5762,25.5123,25.4504,25.3905,25.3328,25.2772,25.2237,25.1723,25.1230,25.0759,25.0310,24.9882,24.9475,24.9091,24.8729,24.8389,24.8071,24.7775,24.7502,24.7251,24.7023,24.6819,24.6637,24.6478,24.6343,24.6231,24.6143,24.6078,24.6038,24.6022,24.6030,24.6062,24.6119,24.6201,24.6309,24.6441,24.6599,24.6782,24.6992,24.7227,24.7489,24.7778,24.8093,24.8435,24.8805,24.9202,24.9627,25.0080,25.0562,25.1072,25.1612,25.2181,25.2779,25.3407,25.4066,25.4756,25.5476,25.6228,25.7012,25.7828,25.8676,25.9558,26.0473,26.1422,26.2406,26.3424,26.4478,26.5568,26.6694,26.7857,26.9058,27.0297,27.1575,27.2892,27.4249,27.5647,27.7086,27.8568,28.0092,28.1660,28.3273,28.4930,28.6634,28.8385,29.0184,29.2032,29.3930,29.5878,29.7879,29.9933,30.2041,30.4205,30.6425,30.8703,31.1041,31.3439,31.5900,31.8425,32.1015,32.3671,32.6397,32.9193,33.2061,33.5003,33.8022,34.1119,34.4296,34.7557,35.0902,35.4336,35.7860,36.1476,36.5189,36.9001,37.2916,37.6936,38.1064,38.5305,38.9663,39.4141,39.8744,40.3475,40.8341,41.3345,41.8493,42.3790,42.9242,43.4855,44.0636,44.6591,45.2728,45.9054,46.5576,47.2304,47.9247,48.6415,49.3816,50.1463,50.9367,51.7541,52.5997,53.4749,54.3814,55.3206,56.2943,57.3043,58.3527,59.4416,60.5733,61.7504,62.9754,64.2513,65.5813,66.9688,68.4176,69.9316,71.5153,73.1736,74.9118,76.7356,78.6516,80.6669,82.7891,85.0271,87.3904,89.8898,92.5374,95.3465,98.3325,101.5124,104.9056,108.5342,112.4239,116.6035,121.1065,125.9720,131.2454,136.9802,143.2397,150.0996,157.6503,166.0013,175.2871,185.6738,197.3695,210.6380,225.8194,243.3598,263.8546,288.1193,317.2992,353.0562,397.8954,455.7814,533.3791,642.8184,808.7611,1090.1997,1672.0380,3585.7466,24808.5801,2781.6064,1473.4158,1002.1188,759.2545,611.1454,511.3882,439.6269,385.5281,343.2850,309.3849,281.5787,258.3589,238.6771,221.7819,207.1209,194.2785,182.9358,172.8450,163.8096,155.6723,148.3056,141.6051,135.4844,129.8717,124.7060,119.9362,115.5184,111.4151,107.5938,104.0267,100.6894,97.5602,94.6204,91.8535,89.2446,86.7806,84.4499,82.2421,80.1476,78.1581,76.2659,74.4642,72.7467,71.1077,69.5420,68.0448,66.6120,65.2392,63.9231,62.6603,61.4476,60.2823,59.1616,58.0831,57.0445,56.0438,55.0789,54.1481,53.2497,52.3820,51.5437,50.7332,49.9494,49.1909,48.4567,47.7457,47.0569,46.3893,45.7421,45.1143,44.5052,43.9141,43.3403,42.7830,42.2417,41.7158,41.2046,40.7077,40.2245,39.7546,39.2975,38.8527,38.4198,37.9985,37.5884,37.1890,36.8002,36.4215,36.0526,35.6932,35.3431,35.0019,34.6695,34.3455,34.0297,33.7220,33.4220,33.1296,32.8446,32.5668,32.2959,32.0319,31.7746,31.5237,31.2792,31.0408,30.8086,30.5821,30.3615,30.1465,29.9371,29.7330,29.5342,29.3406,29.1521,28.9685,28.7898,28.6159,28.4467,28.2820,28.1219,27.9662,27.8148,27.6677,27.5249,27.3861,27.2514,27.1207,26.9939,26.8710,26.7519,26.6365,26.5248,26.4168,26.3123,26.2114,26.1139,26.0199,25.9293,25.8420,25.7580,25.6773,25.5998,25.5255,25.4543,25.3862,25.3212,25.2592,25.2001,25.1441,25.0910,25.0408,24.9935,24.9490,24.9073,24.8684,24.8322,24.7988,24.7681,24.7401,24.7147,24.6920,24.6719,24.6543,24.6394,24.6270,24.6171,24.6097,24.6048,24.6024,24.6025,24.6049,24.6098,24.6171,24.6268,24.6388,24.6532,24.6699,24.6890,24.7103,24.7340,24.7599,24.7881,24.8185,24.8512,24.8862,24.9233,24.9626,25.0042,25.0479,25.0938,25.1418,25.1920,25.2444,25.2988,25.3554,25.4141,25.4749,25.5378,25.6027,25.6698,25.7389,25.8100,25.8832,25.9585,26.0357,26.1150,26.1963,26.2797,26.3650,26.4523,26.5416,26.6328,26.7261,26.8213,26.9184,27.0176,27.1186,27.2216,27.3266,27.4334,27.5422,27.6529,27.7655,27.8800,27.9964,28.1147,28.2349,28.3569,28.4809,28.6067,28.7344,28.8639,28.9953,29.1285,29.2636,29.4005,29.5393,29.6799,29.8223,29.9666,30.1126,30.2605,30.4102,30.5617,30.7150,30.8701,31.0270,31.1856,31.3461,31.5083,31.6723,31.8381,32.0056,32.1749,32.3460,32.5189,32.6934,32.8698,33.0478,33.2277,33.4092,33.5925,33.7775,33.9643,34.1527,34.3429,34.5348,34.7285,34.9238,35.1209,35.3196,35.4000\right]
v_{friction}=\left[8719.3838,8719.3838,8719.3838,8719.3838,8719.3838,8719.3838,8719.3838,8719.3838,8719.3838,8719.3838,8719.3838,8719.3838,8719.3838,8719.3838,8719.3838,8719.3838,8719.3838,8719.3838,8719.3838,8719.3838,8719.3838,8719.3838,8719.3838,8719.3838,8719.3838,8719.3838,8719.3838,8719.3838,8719.3838,8719.3838,8719.3838,8719.3838,8719.3838,8719.3838,8719.3838,8719.3838,8719.3838,8719.3838,8719.3838,8719.3838,8719.3838,8719.3838,8719.3838,8719.3838,8719.3838,8719.3838,8719.3838,8719.3838,8719.3838,8719.3838,8719.3838,8719.3838,8719.3838,8719.3838,8719.3838,8719.3838,8719.3838,8719.3838,8719.3838,8719.3838,8719.3838,8719.3838,8719.3838,8719.3838,8719.3838,8719.3838,8719.3838,8719.3838,8719.3838,8719.3838,8719.3838,8719.3838,8719.3838,8719.3838,8719.3838,8719.3838,8719.3838,8719.3838,8719.3838,8719.3838,8719.3838,8719.3838,8719.3838,8719.3838,8719.3838,8719.3838,8719.3838,8719.3838,8719.3838,8719.3838,8719.3838,8719.3838,8719.3838,8719.3838,8719.3838,8719.3838,8719.3838,8719.3838,8719.3838,8719.3838,8719.3838,8719.3838,8719.3838,8719.3838,8719.3838,8719.3838,8719.3838,8719.3838,8719.3838,8719.3838,8719.3838,8719.3838,8719.3838,8719.3838,8719.3838,8719.3838,8719.3838,8719.3838,8719.3838,8719.3838,8719.3838,8719.3838,8719.3838,8719.3838,8719.3838,8719.3838,8719.3838,8719.3838,8719.3838,8719.3838,8719.3838,8719.3838,8719.3838,8719.3838,8719.3838,8719.3838,8719.3838,8719.3838,8719.3838,8719.3838,8719.3838,8719.3838,8719.3838,8719.3838,8719.3838,8719.3838,8719.3838,8719.3838,8719.3838,8719.3838,8719.3838,8719.3838,8719.3838,8719.3838,8719.3838,8719.3838,8719.3838,8719.3838,8719.3838,8719.3838,8719.3838,8719.3838,8719.3838,8719.3838,8719.3838,8719.3838,8719.3838,8719.3838,8719.3838,8719.3838,8719.3838,8719.3838,8719.3838,8719.3838,8719.3838,8719.3838,8719.3838,8719.3838,8719.3838,8719.3838,8719.3838,8719.3838,8719.3838,8719.3838,8719.3838,8719.3838,8719.3838,8719.3838,8719.3838,8719.3838,8719.3838,8719.3838,8719.3838,8719.3838,8719.3838,8719.3838,8719.3838,8719.3838,8719.3838,8719.3838,8719.3838,8719.3838,8719.3838,8719.3838,8719.3838,8719.3838,8719.3838,8719.3838,8719.3838,8719.3838,8719.3838,8719.3838,8719.3838,8719.3838,8719.3838,8719.3838,8719.3838,8719.3838,8719.3838,8719.3838,8719.3838,8719.3838,8719.3838,8719.3838,8719.3838,8719.3838,8719.3838,8719.3838,8719.3838,8719.3838,8719.3838,8719.3838,8719.3838,8719.3838,8719.3838,8719.3838,26.1459,26.0723,25.9992,25.9265,25.8542,25.7824,25.7110,25.6401,25.5696,25.4995,25.4299,25.3608,25.2922,25.2240,25.1563,25.0891,25.0224,24.9562,24.8905,24.8253,24.7606,24.6964,24.6327,24.5696,24.5070,24.4450,24.3835,24.3225,24.2621,24.2023,24.1431,24.0844,24.0263,23.9688,23.9119,23.8556,23.7998,23.7447,23.6903,23.6364,23.5832,23.5306,23.4787,23.4274,23.3768,23.3268,23.2775,23.2289,23.1809,23.1337,23.0871,23.0413,22.9961,22.9517,22.9080,22.8650,22.8228,22.7813,22.7405,22.7005,22.6613,22.6228,22.5852,22.5483,22.5122,22.4769,22.4423,22.4087,22.3758,22.3437,22.3125,22.2821,22.2526,22.2239,22.1961,22.1692,22.1431,22.1179,22.0936,22.0702,22.0477,22.0262,22.0055,21.9858,21.9670,21.9491,21.9322,21.9162,21.9012,21.8872,21.8742,21.8621,21.8510,21.8410,21.8319,21.8239,21.8168,21.8108,21.8059,21.8020,21.7991,21.7973,21.7966,21.7970,21.7984,21.8010,21.8046,21.8093,21.8152,21.8222,21.8303,21.8396,21.8500,21.8615,21.8743,21.8882,21.9033,21.9196,21.9371,21.9558,21.9757,21.9968,22.0192,22.0429,22.0678,22.0939,22.1214,22.1501,22.1802,22.2115,22.2442,22.2781,22.3135,22.3502,22.3882,22.4277,22.4685,22.5107,22.5544,22.5994,22.6459,22.6939,22.7433,22.7943,22.8467,22.9006,22.9561,23.0131,23.0717,23.1318,23.1936,23.2570,23.3220,23.3886,23.4570,23.5270,23.5988,23.6722,23.7475,23.8245,23.9034,23.9841,24.0666,24.1510,24.2374,24.3257,24.4159,24.5082,24.6025,24.6989,24.7974,24.8980,25.0008,25.1059,25.2132,25.3228,25.4347,25.5491,25.6658,25.7851,25.9069,26.0313,26.1583,26.2881,26.4206,26.5559,26.6942,26.8354,26.9796,27.1270,27.2775,27.4314,27.5885,27.7491,27.9133,28.0811,28.2526,28.4280,28.6074,28.7908,28.9784,29.1704,29.3669,29.5680,29.7738,29.9846,30.2005,30.4216,30.6483,30.8806,31.1188,31.3630,31.6137,31.8709,32.1350,32.4062,32.6848,32.9712,33.2657,33.5686,33.8804,34.2014,34.5321,34.8729,35.2244,35.5871,35.9616,36.3485,36.7485,37.1623,37.5907,38.0345,38.4947,38.9723,39.4685,39.9843,40.5211,41.0804,41.6637,42.2728,42.9097,43.5764,44.2754,45.0093,45.7811,46.5942,47.4524,48.3600,49.3219,50.3436,51.4318,52.5938,53.8384,55.1760,56.6185,58.1805,59.8795,61.7366,63.7780,66.0364,68.5531,71.3814,74.5914,78.2775,82.5704,87.6571,93.8169,101.4894,111.4158,124.9720,145.0961,179.6908,263.1434,692.1554,231.7664,168.6807,139.1113,121.0867,108.6363,99.3752,92.1393,86.2841,81.4198,77.2951,73.7399,70.6341,67.8904,65.4434,63.2433,61.2513,59.4363,57.7738,56.2435,54.8287,53.5157,52.2928,51.1502,50.0795,49.0734,48.1258,47.2311,46.3847,45.5823,44.8203,44.0955,43.4049,42.7460,42.1163,41.5139,40.9368,40.3834,39.8520,39.3412,38.8499,38.3767,37.9207,37.4808,37.0562,36.6460,36.2493,35.8657,35.4942,35.1343,34.7855,34.4473,34.1191,33.8004,33.4909,33.1902,32.8978,32.6133,32.3366,32.0672,31.8049,31.5493,31.3003,31.0576,30.8209,30.5900,30.3648,30.1449,29.9303,29.7208,29.5161,29.3162,29.1209,28.9300,28.7434,28.5610,28.3826,28.2082,28.0376,27.8707,27.7074,27.5477,27.3913,27.2383,27.0886,26.9420,26.7985,26.6580,26.5205,26.3858,26.2540,26.1249,25.9985,25.8748,25.7536,25.6349,25.5187,25.4050,25.2936,25.1846,25.0778,24.9733,24.8711,24.7709,24.6730,24.5771,24.4833,24.3915,24.3017,24.2139,24.1280,24.0440,23.9619,23.8817,23.8033,23.7267,23.6519,23.5788,23.5075,23.4379,23.3700,23.3037,23.2391,23.1761,23.1148,23.0550,22.9968,22.9402,22.8851,22.8316,22.7795,22.7290,22.6799,22.6323,22.5862,22.5415,22.4982,22.4563,22.4159,22.3768,22.3391,22.3028,22.2678,22.2342,22.2019,22.1709,22.1412,22.1128,22.0857,22.0599,22.0354,22.0121,21.9901,21.9693,21.9497,21.9314,21.9142,21.8983,21.8836,21.8700,21.8576,21.8464,21.8364,21.8275,21.8197,21.8131,21.8076,21.8032,21.8000,21.7978,21.7967,21.7968,21.7978,21.8000,21.8032,21.8075,21.8129,21.8192,21.8266,21.8350,21.8445,21.8549,21.8664,21.8788,21.8923,21.9067,21.9221,21.9384,21.9557,21.9740,21.9932,22.0133,22.0344,22.0564,22.0793,22.1031,22.1278,22.1534,22.1799,22.2072,22.2354,22.2645,22.2945,22.3253,22.3569,22.3894,22.4227,22.4568,22.4917,22.5275,22.5640,22.6013,22.6395,22.6783,22.7180,22.7584,22.7996,22.8416,22.8842,22.9277,22.9718,23.0167,23.0623,23.1086,23.1556,23.2033,23.2516,23.3007,23.3505,23.4009,23.4520,23.5037,23.5561,23.6091,23.6628,23.7171,23.7721,23.8276,23.8838,23.9405,23.9979,24.0559,24.1144,24.1736,24.2333,24.2936,24.3544,24.4158,24.4778,24.5403,24.6033,24.6669,24.7310,24.7957,24.8608,24.9265,24.9927,25.0594,25.1266,25.1942,25.2624,25.3310,25.4001,25.4697,25.5397,25.6102,25.6812,25.7526,25.8245,25.8968,25.9695,26.0427,26.1162,26.1459\right]
v_{forward}=\left[0.0000,6.0237,8.5188,10.4333,12.0474,13.4694,14.7550,15.9372,17.0376,18.0711,19.0486,19.9783,20.8667,21.7187,22.5386,23.3296,24.0947,24.8363,25.5563,26.2566,26.9387,27.6040,28.2536,28.8886,29.5099,30.1184,30.7149,31.3000,31.8743,32.4385,32.9931,33.5385,34.0751,34.6034,35.1238,35.6343,36.1311,36.6152,37.0870,37.5472,37.9965,38.4352,38.8638,39.2829,39.6928,40.0939,40.4866,40.8712,41.2480,41.6173,41.9794,42.3345,42.6830,43.0249,43.3607,43.6904,44.0142,44.3324,44.6451,44.9525,45.2548,45.5520,45.8445,46.1322,46.4153,46.6940,46.9684,47.2385,47.5046,47.7667,48.0248,48.2792,48.5299,48.7770,49.0206,49.2607,49.4975,49.7311,49.9614,50.1886,50.4128,50.6339,50.8522,51.0676,51.2802,51.4900,51.6972,51.9017,52.1037,52.3032,52.5002,52.6948,52.8870,53.0768,53.2644,53.4498,53.6329,53.8139,53.9928,54.1696,54.3444,54.5172,54.6880,54.8568,55.0238,55.1889,55.3521,55.5136,55.6733,55.8312,55.9874,56.1420,56.2948,56.4461,56.5957,56.7437,56.8902,57.0352,57.1786,57.3206,57.4611,57.6002,57.7378,57.8741,58.0089,58.1424,58.2746,58.4054,58.5350,58.6633,58.7903,58.9160,59.0406,59.1639,59.2860,59.4070,59.5268,59.6454,59.7629,59.8794,59.9947,60.1089,60.2220,60.3341,60.4452,60.5552,60.6642,60.7722,60.8792,60.9853,61.0903,61.1944,61.2976,61.3999,61.5012,61.6016,61.7011,61.7997,61.8975,61.9944,62.0904,62.1856,62.2800,62.3736,62.4663,62.5582,62.6493,62.7397,62.8292,62.9180,63.0060,63.0933,63.1799,63.2657,63.3507,63.4351,63.5188,63.6017,63.6840,63.7655,63.8464,63.9266,64.0062,64.0851,64.1633,64.2409,64.3179,64.3942,64.4699,64.5450,64.6195,64.6934,64.7667,64.8393,64.9114,64.9830,65.0539,65.1243,65.1941,65.2634,65.3321,65.4002,65.4679,65.5350,65.6015,65.6676,65.7331,65.7981,65.8626,65.9266,65.9901,66.0531,66.1156,66.1776,66.2391,66.3002,66.3608,66.4209,66.4806,66.5398,66.5986,66.6569,66.7148,66.7722,66.8292,66.8857,66.9419,66.9976,67.0529,67.1077,67.1622,67.2163,67.2699,67.3231,67.3760,67.4284,26.1459,26.0723,25.9992,25.9265,25.8542,25.7824,25.7110,25.6401,25.5696,25.4995,25.4299,25.3608,25.2922,25.2240,25.1563,25.0891,25.0224,24.9562,24.8905,24.8253,24.7606,24.6964,24.6327,24.5696,24.5070,24.4450,24.3835,24.3225,24.2621,24.2023,24.1431,24.0844,24.0263,23.9688,23.9119,23.8556,23.7998,23.7447,23.6903,23.6364,23.5832,23.5306,23.4787,23.4274,23.3768,23.3268,23.2775,23.2289,23.1809,23.1337,23.0871,23.0413,22.9961,22.9517,22.9080,22.8650,22.8228,22.7813,22.7405,22.7005,22.6613,22.6228,22.5852,22.5483,22.5122,22.4769,22.4423,22.4087,22.3758,22.3437,22.3125,22.2821,22.2526,22.2239,22.1961,22.1692,22.1431,22.1179,22.0936,22.0702,22.0477,22.0262,22.0055,21.9858,21.9670,21.9491,21.9322,21.9162,21.9012,21.8872,21.8742,21.8621,21.8510,21.8410,21.8319,21.8239,21.8168,21.8108,21.8059,21.8020,21.7991,21.7973,21.7966,21.7970,21.7984,21.8010,21.8046,21.8093,21.8152,21.8222,21.8303,21.8396,21.8500,21.8615,21.8743,21.8882,21.9033,21.9196,21.9371,21.9558,21.9757,21.9968,22.0192,22.0429,22.0678,22.0939,22.1214,22.1501,22.1802,22.2115,22.2442,22.2781,22.3135,22.3502,22.3882,22.4277,22.4685,22.5107,22.5544,22.5994,22.6459,22.6939,22.7433,22.7943,22.8467,22.9006,22.9561,23.0131,23.0717,23.1318,23.1936,23.2570,23.3220,23.3886,23.4570,23.5270,23.5988,23.6722,23.7475,23.8245,23.9034,23.9841,24.0666,24.1510,24.2374,24.3257,24.4159,24.5082,24.6025,24.6989,24.7974,24.8980,25.0008,25.1059,25.2132,25.3228,25.4347,25.5491,25.6658,25.7851,25.9069,26.0313,26.1583,26.2881,26.4206,26.5559,26.6942,26.8354,26.9796,27.1270,27.2775,27.4314,27.5885,27.7491,27.9133,28.0811,28.2526,28.4280,28.6074,28.7908,28.9784,29.1704,29.3661,29.5632,29.7616,29.9614,30.1628,30.3657,30.5701,30.7763,30.9842,31.1939,31.4054,31.6189,31.8345,32.0521,32.2719,32.4940,32.7184,32.9453,33.1748,33.4069,33.6418,33.8796,34.1204,34.3643,34.6115,34.8621,35.1163,35.3743,35.6361,35.9020,36.1723,36.4470,36.7265,37.0109,37.3006,37.5957,37.8967,38.2038,38.5174,38.8379,39.1657,39.5012,39.8449,40.1975,40.5594,40.9315,41.3070,41.6752,42.0362,42.3902,42.7376,43.0786,43.4134,43.7421,44.0651,44.3824,44.6942,45.0008,45.3023,45.5988,45.8904,46.1774,46.4598,46.7378,47.0115,47.2810,47.5464,47.8079,48.0654,48.3192,48.5694,48.8159,49.0589,49.2985,49.5348,49.7678,49.9977,50.2244,50.4480,50.6687,50.8865,51.1015,51.3136,51.5231,51.7298,51.9340,52.1355,52.3346,52.5312,52.7254,52.9172,53.1068,53.2940,52.2928,51.1502,50.0795,49.0734,48.1258,47.2311,46.3847,45.5823,44.8203,44.0955,43.4049,42.7460,42.1163,41.5139,40.9368,40.3834,39.8520,39.3412,38.8499,38.3767,37.9207,37.4808,37.0562,36.6460,36.2493,35.8657,35.4942,35.1343,34.7855,34.4473,34.1191,33.8004,33.4909,33.1902,32.8978,32.6133,32.3366,32.0672,31.8049,31.5493,31.3003,31.0576,30.8209,30.5900,30.3648,30.1449,29.9303,29.7208,29.5161,29.3162,29.1209,28.9300,28.7434,28.5610,28.3826,28.2082,28.0376,27.8707,27.7074,27.5477,27.3913,27.2383,27.0886,26.9420,26.7985,26.6580,26.5205,26.3858,26.2540,26.1249,25.9985,25.8748,25.7536,25.6349,25.5187,25.4050,25.2936,25.1846,25.0778,24.9733,24.8711,24.7709,24.6730,24.5771,24.4833,24.3915,24.3017,24.2139,24.1280,24.0440,23.9619,23.8817,23.8033,23.7267,23.6519,23.5788,23.5075,23.4379,23.3700,23.3037,23.2391,23.1761,23.1148,23.0550,22.9968,22.9402,22.8851,22.8316,22.7795,22.7290,22.6799,22.6323,22.5862,22.5415,22.4982,22.4563,22.4159,22.3768,22.3391,22.3028,22.2678,22.2342,22.2019,22.1709,22.1412,22.1128,22.0857,22.0599,22.0354,22.0121,21.9901,21.9693,21.9497,21.9314,21.9142,21.8983,21.8836,21.8700,21.8576,21.8464,21.8364,21.8275,21.8197,21.8131,21.8076,21.8032,21.8000,21.7978,21.7967,21.7968,21.7978,21.8000,21.8032,21.8075,21.8129,21.8192,21.8266,21.8350,21.8445,21.8549,21.8664,21.8788,21.8923,21.9067,21.9221,21.9384,21.9557,21.9740,21.9932,22.0133,22.0344,22.0564,22.0793,22.1031,22.1278,22.1534,22.1799,22.2072,22.2354,22.2645,22.2945,22.3253,22.3569,22.3894,22.4227,22.4568,22.4917,22.5275,22.5640,22.6013,22.6395,22.6783,22.7180,22.7584,22.7996,22.8416,22.8842,22.9277,22.9718,23.0167,23.0623,23.1086,23.1556,23.2033,23.2516,23.3007,23.3505,23.4009,23.4520,23.5037,23.5561,23.6091,23.6628,23.7171,23.7721,23.8276,23.8838,23.9405,23.9979,24.0559,24.1144,24.1736,24.2333,24.2936,24.3544,24.4158,24.4778,24.5403,24.6033,24.6669,24.7310,24.7957,24.8608,24.9265,24.9927,25.0594,25.1266,25.1942,25.2624,25.3310,25.4001,25.4697,25.5397,25.6102,25.6812,25.7526,25.8245,25.8968,25.9695,26.0427,26.1162,0.0000\right]
v_{backward}=\left[0.0000,6.0237,8.5188,10.4333,12.0474,13.4694,14.7550,15.9372,17.0376,18.0711,19.0486,19.9783,20.8667,21.7187,22.5386,23.3296,24.0947,24.8363,25.5563,26.2566,26.9387,27.6040,28.2536,28.8886,29.5099,30.1184,30.7149,31.3000,31.8743,32.4385,32.9931,33.5385,34.0751,34.6034,35.1238,35.6343,36.1311,36.6152,37.0870,37.5472,37.9965,38.4352,38.8638,39.2829,39.6928,40.0939,40.4866,40.8712,41.2480,41.6173,41.9794,42.3345,42.6830,43.0249,43.3607,43.6904,44.0142,44.3324,44.6451,44.9525,45.2548,45.5520,45.8445,46.1322,46.4153,46.6940,46.9684,47.2385,47.5046,47.7667,48.0248,48.2792,48.5299,48.7770,49.0206,49.2607,49.4975,49.7311,49.9614,50.1886,50.4128,50.6339,50.8522,51.0676,51.2802,51.4900,51.6972,51.9017,52.1037,52.3032,52.5002,52.6948,52.8870,53.0768,53.2644,53.4498,53.6329,53.8139,53.9928,54.1696,54.3444,54.5172,54.6880,54.8568,55.0238,55.1889,55.3521,55.5136,55.6733,55.8312,55.9874,56.1420,56.2948,56.4461,56.5957,56.7437,56.8902,57.0352,57.1786,57.3206,57.4611,57.6002,57.7378,57.8741,58.0089,58.1424,58.0149,57.8801,57.7439,57.6063,57.4673,57.3269,57.1850,57.0416,56.8967,56.7503,56.6023,56.4528,56.3016,56.1488,55.9944,55.8382,55.6803,55.5207,55.3594,55.1962,55.0312,54.8643,54.6955,54.5248,54.3521,54.1775,54.0008,53.8220,53.6411,53.4580,53.2727,53.0852,52.8955,52.7034,52.5089,52.3120,52.1127,51.9108,51.7064,51.4993,51.2896,51.0771,50.8618,50.6437,50.4227,50.1986,49.9716,49.7414,49.5080,49.2713,49.0313,48.7879,48.5410,48.2904,48.0362,47.7782,47.5163,47.2504,46.9805,46.7063,46.4278,46.1449,45.8573,45.5651,45.2681,44.9661,44.6589,44.3464,44.0285,43.7049,43.3755,43.0400,42.6983,42.3501,41.9953,41.6366,41.2748,40.9097,40.5414,40.1697,39.7945,39.4158,39.0334,38.6472,38.2571,37.8630,37.4647,37.0622,36.6552,36.2437,35.8274,35.4063,34.9801,34.5486,34.1117,33.6691,33.2206,32.7659,32.3049,31.8372,31.3625,30.8805,30.3909,29.8933,29.3872,28.8722,28.3480,27.8138,27.2692,26.7134,26.1459,26.0723,25.9992,25.9265,25.8542,25.7824,25.7110,25.6401,25.5696,25.4995,25.4299,25.3608,25.2922,25.2240,25.1563,25.0891,25.0224,24.9562,24.8905,24.8253,24.7606,24.6964,24.6327,24.5696,24.5070,24.4450,24.3835,24.3225,24.2621,24.2023,24.1431,24.0844,24.0263,23.9688,23.9119,23.8556,23.7998,23.7447,23.6903,23.6364,23.5832,23.5306,23.4787,23.4274,23.3768,23.3268,23.2775,23.2289,23.1809,23.1337,23.0871,23.0413,22.9961,22.9517,22.9080,22.8650,22.8228,22.7813,22.7405,22.7005,22.6613,22.6228,22.5852,22.5483,22.5122,22.4769,22.4423,22.4087,22.3758,22.3437,22.3125,22.2821,22.2526,22.2239,22.1961,22.1692,22.1431,22.1179,22.0936,22.0702,22.0477,22.0262,22.0055,21.9858,21.9670,21.9491,21.9322,21.9162,21.9012,21.8872,21.8742,21.8621,21.8510,21.8410,21.8319,21.8239,21.8168,21.8108,21.8059,21.8020,21.7991,21.7973,21.7966,21.7970,21.7984,21.8010,21.8046,21.8093,21.8152,21.8222,21.8303,21.8396,21.8500,21.8615,21.8743,21.8882,21.9033,21.9196,21.9371,21.9558,21.9757,21.9968,22.0192,22.0429,22.0678,22.0939,22.1214,22.1501,22.1802,22.2115,22.2442,22.2781,22.3135,22.3502,22.3882,22.4277,22.4685,22.5107,22.5544,22.5994,22.6459,22.6939,22.7433,22.7943,22.8467,22.9006,22.9561,23.0131,23.0717,23.1318,23.1936,23.2570,23.3220,23.3886,23.4570,23.5270,23.5988,23.6722,23.7475,23.8245,23.9034,23.9841,24.0666,24.1510,24.2374,24.3257,24.4159,24.5082,24.6025,24.6989,24.7974,24.8980,25.0008,25.1059,25.2132,25.3228,25.4347,25.5491,25.6658,25.7851,25.9069,26.0313,26.1583,26.2881,26.4206,26.5559,26.6942,26.8354,26.9796,27.1270,27.2775,27.4314,27.5885,27.7491,27.9133,28.0811,28.2526,28.4280,28.6074,28.7908,28.9784,29.1704,29.3661,29.5632,29.7616,29.9614,30.1628,30.3657,30.5701,30.7763,30.9842,31.1939,31.4054,31.6189,31.8345,32.0521,32.2719,32.4940,32.7184,32.9453,33.1748,33.4069,33.6418,33.8796,34.1204,34.3643,34.6115,34.8621,35.1163,35.3743,35.6361,35.9020,36.1723,36.4470,36.7265,37.0109,37.3006,37.5957,37.8967,38.2038,38.5174,38.8379,39.1657,39.5012,39.8449,40.1975,40.5594,40.9315,41.3070,41.6752,42.0362,42.3902,42.7376,43.0786,43.4134,43.7421,44.0651,44.3824,44.6942,45.0008,45.3023,45.5988,45.8904,46.1774,46.4598,46.7378,47.0115,47.2810,47.5464,47.8079,48.0654,48.3192,48.5694,48.8159,48.5758,48.3258,48.0721,47.8146,47.5533,47.2880,47.0186,46.7450,46.4671,46.1848,45.8980,45.6064,45.3101,45.0088,44.7023,44.3906,44.0734,43.7506,43.4220,43.0874,42.7493,42.4091,42.0667,41.7220,41.3750,41.0256,40.6738,40.3195,39.9626,39.6111,39.2682,38.9334,38.6063,38.2864,37.9732,37.6664,37.3657,37.0708,36.7812,36.4968,36.2174,35.9426,35.6722,35.4061,35.1441,34.8859,34.6314,34.3804,34.1329,33.8885,33.6473,33.4090,33.1736,32.9410,32.7110,32.4835,32.2584,32.0357,31.8152,31.5968,31.3806,31.1663,30.9540,30.7435,30.5348,30.3278,30.1224,29.9186,29.7164,29.5156,29.3162,29.1209,28.9300,28.7434,28.5610,28.3826,28.2082,28.0376,27.8707,27.7074,27.5477,27.3913,27.2383,27.0886,26.9420,26.7985,26.6580,26.5205,26.3858,26.2540,26.1249,25.9985,25.8748,25.7536,25.6349,25.5187,25.4050,25.2936,25.1846,25.0778,24.9733,24.8711,24.7709,24.6730,24.5771,24.4833,24.3915,24.3017,24.2139,24.1280,24.0440,23.9619,23.8817,23.8033,23.7267,23.6519,23.5788,23.5075,23.4379,23.3700,23.3037,23.2391,23.1761,23.1148,23.0550,22.9968,22.9402,22.8851,22.8316,22.7795,22.7290,22.6799,22.6323,22.5862,22.5415,22.4982,22.4563,22.4159,22.3768,22.3391,22.3028,22.2678,22.2342,22.2019,22.1709,22.1412,22.1128,22.0857,22.0599,22.0354,22.0121,21.9901,21.9693,21.9497,21.9314,21.9142,21.8983,21.8836,21.8700,21.8576,21.8464,21.8364,21.8275,21.8197,21.8131,21.8076,21.8032,21.8000,21.7978,21.7967,21.7968,21.7978,21.8000,21.8032,21.8075,21.8129,21.8192,21.8266,21.8350,21.8445,21.8549,21.8664,21.8788,21.8923,21.9067,21.9221,21.9384,21.9557,21.9740,21.9932,22.0133,22.0344,22.0564,22.0793,22.1031,22.1278,22.1534,22.1799,22.2072,22.2354,22.2645,22.2945,22.3253,22.3569,22.3894,22.4227,22.4568,22.4917,22.4191,22.2662,22.1117,21.9557,21.7979,21.6385,21.4774,21.3144,21.1496,20.9828,20.8142,20.6434,20.4706,20.2957,20.1185,19.9390,19.7571,19.5728,19.3860,19.1965,19.0043,18.8094,18.6115,18.4106,18.2066,17.9993,17.7886,17.5745,17.3567,17.1350,16.9094,16.6797,16.4456,16.2070,15.9636,15.7153,15.4617,15.2025,14.9376,14.6665,14.3888,14.1043,13.8123,13.5125,13.2043,12.8870,12.5600,12.2224,11.8734,11.5119,11.1366,10.7460,10.3385,9.9119,9.4636,8.9903,8.4878,7.9506,7.3710,6.7382,6.0352,5.2340,4.2795,3.0304,0.0000\right]
v_{final}=\left[0.0000,6.0237,8.5188,10.4333,12.0474,13.4694,14.7550,15.9372,17.0376,18.0711,19.0486,19.9783,20.8667,21.7187,22.5386,23.3296,24.0947,24.8363,25.5563,26.2566,26.9387,27.6040,28.2536,28.8886,29.5099,30.1184,30.7149,31.3000,31.8743,32.4385,32.9931,33.5385,34.0751,34.6034,35.1238,35.6343,36.1311,36.6152,37.0870,37.5472,37.9965,38.4352,38.8638,39.2829,39.6928,40.0939,40.4866,40.8712,41.2480,41.6173,41.9794,42.3345,42.6830,43.0249,43.3607,43.6904,44.0142,44.3324,44.6451,44.9525,45.2548,45.5520,45.8445,46.1322,46.4153,46.6940,46.9684,47.2385,47.5046,47.7667,48.0248,48.2792,48.5299,48.7770,49.0206,49.2607,49.4975,49.7311,49.9614,50.1886,50.4128,50.6339,50.8522,51.0676,51.2802,51.4900,51.6972,51.9017,52.1037,52.3032,52.5002,52.6948,52.8870,53.0768,53.2644,53.4498,53.6329,53.8139,53.9928,54.1696,54.3444,54.5172,54.6880,54.8568,55.0238,55.1889,55.3521,55.5136,55.6733,55.8312,55.9874,56.1420,56.2948,56.4461,56.5957,56.7437,56.8902,57.0352,57.1786,57.3206,57.4611,57.6002,57.7378,57.8741,58.0089,58.1424,58.0149,57.8801,57.7439,57.6063,57.4673,57.3269,57.1850,57.0416,56.8967,56.7503,56.6023,56.4528,56.3016,56.1488,55.9944,55.8382,55.6803,55.5207,55.3594,55.1962,55.0312,54.8643,54.6955,54.5248,54.3521,54.1775,54.0008,53.8220,53.6411,53.4580,53.2727,53.0852,52.8955,52.7034,52.5089,52.3120,52.1127,51.9108,51.7064,51.4993,51.2896,51.0771,50.8618,50.6437,50.4227,50.1986,49.9716,49.7414,49.5080,49.2713,49.0313,48.7879,48.5410,48.2904,48.0362,47.7782,47.5163,47.2504,46.9805,46.7063,46.4278,46.1449,45.8573,45.5651,45.2681,44.9661,44.6589,44.3464,44.0285,43.7049,43.3755,43.0400,42.6983,42.3501,41.9953,41.6366,41.2748,40.9097,40.5414,40.1697,39.7945,39.4158,39.0334,38.6472,38.2571,37.8630,37.4647,37.0622,36.6552,36.2437,35.8274,35.4063,34.9801,34.5486,34.1117,33.6691,33.2206,32.7659,32.3049,31.8372,31.3625,30.8805,30.3909,29.8933,29.3872,28.8722,28.3480,27.8138,27.2692,26.7134,26.1459,26.0723,25.9992,25.9265,25.8542,25.7824,25.7110,25.6401,25.5696,25.4995,25.4299,25.3608,25.2922,25.2240,25.1563,25.0891,25.0224,24.9562,24.8905,24.8253,24.7606,24.6964,24.6327,24.5696,24.5070,24.4450,24.3835,24.3225,24.2621,24.2023,24.1431,24.0844,24.0263,23.9688,23.9119,23.8556,23.7998,23.7447,23.6903,23.6364,23.5832,23.5306,23.4787,23.4274,23.3768,23.3268,23.2775,23.2289,23.1809,23.1337,23.0871,23.0413,22.9961,22.9517,22.9080,22.8650,22.8228,22.7813,22.7405,22.7005,22.6613,22.6228,22.5852,22.5483,22.5122,22.4769,22.4423,22.4087,22.3758,22.3437,22.3125,22.2821,22.2526,22.2239,22.1961,22.1692,22.1431,22.1179,22.0936,22.0702,22.0477,22.0262,22.0055,21.9858,21.9670,21.9491,21.9322,21.9162,21.9012,21.8872,21.8742,21.8621,21.8510,21.8410,21.8319,21.8239,21.8168,21.8108,21.8059,21.8020,21.7991,21.7973,21.7966,21.7970,21.7984,21.8010,21.8046,21.8093,21.8152,21.8222,21.8303,21.8396,21.8500,21.8615,21.8743,21.8882,21.9033,21.9196,21.9371,21.9558,21.9757,21.9968,22.0192,22.0429,22.0678,22.0939,22.1214,22.1501,22.1802,22.2115,22.2442,22.2781,22.3135,22.3502,22.3882,22.4277,22.4685,22.5107,22.5544,22.5994,22.6459,22.6939,22.7433,22.7943,22.8467,22.9006,22.9561,23.0131,23.0717,23.1318,23.1936,23.2570,23.3220,23.3886,23.4570,23.5270,23.5988,23.6722,23.7475,23.8245,23.9034,23.9841,24.0666,24.1510,24.2374,24.3257,24.4159,24.5082,24.6025,24.6989,24.7974,24.8980,25.0008,25.1059,25.2132,25.3228,25.4347,25.5491,25.6658,25.7851,25.9069,26.0313,26.1583,26.2881,26.4206,26.5559,26.6942,26.8354,26.9796,27.1270,27.2775,27.4314,27.5885,27.7491,27.9133,28.0811,28.2526,28.4280,28.6074,28.7908,28.9784,29.1704,29.3661,29.5632,29.7616,29.9614,30.1628,30.3657,30.5701,30.7763,30.9842,31.1939,31.4054,31.6189,31.8345,32.0521,32.2719,32.4940,32.7184,32.9453,33.1748,33.4069,33.6418,33.8796,34.1204,34.3643,34.6115,34.8621,35.1163,35.3743,35.6361,35.9020,36.1723,36.4470,36.7265,37.0109,37.3006,37.5957,37.8967,38.2038,38.5174,38.8379,39.1657,39.5012,39.8449,40.1975,40.5594,40.9315,41.3070,41.6752,42.0362,42.3902,42.7376,43.0786,43.4134,43.7421,44.0651,44.3824,44.6942,45.0008,45.3023,45.5988,45.8904,46.1774,46.4598,46.7378,47.0115,47.2810,47.5464,47.8079,48.0654,48.3192,48.5694,48.8159,48.5758,48.3258,48.0721,47.8146,47.5533,47.2880,47.0186,46.7450,46.4671,46.1848,45.8980,45.6064,45.3101,45.0088,44.7023,44.3906,44.0734,43.7506,43.4220,43.0874,42.7493,42.4091,42.0667,41.7220,41.3750,41.0256,40.6738,40.3195,39.9626,39.6111,39.2682,38.9334,38.6063,38.2864,37.9732,37.6664,37.3657,37.0708,36.7812,36.4968,36.2174,35.9426,35.6722,35.4061,35.1441,34.8859,34.6314,34.3804,34.1329,33.8885,33.6473,33.4090,33.1736,32.9410,32.7110,32.4835,32.2584,32.0357,31.8152,31.5968,31.3806,31.1663,30.9540,30.7435,30.5348,30.3278,30.1224,29.9186,29.7164,29.5156,29.3162,29.1209,28.9300,28.7434,28.5610,28.3826,28.2082,28.0376,27.8707,27.7074,27.5477,27.3913,27.2383,27.0886,26.9420,26.7985,26.6580,26.5205,26.3858,26.2540,26.1249,25.9985,25.8748,25.7536,25.6349,25.5187,25.4050,25.2936,25.1846,25.0778,24.9733,24.8711,24.7709,24.6730,24.5771,24.4833,24.3915,24.3017,24.2139,24.1280,24.0440,23.9619,23.8817,23.8033,23.7267,23.6519,23.5788,23.5075,23.4379,23.3700,23.3037,23.2391,23.1761,23.1148,23.0550,22.9968,22.9402,22.8851,22.8316,22.7795,22.7290,22.6799,22.6323,22.5862,22.5415,22.4982,22.4563,22.4159,22.3768,22.3391,22.3028,22.2678,22.2342,22.2019,22.1709,22.1412,22.1128,22.0857,22.0599,22.0354,22.0121,21.9901,21.9693,21.9497,21.9314,21.9142,21.8983,21.8836,21.8700,21.8576,21.8464,21.8364,21.8275,21.8197,21.8131,21.8076,21.8032,21.8000,21.7978,21.7967,21.7968,21.7978,21.8000,21.8032,21.8075,21.8129,21.8192,21.8266,21.8350,21.8445,21.8549,21.8664,21.8788,21.8923,21.9067,21.9221,21.9384,21.9557,21.9740,21.9932,22.0133,22.0344,22.0564,22.0793,22.1031,22.1278,22.1534,22.1799,22.2072,22.2354,22.2645,22.2945,22.3253,22.3569,22.3894,22.4227,22.4568,22.4917,22.4191,22.2662,22.1117,21.9557,21.7979,21.6385,21.4774,21.3144,21.1496,20.9828,20.8142,20.6434,20.4706,20.2957,20.1185,19.9390,19.7571,19.5728,19.3860,19.1965,19.0043,18.8094,18.6115,18.4106,18.2066,17.9993,17.7886,17.5745,17.3567,17.1350,16.9094,16.6797,16.4456,16.2070,15.9636,15.7153,15.4617,15.2025,14.9376,14.6665,14.3888,14.1043,13.8123,13.5125,13.2043,12.8870,12.5600,12.2224,11.8734,11.5119,11.1366,10.7460,10.3385,9.9119,9.4636,8.9903,8.4878,7.9506,7.3710,6.7382,6.0352,5.2340,4.2795,3.0304,0.0000\right]
l_{times}=\left[0.0000,0.0332,0.0470,0.0575,0.0664,0.0742,0.0813,0.0878,0.0939,0.0996,0.1050,0.1101,0.1150,0.1197,0.1242,0.1286,0.1328,0.1369,0.1409,0.1447,0.1485,0.1522,0.1557,0.1592,0.1627,0.1660,0.1693,0.1725,0.1757,0.1788,0.1819,0.1849,0.1878,0.1907,0.1936,0.1964,0.1992,0.2020,0.2047,0.2074,0.2100,0.2126,0.2152,0.2178,0.2203,0.2228,0.2253,0.2277,0.2302,0.2326,0.2350,0.2374,0.2397,0.2420,0.2444,0.2467,0.2489,0.2512,0.2535,0.2557,0.2579,0.2601,0.2623,0.2645,0.2666,0.2688,0.2709,0.2730,0.2751,0.2772,0.2793,0.2814,0.2835,0.2855,0.2876,0.2896,0.2916,0.2936,0.2957,0.2977,0.2996,0.3016,0.3036,0.3056,0.3075,0.3095,0.3114,0.3133,0.3152,0.3172,0.3191,0.3210,0.3229,0.3248,0.3266,0.3285,0.3304,0.3322,0.3341,0.3359,0.3378,0.3396,0.3415,0.3433,0.3451,0.3469,0.3487,0.3505,0.3523,0.3541,0.3559,0.3577,0.3595,0.3612,0.3630,0.3648,0.3665,0.3683,0.3700,0.3718,0.3735,0.3753,0.3770,0.3787,0.3805,0.3822,0.3839,0.3856,0.3874,0.3891,0.3908,0.3926,0.3943,0.3961,0.3978,0.3996,0.4014,0.4031,0.4049,0.4067,0.4085,0.4102,0.4120,0.4138,0.4156,0.4174,0.4193,0.4211,0.4229,0.4247,0.4266,0.4284,0.4303,0.4321,0.4340,0.4359,0.4377,0.4396,0.4415,0.4434,0.4453,0.4472,0.4491,0.4510,0.4530,0.4549,0.4568,0.4588,0.4608,0.4627,0.4647,0.4667,0.4687,0.4707,0.4727,0.4747,0.4768,0.4788,0.4809,0.4829,0.4850,0.4871,0.4892,0.4913,0.4934,0.4956,0.4977,0.4999,0.5021,0.5042,0.5064,0.5087,0.5109,0.5131,0.5154,0.5177,0.5200,0.5223,0.5246,0.5270,0.5293,0.5317,0.5342,0.5366,0.5390,0.5415,0.5440,0.5465,0.5491,0.5517,0.5543,0.5569,0.5596,0.5622,0.5649,0.5677,0.5705,0.5733,0.5761,0.5790,0.5819,0.5849,0.5878,0.5909,0.5940,0.5971,0.6002,0.6034,0.6067,0.6100,0.6134,0.6168,0.6203,0.6239,0.6275,0.6312,0.6350,0.6388,0.6427,0.6465,0.6504,0.6543,0.6582,0.6620,0.6660,0.6699,0.6738,0.6777,0.6817,0.6856,0.6896,0.6936,0.6976,0.7016,0.7056,0.7096,0.7137,0.7177,0.7218,0.7258,0.7299,0.7340,0.7381,0.7422,0.7463,0.7504,0.7546,0.7587,0.7629,0.7670,0.7712,0.7754,0.7796,0.7838,0.7880,0.7922,0.7965,0.8007,0.8050,0.8092,0.8135,0.8178,0.8221,0.8264,0.8307,0.8350,0.8393,0.8437,0.8480,0.8524,0.8567,0.8611,0.8655,0.8699,0.8743,0.8787,0.8831,0.8875,0.8919,0.8963,0.9008,0.9052,0.9097,0.9141,0.9186,0.9231,0.9276,0.9320,0.9365,0.9410,0.9455,0.9500,0.9546,0.9591,0.9636,0.9681,0.9727,0.9772,0.9817,0.9863,0.9908,0.9954,0.9999,1.0045,1.0091,1.0136,1.0182,1.0228,1.0274,1.0319,1.0365,1.0411,1.0457,1.0503,1.0548,1.0594,1.0640,1.0686,1.0732,1.0778,1.0824,1.0870,1.0915,1.0961,1.1007,1.1053,1.1099,1.1145,1.1190,1.1236,1.1282,1.1328,1.1373,1.1419,1.1464,1.1510,1.1556,1.1601,1.1647,1.1692,1.1737,1.1783,1.1828,1.1873,1.1918,1.1963,1.2008,1.2053,1.2098,1.2143,1.2187,1.2232,1.2277,1.2321,1.2365,1.2410,1.2454,1.2498,1.2542,1.2586,1.2630,1.2673,1.2717,1.2761,1.2804,1.2847,1.2890,1.2933,1.2976,1.3019,1.3062,1.3104,1.3147,1.3189,1.3231,1.3273,1.3315,1.3357,1.3399,1.3440,1.3482,1.3523,1.3564,1.3605,1.3645,1.3686,1.3726,1.3767,1.3807,1.3847,1.3886,1.3926,1.3965,1.4005,1.4044,1.4082,1.4121,1.4160,1.4198,1.4236,1.4274,1.4312,1.4349,1.4387,1.4424,1.4461,1.4498,1.4534,1.4571,1.4607,1.4643,1.4678,1.4714,1.4749,1.4784,1.4819,1.4854,1.4888,1.4922,1.4956,1.4990,1.5023,1.5057,1.5090,1.5122,1.5155,1.5187,1.5220,1.5252,1.5283,1.5315,1.5346,1.5377,1.5408,1.5439,1.5469,1.5499,1.5530,1.5559,1.5589,1.5618,1.5648,1.5677,1.5705,1.5734,1.5762,1.5790,1.5818,1.5846,1.5874,1.5901,1.5928,1.5955,1.5982,1.6008,1.6035,1.6061,1.6087,1.6112,1.6138,1.6163,1.6188,1.6213,1.6237,1.6261,1.6286,1.6309,1.6333,1.6357,1.6380,1.6403,1.6426,1.6449,1.6471,1.6494,1.6516,1.6538,1.6560,1.6582,1.6604,1.6625,1.6647,1.6668,1.6689,1.6711,1.6731,1.6752,1.6773,1.6794,1.6814,1.6835,1.6855,1.6876,1.6897,1.6918,1.6939,1.6960,1.6982,1.7003,1.7025,1.7046,1.7068,1.7090,1.7112,1.7135,1.7157,1.7180,1.7203,1.7225,1.7249,1.7272,1.7295,1.7319,1.7343,1.7367,1.7391,1.7416,1.7440,1.7465,1.7490,1.7516,1.7541,1.7567,1.7593,1.7619,1.7646,1.7673,1.7699,1.7726,1.7754,1.7781,1.7809,1.7837,1.7865,1.7893,1.7922,1.7951,1.7980,1.8009,1.8038,1.8068,1.8098,1.8128,1.8158,1.8189,1.8219,1.8250,1.8281,1.8313,1.8344,1.8376,1.8408,1.8440,1.8472,1.8505,1.8538,1.8571,1.8604,1.8638,1.8672,1.8706,1.8740,1.8774,1.8809,1.8844,1.8879,1.8914,1.8950,1.8986,1.9022,1.9058,1.9094,1.9131,1.9168,1.9205,1.9242,1.9279,1.9317,1.9355,1.9393,1.9431,1.9469,1.9508,1.9547,1.9585,1.9625,1.9664,1.9703,1.9743,1.9783,1.9823,1.9863,1.9903,1.9944,1.9984,2.0025,2.0066,2.0107,2.0148,2.0190,2.0231,2.0273,2.0314,2.0356,2.0399,2.0441,2.0483,2.0526,2.0568,2.0611,2.0654,2.0697,2.0740,2.0783,2.0826,2.0870,2.0913,2.0957,2.1001,2.1045,2.1088,2.1133,2.1177,2.1221,2.1265,2.1310,2.1354,2.1399,2.1443,2.1488,2.1533,2.1578,2.1623,2.1668,2.1713,2.1758,2.1803,2.1848,2.1894,2.1939,2.1984,2.2030,2.2075,2.2121,2.2166,2.2212,2.2258,2.2303,2.2349,2.2395,2.2441,2.2486,2.2532,2.2578,2.2624,2.2670,2.2716,2.2761,2.2807,2.2853,2.2899,2.2945,2.2991,2.3037,2.3083,2.3128,2.3174,2.3220,2.3266,2.3312,2.3357,2.3403,2.3449,2.3495,2.3540,2.3586,2.3631,2.3677,2.3723,2.3768,2.3813,2.3859,2.3904,2.3950,2.3995,2.4040,2.4085,2.4130,2.4175,2.4220,2.4265,2.4310,2.4355,2.4400,2.4445,2.4489,2.4534,2.4578,2.4623,2.4667,2.4713,2.4758,2.4804,2.4850,2.4896,2.4943,2.4990,2.5037,2.5085,2.5133,2.5182,2.5231,2.5281,2.5331,2.5381,2.5432,2.5483,2.5535,2.5587,2.5640,2.5694,2.5748,2.5802,2.5858,2.5913,2.5970,2.6027,2.6085,2.6144,2.6204,2.6264,2.6325,2.6387,2.6450,2.6515,2.6580,2.6646,2.6714,2.6783,2.6853,2.6924,2.6998,2.7072,2.7149,2.7228,2.7308,2.7391,2.7477,2.7565,2.7657,2.7752,2.7850,2.7954,2.8062,2.8176,2.8298,2.8429,2.8570,2.8727,2.8904,2.9115,2.9388,3.0048,\right]
l_{points}=\left[\left(-23.6000,0.0000\right),\left(-23.5000,0.0000\right),\left(-23.4000,0.0000\right),\left(-23.3000,0.0000\right),\left(-23.2000,0.0000\right),\left(-23.1000,0.0000\right),\left(-23.0000,0.0000\right),\left(-22.9000,0.0000\right),\left(-22.8000,0.0000\right),\left(-22.7000,0.0000\right),\left(-22.6000,0.0000\right),\left(-22.5000,0.0000\right),\left(-22.4000,0.0000\right),\left(-22.3000,0.0000\right),\left(-22.2000,0.0000\right),\left(-22.1000,0.0000\right),\left(-22.0000,0.0000\right),\left(-21.9000,0.0000\right),\left(-21.8000,0.0000\right),\left(-21.7000,0.0000\right),\left(-21.6000,0.0000\right),\left(-21.5000,0.0000\right),\left(-21.4000,0.0000\right),\left(-21.3000,0.0000\right),\left(-21.2000,0.0000\right),\left(-21.1000,0.0000\right),\left(-21.0000,0.0000\right),\left(-20.9000,0.0000\right),\left(-20.8000,0.0000\right),\left(-20.7000,0.0000\right),\left(-20.6000,0.0000\right),\left(-20.5000,0.0000\right),\left(-20.4000,0.0000\right),\left(-20.3000,0.0000\right),\left(-20.2000,0.0000\right),\left(-20.1000,0.0000\right),\left(-20.0000,0.0000\right),\left(-19.9000,0.0000\right),\left(-19.8000,0.0000\right),\left(-19.7000,0.0000\right),\left(-19.6000,0.0000\right),\left(-19.5000,0.0000\right),\left(-19.4000,0.0000\right),\left(-19.3000,0.0000\right),\left(-19.2000,0.0000\right),\left(-19.1000,0.0000\right),\left(-19.0000,0.0000\right),\left(-18.9000,0.0000\right),\left(-18.8000,0.0000\right),\left(-18.7000,0.0000\right),\left(-18.6000,0.0000\right),\left(-18.5000,0.0000\right),\left(-18.4000,0.0000\right),\left(-18.3000,0.0000\right),\left(-18.2000,0.0000\right),\left(-18.1000,0.0000\right),\left(-18.0000,0.0000\right),\left(-17.9000,0.0000\right),\left(-17.8000,0.0000\right),\left(-17.7000,0.0000\right),\left(-17.6000,0.0000\right),\left(-17.5000,0.0000\right),\left(-17.4000,0.0000\right),\left(-17.3000,0.0000\right),\left(-17.2000,0.0000\right),\left(-17.1000,0.0000\right),\left(-17.0000,0.0000\right),\left(-16.9000,0.0000\right),\left(-16.8000,0.0000\right),\left(-16.7000,0.0000\right),\left(-16.6000,0.0000\right),\left(-16.5000,0.0000\right),\left(-16.4000,0.0000\right),\left(-16.3000,0.0000\right),\left(-16.2000,0.0000\right),\left(-16.1000,0.0000\right),\left(-16.0000,0.0000\right),\left(-15.9000,0.0000\right),\left(-15.8000,0.0000\right),\left(-15.7000,0.0000\right),\left(-15.6000,0.0000\right),\left(-15.5000,0.0000\right),\left(-15.4000,0.0000\right),\left(-15.3000,0.0000\right),\left(-15.2000,0.0000\right),\left(-15.1000,0.0000\right),\left(-15.0000,0.0000\right),\left(-14.9000,0.0000\right),\left(-14.8000,0.0000\right),\left(-14.7000,0.0000\right),\left(-14.6000,0.0000\right),\left(-14.5000,0.0000\right),\left(-14.4000,0.0000\right),\left(-14.3000,0.0000\right),\left(-14.2000,0.0000\right),\left(-14.1000,0.0000\right),\left(-14.0000,0.0000\right),\left(-13.9000,0.0000\right),\left(-13.8000,0.0000\right),\left(-13.7000,0.0000\right),\left(-13.6000,0.0000\right),\left(-13.5000,0.0000\right),\left(-13.4000,0.0000\right),\left(-13.3000,0.0000\right),\left(-13.2000,0.0000\right),\left(-13.1000,0.0000\right),\left(-13.0000,0.0000\right),\left(-12.9000,0.0000\right),\left(-12.8000,0.0000\right),\left(-12.7000,0.0000\right),\left(-12.6000,0.0000\right),\left(-12.5000,0.0000\right),\left(-12.4000,0.0000\right),\left(-12.3000,0.0000\right),\left(-12.2000,0.0000\right),\left(-12.1000,0.0000\right),\left(-12.0000,0.0000\right),\left(-11.9000,0.0000\right),\left(-11.8000,0.0000\right),\left(-11.7000,0.0000\right),\left(-11.6000,0.0000\right),\left(-11.5000,0.0000\right),\left(-11.4000,0.0000\right),\left(-11.3000,0.0000\right),\left(-11.2000,0.0000\right),\left(-11.1000,0.0000\right),\left(-11.0000,0.0000\right),\left(-10.9000,0.0000\right),\left(-10.8000,0.0000\right),\left(-10.7000,0.0000\right),\left(-10.6000,0.0000\right),\left(-10.5000,0.0000\right),\left(-10.4000,0.0000\right),\left(-10.3000,0.0000\right),\left(-10.2000,0.0000\right),\left(-10.1000,0.0000\right),\left(-10.0000,0.0000\right),\left(-9.9000,0.0000\right),\left(-9.8000,0.0000\right),\left(-9.7000,0.0000\right),\left(-9.6000,0.0000\right),\left(-9.5000,0.0000\right),\left(-9.4000,0.0000\right),\left(-9.3000,0.0000\right),\left(-9.2000,0.0000\right),\left(-9.1000,0.0000\right),\left(-9.0000,0.0000\right),\left(-8.9000,0.0000\right),\left(-8.8000,0.0000\right),\left(-8.7000,0.0000\right),\left(-8.6000,0.0000\right),\left(-8.5000,0.0000\right),\left(-8.4000,0.0000\right),\left(-8.3000,0.0000\right),\left(-8.2000,0.0000\right),\left(-8.1000,0.0000\right),\left(-8.0000,0.0000\right),\left(-7.9000,0.0000\right),\left(-7.8000,0.0000\right),\left(-7.7000,0.0000\right),\left(-7.6000,0.0000\right),\left(-7.5000,0.0000\right),\left(-7.4000,0.0000\right),\left(-7.3000,0.0000\right),\left(-7.2000,0.0000\right),\left(-7.1000,0.0000\right),\left(-7.0000,0.0000\right),\left(-6.9000,0.0000\right),\left(-6.8000,0.0000\right),\left(-6.7000,0.0000\right),\left(-6.6000,0.0000\right),\left(-6.5000,0.0000\right),\left(-6.4000,0.0000\right),\left(-6.3000,0.0000\right),\left(-6.2000,0.0000\right),\left(-6.1000,0.0000\right),\left(-6.0000,0.0000\right),\left(-5.9000,0.0000\right),\left(-5.8000,0.0000\right),\left(-5.7000,0.0000\right),\left(-5.6000,0.0000\right),\left(-5.5000,0.0000\right),\left(-5.4000,0.0000\right),\left(-5.3000,0.0000\right),\left(-5.2000,0.0000\right),\left(-5.1000,0.0000\right),\left(-5.0000,0.0000\right),\left(-4.9000,0.0000\right),\left(-4.8000,0.0000\right),\left(-4.7000,0.0000\right),\left(-4.6000,0.0000\right),\left(-4.5000,0.0000\right),\left(-4.4000,0.0000\right),\left(-4.3000,0.0000\right),\left(-4.2000,0.0000\right),\left(-4.1000,0.0000\right),\left(-4.0000,0.0000\right),\left(-3.9000,0.0000\right),\left(-3.8000,0.0000\right),\left(-3.7000,0.0000\right),\left(-3.6000,0.0000\right),\left(-3.5000,0.0000\right),\left(-3.4000,0.0000\right),\left(-3.3000,0.0000\right),\left(-3.2000,0.0000\right),\left(-3.1000,0.0000\right),\left(-3.0000,0.0000\right),\left(-2.9000,0.0000\right),\left(-2.8000,0.0000\right),\left(-2.7000,0.0000\right),\left(-2.6000,0.0000\right),\left(-2.5000,0.0000\right),\left(-2.4000,0.0000\right),\left(-2.3000,0.0000\right),\left(-2.2000,0.0000\right),\left(-2.1000,0.0000\right),\left(-2.0000,0.0000\right),\left(-1.9000,0.0000\right),\left(-1.8000,0.0000\right),\left(-1.7000,0.0000\right),\left(-1.6000,0.0000\right),\left(-1.5000,0.0000\right),\left(-1.4000,0.0000\right),\left(-1.3000,0.0000\right),\left(-1.2000,0.0000\right),\left(-1.1000,0.0000\right),\left(-1.0000,0.0000\right),\left(-0.9000,0.0000\right),\left(-0.8000,0.0000\right),\left(-0.7000,0.0000\right),\left(-0.6000,0.0000\right),\left(-0.5000,0.0000\right),\left(-0.4000,0.0000\right),\left(-0.3000,0.0000\right),\left(-0.2000,0.0000\right),\left(-0.1000,0.0000\right),\left(0.0001,0.0000\right),\left(0.0999,0.0001\right),\left(0.1998,0.0006\right),\left(0.2997,0.0013\right),\left(0.3995,0.0023\right),\left(0.4994,0.0036\right),\left(0.5992,0.0051\right),\left(0.6991,0.0070\right),\left(0.7989,0.0092\right),\left(0.8987,0.0116\right),\left(0.9986,0.0144\right),\left(1.0984,0.0174\right),\left(1.1982,0.0207\right),\left(1.2980,0.0244\right),\left(1.3977,0.0283\right),\left(1.4975,0.0326\right),\left(1.5973,0.0371\right),\left(1.6970,0.0420\right),\left(1.7967,0.0472\right),\left(1.8964,0.0527\right),\left(1.9961,0.0585\right),\left(2.0958,0.0646\right),\left(2.1955,0.0710\right),\left(2.2951,0.0777\right),\left(2.3947,0.0848\right),\left(2.4943,0.0922\right),\left(2.5939,0.0999\right),\left(2.6934,0.1079\right),\left(2.7929,0.1163\right),\left(2.8924,0.1249\right),\left(2.9919,0.1339\right),\left(3.0913,0.1433\right),\left(3.1907,0.1529\right),\left(3.2900,0.1629\right),\left(3.3894,0.1733\right),\left(3.4887,0.1839\right),\left(3.5879,0.1949\right),\left(3.6871,0.2063\right),\left(3.7863,0.2179\right),\left(3.8854,0.2299\right),\left(3.9845,0.2423\right),\left(4.0836,0.2550\right),\left(4.1826,0.2681\right),\left(4.2816,0.2814\right),\left(4.3805,0.2952\right),\left(4.4794,0.3093\right),\left(4.5782,0.3237\right),\left(4.6769,0.3385\right),\left(4.7757,0.3537\right),\left(4.8743,0.3692\right),\left(4.9729,0.3850\right),\left(5.0715,0.4012\right),\left(5.1699,0.4178\right),\left(5.2684,0.4347\right),\left(5.3667,0.4520\right),\left(5.4650,0.4697\right),\left(5.5633,0.4877\right),\left(5.6614,0.5061\right),\left(5.7595,0.5248\right),\left(5.8576,0.5439\right),\left(5.9555,0.5634\right),\left(6.0534,0.5832\right),\left(6.1512,0.6034\right),\left(6.2490,0.6240\right),\left(6.3466,0.6450\right),\left(6.4442,0.6663\right),\left(6.5417,0.6880\right),\left(6.6391,0.7101\right),\left(6.7364,0.7325\right),\left(6.8337,0.7553\right),\left(6.9308,0.7785\right),\left(7.0279,0.8021\right),\left(7.1248,0.8260\right),\left(7.2217,0.8504\right),\left(7.3185,0.8751\right),\left(7.4152,0.9002\right),\left(7.5118,0.9256\right),\left(7.6083,0.9515\right),\left(7.7046,0.9777\right),\left(7.8009,1.0043\right),\left(7.8971,1.0313\right),\left(7.9932,1.0586\right),\left(8.0891,1.0864\right),\left(8.1850,1.1145\right),\left(8.2807,1.1430\right),\left(8.3763,1.1719\right),\left(8.4718,1.2012\right),\left(8.5672,1.2309\right),\left(8.6625,1.2609\right),\left(8.7576,1.2913\right),\left(8.8527,1.3221\right),\left(8.9476,1.3533\right),\left(9.0423,1.3849\right),\left(9.1370,1.4169\right),\left(9.2315,1.4492\right),\left(9.3259,1.4819\right),\left(9.4202,1.5151\right),\left(9.5143,1.5485\right),\left(9.6083,1.5824\right),\left(9.7021,1.6167\right),\left(9.7958,1.6513\right),\left(9.8894,1.6863\right),\left(9.9828,1.7217\right),\left(10.0761,1.7575\right),\left(10.1692,1.7936\right),\left(10.2622,1.8302\right),\left(10.3551,1.8671\right),\left(10.4478,1.9044\right),\left(10.5403,1.9420\right),\left(10.6327,1.9801\right),\left(10.7250,2.0185\right),\left(10.8170,2.0573\right),\left(10.9090,2.0964\right),\left(11.0007,2.1360\right),\left(11.0923,2.1759\right),\left(11.1838,2.2161\right),\left(11.2751,2.2568\right),\left(11.3662,2.2978\right),\left(11.4572,2.3391\right),\left(11.5480,2.3809\right),\left(11.6386,2.4230\right),\left(11.7290,2.4654\right),\left(11.8193,2.5083\right),\left(11.9094,2.5514\right),\left(11.9994,2.5950\right),\left(12.0892,2.6389\right),\left(12.1788,2.6831\right),\left(12.2682,2.7277\right),\left(12.3574,2.7727\right),\left(12.4465,2.8180\right),\left(12.5354,2.8637\right),\left(12.6241,2.9097\right),\left(12.7127,2.9560\right),\left(12.8010,3.0027\right),\left(12.8892,3.0497\right),\left(12.9772,3.0971\right),\left(13.0650,3.1448\right),\left(13.1527,3.1929\right),\left(13.2401,3.2412\right),\left(13.3274,3.2900\right),\left(13.4145,3.3390\right),\left(13.5014,3.3884\right),\left(13.5881,3.4381\right),\left(13.6747,3.4881\right),\left(13.7610,3.5384\right),\left(13.8472,3.5891\right),\left(13.9331,3.6401\right),\left(14.0189,3.6914\right),\left(14.1045,3.7430\right),\left(14.1899,3.7949\right),\left(14.2752,3.8471\right),\left(14.3602,3.8996\right),\left(14.4451,3.9525\right),\left(14.5297,4.0056\right),\left(14.6142,4.0590\right),\left(14.6985,4.1128\right),\left(14.7826,4.1668\right),\left(14.8665,4.2211\right),\left(14.9503,4.2757\right),\left(15.0338,4.3306\right),\left(15.1172,4.3858\right),\left(15.2003,4.4412\right),\left(15.2833,4.4970\right),\left(15.3661,4.5530\right),\left(15.4487,4.6093\right),\left(15.5312,4.6658\right),\left(15.6134,4.7227\right),\left(15.6955,4.7798\right),\left(15.7773,4.8371\right),\left(15.8590,4.8947\right),\left(15.9406,4.9526\right),\left(16.0219,5.0108\right),\left(16.1030,5.0691\right),\left(16.1840,5.1278\right),\left(16.2648,5.1867\right),\left(16.3454,5.2458\right),\left(16.4259,5.3052\right),\left(16.5061,5.3648\right),\left(16.5862,5.4247\right),\left(16.6661,5.4847\right),\left(16.7458,5.5451\right),\left(16.8254,5.6056\right),\left(16.9048,5.6664\right),\left(16.9840,5.7274\right),\left(17.0630,5.7886\right),\left(17.1419,5.8501\right),\left(17.2206,5.9117\right),\left(17.2992,5.9736\right),\left(17.3775,6.0357\right),\left(17.4558,6.0980\right),\left(17.5338,6.1605\right),\left(17.6117,6.2232\right),\left(17.6894,6.2860\right),\left(17.7670,6.3491\right),\left(17.8444,6.4124\right),\left(17.9216,6.4759\right),\left(17.9987,6.5396\right),\left(18.0757,6.6034\right),\left(18.1525,6.6675\right),\left(18.2291,6.7317\right),\left(18.3056,6.7961\right),\left(18.3819,6.8607\right),\left(18.4581,6.9254\right),\left(18.5342,6.9904\right),\left(18.6101,7.0554\right),\left(18.6858,7.1207\right),\left(18.7615,7.1861\right),\left(18.8370,7.2517\right),\left(18.9123,7.3174\right),\left(18.9875,7.3833\right),\left(19.0626,7.4494\right),\left(19.1375,7.5156\right),\left(19.2124,7.5819\right),\left(19.2871,7.6484\right),\left(19.3616,7.7150\right),\left(19.4361,7.7818\right),\left(19.5104,7.8487\right),\left(19.5846,7.9157\right),\left(19.6587,7.9829\right),\left(19.7326,8.0502\right),\left(19.8065,8.1176\right),\left(19.8802,8.1852\right),\left(19.9538,8.2528\right),\left(20.0273,8.3206\right),\left(20.1007,8.3885\right),\left(20.1740,8.4565\right),\left(20.2472,8.5247\right),\left(20.3203,8.5929\right),\left(20.3933,8.6613\right),\left(20.4662,8.7297\right),\left(20.5390,8.7983\right),\left(20.6117,8.8669\right),\left(20.6843,8.9357\right),\left(20.7568,9.0045\right),\left(20.8293,9.0735\right),\left(20.9016,9.1425\right),\left(20.9739,9.2116\right),\left(21.0461,9.2808\right),\left(21.1182,9.3501\right),\left(21.1902,9.4195\right),\left(21.2622,9.4889\right),\left(21.3341,9.5584\right),\left(21.4059,9.6280\right),\left(21.4776,9.6977\right),\left(21.5493,9.7674\right),\left(21.6209,9.8372\right),\left(21.6925,9.9071\right),\left(21.7640,9.9770\right),\left(21.8354,10.0470\right),\left(21.9068,10.1170\right),\left(21.9781,10.1871\right),\left(22.0494,10.2572\right),\left(22.1206,10.3274\right),\left(22.1918,10.3977\right),\left(22.2629,10.4680\right),\left(22.3340,10.5383\right),\left(22.4050,10.6087\right),\left(22.4761,10.6791\right),\left(22.5470,10.7495\right),\left(22.6180,10.8200\right),\left(22.6889,10.8905\right),\left(22.7598,10.9610\right),\left(22.8306,11.0316\right),\left(22.9015,11.1022\right),\left(22.9723,11.1728\right),\left(23.0431,11.2434\right),\left(23.1138,11.3141\right),\left(23.1846,11.3847\right),\left(23.2553,11.4554\right),\left(23.3261,11.5261\right),\left(23.3968,11.5968\right),\left(23.4675,11.6675\right),\left(23.5382,11.7382\right),\left(23.6089,11.8089\right),\left(23.6796,11.8796\right),\left(23.7504,11.9503\right),\left(23.8211,12.0210\right),\left(23.8918,12.0917\right),\left(23.9625,12.1624\right),\left(24.0333,12.2331\right),\left(24.1040,12.3038\right),\left(24.1748,12.3744\right),\left(24.2456,12.4450\right),\left(24.3164,12.5156\right),\left(24.3873,12.5862\right),\left(24.4581,12.6568\right),\left(24.5290,12.7273\right),\left(24.5999,12.7978\right),\left(24.6709,12.8683\right),\left(24.7419,12.9387\right),\left(24.8129,13.0091\right),\left(24.8840,13.0795\right),\left(24.9551,13.1498\right),\left(25.0262,13.2201\right),\left(25.0974,13.2903\right),\left(25.1686,13.3605\right),\left(25.2399,13.4306\right),\left(25.3113,13.5007\right),\left(25.3827,13.5707\right),\left(25.4541,13.6407\right),\left(25.5256,13.7106\right),\left(25.5972,13.7804\right),\left(25.6688,13.8502\right),\left(25.7405,13.9199\right),\left(25.8123,13.9896\right),\left(25.8841,14.0591\right),\left(25.9560,14.1286\right),\left(26.0280,14.1981\right),\left(26.1000,14.2674\right),\left(26.1721,14.3367\right),\left(26.2444,14.4059\right),\left(26.3166,14.4750\right),\left(26.3890,14.5440\right),\left(26.4615,14.6129\right),\left(26.5340,14.6817\right),\left(26.6067,14.7504\right),\left(26.6794,14.8191\right),\left(26.7522,14.8876\right),\left(26.8252,14.9560\right),\left(26.8982,15.0244\right),\left(26.9713,15.0926\right),\left(27.0445,15.1607\right),\left(27.1179,15.2287\right),\left(27.1913,15.2966\right),\left(27.2648,15.3643\right),\left(27.3385,15.4320\right),\left(27.4122,15.4995\right),\left(27.4861,15.5669\right),\left(27.5601,15.6342\right),\left(27.6342,15.7013\right),\left(27.7085,15.7683\right),\left(27.7828,15.8352\right),\left(27.8573,15.9019\right),\left(27.9319,15.9685\right),\left(28.0066,16.0350\right),\left(28.0815,16.1013\right),\left(28.1565,16.1675\right),\left(28.2316,16.2335\right),\left(28.3069,16.2993\right),\left(28.3823,16.3650\right),\left(28.4578,16.4306\right),\left(28.5335,16.4960\right),\left(28.6093,16.5612\right),\left(28.6852,16.6262\right),\left(28.7613,16.6911\right),\left(28.8376,16.7558\right),\left(28.9140,16.8204\right),\left(28.9905,16.8848\right),\left(29.0672,16.9490\right),\left(29.1441,17.0130\right),\left(29.2211,17.0768\right),\left(29.2982,17.1404\right),\left(29.3755,17.2039\right),\left(29.4530,17.2671\right),\left(29.5306,17.3302\right),\left(29.6084,17.3930\right),\left(29.6863,17.4557\right),\left(29.7645,17.5182\right),\left(29.8427,17.5804\right),\left(29.9212,17.6425\right),\left(29.9998,17.7043\right),\left(30.0786,17.7659\right),\left(30.1575,17.8273\right),\left(30.2366,17.8885\right),\left(30.3159,17.9495\right),\left(30.3954,18.0102\right),\left(30.4750,18.0708\right),\left(30.5548,18.1310\right),\left(30.6348,18.1911\right),\left(30.7150,18.2509\right),\left(30.7953,18.3105\right),\left(30.8758,18.3698\right),\left(30.9565,18.4289\right),\left(31.0374,18.4878\right),\left(31.1185,18.5464\right),\left(31.1997,18.6047\right),\left(31.2811,18.6628\right),\left(31.3627,18.7207\right),\left(31.4445,18.7782\right),\left(31.5265,18.8356\right),\left(31.6087,18.8926\right),\left(31.6910,18.9494\right),\left(31.7735,19.0059\right),\left(31.8563,19.0622\right),\left(31.9392,19.1182\right),\left(32.0222,19.1739\right),\left(32.1055,19.2293\right),\left(32.1890,19.2844\right),\left(32.2726,19.3393\right),\left(32.3565,19.3938\right),\left(32.4405,19.4481\right),\left(32.5247,19.5021\right),\left(32.6092,19.5558\right),\left(32.6938,19.6092\right),\left(32.7785,19.6623\right),\left(32.8635,19.7151\right),\left(32.9487,19.7676\right),\left(33.0340,19.8197\right),\left(33.1196,19.8716\right),\left(33.2053,19.9232\right),\left(33.2912,19.9744\right),\left(33.3774,20.0254\right),\left(33.4637,20.0760\right),\left(33.5501,20.1263\right),\left(33.6368,20.1763\right),\left(33.7237,20.2259\right),\left(33.8107,20.2752\right),\left(33.8980,20.3242\right),\left(33.9854,20.3729\right),\left(34.0730,20.4212\right),\left(34.1608,20.4692\right),\left(34.2487,20.5169\right),\left(34.3369,20.5642\right),\left(34.4252,20.6112\right),\left(34.5138,20.6579\right),\left(34.6025,20.7042\right),\left(34.6914,20.7501\right),\left(34.7804,20.7957\right),\left(34.8697,20.8410\right),\left(34.9591,20.8859\right),\left(35.0487,20.9305\right),\left(35.1385,20.9747\right),\left(35.2284,21.0185\right),\left(35.3185,21.0620\right),\left(35.4088,21.1051\right),\left(35.4993,21.1479\right),\left(35.5899,21.1903\right),\left(35.6807,21.2324\right),\left(35.7717,21.2740\right),\left(35.8629,21.3154\right),\left(35.9542,21.3563\right),\left(36.0457,21.3969\right),\left(36.1373,21.4371\right),\left(36.2291,21.4769\right),\left(36.3211,21.5164\right),\left(36.4132,21.5555\right),\left(36.5055,21.5942\right),\left(36.5979,21.6326\right),\left(36.6905,21.6706\right),\left(36.7833,21.7082\right),\left(36.8762,21.7454\right),\left(36.9693,21.7822\right),\left(37.0625,21.8187\right),\left(37.1558,21.8548\right),\left(37.2493,21.8905\right),\left(37.3430,21.9258\right),\left(37.4368,21.9608\right),\left(37.5307,21.9954\right),\left(37.6248,22.0295\right),\left(37.7190,22.0633\right),\left(37.8134,22.0968\right),\left(37.9078,22.1298\right),\left(38.0025,22.1625\right),\left(38.0972,22.1947\right),\left(38.1921,22.2266\right),\left(38.2871,22.2581\right),\left(38.3823,22.2892\right),\left(38.4775,22.3200\right),\left(38.5729,22.3503\right),\left(38.6684,22.3803\right),\left(38.7641,22.4099\right),\left(38.8598,22.4391\right),\left(38.9557,22.4679\right),\left(39.0517,22.4963\right),\left(39.1478,22.5243\right),\left(39.2440,22.5520\right),\left(39.3403,22.5793\right),\left(39.4367,22.6062\right),\left(39.5333,22.6327\right),\left(39.6299,22.6588\right),\left(39.7267,22.6846\right),\left(39.8235,22.7099\right),\left(39.9205,22.7349\right),\left(40.0175,22.7595\right),\left(40.1147,22.7838\right),\left(40.2119,22.8076\right),\left(40.3092,22.8311\right),\left(40.4067,22.8542\right),\left(40.5042,22.8769\right),\left(40.6018,22.8992\right),\left(40.6994,22.9212\right),\left(40.7972,22.9428\right),\left(40.8951,22.9640\right),\left(40.9930,22.9849\right),\left(41.0910,23.0053\right),\left(41.1891,23.0254\right),\left(41.2872,23.0452\right),\left(41.3855,23.0645\right),\left(41.4838,23.0835\right),\left(41.5822,23.1021\right),\left(41.6806,23.1204\right),\left(41.7791,23.1383\right),\left(41.8777,23.1558\right),\left(41.9763,23.1730\right),\left(42.0751,23.1898\right),\left(42.1738,23.2063\right),\left(42.2727,23.2224\right),\left(42.3715,23.2381\right),\left(42.4705,23.2535\right),\left(42.5695,23.2685\right),\left(42.6685,23.2831\right),\left(42.7676,23.2975\right),\left(42.8668,23.3114\right),\left(42.9660,23.3250\right),\left(43.0652,23.3383\right),\left(43.1645,23.3512\right),\left(43.2639,23.3638\right),\left(43.3633,23.3760\right),\left(43.4627,23.3879\right),\left(43.5622,23.3994\right),\left(43.6617,23.4106\right),\left(43.7612,23.4215\right),\left(43.8608,23.4320\right),\left(43.9604,23.4422\right),\left(44.0601,23.4520\right),\left(44.1598,23.4616\right),\left(44.2595,23.4707\right),\left(44.3592,23.4796\right),\left(44.4590,23.4881\right),\left(44.5588,23.4963\right),\left(44.6586,23.5042\right),\left(44.7585,23.5118\right),\left(44.8584,23.5190\right),\left(44.9583,23.5259\right),\left(45.0582,23.5325\right),\left(45.1581,23.5388\right),\left(45.2581,23.5447\right),\left(45.3581,23.5504\right),\left(45.4581,23.5557\right),\left(45.5581,23.5607\right),\left(45.6581,23.5654\right),\left(45.7582,23.5698\right),\left(45.8582,23.5739\right),\left(45.9583,23.5777\right),\left(46.0584,23.5812\right),\left(46.1585,23.5844\right),\left(46.2586,23.5873\right),\left(46.3587,23.5898\right),\left(46.4588,23.5921\right),\left(46.5589,23.5941\right),\left(46.6590,23.5958\right),\left(46.7592,23.5972\right),\left(46.8593,23.5984\right),\left(46.9594,23.5992\right),\left(47.0596,23.5997\right),\left(47.1597,23.6000\right),\left(47.2000,23.6000\right),\right]
l_{headings}=\left[0.0000,0.0000,0.0000,0.0000,0.0000,0.0000,0.0000,0.0000,0.0000,0.0000,0.0000,0.0000,0.0000,0.0000,0.0000,0.0000,0.0000,0.0000,0.0000,0.0000,0.0000,0.0000,0.0000,0.0000,0.0000,0.0000,0.0000,0.0000,0.0000,0.0000,0.0000,0.0000,0.0000,0.0000,0.0000,0.0000,0.0000,0.0000,0.0000,0.0000,0.0000,0.0000,0.0000,0.0000,0.0000,0.0000,0.0000,0.0000,0.0000,0.0000,0.0000,0.0000,0.0000,0.0000,0.0000,0.0000,0.0000,0.0000,0.0000,0.0000,0.0000,0.0000,0.0000,0.0000,0.0000,0.0000,0.0000,0.0000,0.0000,0.0000,0.0000,0.0000,0.0000,0.0000,0.0000,0.0000,0.0000,0.0000,0.0000,0.0000,0.0000,0.0000,0.0000,0.0000,0.0000,0.0000,0.0000,0.0000,0.0000,0.0000,0.0000,0.0000,0.0000,0.0000,0.0000,0.0000,0.0000,0.0000,0.0000,0.0000,0.0000,0.0000,0.0000,0.0000,0.0000,0.0000,0.0000,0.0000,0.0000,0.0000,0.0000,0.0000,0.0000,0.0000,0.0000,0.0000,0.0000,0.0000,0.0000,0.0000,0.0000,0.0000,0.0000,0.0000,0.0000,0.0000,0.0000,0.0000,0.0000,0.0000,0.0000,0.0000,0.0000,0.0000,0.0000,0.0000,0.0000,0.0000,0.0000,0.0000,0.0000,0.0000,0.0000,0.0000,0.0000,0.0000,0.0000,0.0000,0.0000,0.0000,0.0000,0.0000,0.0000,0.0000,0.0000,0.0000,0.0000,0.0000,0.0000,0.0000,0.0000,0.0000,0.0000,0.0000,0.0000,0.0000,0.0000,0.0000,0.0000,0.0000,0.0000,0.0000,0.0000,0.0000,0.0000,0.0000,0.0000,0.0000,0.0000,0.0000,0.0000,0.0000,0.0000,0.0000,0.0000,0.0000,0.0000,0.0000,0.0000,0.0000,0.0000,0.0000,0.0000,0.0000,0.0000,0.0000,0.0000,0.0000,0.0000,0.0000,0.0000,0.0000,0.0000,0.0000,0.0000,0.0000,0.0000,0.0000,0.0000,0.0000,0.0000,0.0000,0.0000,0.0000,0.0000,0.0000,0.0000,0.0000,0.0000,0.0000,0.0000,0.0000,0.0000,0.0000,0.0000,0.0000,0.0000,0.0000,0.0000,0.0000,0.0000,0.0000,0.0000,0.0000,0.0000,0.0000,0.0000,0.0028,0.0057,0.0085,0.0114,0.0143,0.0172,0.0201,0.0231,0.0260,0.0290,0.0320,0.0350,0.0380,0.0411,0.0441,0.0472,0.0503,0.0534,0.0565,0.0597,0.0628,0.0660,0.0692,0.0724,0.0756,0.0788,0.0821,0.0853,0.0886,0.0919,0.0952,0.0986,0.1019,0.1053,0.1087,0.1121,0.1155,0.1189,0.1223,0.1258,0.1293,0.1328,0.1363,0.1398,0.1433,0.1469,0.1505,0.1540,0.1576,0.1612,0.1649,0.1685,0.1722,0.1758,0.1795,0.1832,0.1869,0.1906,0.1944,0.1981,0.2019,0.2057,0.2095,0.2133,0.2171,0.2209,0.2247,0.2286,0.2324,0.2363,0.2402,0.2441,0.2480,0.2519,0.2558,0.2597,0.2637,0.2676,0.2716,0.2755,0.2795,0.2835,0.2875,0.2915,0.2955,0.2995,0.3035,0.3075,0.3115,0.3156,0.3196,0.3236,0.3277,0.3317,0.3358,0.3398,0.3439,0.3479,0.3520,0.3560,0.3601,0.3642,0.3682,0.3723,0.3764,0.3804,0.3845,0.3885,0.3926,0.3966,0.4007,0.4047,0.4088,0.4128,0.4168,0.4208,0.4249,0.4289,0.4329,0.4369,0.4409,0.4449,0.4488,0.4528,0.4568,0.4607,0.4646,0.4686,0.4725,0.4764,0.4803,0.4842,0.4880,0.4919,0.4957,0.4996,0.5034,0.5072,0.5110,0.5148,0.5185,0.5222,0.5260,0.5297,0.5334,0.5370,0.5407,0.5443,0.5479,0.5515,0.5551,0.5587,0.5622,0.5657,0.5692,0.5727,0.5762,0.5796,0.5830,0.5864,0.5898,0.5931,0.5964,0.5997,0.6030,0.6063,0.6095,0.6127,0.6159,0.6190,0.6221,0.6252,0.6283,0.6314,0.6344,0.6374,0.6404,0.6433,0.6462,0.6491,0.6520,0.6548,0.6576,0.6604,0.6632,0.6659,0.6686,0.6712,0.6739,0.6765,0.6791,0.6816,0.6841,0.6866,0.6891,0.6915,0.6939,0.6963,0.6987,0.7010,0.7033,0.7055,0.7077,0.7099,0.7121,0.7142,0.7163,0.7184,0.7204,0.7224,0.7244,0.7264,0.7283,0.7302,0.7320,0.7338,0.7356,0.7374,0.7391,0.7408,0.7425,0.7441,0.7457,0.7473,0.7488,0.7504,0.7518,0.7533,0.7547,0.7561,0.7574,0.7587,0.7600,0.7613,0.7625,0.7637,0.7649,0.7660,0.7671,0.7682,0.7692,0.7702,0.7712,0.7721,0.7730,0.7739,0.7747,0.7755,0.7763,0.7770,0.7778,0.7784,0.7791,0.7797,0.7803,0.7809,0.7814,0.7819,0.7823,0.7828,0.7831,0.7835,0.7838,0.7841,0.7844,0.7846,0.7848,0.7850,0.7852,0.7853,0.7853,0.7854,0.7854,0.7854,0.7853,0.7852,0.7851,0.7850,0.7848,0.7846,0.7843,0.7841,0.7838,0.7834,0.7831,0.7826,0.7822,0.7817,0.7812,0.7807,0.7802,0.7796,0.7789,0.7783,0.7776,0.7769,0.7761,0.7753,0.7745,0.7737,0.7728,0.7719,0.7709,0.7699,0.7689,0.7679,0.7668,0.7657,0.7646,0.7634,0.7622,0.7610,0.7597,0.7584,0.7571,0.7557,0.7543,0.7529,0.7515,0.7500,0.7485,0.7469,0.7453,0.7437,0.7421,0.7404,0.7387,0.7370,0.7352,0.7334,0.7316,0.7297,0.7278,0.7259,0.7239,0.7219,0.7199,0.7179,0.7158,0.7137,0.7115,0.7094,0.7072,0.7049,0.7027,0.7004,0.6981,0.6957,0.6933,0.6909,0.6885,0.6860,0.6835,0.6810,0.6784,0.6758,0.6732,0.6706,0.6679,0.6652,0.6624,0.6597,0.6569,0.6541,0.6512,0.6484,0.6455,0.6425,0.6396,0.6366,0.6336,0.6306,0.6275,0.6244,0.6213,0.6182,0.6150,0.6118,0.6086,0.6054,0.6021,0.5988,0.5955,0.5922,0.5889,0.5855,0.5821,0.5787,0.5752,0.5718,0.5683,0.5648,0.5612,0.5577,0.5541,0.5505,0.5469,0.5433,0.5397,0.5360,0.5323,0.5286,0.5249,0.5212,0.5174,0.5137,0.5099,0.5061,0.5023,0.4985,0.4946,0.4908,0.4869,0.4830,0.4791,0.4752,0.4713,0.4674,0.4634,0.4595,0.4555,0.4516,0.4476,0.4436,0.4396,0.4356,0.4316,0.4276,0.4236,0.4196,0.4155,0.4115,0.4074,0.4034,0.3993,0.3953,0.3912,0.3872,0.3831,0.3790,0.3750,0.3709,0.3668,0.3628,0.3587,0.3546,0.3506,0.3465,0.3424,0.3384,0.3343,0.3303,0.3262,0.3222,0.3181,0.3141,0.3100,0.3060,0.3020,0.2980,0.2940,0.2899,0.2859,0.2820,0.2780,0.2740,0.2700,0.2661,0.2621,0.2582,0.2542,0.2503,0.2464,0.2425,0.2386,0.2347,0.2308,0.2270,0.2231,0.2193,0.2154,0.2116,0.2078,0.2040,0.2003,0.1965,0.1927,0.1890,0.1853,0.1816,0.1779,0.1742,0.1705,0.1668,0.1632,0.1596,0.1560,0.1524,0.1488,0.1452,0.1417,0.1381,0.1346,0.1311,0.1276,0.1241,0.1207,0.1172,0.1138,0.1104,0.1070,0.1036,0.1002,0.0969,0.0935,0.0902,0.0869,0.0836,0.0804,0.0771,0.0739,0.0707,0.0675,0.0643,0.0611,0.0579,0.0548,0.0517,0.0486,0.0455,0.0424,0.0394,0.0363,0.0333,0.0303,0.0273,0.0243,0.0214,0.0184,0.0155,0.0126,0.0097,0.0068,0.0040,0.0011,6.2832,\right]
running path!
lin/ang/drive_left/drive_right/tv_l/tv_r/av_l/av_r/x/y/theta/tx/ty/ttheta: 0.31039 -0.00015 -0.00000 -0.00000 0.00017 -0.00017 0.00017 -0.00017 -23.60000 0.00002 0.00091 -23.50000 0.00000 0.00000
lin/ang/drive_left/drive_right/tv_l/tv_r/av_l/av_r/x/y/theta/tx/ty/ttheta: 0.31039 0.00019 0.00013 -0.00013 0.10250 0.05903 0.10250 0.05903 -23.60000 -0.00002 -0.00114 -23.50000 0.00000 0.00000
lin/ang/drive_left/drive_right/tv_l/tv_r/av_l/av_r/x/y/theta/tx/ty/ttheta: 0.31039 0.00034 -0.00010 0.00010 0.48594 0.50972 0.48594 0.50972 -23.60000 -0.00004 -0.00200 -23.50000 0.00000 0.00000
lin/ang/drive_left/drive_right/tv_l/tv_r/av_l/av_r/x/y/theta/tx/ty/ttheta: 0.44364 0.00924 0.07328 0.05876 0.24264 0.25633 0.24264 0.25633 -23.54801 -0.00102 -0.05143 -23.30000 0.00000 0.00000
lin/ang/drive_left/drive_right/tv_l/tv_r/av_l/av_r/x/y/theta/tx/ty/ttheta: 0.52209 0.00949 0.14675 0.14407 0.33178 0.25256 0.33178 0.25256 -23.43351 -0.00111 -0.05093 -23.10000 0.00000 0.00000
lin/ang/drive_left/drive_right/tv_l/tv_r/av_l/av_r/x/y/theta/tx/ty/ttheta: 0.56391 0.01220 0.19521 0.19670 0.49417 0.53692 0.49417 0.53692 -23.27922 -0.00154 -0.06459 -23.00000 0.00000 0.00000
lin/ang/drive_left/drive_right/tv_l/tv_r/av_l/av_r/x/y/theta/tx/ty/ttheta: 0.68540 0.00922 0.33097 0.32436 0.50017 0.50342 0.50017 0.50342 -23.02122 -0.00137 -0.04568 -22.60000 0.00000 0.00000
lin/ang/drive_left/drive_right/tv_l/tv_r/av_l/av_r/x/y/theta/tx/ty/ttheta: 0.76806 0.03489 0.39644 0.36418 0.50289 0.48306 0.50289 0.48306 -22.72176 -0.00453 -0.17878 -22.30000 0.00000 0.00000
lin/ang/drive_left/drive_right/tv_l/tv_r/av_l/av_r/x/y/theta/tx/ty/ttheta: 0.82952 0.05427 0.47856 0.45631 0.52014 0.55919 0.52014 0.55919 -22.35371 -0.00776 -0.27195 -21.90000 0.00000 0.00000
lin/ang/drive_left/drive_right/tv_l/tv_r/av_l/av_r/x/y/theta/tx/ty/ttheta: 0.94400 0.06348 0.57857 0.57730 0.52892 0.53403 0.52892 0.53403 -21.89865 -0.01071 -0.30367 -21.30000 0.00000 0.00000
lin/ang/drive_left/drive_right/tv_l/tv_r/av_l/av_r/x/y/theta/tx/ty/ttheta: 1.02955 0.06659 0.60624 0.59989 0.57408 0.55764 0.57408 0.55764 -21.42380 -0.01322 -0.30557 -20.70000 0.00000 0.00000
lin/ang/drive_left/drive_right/tv_l/tv_r/av_l/av_r/x/y/theta/tx/ty/ttheta: 1.08753 0.07405 0.67480 0.67127 0.55319 0.61514 0.55319 0.61514 -20.89387 -0.01675 -0.33406 -20.20000 0.00000 0.00000
lin/ang/drive_left/drive_right/tv_l/tv_r/av_l/av_r/x/y/theta/tx/ty/ttheta: 1.16013 0.07768 0.78765 0.77948 0.60708 0.54239 0.60708 0.54239 -20.27690 -0.02040 -0.33945 -19.50000 0.00000 0.00000
lin/ang/drive_left/drive_right/tv_l/tv_r/av_l/av_r/x/y/theta/tx/ty/ttheta: 1.22791 0.10192 0.88117 0.84900 0.53744 0.60128 0.53744 0.60128 -19.59576 -0.02724 -0.45308 -18.80000 0.00000 0.00000
lin/ang/drive_left/drive_right/tv_l/tv_r/av_l/av_r/x/y/theta/tx/ty/ttheta: 1.29162 0.12058 0.86548 0.84918 0.62950 0.58758 0.62950 0.58758 -18.92073 -0.03458 -0.53117 -18.00000 0.00000 0.00000
lin/ang/drive_left/drive_right/tv_l/tv_r/av_l/av_r/x/y/theta/tx/ty/ttheta: 1.33733 0.14264 0.90644 0.88152 0.73336 0.70806 0.73336 0.70806 -18.21687 -0.04356 -0.62961 -17.29999 0.00000 0.00000
lin/ang/drive_left/drive_right/tv_l/tv_r/av_l/av_r/x/y/theta/tx/ty/ttheta: 1.38045 0.16808 0.97609 0.95179 0.80061 0.79653 0.80061 0.79653 -17.45794 -0.05474 -0.73962 -16.49999 0.00000 0.00000
lin/ang/drive_left/drive_right/tv_l/tv_r/av_l/av_r/x/y/theta/tx/ty/ttheta: 1.42796 0.19343 1.11761 1.09756 0.80986 0.80850 0.80986 0.80850 -16.58594 -0.06895 -0.84589 -15.59999 0.00000 0.00000
lin/ang/drive_left/drive_right/tv_l/tv_r/av_l/av_r/x/y/theta/tx/ty/ttheta: 1.46859 0.21864 1.06188 1.03280 0.70289 0.84083 0.70289 0.84083 -15.76139 -0.08376 -0.94882 -14.69999 0.00000 0.00000
lin/ang/drive_left/drive_right/tv_l/tv_r/av_l/av_r/x/y/theta/tx/ty/ttheta: 1.51088 0.23194 1.23189 1.23118 0.83092 0.83931 0.83092 0.83931 -14.79184 -0.10100 -0.98649 -13.69999 0.00000 0.00000
lin/ang/drive_left/drive_right/tv_l/tv_r/av_l/av_r/x/y/theta/tx/ty/ttheta: 1.50173 0.23528 1.22987 1.22914 0.83789 0.84014 0.83789 0.84014 -13.82386 -0.11727 -0.97418 -12.69999 0.00000 0.00000
lin/ang/drive_left/drive_right/tv_l/tv_r/av_l/av_r/x/y/theta/tx/ty/ttheta: 1.46161 0.24685 1.33745 1.33125 0.77289 0.78386 0.77289 0.78386 -12.77335 -0.13597 -1.00340 -11.59999 0.00000 0.00000
lin/ang/drive_left/drive_right/tv_l/tv_r/av_l/av_r/x/y/theta/tx/ty/ttheta: 1.42054 0.26785 1.34682 1.32596 0.74139 0.73458 0.74139 0.73458 -11.72129 -0.15673 -1.08595 -10.49999 0.00000 0.00000
lin/ang/drive_left/drive_right/tv_l/tv_r/av_l/av_r/x/y/theta/tx/ty/ttheta: 1.37569 0.28020 1.31333 1.30858 0.69814 0.74314 0.69814 0.74314 -10.68923 -0.17687 -1.10641 -9.49999 0.00000 0.00000
lin/ang/drive_left/drive_right/tv_l/tv_r/av_l/av_r/x/y/theta/tx/ty/ttheta: 1.32265 0.30413 1.36283 1.35269 0.74689 0.75100 0.74689 0.75100 -9.62033 -0.19726 -1.15139 -8.39998 0.00000 0.00000
lin/ang/drive_left/drive_right/tv_l/tv_r/av_l/av_r/x/y/theta/tx/ty/ttheta: 1.24992 0.33080 1.50365 1.49827 0.67947 0.69158 0.67947 0.69158 -8.43873 -0.22221 -1.18928 -7.29998 0.00000 0.00000
lin/ang/drive_left/drive_right/tv_l/tv_r/av_l/av_r/x/y/theta/tx/ty/ttheta: 1.17611 0.35116 1.39709 1.39953 0.48972 0.53950 0.48972 0.53950 -7.33793 -0.24484 -1.18131 -6.19998 0.00000 0.00000
lin/ang/drive_left/drive_right/tv_l/tv_r/av_l/av_r/x/y/theta/tx/ty/ttheta: 1.09979 0.37286 1.36034 1.35863 0.39664 0.47364 0.39664 0.47364 -6.26770 -0.26693 -1.18292 -5.29998 0.00000 0.00000
lin/ang/drive_left/drive_right/tv_l/tv_r/av_l/av_r/x/y/theta/tx/ty/ttheta: 1.01339 0.37401 1.38494 1.44278 0.32631 0.41272 0.32631 0.41272 -5.15460 -0.28626 -1.03799 -4.19998 0.00000 0.00000
lin/ang/drive_left/drive_right/tv_l/tv_r/av_l/av_r/x/y/theta/tx/ty/ttheta: 0.91803 0.32626 1.24745 1.36610 0.23303 0.31842 0.23303 0.31842 -4.12587 -0.30745 -0.57787 -3.19998 0.00000 0.00000
lin/ang/drive_left/drive_right/tv_l/tv_r/av_l/av_r/x/y/theta/tx/ty/ttheta: 0.83202 0.25817 1.10299 1.23105 0.11789 0.27756 0.11789 0.27756 -3.20706 -0.32012 -0.02605 -2.39998 0.00000 0.00000
lin/ang/drive_left/drive_right/tv_l/tv_r/av_l/av_r/x/y/theta/tx/ty/ttheta: 0.75401 0.21197 0.99370 1.13069 0.18942 0.29311 0.18942 0.29311 -2.37065 -0.35760 0.53796 -1.59997 0.00000 0.00000
lin/ang/drive_left/drive_right/tv_l/tv_r/av_l/av_r/x/y/theta/tx/ty/ttheta: 0.69179 0.88472 0.88056 1.05733 0.23561 0.31261 0.23561 0.31261 -1.60733 -0.38705 1.25099 -0.89997 0.00000 0.00000
lin/ang/drive_left/drive_right/tv_l/tv_r/av_l/av_r/x/y/theta/tx/ty/ttheta: 0.67544 0.83079 0.82734 1.02560 0.13158 0.34650 0.13158 0.34650 -0.87651 -0.43221 2.08821 -0.29997 0.00000 0.00000
lin/ang/drive_left/drive_right/tv_l/tv_r/av_l/av_r/x/y/theta/tx/ty/ttheta: 0.66831 0.81216 0.68828 0.90816 -0.15144 0.56931 -0.15144 0.56931 -0.24833 -0.41332 2.97909 0.39951 0.00227 0.65395
lin/ang/drive_left/drive_right/tv_l/tv_r/av_l/av_r/x/y/theta/tx/ty/ttheta: 0.65614 0.73135 0.61509 0.88779 0.28883 0.52189 0.28883 0.52189 0.34105 -0.35830 4.11452 0.89873 0.01160 1.49200
lin/ang/drive_left/drive_right/tv_l/tv_r/av_l/av_r/x/y/theta/tx/ty/ttheta: 0.65024 0.73524 0.55723 0.85628 0.35264 0.47211 0.35264 0.47211 0.90041 -0.37561 5.37092 1.49751 0.03259 2.52833
lin/ang/drive_left/drive_right/tv_l/tv_r/av_l/av_r/x/y/theta/tx/ty/ttheta: 0.63650 0.73466 0.62622 0.92316 0.33861 0.42933 0.33861 0.42933 1.51489 -0.39183 6.66255 1.99613 0.05847 3.41770
lin/ang/drive_left/drive_right/tv_l/tv_r/av_l/av_r/x/y/theta/tx/ty/ttheta: 0.62704 0.65555 0.57830 0.83145 0.22486 0.34972 0.22486 0.34972 2.06416 -0.31197 7.80565 2.49430 0.09219 4.33054
lin/ang/drive_left/drive_right/tv_l/tv_r/av_l/av_r/x/y/theta/tx/ty/ttheta: 0.62270 0.63404 0.55018 0.75535 0.21356 0.34375 0.21356 0.34375 2.57065 -0.22337 8.73454 3.09128 0.14327 5.45673
lin/ang/drive_left/drive_right/tv_l/tv_r/av_l/av_r/x/y/theta/tx/ty/ttheta: 0.61387 0.64109 0.62651 0.78792 0.29706 0.36119 0.29706 0.36119 3.12061 -0.13624 9.47846 3.58791 0.19492 6.42063
lin/ang/drive_left/drive_right/tv_l/tv_r/av_l/av_r/x/y/theta/tx/ty/ttheta: 0.60743 0.67300 0.58685 0.71138 0.23750 0.35078 0.23750 0.35078 3.62295 -0.04162 10.04666 4.08360 0.25501 7.40726
lin/ang/drive_left/drive_right/tv_l/tv_r/av_l/av_r/x/y/theta/tx/ty/ttheta: 0.60331 0.74838 0.66219 0.78003 0.25050 0.39014 0.25050 0.39014 4.17985 0.06948 10.55412 4.67695 0.33852 8.62042
lin/ang/drive_left/drive_right/tv_l/tv_r/av_l/av_r/x/y/theta/tx/ty/ttheta: 0.59695 0.76887 0.61368 0.73100 0.15433 0.33089 0.15433 0.33089 4.69239 0.20826 11.06346 5.16995 0.41780 9.65484
lin/ang/drive_left/drive_right/tv_l/tv_r/av_l/av_r/x/y/theta/tx/ty/ttheta: 0.59234 0.78013 0.57595 0.69550 0.16617 0.38075 0.16617 0.38075 5.17221 0.36211 11.55421 5.66144 0.50606 10.70964
lin/ang/drive_left/drive_right/tv_l/tv_r/av_l/av_r/x/y/theta/tx/ty/ttheta: 0.58856 0.78270 0.53715 0.71449 0.21972 0.39489 0.21972 0.39489 5.64660 0.50101 12.26874 6.15123 0.60344 11.78368
lin/ang/drive_left/drive_right/tv_l/tv_r/av_l/av_r/x/y/theta/tx/ty/ttheta: 0.58478 0.80041 0.54446 0.73789 0.23597 0.38806 0.23597 0.38806 6.13574 0.62696 13.08244 6.63909 0.71006 12.87559
lin/ang/drive_left/drive_right/tv_l/tv_r/av_l/av_r/x/y/theta/tx/ty/ttheta: 0.58166 0.81282 0.54739 0.72747 0.21456 0.37933 0.21456 0.37933 6.61806 0.76817 13.88816 7.12484 0.82604 13.98390
lin/ang/drive_left/drive_right/tv_l/tv_r/av_l/av_r/x/y/theta/tx/ty/ttheta: 0.58060 0.83221 0.50489 0.68445 0.20825 0.36875 0.20825 0.36875 7.06460 0.91231 14.64323 7.60826 0.95146 15.10680
lin/ang/drive_left/drive_right/tv_l/tv_r/av_l/av_r/x/y/theta/tx/ty/ttheta: 0.57556 0.81103 0.51994 0.69672 0.22825 0.41203 0.22825 0.41203 7.51866 1.06861 15.41775 7.99316 1.05864 16.01435
lin/ang/drive_left/drive_right/tv_l/tv_r/av_l/av_r/x/y/theta/tx/ty/ttheta: 0.57536 0.82189 0.50261 0.69811 0.23186 0.42625 0.23186 0.42625 7.96388 1.23160 16.22530 8.47183 1.20120 17.15849
lin/ang/drive_left/drive_right/tv_l/tv_r/av_l/av_r/x/y/theta/tx/ty/ttheta: 0.57678 0.83478 0.46547 0.67727 0.26303 0.38550 0.26303 0.38550 8.38819 1.38303 17.12579 8.94756 1.35334 18.31129
lin/ang/drive_left/drive_right/tv_l/tv_r/av_l/av_r/x/y/theta/tx/ty/ttheta: 0.57584 0.84966 0.55663 0.76046 0.25256 0.41117 0.25256 0.41117 8.87472 1.56436 18.00919 9.42016 1.51506 19.47025
lin/ang/drive_left/drive_right/tv_l/tv_r/av_l/av_r/x/y/theta/tx/ty/ttheta: 0.57659 0.87108 0.52789 0.73139 0.18222 0.35744 0.18222 0.35744 9.33776 1.74309 18.89146 9.88940 1.68632 20.63271
lin/ang/drive_left/drive_right/tv_l/tv_r/av_l/av_r/x/y/theta/tx/ty/ttheta: 0.57861 0.91908 0.52628 0.70186 0.18617 0.37628 0.18617 0.37628 9.78826 1.91963 19.66625 10.35508 1.86708 21.79587
lin/ang/drive_left/drive_right/tv_l/tv_r/av_l/av_r/x/y/theta/tx/ty/ttheta: 0.58090 0.96511 0.53458 0.72089 0.19936 0.40500 0.19936 0.40500 10.24573 2.10790 20.45385 10.81704 2.05727 22.95689
lin/ang/drive_left/drive_right/tv_l/tv_r/av_l/av_r/x/y/theta/tx/ty/ttheta: 0.58508 0.96392 0.49236 0.69680 0.17814 0.39836 0.17814 0.39836 10.66499 2.32276 21.30521 11.27508 2.25677 24.11273
lin/ang/drive_left/drive_right/tv_l/tv_r/av_l/av_r/x/y/theta/tx/ty/ttheta: 0.58449 0.93743 0.49387 0.71456 0.21594 0.43839 0.21594 0.43839 11.09674 2.52453 22.24295 11.63858 2.42298 25.03166
lin/ang/drive_left/drive_right/tv_l/tv_r/av_l/av_r/x/y/theta/tx/ty/ttheta: 0.58985 0.95730 0.49072 0.71414 0.25067 0.42794 0.25067 0.42794 11.52708 2.72494 23.20346 12.08916 2.63889 26.17054
lin/ang/drive_left/drive_right/tv_l/tv_r/av_l/av_r/x/y/theta/tx/ty/ttheta: 0.59534 0.97775 0.51340 0.73384 0.23033 0.39628 0.23033 0.39628 11.96944 2.93886 24.15500 12.53541 2.86366 27.29574
lin/ang/drive_left/drive_right/tv_l/tv_r/av_l/av_r/x/y/theta/tx/ty/ttheta: 0.60190 1.01257 0.52178 0.71767 0.20308 0.41528 0.20308 0.41528 12.40623 3.15706 25.02333 12.97722 3.09711 28.40428
lin/ang/drive_left/drive_right/tv_l/tv_r/av_l/av_r/x/y/theta/tx/ty/ttheta: 0.60929 1.04931 0.52336 0.72406 0.19492 0.46183 0.19492 0.46183 12.84269 3.38279 25.87395 13.41449 3.33900 29.49320
lin/ang/drive_left/drive_right/tv_l/tv_r/av_l/av_r/x/y/theta/tx/ty/ttheta: 0.61742 1.07559 0.52553 0.73726 0.19847 0.47878 0.19847 0.47878 13.28069 3.61860 26.76841 13.84716 3.58908 30.55969
lin/ang/drive_left/drive_right/tv_l/tv_r/av_l/av_r/x/y/theta/tx/ty/ttheta: 0.62687 1.07315 0.49876 0.74878 0.21492 0.47056 0.21492 0.47056 13.70819 3.86123 27.79510 14.27517 3.84710 31.60109
lin/ang/drive_left/drive_right/tv_l/tv_r/av_l/av_r/x/y/theta/tx/ty/ttheta: 0.64052 1.05523 0.47756 0.72270 0.23269 0.47039 0.23269 0.47039 14.11452 4.10330 28.85998 14.69851 4.11277 32.61479
lin/ang/drive_left/drive_right/tv_l/tv_r/av_l/av_r/x/y/theta/tx/ty/ttheta: 0.65161 1.03213 0.52701 0.77827 0.29328 0.50478 0.29328 0.50478 14.55215 4.37345 29.93279 15.11716 4.38578 33.59845
lin/ang/drive_left/drive_right/tv_l/tv_r/av_l/av_r/x/y/theta/tx/ty/ttheta: 0.66516 1.01829 0.49106 0.75193 0.29089 0.49536 0.29089 0.49536 14.97302 4.62295 31.04211 15.53116 4.66584 34.54988
lin/ang/drive_left/drive_right/tv_l/tv_r/av_l/av_r/x/y/theta/tx/ty/ttheta: 0.68281 0.96061 0.49889 0.77533 0.30336 0.50358 0.30336 0.50358 15.38928 4.90367 32.20846 15.94056 4.95262 35.46706
lin/ang/drive_left/drive_right/tv_l/tv_r/av_l/av_r/x/y/theta/tx/ty/ttheta: 0.70952 0.95901 0.56641 0.83182 0.34342 0.51314 0.34342 0.51314 15.83967 5.22101 33.37336 16.50612 5.36480 36.69016
lin/ang/drive_left/drive_right/tv_l/tv_r/av_l/av_r/x/y/theta/tx/ty/ttheta: 0.72544 0.89233 0.59136 0.84932 0.32169 0.48597 0.32169 0.48597 16.29817 5.55561 34.48779 16.90479 5.66639 37.51811
lin/ang/drive_left/drive_right/tv_l/tv_r/av_l/av_r/x/y/theta/tx/ty/ttheta: 0.75832 0.85811 0.57137 0.80374 0.30150 0.50100 0.30150 0.50100 16.73040 5.88217 35.50616 17.37755 6.03567 38.45923
lin/ang/drive_left/drive_right/tv_l/tv_r/av_l/av_r/x/y/theta/tx/ty/ttheta: 0.79362 0.80787 0.62214 0.86194 0.36328 0.52497 0.36328 0.52497 17.19134 6.24177 36.53785 17.84439 6.41243 39.34127
lin/ang/drive_left/drive_right/tv_l/tv_r/av_l/av_r/x/y/theta/tx/ty/ttheta: 0.82519 0.75939 0.64411 0.86657 0.40433 0.56331 0.40433 0.56331 17.65499 6.61473 37.50496 18.30559 6.79610 40.16258
lin/ang/drive_left/drive_right/tv_l/tv_r/av_l/av_r/x/y/theta/tx/ty/ttheta: 0.86160 0.63235 0.72708 0.93945 0.43839 0.58264 0.43839 0.58264 18.12360 7.08109 38.44001 18.76147 7.18612 40.92181
lin/ang/drive_left/drive_right/tv_l/tv_r/av_l/av_r/x/y/theta/tx/ty/ttheta: 0.91699 0.49840 0.71519 0.91220 0.40278 0.51350 0.40278 0.51350 18.54428 7.58077 39.29339 19.36163 7.71501 41.83574
lin/ang/drive_left/drive_right/tv_l/tv_r/av_l/av_r/x/y/theta/tx/ty/ttheta: 0.96389 0.43407 0.68154 0.85330 0.53217 0.52531 0.53217 0.52531 19.00161 7.97589 40.07364 19.80647 8.11760 42.44636
lin/ang/drive_left/drive_right/tv_l/tv_r/av_l/av_r/x/y/theta/tx/ty/ttheta: 1.02553 0.38855 0.82167 0.96146 0.60625 0.63719 0.60625 0.63719 19.52836 8.44013 40.70569 20.32032 8.59292 43.07687
lin/ang/drive_left/drive_right/tv_l/tv_r/av_l/av_r/x/y/theta/tx/ty/ttheta: 1.12174 0.35270 0.92155 1.03611 0.61394 0.63533 0.61394 0.63533 20.10381 8.95295 41.21913 20.97390 9.21162 43.75700
lin/ang/drive_left/drive_right/tv_l/tv_r/av_l/av_r/x/y/theta/tx/ty/ttheta: 1.19586 0.27821 0.91794 1.02085 0.62353 0.64644 0.62353 0.64644 20.66795 9.46727 41.67652 21.54930 9.76741 44.23772
lin/ang/drive_left/drive_right/tv_l/tv_r/av_l/av_r/x/y/theta/tx/ty/ttheta: 1.25907 0.19744 0.97539 1.01755 0.65092 0.68375 0.65092 0.68375 21.24480 9.99927 41.95632 22.12059 10.32743 44.60158
lin/ang/drive_left/drive_right/tv_l/tv_r/av_l/av_r/x/y/theta/tx/ty/ttheta: 1.23546 0.06662 1.01063 1.09514 0.64681 0.68667 0.64681 0.68667 21.84662 10.56982 42.31867 22.75978 10.96103 44.87108
lin/ang/drive_left/drive_right/tv_l/tv_r/av_l/av_r/x/y/theta/tx/ty/ttheta: 1.16544 -0.05260 1.09914 1.15771 0.62333 0.65178 0.62333 0.65178 22.49647 11.17582 42.59622 23.46751 11.66751 44.99679
lin/ang/drive_left/drive_right/tv_l/tv_r/av_l/av_r/x/y/theta/tx/ty/ttheta: 1.10276 -0.15507 1.07703 1.12169 0.41939 0.46014 0.41939 0.46014 23.11843 11.77829 42.80462 24.03328 12.23310 44.96568
lin/ang/drive_left/drive_right/tv_l/tv_r/av_l/av_r/x/y/theta/tx/ty/ttheta: 1.03391 -0.29004 1.06376 1.10413 0.39750 0.41939 0.39750 0.41939 23.72584 12.37849 42.97757 24.67089 12.86828 44.79078
lin/ang/drive_left/drive_right/tv_l/tv_r/av_l/av_r/x/y/theta/tx/ty/ttheta: 0.97570 -0.42370 1.09943 1.13468 0.46678 0.45806 0.46678 0.45806 24.36645 12.98121 43.13549 25.23992 13.43062 44.51096
lin/ang/drive_left/drive_right/tv_l/tv_r/av_l/av_r/x/y/theta/tx/ty/ttheta: 0.92722 -0.59117 1.13686 1.16659 0.47722 0.41733 0.47722 0.41733 25.01533 13.61501 43.26751 25.88409 14.05914 44.05635
lin/ang/drive_left/drive_right/tv_l/tv_r/av_l/av_r/x/y/theta/tx/ty/ttheta: 0.87744 -0.74205 1.06730 1.07387 0.53044 0.34992 0.53044 0.34992 25.62183 14.20057 43.32532 26.38902 14.54397 43.60057
lin/ang/drive_left/drive_right/tv_l/tv_r/av_l/av_r/x/y/theta/tx/ty/ttheta: 0.83646 -0.88463 1.06165 1.02555 0.54583 0.31964 0.54583 0.31964 26.21727 14.76688 43.21215 26.97129 15.09258 42.97050
lin/ang/drive_left/drive_right/tv_l/tv_r/av_l/av_r/x/y/theta/tx/ty/ttheta: 0.79414 -0.99545 1.07097 0.99272 0.48269 0.23597 0.48269 0.23597 26.80839 15.32427 42.91795 27.48613 15.56690 42.32411
lin/ang/drive_left/drive_right/tv_l/tv_r/av_l/av_r/x/y/theta/tx/ty/ttheta: 0.75860 -1.11477 1.10102 0.96747 0.44078 0.17264 0.44078 0.17264 27.39418 15.89021 42.40352 28.08150 16.10129 41.47764
lin/ang/drive_left/drive_right/tv_l/tv_r/av_l/av_r/x/y/theta/tx/ty/ttheta: 0.74055 -1.13281 0.75003 0.54664 0.37131 -0.03664 0.37131 -0.03664 27.77187 16.23357 41.60953 28.53346 16.49596 40.76818
lin/ang/drive_left/drive_right/tv_l/tv_r/av_l/av_r/x/y/theta/tx/ty/ttheta: 0.70920 -1.06931 1.02148 0.71459 0.57906 0.21625 0.57906 0.21625 28.28530 16.68453 40.40517 28.91398 16.82039 40.12880
lin/ang/drive_left/drive_right/tv_l/tv_r/av_l/av_r/x/y/theta/tx/ty/ttheta: 0.68659 -1.06853 1.17547 0.80174 0.52461 0.31397 0.52461 0.31397 28.85424 17.21709 38.84373 29.53060 17.33019 39.01639
lin/ang/drive_left/drive_right/tv_l/tv_r/av_l/av_r/x/y/theta/tx/ty/ttheta: 0.67316 -1.03932 0.87320 0.49864 0.31039 0.11431 0.31039 0.11431 29.21485 17.63112 37.22313 29.92118 17.64248 38.26653
lin/ang/drive_left/drive_right/tv_l/tv_r/av_l/av_r/x/y/theta/tx/ty/ttheta: 0.65827 -1.09162 0.96429 0.60951 0.35658 0.30800 0.35658 0.30800 29.64823 18.08568 35.69131 30.47502 18.07075 37.14840
lin/ang/drive_left/drive_right/tv_l/tv_r/av_l/av_r/x/y/theta/tx/ty/ttheta: 0.64395 -1.05145 0.87980 0.56183 0.36922 0.25017 0.36922 0.25017 30.08206 18.45479 34.27983 30.87584 18.36982 36.30259
lin/ang/drive_left/drive_right/tv_l/tv_r/av_l/av_r/x/y/theta/tx/ty/ttheta: 0.63502 -0.98997 0.85818 0.59059 0.40878 0.23731 0.40878 0.23731 30.56800 18.75412 33.07198 31.36275 18.72066 35.23799
lin/ang/drive_left/drive_right/tv_l/tv_r/av_l/av_r/x/y/theta/tx/ty/ttheta: 0.62051 -0.95765 0.84447 0.63126 0.37200 0.23239 0.37200 0.23239 31.06433 19.05634 32.09871 31.77354 19.00594 34.31142
lin/ang/drive_left/drive_right/tv_l/tv_r/av_l/av_r/x/y/theta/tx/ty/ttheta: 0.61026 -0.96746 0.78578 0.61589 0.33758 0.16442 0.33758 0.16442 31.53678 19.34149 31.32674 32.18899 19.28441 33.35098
lin/ang/drive_left/drive_right/tv_l/tv_r/av_l/av_r/x/y/theta/tx/ty/ttheta: 0.60384 -0.97977 0.83284 0.65789 0.37217 0.14561 0.37217 0.14561 32.06058 19.60939 30.59956 32.69375 19.60918 32.15661
lin/ang/drive_left/drive_right/tv_l/tv_r/av_l/av_r/x/y/theta/tx/ty/ttheta: 0.59564 -0.92191 0.69804 0.50950 0.38586 0.04878 0.38586 0.04878 32.49305 19.81162 29.80157 33.03404 19.81974 31.33680
lin/ang/drive_left/drive_right/tv_l/tv_r/av_l/av_r/x/y/theta/tx/ty/ttheta: 0.59127 -0.88421 0.73482 0.48105 0.44708 0.24264 0.44708 0.24264 32.92153 20.02625 28.77951 33.46365 20.07599 30.28775
lin/ang/drive_left/drive_right/tv_l/tv_r/av_l/av_r/x/y/theta/tx/ty/ttheta: 0.58816 -0.82947 0.72686 0.46579 0.42536 0.32081 0.42536 0.32081 33.34683 20.22676 27.66357 33.89795 20.32424 29.21410
lin/ang/drive_left/drive_right/tv_l/tv_r/av_l/av_r/x/y/theta/tx/ty/ttheta: 0.58404 -0.77754 0.77741 0.52029 0.38603 0.31656 0.38603 0.31656 33.81144 20.44035 26.53940 34.33690 20.56424 28.11859
lin/ang/drive_left/drive_right/tv_l/tv_r/av_l/av_r/x/y/theta/tx/ty/ttheta: 0.57884 -0.72074 0.70134 0.47962 0.35300 0.27481 0.35300 0.27481 34.23702 20.62840 25.54736 34.69136 20.75013 27.22837
lin/ang/drive_left/drive_right/tv_l/tv_r/av_l/av_r/x/y/theta/tx/ty/ttheta: 0.57924 -0.72805 0.64286 0.47154 0.36597 0.29294 0.36597 0.29294 34.64317 20.79572 24.75973 35.13845 20.97466 26.10078
lin/ang/drive_left/drive_right/tv_l/tv_r/av_l/av_r/x/y/theta/tx/ty/ttheta: 0.57669 -0.74062 0.73489 0.59286 0.39903 0.31928 0.39903 0.31928 35.13567 20.97563 24.11358 35.58994 21.19031 24.95954
lin/ang/drive_left/drive_right/tv_l/tv_r/av_l/av_r/x/y/theta/tx/ty/ttheta: 0.57646 -0.77339 0.68253 0.55195 0.33572 0.22378 0.33572 0.22378 35.59640 21.13561 23.55329 36.04566 21.39689 23.80772
lin/ang/drive_left/drive_right/tv_l/tv_r/av_l/av_r/x/y/theta/tx/ty/ttheta: 0.57692 -0.81582 0.67221 0.56217 0.35319 0.22244 0.35319 0.22244 36.06052 21.28674 23.05014 36.50549 21.59424 22.64836
lin/ang/drive_left/drive_right/tv_l/tv_r/av_l/av_r/x/y/theta/tx/ty/ttheta: 0.57664 -0.88255 0.71614 0.59941 0.36978 0.20500 0.36978 0.20500 36.55051 21.45778 22.56186 36.96926 21.78225 21.48449
lin/ang/drive_left/drive_right/tv_l/tv_r/av_l/av_r/x/y/theta/tx/ty/ttheta: 0.57881 -0.96270 0.65973 0.55164 0.37061 0.17572 0.37061 0.17572 37.00271 21.61219 22.09094 37.43677 21.96079 20.31910
lin/ang/drive_left/drive_right/tv_l/tv_r/av_l/av_r/x/y/theta/tx/ty/ttheta: 0.58088 -1.05463 0.67859 0.57467 0.41356 0.19114 0.41356 0.19114 37.47076 21.77077 21.63983 37.90785 22.12980 19.15508
lin/ang/drive_left/drive_right/tv_l/tv_r/av_l/av_r/x/y/theta/tx/ty/ttheta: 0.58292 -1.14671 0.70650 0.58215 0.41169 0.16903 0.41169 0.16903 37.95230 21.93259 21.13787 38.38226 22.28922 17.99523
lin/ang/drive_left/drive_right/tv_l/tv_r/av_l/av_r/x/y/theta/tx/ty/ttheta: 0.58268 -1.17364 0.67051 0.49053 0.40211 0.13828 0.40211 0.13828 38.38654 22.07669 20.43287 38.76407 22.40985 17.07211
lin/ang/drive_left/drive_right/tv_l/tv_r/av_l/av_r/x/y/theta/tx/ty/ttheta: 0.58815 -1.20505 0.68514 0.46084 0.46592 0.19608 0.46592 0.19608 38.81761 22.21146 19.50694 39.24400 22.55200 15.92623
lin/ang/drive_left/drive_right/tv_l/tv_r/av_l/av_r/x/y/theta/tx/ty/ttheta: 0.58883 -1.15966 0.70551 0.44472 0.49022 0.25531 0.49022 0.25531 39.25466 22.33315 18.42498 39.62994 22.65882 15.01738
lin/ang/drive_left/drive_right/tv_l/tv_r/av_l/av_r/x/y/theta/tx/ty/ttheta: 0.58706 -1.13724 0.72551 0.45572 0.47722 0.26128 0.47722 0.26128 39.70402 22.45488 17.27970 40.11466 22.78376 13.89298
lin/ang/drive_left/drive_right/tv_l/tv_r/av_l/av_r/x/y/theta/tx/ty/ttheta: 0.56573 -1.10473 0.81307 0.53463 0.40039 0.22364 0.40039 0.22364 40.21975 22.58232 16.07803 40.69944 22.92121 12.56332
lin/ang/drive_left/drive_right/tv_l/tv_r/av_l/av_r/x/y/theta/tx/ty/ttheta: 0.54539 -1.01985 0.73022 0.46646 0.32069 0.14575 0.32069 0.14575 40.67877 22.69004 14.93020 41.09100 23.00533 11.69018
lin/ang/drive_left/drive_right/tv_l/tv_r/av_l/av_r/x/y/theta/tx/ty/ttheta: 0.52846 -0.98592 0.71950 0.48495 0.31622 0.15092 0.31622 0.15092 41.14270 22.78987 13.88594 41.58215 23.10215 10.61512
lin/ang/drive_left/drive_right/tv_l/tv_r/av_l/av_r/x/y/theta/tx/ty/ttheta: 0.50626 -0.95993 0.68785 0.48501 0.32253 0.15281 0.32253 0.15281 41.59588 22.88014 12.98269 42.07505 23.18982 9.55941
lin/ang/drive_left/drive_right/tv_l/tv_r/av_l/av_r/x/y/theta/tx/ty/ttheta: 0.48906 -0.92007 0.66444 0.46594 0.35078 0.08522 0.35078 0.08522 42.03439 22.95840 12.14041 42.47048 23.25346 8.72958
lin/ang/drive_left/drive_right/tv_l/tv_r/av_l/av_r/x/y/theta/tx/ty/ttheta: 0.45862 -0.83366 0.72129 0.49837 0.34239 0.11361 0.34239 0.11361 42.51008 23.02942 11.22177 42.86679 23.31142 7.91335
lin/ang/drive_left/drive_right/tv_l/tv_r/av_l/av_r/x/y/theta/tx/ty/ttheta: 0.44136 -0.76242 0.62982 0.38046 0.25253 0.02689 0.25253 0.02689 42.90302 23.09234 10.16606 43.26389 23.36378 7.11113
lin/ang/drive_left/drive_right/tv_l/tv_r/av_l/av_r/x/y/theta/tx/ty/ttheta: 0.41778 -0.65614 0.61254 0.33966 0.26333 0.18600 0.26333 0.18600 43.27489 23.14183 9.01391 43.66168 23.41062 6.32327
lin/ang/drive_left/drive_right/tv_l/tv_r/av_l/av_r/x/y/theta/tx/ty/ttheta: 0.40211 -0.54234 0.56653 0.33912 0.26642 0.24692 0.26642 0.24692 43.63046 23.17489 7.98274 43.96043 23.44219 5.74195
lin/ang/drive_left/drive_right/tv_l/tv_r/av_l/av_r/x/y/theta/tx/ty/ttheta: 0.37453 -0.46951 0.58696 0.40353 0.24111 0.24569 0.24111 0.24569 44.01916 23.21008 7.14159 44.35923 23.47961 4.97982
lin/ang/drive_left/drive_right/tv_l/tv_r/av_l/av_r/x/y/theta/tx/ty/ttheta: 0.35416 -0.44584 0.50156 0.36454 0.17947 0.19097 0.17947 0.19097 44.35883 23.24152 6.50822 44.75849 23.51176 4.23263
lin/ang/drive_left/drive_right/tv_l/tv_r/av_l/av_r/x/y/theta/tx/ty/ttheta: 0.32243 -0.38060 0.49737 0.39932 0.17214 0.15792 0.17214 0.15792 44.71088 23.26970 6.04785 44.95827 23.52590 3.86468
lin/ang/drive_left/drive_right/tv_l/tv_r/av_l/av_r/x/y/theta/tx/ty/ttheta: 0.30427 -0.36528 0.42751 0.33754 0.15175 0.03369 0.15175 0.03369 45.01188 23.28694 5.65835 45.25810 23.54472 3.31979
lin/ang/drive_left/drive_right/tv_l/tv_r/av_l/av_r/x/y/theta/tx/ty/ttheta: 0.27749 -0.35865 0.45606 0.38217 0.16975 0.09753 0.16975 0.09753 45.34245 23.29673 5.31782 45.65814 23.56542 2.60646
lin/ang/drive_left/drive_right/tv_l/tv_r/av_l/av_r/x/y/theta/tx/ty/ttheta: 0.24293 -0.33222 0.42910 0.34732 0.06314 0.02636 0.06314 0.02636 45.64799 23.31186 4.98779 45.95830 23.57770 2.08138
lin/ang/drive_left/drive_right/tv_l/tv_r/av_l/av_r/x/y/theta/tx/ty/ttheta: 0.22706 -0.29674 0.39186 0.29160 0.03061 -0.11294 0.03061 -0.11294 45.91681 23.32625 4.56720 46.15847 23.58437 1.73603
lin/ang/drive_left/drive_right/tv_l/tv_r/av_l/av_r/x/y/theta/tx/ty/ttheta: 0.19509 -0.21108 0.27671 0.18166 0.09650 -0.04464 0.09650 -0.04464 46.09735 23.33214 4.15786 46.25857 23.58726 1.56475
lin/ang/drive_left/drive_right/tv_l/tv_r/av_l/av_r/x/y/theta/tx/ty/ttheta: 0.18126 -0.15795 0.24049 0.13279 0.22400 0.17639 0.22400 0.17639 46.24477 23.33038 3.70238 46.45879 23.59213 1.22503
lin/ang/drive_left/drive_right/tv_l/tv_r/av_l/av_r/x/y/theta/tx/ty/ttheta: 0.14399 -0.15053 0.26446 0.18590 0.21458 0.18700 0.21458 0.18700 46.42018 23.36771 3.32943 46.65905 23.59582 0.88903
lin/ang/drive_left/drive_right/tv_l/tv_r/av_l/av_r/x/y/theta/tx/ty/ttheta: 0.14156 -0.15903 0.22943 0.16297 0.15739 0.06314 0.15739 0.06314 46.57357 23.39216 3.04371 46.75917 23.59723 0.72241
lin/ang/drive_left/drive_right/tv_l/tv_r/av_l/av_r/x/y/theta/tx/ty/ttheta: 0.08795 -0.09388 0.21666 0.15232 -0.07269 0.00464 -0.07269 0.00464 46.71892 23.39427 2.76875 46.95945 23.59918 0.39197
lin/ang/drive_left/drive_right/tv_l/tv_r/av_l/av_r/x/y/theta/tx/ty/ttheta: 0.08693 -0.05858 0.18848 0.12228 0.12422 0.05389 0.12422 0.05389 46.84154 23.39110 2.47479 47.05959 23.59972 0.22815
lin/ang/drive_left/drive_right/tv_l/tv_r/av_l/av_r/x/y/theta/tx/ty/ttheta: 0.00375 0.08792 0.20100 0.15640 -0.12644 -0.08606 -0.12644 -0.08606 46.98266 23.38386 2.26537 47.05959 23.59972 0.22815
lin/ang/drive_left/drive_right/tv_l/tv_r/av_l/av_r/x/y/theta/tx/ty/ttheta: 0.00363 0.09344 0.13870 0.12142 0.06572 0.00408 0.06572 0.00408 47.08519 23.38266 2.16006 47.15973 23.59997 0.06524
lin/ang/drive_left/drive_right/tv_l/tv_r/av_l/av_r/x/y/theta/tx/ty/ttheta: 0.00177 0.10227 0.10694 0.10231 0.05681 0.09478 0.05681 0.09478 47.16754 23.38505 2.12443 47.20000 23.60000 359.99998
lin/ang/drive_left/drive_right/tv_l/tv_r/av_l/av_r/x/y/theta/tx/ty/ttheta: -0.00098 0.10365 0.08129 0.07804 0.08386 0.11669 0.08386 0.11669 47.23023 23.38721 2.11627 47.20000 23.60000 359.99998
lin/ang/drive_left/drive_right/tv_l/tv_r/av_l/av_r/x/y/theta/tx/ty/ttheta: -0.00299 0.10394 0.05660 0.05947 -0.07292 0.09394 -0.07292 0.09394 47.27590 23.38887 2.11456 47.20000 23.60000 359.99998
lin/ang/drive_left/drive_right/tv_l/tv_r/av_l/av_r/x/y/theta/tx/ty/ttheta: -0.00458 0.10847 0.03415 0.05884 -0.08161 0.08661 -0.08161 0.08661 47.31278 23.38244 2.18779 47.20000 23.60000 359.99998
lin/ang/drive_left/drive_right/tv_l/tv_r/av_l/av_r/x/y/theta/tx/ty/ttheta: -0.00540 0.10275 -0.00894 0.05881 -0.08194 0.08250 -0.08194 0.08250 47.33302 23.36826 2.43979 47.20000 23.60000 359.99998
lin/ang/drive_left/drive_right/tv_l/tv_r/av_l/av_r/x/y/theta/tx/ty/ttheta: -0.00561 0.06203 -0.02362 0.03901 -0.08161 0.08247 -0.08161 0.08247 47.33897 23.37081 2.72135 47.20000 23.60000 359.99998
lin/ang/drive_left/drive_right/tv_l/tv_r/av_l/av_r/x/y/theta/tx/ty/ttheta: -0.00570 0.03526 -0.02130 0.02840 -0.08247 0.07869 -0.08247 0.07869 47.34185 23.36927 2.95086 47.20000 23.60000 359.99998
lin/ang/drive_left/drive_right/tv_l/tv_r/av_l/av_r/x/y/theta/tx/ty/ttheta: -0.00593 0.01094 -0.00672 0.02190 -0.08281 0.07444 -0.08281 0.07444 47.34767 23.37243 3.09871 47.20000 23.60000 359.99998
lin/ang/drive_left/drive_right/tv_l/tv_r/av_l/av_r/x/y/theta/tx/ty/ttheta: -0.00592 0.00012 -0.00619 0.00607 -0.07989 0.00600 -0.07989 0.00600 47.34755 23.37368 3.16451 47.20000 23.60000 359.99998
lin/ang/drive_left/drive_right/tv_l/tv_r/av_l/av_r/x/y/theta/tx/ty/ttheta: -0.00592 -0.00117 0.00196 -0.00197 -0.07428 -0.07272 -0.07428 -0.07272 47.34754 23.37383 3.17236 47.20000 23.60000 359.99998
lin/ang/drive_left/drive_right/tv_l/tv_r/av_l/av_r/x/y/theta/tx/ty/ttheta: -0.00594 0.01381 0.01314 -0.01298 -0.07428 -0.07872 -0.07428 -0.07872 47.34770 23.37209 3.08123 47.20000 23.60000 359.99998
lin/ang/drive_left/drive_right/tv_l/tv_r/av_l/av_r/x/y/theta/tx/ty/ttheta: -0.00597 0.03773 0.01785 -0.01759 -0.07461 -0.07989 -0.07461 -0.07989 47.34795 23.36931 2.93575 47.20000 23.60000 359.99998
lin/ang/drive_left/drive_right/tv_l/tv_r/av_l/av_r/x/y/theta/tx/ty/ttheta: -0.00600 0.06483 0.01985 -0.01956 -0.07786 -0.00836 -0.07786 -0.00836 47.34822 23.36615 2.77090 47.20000 23.60000 359.99998
lin/ang/drive_left/drive_right/tv_l/tv_r/av_l/av_r/x/y/theta/tx/ty/ttheta: -0.00603 0.08990 0.01611 -0.01584 -0.08333 0.07203 -0.08333 0.07203 47.34846 23.36323 2.61840 47.20000 23.60000 359.99998
lin/ang/drive_left/drive_right/tv_l/tv_r/av_l/av_r/x/y/theta/tx/ty/ttheta: -0.00599 0.10143 0.00408 -0.00749 -0.08350 0.08161 -0.08350 0.08161 47.34718 23.36183 2.54822 47.20000 23.60000 359.99998
lin/ang/drive_left/drive_right/tv_l/tv_r/av_l/av_r/x/y/theta/tx/ty/ttheta: -0.00598 0.09780 -0.00612 0.00608 -0.08383 0.08367 -0.08383 0.08367 47.34715 23.36225 2.57030 47.20000 23.60000 359.99998
lin/ang/drive_left/drive_right/tv_l/tv_r/av_l/av_r/x/y/theta/tx/ty/ttheta: -0.00581 0.07005 -0.02775 0.01951 -0.08353 0.08144 -0.08353 0.08144 47.34376 23.36534 2.73905 47.20000 23.60000 359.99998
lin/ang/drive_left/drive_right/tv_l/tv_r/av_l/av_r/x/y/theta/tx/ty/ttheta: -0.00576 0.03306 -0.02555 0.02516 -0.08453 0.07733 -0.08453 0.07733 47.34339 23.36964 2.96383 47.20000 23.60000 359.99998
lin/ang/drive_left/drive_right/tv_l/tv_r/av_l/av_r/x/y/theta/tx/ty/ttheta: -0.00533 0.00775 -0.02679 0.00312 -0.08333 0.07325 -0.08333 0.07325 47.33393 23.37209 3.11749 47.20000 23.60000 359.99998
lin/ang/drive_left/drive_right/tv_l/tv_r/av_l/av_r/x/y/theta/tx/ty/ttheta: -0.00531 -0.00081 -0.00313 0.00304 -0.07853 0.00547 -0.07853 0.00547 47.33384 23.37309 3.16940 47.20000 23.60000 359.99998
lin/ang/drive_left/drive_right/tv_l/tv_r/av_l/av_r/x/y/theta/tx/ty/ttheta: -0.00505 0.00327 -0.00307 -0.01234 -0.07394 -0.07375 -0.07394 -0.07375 47.32781 23.37228 3.14467 47.20000 23.60000 359.99998
lin/ang/drive_left/drive_right/tv_l/tv_r/av_l/av_r/x/y/theta/tx/ty/ttheta: -0.00467 0.01679 -0.00077 -0.02247 -0.07411 -0.07889 -0.07411 -0.07889 47.31876 23.37021 3.06284 47.20000 23.60000 359.99998
lin/ang/drive_left/drive_right/tv_l/tv_r/av_l/av_r/x/y/theta/tx/ty/ttheta: -0.00402 0.03411 -0.00683 -0.03182 -0.07408 -0.07992 -0.07408 -0.07992 47.30367 23.36741 2.95823 47.20000 23.60000 359.99998
lin/ang/drive_left/drive_right/tv_l/tv_r/av_l/av_r/x/y/theta/tx/ty/ttheta: -0.00297 0.05304 -0.01695 -0.04463 -0.07869 -0.00428 -0.07869 -0.00428 47.27956 23.36400 2.84439 47.20000 23.60000 359.99998
lin/ang/drive_left/drive_right/tv_l/tv_r/av_l/av_r/x/y/theta/tx/ty/ttheta: -0.00206 0.06930 -0.01751 -0.03660 -0.08281 0.07253 -0.08281 0.07253 47.25838 23.36109 2.74692 47.20000 23.60000 359.99998
lin/ang/drive_left/drive_right/tv_l/tv_r/av_l/av_r/x/y/theta/tx/ty/ttheta: -0.00086 0.07777 -0.03032 -0.03932 -0.08300 0.08131 -0.08300 0.08131 47.23104 23.35882 2.69636 47.20000 23.60000 359.99998
lin/ang/drive_left/drive_right/tv_l/tv_r/av_l/av_r/x/y/theta/tx/ty/ttheta: 0.00049 0.07181 -0.04666 -0.03107 -0.08281 0.08503 -0.08281 0.08503 47.20043 23.35805 2.73169 47.20000 23.60000 359.99998
lin/ang/drive_left/drive_right/tv_l/tv_r/av_l/av_r/x/y/theta/tx/ty/ttheta: 0.00119 0.04870 -0.03984 0.00077 -0.08317 0.08214 -0.08317 0.08214 47.18494 23.35993 2.86806 47.20000 23.60000 359.99998
lin/ang/drive_left/drive_right/tv_l/tv_r/av_l/av_r/x/y/theta/tx/ty/ttheta: 0.00164 0.00955 -0.03755 0.01375 -0.07972 0.08194 -0.07972 0.08194 47.17535 23.36386 3.09881 47.20000 23.60000 359.99998
lin/ang/drive_left/drive_right/tv_l/tv_r/av_l/av_r/x/y/theta/tx/ty/ttheta: 0.00208 -0.01651 -0.02743 0.00377 -0.07494 0.07803 -0.07494 0.07803 47.16589 23.36628 3.25202 47.20000 23.60000 359.99998
lin/ang/drive_left/drive_right/tv_l/tv_r/av_l/av_r/x/y/theta/tx/ty/ttheta: 0.00222 -0.02704 -0.00767 0.00006 -0.00736 0.00581 -0.00736 0.00581 47.16283 23.36730 3.31386 47.20000 23.60000 359.99998
lin/ang/drive_left/drive_right/tv_l/tv_r/av_l/av_r/x/y/theta/tx/ty/ttheta: 0.00221 -0.01782 0.01085 -0.01075 0.07408 -0.07375 0.07408 -0.07375 47.16292 23.36626 3.25974 47.20000 23.60000 359.99998
lin/ang/drive_left/drive_right/tv_l/tv_r/av_l/av_r/x/y/theta/tx/ty/ttheta: 0.00217 0.01366 0.02416 -0.02384 0.07989 -0.07922 0.07989 -0.07922 47.16325 23.36272 3.07486 47.20000 23.60000 359.99998
lin/ang/drive_left/drive_right/tv_l/tv_r/av_l/av_r/x/y/theta/tx/ty/ttheta: 0.00212 0.05339 0.02764 -0.02722 0.01044 -0.03047 0.01044 -0.03047 47.16364 23.35826 2.84151 47.20000 23.60000 359.99998
lin/ang/drive_left/drive_right/tv_l/tv_r/av_l/av_r/x/y/theta/tx/ty/ttheta: 0.00207 0.08907 0.02286 -0.02249 -0.07203 0.07189 -0.07203 0.07189 47.16398 23.35424 2.63189 47.20000 23.60000 359.99998
lin/ang/drive_left/drive_right/tv_l/tv_r/av_l/av_r/x/y/theta/tx/ty/ttheta: 0.00205 0.10899 0.01046 -0.01026 -0.08247 0.08506 -0.08247 0.08506 47.16416 23.35200 2.51483 47.20000 23.60000 359.99998
lin/ang/drive_left/drive_right/tv_l/tv_r/av_l/av_r/x/y/theta/tx/ty/ttheta: 0.00212 0.11030 -0.00424 0.00028 -0.08778 0.08708 -0.08778 0.08708 47.16261 23.35179 2.50713 47.20000 23.60000 359.99998
lin/ang/drive_left/drive_right/tv_l/tv_r/av_l/av_r/x/y/theta/tx/ty/ttheta: 0.00216 0.07779 -0.03066 0.03032 -0.08317 0.08250 -0.08317 0.08250 47.16231 23.35544 2.69811 47.20000 23.60000 359.99998
lin/ang/drive_left/drive_right/tv_l/tv_r/av_l/av_r/x/y/theta/tx/ty/ttheta: 0.00222 0.02960 -0.03209 0.03159 -0.08231 0.08211 -0.08231 0.08211 47.16185 23.36086 2.98109 47.20000 23.60000 359.99998
lin/ang/drive_left/drive_right/tv_l/tv_r/av_l/av_r/x/y/theta/tx/ty/ttheta: 0.00226 -0.00447 -0.01902 0.01867 -0.07919 0.08267 -0.07919 0.08267 47.16150 23.36469 3.18117 47.20000 23.60000 359.99998
lin/ang/drive_left/drive_right/tv_l/tv_r/av_l/av_r/x/y/theta/tx/ty/ttheta: 0.00234 -0.01738 -0.00924 0.00514 -0.00769 0.07428 -0.00769 0.07428 47.15981 23.36605 3.25694 47.20000 23.60000 359.99998
lin/ang/drive_left/drive_right/tv_l/tv_r/av_l/av_r/x/y/theta/tx/ty/ttheta: 0.00234 -0.01764 0.00368 -0.00368 0.07461 0.04792 0.07461 0.04792 47.15980 23.36608 3.25847 47.20000 23.60000 359.99998
lin/ang/drive_left/drive_right/tv_l/tv_r/av_l/av_r/x/y/theta/tx/ty/ttheta: 0.00232 -0.00070 0.01436 -0.01418 0.08006 -0.06964 0.08006 -0.06964 47.15998 23.36418 3.15905 47.20000 23.60000 359.99998
lin/ang/drive_left/drive_right/tv_l/tv_r/av_l/av_r/x/y/theta/tx/ty/ttheta: 0.00228 0.03255 0.02494 -0.02459 0.08144 -0.03406 0.08144 -0.03406 47.16032 23.36044 2.96384 47.20000 23.60000 359.99998
lin/ang/drive_left/drive_right/tv_l/tv_r/av_l/av_r/x/y/theta/tx/ty/ttheta: 0.00223 0.07158 0.02788 -0.02747 0.01111 0.07053 0.01111 0.07053 47.16069 23.35606 2.73470 47.20000 23.60000 359.99998
lin/ang/drive_left/drive_right/tv_l/tv_r/av_l/av_r/x/y/theta/tx/ty/ttheta: 0.00232 0.10916 0.01937 -0.02648 -0.07581 0.07975 -0.07581 0.07975 47.15809 23.35170 2.51413 47.20000 23.60000 359.99998
lin/ang/drive_left/drive_right/tv_l/tv_r/av_l/av_r/x/y/theta/tx/ty/ttheta: 0.00231 0.11595 -0.00237 0.00244 -0.08761 0.08231 -0.08761 0.08231 47.15815 23.35093 2.47423 47.20000 23.60000 359.99998
lin/ang/drive_left/drive_right/tv_l/tv_r/av_l/av_r/x/y/theta/tx/ty/ttheta: 0.00233 0.09888 -0.01342 0.01324 -0.08797 0.08178 -0.08797 0.08178 47.15800 23.35285 2.57444 47.20000 23.60000 359.99998
lin/ang/drive_left/drive_right/tv_l/tv_r/av_l/av_r/x/y/theta/tx/ty/ttheta: 0.00237 0.06916 -0.02293 0.02262 -0.08283 0.08267 -0.08283 0.08267 47.15772 23.35619 2.74887 47.20000 23.60000 359.99998
lin/ang/drive_left/drive_right/tv_l/tv_r/av_l/av_r/x/y/theta/tx/ty/ttheta: 0.00241 0.03100 -0.02695 0.02655 -0.08194 0.08178 -0.08194 0.08178 47.15735 23.36048 2.97280 47.20000 23.60000 359.99998
lin/ang/drive_left/drive_right/tv_l/tv_r/av_l/av_r/x/y/theta/tx/ty/ttheta: 0.00245 -0.00122 -0.01948 0.01915 -0.07886 0.07922 -0.07886 0.07922 47.15702 23.36409 3.16184 47.20000 23.60000 359.99998
lin/ang/drive_left/drive_right/tv_l/tv_r/av_l/av_r/x/y/theta/tx/ty/ttheta: 0.00248 -0.01903 -0.01034 0.01016 -0.02839 0.07308 -0.02839 0.07308 47.15684 23.36609 3.26627 47.20000 23.60000 359.99998
lin/ang/drive_left/drive_right/tv_l/tv_r/av_l/av_r/x/y/theta/tx/ty/ttheta: 0.00248 -0.02071 0.00283 -0.00285 0.07292 0.03047 0.07292 0.03047 47.15682 23.36628 3.27614 47.20000 23.60000 359.99998
lin/ang/drive_left/drive_right/tv_l/tv_r/av_l/av_r/x/y/theta/tx/ty/ttheta: 0.00245 -0.00145 0.01707 -0.01687 0.07992 -0.07339 0.07992 -0.07339 47.15702 23.36412 3.16317 47.20000 23.60000 359.99998
lin/ang/drive_left/drive_right/tv_l/tv_r/av_l/av_r/x/y/theta/tx/ty/ttheta: 0.00241 0.03580 0.02717 -0.02678 0.08128 -0.03522 0.08128 -0.03522 47.15740 23.35994 2.94463 47.20000 23.60000 359.99998
lin/ang/drive_left/drive_right/tv_l/tv_r/av_l/av_r/x/y/theta/tx/ty/ttheta: 0.00238 0.05573 0.00010 0.00010 0.03592 0.06981 0.03592 0.06981 47.15759 23.35770 2.82766 47.20000 23.60000 359.99998
lin/ang/drive_left/drive_right/tv_l/tv_r/av_l/av_r/x/y/theta/tx/ty/ttheta: 0.00232 0.10834 0.02780 -0.02726 -0.07222 0.07958 -0.07222 0.07958 47.15808 23.35179 2.51891 47.20000 23.60000 359.99998
lin/ang/drive_left/drive_right/tv_l/tv_r/av_l/av_r/x/y/theta/tx/ty/ttheta: 0.00229 0.12820 0.00697 -0.00677 -0.08144 0.08231 -0.08144 0.08231 47.15826 23.34956 2.40238 47.20000 23.60000 359.99998
lin/ang/drive_left/drive_right/tv_l/tv_r/av_l/av_r/x/y/theta/tx/ty/ttheta: 0.00231 0.11087 -0.01545 0.01527 -0.08794 0.08214 -0.08794 0.08214 47.15811 23.35150 2.50405 47.20000 23.60000 359.99998
lin/ang/drive_left/drive_right/tv_l/tv_r/av_l/av_r/x/y/theta/tx/ty/ttheta: 0.00235 0.07983 -0.02422 0.02389 -0.08383 0.08178 -0.08383 0.08178 47.15782 23.35499 2.68628 47.20000 23.60000 359.99998
lin/ang/drive_left/drive_right/tv_l/tv_r/av_l/av_r/x/y/theta/tx/ty/ttheta: 0.00240 0.03922 -0.02819 0.02777 -0.08194 0.08214 -0.08194 0.08214 47.15743 23.35955 2.92459 47.20000 23.60000 359.99998
lin/ang/drive_left/drive_right/tv_l/tv_r/av_l/av_r/x/y/theta/tx/ty/ttheta: 0.00245 0.00271 -0.02296 0.02258 -0.07972 0.07972 -0.07972 0.07972 47.15706 23.36365 3.13876 47.20000 23.60000 359.99998
lin/ang/drive_left/drive_right/tv_l/tv_r/av_l/av_r/x/y/theta/tx/ty/ttheta: 0.00248 -0.01597 -0.01273 0.01250 -0.03200 0.07392 -0.03200 0.07392 47.15693 23.36451 3.26496 47.20000 23.60000 359.99998
lin/ang/drive_left/drive_right/tv_l/tv_r/av_l/av_r/x/y/theta/tx/ty/ttheta: 0.00248 -0.02248 -0.00057 0.00050 0.07256 0.03028 0.07256 0.03028 47.15686 23.36524 3.30313 47.20000 23.60000 359.99998
lin/ang/drive_left/drive_right/tv_l/tv_r/av_l/av_r/x/y/theta/tx/ty/ttheta: 0.00247 -0.00828 0.01325 -0.01310 0.07989 -0.07306 0.07989 -0.07306 47.15701 23.36364 3.21986 47.20000 23.60000 359.99998
lin/ang/drive_left/drive_right/tv_l/tv_r/av_l/av_r/x/y/theta/tx/ty/ttheta: 0.00242 0.02733 0.02731 -0.02694 0.08144 -0.03303 0.08144 -0.03303 47.15737 23.35965 3.01093 47.20000 23.60000 359.99998
lin/ang/drive_left/drive_right/tv_l/tv_r/av_l/av_r/x/y/theta/tx/ty/ttheta: 0.00237 0.06894 0.02879 -0.02836 0.01081 0.07050 0.01081 0.07050 47.15778 23.35497 2.76679 47.20000 23.60000 359.99998
lin/ang/drive_left/drive_right/tv_l/tv_r/av_l/av_r/x/y/theta/tx/ty/ttheta: 0.00232 0.10994 0.02620 -0.02578 -0.07700 0.07906 -0.07700 0.07906 47.15816 23.35037 2.52618 47.20000 23.60000 359.99998
lin/ang/drive_left/drive_right/tv_l/tv_r/av_l/av_r/x/y/theta/tx/ty/ttheta: 0.00230 0.12109 -0.00016 0.00027 -0.08778 0.08128 -0.08778 0.08128 47.15826 23.34911 2.46072 47.20000 23.60000 359.99998
lin/ang/drive_left/drive_right/tv_l/tv_r/av_l/av_r/x/y/theta/tx/ty/ttheta: 0.00233 0.10149 -0.01571 0.01551 -0.08864 0.08217 -0.08864 0.08217 47.15808 23.35131 2.57573 47.20000 23.60000 359.99998
lin/ang/drive_left/drive_right/tv_l/tv_r/av_l/av_r/x/y/theta/tx/ty/ttheta: 0.00237 0.06832 -0.02612 0.02577 -0.08264 0.08178 -0.08264 0.08178 47.15777 23.35504 2.77042 47.20000 23.60000 359.99998
lin/ang/drive_left/drive_right/tv_l/tv_r/av_l/av_r/x/y/theta/tx/ty/ttheta: 0.00242 0.02619 -0.02864 0.02820 -0.08264 0.08197 -0.08264 0.08197 47.15736 23.35977 3.01765 47.20000 23.60000 359.99998
lin/ang/drive_left/drive_right/tv_l/tv_r/av_l/av_r/x/y/theta/tx/ty/ttheta: 0.00247 -0.00863 -0.02100 0.02063 -0.07853 0.07956 -0.07853 0.07956 47.15701 23.36368 3.22189 47.20000 23.60000 359.99998
lin/ang/drive_left/drive_right/tv_l/tv_r/av_l/av_r/x/y/theta/tx/ty/ttheta: 0.00248 -0.02293 -0.00706 0.00691 -0.00600 0.07392 -0.00600 0.07392 47.15686 23.36529 3.30575 47.20000 23.60000 359.99998
lin/ang/drive_left/drive_right/tv_l/tv_r/av_l/av_r/x/y/theta/tx/ty/ttheta: 0.00248 -0.02334 0.00289 -0.00289 0.07392 0.03164 0.07392 0.03164 47.15685 23.36533 3.30815 47.20000 23.60000 359.99998
lin/ang/drive_left/drive_right/tv_l/tv_r/av_l/av_r/x/y/theta/tx/ty/ttheta: 0.00247 -0.00857 0.01278 -0.01263 0.08042 -0.07269 0.08042 -0.07269 47.15701 23.36367 3.22154 47.20000 23.60000 359.99998
lin/ang/drive_left/drive_right/tv_l/tv_r/av_l/av_r/x/y/theta/tx/ty/ttheta: 0.00242 0.02559 0.02607 -0.02571 0.08161 -0.05819 0.08161 -0.05819 47.15736 23.35984 3.02116 47.20000 23.60000 359.99998
lin/ang/drive_left/drive_right/tv_l/tv_r/av_l/av_r/x/y/theta/tx/ty/ttheta: 0.00244 0.06543 0.02604 -0.02960 0.01144 0.06947 0.01144 0.06947 47.15618 23.35529 2.78744 47.20000 23.60000 359.99998
lin/ang/drive_left/drive_right/tv_l/tv_r/av_l/av_r/x/y/theta/tx/ty/ttheta: 0.00239 0.10613 0.02603 -0.02560 -0.07339 0.08008 -0.07339 0.08008 47.15656 23.35071 2.54862 47.20000 23.60000 359.99998
lin/ang/drive_left/drive_right/tv_l/tv_r/av_l/av_r/x/y/theta/tx/ty/ttheta: 0.00237 0.11899 0.00073 -0.00060 -0.08314 0.08178 -0.08314 0.08178 47.15668 23.34927 2.47315 47.20000 23.60000 359.99998
lin/ang/drive_left/drive_right/tv_l/tv_r/av_l/av_r/x/y/theta/tx/ty/ttheta: 0.00240 0.09951 -0.01540 0.01520 -0.08831 0.08161 -0.08831 0.08161 47.15650 23.35146 2.58749 47.20000 23.60000 359.99998
lin/ang/drive_left/drive_right/tv_l/tv_r/av_l/av_r/x/y/theta/tx/ty/ttheta: 0.00244 0.07007 -0.02223 0.02193 -0.08367 0.08214 -0.08367 0.08214 47.15623 23.35477 2.76019 47.20000 23.60000 359.99998
lin/ang/drive_left/drive_right/tv_l/tv_r/av_l/av_r/x/y/theta/tx/ty/ttheta: 0.00249 0.03030 -0.02848 0.02807 -0.08211 0.08161 -0.08211 0.08161 47.15584 23.35923 2.99349 47.20000 23.60000 359.99998
lin/ang/drive_left/drive_right/tv_l/tv_r/av_l/av_r/x/y/theta/tx/ty/ttheta: 0.00253 -0.00745 -0.02317 0.02277 -0.07869 0.08128 -0.07869 0.08128 47.15546 23.36347 3.21490 47.20000 23.60000 359.99998
lin/ang/drive_left/drive_right/tv_l/tv_r/av_l/av_r/x/y/theta/tx/ty/ttheta: 0.00255 -0.02214 -0.00610 0.00595 -0.00617 0.07375 -0.00617 0.07375 47.15530 23.36512 3.30106 47.20000 23.60000 359.99998
lin/ang/drive_left/drive_right/tv_l/tv_r/av_l/av_r/x/y/theta/tx/ty/ttheta: 0.00255 -0.01824 0.00566 -0.00562 0.07428 0.02328 0.07428 0.02328 47.15534 23.36468 3.27816 47.20000 23.60000 359.99998
lin/ang/drive_left/drive_right/tv_l/tv_r/av_l/av_r/x/y/theta/tx/ty/ttheta: 0.00253 -0.00196 0.01344 -0.01327 0.07956 -0.07275 0.07956 -0.07275 47.15551 23.36285 3.18269 47.20000 23.60000 359.99998
lin/ang/drive_left/drive_right/tv_l/tv_r/av_l/av_r/x/y/theta/tx/ty/ttheta: 0.00249 0.03020 0.02414 -0.02380 0.08111 -0.00803 0.08111 -0.00803 47.15584 23.35924 2.99410 47.20000 23.60000 359.99998
lin/ang/drive_left/drive_right/tv_l/tv_r/av_l/av_r/x/y/theta/tx/ty/ttheta: 0.00244 0.06843 0.02721 -0.02681 0.01025 0.07133 0.01025 0.07133 47.15621 23.35495 2.76984 47.20000 23.60000 359.99998
lin/ang/drive_left/drive_right/tv_l/tv_r/av_l/av_r/x/y/theta/tx/ty/ttheta: 0.00239 0.10816 0.02496 -0.02455 -0.07736 0.08114 -0.07736 0.08114 47.15658 23.35049 2.53675 47.20000 23.60000 359.99998
lin/ang/drive_left/drive_right/tv_l/tv_r/av_l/av_r/x/y/theta/tx/ty/ttheta: 0.00238 0.11557 -0.00261 0.00268 -0.08761 0.08161 -0.08761 0.08161 47.15665 23.34965 2.49325 47.20000 23.60000 359.99998
lin/ang/drive_left/drive_right/tv_l/tv_r/av_l/av_r/x/y/theta/tx/ty/ttheta: 0.00240 0.09556 -0.01543 0.01523 -0.08847 0.08181 -0.08847 0.08181 47.15647 23.35190 2.61063 47.20000 23.60000 359.99998
lin/ang/drive_left/drive_right/tv_l/tv_r/av_l/av_r/x/y/theta/tx/ty/ttheta: 0.00245 0.06346 -0.02505 0.02472 -0.08300 0.08214 -0.08300 0.08214 47.15617 23.35551 2.79898 47.20000 23.60000 359.99998
lin/ang/drive_left/drive_right/tv_l/tv_r/av_l/av_r/x/y/theta/tx/ty/ttheta: 0.00249 0.02440 -0.02646 0.02605 -0.07886 0.08231 -0.07886 0.08231 47.15578 23.35989 3.02808 47.20000 23.60000 359.99998
lin/ang/drive_left/drive_right/tv_l/tv_r/av_l/av_r/x/y/theta/tx/ty/ttheta: 0.00253 -0.00619 -0.01787 0.01755 -0.07444 0.07783 -0.07444 0.07783 47.15547 23.36333 3.20748 47.20000 23.60000 359.99998
lin/ang/drive_left/drive_right/tv_l/tv_r/av_l/av_r/x/y/theta/tx/ty/ttheta: 0.00255 -0.01751 -0.00566 0.00554 -0.02875 0.07325 -0.02875 0.07325 47.15535 23.36460 3.27388 47.20000 23.60000 359.99998
lin/ang/drive_left/drive_right/tv_l/tv_r/av_l/av_r/x/y/theta/tx/ty/ttheta: 0.00254 -0.01596 0.00416 -0.00415 0.07256 0.00478 0.07256 0.00478 47.15537 23.36442 3.26482 47.20000 23.60000 359.99998
lin/ang/drive_left/drive_right/tv_l/tv_r/av_l/av_r/x/y/theta/tx/ty/ttheta: 0.00252 0.00092 0.01453 -0.01435 0.07972 -0.07392 0.07972 -0.07392 47.15554 23.36253 3.16584 47.20000 23.60000 359.99998
lin/ang/drive_left/drive_right/tv_l/tv_r/av_l/av_r/x/y/theta/tx/ty/ttheta: 0.00248 0.03425 0.02474 -0.02439 0.08144 -0.00872 0.08144 -0.00872 47.15588 23.35879 2.97033 47.20000 23.60000 359.99998
lin/ang/drive_left/drive_right/tv_l/tv_r/av_l/av_r/x/y/theta/tx/ty/ttheta: 0.00244 0.07148 0.02604 -0.02565 0.03250 0.07100 0.03250 0.07100 47.15624 23.35461 2.75191 47.20000 23.60000 359.99998
lin/ang/drive_left/drive_right/tv_l/tv_r/av_l/av_r/x/y/theta/tx/ty/ttheta: 0.00239 0.10979 0.02449 -0.02410 -0.07425 0.08114 -0.07425 0.08114 47.15660 23.35030 2.52714 47.20000 23.60000 359.99998
lin/ang/drive_left/drive_right/tv_l/tv_r/av_l/av_r/x/y/theta/tx/ty/ttheta: 0.00238 0.11680 -0.00323 0.00330 -0.08708 0.08144 -0.08708 0.08144 47.15666 23.34952 2.48603 47.20000 23.60000 359.99998
lin/ang/drive_left/drive_right/tv_l/tv_r/av_l/av_r/x/y/theta/tx/ty/ttheta: 0.00240 0.09587 -0.01637 0.01615 -0.08831 0.08214 -0.08831 0.08214 47.15647 23.35187 2.60885 47.20000 23.60000 359.99998
lin/ang/drive_left/drive_right/tv_l/tv_r/av_l/av_r/x/y/theta/tx/ty/ttheta: 0.00244 0.06454 -0.02347 0.02314 -0.08419 0.08214 -0.08419 0.08214 47.15618 23.35539 2.79266 47.20000 23.60000 359.99998
lin/ang/drive_left/drive_right/tv_l/tv_r/av_l/av_r/x/y/theta/tx/ty/ttheta: 0.00249 0.02579 -0.02623 0.02582 -0.08008 0.08247 -0.08008 0.08247 47.15580 23.35974 3.01995 47.20000 23.60000 359.99998
lin/ang/drive_left/drive_right/tv_l/tv_r/av_l/av_r/x/y/theta/tx/ty/ttheta: 0.00253 -0.00261 -0.01649 0.01619 -0.07478 0.07956 -0.07478 0.07956 47.15551 23.36292 3.18652 47.20000 23.60000 359.99998
lin/ang/drive_left/drive_right/tv_l/tv_r/av_l/av_r/x/y/theta/tx/ty/ttheta: 0.00254 -0.01451 -0.00630 0.00618 -0.04947 0.07358 -0.04947 0.07358 47.15538 23.36426 3.25627 47.20000 23.60000 359.99998
WARNING - pros.serial.terminal.terminal:reader - Connection to /dev/ttyACM1 broken - pros-cli version:3.5.6
WARNING - pros.serial.terminal.terminal:stop - Stopping terminal - pros-cli version:3.5.6

[tomas@nixbtw:~/projects/Robotics/current/libs/lyfast]$

