
[tomas@nixbtw:~/projects/Robotics/current/libs/lyfast]$ mu
Not sending analytics for this command.

Compiled src/main.cpp [WARNINGS]
In file included from ./include/api.h:68,
                 from ./include/main.h:37,
                 from src/main.cpp:1:
./include/pros/imu.hpp:145:30: warning: 'virtual int32_t pros::v5::Imu::reset(bool) const' was hidden [-Woverloaded-virtual=]
  145 |         virtual std::int32_t reset(bool blocking = false) const;
      |                              ^~~~~
src/main.cpp:51:13: note:   by 'int32_t ScaledIMU::reset(bool)'
   51 |     int32_t reset(bool blocking = false) {
      |             ^~~~~
./include/pros/imu.hpp:786:30: warning: 'virtual int32_t pros::v5::Imu::set_rotation(double) const' was hidden [-Woverloaded-virtual=]
  786 |         virtual std::int32_t set_rotation(const double target) const;
      |                              ^~~~~~~~~~~~
src/main.cpp:66:17: note:   by 'virtual int ScaledIMU::set_rotation(double)'
   66 |     virtual int set_rotation(double new_rotation) {
      |                 ^~~~~~~~~~~~
src/main.cpp: In function 'void timeCriticalTask()':
src/main.cpp:1131:36: warning: variable 'speeds' set but not used [-Wunused-but-set-variable]
 1131 |                 DifferentialSpeeds speeds =
      |                                    ^~~~~~
src/main.cpp: In function 'void odom_offset_tuning()':
src/main.cpp:1453:11: warning: unused variable 'pct' [-Wunused-variable]
 1453 |     float pct = 0.5;
      |           ^~~
In file included from ./include/lyfast/controllers/api.hpp:6,
                 from ./include/lyfast/api.hpp:3,
                 from src/main.cpp:6:
./include/lyfast/controllers/vel_controller.hpp: In instantiation of 'void blazing::lyfast::PIDVelocityController<VelUnit>::setTarget(VelUnit) [with VelUnit = LinearVelocity]':
./include/lyfast/controllers/vel_controller.hpp:352:31:   required from here
  352 |         m_linear_pid.setTarget(target.linear);
      |         ~~~~~~~~~~~~~~~~~~~~~~^~~~~~~~~~~~~~~
./include/lyfast/controllers/vel_controller.hpp:170:30: warning: comparison of integer expressions of different signedness: 'std::queue<LinearVelocity, std::deque<LinearVelocity, std::allocator<LinearVelocity> > >::size_type' {aka 'unsigned int'} and 'int' [-Wsign-compare]
  170 |         if (m_targets.size() > num_targets) m_targets.pop();
      |             ~~~~~~~~~~~~~~~~~^~~~~~~~~~~~~
./include/lyfast/controllers/vel_controller.hpp: In instantiation of 'void blazing::lyfast::PIDVelocityController<VelUnit>::setTarget(VelUnit) [with VelUnit = AngularVelocity]':
./include/lyfast/controllers/vel_controller.hpp:298:24:   required from 'void blazing::lyfast::SimpleVelocityController<VelUnit>::setTarget(VelUnit) [with VelUnit = AngularVelocity]'
  298 |         m_pid.setTarget(target);
      |         ~~~~~~~~~~~~~~~^~~~~~~~
./include/lyfast/plants/velocity_plants.hpp:78:35:   required from here
   78 |             m_controller.setTarget(std::get<AngularVelocity>(new_target));
      |             ~~~~~~~~~~~~~~~~~~~~~~^~~~~~~~~~~~~~~~~~~~~~~~~~~~~~~~~~~~~~~
./include/lyfast/controllers/vel_controller.hpp:170:30: warning: comparison of integer expressions of different signedness: 'std::queue<AngularVelocity, std::deque<AngularVelocity, std::allocator<AngularVelocity> > >::size_type' {aka 'unsigned int'} and 'int' [-Wsign-compare]
  170 |         if (m_targets.size() > num_targets) m_targets.pop();
      |             ~~~~~~~~~~~~~~~~~^~~~~~~~~~~~~
Adding timestamp [OK]
Linking hot project with ./bin/cold.package.elf and blazing,Eigen,float_units,libc,liblvgl,libm,libpros,lyfast [OK]
Section sizes:
   text	   data	    bss	  total	    hex	filename
100.87KB 452.00B  46.01MB  46.11MB 2e1b6fc bin/hot.package.elf
Creating bin/hot.package.bin for VEX EDR V5 [DONE]
ERROR - pros.cli.common:resolve_v5_port - No v5 ports were found! If you think you have a v5 plugged in, run this command again with the --debug flag - pros-cli version:3.5.6
PROS-CLI Version:  3.5.6
PROS-Kernel Version: 4.2.1

 Usage: pros mu [OPTIONS] [PORT] [PATH]

 Try 'pros mu --help' for help
╭─ Error ─────────────────────────────────────────────────────────────────────────────────╮
│ No port provided or located. Make sure to specify --target if needed.                   │
╰─────────────────────────────────────────────────────────────────────────────────────────╯

Sentry is attempting to send 1 pending events
Waiting up to 2 seconds
Press Ctrl-C to quit

[tomas@nixbtw:~/projects/Robotics/current/libs/lyfast]$

[tomas@nixbtw:~/projects/Robotics/current/libs/lyfast]$ mu
Not sending analytics for this command.

make: Nothing to be done for 'quick'.
Uploading program "lyfast" (lyfast) to V5 slot 1 on /dev/ttyACM0 (compressed)
Compressing library [####################################] 100%
Library is already onboard V5
Uploading slot_1.ini [####################################] 100%
Compressing binary [####################################] 100%
Uploading slot_1.bin (hot.package.bin) [####################################] 100%
Finished uploading "lyfast" (lyfast) to V5

[tomas@nixbtw:~/projects/Robotics/current/libs/lyfast]$ t
Not sending analytics for this command.

Established terminal connection



         _+=+_
      .-`  .  `-.          8888888b.  8888888b.   .d88888b.   .d8888b.
   _+`     "     `+_       888   Y88b 888   Y88b d88P" "Y88b d88P  Y88b
  \\\sssssssssssss///      888    888 888    888 888     888 Y88b.
     .ss\  *  /ss.         888   d88P 888   d88P 888     888  "Y888b.
 .+bm  .s  *  s.  md+.     8888888P"  8888888P"  888     888     "Y88b.
.hMMMMs .  *  . sMMMMh.    888        888 T88b   888     888       "888
 `\hMMMb \ | / dMMMh:      888        888  T88b  Y88b. .d88P Y88b  d88P
   -SNMNo  -  oNMNs-       888        888   T88b  "Y88888P"   "Y8888P"
     `+dMh\./dMd/
        `:yNy:`                      Powered by PROS for VEX V5
           "                Copyright (c) Purdue University ACM SIGBots
Version:        4.2.1     Platform:  V1.1.5 (b18)     Uptime:    0.000 s
Compiled:   Jan  1 1980 00:00:00     Directory:


starting task: 2319009
timed correctly: 2321900
total distance: 78.136703
delta_distance: 0.100000
allocated for points 791
adding points:1758
isolated constraints:2238
forwards pass:2756
backwards pass:3166
travel times:3248
final time:3258
a_{kin}=\left[149.9998,149.9998,149.9998,149.9998,149.9998,149.9998,149.9998,149.9998,149.9998,149.9998,149.9998,149.9998,149.9998,149.9998,149.9998,149.9998,149.9998,149.9998,149.9998,149.9998,149.9998,149.9998,149.9998,149.9998,149.9998,149.9998,149.9998,149.9998,149.9998,149.9998,149.9998,149.9998,149.9998,149.9998,149.9998,149.9998,149.9998,149.9998,149.9998,149.9998,149.9998,149.9998,149.9998,149.9998,149.9998,149.9998,149.9998,149.9998,149.9998,149.9998,149.9998,149.9998,149.9998,149.9998,149.9998,149.9998,149.9998,149.9998,149.9998,149.9998,149.9998,149.9998,149.9998,149.9998,149.9998,149.9998,149.9998,149.9998,149.9998,149.9998,149.9998,149.9998,149.9998,149.9998,149.9998,149.9998,149.9998,149.9998,149.9998,149.9998,149.9998,149.9998,149.9998,149.9998,149.9998,149.9998,149.9998,149.9998,149.9998,149.9998,149.9998,149.9998,149.9998,149.9998,149.9998,149.9998,149.9998,149.9998,149.9998,149.9998,149.9998,149.9998,149.9998,149.9998,149.9998,149.9998,149.9998,149.9998,149.9998,149.9998,149.9998,149.9998,149.9998,149.9998,149.9998,149.9998,149.9998,149.9998,149.9998,149.9998,149.9998,149.9998,149.9998,149.9998,149.9998,149.9998,149.9998,149.9998,149.9998,149.9998,149.9998,149.9998,149.9998,149.9998,149.9998,149.9998,149.9998,149.9998,149.9998,149.9998,149.9998,149.9998,149.9998,149.9998,149.9998,149.9998,149.9998,149.9998,149.9998,149.9998,149.9998,149.9998,149.9998,149.9998,149.9998,149.9998,149.9998,149.9998,149.9998,149.9998,149.9998,149.9998,149.9998,149.9998,149.9998,149.9998,149.9998,149.9998,149.9998,149.9998,149.9998,149.9998,149.9998,149.9998,149.9998,149.9998,149.9998,149.9998,149.9998,149.9998,149.9998,149.9998,149.9998,149.9998,149.9998,149.9998,149.9998,149.9998,149.9998,149.9998,149.9998,149.9998,149.9998,149.9998,149.9998,149.9998,149.9998,149.9998,149.9998,149.9998,149.9998,149.9998,149.9998,149.9998,149.9998,149.9998,149.9998,149.9998,149.9998,149.9998,149.9998,149.9998,149.9998,149.9998,149.9998,149.9998,149.9998,149.9998,149.9998,149.9998,149.9998,149.9998,149.9998,149.9998,149.9998,149.9998,149.9998,149.9998,149.9998,149.9998,149.9998,149.9998,149.9998,149.9998,149.9998,149.9998,130.6272,130.5320,130.4366,130.3412,130.2456,130.1499,130.0542,129.9585,129.8627,129.7668,129.6710,129.5751,129.4793,129.3835,129.2877,129.1920,129.0964,129.0009,128.9055,128.8102,128.7150,128.6200,128.5252,128.4306,128.3363,128.2421,128.1482,128.0546,127.9613,127.8683,127.7757,127.6834,127.5915,127.5000,127.4089,127.3183,127.2281,127.1384,127.0493,126.9606,126.8726,126.7851,126.6983,126.6121,126.5265,126.4417,126.3575,126.2741,126.1915,126.1096,126.0286,125.9484,125.8691,125.7906,125.7132,125.6366,125.5611,125.4865,125.4130,125.3405,125.2692,125.1989,125.1298,125.0619,124.9952,124.9297,124.8655,124.8026,124.7409,124.6806,124.6218,124.5643,124.5082,124.4536,124.4004,124.3488,124.2988,124.2502,124.2033,124.1580,124.1144,124.0724,124.0321,123.9936,123.9567,123.9217,123.8885,123.8571,123.8275,123.7998,123.7740,123.7502,123.7282,123.7082,123.6902,123.6742,123.6603,123.6483,123.6385,123.6307,123.6250,123.6214,123.6200,123.6207,123.6236,123.6286,123.6359,123.6453,123.6570,123.6709,123.6870,123.7055,123.7261,123.7490,123.7743,123.8018,123.8316,123.8637,123.8981,123.9348,123.9739,124.0152,124.0589,124.1049,124.1533,124.2039,124.2569,124.3122,124.3699,124.4298,124.4921,124.5567,124.6236,124.6928,124.7643,124.8381,124.9142,124.9925,125.0731,125.1560,125.2411,125.3285,125.4181,125.5099,125.6039,125.7001,125.7984,125.8989,126.0016,126.1064,126.2133,126.3223,126.4334,126.5466,126.6618,126.7791,126.8984,127.0196,127.1429,127.2681,127.3953,127.5243,127.6553,127.7882,127.9229,128.0595,128.1979,128.3381,128.4800,128.6238,128.7693,128.9165,129.0654,129.2160,129.3682,129.5221,129.6776,129.8347,129.9933,130.1535,130.3153,130.4785,130.6433,130.8095,130.9772,131.1463,131.3168,131.4887,131.6620,131.8366,132.0126,132.1898,132.3684,132.5482,132.7293,132.9117,133.0952,133.2800,133.4660,133.6531,133.8414,134.0308,134.2213,134.4130,134.6057,134.7995,134.9944,135.1903,135.3873,135.5853,135.7843,135.9842,136.1852,136.3871,136.5900,136.7939,136.9986,137.2043,137.4109,137.6185,137.8269,138.0362,138.2463,138.4574,138.6693,138.8820,139.0956,139.3101,139.5254,139.7415,139.9584,140.1761,140.3947,140.6140,140.8342,141.0551,141.2769,141.4994,141.7227,141.9468,142.1717,142.3974,142.6238,142.8510,143.0790,143.3078,143.5373,143.7676,143.9987,144.2306,144.4632,144.6966,144.9308,145.1658,145.4015,145.6380,145.8753,146.1134,146.3523,146.5919,146.8324,147.0736,147.3157,147.5585,147.8022,148.0466,148.2919,148.5380,148.7849,149.0326,149.2811,149.5305,149.7807,149.9683,149.7174,149.4674,149.2183,148.9699,148.7224,148.4757,148.2299,147.9848,147.7405,147.4971,147.2545,147.0126,146.7716,146.5313,146.2919,146.0532,145.8153,145.5782,145.3419,145.1063,144.8716,144.6376,144.4044,144.1719,143.9402,143.7094,143.4793,143.2499,143.0213,142.7935,142.5665,142.3403,142.1148,141.8901,141.6662,141.4431,141.2207,140.9992,140.7784,140.5585,140.3393,140.1210,139.9034,139.6867,139.4708,139.2557,139.0415,138.8281,138.6155,138.4038,138.1930,137.9830,137.7739,137.5657,137.3584,137.1520,136.9465,136.7420,136.5384,136.3357,136.1340,135.9333,135.7335,135.5348,135.3370,135.1403,134.9446,134.7500,134.5564,134.3639,134.1725,133.9822,133.7931,133.6050,133.4182,133.2325,133.0480,132.8647,132.6826,132.5018,132.3222,132.1440,131.9670,131.7913,131.6170,131.4440,131.2724,131.1022,130.9334,130.7660,130.6001,130.4357,130.2728,130.1114,129.9515,129.7932,129.6364,129.4813,129.3278,129.1759,129.0257,128.8772,128.7303,128.5853,128.4419,128.3003,128.1605,128.0225,127.8864,127.7521,127.6196,127.4891,127.3604,127.2337,127.1090,126.9861,126.8653,126.7465,126.6297,126.5150,126.4023,126.2917,126.1832,126.0767,125.9724,125.8703,125.7703,125.6724,125.5768,125.4833,125.3921,125.3030,125.2162,125.1317,125.0494,124.9693,124.8915,124.8161,124.7429,124.6720,124.6034,124.5371,124.4731,124.4114,124.3521,124.2951,124.2404,124.1881,124.1381,124.0904,124.0450,124.0020,123.9613,123.9230,123.8869,123.8532,123.8218,123.7926,123.7658,123.7413,123.7191,123.6992,123.6815,123.6660,123.6529,123.6419,123.6332,123.6267,123.6224,123.6202,123.6203,123.6224,123.6268,123.6332,123.6417,123.6523,123.6650,123.6797,123.6965,123.7152,123.7360,123.7587,123.7833,123.8098,123.8383,123.8686,123.9008,123.9348,123.9705,124.0081,124.0474,124.0884,124.1311,124.1756,124.2216,124.2693,124.3185,124.3693,124.4217,124.4755,124.5309,124.5877,124.6459,124.7055,124.7665,124.8288,124.8924,124.9573,125.0235,125.0909,125.1595,125.2293,125.3002,125.3722,125.4453,125.5195,125.5947,125.6709,125.7481,125.8262,125.9052,125.9851,126.0659,126.1476,126.2300,126.3132,126.3972,126.4819,126.5673,126.6534,126.7402,126.8276,126.9156,127.0041,127.0933,127.1829,127.2731,127.3637,127.4549,127.5464,127.6384,127.7307,127.8235,127.9166,128.0100,128.1037,128.1977,128.2920,128.3865,128.4813,128.5763,128.6714,128.7668,128.8623,128.9579,129.0536,129.1495,129.2454,129.3414,129.4375,129.5336,129.6297,129.7258,129.8219,129.9180,130.0141,130.1101,130.2060,130.3019,130.3977,130.4934,130.5889,130.6273\right]
a_{turn}=\left[5118110.0000,5118110.0000,5118110.0000,5118110.0000,5118110.0000,5118110.0000,5118110.0000,5118110.0000,5118110.0000,5118110.0000,5118110.0000,5118110.0000,5118110.0000,5118110.0000,5118110.0000,5118110.0000,5118110.0000,5118110.0000,5118110.0000,5118110.0000,5118110.0000,5118110.0000,5118110.0000,5118110.0000,5118110.0000,5118110.0000,5118110.0000,5118110.0000,5118110.0000,5118110.0000,5118110.0000,5118110.0000,5118110.0000,5118110.0000,5118110.0000,5118110.0000,5118110.0000,5118110.0000,5118110.0000,5118110.0000,5118110.0000,5118110.0000,5118110.0000,5118110.0000,5118110.0000,5118110.0000,5118110.0000,5118110.0000,5118110.0000,5118110.0000,5118110.0000,5118110.0000,5118110.0000,5118110.0000,5118110.0000,5118110.0000,5118110.0000,5118110.0000,5118110.0000,5118110.0000,5118110.0000,5118110.0000,5118110.0000,5118110.0000,5118110.0000,5118110.0000,5118110.0000,5118110.0000,5118110.0000,5118110.0000,5118110.0000,5118110.0000,5118110.0000,5118110.0000,5118110.0000,5118110.0000,5118110.0000,5118110.0000,5118110.0000,5118110.0000,5118110.0000,5118110.0000,5118110.0000,5118110.0000,5118110.0000,5118110.0000,5118110.0000,5118110.0000,5118110.0000,5118110.0000,5118110.0000,5118110.0000,5118110.0000,5118110.0000,5118110.0000,5118110.0000,5118110.0000,5118110.0000,5118110.0000,5118110.0000,5118110.0000,5118110.0000,5118110.0000,5118110.0000,5118110.0000,5118110.0000,5118110.0000,5118110.0000,5118110.0000,5118110.0000,5118110.0000,5118110.0000,5118110.0000,5118110.0000,5118110.0000,5118110.0000,5118110.0000,5118110.0000,5118110.0000,5118110.0000,5118110.0000,5118110.0000,5118110.0000,5118110.0000,5118110.0000,5118110.0000,5118110.0000,5118110.0000,5118110.0000,5118110.0000,5118110.0000,5118110.0000,5118110.0000,5118110.0000,5118110.0000,5118110.0000,5118110.0000,5118110.0000,5118110.0000,5118110.0000,5118110.0000,5118110.0000,5118110.0000,5118110.0000,5118110.0000,5118110.0000,5118110.0000,5118110.0000,5118110.0000,5118110.0000,5118110.0000,5118110.0000,5118110.0000,5118110.0000,5118110.0000,5118110.0000,5118110.0000,5118110.0000,5118110.0000,5118110.0000,5118110.0000,5118110.0000,5118110.0000,5118110.0000,5118110.0000,5118110.0000,5118110.0000,5118110.0000,5118110.0000,5118110.0000,5118110.0000,5118110.0000,5118110.0000,5118110.0000,5118110.0000,5118110.0000,5118110.0000,5118110.0000,5118110.0000,5118110.0000,5118110.0000,5118110.0000,5118110.0000,5118110.0000,5118110.0000,5118110.0000,5118110.0000,5118110.0000,5118110.0000,5118110.0000,5118110.0000,5118110.0000,5118110.0000,5118110.0000,5118110.0000,5118110.0000,5118110.0000,5118110.0000,5118110.0000,5118110.0000,5118110.0000,5118110.0000,5118110.0000,5118110.0000,5118110.0000,5118110.0000,5118110.0000,5118110.0000,5118110.0000,5118110.0000,5118110.0000,5118110.0000,5118110.0000,5118110.0000,5118110.0000,5118110.0000,5118110.0000,5118110.0000,5118110.0000,5118110.0000,5118110.0000,5118110.0000,5118110.0000,5118110.0000,5118110.0000,5118110.0000,5118110.0000,5118110.0000,5118110.0000,5118110.0000,5118110.0000,5118110.0000,5118110.0000,5118110.0000,5118110.0000,5118110.0000,46.0198,45.7612,45.5049,45.2508,44.9989,44.7492,44.5017,44.2564,44.0134,43.7726,43.5340,43.2977,43.0636,42.8318,42.6022,42.3749,42.1498,41.9270,41.7065,41.4883,41.2723,41.0586,40.8473,40.6382,40.4314,40.2269,40.0248,39.8249,39.6274,39.4323,39.2394,39.0489,38.8608,38.6749,38.4915,38.3104,38.1317,37.9554,37.7814,37.6098,37.4407,37.2739,37.1095,36.9476,36.7881,36.6309,36.4763,36.3240,36.1743,36.0270,35.8821,35.7397,35.5998,35.4624,35.3275,35.1950,35.0651,34.9377,34.8128,34.6905,34.5707,34.4534,34.3387,34.2267,34.1171,34.0102,33.9058,33.8041,33.7050,33.6085,33.5147,33.4235,33.3350,33.2491,33.1659,33.0855,33.0077,32.9326,32.8603,32.7908,32.7240,32.6599,32.5987,32.5402,32.4846,32.4318,32.3818,32.3347,32.2905,32.2492,32.2107,32.1752,32.1427,32.1130,32.0864,32.0628,32.0422,32.0246,32.0100,31.9986,31.9902,31.9849,31.9828,31.9839,31.9881,31.9955,32.0062,32.0201,32.0373,32.0578,32.0817,32.1089,32.1395,32.1736,32.2111,32.2521,32.2966,32.3446,32.3963,32.4515,32.5104,32.5731,32.6394,32.7095,32.7835,32.8613,32.9430,33.0286,33.1182,33.2119,33.3096,33.4115,33.5176,33.6279,33.7425,33.8615,33.9849,34.1127,34.2451,34.3821,34.5238,34.6702,34.8214,34.9775,35.1386,35.3047,35.4759,35.6524,35.8341,36.0212,36.2138,36.4120,36.6158,36.8254,37.0409,37.2624,37.4901,37.7239,37.9641,38.2108,38.4642,38.7243,38.9913,39.2653,39.5466,39.8352,40.1314,40.4353,40.7471,41.0670,41.3952,41.7319,42.0773,42.4316,42.7950,43.1679,43.5504,43.9428,44.3454,44.7585,45.1824,45.6173,46.0637,46.5217,46.9919,47.4746,47.9702,48.4790,49.0016,49.5383,50.0897,50.6562,51.2383,51.8367,52.4518,53.0843,53.7348,54.4040,55.0927,55.8015,56.5312,57.2827,58.0569,58.8546,59.6770,60.5249,61.3996,62.3022,63.2339,64.1961,65.1902,66.2178,67.2803,68.3796,69.5174,70.6958,71.9167,73.1826,74.4956,75.8586,77.2741,78.7453,80.2755,81.8680,83.5267,85.2557,87.0595,88.9428,90.9111,92.9699,95.1257,97.3853,99.7563,102.2471,104.8669,107.6258,110.5352,113.6075,116.8568,120.2986,123.9504,127.8322,131.9661,136.3773,141.0945,146.1511,151.5845,157.4384,163.7635,170.6190,178.0742,186.2116,195.1295,204.9453,215.8017,227.8732,241.3759,256.5803,273.8293,293.5652,316.3678,343.0110,374.5550,412.4890,458.9731,517.2640,592.5158,693.3928,835.6639,1051.3894,1417.2596,2173.6494,4661.4707,32251.1543,3616.0881,1915.4403,1302.7544,987.0308,794.4890,664.8046,571.5150,501.1865,446.2705,402.2003,366.0523,335.8665,310.2803,288.3164,269.2572,252.5620,237.8165,224.6985,212.9524,202.3739,192.7972,184.0867,176.1298,168.8332,162.1178,155.9170,150.1739,144.8396,139.8720,135.2347,130.8962,126.8283,123.0066,119.4095,116.0180,112.8148,109.7849,106.9147,104.1919,101.6055,99.1456,96.8034,94.5707,92.4400,90.4045,88.4583,86.5955,84.8110,83.1001,81.4584,79.8819,78.3669,76.9100,75.5080,74.1578,72.8569,71.6026,70.3926,69.2246,68.0966,67.0068,65.9532,64.9342,63.9482,62.9938,62.0694,61.1740,60.3061,59.4647,58.6486,57.8568,57.0884,56.3424,55.6179,54.9142,54.2305,53.5660,52.9200,52.2919,51.6810,51.0867,50.5085,49.9458,49.3981,48.8649,48.3458,47.8403,47.3479,46.8683,46.4011,45.9460,45.5025,45.0703,44.6491,44.2387,43.8386,43.4486,43.0685,42.6980,42.3368,41.9847,41.6415,41.3070,40.9808,40.6629,40.3531,40.0511,39.7568,39.4700,39.1905,38.9182,38.6529,38.3945,38.1428,37.8977,37.6591,37.4268,37.2007,36.9807,36.7666,36.5584,36.3560,36.1593,35.9681,35.7823,35.6019,35.4268,35.2569,35.0921,34.9323,34.7774,34.6274,34.4823,34.3418,34.2060,34.0748,33.9481,33.8259,33.7081,33.5946,33.4854,33.3805,33.2797,33.1831,33.0906,33.0020,32.9175,32.8369,32.7602,32.6873,32.6183,32.5530,32.4915,32.4336,32.3794,32.3289,32.2819,32.2385,32.1986,32.1621,32.1291,32.0996,32.0734,32.0507,32.0312,32.0151,32.0022,31.9926,31.9863,31.9831,31.9832,31.9864,31.9927,32.0022,32.0148,32.0304,32.0491,32.0709,32.0957,32.1234,32.1542,32.1879,32.2245,32.2641,32.3066,32.3520,32.4003,32.4514,32.5054,32.5623,32.6219,32.6844,32.7496,32.8177,32.8885,32.9620,33.0383,33.1174,33.1991,33.2836,33.3707,33.4605,33.5530,33.6482,33.7460,33.8465,33.9496,34.0552,34.1635,34.2745,34.3880,34.5040,34.6227,34.7439,34.8677,34.9940,35.1228,35.2542,35.3881,35.5245,35.6634,35.8048,35.9487,36.0951,36.2440,36.3953,36.5491,36.7053,36.8640,37.0251,37.1887,37.3547,37.5231,37.6939,37.8671,38.0427,38.2207,38.4011,38.5839,38.7690,38.9566,39.1464,39.3387,39.5333,39.7302,39.9295,40.1311,40.3350,40.5413,40.7499,40.9608,41.1740,41.3895,41.6073,41.8274,42.0498,42.2745,42.5015,42.7307,42.9622,43.1959,43.4320,43.6702,43.9108,44.1535,44.3986,44.6458,44.8953,45.1470,45.4010,45.6571,45.9155,46.0200\right]
d_{kin}=\left[149.9998,149.9998,149.9998,149.9998,149.9998,149.9998,149.9998,149.9998,149.9998,149.9998,149.9998,149.9998,149.9998,149.9998,149.9998,149.9998,149.9998,149.9998,149.9998,149.9998,149.9998,149.9998,149.9998,149.9998,149.9998,149.9998,149.9998,149.9998,149.9998,149.9998,149.9998,149.9998,149.9998,149.9998,149.9998,149.9998,149.9998,149.9998,149.9998,149.9998,149.9998,149.9998,149.9998,149.9998,149.9998,149.9998,149.9998,149.9998,149.9998,149.9998,149.9998,149.9998,149.9998,149.9998,149.9998,149.9998,149.9998,149.9998,149.9998,149.9998,149.9998,149.9998,149.9998,149.9998,149.9998,149.9998,149.9998,149.9998,149.9998,149.9998,149.9998,149.9998,149.9998,149.9998,149.9998,149.9998,149.9998,149.9998,149.9998,149.9998,149.9998,149.9998,149.9998,149.9998,149.9998,149.9998,149.9998,149.9998,149.9998,149.9998,149.9998,149.9998,149.9998,149.9998,149.9998,149.9998,149.9998,149.9998,149.9998,149.9998,149.9998,149.9998,149.9998,149.9998,149.9998,149.9998,149.9998,149.9998,149.9998,149.9998,149.9998,149.9998,149.9998,149.9998,149.9998,149.9998,149.9998,149.9998,149.9998,149.9998,149.9998,149.9998,149.9998,149.9998,149.9998,149.9998,149.9998,149.9998,149.9998,149.9998,149.9998,149.9998,149.9998,149.9998,149.9998,149.9998,149.9998,149.9998,149.9998,149.9998,149.9998,149.9998,149.9998,149.9998,149.9998,149.9998,149.9998,149.9998,149.9998,149.9998,149.9998,149.9998,149.9998,149.9998,149.9998,149.9998,149.9998,149.9998,149.9998,149.9998,149.9998,149.9998,149.9998,149.9998,149.9998,149.9998,149.9998,149.9998,149.9998,149.9998,149.9998,149.9998,149.9998,149.9998,149.9998,149.9998,149.9998,149.9998,149.9998,149.9998,149.9998,149.9998,149.9998,149.9998,149.9998,149.9998,149.9998,149.9998,149.9998,149.9998,149.9998,149.9998,149.9998,149.9998,149.9998,149.9998,149.9998,149.9998,149.9998,149.9998,149.9998,149.9998,149.9998,149.9998,149.9998,149.9998,149.9998,149.9998,149.9998,149.9998,149.9998,149.9998,149.9998,149.9998,149.9998,149.9998,149.9998,149.9998,149.9998,149.9998,149.9998,149.9998,149.9998,149.9998,149.9998,149.9998,149.9998,149.9998,149.9998,149.9998,149.9998,149.9998,149.9998,149.9998,149.9998,149.9998,130.6272,130.5320,130.4366,130.3412,130.2456,130.1499,130.0542,129.9585,129.8627,129.7668,129.6710,129.5751,129.4793,129.3835,129.2877,129.1920,129.0964,129.0009,128.9055,128.8102,128.7150,128.6200,128.5252,128.4306,128.3363,128.2421,128.1482,128.0546,127.9613,127.8683,127.7757,127.6834,127.5915,127.5000,127.4089,127.3183,127.2281,127.1384,127.0493,126.9606,126.8726,126.7851,126.6983,126.6121,126.5265,126.4417,126.3575,126.2741,126.1915,126.1096,126.0286,125.9484,125.8691,125.7906,125.7132,125.6366,125.5611,125.4865,125.4130,125.3405,125.2692,125.1989,125.1298,125.0619,124.9952,124.9297,124.8655,124.8026,124.7409,124.6806,124.6218,124.5643,124.5082,124.4536,124.4004,124.3488,124.2988,124.2502,124.2033,124.1580,124.1144,124.0724,124.0321,123.9936,123.9567,123.9217,123.8885,123.8571,123.8275,123.7998,123.7740,123.7502,123.7282,123.7082,123.6902,123.6742,123.6603,123.6483,123.6385,123.6307,123.6250,123.6214,123.6200,123.6207,123.6236,123.6286,123.6359,123.6453,123.6570,123.6709,123.6870,123.7055,123.7261,123.7490,123.7743,123.8018,123.8316,123.8637,123.8981,123.9348,123.9739,124.0152,124.0589,124.1049,124.1533,124.2039,124.2569,124.3122,124.3699,124.4298,124.4921,124.5567,124.6236,124.6928,124.7643,124.8381,124.9142,124.9925,125.0731,125.1560,125.2411,125.3285,125.4181,125.5099,125.6039,125.7001,125.7984,125.8989,126.0016,126.1064,126.2133,126.3223,126.4334,126.5466,126.6618,126.7791,126.8984,127.0196,127.1429,127.2681,127.3953,127.5243,127.6553,127.7882,127.9229,128.0595,128.1979,128.3381,128.4800,128.6238,128.7693,128.9165,129.0654,129.2160,129.3682,129.5221,129.6776,129.8347,129.9933,130.1535,130.3153,130.4785,130.6433,130.8095,130.9772,131.1463,131.3168,131.4887,131.6620,131.8366,132.0126,132.1898,132.3684,132.5482,132.7293,132.9117,133.0952,133.2800,133.4660,133.6531,133.8414,134.0308,134.2213,134.4130,134.6057,134.7995,134.9944,135.1903,135.3873,135.5853,135.7843,135.9842,136.1852,136.3871,136.5900,136.7939,136.9986,137.2043,137.4109,137.6185,137.8269,138.0362,138.2463,138.4574,138.6693,138.8820,139.0956,139.3101,139.5254,139.7415,139.9584,140.1761,140.3947,140.6140,140.8342,141.0551,141.2769,141.4994,141.7227,141.9468,142.1717,142.3974,142.6238,142.8510,143.0790,143.3078,143.5373,143.7676,143.9987,144.2306,144.4632,144.6966,144.9308,145.1658,145.4015,145.6380,145.8753,146.1134,146.3523,146.5919,146.8324,147.0736,147.3157,147.5585,147.8022,148.0466,148.2919,148.5380,148.7849,149.0326,149.2811,149.5305,149.7807,149.9683,149.7174,149.4674,149.2183,148.9699,148.7224,148.4757,148.2299,147.9848,147.7405,147.4971,147.2545,147.0126,146.7716,146.5313,146.2919,146.0532,145.8153,145.5782,145.3419,145.1063,144.8716,144.6376,144.4044,144.1719,143.9402,143.7094,143.4793,143.2499,143.0213,142.7935,142.5665,142.3403,142.1148,141.8901,141.6662,141.4431,141.2207,140.9992,140.7784,140.5585,140.3393,140.1210,139.9034,139.6867,139.4708,139.2557,139.0415,138.8281,138.6155,138.4038,138.1930,137.9830,137.7739,137.5657,137.3584,137.1520,136.9465,136.7420,136.5384,136.3357,136.1340,135.9333,135.7335,135.5348,135.3370,135.1403,134.9446,134.7500,134.5564,134.3639,134.1725,133.9822,133.7931,133.6050,133.4182,133.2325,133.0480,132.8647,132.6826,132.5018,132.3222,132.1440,131.9670,131.7913,131.6170,131.4440,131.2724,131.1022,130.9334,130.7660,130.6001,130.4357,130.2728,130.1114,129.9515,129.7932,129.6364,129.4813,129.3278,129.1759,129.0257,128.8772,128.7303,128.5853,128.4419,128.3003,128.1605,128.0225,127.8864,127.7521,127.6196,127.4891,127.3604,127.2337,127.1090,126.9861,126.8653,126.7465,126.6297,126.5150,126.4023,126.2917,126.1832,126.0767,125.9724,125.8703,125.7703,125.6724,125.5768,125.4833,125.3921,125.3030,125.2162,125.1317,125.0494,124.9693,124.8915,124.8161,124.7429,124.6720,124.6034,124.5371,124.4731,124.4114,124.3521,124.2951,124.2404,124.1881,124.1381,124.0904,124.0450,124.0020,123.9613,123.9230,123.8869,123.8532,123.8218,123.7926,123.7658,123.7413,123.7191,123.6992,123.6815,123.6660,123.6529,123.6419,123.6332,123.6267,123.6224,123.6202,123.6203,123.6224,123.6268,123.6332,123.6417,123.6523,123.6650,123.6797,123.6965,123.7152,123.7360,123.7587,123.7833,123.8098,123.8383,123.8686,123.9008,123.9348,123.9705,124.0081,124.0474,124.0884,124.1311,124.1756,124.2216,124.2693,124.3185,124.3693,124.4217,124.4755,124.5309,124.5877,124.6459,124.7055,124.7665,124.8288,124.8924,124.9573,125.0235,125.0909,125.1595,125.2293,125.3002,125.3722,125.4453,125.5195,125.5947,125.6709,125.7481,125.8262,125.9052,125.9851,126.0659,126.1476,126.2300,126.3132,126.3972,126.4819,126.5673,126.6534,126.7402,126.8276,126.9156,127.0041,127.0933,127.1829,127.2731,127.3637,127.4549,127.5464,127.6384,127.7307,127.8235,127.9166,128.0100,128.1037,128.1977,128.2920,128.3865,128.4813,128.5763,128.6714,128.7668,128.8623,128.9579,129.0536,129.1495,129.2454,129.3414,129.4375,129.5336,129.6297,129.7258,129.8219,129.9180,130.0141,130.1101,130.2060,130.3019,130.3977,130.4934,130.5889,130.6273\right]
d_{turn}=\left[5118110.0000,5118110.0000,5118110.0000,5118110.0000,5118110.0000,5118110.0000,5118110.0000,5118110.0000,5118110.0000,5118110.0000,5118110.0000,5118110.0000,5118110.0000,5118110.0000,5118110.0000,5118110.0000,5118110.0000,5118110.0000,5118110.0000,5118110.0000,5118110.0000,5118110.0000,5118110.0000,5118110.0000,5118110.0000,5118110.0000,5118110.0000,5118110.0000,5118110.0000,5118110.0000,5118110.0000,5118110.0000,5118110.0000,5118110.0000,5118110.0000,5118110.0000,5118110.0000,5118110.0000,5118110.0000,5118110.0000,5118110.0000,5118110.0000,5118110.0000,5118110.0000,5118110.0000,5118110.0000,5118110.0000,5118110.0000,5118110.0000,5118110.0000,5118110.0000,5118110.0000,5118110.0000,5118110.0000,5118110.0000,5118110.0000,5118110.0000,5118110.0000,5118110.0000,5118110.0000,5118110.0000,5118110.0000,5118110.0000,5118110.0000,5118110.0000,5118110.0000,5118110.0000,5118110.0000,5118110.0000,5118110.0000,5118110.0000,5118110.0000,5118110.0000,5118110.0000,5118110.0000,5118110.0000,5118110.0000,5118110.0000,5118110.0000,5118110.0000,5118110.0000,5118110.0000,5118110.0000,5118110.0000,5118110.0000,5118110.0000,5118110.0000,5118110.0000,5118110.0000,5118110.0000,5118110.0000,5118110.0000,5118110.0000,5118110.0000,5118110.0000,5118110.0000,5118110.0000,5118110.0000,5118110.0000,5118110.0000,5118110.0000,5118110.0000,5118110.0000,5118110.0000,5118110.0000,5118110.0000,5118110.0000,5118110.0000,5118110.0000,5118110.0000,5118110.0000,5118110.0000,5118110.0000,5118110.0000,5118110.0000,5118110.0000,5118110.0000,5118110.0000,5118110.0000,5118110.0000,5118110.0000,5118110.0000,5118110.0000,5118110.0000,5118110.0000,5118110.0000,5118110.0000,5118110.0000,5118110.0000,5118110.0000,5118110.0000,5118110.0000,5118110.0000,5118110.0000,5118110.0000,5118110.0000,5118110.0000,5118110.0000,5118110.0000,5118110.0000,5118110.0000,5118110.0000,5118110.0000,5118110.0000,5118110.0000,5118110.0000,5118110.0000,5118110.0000,5118110.0000,5118110.0000,5118110.0000,5118110.0000,5118110.0000,5118110.0000,5118110.0000,5118110.0000,5118110.0000,5118110.0000,5118110.0000,5118110.0000,5118110.0000,5118110.0000,5118110.0000,5118110.0000,5118110.0000,5118110.0000,5118110.0000,5118110.0000,5118110.0000,5118110.0000,5118110.0000,5118110.0000,5118110.0000,5118110.0000,5118110.0000,5118110.0000,5118110.0000,5118110.0000,5118110.0000,5118110.0000,5118110.0000,5118110.0000,5118110.0000,5118110.0000,5118110.0000,5118110.0000,5118110.0000,5118110.0000,5118110.0000,5118110.0000,5118110.0000,5118110.0000,5118110.0000,5118110.0000,5118110.0000,5118110.0000,5118110.0000,5118110.0000,5118110.0000,5118110.0000,5118110.0000,5118110.0000,5118110.0000,5118110.0000,5118110.0000,5118110.0000,5118110.0000,5118110.0000,5118110.0000,5118110.0000,5118110.0000,5118110.0000,5118110.0000,5118110.0000,5118110.0000,5118110.0000,5118110.0000,5118110.0000,5118110.0000,5118110.0000,5118110.0000,5118110.0000,5118110.0000,5118110.0000,5118110.0000,5118110.0000,5118110.0000,5118110.0000,5118110.0000,5118110.0000,5118110.0000,5118110.0000,5118110.0000,5118110.0000,5118110.0000,5118110.0000,46.0198,45.7612,45.5049,45.2508,44.9989,44.7492,44.5017,44.2564,44.0134,43.7726,43.5340,43.2977,43.0636,42.8318,42.6022,42.3749,42.1498,41.9270,41.7065,41.4883,41.2723,41.0586,40.8473,40.6382,40.4314,40.2269,40.0248,39.8249,39.6274,39.4323,39.2394,39.0489,38.8608,38.6749,38.4915,38.3104,38.1317,37.9554,37.7814,37.6098,37.4407,37.2739,37.1095,36.9476,36.7881,36.6309,36.4763,36.3240,36.1743,36.0270,35.8821,35.7397,35.5998,35.4624,35.3275,35.1950,35.0651,34.9377,34.8128,34.6905,34.5707,34.4534,34.3387,34.2267,34.1171,34.0102,33.9058,33.8041,33.7050,33.6085,33.5147,33.4235,33.3350,33.2491,33.1659,33.0855,33.0077,32.9326,32.8603,32.7908,32.7240,32.6599,32.5987,32.5402,32.4846,32.4318,32.3818,32.3347,32.2905,32.2492,32.2107,32.1752,32.1427,32.1130,32.0864,32.0628,32.0422,32.0246,32.0100,31.9986,31.9902,31.9849,31.9828,31.9839,31.9881,31.9955,32.0062,32.0201,32.0373,32.0578,32.0817,32.1089,32.1395,32.1736,32.2111,32.2521,32.2966,32.3446,32.3963,32.4515,32.5104,32.5731,32.6394,32.7095,32.7835,32.8613,32.9430,33.0286,33.1182,33.2119,33.3096,33.4115,33.5176,33.6279,33.7425,33.8615,33.9849,34.1127,34.2451,34.3821,34.5238,34.6702,34.8214,34.9775,35.1386,35.3047,35.4759,35.6524,35.8341,36.0212,36.2138,36.4120,36.6158,36.8254,37.0409,37.2624,37.4901,37.7239,37.9641,38.2108,38.4642,38.7243,38.9913,39.2653,39.5466,39.8352,40.1314,40.4353,40.7471,41.0670,41.3952,41.7319,42.0773,42.4316,42.7950,43.1679,43.5504,43.9428,44.3454,44.7585,45.1824,45.6173,46.0637,46.5217,46.9919,47.4746,47.9702,48.4790,49.0016,49.5383,50.0897,50.6562,51.2383,51.8367,52.4518,53.0843,53.7348,54.4040,55.0927,55.8015,56.5312,57.2827,58.0569,58.8546,59.6770,60.5249,61.3996,62.3022,63.2339,64.1961,65.1902,66.2178,67.2803,68.3796,69.5174,70.6958,71.9167,73.1826,74.4956,75.8586,77.2741,78.7453,80.2755,81.8680,83.5267,85.2557,87.0595,88.9428,90.9111,92.9699,95.1257,97.3853,99.7563,102.2471,104.8669,107.6258,110.5352,113.6075,116.8568,120.2986,123.9504,127.8322,131.9661,136.3773,141.0945,146.1511,151.5845,157.4384,163.7635,170.6190,178.0742,186.2116,195.1295,204.9453,215.8017,227.8732,241.3759,256.5803,273.8293,293.5652,316.3678,343.0110,374.5550,412.4890,458.9731,517.2640,592.5158,693.3928,835.6639,1051.3894,1417.2596,2173.6494,4661.4707,32251.1543,3616.0881,1915.4403,1302.7544,987.0308,794.4890,664.8046,571.5150,501.1865,446.2705,402.2003,366.0523,335.8665,310.2803,288.3164,269.2572,252.5620,237.8165,224.6985,212.9524,202.3739,192.7972,184.0867,176.1298,168.8332,162.1178,155.9170,150.1739,144.8396,139.8720,135.2347,130.8962,126.8283,123.0066,119.4095,116.0180,112.8148,109.7849,106.9147,104.1919,101.6055,99.1456,96.8034,94.5707,92.4400,90.4045,88.4583,86.5955,84.8110,83.1001,81.4584,79.8819,78.3669,76.9100,75.5080,74.1578,72.8569,71.6026,70.3926,69.2246,68.0966,67.0068,65.9532,64.9342,63.9482,62.9938,62.0694,61.1740,60.3061,59.4647,58.6486,57.8568,57.0884,56.3424,55.6179,54.9142,54.2305,53.5660,52.9200,52.2919,51.6810,51.0867,50.5085,49.9458,49.3981,48.8649,48.3458,47.8403,47.3479,46.8683,46.4011,45.9460,45.5025,45.0703,44.6491,44.2387,43.8386,43.4486,43.0685,42.6980,42.3368,41.9847,41.6415,41.3070,40.9808,40.6629,40.3531,40.0511,39.7568,39.4700,39.1905,38.9182,38.6529,38.3945,38.1428,37.8977,37.6591,37.4268,37.2007,36.9807,36.7666,36.5584,36.3560,36.1593,35.9681,35.7823,35.6019,35.4268,35.2569,35.0921,34.9323,34.7774,34.6274,34.4823,34.3418,34.2060,34.0748,33.9481,33.8259,33.7081,33.5946,33.4854,33.3805,33.2797,33.1831,33.0906,33.0020,32.9175,32.8369,32.7602,32.6873,32.6183,32.5530,32.4915,32.4336,32.3794,32.3289,32.2819,32.2385,32.1986,32.1621,32.1291,32.0996,32.0734,32.0507,32.0312,32.0151,32.0022,31.9926,31.9863,31.9831,31.9832,31.9864,31.9927,32.0022,32.0148,32.0304,32.0491,32.0709,32.0957,32.1234,32.1542,32.1879,32.2245,32.2641,32.3066,32.3520,32.4003,32.4514,32.5054,32.5623,32.6219,32.6844,32.7496,32.8177,32.8885,32.9620,33.0383,33.1174,33.1991,33.2836,33.3707,33.4605,33.5530,33.6482,33.7460,33.8465,33.9496,34.0552,34.1635,34.2745,34.3880,34.5040,34.6227,34.7439,34.8677,34.9940,35.1228,35.2542,35.3881,35.5245,35.6634,35.8048,35.9487,36.0951,36.2440,36.3953,36.5491,36.7053,36.8640,37.0251,37.1887,37.3547,37.5231,37.6939,37.8671,38.0427,38.2207,38.4011,38.5839,38.7690,38.9566,39.1464,39.3387,39.5333,39.7302,39.9295,40.1311,40.3350,40.5413,40.7499,40.9608,41.1740,41.3895,41.6073,41.8274,42.0498,42.2745,42.5015,42.7307,42.9622,43.1959,43.4320,43.6702,43.9108,44.1535,44.3986,44.6458,44.8953,45.1470,45.4010,45.6571,45.9155,46.0200\right]
v_{kin}=\left[69.9999,69.9999,69.9999,69.9999,69.9999,69.9999,69.9999,69.9999,69.9999,69.9999,69.9999,69.9999,69.9999,69.9999,69.9999,69.9999,69.9999,69.9999,69.9999,69.9999,69.9999,69.9999,69.9999,69.9999,69.9999,69.9999,69.9999,69.9999,69.9999,69.9999,69.9999,69.9999,69.9999,69.9999,69.9999,69.9999,69.9999,69.9999,69.9999,69.9999,69.9999,69.9999,69.9999,69.9999,69.9999,69.9999,69.9999,69.9999,69.9999,69.9999,69.9999,69.9999,69.9999,69.9999,69.9999,69.9999,69.9999,69.9999,69.9999,69.9999,69.9999,69.9999,69.9999,69.9999,69.9999,69.9999,69.9999,69.9999,69.9999,69.9999,69.9999,69.9999,69.9999,69.9999,69.9999,69.9999,69.9999,69.9999,69.9999,69.9999,69.9999,69.9999,69.9999,69.9999,69.9999,69.9999,69.9999,69.9999,69.9999,69.9999,69.9999,69.9999,69.9999,69.9999,69.9999,69.9999,69.9999,69.9999,69.9999,69.9999,69.9999,69.9999,69.9999,69.9999,69.9999,69.9999,69.9999,69.9999,69.9999,69.9999,69.9999,69.9999,69.9999,69.9999,69.9999,69.9999,69.9999,69.9999,69.9999,69.9999,69.9999,69.9999,69.9999,69.9999,69.9999,69.9999,69.9999,69.9999,69.9999,69.9999,69.9999,69.9999,69.9999,69.9999,69.9999,69.9999,69.9999,69.9999,69.9999,69.9999,69.9999,69.9999,69.9999,69.9999,69.9999,69.9999,69.9999,69.9999,69.9999,69.9999,69.9999,69.9999,69.9999,69.9999,69.9999,69.9999,69.9999,69.9999,69.9999,69.9999,69.9999,69.9999,69.9999,69.9999,69.9999,69.9999,69.9999,69.9999,69.9999,69.9999,69.9999,69.9999,69.9999,69.9999,69.9999,69.9999,69.9999,69.9999,69.9999,69.9999,69.9999,69.9999,69.9999,69.9999,69.9999,69.9999,69.9999,69.9999,69.9999,69.9999,69.9999,69.9999,69.9999,69.9999,69.9999,69.9999,69.9999,69.9999,69.9999,69.9999,69.9999,69.9999,69.9999,69.9999,69.9999,69.9999,69.9999,69.9999,69.9999,69.9999,69.9999,69.9999,69.9999,69.9999,69.9999,69.9999,69.9999,69.9999,69.9999,69.9999,69.9999,69.9999,69.9999,69.9999,69.9999,69.9999,69.9999,69.9999,69.9999,69.9999,69.9999,69.9999,69.9999,69.9999,69.9999,69.9999,60.9594,60.9149,60.8704,60.8259,60.7813,60.7366,60.6920,60.6473,60.6026,60.5578,60.5131,60.4684,60.4237,60.3790,60.3343,60.2896,60.2450,60.2004,60.1559,60.1114,60.0670,60.0227,59.9784,59.9343,59.8903,59.8463,59.8025,59.7588,59.7153,59.6719,59.6287,59.5856,59.5427,59.5000,59.4575,59.4152,59.3731,59.3313,59.2897,59.2483,59.2072,59.1664,59.1259,59.0856,59.0457,59.0061,58.9668,58.9279,58.8893,58.8512,58.8133,58.7759,58.7389,58.7023,58.6661,58.6304,58.5952,58.5604,58.5261,58.4922,58.4589,58.4262,58.3939,58.3622,58.3311,58.3005,58.2706,58.2412,58.2124,58.1843,58.1568,58.1300,58.1038,58.0783,58.0535,58.0295,58.0061,57.9834,57.9615,57.9404,57.9200,57.9005,57.8817,57.8637,57.8465,57.8301,57.8146,57.8000,57.7862,57.7733,57.7612,57.7501,57.7398,57.7305,57.7221,57.7146,57.7081,57.7026,57.6980,57.6943,57.6917,57.6900,57.6893,57.6897,57.6910,57.6934,57.6967,57.7012,57.7066,57.7131,57.7206,57.7292,57.7388,57.7496,57.7613,57.7742,57.7881,57.8031,57.8191,57.8362,57.8545,57.8738,57.8942,57.9156,57.9382,57.9618,57.9866,58.0124,58.0393,58.0673,58.0963,58.1265,58.1577,58.1900,58.2233,58.2578,58.2933,58.3298,58.3675,58.4061,58.4459,58.4866,58.5284,58.5713,58.6151,58.6600,58.7059,58.7528,58.8007,58.8497,58.8996,58.9504,59.0023,59.0551,59.1089,59.1636,59.2192,59.2758,59.3334,59.3918,59.4511,59.5114,59.5725,59.6345,59.6974,59.7611,59.8257,59.8911,59.9574,60.0244,60.0923,60.1610,60.2305,60.3008,60.3718,60.4436,60.5162,60.5895,60.6636,60.7383,60.8138,60.8900,60.9669,61.0444,61.1227,61.2016,61.2812,61.3614,61.4423,61.5237,61.6059,61.6886,61.7719,61.8558,61.9404,62.0254,62.1111,62.1973,62.2841,62.3714,62.4593,62.5477,62.6366,62.7261,62.8160,62.9065,62.9974,63.0888,63.1807,63.2731,63.3660,63.4593,63.5531,63.6473,63.7420,63.8371,63.9327,64.0287,64.1251,64.2219,64.3192,64.4169,64.5150,64.6134,64.7123,64.8116,64.9113,65.0114,65.1118,65.2127,65.3139,65.4155,65.5175,65.6199,65.7226,65.8257,65.9292,66.0330,66.1373,66.2418,66.3468,66.4521,66.5578,66.6638,66.7702,66.8770,66.9841,67.0916,67.1994,67.3076,67.4162,67.5251,67.6344,67.7440,67.8540,67.9644,68.0751,68.1863,68.2977,68.4096,68.5218,68.6344,68.7473,68.8606,68.9743,69.0884,69.2029,69.3177,69.4329,69.5485,69.6645,69.7809,69.8977,69.9852,69.8681,69.7515,69.6352,69.5193,69.4038,69.2887,69.1739,69.0596,68.9456,68.8320,68.7187,68.6059,68.4934,68.3813,68.2695,68.1582,68.0471,67.9365,67.8262,67.7163,67.6067,67.4975,67.3887,67.2802,67.1721,67.0644,66.9570,66.8500,66.7433,66.6370,66.5310,66.4255,66.3202,66.2154,66.1109,66.0068,65.9030,65.7996,65.6966,65.5940,65.4917,65.3898,65.2883,65.1871,65.0864,64.9860,64.8860,64.7864,64.6872,64.5884,64.4901,64.3921,64.2945,64.1973,64.1006,64.0043,63.9084,63.8129,63.7179,63.6233,63.5292,63.4355,63.3423,63.2496,63.1573,63.0655,62.9742,62.8833,62.7930,62.7032,62.6138,62.5250,62.4368,62.3490,62.2618,62.1751,62.0890,62.0035,61.9185,61.8342,61.7504,61.6672,61.5846,61.5026,61.4212,61.3405,61.2604,61.1810,61.1023,61.0241,60.9467,60.8700,60.7940,60.7186,60.6440,60.5702,60.4970,60.4246,60.3530,60.2821,60.2120,60.1427,60.0742,60.0065,59.9396,59.8735,59.8082,59.7438,59.6803,59.6176,59.5558,59.4949,59.4349,59.3757,59.3175,59.2602,59.2038,59.1484,59.0939,59.0403,58.9877,58.9361,58.8855,58.8358,58.7871,58.7395,58.6928,58.6471,58.6025,58.5589,58.5163,58.4747,58.4342,58.3948,58.3564,58.3190,58.2827,58.2475,58.2133,58.1802,58.1482,58.1173,58.0874,58.0587,58.0310,58.0044,57.9789,57.9544,57.9311,57.9088,57.8877,57.8676,57.8486,57.8307,57.8139,57.7981,57.7835,57.7699,57.7574,57.7460,57.7356,57.7263,57.7180,57.7108,57.7047,57.6996,57.6955,57.6924,57.6904,57.6894,57.6895,57.6905,57.6925,57.6955,57.6995,57.7044,57.7103,57.7172,57.7250,57.7338,57.7435,57.7540,57.7655,57.7779,57.7912,57.8054,57.8204,57.8362,57.8529,57.8704,57.8888,57.9079,57.9279,57.9486,57.9701,57.9923,58.0153,58.0390,58.0634,58.0886,58.1144,58.1409,58.1681,58.1959,58.2244,58.2534,58.2831,58.3134,58.3443,58.3758,58.4078,58.4403,58.4734,58.5070,58.5412,58.5758,58.6109,58.6464,58.6824,58.7189,58.7558,58.7931,58.8308,58.8689,58.9073,58.9462,58.9854,59.0249,59.0648,59.1049,59.1454,59.1862,59.2273,59.2686,59.3102,59.3520,59.3941,59.4364,59.4789,59.5217,59.5646,59.6077,59.6510,59.6944,59.7380,59.7817,59.8256,59.8696,59.9137,59.9579,60.0023,60.0467,60.0912,60.1357,60.1803,60.2250,60.2698,60.3145,60.3593,60.4042,60.4490,60.4939,60.5387,60.5836,60.6284,60.6732,60.7180,60.7628,60.8076,60.8522,60.8969,60.9415,60.9594\right]
v_{turn}=\left[3937008.0000,3937008.0000,3937008.0000,3937008.0000,3937008.0000,3937008.0000,3937008.0000,3937008.0000,3937008.0000,3937008.0000,3937008.0000,3937008.0000,3937008.0000,3937008.0000,3937008.0000,3937008.0000,3937008.0000,3937008.0000,3937008.0000,3937008.0000,3937008.0000,3937008.0000,3937008.0000,3937008.0000,3937008.0000,3937008.0000,3937008.0000,3937008.0000,3937008.0000,3937008.0000,3937008.0000,3937008.0000,3937008.0000,3937008.0000,3937008.0000,3937008.0000,3937008.0000,3937008.0000,3937008.0000,3937008.0000,3937008.0000,3937008.0000,3937008.0000,3937008.0000,3937008.0000,3937008.0000,3937008.0000,3937008.0000,3937008.0000,3937008.0000,3937008.0000,3937008.0000,3937008.0000,3937008.0000,3937008.0000,3937008.0000,3937008.0000,3937008.0000,3937008.0000,3937008.0000,3937008.0000,3937008.0000,3937008.0000,3937008.0000,3937008.0000,3937008.0000,3937008.0000,3937008.0000,3937008.0000,3937008.0000,3937008.0000,3937008.0000,3937008.0000,3937008.0000,3937008.0000,3937008.0000,3937008.0000,3937008.0000,3937008.0000,3937008.0000,3937008.0000,3937008.0000,3937008.0000,3937008.0000,3937008.0000,3937008.0000,3937008.0000,3937008.0000,3937008.0000,3937008.0000,3937008.0000,3937008.0000,3937008.0000,3937008.0000,3937008.0000,3937008.0000,3937008.0000,3937008.0000,3937008.0000,3937008.0000,3937008.0000,3937008.0000,3937008.0000,3937008.0000,3937008.0000,3937008.0000,3937008.0000,3937008.0000,3937008.0000,3937008.0000,3937008.0000,3937008.0000,3937008.0000,3937008.0000,3937008.0000,3937008.0000,3937008.0000,3937008.0000,3937008.0000,3937008.0000,3937008.0000,3937008.0000,3937008.0000,3937008.0000,3937008.0000,3937008.0000,3937008.0000,3937008.0000,3937008.0000,3937008.0000,3937008.0000,3937008.0000,3937008.0000,3937008.0000,3937008.0000,3937008.0000,3937008.0000,3937008.0000,3937008.0000,3937008.0000,3937008.0000,3937008.0000,3937008.0000,3937008.0000,3937008.0000,3937008.0000,3937008.0000,3937008.0000,3937008.0000,3937008.0000,3937008.0000,3937008.0000,3937008.0000,3937008.0000,3937008.0000,3937008.0000,3937008.0000,3937008.0000,3937008.0000,3937008.0000,3937008.0000,3937008.0000,3937008.0000,3937008.0000,3937008.0000,3937008.0000,3937008.0000,3937008.0000,3937008.0000,3937008.0000,3937008.0000,3937008.0000,3937008.0000,3937008.0000,3937008.0000,3937008.0000,3937008.0000,3937008.0000,3937008.0000,3937008.0000,3937008.0000,3937008.0000,3937008.0000,3937008.0000,3937008.0000,3937008.0000,3937008.0000,3937008.0000,3937008.0000,3937008.0000,3937008.0000,3937008.0000,3937008.0000,3937008.0000,3937008.0000,3937008.0000,3937008.0000,3937008.0000,3937008.0000,3937008.0000,3937008.0000,3937008.0000,3937008.0000,3937008.0000,3937008.0000,3937008.0000,3937008.0000,3937008.0000,3937008.0000,3937008.0000,3937008.0000,3937008.0000,3937008.0000,3937008.0000,3937008.0000,3937008.0000,3937008.0000,3937008.0000,3937008.0000,3937008.0000,3937008.0000,3937008.0000,3937008.0000,3937008.0000,3937008.0000,3937008.0000,3937008.0000,3937008.0000,3937008.0000,3937008.0000,3937008.0000,3937008.0000,3937008.0000,3937008.0000,3937008.0000,3937008.0000,35.3998,35.2010,35.0038,34.8083,34.6145,34.4224,34.2321,34.0434,33.8564,33.6712,33.4877,33.3059,33.1258,32.9475,32.7709,32.5961,32.4229,32.2516,32.0819,31.9141,31.7479,31.5836,31.4210,31.2601,31.1011,30.9438,30.7883,30.6346,30.4826,30.3325,30.1842,30.0376,29.8929,29.7500,29.6088,29.4696,29.3321,29.1964,29.0626,28.9307,28.8005,28.6722,28.5458,28.4212,28.2985,28.1776,28.0587,27.9416,27.8264,27.7130,27.6016,27.4921,27.3845,27.2787,27.1750,27.0731,26.9732,26.8751,26.7791,26.6850,26.5928,26.5026,26.4144,26.3282,26.2439,26.1617,26.0814,26.0032,25.9269,25.8527,25.7805,25.7104,25.6423,25.5762,25.5123,25.4504,25.3905,25.3328,25.2772,25.2237,25.1723,25.1230,25.0759,25.0310,24.9882,24.9475,24.9091,24.8729,24.8389,24.8071,24.7775,24.7502,24.7251,24.7023,24.6819,24.6637,24.6478,24.6343,24.6231,24.6143,24.6078,24.6038,24.6022,24.6030,24.6062,24.6119,24.6201,24.6309,24.6441,24.6599,24.6782,24.6992,24.7227,24.7489,24.7778,24.8093,24.8435,24.8805,24.9202,24.9627,25.0080,25.0562,25.1072,25.1612,25.2181,25.2779,25.3407,25.4066,25.4756,25.5476,25.6228,25.7012,25.7828,25.8676,25.9558,26.0473,26.1422,26.2406,26.3424,26.4478,26.5568,26.6694,26.7857,26.9058,27.0297,27.1575,27.2892,27.4249,27.5647,27.7086,27.8568,28.0092,28.1660,28.3273,28.4930,28.6634,28.8385,29.0184,29.2032,29.3930,29.5878,29.7879,29.9933,30.2041,30.4205,30.6425,30.8703,31.1041,31.3439,31.5900,31.8425,32.1015,32.3671,32.6397,32.9193,33.2061,33.5003,33.8022,34.1119,34.4296,34.7557,35.0902,35.4336,35.7860,36.1476,36.5189,36.9001,37.2916,37.6936,38.1064,38.5305,38.9663,39.4141,39.8744,40.3475,40.8341,41.3345,41.8493,42.3790,42.9242,43.4855,44.0636,44.6591,45.2728,45.9054,46.5576,47.2304,47.9247,48.6415,49.3816,50.1463,50.9367,51.7541,52.5997,53.4749,54.3814,55.3206,56.2943,57.3043,58.3527,59.4416,60.5733,61.7504,62.9754,64.2513,65.5813,66.9688,68.4176,69.9316,71.5153,73.1736,74.9118,76.7356,78.6516,80.6669,82.7891,85.0271,87.3904,89.8898,92.5374,95.3465,98.3325,101.5124,104.9056,108.5342,112.4239,116.6035,121.1065,125.9720,131.2454,136.9802,143.2397,150.0996,157.6503,166.0013,175.2871,185.6738,197.3695,210.6380,225.8194,243.3598,263.8546,288.1193,317.2992,353.0562,397.8954,455.7814,533.3791,642.8184,808.7611,1090.1997,1672.0380,3585.7466,24808.5801,2781.6064,1473.4158,1002.1188,759.2545,611.1454,511.3882,439.6269,385.5281,343.2850,309.3849,281.5787,258.3589,238.6771,221.7819,207.1209,194.2785,182.9358,172.8450,163.8096,155.6723,148.3056,141.6051,135.4844,129.8717,124.7060,119.9362,115.5184,111.4151,107.5938,104.0267,100.6894,97.5602,94.6204,91.8535,89.2446,86.7806,84.4499,82.2421,80.1476,78.1581,76.2659,74.4642,72.7467,71.1077,69.5420,68.0448,66.6120,65.2392,63.9231,62.6603,61.4476,60.2823,59.1616,58.0831,57.0445,56.0438,55.0789,54.1481,53.2497,52.3820,51.5437,50.7332,49.9494,49.1909,48.4567,47.7457,47.0569,46.3893,45.7421,45.1143,44.5052,43.9141,43.3403,42.7830,42.2417,41.7158,41.2046,40.7077,40.2245,39.7546,39.2975,38.8527,38.4198,37.9985,37.5884,37.1890,36.8002,36.4215,36.0526,35.6932,35.3431,35.0019,34.6695,34.3455,34.0297,33.7220,33.4220,33.1296,32.8446,32.5668,32.2959,32.0319,31.7746,31.5237,31.2792,31.0408,30.8086,30.5821,30.3615,30.1465,29.9371,29.7330,29.5342,29.3406,29.1521,28.9685,28.7898,28.6159,28.4467,28.2820,28.1219,27.9662,27.8148,27.6677,27.5249,27.3861,27.2514,27.1207,26.9939,26.8710,26.7519,26.6365,26.5248,26.4168,26.3123,26.2114,26.1139,26.0199,25.9293,25.8420,25.7580,25.6773,25.5998,25.5255,25.4543,25.3862,25.3212,25.2592,25.2001,25.1441,25.0910,25.0408,24.9935,24.9490,24.9073,24.8684,24.8322,24.7988,24.7681,24.7401,24.7147,24.6920,24.6719,24.6543,24.6394,24.6270,24.6171,24.6097,24.6048,24.6024,24.6025,24.6049,24.6098,24.6171,24.6268,24.6388,24.6532,24.6699,24.6890,24.7103,24.7340,24.7599,24.7881,24.8185,24.8512,24.8862,24.9233,24.9626,25.0042,25.0479,25.0938,25.1418,25.1920,25.2444,25.2988,25.3554,25.4141,25.4749,25.5378,25.6027,25.6698,25.7389,25.8100,25.8832,25.9585,26.0357,26.1150,26.1963,26.2797,26.3650,26.4523,26.5416,26.6328,26.7261,26.8213,26.9184,27.0176,27.1186,27.2216,27.3266,27.4334,27.5422,27.6529,27.7655,27.8800,27.9964,28.1147,28.2349,28.3569,28.4809,28.6067,28.7344,28.8639,28.9953,29.1285,29.2636,29.4005,29.5393,29.6799,29.8223,29.9666,30.1126,30.2605,30.4102,30.5617,30.7150,30.8701,31.0270,31.1856,31.3461,31.5083,31.6723,31.8381,32.0056,32.1749,32.3460,32.5189,32.6934,32.8698,33.0478,33.2277,33.4092,33.5925,33.7775,33.9643,34.1527,34.3429,34.5348,34.7285,34.9238,35.1209,35.3196,35.4000\right]
v_{friction}=\left[8719.3838,8719.3838,8719.3838,8719.3838,8719.3838,8719.3838,8719.3838,8719.3838,8719.3838,8719.3838,8719.3838,8719.3838,8719.3838,8719.3838,8719.3838,8719.3838,8719.3838,8719.3838,8719.3838,8719.3838,8719.3838,8719.3838,8719.3838,8719.3838,8719.3838,8719.3838,8719.3838,8719.3838,8719.3838,8719.3838,8719.3838,8719.3838,8719.3838,8719.3838,8719.3838,8719.3838,8719.3838,8719.3838,8719.3838,8719.3838,8719.3838,8719.3838,8719.3838,8719.3838,8719.3838,8719.3838,8719.3838,8719.3838,8719.3838,8719.3838,8719.3838,8719.3838,8719.3838,8719.3838,8719.3838,8719.3838,8719.3838,8719.3838,8719.3838,8719.3838,8719.3838,8719.3838,8719.3838,8719.3838,8719.3838,8719.3838,8719.3838,8719.3838,8719.3838,8719.3838,8719.3838,8719.3838,8719.3838,8719.3838,8719.3838,8719.3838,8719.3838,8719.3838,8719.3838,8719.3838,8719.3838,8719.3838,8719.3838,8719.3838,8719.3838,8719.3838,8719.3838,8719.3838,8719.3838,8719.3838,8719.3838,8719.3838,8719.3838,8719.3838,8719.3838,8719.3838,8719.3838,8719.3838,8719.3838,8719.3838,8719.3838,8719.3838,8719.3838,8719.3838,8719.3838,8719.3838,8719.3838,8719.3838,8719.3838,8719.3838,8719.3838,8719.3838,8719.3838,8719.3838,8719.3838,8719.3838,8719.3838,8719.3838,8719.3838,8719.3838,8719.3838,8719.3838,8719.3838,8719.3838,8719.3838,8719.3838,8719.3838,8719.3838,8719.3838,8719.3838,8719.3838,8719.3838,8719.3838,8719.3838,8719.3838,8719.3838,8719.3838,8719.3838,8719.3838,8719.3838,8719.3838,8719.3838,8719.3838,8719.3838,8719.3838,8719.3838,8719.3838,8719.3838,8719.3838,8719.3838,8719.3838,8719.3838,8719.3838,8719.3838,8719.3838,8719.3838,8719.3838,8719.3838,8719.3838,8719.3838,8719.3838,8719.3838,8719.3838,8719.3838,8719.3838,8719.3838,8719.3838,8719.3838,8719.3838,8719.3838,8719.3838,8719.3838,8719.3838,8719.3838,8719.3838,8719.3838,8719.3838,8719.3838,8719.3838,8719.3838,8719.3838,8719.3838,8719.3838,8719.3838,8719.3838,8719.3838,8719.3838,8719.3838,8719.3838,8719.3838,8719.3838,8719.3838,8719.3838,8719.3838,8719.3838,8719.3838,8719.3838,8719.3838,8719.3838,8719.3838,8719.3838,8719.3838,8719.3838,8719.3838,8719.3838,8719.3838,8719.3838,8719.3838,8719.3838,8719.3838,8719.3838,8719.3838,8719.3838,8719.3838,8719.3838,8719.3838,8719.3838,8719.3838,8719.3838,8719.3838,8719.3838,8719.3838,8719.3838,8719.3838,8719.3838,8719.3838,8719.3838,8719.3838,8719.3838,8719.3838,8719.3838,8719.3838,8719.3838,8719.3838,8719.3838,8719.3838,26.1459,26.0723,25.9992,25.9265,25.8542,25.7824,25.7110,25.6401,25.5696,25.4995,25.4299,25.3608,25.2922,25.2240,25.1563,25.0891,25.0224,24.9562,24.8905,24.8253,24.7606,24.6964,24.6327,24.5696,24.5070,24.4450,24.3835,24.3225,24.2621,24.2023,24.1431,24.0844,24.0263,23.9688,23.9119,23.8556,23.7998,23.7447,23.6903,23.6364,23.5832,23.5306,23.4787,23.4274,23.3768,23.3268,23.2775,23.2289,23.1809,23.1337,23.0871,23.0413,22.9961,22.9517,22.9080,22.8650,22.8228,22.7813,22.7405,22.7005,22.6613,22.6228,22.5852,22.5483,22.5122,22.4769,22.4423,22.4087,22.3758,22.3437,22.3125,22.2821,22.2526,22.2239,22.1961,22.1692,22.1431,22.1179,22.0936,22.0702,22.0477,22.0262,22.0055,21.9858,21.9670,21.9491,21.9322,21.9162,21.9012,21.8872,21.8742,21.8621,21.8510,21.8410,21.8319,21.8239,21.8168,21.8108,21.8059,21.8020,21.7991,21.7973,21.7966,21.7970,21.7984,21.8010,21.8046,21.8093,21.8152,21.8222,21.8303,21.8396,21.8500,21.8615,21.8743,21.8882,21.9033,21.9196,21.9371,21.9558,21.9757,21.9968,22.0192,22.0429,22.0678,22.0939,22.1214,22.1501,22.1802,22.2115,22.2442,22.2781,22.3135,22.3502,22.3882,22.4277,22.4685,22.5107,22.5544,22.5994,22.6459,22.6939,22.7433,22.7943,22.8467,22.9006,22.9561,23.0131,23.0717,23.1318,23.1936,23.2570,23.3220,23.3886,23.4570,23.5270,23.5988,23.6722,23.7475,23.8245,23.9034,23.9841,24.0666,24.1510,24.2374,24.3257,24.4159,24.5082,24.6025,24.6989,24.7974,24.8980,25.0008,25.1059,25.2132,25.3228,25.4347,25.5491,25.6658,25.7851,25.9069,26.0313,26.1583,26.2881,26.4206,26.5559,26.6942,26.8354,26.9796,27.1270,27.2775,27.4314,27.5885,27.7491,27.9133,28.0811,28.2526,28.4280,28.6074,28.7908,28.9784,29.1704,29.3669,29.5680,29.7738,29.9846,30.2005,30.4216,30.6483,30.8806,31.1188,31.3630,31.6137,31.8709,32.1350,32.4062,32.6848,32.9712,33.2657,33.5686,33.8804,34.2014,34.5321,34.8729,35.2244,35.5871,35.9616,36.3485,36.7485,37.1623,37.5907,38.0345,38.4947,38.9723,39.4685,39.9843,40.5211,41.0804,41.6637,42.2728,42.9097,43.5764,44.2754,45.0093,45.7811,46.5942,47.4524,48.3600,49.3219,50.3436,51.4318,52.5938,53.8384,55.1760,56.6185,58.1805,59.8795,61.7366,63.7780,66.0364,68.5531,71.3814,74.5914,78.2775,82.5704,87.6571,93.8169,101.4894,111.4158,124.9720,145.0961,179.6908,263.1434,692.1554,231.7664,168.6807,139.1113,121.0867,108.6363,99.3752,92.1393,86.2841,81.4198,77.2951,73.7399,70.6341,67.8904,65.4434,63.2433,61.2513,59.4363,57.7738,56.2435,54.8287,53.5157,52.2928,51.1502,50.0795,49.0734,48.1258,47.2311,46.3847,45.5823,44.8203,44.0955,43.4049,42.7460,42.1163,41.5139,40.9368,40.3834,39.8520,39.3412,38.8499,38.3767,37.9207,37.4808,37.0562,36.6460,36.2493,35.8657,35.4942,35.1343,34.7855,34.4473,34.1191,33.8004,33.4909,33.1902,32.8978,32.6133,32.3366,32.0672,31.8049,31.5493,31.3003,31.0576,30.8209,30.5900,30.3648,30.1449,29.9303,29.7208,29.5161,29.3162,29.1209,28.9300,28.7434,28.5610,28.3826,28.2082,28.0376,27.8707,27.7074,27.5477,27.3913,27.2383,27.0886,26.9420,26.7985,26.6580,26.5205,26.3858,26.2540,26.1249,25.9985,25.8748,25.7536,25.6349,25.5187,25.4050,25.2936,25.1846,25.0778,24.9733,24.8711,24.7709,24.6730,24.5771,24.4833,24.3915,24.3017,24.2139,24.1280,24.0440,23.9619,23.8817,23.8033,23.7267,23.6519,23.5788,23.5075,23.4379,23.3700,23.3037,23.2391,23.1761,23.1148,23.0550,22.9968,22.9402,22.8851,22.8316,22.7795,22.7290,22.6799,22.6323,22.5862,22.5415,22.4982,22.4563,22.4159,22.3768,22.3391,22.3028,22.2678,22.2342,22.2019,22.1709,22.1412,22.1128,22.0857,22.0599,22.0354,22.0121,21.9901,21.9693,21.9497,21.9314,21.9142,21.8983,21.8836,21.8700,21.8576,21.8464,21.8364,21.8275,21.8197,21.8131,21.8076,21.8032,21.8000,21.7978,21.7967,21.7968,21.7978,21.8000,21.8032,21.8075,21.8129,21.8192,21.8266,21.8350,21.8445,21.8549,21.8664,21.8788,21.8923,21.9067,21.9221,21.9384,21.9557,21.9740,21.9932,22.0133,22.0344,22.0564,22.0793,22.1031,22.1278,22.1534,22.1799,22.2072,22.2354,22.2645,22.2945,22.3253,22.3569,22.3894,22.4227,22.4568,22.4917,22.5275,22.5640,22.6013,22.6395,22.6783,22.7180,22.7584,22.7996,22.8416,22.8842,22.9277,22.9718,23.0167,23.0623,23.1086,23.1556,23.2033,23.2516,23.3007,23.3505,23.4009,23.4520,23.5037,23.5561,23.6091,23.6628,23.7171,23.7721,23.8276,23.8838,23.9405,23.9979,24.0559,24.1144,24.1736,24.2333,24.2936,24.3544,24.4158,24.4778,24.5403,24.6033,24.6669,24.7310,24.7957,24.8608,24.9265,24.9927,25.0594,25.1266,25.1942,25.2624,25.3310,25.4001,25.4697,25.5397,25.6102,25.6812,25.7526,25.8245,25.8968,25.9695,26.0427,26.1162,26.1459\right]
v_{forward}=\left[0.0000,6.0237,8.5188,10.4333,12.0474,13.4694,14.7550,15.9372,17.0376,18.0711,19.0486,19.9783,20.8667,21.7187,22.5386,23.3296,24.0947,24.8363,25.5563,26.2566,26.9387,27.6040,28.2536,28.8886,29.5099,30.1184,30.7149,31.3000,31.8743,32.4385,32.9931,33.5385,34.0751,34.6034,35.1238,35.6343,36.1311,36.6152,37.0870,37.5472,37.9965,38.4352,38.8638,39.2829,39.6928,40.0939,40.4866,40.8712,41.2480,41.6173,41.9794,42.3345,42.6830,43.0249,43.3607,43.6904,44.0142,44.3324,44.6451,44.9525,45.2548,45.5520,45.8445,46.1322,46.4153,46.6940,46.9684,47.2385,47.5046,47.7667,48.0248,48.2792,48.5299,48.7770,49.0206,49.2607,49.4975,49.7311,49.9614,50.1886,50.4128,50.6339,50.8522,51.0676,51.2802,51.4900,51.6972,51.9017,52.1037,52.3032,52.5002,52.6948,52.8870,53.0768,53.2644,53.4498,53.6329,53.8139,53.9928,54.1696,54.3444,54.5172,54.6880,54.8568,55.0238,55.1889,55.3521,55.5136,55.6733,55.8312,55.9874,56.1420,56.2948,56.4461,56.5957,56.7437,56.8902,57.0352,57.1786,57.3206,57.4611,57.6002,57.7378,57.8741,58.0089,58.1424,58.2746,58.4054,58.5350,58.6633,58.7903,58.9160,59.0406,59.1639,59.2860,59.4070,59.5268,59.6454,59.7629,59.8794,59.9947,60.1089,60.2220,60.3341,60.4452,60.5552,60.6642,60.7722,60.8792,60.9853,61.0903,61.1944,61.2976,61.3999,61.5012,61.6016,61.7011,61.7997,61.8975,61.9944,62.0904,62.1856,62.2800,62.3736,62.4663,62.5582,62.6493,62.7397,62.8292,62.9180,63.0060,63.0933,63.1799,63.2657,63.3507,63.4351,63.5188,63.6017,63.6840,63.7655,63.8464,63.9266,64.0062,64.0851,64.1633,64.2409,64.3179,64.3942,64.4699,64.5450,64.6195,64.6934,64.7667,64.8393,64.9114,64.9830,65.0539,65.1243,65.1941,65.2634,65.3321,65.4002,65.4679,65.5350,65.6015,65.6676,65.7331,65.7981,65.8626,65.9266,65.9901,66.0531,66.1156,66.1776,66.2391,66.3002,66.3608,66.4209,66.4806,66.5398,66.5986,66.6569,66.7148,66.7722,66.8292,66.8857,66.9419,66.9976,67.0529,67.1077,67.1622,67.2163,67.2699,67.3231,67.3760,67.4284,26.1459,26.0723,25.9992,25.9265,25.8542,25.7824,25.7110,25.6401,25.5696,25.4995,25.4299,25.3608,25.2922,25.2240,25.1563,25.0891,25.0224,24.9562,24.8905,24.8253,24.7606,24.6964,24.6327,24.5696,24.5070,24.4450,24.3835,24.3225,24.2621,24.2023,24.1431,24.0844,24.0263,23.9688,23.9119,23.8556,23.7998,23.7447,23.6903,23.6364,23.5832,23.5306,23.4787,23.4274,23.3768,23.3268,23.2775,23.2289,23.1809,23.1337,23.0871,23.0413,22.9961,22.9517,22.9080,22.8650,22.8228,22.7813,22.7405,22.7005,22.6613,22.6228,22.5852,22.5483,22.5122,22.4769,22.4423,22.4087,22.3758,22.3437,22.3125,22.2821,22.2526,22.2239,22.1961,22.1692,22.1431,22.1179,22.0936,22.0702,22.0477,22.0262,22.0055,21.9858,21.9670,21.9491,21.9322,21.9162,21.9012,21.8872,21.8742,21.8621,21.8510,21.8410,21.8319,21.8239,21.8168,21.8108,21.8059,21.8020,21.7991,21.7973,21.7966,21.7970,21.7984,21.8010,21.8046,21.8093,21.8152,21.8222,21.8303,21.8396,21.8500,21.8615,21.8743,21.8882,21.9033,21.9196,21.9371,21.9558,21.9757,21.9968,22.0192,22.0429,22.0678,22.0939,22.1214,22.1501,22.1802,22.2115,22.2442,22.2781,22.3135,22.3502,22.3882,22.4277,22.4685,22.5107,22.5544,22.5994,22.6459,22.6939,22.7433,22.7943,22.8467,22.9006,22.9561,23.0131,23.0717,23.1318,23.1936,23.2570,23.3220,23.3886,23.4570,23.5270,23.5988,23.6722,23.7475,23.8245,23.9034,23.9841,24.0666,24.1510,24.2374,24.3257,24.4159,24.5082,24.6025,24.6989,24.7974,24.8980,25.0008,25.1059,25.2132,25.3228,25.4347,25.5491,25.6658,25.7851,25.9069,26.0313,26.1583,26.2881,26.4206,26.5559,26.6942,26.8354,26.9796,27.1270,27.2775,27.4314,27.5885,27.7491,27.9133,28.0811,28.2526,28.4280,28.6074,28.7908,28.9784,29.1704,29.3661,29.5632,29.7616,29.9614,30.1628,30.3657,30.5701,30.7763,30.9842,31.1939,31.4054,31.6189,31.8345,32.0521,32.2719,32.4940,32.7184,32.9453,33.1748,33.4069,33.6418,33.8796,34.1204,34.3643,34.6115,34.8621,35.1163,35.3743,35.6361,35.9020,36.1723,36.4470,36.7265,37.0109,37.3006,37.5957,37.8967,38.2038,38.5174,38.8379,39.1657,39.5012,39.8449,40.1975,40.5594,40.9315,41.3070,41.6752,42.0362,42.3902,42.7376,43.0786,43.4134,43.7421,44.0651,44.3824,44.6942,45.0008,45.3023,45.5988,45.8904,46.1774,46.4598,46.7378,47.0115,47.2810,47.5464,47.8079,48.0654,48.3192,48.5694,48.8159,49.0589,49.2985,49.5348,49.7678,49.9977,50.2244,50.4480,50.6687,50.8865,51.1015,51.3136,51.5231,51.7298,51.9340,52.1355,52.3346,52.5312,52.7254,52.9172,53.1068,53.2940,52.2928,51.1502,50.0795,49.0734,48.1258,47.2311,46.3847,45.5823,44.8203,44.0955,43.4049,42.7460,42.1163,41.5139,40.9368,40.3834,39.8520,39.3412,38.8499,38.3767,37.9207,37.4808,37.0562,36.6460,36.2493,35.8657,35.4942,35.1343,34.7855,34.4473,34.1191,33.8004,33.4909,33.1902,32.8978,32.6133,32.3366,32.0672,31.8049,31.5493,31.3003,31.0576,30.8209,30.5900,30.3648,30.1449,29.9303,29.7208,29.5161,29.3162,29.1209,28.9300,28.7434,28.5610,28.3826,28.2082,28.0376,27.8707,27.7074,27.5477,27.3913,27.2383,27.0886,26.9420,26.7985,26.6580,26.5205,26.3858,26.2540,26.1249,25.9985,25.8748,25.7536,25.6349,25.5187,25.4050,25.2936,25.1846,25.0778,24.9733,24.8711,24.7709,24.6730,24.5771,24.4833,24.3915,24.3017,24.2139,24.1280,24.0440,23.9619,23.8817,23.8033,23.7267,23.6519,23.5788,23.5075,23.4379,23.3700,23.3037,23.2391,23.1761,23.1148,23.0550,22.9968,22.9402,22.8851,22.8316,22.7795,22.7290,22.6799,22.6323,22.5862,22.5415,22.4982,22.4563,22.4159,22.3768,22.3391,22.3028,22.2678,22.2342,22.2019,22.1709,22.1412,22.1128,22.0857,22.0599,22.0354,22.0121,21.9901,21.9693,21.9497,21.9314,21.9142,21.8983,21.8836,21.8700,21.8576,21.8464,21.8364,21.8275,21.8197,21.8131,21.8076,21.8032,21.8000,21.7978,21.7967,21.7968,21.7978,21.8000,21.8032,21.8075,21.8129,21.8192,21.8266,21.8350,21.8445,21.8549,21.8664,21.8788,21.8923,21.9067,21.9221,21.9384,21.9557,21.9740,21.9932,22.0133,22.0344,22.0564,22.0793,22.1031,22.1278,22.1534,22.1799,22.2072,22.2354,22.2645,22.2945,22.3253,22.3569,22.3894,22.4227,22.4568,22.4917,22.5275,22.5640,22.6013,22.6395,22.6783,22.7180,22.7584,22.7996,22.8416,22.8842,22.9277,22.9718,23.0167,23.0623,23.1086,23.1556,23.2033,23.2516,23.3007,23.3505,23.4009,23.4520,23.5037,23.5561,23.6091,23.6628,23.7171,23.7721,23.8276,23.8838,23.9405,23.9979,24.0559,24.1144,24.1736,24.2333,24.2936,24.3544,24.4158,24.4778,24.5403,24.6033,24.6669,24.7310,24.7957,24.8608,24.9265,24.9927,25.0594,25.1266,25.1942,25.2624,25.3310,25.4001,25.4697,25.5397,25.6102,25.6812,25.7526,25.8245,25.8968,25.9695,26.0427,26.1162,0.0000\right]
v_{backward}=\left[0.0000,6.0237,8.5188,10.4333,12.0474,13.4694,14.7550,15.9372,17.0376,18.0711,19.0486,19.9783,20.8667,21.7187,22.5386,23.3296,24.0947,24.8363,25.5563,26.2566,26.9387,27.6040,28.2536,28.8886,29.5099,30.1184,30.7149,31.3000,31.8743,32.4385,32.9931,33.5385,34.0751,34.6034,35.1238,35.6343,36.1311,36.6152,37.0870,37.5472,37.9965,38.4352,38.8638,39.2829,39.6928,40.0939,40.4866,40.8712,41.2480,41.6173,41.9794,42.3345,42.6830,43.0249,43.3607,43.6904,44.0142,44.3324,44.6451,44.9525,45.2548,45.5520,45.8445,46.1322,46.4153,46.6940,46.9684,47.2385,47.5046,47.7667,48.0248,48.2792,48.5299,48.7770,49.0206,49.2607,49.4975,49.7311,49.9614,50.1886,50.4128,50.6339,50.8522,51.0676,51.2802,51.4900,51.6972,51.9017,52.1037,52.3032,52.5002,52.6948,52.8870,53.0768,53.2644,53.4498,53.6329,53.8139,53.9928,54.1696,54.3444,54.5172,54.6880,54.8568,55.0238,55.1889,55.3521,55.5136,55.6733,55.8312,55.9874,56.1420,56.2948,56.4461,56.5957,56.7437,56.8902,57.0352,57.1786,57.3206,57.4611,57.6002,57.7378,57.8741,58.0089,58.1424,58.0149,57.8801,57.7439,57.6063,57.4673,57.3269,57.1850,57.0416,56.8967,56.7503,56.6023,56.4528,56.3016,56.1488,55.9944,55.8382,55.6803,55.5207,55.3594,55.1962,55.0312,54.8643,54.6955,54.5248,54.3521,54.1775,54.0008,53.8220,53.6411,53.4580,53.2727,53.0852,52.8955,52.7034,52.5089,52.3120,52.1127,51.9108,51.7064,51.4993,51.2896,51.0771,50.8618,50.6437,50.4227,50.1986,49.9716,49.7414,49.5080,49.2713,49.0313,48.7879,48.5410,48.2904,48.0362,47.7782,47.5163,47.2504,46.9805,46.7063,46.4278,46.1449,45.8573,45.5651,45.2681,44.9661,44.6589,44.3464,44.0285,43.7049,43.3755,43.0400,42.6983,42.3501,41.9953,41.6366,41.2748,40.9097,40.5414,40.1697,39.7945,39.4158,39.0334,38.6472,38.2571,37.8630,37.4647,37.0622,36.6552,36.2437,35.8274,35.4063,34.9801,34.5486,34.1117,33.6691,33.2206,32.7659,32.3049,31.8372,31.3625,30.8805,30.3909,29.8933,29.3872,28.8722,28.3480,27.8138,27.2692,26.7134,26.1459,26.0723,25.9992,25.9265,25.8542,25.7824,25.7110,25.6401,25.5696,25.4995,25.4299,25.3608,25.2922,25.2240,25.1563,25.0891,25.0224,24.9562,24.8905,24.8253,24.7606,24.6964,24.6327,24.5696,24.5070,24.4450,24.3835,24.3225,24.2621,24.2023,24.1431,24.0844,24.0263,23.9688,23.9119,23.8556,23.7998,23.7447,23.6903,23.6364,23.5832,23.5306,23.4787,23.4274,23.3768,23.3268,23.2775,23.2289,23.1809,23.1337,23.0871,23.0413,22.9961,22.9517,22.9080,22.8650,22.8228,22.7813,22.7405,22.7005,22.6613,22.6228,22.5852,22.5483,22.5122,22.4769,22.4423,22.4087,22.3758,22.3437,22.3125,22.2821,22.2526,22.2239,22.1961,22.1692,22.1431,22.1179,22.0936,22.0702,22.0477,22.0262,22.0055,21.9858,21.9670,21.9491,21.9322,21.9162,21.9012,21.8872,21.8742,21.8621,21.8510,21.8410,21.8319,21.8239,21.8168,21.8108,21.8059,21.8020,21.7991,21.7973,21.7966,21.7970,21.7984,21.8010,21.8046,21.8093,21.8152,21.8222,21.8303,21.8396,21.8500,21.8615,21.8743,21.8882,21.9033,21.9196,21.9371,21.9558,21.9757,21.9968,22.0192,22.0429,22.0678,22.0939,22.1214,22.1501,22.1802,22.2115,22.2442,22.2781,22.3135,22.3502,22.3882,22.4277,22.4685,22.5107,22.5544,22.5994,22.6459,22.6939,22.7433,22.7943,22.8467,22.9006,22.9561,23.0131,23.0717,23.1318,23.1936,23.2570,23.3220,23.3886,23.4570,23.5270,23.5988,23.6722,23.7475,23.8245,23.9034,23.9841,24.0666,24.1510,24.2374,24.3257,24.4159,24.5082,24.6025,24.6989,24.7974,24.8980,25.0008,25.1059,25.2132,25.3228,25.4347,25.5491,25.6658,25.7851,25.9069,26.0313,26.1583,26.2881,26.4206,26.5559,26.6942,26.8354,26.9796,27.1270,27.2775,27.4314,27.5885,27.7491,27.9133,28.0811,28.2526,28.4280,28.6074,28.7908,28.9784,29.1704,29.3661,29.5632,29.7616,29.9614,30.1628,30.3657,30.5701,30.7763,30.9842,31.1939,31.4054,31.6189,31.8345,32.0521,32.2719,32.4940,32.7184,32.9453,33.1748,33.4069,33.6418,33.8796,34.1204,34.3643,34.6115,34.8621,35.1163,35.3743,35.6361,35.9020,36.1723,36.4470,36.7265,37.0109,37.3006,37.5957,37.8967,38.2038,38.5174,38.8379,39.1657,39.5012,39.8449,40.1975,40.5594,40.9315,41.3070,41.6752,42.0362,42.3902,42.7376,43.0786,43.4134,43.7421,44.0651,44.3824,44.6942,45.0008,45.3023,45.5988,45.8904,46.1774,46.4598,46.7378,47.0115,47.2810,47.5464,47.8079,48.0654,48.3192,48.5694,48.8159,48.5758,48.3258,48.0721,47.8146,47.5533,47.2880,47.0186,46.7450,46.4671,46.1848,45.8980,45.6064,45.3101,45.0088,44.7023,44.3906,44.0734,43.7506,43.4220,43.0874,42.7493,42.4091,42.0667,41.7220,41.3750,41.0256,40.6738,40.3195,39.9626,39.6111,39.2682,38.9334,38.6063,38.2864,37.9732,37.6664,37.3657,37.0708,36.7812,36.4968,36.2174,35.9426,35.6722,35.4061,35.1441,34.8859,34.6314,34.3804,34.1329,33.8885,33.6473,33.4090,33.1736,32.9410,32.7110,32.4835,32.2584,32.0357,31.8152,31.5968,31.3806,31.1663,30.9540,30.7435,30.5348,30.3278,30.1224,29.9186,29.7164,29.5156,29.3162,29.1209,28.9300,28.7434,28.5610,28.3826,28.2082,28.0376,27.8707,27.7074,27.5477,27.3913,27.2383,27.0886,26.9420,26.7985,26.6580,26.5205,26.3858,26.2540,26.1249,25.9985,25.8748,25.7536,25.6349,25.5187,25.4050,25.2936,25.1846,25.0778,24.9733,24.8711,24.7709,24.6730,24.5771,24.4833,24.3915,24.3017,24.2139,24.1280,24.0440,23.9619,23.8817,23.8033,23.7267,23.6519,23.5788,23.5075,23.4379,23.3700,23.3037,23.2391,23.1761,23.1148,23.0550,22.9968,22.9402,22.8851,22.8316,22.7795,22.7290,22.6799,22.6323,22.5862,22.5415,22.4982,22.4563,22.4159,22.3768,22.3391,22.3028,22.2678,22.2342,22.2019,22.1709,22.1412,22.1128,22.0857,22.0599,22.0354,22.0121,21.9901,21.9693,21.9497,21.9314,21.9142,21.8983,21.8836,21.8700,21.8576,21.8464,21.8364,21.8275,21.8197,21.8131,21.8076,21.8032,21.8000,21.7978,21.7967,21.7968,21.7978,21.8000,21.8032,21.8075,21.8129,21.8192,21.8266,21.8350,21.8445,21.8549,21.8664,21.8788,21.8923,21.9067,21.9221,21.9384,21.9557,21.9740,21.9932,22.0133,22.0344,22.0564,22.0793,22.1031,22.1278,22.1534,22.1799,22.2072,22.2354,22.2645,22.2945,22.3253,22.3569,22.3894,22.4227,22.4568,22.4917,22.4191,22.2662,22.1117,21.9557,21.7979,21.6385,21.4774,21.3144,21.1496,20.9828,20.8142,20.6434,20.4706,20.2957,20.1185,19.9390,19.7571,19.5728,19.3860,19.1965,19.0043,18.8094,18.6115,18.4106,18.2066,17.9993,17.7886,17.5745,17.3567,17.1350,16.9094,16.6797,16.4456,16.2070,15.9636,15.7153,15.4617,15.2025,14.9376,14.6665,14.3888,14.1043,13.8123,13.5125,13.2043,12.8870,12.5600,12.2224,11.8734,11.5119,11.1366,10.7460,10.3385,9.9119,9.4636,8.9903,8.4878,7.9506,7.3710,6.7382,6.0352,5.2340,4.2795,3.0304,0.0000\right]
v_{final}=\left[0.0000,6.0237,8.5188,10.4333,12.0474,13.4694,14.7550,15.9372,17.0376,18.0711,19.0486,19.9783,20.8667,21.7187,22.5386,23.3296,24.0947,24.8363,25.5563,26.2566,26.9387,27.6040,28.2536,28.8886,29.5099,30.1184,30.7149,31.3000,31.8743,32.4385,32.9931,33.5385,34.0751,34.6034,35.1238,35.6343,36.1311,36.6152,37.0870,37.5472,37.9965,38.4352,38.8638,39.2829,39.6928,40.0939,40.4866,40.8712,41.2480,41.6173,41.9794,42.3345,42.6830,43.0249,43.3607,43.6904,44.0142,44.3324,44.6451,44.9525,45.2548,45.5520,45.8445,46.1322,46.4153,46.6940,46.9684,47.2385,47.5046,47.7667,48.0248,48.2792,48.5299,48.7770,49.0206,49.2607,49.4975,49.7311,49.9614,50.1886,50.4128,50.6339,50.8522,51.0676,51.2802,51.4900,51.6972,51.9017,52.1037,52.3032,52.5002,52.6948,52.8870,53.0768,53.2644,53.4498,53.6329,53.8139,53.9928,54.1696,54.3444,54.5172,54.6880,54.8568,55.0238,55.1889,55.3521,55.5136,55.6733,55.8312,55.9874,56.1420,56.2948,56.4461,56.5957,56.7437,56.8902,57.0352,57.1786,57.3206,57.4611,57.6002,57.7378,57.8741,58.0089,58.1424,58.0149,57.8801,57.7439,57.6063,57.4673,57.3269,57.1850,57.0416,56.8967,56.7503,56.6023,56.4528,56.3016,56.1488,55.9944,55.8382,55.6803,55.5207,55.3594,55.1962,55.0312,54.8643,54.6955,54.5248,54.3521,54.1775,54.0008,53.8220,53.6411,53.4580,53.2727,53.0852,52.8955,52.7034,52.5089,52.3120,52.1127,51.9108,51.7064,51.4993,51.2896,51.0771,50.8618,50.6437,50.4227,50.1986,49.9716,49.7414,49.5080,49.2713,49.0313,48.7879,48.5410,48.2904,48.0362,47.7782,47.5163,47.2504,46.9805,46.7063,46.4278,46.1449,45.8573,45.5651,45.2681,44.9661,44.6589,44.3464,44.0285,43.7049,43.3755,43.0400,42.6983,42.3501,41.9953,41.6366,41.2748,40.9097,40.5414,40.1697,39.7945,39.4158,39.0334,38.6472,38.2571,37.8630,37.4647,37.0622,36.6552,36.2437,35.8274,35.4063,34.9801,34.5486,34.1117,33.6691,33.2206,32.7659,32.3049,31.8372,31.3625,30.8805,30.3909,29.8933,29.3872,28.8722,28.3480,27.8138,27.2692,26.7134,26.1459,26.0723,25.9992,25.9265,25.8542,25.7824,25.7110,25.6401,25.5696,25.4995,25.4299,25.3608,25.2922,25.2240,25.1563,25.0891,25.0224,24.9562,24.8905,24.8253,24.7606,24.6964,24.6327,24.5696,24.5070,24.4450,24.3835,24.3225,24.2621,24.2023,24.1431,24.0844,24.0263,23.9688,23.9119,23.8556,23.7998,23.7447,23.6903,23.6364,23.5832,23.5306,23.4787,23.4274,23.3768,23.3268,23.2775,23.2289,23.1809,23.1337,23.0871,23.0413,22.9961,22.9517,22.9080,22.8650,22.8228,22.7813,22.7405,22.7005,22.6613,22.6228,22.5852,22.5483,22.5122,22.4769,22.4423,22.4087,22.3758,22.3437,22.3125,22.2821,22.2526,22.2239,22.1961,22.1692,22.1431,22.1179,22.0936,22.0702,22.0477,22.0262,22.0055,21.9858,21.9670,21.9491,21.9322,21.9162,21.9012,21.8872,21.8742,21.8621,21.8510,21.8410,21.8319,21.8239,21.8168,21.8108,21.8059,21.8020,21.7991,21.7973,21.7966,21.7970,21.7984,21.8010,21.8046,21.8093,21.8152,21.8222,21.8303,21.8396,21.8500,21.8615,21.8743,21.8882,21.9033,21.9196,21.9371,21.9558,21.9757,21.9968,22.0192,22.0429,22.0678,22.0939,22.1214,22.1501,22.1802,22.2115,22.2442,22.2781,22.3135,22.3502,22.3882,22.4277,22.4685,22.5107,22.5544,22.5994,22.6459,22.6939,22.7433,22.7943,22.8467,22.9006,22.9561,23.0131,23.0717,23.1318,23.1936,23.2570,23.3220,23.3886,23.4570,23.5270,23.5988,23.6722,23.7475,23.8245,23.9034,23.9841,24.0666,24.1510,24.2374,24.3257,24.4159,24.5082,24.6025,24.6989,24.7974,24.8980,25.0008,25.1059,25.2132,25.3228,25.4347,25.5491,25.6658,25.7851,25.9069,26.0313,26.1583,26.2881,26.4206,26.5559,26.6942,26.8354,26.9796,27.1270,27.2775,27.4314,27.5885,27.7491,27.9133,28.0811,28.2526,28.4280,28.6074,28.7908,28.9784,29.1704,29.3661,29.5632,29.7616,29.9614,30.1628,30.3657,30.5701,30.7763,30.9842,31.1939,31.4054,31.6189,31.8345,32.0521,32.2719,32.4940,32.7184,32.9453,33.1748,33.4069,33.6418,33.8796,34.1204,34.3643,34.6115,34.8621,35.1163,35.3743,35.6361,35.9020,36.1723,36.4470,36.7265,37.0109,37.3006,37.5957,37.8967,38.2038,38.5174,38.8379,39.1657,39.5012,39.8449,40.1975,40.5594,40.9315,41.3070,41.6752,42.0362,42.3902,42.7376,43.0786,43.4134,43.7421,44.0651,44.3824,44.6942,45.0008,45.3023,45.5988,45.8904,46.1774,46.4598,46.7378,47.0115,47.2810,47.5464,47.8079,48.0654,48.3192,48.5694,48.8159,48.5758,48.3258,48.0721,47.8146,47.5533,47.2880,47.0186,46.7450,46.4671,46.1848,45.8980,45.6064,45.3101,45.0088,44.7023,44.3906,44.0734,43.7506,43.4220,43.0874,42.7493,42.4091,42.0667,41.7220,41.3750,41.0256,40.6738,40.3195,39.9626,39.6111,39.2682,38.9334,38.6063,38.2864,37.9732,37.6664,37.3657,37.0708,36.7812,36.4968,36.2174,35.9426,35.6722,35.4061,35.1441,34.8859,34.6314,34.3804,34.1329,33.8885,33.6473,33.4090,33.1736,32.9410,32.7110,32.4835,32.2584,32.0357,31.8152,31.5968,31.3806,31.1663,30.9540,30.7435,30.5348,30.3278,30.1224,29.9186,29.7164,29.5156,29.3162,29.1209,28.9300,28.7434,28.5610,28.3826,28.2082,28.0376,27.8707,27.7074,27.5477,27.3913,27.2383,27.0886,26.9420,26.7985,26.6580,26.5205,26.3858,26.2540,26.1249,25.9985,25.8748,25.7536,25.6349,25.5187,25.4050,25.2936,25.1846,25.0778,24.9733,24.8711,24.7709,24.6730,24.5771,24.4833,24.3915,24.3017,24.2139,24.1280,24.0440,23.9619,23.8817,23.8033,23.7267,23.6519,23.5788,23.5075,23.4379,23.3700,23.3037,23.2391,23.1761,23.1148,23.0550,22.9968,22.9402,22.8851,22.8316,22.7795,22.7290,22.6799,22.6323,22.5862,22.5415,22.4982,22.4563,22.4159,22.3768,22.3391,22.3028,22.2678,22.2342,22.2019,22.1709,22.1412,22.1128,22.0857,22.0599,22.0354,22.0121,21.9901,21.9693,21.9497,21.9314,21.9142,21.8983,21.8836,21.8700,21.8576,21.8464,21.8364,21.8275,21.8197,21.8131,21.8076,21.8032,21.8000,21.7978,21.7967,21.7968,21.7978,21.8000,21.8032,21.8075,21.8129,21.8192,21.8266,21.8350,21.8445,21.8549,21.8664,21.8788,21.8923,21.9067,21.9221,21.9384,21.9557,21.9740,21.9932,22.0133,22.0344,22.0564,22.0793,22.1031,22.1278,22.1534,22.1799,22.2072,22.2354,22.2645,22.2945,22.3253,22.3569,22.3894,22.4227,22.4568,22.4917,22.4191,22.2662,22.1117,21.9557,21.7979,21.6385,21.4774,21.3144,21.1496,20.9828,20.8142,20.6434,20.4706,20.2957,20.1185,19.9390,19.7571,19.5728,19.3860,19.1965,19.0043,18.8094,18.6115,18.4106,18.2066,17.9993,17.7886,17.5745,17.3567,17.1350,16.9094,16.6797,16.4456,16.2070,15.9636,15.7153,15.4617,15.2025,14.9376,14.6665,14.3888,14.1043,13.8123,13.5125,13.2043,12.8870,12.5600,12.2224,11.8734,11.5119,11.1366,10.7460,10.3385,9.9119,9.4636,8.9903,8.4878,7.9506,7.3710,6.7382,6.0352,5.2340,4.2795,3.0304,0.0000\right]
l_{times}=\left[0.0000,0.0332,0.0470,0.0575,0.0664,0.0742,0.0813,0.0878,0.0939,0.0996,0.1050,0.1101,0.1150,0.1197,0.1242,0.1286,0.1328,0.1369,0.1409,0.1447,0.1485,0.1522,0.1557,0.1592,0.1627,0.1660,0.1693,0.1725,0.1757,0.1788,0.1819,0.1849,0.1878,0.1907,0.1936,0.1964,0.1992,0.2020,0.2047,0.2074,0.2100,0.2126,0.2152,0.2178,0.2203,0.2228,0.2253,0.2277,0.2302,0.2326,0.2350,0.2374,0.2397,0.2420,0.2444,0.2467,0.2489,0.2512,0.2535,0.2557,0.2579,0.2601,0.2623,0.2645,0.2666,0.2688,0.2709,0.2730,0.2751,0.2772,0.2793,0.2814,0.2835,0.2855,0.2876,0.2896,0.2916,0.2936,0.2957,0.2977,0.2996,0.3016,0.3036,0.3056,0.3075,0.3095,0.3114,0.3133,0.3152,0.3172,0.3191,0.3210,0.3229,0.3248,0.3266,0.3285,0.3304,0.3322,0.3341,0.3359,0.3378,0.3396,0.3415,0.3433,0.3451,0.3469,0.3487,0.3505,0.3523,0.3541,0.3559,0.3577,0.3595,0.3612,0.3630,0.3648,0.3665,0.3683,0.3700,0.3718,0.3735,0.3753,0.3770,0.3787,0.3805,0.3822,0.3839,0.3856,0.3874,0.3891,0.3908,0.3926,0.3943,0.3961,0.3978,0.3996,0.4014,0.4031,0.4049,0.4067,0.4085,0.4102,0.4120,0.4138,0.4156,0.4174,0.4193,0.4211,0.4229,0.4247,0.4266,0.4284,0.4303,0.4321,0.4340,0.4359,0.4377,0.4396,0.4415,0.4434,0.4453,0.4472,0.4491,0.4510,0.4530,0.4549,0.4568,0.4588,0.4608,0.4627,0.4647,0.4667,0.4687,0.4707,0.4727,0.4747,0.4768,0.4788,0.4809,0.4829,0.4850,0.4871,0.4892,0.4913,0.4934,0.4956,0.4977,0.4999,0.5021,0.5042,0.5064,0.5087,0.5109,0.5131,0.5154,0.5177,0.5200,0.5223,0.5246,0.5270,0.5293,0.5317,0.5342,0.5366,0.5390,0.5415,0.5440,0.5465,0.5491,0.5517,0.5543,0.5569,0.5596,0.5622,0.5649,0.5677,0.5705,0.5733,0.5761,0.5790,0.5819,0.5849,0.5878,0.5909,0.5940,0.5971,0.6002,0.6034,0.6067,0.6100,0.6134,0.6168,0.6203,0.6239,0.6275,0.6312,0.6350,0.6388,0.6427,0.6465,0.6504,0.6543,0.6582,0.6620,0.6660,0.6699,0.6738,0.6777,0.6817,0.6856,0.6896,0.6936,0.6976,0.7016,0.7056,0.7096,0.7137,0.7177,0.7218,0.7258,0.7299,0.7340,0.7381,0.7422,0.7463,0.7504,0.7546,0.7587,0.7629,0.7670,0.7712,0.7754,0.7796,0.7838,0.7880,0.7922,0.7965,0.8007,0.8050,0.8092,0.8135,0.8178,0.8221,0.8264,0.8307,0.8350,0.8393,0.8437,0.8480,0.8524,0.8567,0.8611,0.8655,0.8699,0.8743,0.8787,0.8831,0.8875,0.8919,0.8963,0.9008,0.9052,0.9097,0.9141,0.9186,0.9231,0.9276,0.9320,0.9365,0.9410,0.9455,0.9500,0.9546,0.9591,0.9636,0.9681,0.9727,0.9772,0.9817,0.9863,0.9908,0.9954,0.9999,1.0045,1.0091,1.0136,1.0182,1.0228,1.0274,1.0319,1.0365,1.0411,1.0457,1.0503,1.0548,1.0594,1.0640,1.0686,1.0732,1.0778,1.0824,1.0870,1.0915,1.0961,1.1007,1.1053,1.1099,1.1145,1.1190,1.1236,1.1282,1.1328,1.1373,1.1419,1.1464,1.1510,1.1556,1.1601,1.1647,1.1692,1.1737,1.1783,1.1828,1.1873,1.1918,1.1963,1.2008,1.2053,1.2098,1.2143,1.2187,1.2232,1.2277,1.2321,1.2365,1.2410,1.2454,1.2498,1.2542,1.2586,1.2630,1.2673,1.2717,1.2761,1.2804,1.2847,1.2890,1.2933,1.2976,1.3019,1.3062,1.3104,1.3147,1.3189,1.3231,1.3273,1.3315,1.3357,1.3399,1.3440,1.3482,1.3523,1.3564,1.3605,1.3645,1.3686,1.3726,1.3767,1.3807,1.3847,1.3886,1.3926,1.3965,1.4005,1.4044,1.4082,1.4121,1.4160,1.4198,1.4236,1.4274,1.4312,1.4349,1.4387,1.4424,1.4461,1.4498,1.4534,1.4571,1.4607,1.4643,1.4678,1.4714,1.4749,1.4784,1.4819,1.4854,1.4888,1.4922,1.4956,1.4990,1.5023,1.5057,1.5090,1.5122,1.5155,1.5187,1.5220,1.5252,1.5283,1.5315,1.5346,1.5377,1.5408,1.5439,1.5469,1.5499,1.5530,1.5559,1.5589,1.5618,1.5648,1.5677,1.5705,1.5734,1.5762,1.5790,1.5818,1.5846,1.5874,1.5901,1.5928,1.5955,1.5982,1.6008,1.6035,1.6061,1.6087,1.6112,1.6138,1.6163,1.6188,1.6213,1.6237,1.6261,1.6286,1.6309,1.6333,1.6357,1.6380,1.6403,1.6426,1.6449,1.6471,1.6494,1.6516,1.6538,1.6560,1.6582,1.6604,1.6625,1.6647,1.6668,1.6689,1.6711,1.6731,1.6752,1.6773,1.6794,1.6814,1.6835,1.6855,1.6876,1.6897,1.6918,1.6939,1.6960,1.6982,1.7003,1.7025,1.7046,1.7068,1.7090,1.7112,1.7135,1.7157,1.7180,1.7203,1.7225,1.7249,1.7272,1.7295,1.7319,1.7343,1.7367,1.7391,1.7416,1.7440,1.7465,1.7490,1.7516,1.7541,1.7567,1.7593,1.7619,1.7646,1.7673,1.7699,1.7726,1.7754,1.7781,1.7809,1.7837,1.7865,1.7893,1.7922,1.7951,1.7980,1.8009,1.8038,1.8068,1.8098,1.8128,1.8158,1.8189,1.8219,1.8250,1.8281,1.8313,1.8344,1.8376,1.8408,1.8440,1.8472,1.8505,1.8538,1.8571,1.8604,1.8638,1.8672,1.8706,1.8740,1.8774,1.8809,1.8844,1.8879,1.8914,1.8950,1.8986,1.9022,1.9058,1.9094,1.9131,1.9168,1.9205,1.9242,1.9279,1.9317,1.9355,1.9393,1.9431,1.9469,1.9508,1.9547,1.9585,1.9625,1.9664,1.9703,1.9743,1.9783,1.9823,1.9863,1.9903,1.9944,1.9984,2.0025,2.0066,2.0107,2.0148,2.0190,2.0231,2.0273,2.0314,2.0356,2.0399,2.0441,2.0483,2.0526,2.0568,2.0611,2.0654,2.0697,2.0740,2.0783,2.0826,2.0870,2.0913,2.0957,2.1001,2.1045,2.1088,2.1133,2.1177,2.1221,2.1265,2.1310,2.1354,2.1399,2.1443,2.1488,2.1533,2.1578,2.1623,2.1668,2.1713,2.1758,2.1803,2.1848,2.1894,2.1939,2.1984,2.2030,2.2075,2.2121,2.2166,2.2212,2.2258,2.2303,2.2349,2.2395,2.2441,2.2486,2.2532,2.2578,2.2624,2.2670,2.2716,2.2761,2.2807,2.2853,2.2899,2.2945,2.2991,2.3037,2.3083,2.3128,2.3174,2.3220,2.3266,2.3312,2.3357,2.3403,2.3449,2.3495,2.3540,2.3586,2.3631,2.3677,2.3723,2.3768,2.3813,2.3859,2.3904,2.3950,2.3995,2.4040,2.4085,2.4130,2.4175,2.4220,2.4265,2.4310,2.4355,2.4400,2.4445,2.4489,2.4534,2.4578,2.4623,2.4667,2.4713,2.4758,2.4804,2.4850,2.4896,2.4943,2.4990,2.5037,2.5085,2.5133,2.5182,2.5231,2.5281,2.5331,2.5381,2.5432,2.5483,2.5535,2.5587,2.5640,2.5694,2.5748,2.5802,2.5858,2.5913,2.5970,2.6027,2.6085,2.6144,2.6204,2.6264,2.6325,2.6387,2.6450,2.6515,2.6580,2.6646,2.6714,2.6783,2.6853,2.6924,2.6998,2.7072,2.7149,2.7228,2.7308,2.7391,2.7477,2.7565,2.7657,2.7752,2.7850,2.7954,2.8062,2.8176,2.8298,2.8429,2.8570,2.8727,2.8904,2.9115,2.9388,3.0048,\right]
l_{points}=\left[\left(-23.6000,0.0000\right),\left(-23.5000,0.0000\right),\left(-23.4000,0.0000\right),\left(-23.3000,0.0000\right),\left(-23.2000,0.0000\right),\left(-23.1000,0.0000\right),\left(-23.0000,0.0000\right),\left(-22.9000,0.0000\right),\left(-22.8000,0.0000\right),\left(-22.7000,0.0000\right),\left(-22.6000,0.0000\right),\left(-22.5000,0.0000\right),\left(-22.4000,0.0000\right),\left(-22.3000,0.0000\right),\left(-22.2000,0.0000\right),\left(-22.1000,0.0000\right),\left(-22.0000,0.0000\right),\left(-21.9000,0.0000\right),\left(-21.8000,0.0000\right),\left(-21.7000,0.0000\right),\left(-21.6000,0.0000\right),\left(-21.5000,0.0000\right),\left(-21.4000,0.0000\right),\left(-21.3000,0.0000\right),\left(-21.2000,0.0000\right),\left(-21.1000,0.0000\right),\left(-21.0000,0.0000\right),\left(-20.9000,0.0000\right),\left(-20.8000,0.0000\right),\left(-20.7000,0.0000\right),\left(-20.6000,0.0000\right),\left(-20.5000,0.0000\right),\left(-20.4000,0.0000\right),\left(-20.3000,0.0000\right),\left(-20.2000,0.0000\right),\left(-20.1000,0.0000\right),\left(-20.0000,0.0000\right),\left(-19.9000,0.0000\right),\left(-19.8000,0.0000\right),\left(-19.7000,0.0000\right),\left(-19.6000,0.0000\right),\left(-19.5000,0.0000\right),\left(-19.4000,0.0000\right),\left(-19.3000,0.0000\right),\left(-19.2000,0.0000\right),\left(-19.1000,0.0000\right),\left(-19.0000,0.0000\right),\left(-18.9000,0.0000\right),\left(-18.8000,0.0000\right),\left(-18.7000,0.0000\right),\left(-18.6000,0.0000\right),\left(-18.5000,0.0000\right),\left(-18.4000,0.0000\right),\left(-18.3000,0.0000\right),\left(-18.2000,0.0000\right),\left(-18.1000,0.0000\right),\left(-18.0000,0.0000\right),\left(-17.9000,0.0000\right),\left(-17.8000,0.0000\right),\left(-17.7000,0.0000\right),\left(-17.6000,0.0000\right),\left(-17.5000,0.0000\right),\left(-17.4000,0.0000\right),\left(-17.3000,0.0000\right),\left(-17.2000,0.0000\right),\left(-17.1000,0.0000\right),\left(-17.0000,0.0000\right),\left(-16.9000,0.0000\right),\left(-16.8000,0.0000\right),\left(-16.7000,0.0000\right),\left(-16.6000,0.0000\right),\left(-16.5000,0.0000\right),\left(-16.4000,0.0000\right),\left(-16.3000,0.0000\right),\left(-16.2000,0.0000\right),\left(-16.1000,0.0000\right),\left(-16.0000,0.0000\right),\left(-15.9000,0.0000\right),\left(-15.8000,0.0000\right),\left(-15.7000,0.0000\right),\left(-15.6000,0.0000\right),\left(-15.5000,0.0000\right),\left(-15.4000,0.0000\right),\left(-15.3000,0.0000\right),\left(-15.2000,0.0000\right),\left(-15.1000,0.0000\right),\left(-15.0000,0.0000\right),\left(-14.9000,0.0000\right),\left(-14.8000,0.0000\right),\left(-14.7000,0.0000\right),\left(-14.6000,0.0000\right),\left(-14.5000,0.0000\right),\left(-14.4000,0.0000\right),\left(-14.3000,0.0000\right),\left(-14.2000,0.0000\right),\left(-14.1000,0.0000\right),\left(-14.0000,0.0000\right),\left(-13.9000,0.0000\right),\left(-13.8000,0.0000\right),\left(-13.7000,0.0000\right),\left(-13.6000,0.0000\right),\left(-13.5000,0.0000\right),\left(-13.4000,0.0000\right),\left(-13.3000,0.0000\right),\left(-13.2000,0.0000\right),\left(-13.1000,0.0000\right),\left(-13.0000,0.0000\right),\left(-12.9000,0.0000\right),\left(-12.8000,0.0000\right),\left(-12.7000,0.0000\right),\left(-12.6000,0.0000\right),\left(-12.5000,0.0000\right),\left(-12.4000,0.0000\right),\left(-12.3000,0.0000\right),\left(-12.2000,0.0000\right),\left(-12.1000,0.0000\right),\left(-12.0000,0.0000\right),\left(-11.9000,0.0000\right),\left(-11.8000,0.0000\right),\left(-11.7000,0.0000\right),\left(-11.6000,0.0000\right),\left(-11.5000,0.0000\right),\left(-11.4000,0.0000\right),\left(-11.3000,0.0000\right),\left(-11.2000,0.0000\right),\left(-11.1000,0.0000\right),\left(-11.0000,0.0000\right),\left(-10.9000,0.0000\right),\left(-10.8000,0.0000\right),\left(-10.7000,0.0000\right),\left(-10.6000,0.0000\right),\left(-10.5000,0.0000\right),\left(-10.4000,0.0000\right),\left(-10.3000,0.0000\right),\left(-10.2000,0.0000\right),\left(-10.1000,0.0000\right),\left(-10.0000,0.0000\right),\left(-9.9000,0.0000\right),\left(-9.8000,0.0000\right),\left(-9.7000,0.0000\right),\left(-9.6000,0.0000\right),\left(-9.5000,0.0000\right),\left(-9.4000,0.0000\right),\left(-9.3000,0.0000\right),\left(-9.2000,0.0000\right),\left(-9.1000,0.0000\right),\left(-9.0000,0.0000\right),\left(-8.9000,0.0000\right),\left(-8.8000,0.0000\right),\left(-8.7000,0.0000\right),\left(-8.6000,0.0000\right),\left(-8.5000,0.0000\right),\left(-8.4000,0.0000\right),\left(-8.3000,0.0000\right),\left(-8.2000,0.0000\right),\left(-8.1000,0.0000\right),\left(-8.0000,0.0000\right),\left(-7.9000,0.0000\right),\left(-7.8000,0.0000\right),\left(-7.7000,0.0000\right),\left(-7.6000,0.0000\right),\left(-7.5000,0.0000\right),\left(-7.4000,0.0000\right),\left(-7.3000,0.0000\right),\left(-7.2000,0.0000\right),\left(-7.1000,0.0000\right),\left(-7.0000,0.0000\right),\left(-6.9000,0.0000\right),\left(-6.8000,0.0000\right),\left(-6.7000,0.0000\right),\left(-6.6000,0.0000\right),\left(-6.5000,0.0000\right),\left(-6.4000,0.0000\right),\left(-6.3000,0.0000\right),\left(-6.2000,0.0000\right),\left(-6.1000,0.0000\right),\left(-6.0000,0.0000\right),\left(-5.9000,0.0000\right),\left(-5.8000,0.0000\right),\left(-5.7000,0.0000\right),\left(-5.6000,0.0000\right),\left(-5.5000,0.0000\right),\left(-5.4000,0.0000\right),\left(-5.3000,0.0000\right),\left(-5.2000,0.0000\right),\left(-5.1000,0.0000\right),\left(-5.0000,0.0000\right),\left(-4.9000,0.0000\right),\left(-4.8000,0.0000\right),\left(-4.7000,0.0000\right),\left(-4.6000,0.0000\right),\left(-4.5000,0.0000\right),\left(-4.4000,0.0000\right),\left(-4.3000,0.0000\right),\left(-4.2000,0.0000\right),\left(-4.1000,0.0000\right),\left(-4.0000,0.0000\right),\left(-3.9000,0.0000\right),\left(-3.8000,0.0000\right),\left(-3.7000,0.0000\right),\left(-3.6000,0.0000\right),\left(-3.5000,0.0000\right),\left(-3.4000,0.0000\right),\left(-3.3000,0.0000\right),\left(-3.2000,0.0000\right),\left(-3.1000,0.0000\right),\left(-3.0000,0.0000\right),\left(-2.9000,0.0000\right),\left(-2.8000,0.0000\right),\left(-2.7000,0.0000\right),\left(-2.6000,0.0000\right),\left(-2.5000,0.0000\right),\left(-2.4000,0.0000\right),\left(-2.3000,0.0000\right),\left(-2.2000,0.0000\right),\left(-2.1000,0.0000\right),\left(-2.0000,0.0000\right),\left(-1.9000,0.0000\right),\left(-1.8000,0.0000\right),\left(-1.7000,0.0000\right),\left(-1.6000,0.0000\right),\left(-1.5000,0.0000\right),\left(-1.4000,0.0000\right),\left(-1.3000,0.0000\right),\left(-1.2000,0.0000\right),\left(-1.1000,0.0000\right),\left(-1.0000,0.0000\right),\left(-0.9000,0.0000\right),\left(-0.8000,0.0000\right),\left(-0.7000,0.0000\right),\left(-0.6000,0.0000\right),\left(-0.5000,0.0000\right),\left(-0.4000,0.0000\right),\left(-0.3000,0.0000\right),\left(-0.2000,0.0000\right),\left(-0.1000,0.0000\right),\left(0.0001,0.0000\right),\left(0.0999,0.0001\right),\left(0.1998,0.0006\right),\left(0.2997,0.0013\right),\left(0.3995,0.0023\right),\left(0.4994,0.0036\right),\left(0.5992,0.0051\right),\left(0.6991,0.0070\right),\left(0.7989,0.0092\right),\left(0.8987,0.0116\right),\left(0.9986,0.0144\right),\left(1.0984,0.0174\right),\left(1.1982,0.0207\right),\left(1.2980,0.0244\right),\left(1.3977,0.0283\right),\left(1.4975,0.0326\right),\left(1.5973,0.0371\right),\left(1.6970,0.0420\right),\left(1.7967,0.0472\right),\left(1.8964,0.0527\right),\left(1.9961,0.0585\right),\left(2.0958,0.0646\right),\left(2.1955,0.0710\right),\left(2.2951,0.0777\right),\left(2.3947,0.0848\right),\left(2.4943,0.0922\right),\left(2.5939,0.0999\right),\left(2.6934,0.1079\right),\left(2.7929,0.1163\right),\left(2.8924,0.1249\right),\left(2.9919,0.1339\right),\left(3.0913,0.1433\right),\left(3.1907,0.1529\right),\left(3.2900,0.1629\right),\left(3.3894,0.1733\right),\left(3.4887,0.1839\right),\left(3.5879,0.1949\right),\left(3.6871,0.2063\right),\left(3.7863,0.2179\right),\left(3.8854,0.2299\right),\left(3.9845,0.2423\right),\left(4.0836,0.2550\right),\left(4.1826,0.2681\right),\left(4.2816,0.2814\right),\left(4.3805,0.2952\right),\left(4.4794,0.3093\right),\left(4.5782,0.3237\right),\left(4.6769,0.3385\right),\left(4.7757,0.3537\right),\left(4.8743,0.3692\right),\left(4.9729,0.3850\right),\left(5.0715,0.4012\right),\left(5.1699,0.4178\right),\left(5.2684,0.4347\right),\left(5.3667,0.4520\right),\left(5.4650,0.4697\right),\left(5.5633,0.4877\right),\left(5.6614,0.5061\right),\left(5.7595,0.5248\right),\left(5.8576,0.5439\right),\left(5.9555,0.5634\right),\left(6.0534,0.5832\right),\left(6.1512,0.6034\right),\left(6.2490,0.6240\right),\left(6.3466,0.6450\right),\left(6.4442,0.6663\right),\left(6.5417,0.6880\right),\left(6.6391,0.7101\right),\left(6.7364,0.7325\right),\left(6.8337,0.7553\right),\left(6.9308,0.7785\right),\left(7.0279,0.8021\right),\left(7.1248,0.8260\right),\left(7.2217,0.8504\right),\left(7.3185,0.8751\right),\left(7.4152,0.9002\right),\left(7.5118,0.9256\right),\left(7.6083,0.9515\right),\left(7.7046,0.9777\right),\left(7.8009,1.0043\right),\left(7.8971,1.0313\right),\left(7.9932,1.0586\right),\left(8.0891,1.0864\right),\left(8.1850,1.1145\right),\left(8.2807,1.1430\right),\left(8.3763,1.1719\right),\left(8.4718,1.2012\right),\left(8.5672,1.2309\right),\left(8.6625,1.2609\right),\left(8.7576,1.2913\right),\left(8.8527,1.3221\right),\left(8.9476,1.3533\right),\left(9.0423,1.3849\right),\left(9.1370,1.4169\right),\left(9.2315,1.4492\right),\left(9.3259,1.4819\right),\left(9.4202,1.5151\right),\left(9.5143,1.5485\right),\left(9.6083,1.5824\right),\left(9.7021,1.6167\right),\left(9.7958,1.6513\right),\left(9.8894,1.6863\right),\left(9.9828,1.7217\right),\left(10.0761,1.7575\right),\left(10.1692,1.7936\right),\left(10.2622,1.8302\right),\left(10.3551,1.8671\right),\left(10.4478,1.9044\right),\left(10.5403,1.9420\right),\left(10.6327,1.9801\right),\left(10.7250,2.0185\right),\left(10.8170,2.0573\right),\left(10.9090,2.0964\right),\left(11.0007,2.1360\right),\left(11.0923,2.1759\right),\left(11.1838,2.2161\right),\left(11.2751,2.2568\right),\left(11.3662,2.2978\right),\left(11.4572,2.3391\right),\left(11.5480,2.3809\right),\left(11.6386,2.4230\right),\left(11.7290,2.4654\right),\left(11.8193,2.5083\right),\left(11.9094,2.5514\right),\left(11.9994,2.5950\right),\left(12.0892,2.6389\right),\left(12.1788,2.6831\right),\left(12.2682,2.7277\right),\left(12.3574,2.7727\right),\left(12.4465,2.8180\right),\left(12.5354,2.8637\right),\left(12.6241,2.9097\right),\left(12.7127,2.9560\right),\left(12.8010,3.0027\right),\left(12.8892,3.0497\right),\left(12.9772,3.0971\right),\left(13.0650,3.1448\right),\left(13.1527,3.1929\right),\left(13.2401,3.2412\right),\left(13.3274,3.2900\right),\left(13.4145,3.3390\right),\left(13.5014,3.3884\right),\left(13.5881,3.4381\right),\left(13.6747,3.4881\right),\left(13.7610,3.5384\right),\left(13.8472,3.5891\right),\left(13.9331,3.6401\right),\left(14.0189,3.6914\right),\left(14.1045,3.7430\right),\left(14.1899,3.7949\right),\left(14.2752,3.8471\right),\left(14.3602,3.8996\right),\left(14.4451,3.9525\right),\left(14.5297,4.0056\right),\left(14.6142,4.0590\right),\left(14.6985,4.1128\right),\left(14.7826,4.1668\right),\left(14.8665,4.2211\right),\left(14.9503,4.2757\right),\left(15.0338,4.3306\right),\left(15.1172,4.3858\right),\left(15.2003,4.4412\right),\left(15.2833,4.4970\right),\left(15.3661,4.5530\right),\left(15.4487,4.6093\right),\left(15.5312,4.6658\right),\left(15.6134,4.7227\right),\left(15.6955,4.7798\right),\left(15.7773,4.8371\right),\left(15.8590,4.8947\right),\left(15.9406,4.9526\right),\left(16.0219,5.0108\right),\left(16.1030,5.0691\right),\left(16.1840,5.1278\right),\left(16.2648,5.1867\right),\left(16.3454,5.2458\right),\left(16.4259,5.3052\right),\left(16.5061,5.3648\right),\left(16.5862,5.4247\right),\left(16.6661,5.4847\right),\left(16.7458,5.5451\right),\left(16.8254,5.6056\right),\left(16.9048,5.6664\right),\left(16.9840,5.7274\right),\left(17.0630,5.7886\right),\left(17.1419,5.8501\right),\left(17.2206,5.9117\right),\left(17.2992,5.9736\right),\left(17.3775,6.0357\right),\left(17.4558,6.0980\right),\left(17.5338,6.1605\right),\left(17.6117,6.2232\right),\left(17.6894,6.2860\right),\left(17.7670,6.3491\right),\left(17.8444,6.4124\right),\left(17.9216,6.4759\right),\left(17.9987,6.5396\right),\left(18.0757,6.6034\right),\left(18.1525,6.6675\right),\left(18.2291,6.7317\right),\left(18.3056,6.7961\right),\left(18.3819,6.8607\right),\left(18.4581,6.9254\right),\left(18.5342,6.9904\right),\left(18.6101,7.0554\right),\left(18.6858,7.1207\right),\left(18.7615,7.1861\right),\left(18.8370,7.2517\right),\left(18.9123,7.3174\right),\left(18.9875,7.3833\right),\left(19.0626,7.4494\right),\left(19.1375,7.5156\right),\left(19.2124,7.5819\right),\left(19.2871,7.6484\right),\left(19.3616,7.7150\right),\left(19.4361,7.7818\right),\left(19.5104,7.8487\right),\left(19.5846,7.9157\right),\left(19.6587,7.9829\right),\left(19.7326,8.0502\right),\left(19.8065,8.1176\right),\left(19.8802,8.1852\right),\left(19.9538,8.2528\right),\left(20.0273,8.3206\right),\left(20.1007,8.3885\right),\left(20.1740,8.4565\right),\left(20.2472,8.5247\right),\left(20.3203,8.5929\right),\left(20.3933,8.6613\right),\left(20.4662,8.7297\right),\left(20.5390,8.7983\right),\left(20.6117,8.8669\right),\left(20.6843,8.9357\right),\left(20.7568,9.0045\right),\left(20.8293,9.0735\right),\left(20.9016,9.1425\right),\left(20.9739,9.2116\right),\left(21.0461,9.2808\right),\left(21.1182,9.3501\right),\left(21.1902,9.4195\right),\left(21.2622,9.4889\right),\left(21.3341,9.5584\right),\left(21.4059,9.6280\right),\left(21.4776,9.6977\right),\left(21.5493,9.7674\right),\left(21.6209,9.8372\right),\left(21.6925,9.9071\right),\left(21.7640,9.9770\right),\left(21.8354,10.0470\right),\left(21.9068,10.1170\right),\left(21.9781,10.1871\right),\left(22.0494,10.2572\right),\left(22.1206,10.3274\right),\left(22.1918,10.3977\right),\left(22.2629,10.4680\right),\left(22.3340,10.5383\right),\left(22.4050,10.6087\right),\left(22.4761,10.6791\right),\left(22.5470,10.7495\right),\left(22.6180,10.8200\right),\left(22.6889,10.8905\right),\left(22.7598,10.9610\right),\left(22.8306,11.0316\right),\left(22.9015,11.1022\right),\left(22.9723,11.1728\right),\left(23.0431,11.2434\right),\left(23.1138,11.3141\right),\left(23.1846,11.3847\right),\left(23.2553,11.4554\right),\left(23.3261,11.5261\right),\left(23.3968,11.5968\right),\left(23.4675,11.6675\right),\left(23.5382,11.7382\right),\left(23.6089,11.8089\right),\left(23.6796,11.8796\right),\left(23.7504,11.9503\right),\left(23.8211,12.0210\right),\left(23.8918,12.0917\right),\left(23.9625,12.1624\right),\left(24.0333,12.2331\right),\left(24.1040,12.3038\right),\left(24.1748,12.3744\right),\left(24.2456,12.4450\right),\left(24.3164,12.5156\right),\left(24.3873,12.5862\right),\left(24.4581,12.6568\right),\left(24.5290,12.7273\right),\left(24.5999,12.7978\right),\left(24.6709,12.8683\right),\left(24.7419,12.9387\right),\left(24.8129,13.0091\right),\left(24.8840,13.0795\right),\left(24.9551,13.1498\right),\left(25.0262,13.2201\right),\left(25.0974,13.2903\right),\left(25.1686,13.3605\right),\left(25.2399,13.4306\right),\left(25.3113,13.5007\right),\left(25.3827,13.5707\right),\left(25.4541,13.6407\right),\left(25.5256,13.7106\right),\left(25.5972,13.7804\right),\left(25.6688,13.8502\right),\left(25.7405,13.9199\right),\left(25.8123,13.9896\right),\left(25.8841,14.0591\right),\left(25.9560,14.1286\right),\left(26.0280,14.1981\right),\left(26.1000,14.2674\right),\left(26.1721,14.3367\right),\left(26.2444,14.4059\right),\left(26.3166,14.4750\right),\left(26.3890,14.5440\right),\left(26.4615,14.6129\right),\left(26.5340,14.6817\right),\left(26.6067,14.7504\right),\left(26.6794,14.8191\right),\left(26.7522,14.8876\right),\left(26.8252,14.9560\right),\left(26.8982,15.0244\right),\left(26.9713,15.0926\right),\left(27.0445,15.1607\right),\left(27.1179,15.2287\right),\left(27.1913,15.2966\right),\left(27.2648,15.3643\right),\left(27.3385,15.4320\right),\left(27.4122,15.4995\right),\left(27.4861,15.5669\right),\left(27.5601,15.6342\right),\left(27.6342,15.7013\right),\left(27.7085,15.7683\right),\left(27.7828,15.8352\right),\left(27.8573,15.9019\right),\left(27.9319,15.9685\right),\left(28.0066,16.0350\right),\left(28.0815,16.1013\right),\left(28.1565,16.1675\right),\left(28.2316,16.2335\right),\left(28.3069,16.2993\right),\left(28.3823,16.3650\right),\left(28.4578,16.4306\right),\left(28.5335,16.4960\right),\left(28.6093,16.5612\right),\left(28.6852,16.6262\right),\left(28.7613,16.6911\right),\left(28.8376,16.7558\right),\left(28.9140,16.8204\right),\left(28.9905,16.8848\right),\left(29.0672,16.9490\right),\left(29.1441,17.0130\right),\left(29.2211,17.0768\right),\left(29.2982,17.1404\right),\left(29.3755,17.2039\right),\left(29.4530,17.2671\right),\left(29.5306,17.3302\right),\left(29.6084,17.3930\right),\left(29.6863,17.4557\right),\left(29.7645,17.5182\right),\left(29.8427,17.5804\right),\left(29.9212,17.6425\right),\left(29.9998,17.7043\right),\left(30.0786,17.7659\right),\left(30.1575,17.8273\right),\left(30.2366,17.8885\right),\left(30.3159,17.9495\right),\left(30.3954,18.0102\right),\left(30.4750,18.0708\right),\left(30.5548,18.1310\right),\left(30.6348,18.1911\right),\left(30.7150,18.2509\right),\left(30.7953,18.3105\right),\left(30.8758,18.3698\right),\left(30.9565,18.4289\right),\left(31.0374,18.4878\right),\left(31.1185,18.5464\right),\left(31.1997,18.6047\right),\left(31.2811,18.6628\right),\left(31.3627,18.7207\right),\left(31.4445,18.7782\right),\left(31.5265,18.8356\right),\left(31.6087,18.8926\right),\left(31.6910,18.9494\right),\left(31.7735,19.0059\right),\left(31.8563,19.0622\right),\left(31.9392,19.1182\right),\left(32.0222,19.1739\right),\left(32.1055,19.2293\right),\left(32.1890,19.2844\right),\left(32.2726,19.3393\right),\left(32.3565,19.3938\right),\left(32.4405,19.4481\right),\left(32.5247,19.5021\right),\left(32.6092,19.5558\right),\left(32.6938,19.6092\right),\left(32.7785,19.6623\right),\left(32.8635,19.7151\right),\left(32.9487,19.7676\right),\left(33.0340,19.8197\right),\left(33.1196,19.8716\right),\left(33.2053,19.9232\right),\left(33.2912,19.9744\right),\left(33.3774,20.0254\right),\left(33.4637,20.0760\right),\left(33.5501,20.1263\right),\left(33.6368,20.1763\right),\left(33.7237,20.2259\right),\left(33.8107,20.2752\right),\left(33.8980,20.3242\right),\left(33.9854,20.3729\right),\left(34.0730,20.4212\right),\left(34.1608,20.4692\right),\left(34.2487,20.5169\right),\left(34.3369,20.5642\right),\left(34.4252,20.6112\right),\left(34.5138,20.6579\right),\left(34.6025,20.7042\right),\left(34.6914,20.7501\right),\left(34.7804,20.7957\right),\left(34.8697,20.8410\right),\left(34.9591,20.8859\right),\left(35.0487,20.9305\right),\left(35.1385,20.9747\right),\left(35.2284,21.0185\right),\left(35.3185,21.0620\right),\left(35.4088,21.1051\right),\left(35.4993,21.1479\right),\left(35.5899,21.1903\right),\left(35.6807,21.2324\right),\left(35.7717,21.2740\right),\left(35.8629,21.3154\right),\left(35.9542,21.3563\right),\left(36.0457,21.3969\right),\left(36.1373,21.4371\right),\left(36.2291,21.4769\right),\left(36.3211,21.5164\right),\left(36.4132,21.5555\right),\left(36.5055,21.5942\right),\left(36.5979,21.6326\right),\left(36.6905,21.6706\right),\left(36.7833,21.7082\right),\left(36.8762,21.7454\right),\left(36.9693,21.7822\right),\left(37.0625,21.8187\right),\left(37.1558,21.8548\right),\left(37.2493,21.8905\right),\left(37.3430,21.9258\right),\left(37.4368,21.9608\right),\left(37.5307,21.9954\right),\left(37.6248,22.0295\right),\left(37.7190,22.0633\right),\left(37.8134,22.0968\right),\left(37.9078,22.1298\right),\left(38.0025,22.1625\right),\left(38.0972,22.1947\right),\left(38.1921,22.2266\right),\left(38.2871,22.2581\right),\left(38.3823,22.2892\right),\left(38.4775,22.3200\right),\left(38.5729,22.3503\right),\left(38.6684,22.3803\right),\left(38.7641,22.4099\right),\left(38.8598,22.4391\right),\left(38.9557,22.4679\right),\left(39.0517,22.4963\right),\left(39.1478,22.5243\right),\left(39.2440,22.5520\right),\left(39.3403,22.5793\right),\left(39.4367,22.6062\right),\left(39.5333,22.6327\right),\left(39.6299,22.6588\right),\left(39.7267,22.6846\right),\left(39.8235,22.7099\right),\left(39.9205,22.7349\right),\left(40.0175,22.7595\right),\left(40.1147,22.7838\right),\left(40.2119,22.8076\right),\left(40.3092,22.8311\right),\left(40.4067,22.8542\right),\left(40.5042,22.8769\right),\left(40.6018,22.8992\right),\left(40.6994,22.9212\right),\left(40.7972,22.9428\right),\left(40.8951,22.9640\right),\left(40.9930,22.9849\right),\left(41.0910,23.0053\right),\left(41.1891,23.0254\right),\left(41.2872,23.0452\right),\left(41.3855,23.0645\right),\left(41.4838,23.0835\right),\left(41.5822,23.1021\right),\left(41.6806,23.1204\right),\left(41.7791,23.1383\right),\left(41.8777,23.1558\right),\left(41.9763,23.1730\right),\left(42.0751,23.1898\right),\left(42.1738,23.2063\right),\left(42.2727,23.2224\right),\left(42.3715,23.2381\right),\left(42.4705,23.2535\right),\left(42.5695,23.2685\right),\left(42.6685,23.2831\right),\left(42.7676,23.2975\right),\left(42.8668,23.3114\right),\left(42.9660,23.3250\right),\left(43.0652,23.3383\right),\left(43.1645,23.3512\right),\left(43.2639,23.3638\right),\left(43.3633,23.3760\right),\left(43.4627,23.3879\right),\left(43.5622,23.3994\right),\left(43.6617,23.4106\right),\left(43.7612,23.4215\right),\left(43.8608,23.4320\right),\left(43.9604,23.4422\right),\left(44.0601,23.4520\right),\left(44.1598,23.4616\right),\left(44.2595,23.4707\right),\left(44.3592,23.4796\right),\left(44.4590,23.4881\right),\left(44.5588,23.4963\right),\left(44.6586,23.5042\right),\left(44.7585,23.5118\right),\left(44.8584,23.5190\right),\left(44.9583,23.5259\right),\left(45.0582,23.5325\right),\left(45.1581,23.5388\right),\left(45.2581,23.5447\right),\left(45.3581,23.5504\right),\left(45.4581,23.5557\right),\left(45.5581,23.5607\right),\left(45.6581,23.5654\right),\left(45.7582,23.5698\right),\left(45.8582,23.5739\right),\left(45.9583,23.5777\right),\left(46.0584,23.5812\right),\left(46.1585,23.5844\right),\left(46.2586,23.5873\right),\left(46.3587,23.5898\right),\left(46.4588,23.5921\right),\left(46.5589,23.5941\right),\left(46.6590,23.5958\right),\left(46.7592,23.5972\right),\left(46.8593,23.5984\right),\left(46.9594,23.5992\right),\left(47.0596,23.5997\right),\left(47.1597,23.6000\right),\left(47.2000,23.6000\right),\right]
l_{headings}=\left[0.0000,0.0000,0.0000,0.0000,0.0000,0.0000,0.0000,0.0000,0.0000,0.0000,0.0000,0.0000,0.0000,0.0000,0.0000,0.0000,0.0000,0.0000,0.0000,0.0000,0.0000,0.0000,0.0000,0.0000,0.0000,0.0000,0.0000,0.0000,0.0000,0.0000,0.0000,0.0000,0.0000,0.0000,0.0000,0.0000,0.0000,0.0000,0.0000,0.0000,0.0000,0.0000,0.0000,0.0000,0.0000,0.0000,0.0000,0.0000,0.0000,0.0000,0.0000,0.0000,0.0000,0.0000,0.0000,0.0000,0.0000,0.0000,0.0000,0.0000,0.0000,0.0000,0.0000,0.0000,0.0000,0.0000,0.0000,0.0000,0.0000,0.0000,0.0000,0.0000,0.0000,0.0000,0.0000,0.0000,0.0000,0.0000,0.0000,0.0000,0.0000,0.0000,0.0000,0.0000,0.0000,0.0000,0.0000,0.0000,0.0000,0.0000,0.0000,0.0000,0.0000,0.0000,0.0000,0.0000,0.0000,0.0000,0.0000,0.0000,0.0000,0.0000,0.0000,0.0000,0.0000,0.0000,0.0000,0.0000,0.0000,0.0000,0.0000,0.0000,0.0000,0.0000,0.0000,0.0000,0.0000,0.0000,0.0000,0.0000,0.0000,0.0000,0.0000,0.0000,0.0000,0.0000,0.0000,0.0000,0.0000,0.0000,0.0000,0.0000,0.0000,0.0000,0.0000,0.0000,0.0000,0.0000,0.0000,0.0000,0.0000,0.0000,0.0000,0.0000,0.0000,0.0000,0.0000,0.0000,0.0000,0.0000,0.0000,0.0000,0.0000,0.0000,0.0000,0.0000,0.0000,0.0000,0.0000,0.0000,0.0000,0.0000,0.0000,0.0000,0.0000,0.0000,0.0000,0.0000,0.0000,0.0000,0.0000,0.0000,0.0000,0.0000,0.0000,0.0000,0.0000,0.0000,0.0000,0.0000,0.0000,0.0000,0.0000,0.0000,0.0000,0.0000,0.0000,0.0000,0.0000,0.0000,0.0000,0.0000,0.0000,0.0000,0.0000,0.0000,0.0000,0.0000,0.0000,0.0000,0.0000,0.0000,0.0000,0.0000,0.0000,0.0000,0.0000,0.0000,0.0000,0.0000,0.0000,0.0000,0.0000,0.0000,0.0000,0.0000,0.0000,0.0000,0.0000,0.0000,0.0000,0.0000,0.0000,0.0000,0.0000,0.0000,0.0000,0.0000,0.0000,0.0000,0.0000,0.0000,0.0000,0.0000,0.0000,0.0000,0.0000,0.0028,0.0057,0.0085,0.0114,0.0143,0.0172,0.0201,0.0231,0.0260,0.0290,0.0320,0.0350,0.0380,0.0411,0.0441,0.0472,0.0503,0.0534,0.0565,0.0597,0.0628,0.0660,0.0692,0.0724,0.0756,0.0788,0.0821,0.0853,0.0886,0.0919,0.0952,0.0986,0.1019,0.1053,0.1087,0.1121,0.1155,0.1189,0.1223,0.1258,0.1293,0.1328,0.1363,0.1398,0.1433,0.1469,0.1505,0.1540,0.1576,0.1612,0.1649,0.1685,0.1722,0.1758,0.1795,0.1832,0.1869,0.1906,0.1944,0.1981,0.2019,0.2057,0.2095,0.2133,0.2171,0.2209,0.2247,0.2286,0.2324,0.2363,0.2402,0.2441,0.2480,0.2519,0.2558,0.2597,0.2637,0.2676,0.2716,0.2755,0.2795,0.2835,0.2875,0.2915,0.2955,0.2995,0.3035,0.3075,0.3115,0.3156,0.3196,0.3236,0.3277,0.3317,0.3358,0.3398,0.3439,0.3479,0.3520,0.3560,0.3601,0.3642,0.3682,0.3723,0.3764,0.3804,0.3845,0.3885,0.3926,0.3966,0.4007,0.4047,0.4088,0.4128,0.4168,0.4208,0.4249,0.4289,0.4329,0.4369,0.4409,0.4449,0.4488,0.4528,0.4568,0.4607,0.4646,0.4686,0.4725,0.4764,0.4803,0.4842,0.4880,0.4919,0.4957,0.4996,0.5034,0.5072,0.5110,0.5148,0.5185,0.5222,0.5260,0.5297,0.5334,0.5370,0.5407,0.5443,0.5479,0.5515,0.5551,0.5587,0.5622,0.5657,0.5692,0.5727,0.5762,0.5796,0.5830,0.5864,0.5898,0.5931,0.5964,0.5997,0.6030,0.6063,0.6095,0.6127,0.6159,0.6190,0.6221,0.6252,0.6283,0.6314,0.6344,0.6374,0.6404,0.6433,0.6462,0.6491,0.6520,0.6548,0.6576,0.6604,0.6632,0.6659,0.6686,0.6712,0.6739,0.6765,0.6791,0.6816,0.6841,0.6866,0.6891,0.6915,0.6939,0.6963,0.6987,0.7010,0.7033,0.7055,0.7077,0.7099,0.7121,0.7142,0.7163,0.7184,0.7204,0.7224,0.7244,0.7264,0.7283,0.7302,0.7320,0.7338,0.7356,0.7374,0.7391,0.7408,0.7425,0.7441,0.7457,0.7473,0.7488,0.7504,0.7518,0.7533,0.7547,0.7561,0.7574,0.7587,0.7600,0.7613,0.7625,0.7637,0.7649,0.7660,0.7671,0.7682,0.7692,0.7702,0.7712,0.7721,0.7730,0.7739,0.7747,0.7755,0.7763,0.7770,0.7778,0.7784,0.7791,0.7797,0.7803,0.7809,0.7814,0.7819,0.7823,0.7828,0.7831,0.7835,0.7838,0.7841,0.7844,0.7846,0.7848,0.7850,0.7852,0.7853,0.7853,0.7854,0.7854,0.7854,0.7853,0.7852,0.7851,0.7850,0.7848,0.7846,0.7843,0.7841,0.7838,0.7834,0.7831,0.7826,0.7822,0.7817,0.7812,0.7807,0.7802,0.7796,0.7789,0.7783,0.7776,0.7769,0.7761,0.7753,0.7745,0.7737,0.7728,0.7719,0.7709,0.7699,0.7689,0.7679,0.7668,0.7657,0.7646,0.7634,0.7622,0.7610,0.7597,0.7584,0.7571,0.7557,0.7543,0.7529,0.7515,0.7500,0.7485,0.7469,0.7453,0.7437,0.7421,0.7404,0.7387,0.7370,0.7352,0.7334,0.7316,0.7297,0.7278,0.7259,0.7239,0.7219,0.7199,0.7179,0.7158,0.7137,0.7115,0.7094,0.7072,0.7049,0.7027,0.7004,0.6981,0.6957,0.6933,0.6909,0.6885,0.6860,0.6835,0.6810,0.6784,0.6758,0.6732,0.6706,0.6679,0.6652,0.6624,0.6597,0.6569,0.6541,0.6512,0.6484,0.6455,0.6425,0.6396,0.6366,0.6336,0.6306,0.6275,0.6244,0.6213,0.6182,0.6150,0.6118,0.6086,0.6054,0.6021,0.5988,0.5955,0.5922,0.5889,0.5855,0.5821,0.5787,0.5752,0.5718,0.5683,0.5648,0.5612,0.5577,0.5541,0.5505,0.5469,0.5433,0.5397,0.5360,0.5323,0.5286,0.5249,0.5212,0.5174,0.5137,0.5099,0.5061,0.5023,0.4985,0.4946,0.4908,0.4869,0.4830,0.4791,0.4752,0.4713,0.4674,0.4634,0.4595,0.4555,0.4516,0.4476,0.4436,0.4396,0.4356,0.4316,0.4276,0.4236,0.4196,0.4155,0.4115,0.4074,0.4034,0.3993,0.3953,0.3912,0.3872,0.3831,0.3790,0.3750,0.3709,0.3668,0.3628,0.3587,0.3546,0.3506,0.3465,0.3424,0.3384,0.3343,0.3303,0.3262,0.3222,0.3181,0.3141,0.3100,0.3060,0.3020,0.2980,0.2940,0.2899,0.2859,0.2820,0.2780,0.2740,0.2700,0.2661,0.2621,0.2582,0.2542,0.2503,0.2464,0.2425,0.2386,0.2347,0.2308,0.2270,0.2231,0.2193,0.2154,0.2116,0.2078,0.2040,0.2003,0.1965,0.1927,0.1890,0.1853,0.1816,0.1779,0.1742,0.1705,0.1668,0.1632,0.1596,0.1560,0.1524,0.1488,0.1452,0.1417,0.1381,0.1346,0.1311,0.1276,0.1241,0.1207,0.1172,0.1138,0.1104,0.1070,0.1036,0.1002,0.0969,0.0935,0.0902,0.0869,0.0836,0.0804,0.0771,0.0739,0.0707,0.0675,0.0643,0.0611,0.0579,0.0548,0.0517,0.0486,0.0455,0.0424,0.0394,0.0363,0.0333,0.0303,0.0273,0.0243,0.0214,0.0184,0.0155,0.0126,0.0097,0.0068,0.0040,0.0011,6.2832,\right]
running path!
lin/ang/drive_left/drive_right/tv_l/tv_r/av_l/av_r/x/y/theta/tx/ty/ttheta: 0.31039 0.00010 -0.00000 -0.00000 0.00000 0.00050 0.00000 0.00050 -23.60000 -0.00001 -0.00057 -23.50000 0.00000 0.00000
lin/ang/drive_left/drive_right/tv_l/tv_r/av_l/av_r/x/y/theta/tx/ty/ttheta: 0.31039 0.00032 0.00002 -0.00002 0.04447 0.15433 0.04447 0.15433 -23.60000 -0.00004 -0.00187 -23.50000 0.00000 0.00000
lin/ang/drive_left/drive_right/tv_l/tv_r/av_l/av_r/x/y/theta/tx/ty/ttheta: 0.31053 0.00428 0.00149 -0.00939 0.50322 0.42231 0.50322 0.42231 -23.60311 -0.00049 -0.02532 -23.50000 0.00000 0.00000
lin/ang/drive_left/drive_right/tv_l/tv_r/av_l/av_r/x/y/theta/tx/ty/ttheta: 0.30899 0.01810 0.05349 0.03580 0.22722 0.22089 0.22722 0.22089 -23.56796 -0.00211 -0.10707 -23.50000 0.00000 0.00000
lin/ang/drive_left/drive_right/tv_l/tv_r/av_l/av_r/x/y/theta/tx/ty/ttheta: 0.44042 0.03046 0.12583 0.11083 0.19197 0.20089 0.19197 0.20089 -23.47479 -0.00354 -0.16998 -23.30000 0.00000 0.00000
lin/ang/drive_left/drive_right/tv_l/tv_r/av_l/av_r/x/y/theta/tx/ty/ttheta: 0.51974 0.03085 0.11733 0.12318 0.25292 0.34458 0.25292 0.34458 -23.38010 -0.00375 -0.16559 -23.10000 0.00000 0.00000
lin/ang/drive_left/drive_right/tv_l/tv_r/av_l/av_r/x/y/theta/tx/ty/ttheta: 0.60553 0.01670 0.22235 0.24707 0.54444 0.43906 0.54444 0.43906 -23.19529 -0.00258 -0.08335 -22.90000 0.00000 0.00000
lin/ang/drive_left/drive_right/tv_l/tv_r/av_l/av_r/x/y/theta/tx/ty/ttheta: 0.70290 0.01007 0.33868 0.34743 0.47069 0.44522 0.47069 0.44522 -22.92517 -0.00722 -0.00059 -22.50000 0.00000 0.00000
lin/ang/drive_left/drive_right/tv_l/tv_r/av_l/av_r/x/y/theta/tx/ty/ttheta: 0.78795 0.01054 0.38698 0.38139 0.53200 0.54036 0.53200 0.54036 -22.62267 -0.00600 -0.01689 -22.10000 0.00000 0.00000
lin/ang/drive_left/drive_right/tv_l/tv_r/av_l/av_r/x/y/theta/tx/ty/ttheta: 0.85878 0.01956 0.44858 0.43944 0.56192 0.52633 0.56192 0.52633 -22.27305 -0.00720 -0.06532 -21.80000 0.00000 0.00000
lin/ang/drive_left/drive_right/tv_l/tv_r/av_l/av_r/x/y/theta/tx/ty/ttheta: 0.94240 0.04022 0.52701 0.51677 0.54942 0.50614 0.54942 0.50614 -21.86213 -0.02059 -0.09950 -21.30000 0.00000 0.00000
lin/ang/drive_left/drive_right/tv_l/tv_r/av_l/av_r/x/y/theta/tx/ty/ttheta: 1.02962 0.08036 0.57431 0.53494 0.50697 0.53678 0.50697 0.53678 -21.42546 -0.03944 -0.22439 -20.70000 0.00000 0.00000
lin/ang/drive_left/drive_right/tv_l/tv_r/av_l/av_r/x/y/theta/tx/ty/ttheta: 1.08833 0.11585 0.66959 0.63390 0.60589 0.57972 0.60589 0.57972 -20.91232 -0.05118 -0.37871 -20.20000 0.00000 0.00000
lin/ang/drive_left/drive_right/tv_l/tv_r/av_l/av_r/x/y/theta/tx/ty/ttheta: 1.16011 0.14532 0.81618 0.79796 0.57408 0.57131 0.57408 0.57131 -20.27690 -0.06193 -0.51003 -19.50000 0.00000 0.00000
lin/ang/drive_left/drive_right/tv_l/tv_r/av_l/av_r/x/y/theta/tx/ty/ttheta: 1.21909 0.15783 0.79697 0.78524 0.67042 0.64456 0.67042 0.64456 -19.65405 -0.07160 -0.55743 -18.90000 0.00000 0.00000
lin/ang/drive_left/drive_right/tv_l/tv_r/av_l/av_r/x/y/theta/tx/ty/ttheta: 1.27901 0.17223 0.82016 0.80534 0.63022 0.63739 0.63022 0.63739 -19.01412 -0.07817 -0.62693 -18.10000 0.00000 0.00000
lin/ang/drive_left/drive_right/tv_l/tv_r/av_l/av_r/x/y/theta/tx/ty/ttheta: 1.32348 0.18349 0.84523 0.83450 0.70411 0.62558 0.70411 0.62558 -18.35289 -0.08931 -0.66636 -17.50000 0.00000 0.00000
lin/ang/drive_left/drive_right/tv_l/tv_r/av_l/av_r/x/y/theta/tx/ty/ttheta: 1.37948 0.20215 0.90217 0.88618 0.83500 0.82508 0.83500 0.82508 -17.64892 -0.10240 -0.73648 -16.59999 0.00000 0.00000
lin/ang/drive_left/drive_right/tv_l/tv_r/av_l/av_r/x/y/theta/tx/ty/ttheta: 1.41890 0.23180 1.11994 1.08337 0.86003 0.86086 0.86003 0.86086 -16.78162 -0.11868 -0.87327 -15.79999 0.00000 0.00000
lin/ang/drive_left/drive_right/tv_l/tv_r/av_l/av_r/x/y/theta/tx/ty/ttheta: 1.46584 0.25404 1.13967 1.12578 0.67572 0.71406 0.67572 0.71406 -15.88986 -0.13487 -0.96544 -14.79999 0.00000 0.00000
lin/ang/drive_left/drive_right/tv_l/tv_r/av_l/av_r/x/y/theta/tx/ty/ttheta: 1.50315 0.27085 1.16209 1.15353 0.74722 0.67467 0.74722 0.67467 -14.97864 -0.16870 -0.97750 -13.89999 0.00000 0.00000
lin/ang/drive_left/drive_right/tv_l/tv_r/av_l/av_r/x/y/theta/tx/ty/ttheta: 1.50798 0.30672 1.25227 1.22242 0.72617 0.88136 0.72617 0.88136 -14.00485 -0.20549 -1.09854 -12.89999 0.00000 0.00000
lin/ang/drive_left/drive_right/tv_l/tv_r/av_l/av_r/x/y/theta/tx/ty/ttheta: 1.47237 0.32215 1.23191 1.22720 0.70514 0.72056 0.70514 0.72056 -13.03696 -0.22845 -1.14618 -11.79999 0.00000 0.00000
lin/ang/drive_left/drive_right/tv_l/tv_r/av_l/av_r/x/y/theta/tx/ty/ttheta: 1.43503 0.34891 1.27156 1.24241 0.70717 0.75494 0.70717 0.75494 -12.04747 -0.25158 -1.26772 -10.79999 0.00000 0.00000
lin/ang/drive_left/drive_right/tv_l/tv_r/av_l/av_r/x/y/theta/tx/ty/ttheta: 1.38706 0.35845 1.29876 1.30766 0.69844 0.73800 0.69844 0.73800 -11.02178 -0.28353 -1.26385 -9.79999 0.00000 0.00000
lin/ang/drive_left/drive_right/tv_l/tv_r/av_l/av_r/x/y/theta/tx/ty/ttheta: 1.33402 0.37826 1.39942 1.39718 0.66903 0.74483 0.66903 0.74483 -9.92114 -0.31325 -1.24630 -8.69998 0.00000 0.00000
lin/ang/drive_left/drive_right/tv_l/tv_r/av_l/av_r/x/y/theta/tx/ty/ttheta: 1.27636 0.39395 1.36426 1.37804 0.50975 0.57783 0.50975 0.57783 -8.84173 -0.33600 -1.21602 -7.69998 0.00000 0.00000
lin/ang/drive_left/drive_right/tv_l/tv_r/av_l/av_r/x/y/theta/tx/ty/ttheta: 1.21148 0.40702 1.35157 1.36729 0.45942 0.56725 0.45942 0.56725 -7.77159 -0.36017 -1.15601 -6.69998 0.00000 0.00000
lin/ang/drive_left/drive_right/tv_l/tv_r/av_l/av_r/x/y/theta/tx/ty/ttheta: 1.12937 0.41783 1.31465 1.33444 0.39272 0.48664 0.39272 0.48664 -6.72881 -0.37889 -1.07324 -5.69998 0.00000 0.00000
lin/ang/drive_left/drive_right/tv_l/tv_r/av_l/av_r/x/y/theta/tx/ty/ttheta: 1.05375 0.39409 1.28190 1.37038 0.34667 0.40825 0.34667 0.40825 -5.68466 -0.39132 -0.80269 -4.69998 0.00000 0.00000
lin/ang/drive_left/drive_right/tv_l/tv_r/av_l/av_r/x/y/theta/tx/ty/ttheta: 0.96995 0.32698 1.18925 1.34285 0.30850 0.36292 0.30850 0.36292 -4.68807 -0.41896 -0.20118 -3.79998 0.00000 0.00000
lin/ang/drive_left/drive_right/tv_l/tv_r/av_l/av_r/x/y/theta/tx/ty/ttheta: 0.89361 0.24859 1.07738 1.25231 0.23614 0.32442 0.23614 0.32442 -3.77093 -0.46113 0.55655 -2.89997 0.00000 0.00000
lin/ang/drive_left/drive_right/tv_l/tv_r/av_l/av_r/x/y/theta/tx/ty/ttheta: 0.80796 0.18544 1.02679 1.15578 0.15639 0.28711 0.15639 0.28711 -2.91143 -0.47641 1.16147 -2.09997 0.00000 0.00000
lin/ang/drive_left/drive_right/tv_l/tv_r/av_l/av_r/x/y/theta/tx/ty/ttheta: 0.70950 0.13175 0.96861 1.11339 0.08231 0.23836 0.08231 0.23836 -2.09124 -0.49064 1.73613 -1.39997 0.00000 0.00000
lin/ang/drive_left/drive_right/tv_l/tv_r/av_l/av_r/x/y/theta/tx/ty/ttheta: 0.68751 0.80113 0.81231 0.99002 -0.10028 0.07736 -0.10028 0.07736 -1.38064 -0.51099 2.48602 -0.69997 0.00000 0.00000
lin/ang/drive_left/drive_right/tv_l/tv_r/av_l/av_r/x/y/theta/tx/ty/ttheta: 0.67452 0.74025 0.67481 0.84028 -0.07322 0.18975 -0.07322 0.18975 -0.78287 -0.52547 3.21099 -0.19997 0.00000 0.00000
lin/ang/drive_left/drive_right/tv_l/tv_r/av_l/av_r/x/y/theta/tx/ty/ttheta: 0.66801 0.73830 0.53305 0.72248 0.05236 0.63653 0.05236 0.63653 -0.28739 -0.53183 3.97156 0.29965 0.00128 0.48912
lin/ang/drive_left/drive_right/tv_l/tv_r/av_l/av_r/x/y/theta/tx/ty/ttheta: 0.66201 0.74900 0.44742 0.69904 0.43975 0.60847 0.43975 0.60847 0.16620 -0.54673 5.01278 0.79890 0.00915 1.32253
lin/ang/drive_left/drive_right/tv_l/tv_r/av_l/av_r/x/y/theta/tx/ty/ttheta: 0.65272 0.72118 0.53398 0.82492 0.40483 0.57203 0.40483 0.57203 0.70371 -0.55061 6.20704 1.29796 0.02439 2.17915
lin/ang/drive_left/drive_right/tv_l/tv_r/av_l/av_r/x/y/theta/tx/ty/ttheta: 0.64568 0.64717 0.55507 0.77757 0.27633 0.42675 0.27633 0.42675 1.22440 -0.48681 7.28081 1.79673 0.04719 3.05913
lin/ang/drive_left/drive_right/tv_l/tv_r/av_l/av_r/x/y/theta/tx/ty/ttheta: 0.63503 0.63633 0.51241 0.69628 0.27733 0.37217 0.27733 0.37217 1.69934 -0.44911 8.07667 2.19547 0.07101 3.78003
lin/ang/drive_left/drive_right/tv_l/tv_r/av_l/av_r/x/y/theta/tx/ty/ttheta: 0.62705 0.63059 0.50267 0.65189 0.29072 0.36189 0.29072 0.36189 2.15139 -0.39933 8.77898 2.59387 0.09989 4.51591
lin/ang/drive_left/drive_right/tv_l/tv_r/av_l/av_r/x/y/theta/tx/ty/ttheta: 0.61982 0.70195 0.58741 0.71129 0.25992 0.36975 0.25992 0.36975 2.66221 -0.35654 9.33361 3.09128 0.14327 5.45673
lin/ang/drive_left/drive_right/tv_l/tv_r/av_l/av_r/x/y/theta/tx/ty/ttheta: 0.61242 0.76585 0.61760 0.71178 0.24894 0.39628 0.24894 0.39628 3.17947 -0.27665 9.76249 3.58791 0.19492 6.42063
lin/ang/drive_left/drive_right/tv_l/tv_r/av_l/av_r/x/y/theta/tx/ty/ttheta: 0.60803 0.84225 0.62185 0.74668 0.21611 0.42128 0.21611 0.42128 3.70946 -0.17968 10.25831 4.18261 0.26805 7.60727
lin/ang/drive_left/drive_right/tv_l/tv_r/av_l/av_r/x/y/theta/tx/ty/ttheta: 0.60337 0.87032 0.57995 0.71079 0.20481 0.43289 0.20481 0.43289 4.20596 -0.07007 10.82344 4.67695 0.33852 8.62042
lin/ang/drive_left/drive_right/tv_l/tv_r/av_l/av_r/x/y/theta/tx/ty/ttheta: 0.59838 0.90514 0.55866 0.71211 0.20567 0.43889 0.20567 0.43889 4.69507 0.03551 11.45127 5.16995 0.41780 9.65484
lin/ang/drive_left/drive_right/tv_l/tv_r/av_l/av_r/x/y/theta/tx/ty/ttheta: 0.59168 0.92829 0.55443 0.63927 0.21578 0.42503 0.21578 0.42503 5.15308 0.14134 11.98631 5.56327 0.48768 10.49709
lin/ang/drive_left/drive_right/tv_l/tv_r/av_l/av_r/x/y/theta/tx/ty/ttheta: 0.59040 0.98134 0.56749 0.75025 0.21628 0.42144 0.21628 0.42144 5.65736 0.26367 12.75305 6.15123 0.60344 11.78368
lin/ang/drive_left/drive_right/tv_l/tv_r/av_l/av_r/x/y/theta/tx/ty/ttheta: 0.58582 0.98765 0.56765 0.76891 0.21733 0.41272 0.21733 0.41272 6.16600 0.39948 13.60249 6.63909 0.71006 12.87559
lin/ang/drive_left/drive_right/tv_l/tv_r/av_l/av_r/x/y/theta/tx/ty/ttheta: 0.57997 0.96444 0.50623 0.71378 0.21678 0.44181 0.21678 0.44181 6.62927 0.52666 14.48371 7.02787 0.80209 13.76100
lin/ang/drive_left/drive_right/tv_l/tv_r/av_l/av_r/x/y/theta/tx/ty/ttheta: 0.57781 0.97202 0.51487 0.74032 0.22381 0.40725 0.22381 0.40725 7.10514 0.65983 15.43742 7.51177 0.92562 14.88114
lin/ang/drive_left/drive_right/tv_l/tv_r/av_l/av_r/x/y/theta/tx/ty/ttheta: 0.57685 0.97520 0.49740 0.72289 0.23133 0.39594 0.23133 0.39594 7.56450 0.80070 16.40496 7.99316 1.05864 16.01435
lin/ang/drive_left/drive_right/tv_l/tv_r/av_l/av_r/x/y/theta/tx/ty/ttheta: 0.57577 0.98840 0.51678 0.74585 0.23153 0.41219 0.23153 0.41219 8.03992 0.94563 17.38927 8.47183 1.20120 17.15849
lin/ang/drive_left/drive_right/tv_l/tv_r/av_l/av_r/x/y/theta/tx/ty/ttheta: 0.57582 1.06666 0.50373 0.73198 0.23169 0.41547 0.23169 0.41547 8.51842 1.04597 18.37207 8.94756 1.35334 18.31129
lin/ang/drive_left/drive_right/tv_l/tv_r/av_l/av_r/x/y/theta/tx/ty/ttheta: 0.57552 1.16178 0.53565 0.76186 0.22242 0.43033 0.22242 0.43033 9.02168 1.15188 19.34475 9.42016 1.51506 19.47025
lin/ang/drive_left/drive_right/tv_l/tv_r/av_l/av_r/x/y/theta/tx/ty/ttheta: 0.57609 1.25561 0.53466 0.75540 0.19319 0.46986 0.19319 0.46986 9.51845 1.27055 20.29373 9.88940 1.68632 20.63271
lin/ang/drive_left/drive_right/tv_l/tv_r/av_l/av_r/x/y/theta/tx/ty/ttheta: 0.57589 1.34013 0.56959 0.80951 0.17744 0.49039 0.17744 0.49039 10.04540 1.41136 21.29699 10.35508 1.86708 21.79587
lin/ang/drive_left/drive_right/tv_l/tv_r/av_l/av_r/x/y/theta/tx/ty/ttheta: 0.57813 1.40128 0.50608 0.77966 0.17367 0.49842 0.17367 0.49842 10.53512 1.54913 22.43359 10.81704 2.05727 22.95689
lin/ang/drive_left/drive_right/tv_l/tv_r/av_l/av_r/x/y/theta/tx/ty/ttheta: 0.58192 1.43218 0.46798 0.77865 0.17589 0.49947 0.17589 0.49947 11.00747 1.69144 23.73277 11.27508 2.25677 24.11273
lin/ang/drive_left/drive_right/tv_l/tv_r/av_l/av_r/x/y/theta/tx/ty/ttheta: 0.58555 1.46307 0.49139 0.81687 0.18944 0.49878 0.18944 0.49878 11.50477 1.84059 25.11583 11.72904 2.46544 25.26038
lin/ang/drive_left/drive_right/tv_l/tv_r/av_l/av_r/x/y/theta/tx/ty/ttheta: 0.59004 1.46663 0.48577 0.82677 0.20242 0.49433 0.20242 0.49433 11.99642 2.00962 26.56956 12.17876 2.68314 26.39677
lin/ang/drive_left/drive_right/tv_l/tv_r/av_l/av_r/x/y/theta/tx/ty/ttheta: 0.59701 1.45836 0.44254 0.78041 0.20703 0.49828 0.20703 0.49828 12.45094 2.17755 28.02458 12.62413 2.90966 27.51887
lin/ang/drive_left/drive_right/tv_l/tv_r/av_l/av_r/x/y/theta/tx/ty/ttheta: 0.60778 1.43195 0.52697 0.86676 0.22281 0.49450 0.22281 0.49450 12.94472 2.41756 29.48460 13.15268 3.19287 28.84236
lin/ang/drive_left/drive_right/tv_l/tv_r/av_l/av_r/x/y/theta/tx/ty/ttheta: 0.61458 1.36244 0.51228 0.84267 0.24553 0.50083 0.24553 0.50083 13.41554 2.66849 30.91532 13.58812 3.43807 29.92265
lin/ang/drive_left/drive_right/tv_l/tv_r/av_l/av_r/x/y/theta/tx/ty/ttheta: 0.62217 1.26600 0.52193 0.84500 0.27822 0.48781 0.27822 0.48781 13.87328 2.95118 32.30859 14.01892 3.69136 30.97941
lin/ang/drive_left/drive_right/tv_l/tv_r/av_l/av_r/x/y/theta/tx/ty/ttheta: 0.63279 1.17592 0.53437 0.84016 0.30028 0.45942 0.30028 0.45942 14.33054 3.24030 33.64938 14.44507 3.95247 32.01004
lin/ang/drive_left/drive_right/tv_l/tv_r/av_l/av_r/x/y/theta/tx/ty/ttheta: 0.64390 1.09179 0.50557 0.79936 0.32853 0.45003 0.32853 0.45003 14.75848 3.52433 34.91856 14.86653 4.22110 33.01199
lin/ang/drive_left/drive_right/tv_l/tv_r/av_l/av_r/x/y/theta/tx/ty/ttheta: 0.66127 1.03621 0.58088 0.84076 0.34306 0.46183 0.34306 0.46183 15.21617 3.84627 36.07761 15.36611 4.55299 34.17331
lin/ang/drive_left/drive_right/tv_l/tv_r/av_l/av_r/x/y/theta/tx/ty/ttheta: 0.67936 0.96973 0.62961 0.86552 0.35744 0.47464 0.35744 0.47464 15.67890 4.21044 37.10533 15.85904 4.89474 35.28644
lin/ang/drive_left/drive_right/tv_l/tv_r/av_l/av_r/x/y/theta/tx/ty/ttheta: 0.69526 0.88355 0.64241 0.85727 0.32872 0.44044 0.32872 0.44044 16.13562 4.58505 38.05526 16.26481 5.18668 36.17493
lin/ang/drive_left/drive_right/tv_l/tv_r/av_l/av_r/x/y/theta/tx/ty/ttheta: 0.72213 0.85220 0.66250 0.86028 0.29550 0.40142 0.29550 0.40142 16.59462 4.97108 38.91816 16.82540 5.60562 37.35566
lin/ang/drive_left/drive_right/tv_l/tv_r/av_l/av_r/x/y/theta/tx/ty/ttheta: 0.75495 0.80699 0.59964 0.76403 0.34700 0.42692 0.34700 0.42692 17.00098 5.32223 39.66385 17.29917 5.97359 38.30643
lin/ang/drive_left/drive_right/tv_l/tv_r/av_l/av_r/x/y/theta/tx/ty/ttheta: 0.78414 0.77829 0.69455 0.84451 0.45531 0.56894 0.45531 0.56894 17.45806 5.72016 40.30957 17.76698 6.34914 39.19844
lin/ang/drive_left/drive_right/tv_l/tv_r/av_l/av_r/x/y/theta/tx/ty/ttheta: 0.81784 0.74024 0.77346 0.91262 0.48628 0.60283 0.48628 0.60283 17.95422 6.16131 40.91784 18.22910 6.73170 40.02997
lin/ang/drive_left/drive_right/tv_l/tv_r/av_l/av_r/x/y/theta/tx/ty/ttheta: 0.86406 0.63708 0.77461 0.90755 0.42417 0.53456 0.42417 0.53456 18.40083 6.65669 41.49708 18.76147 7.18612 40.92181
lin/ang/drive_left/drive_right/tv_l/tv_r/av_l/av_r/x/y/theta/tx/ty/ttheta: 0.90902 0.60442 0.75167 0.87671 0.43100 0.51075 0.43100 0.51075 18.87214 7.09140 42.04098 19.28706 7.64838 41.72771
lin/ang/drive_left/drive_right/tv_l/tv_r/av_l/av_r/x/y/theta/tx/ty/ttheta: 0.96424 0.55339 0.79110 0.90310 0.57253 0.62542 0.57253 0.62542 19.35893 7.54750 42.55182 19.80647 8.11760 42.44636
lin/ang/drive_left/drive_right/tv_l/tv_r/av_l/av_r/x/y/theta/tx/ty/ttheta: 1.02527 0.49934 0.86787 0.96593 0.61461 0.69433 0.61461 0.69433 19.88328 8.04385 42.98110 20.32032 8.59292 43.07687
lin/ang/drive_left/drive_right/tv_l/tv_r/av_l/av_r/x/y/theta/tx/ty/ttheta: 1.12069 0.42689 0.96191 1.05419 0.60228 0.67433 0.60228 0.67433 20.45454 8.59503 43.38803 20.97390 9.21162 43.75700
lin/ang/drive_left/drive_right/tv_l/tv_r/av_l/av_r/x/y/theta/tx/ty/ttheta: 1.19319 0.32361 0.97857 1.06496 0.62369 0.66269 0.62369 0.66269 21.03255 9.15470 43.75871 21.54930 9.76741 44.23772
lin/ang/drive_left/drive_right/tv_l/tv_r/av_l/av_r/x/y/theta/tx/ty/ttheta: 1.27490 0.17378 1.04997 1.12909 0.68478 0.70942 0.68478 0.70942 21.64683 9.75360 44.10427 22.26290 10.46796 44.67427
lin/ang/drive_left/drive_right/tv_l/tv_r/av_l/av_r/x/y/theta/tx/ty/ttheta: 1.22744 0.01037 1.01217 1.08571 0.66067 0.69075 0.66067 0.69075 22.23157 10.33698 44.43536 22.83063 11.03160 44.89188
lin/ang/drive_left/drive_right/tv_l/tv_r/av_l/av_r/x/y/theta/tx/ty/ttheta: 1.15501 -0.14868 1.13990 1.19071 0.74258 0.75117 0.74258 0.75117 22.88208 10.98411 44.67793 23.53822 11.73822 44.99930
lin/ang/drive_left/drive_right/tv_l/tv_r/av_l/av_r/x/y/theta/tx/ty/ttheta: 1.07901 -0.29766 1.18649 1.22984 0.39525 0.43736 0.39525 0.43736 23.55380 11.65777 44.86596 24.24561 12.44504 44.92384
lin/ang/drive_left/drive_right/tv_l/tv_r/av_l/av_r/x/y/theta/tx/ty/ttheta: 1.01806 -0.43355 1.13826 1.16562 0.29089 0.31792 0.29089 0.31792 24.18430 12.31003 45.00405 24.88396 13.07948 44.69956
lin/ang/drive_left/drive_right/tv_l/tv_r/av_l/av_r/x/y/theta/tx/ty/ttheta: 0.95781 -0.58645 1.21001 1.26809 0.31158 0.25567 0.31158 0.25567 24.86841 13.00564 45.19796 25.45410 13.64068 44.37587
lin/ang/drive_left/drive_right/tv_l/tv_r/av_l/av_r/x/y/theta/tx/ty/ttheta: 0.90636 -0.73959 1.00994 1.04535 0.37697 0.22467 0.37697 0.22467 25.44316 13.57530 45.40881 25.95599 14.12865 43.99671
lin/ang/drive_left/drive_right/tv_l/tv_r/av_l/av_r/x/y/theta/tx/ty/ttheta: 0.86413 -0.83885 1.03481 0.98620 0.44867 0.24058 0.44867 0.24058 26.02875 14.11524 45.28699 26.53403 14.68171 43.45395
lin/ang/drive_left/drive_right/tv_l/tv_r/av_l/av_r/x/y/theta/tx/ty/ttheta: 0.82692 -0.92444 1.01726 0.89578 0.48150 0.23392 0.48150 0.23392 26.56356 14.64559 44.83252 27.11785 15.22869 42.79484
lin/ang/drive_left/drive_right/tv_l/tv_r/av_l/av_r/x/y/theta/tx/ty/ttheta: 0.78902 -1.02870 1.01469 0.86773 0.41664 0.19592 0.41664 0.19592 27.03826 15.22016 44.21923 27.56012 15.63417 42.22457
lin/ang/drive_left/drive_right/tv_l/tv_r/av_l/av_r/x/y/theta/tx/ty/ttheta: 0.76135 -1.14074 0.92236 0.73129 0.40672 0.19147 0.40672 0.19147 27.45573 15.72577 43.45582 28.08150 16.10129 41.47764
lin/ang/drive_left/drive_right/tv_l/tv_r/av_l/av_r/x/y/theta/tx/ty/ttheta: 0.73513 -1.16769 1.00062 0.77776 0.47928 0.20228 0.47928 0.20228 27.96819 16.20293 42.53533 28.60928 16.56118 40.64379
lin/ang/drive_left/drive_right/tv_l/tv_r/av_l/av_r/x/y/theta/tx/ty/ttheta: 0.70957 -1.11430 0.93575 0.69498 0.44369 0.17761 0.44369 0.17761 28.45832 16.61807 41.50983 28.99052 16.88477 39.99572
lin/ang/drive_left/drive_right/tv_l/tv_r/av_l/av_r/x/y/theta/tx/ty/ttheta: 0.68970 -1.11802 0.86932 0.61058 0.38894 0.20908 0.38894 0.20908 28.88911 17.01083 40.42170 29.45298 17.26713 39.16137
lin/ang/drive_left/drive_right/tv_l/tv_r/av_l/av_r/x/y/theta/tx/ty/ttheta: 0.67481 -1.11464 0.87183 0.63098 0.35967 0.23594 0.35967 0.23594 29.34255 17.39104 39.35874 29.92118 17.64248 38.26653
lin/ang/drive_left/drive_right/tv_l/tv_r/av_l/av_r/x/y/theta/tx/ty/ttheta: 0.65999 -1.11866 0.83263 0.60428 0.38481 0.22911 0.38481 0.22911 29.79100 17.73616 38.37006 30.39539 18.01024 37.31290
lin/ang/drive_left/drive_right/tv_l/tv_r/av_l/av_r/x/y/theta/tx/ty/ttheta: 0.64520 -1.13287 0.88177 0.66758 0.39544 0.23836 0.39544 0.23836 30.28330 18.09678 37.43695 30.87584 18.36982 36.30259
lin/ang/drive_left/drive_right/tv_l/tv_r/av_l/av_r/x/y/theta/tx/ty/ttheta: 0.63465 -1.13118 0.79338 0.59259 0.39458 0.22500 0.39458 0.22500 30.72752 18.41397 36.55720 31.28114 18.66282 35.41908
lin/ang/drive_left/drive_right/tv_l/tv_r/av_l/av_r/x/y/theta/tx/ty/ttheta: 0.62021 -1.11068 0.74373 0.54949 0.39475 0.21783 0.39475 0.21783 31.14818 18.70124 35.72060 31.60867 18.89262 34.68622
lin/ang/drive_left/drive_right/tv_l/tv_r/av_l/av_r/x/y/theta/tx/ty/ttheta: 0.61277 -1.15828 0.78204 0.58491 0.37881 0.23169 0.37881 0.23169 31.59680 18.99894 34.87074 32.10553 19.22928 33.54568
lin/ang/drive_left/drive_right/tv_l/tv_r/av_l/av_r/x/y/theta/tx/ty/ttheta: 0.60343 -1.18105 0.78819 0.59811 0.38450 0.21694 0.38450 0.21694 32.05662 19.29347 34.05189 32.52474 19.50209 32.55959
lin/ang/drive_left/drive_right/tv_l/tv_r/av_l/av_r/x/y/theta/tx/ty/ttheta: 0.59841 -1.20427 0.72656 0.53530 0.41800 0.21028 0.41800 0.21028 32.48066 19.55297 33.22534 32.94869 19.76756 31.54344
lin/ang/drive_left/drive_right/tv_l/tv_r/av_l/av_r/x/y/theta/tx/ty/ttheta: 0.59111 -1.23051 0.78616 0.58080 0.40914 0.21233 0.40914 0.21233 32.94275 19.82939 32.36810 33.37736 20.02537 30.49961
lin/ang/drive_left/drive_right/tv_l/tv_r/av_l/av_r/x/y/theta/tx/ty/ttheta: 0.58862 -1.29538 0.77618 0.56746 0.41783 0.21253 0.41783 0.21253 33.40084 20.09450 31.47056 33.89795 20.32424 29.21410
lin/ang/drive_left/drive_right/tv_l/tv_r/av_l/av_r/x/y/theta/tx/ty/ttheta: 0.58422 -1.31780 0.76544 0.54340 0.43153 0.20158 0.43153 0.20158 33.85175 20.34454 30.53067 34.33690 20.56424 28.11859
lin/ang/drive_left/drive_right/tv_l/tv_r/av_l/av_r/x/y/theta/tx/ty/ttheta: 0.58082 -1.33695 0.76294 0.53405 0.44864 0.19917 0.44864 0.19917 34.30311 20.58405 29.55579 34.78042 20.79574 27.00409
lin/ang/drive_left/drive_right/tv_l/tv_r/av_l/av_r/x/y/theta/tx/ty/ttheta: 0.57880 -1.34890 0.75282 0.50984 0.43275 0.20464 0.43275 0.20464 34.74731 20.80808 28.53039 35.22840 21.01851 25.87352
lin/ang/drive_left/drive_right/tv_l/tv_r/av_l/av_r/x/y/theta/tx/ty/ttheta: 0.57733 -1.35495 0.76098 0.51323 0.43222 0.20669 0.43222 0.20669 35.19980 21.02561 27.46301 35.68075 21.23236 24.72993
lin/ang/drive_left/drive_right/tv_l/tv_r/av_l/av_r/x/y/theta/tx/ty/ttheta: 0.57444 -1.36262 0.82382 0.57440 0.43239 0.21492 0.43239 0.21492 35.69985 21.25668 26.39540 36.13731 21.43710 23.57635
lin/ang/drive_left/drive_right/tv_l/tv_r/av_l/av_r/x/y/theta/tx/ty/ttheta: 0.57499 -1.36691 0.74620 0.49274 0.42931 0.21953 0.42931 0.21953 36.14802 21.45034 25.30505 36.59793 21.63260 22.41585
lin/ang/drive_left/drive_right/tv_l/tv_r/av_l/av_r/x/y/theta/tx/ty/ttheta: 0.57708 -1.38440 0.71748 0.47154 0.42811 0.21408 0.42811 0.21408 36.57907 21.63352 24.24445 37.06246 21.81871 21.25145
lin/ang/drive_left/drive_right/tv_l/tv_r/av_l/av_r/x/y/theta/tx/ty/ttheta: 0.57788 -1.40520 0.77382 0.52730 0.44453 0.21953 0.44453 0.21953 37.05260 21.82932 23.18059 37.53071 21.99535 20.08610
lin/ang/drive_left/drive_right/tv_l/tv_r/av_l/av_r/x/y/theta/tx/ty/ttheta: 0.58065 -1.41870 0.73320 0.49066 0.45889 0.21831 0.45889 0.21831 37.50490 21.99660 22.13761 38.00247 22.16245 18.92270
lin/ang/drive_left/drive_right/tv_l/tv_r/av_l/av_r/x/y/theta/tx/ty/ttheta: 0.58160 -1.42638 0.80747 0.55590 0.45136 0.21508 0.45136 0.21508 38.01147 22.17522 21.06524 38.47753 22.31996 17.76399
lin/ang/drive_left/drive_right/tv_l/tv_r/av_l/av_r/x/y/theta/tx/ty/ttheta: 0.58341 -1.42749 0.80326 0.54427 0.46064 0.22928 0.46064 0.22928 38.51582 22.34115 19.96280 38.95570 22.46787 16.61257
lin/ang/drive_left/drive_right/tv_l/tv_r/av_l/av_r/x/y/theta/tx/ty/ttheta: 0.58731 -1.42573 0.75911 0.49975 0.45000 0.22331 0.45000 0.22331 38.98991 22.48701 18.84188 39.43675 22.60617 15.47086
lin/ang/drive_left/drive_right/tv_l/tv_r/av_l/av_r/x/y/theta/tx/ty/ttheta: 0.59281 -1.46004 0.80044 0.54356 0.45003 0.23047 0.45003 0.23047 39.49895 22.63297 17.73817 40.01753 22.75954 14.11673
lin/ang/drive_left/drive_right/tv_l/tv_r/av_l/av_r/x/y/theta/tx/ty/ttheta: 0.57072 -1.42289 0.82834 0.57391 0.46508 0.23839 0.46508 0.23839 40.03180 22.77853 16.63710 40.50417 22.87690 13.00398
lin/ang/drive_left/drive_right/tv_l/tv_r/av_l/av_r/x/y/theta/tx/ty/ttheta: 0.54912 -1.37498 0.78786 0.52131 0.48494 0.22211 0.48494 0.22211 40.53307 22.90042 15.51536 40.99299 22.98486 11.90741
lin/ang/drive_left/drive_right/tv_l/tv_r/av_l/av_r/x/y/theta/tx/ty/ttheta: 0.53146 -1.32556 0.76838 0.50201 0.33436 0.12836 0.33436 0.12836 41.02196 23.00820 14.35899 41.48378 23.08352 10.82862
lin/ang/drive_left/drive_right/tv_l/tv_r/av_l/av_r/x/y/theta/tx/ty/ttheta: 0.50616 -1.28611 0.81757 0.53408 0.28419 0.11328 0.28419 0.11328 41.54415 23.11301 13.17702 42.07505 23.18982 9.55941
lin/ang/drive_left/drive_right/tv_l/tv_r/av_l/av_r/x/y/theta/tx/ty/ttheta: 0.49006 -1.17501 0.68257 0.39426 0.30356 0.16050 0.30356 0.16050 41.96327 23.18132 11.92123 42.47048 23.25346 8.72958
lin/ang/drive_left/drive_right/tv_l/tv_r/av_l/av_r/x/y/theta/tx/ty/ttheta: 0.46235 -1.04194 0.69933 0.43909 0.27361 0.14083 0.27361 0.14083 42.40559 23.25530 10.77482 42.76763 23.29746 8.11610
lin/ang/drive_left/drive_right/tv_l/tv_r/av_l/av_r/x/y/theta/tx/ty/ttheta: 0.44220 -1.06359 0.67515 0.44760 0.23047 0.18497 0.23047 0.18497 42.83449 23.36890 9.75335 43.26389 23.36378 7.11113
lin/ang/drive_left/drive_right/tv_l/tv_r/av_l/av_r/x/y/theta/tx/ty/ttheta: 0.41746 -1.04117 0.61470 0.41864 0.20636 0.15536 0.20636 0.15536 43.23403 23.44715 8.88672 43.66168 23.41062 6.32327
lin/ang/drive_left/drive_right/tv_l/tv_r/av_l/av_r/x/y/theta/tx/ty/ttheta: 0.39707 -1.02558 0.59989 0.45649 0.26678 0.10592 0.26678 0.10592 43.64721 23.49629 8.21805 44.06008 23.45204 5.55003
lin/ang/drive_left/drive_right/tv_l/tv_r/av_l/av_r/x/y/theta/tx/ty/ttheta: 0.37490 -0.97090 0.48955 0.33379 0.23392 0.10233 0.23392 0.10233 43.97043 23.52529 7.56484 44.35923 23.47961 4.97982
lin/ang/drive_left/drive_right/tv_l/tv_r/av_l/av_r/x/y/theta/tx/ty/ttheta: 0.35428 -0.95818 0.51502 0.37446 0.22775 0.10369 0.22775 0.10369 44.31931 23.55771 6.94434 44.75849 23.51176 4.23263
lin/ang/drive_left/drive_right/tv_l/tv_r/av_l/av_r/x/y/theta/tx/ty/ttheta: 0.32233 -0.87627 0.52937 0.38701 0.19900 0.10778 0.19900 0.10778 44.67902 23.58782 6.33287 44.95827 23.52590 3.86468
lin/ang/drive_left/drive_right/tv_l/tv_r/av_l/av_r/x/y/theta/tx/ty/ttheta: 0.30387 -0.85775 0.45108 0.33716 0.18447 0.06808 0.18447 0.06808 44.98850 23.61225 5.81410 45.25810 23.54472 3.31979
lin/ang/drive_left/drive_right/tv_l/tv_r/av_l/av_r/x/y/theta/tx/ty/ttheta: 0.27499 -0.82077 0.41907 0.29193 0.13706 -0.03303 0.13706 -0.03303 45.26807 23.62945 5.29566 45.55810 23.56071 2.78338
lin/ang/drive_left/drive_right/tv_l/tv_r/av_l/av_r/x/y/theta/tx/ty/ttheta: 0.26345 -0.75691 0.34911 0.20277 0.15914 0.04669 0.15914 0.04669 45.48556 23.63644 4.67169 45.75818 23.56982 2.43049
lin/ang/drive_left/drive_right/tv_l/tv_r/av_l/av_r/x/y/theta/tx/ty/ttheta: 0.23062 -0.69258 0.36096 0.21033 0.13503 -0.05286 0.13503 -0.05286 45.71061 23.64322 4.04923 46.05838 23.58119 1.90823
lin/ang/drive_left/drive_right/tv_l/tv_r/av_l/av_r/x/y/theta/tx/ty/ttheta: 0.21708 -0.60751 0.33172 0.17351 0.08539 0.03711 0.08539 0.03711 45.90998 23.64261 3.34950 46.25857 23.58726 1.56475
lin/ang/drive_left/drive_right/tv_l/tv_r/av_l/av_r/x/y/theta/tx/ty/ttheta: 0.19425 -0.48627 0.29897 0.17160 -0.00753 -0.04036 -0.00753 -0.04036 46.09556 23.64158 2.77878 46.25857 23.58726 1.56475
lin/ang/drive_left/drive_right/tv_l/tv_r/av_l/av_r/x/y/theta/tx/ty/ttheta: 0.17849 -0.43926 0.14964 0.08750 0.04447 0.09289 0.04447 0.09289 46.18899 23.64232 2.44256 46.35868 23.58984 1.39442
lin/ang/drive_left/drive_right/tv_l/tv_r/av_l/av_r/x/y/theta/tx/ty/ttheta: 0.17846 -0.44834 0.13319 0.12296 0.13486 0.19989 0.13486 0.19989 46.28983 23.64452 2.33917 46.45879 23.59213 1.22503
lin/ang/drive_left/drive_right/tv_l/tv_r/av_l/av_r/x/y/theta/tx/ty/ttheta: 0.16051 -0.46720 0.11896 0.14085 0.20089 0.16239 0.20089 0.16239 46.39198 23.65009 2.40939 46.55891 23.59413 1.05656
lin/ang/drive_left/drive_right/tv_l/tv_r/av_l/av_r/x/y/theta/tx/ty/ttheta: 0.13993 -0.50544 0.11150 0.15563 0.16889 0.01453 0.16889 0.01453 46.49683 23.65963 2.58605 46.65905 23.59582 0.88903
lin/ang/drive_left/drive_right/tv_l/tv_r/av_l/av_r/x/y/theta/tx/ty/ttheta: 0.13956 -0.54013 0.13993 0.13539 0.10422 -0.11481 0.10422 -0.11481 46.60508 23.66521 2.61940 46.75917 23.59723 0.72241
lin/ang/drive_left/drive_right/tv_l/tv_r/av_l/av_r/x/y/theta/tx/ty/ttheta: 0.11563 -0.51690 0.14138 0.09541 0.12525 -0.10353 0.12525 -0.10353 46.69833 23.66678 2.48312 46.85931 23.59835 0.55674
lin/ang/drive_left/drive_right/tv_l/tv_r/av_l/av_r/x/y/theta/tx/ty/ttheta: 0.08535 -0.42624 0.14724 0.02438 0.13981 -0.09189 0.13981 -0.09189 46.76620 23.66044 2.01499 46.95945 23.59918 0.39197
lin/ang/drive_left/drive_right/tv_l/tv_r/av_l/av_r/x/y/theta/tx/ty/ttheta: 0.08640 -0.36369 0.16959 0.02564 -0.08844 -0.12644 -0.08844 -0.12644 46.84311 23.66058 1.42126 47.05959 23.59972 0.22815
lin/ang/drive_left/drive_right/tv_l/tv_r/av_l/av_r/x/y/theta/tx/ty/ttheta: 0.08414 -0.30724 0.13327 -0.00068 -0.08658 -0.03422 -0.08658 -0.03422 46.89503 23.68028 0.80923 47.05959 23.59972 0.22815
lin/ang/drive_left/drive_right/tv_l/tv_r/av_l/av_r/x/y/theta/tx/ty/ttheta: 0.00644 -0.18205 0.04684 -0.00351 0.11069 0.06950 0.11069 0.06950 46.91209 23.68105 0.51295 47.05959 23.59972 0.22815
lin/ang/drive_left/drive_right/tv_l/tv_r/av_l/av_r/x/y/theta/tx/ty/ttheta: 0.00591 -0.17453 0.01290 0.01806 0.11533 0.00567 0.11533 0.00567 46.92429 23.68032 0.46996 47.05959 23.59972 0.22815
lin/ang/drive_left/drive_right/tv_l/tv_r/av_l/av_r/x/y/theta/tx/ty/ttheta: 0.00550 -0.18758 0.00541 0.01785 0.08694 -0.06706 0.08694 -0.06706 46.93344 23.68184 0.54475 47.05959 23.59972 0.22815
lin/ang/drive_left/drive_right/tv_l/tv_r/av_l/av_r/x/y/theta/tx/ty/ttheta: 0.00497 -0.18606 0.01654 0.01437 0.08058 -0.07189 0.08058 -0.07189 46.94561 23.68179 0.53601 47.05959 23.59972 0.22815
lin/ang/drive_left/drive_right/tv_l/tv_r/av_l/av_r/x/y/theta/tx/ty/ttheta: 0.00457 -0.17165 0.02489 -0.00135 0.07836 -0.06964 0.07836 -0.06964 46.95489 23.68028 0.45309 47.05959 23.59972 0.22815
lin/ang/drive_left/drive_right/tv_l/tv_r/av_l/av_r/x/y/theta/tx/ty/ttheta: 0.00457 -0.15519 0.00851 -0.00834 0.07853 -0.06825 0.07853 -0.06825 46.95496 23.67846 0.35833 47.05959 23.59972 0.22815
lin/ang/drive_left/drive_right/tv_l/tv_r/av_l/av_r/x/y/theta/tx/ty/ttheta: 0.00430 -0.14791 0.01266 0.00286 0.07869 -0.06808 0.07869 -0.06808 46.96108 23.67769 0.31639 47.05959 23.59972 0.22815
lin/ang/drive_left/drive_right/tv_l/tv_r/av_l/av_r/x/y/theta/tx/ty/ttheta: 0.00417 -0.14127 0.00862 -0.00060 0.07681 -0.06808 0.07681 -0.06808 46.96424 23.67697 0.27812 47.05959 23.59972 0.22815
lin/ang/drive_left/drive_right/tv_l/tv_r/av_l/av_r/x/y/theta/tx/ty/ttheta: 0.00417 -0.13426 0.00391 -0.00384 0.06947 -0.06775 0.06947 -0.06775 46.96427 23.67620 0.23770 47.05959 23.59972 0.22815
lin/ang/drive_left/drive_right/tv_l/tv_r/av_l/av_r/x/y/theta/tx/ty/ttheta: 0.00417 -0.13251 0.00048 -0.00046 0.06894 -0.06844 0.06894 -0.06844 46.96428 23.67600 0.22762 47.05959 23.59972 0.22815
lin/ang/drive_left/drive_right/tv_l/tv_r/av_l/av_r/x/y/theta/tx/ty/ttheta: 0.00417 -0.13259 -0.00096 0.00096 0.06878 -0.06775 0.06878 -0.06775 46.96428 23.67601 0.22807 47.05959 23.59972 0.22815
lin/ang/drive_left/drive_right/tv_l/tv_r/av_l/av_r/x/y/theta/tx/ty/ttheta: 0.00417 -0.13184 0.00128 -0.00127 0.06878 -0.06792 0.06878 -0.06792 46.96428 23.67593 0.22375 47.05959 23.59972 0.22815
lin/ang/drive_left/drive_right/tv_l/tv_r/av_l/av_r/x/y/theta/tx/ty/ttheta: 0.00417 -0.13089 0.00062 -0.00061 0.06844 -0.06808 0.06844 -0.06808 46.96428 23.67582 0.21827 47.05959 23.59972 0.22815
lin/ang/drive_left/drive_right/tv_l/tv_r/av_l/av_r/x/y/theta/tx/ty/ttheta: 0.00417 -0.12897 0.00106 -0.00104 0.06844 -0.06792 0.06844 -0.06792 46.96429 23.67561 0.20724 47.05959 23.59972 0.22815
lin/ang/drive_left/drive_right/tv_l/tv_r/av_l/av_r/x/y/theta/tx/ty/ttheta: 0.00417 -0.12898 0.00022 -0.00022 0.06844 -0.06808 0.06844 -0.06808 46.96429 23.67561 0.20727 47.05959 23.59972 0.22815
lin/ang/drive_left/drive_right/tv_l/tv_r/av_l/av_r/x/y/theta/tx/ty/ttheta: 0.00417 -0.12817 0.00060 -0.00059 0.06861 -0.06825 0.06861 -0.06825 46.96430 23.67552 0.20263 47.05959 23.59972 0.22815
lin/ang/drive_left/drive_right/tv_l/tv_r/av_l/av_r/x/y/theta/tx/ty/ttheta: 0.00417 -0.12808 -0.00040 0.00040 0.06861 -0.06792 0.06861 -0.06792 46.96430 23.67551 0.20211 47.05959 23.59972 0.22815
lin/ang/drive_left/drive_right/tv_l/tv_r/av_l/av_r/x/y/theta/tx/ty/ttheta: 0.00417 -0.12754 0.00049 -0.00048 0.06878 -0.06825 0.06878 -0.06825 46.96430 23.67545 0.19898 47.05959 23.59972 0.22815
lin/ang/drive_left/drive_right/tv_l/tv_r/av_l/av_r/x/y/theta/tx/ty/ttheta: 0.00417 -0.12703 0.00043 -0.00042 0.06878 -0.06825 0.06878 -0.06825 46.96430 23.67540 0.19604 47.05959 23.59972 0.22815
lin/ang/drive_left/drive_right/tv_l/tv_r/av_l/av_r/x/y/theta/tx/ty/ttheta: 0.00417 -0.12641 0.00036 -0.00035 0.06894 -0.06825 0.06894 -0.06825 46.96430 23.67533 0.19247 47.05959 23.59972 0.22815
lin/ang/drive_left/drive_right/tv_l/tv_r/av_l/av_r/x/y/theta/tx/ty/ttheta: 0.00417 -0.12598 0.00022 -0.00021 0.06878 -0.06808 0.06878 -0.06808 46.96431 23.67528 0.18997 47.05959 23.59972 0.22815
lin/ang/drive_left/drive_right/tv_l/tv_r/av_l/av_r/x/y/theta/tx/ty/ttheta: 0.00417 -0.12652 -0.00035 0.00035 0.06861 -0.06825 0.06861 -0.06825 46.96430 23.67534 0.19309 47.05959 23.59972 0.22815
lin/ang/drive_left/drive_right/tv_l/tv_r/av_l/av_r/x/y/theta/tx/ty/ttheta: 0.00417 -0.12672 -0.00033 0.00033 0.06861 -0.06792 0.06861 -0.06792 46.96430 23.67536 0.19422 47.05959 23.59972 0.22815
lin/ang/drive_left/drive_right/tv_l/tv_r/av_l/av_r/x/y/theta/tx/ty/ttheta: 0.00417 -0.12624 0.00039 -0.00038 0.06861 -0.06808 0.06861 -0.06808 46.96430 23.67531 0.19149 47.05959 23.59972 0.22815
lin/ang/drive_left/drive_right/tv_l/tv_r/av_l/av_r/x/y/theta/tx/ty/ttheta: 0.00417 -0.12580 0.00019 -0.00019 0.06844 -0.06825 0.06844 -0.06825 46.96431 23.67526 0.18895 47.05959 23.59972 0.22815
lin/ang/drive_left/drive_right/tv_l/tv_r/av_l/av_r/x/y/theta/tx/ty/ttheta: 0.00417 -0.12632 -0.00036 0.00035 0.06878 -0.06808 0.06878 -0.06808 46.96430 23.67532 0.19192 47.05959 23.59972 0.22815
lin/ang/drive_left/drive_right/tv_l/tv_r/av_l/av_r/x/y/theta/tx/ty/ttheta: 0.00417 -0.12630 0.00013 -0.00013 0.06844 -0.06808 0.06844 -0.06808 46.96430 23.67532 0.19182 47.05959 23.59972 0.22815
lin/ang/drive_left/drive_right/tv_l/tv_r/av_l/av_r/x/y/theta/tx/ty/ttheta: 0.00417 -0.12634 0.00028 -0.00029 0.06828 -0.06808 0.06828 -0.06808 46.96430 23.67532 0.19204 47.05959 23.59972 0.22815
lin/ang/drive_left/drive_right/tv_l/tv_r/av_l/av_r/x/y/theta/tx/ty/ttheta: 0.00417 -0.12611 -0.00001 0.00002 0.06861 -0.06825 0.06861 -0.06825 46.96431 23.67530 0.19071 47.05959 23.59972 0.22815
lin/ang/drive_left/drive_right/tv_l/tv_r/av_l/av_r/x/y/theta/tx/ty/ttheta: 0.00417 -0.12569 0.00039 -0.00039 0.06811 -0.06825 0.06811 -0.06825 46.96431 23.67525 0.18830 47.05959 23.59972 0.22815
lin/ang/drive_left/drive_right/tv_l/tv_r/av_l/av_r/x/y/theta/tx/ty/ttheta: 0.00417 -0.12592 -0.00029 0.00029 0.06894 -0.06808 0.06894 -0.06808 46.96431 23.67527 0.18960 47.05959 23.59972 0.22815
lin/ang/drive_left/drive_right/tv_l/tv_r/av_l/av_r/x/y/theta/tx/ty/ttheta: 0.00417 -0.12646 -0.00036 0.00035 0.06844 -0.06825 0.06844 -0.06825 46.96430 23.67533 0.19275 47.05959 23.59972 0.22815
lin/ang/drive_left/drive_right/tv_l/tv_r/av_l/av_r/x/y/theta/tx/ty/ttheta: 0.00417 -0.12596 0.00037 -0.00036 0.06911 -0.06792 0.06911 -0.06792 46.96431 23.67528 0.18989 47.05959 23.59972 0.22815
lin/ang/drive_left/drive_right/tv_l/tv_r/av_l/av_r/x/y/theta/tx/ty/ttheta: 0.00417 -0.12581 0.00019 -0.00019 0.06861 -0.06808 0.06861 -0.06808 46.96431 23.67526 0.18900 47.05959 23.59972 0.22815
lin/ang/drive_left/drive_right/tv_l/tv_r/av_l/av_r/x/y/theta/tx/ty/ttheta: 0.00417 -0.12602 0.00002 -0.00002 0.06844 -0.06792 0.06844 -0.06792 46.96431 23.67529 0.19022 47.05959 23.59972 0.22815
lin/ang/drive_left/drive_right/tv_l/tv_r/av_l/av_r/x/y/theta/tx/ty/ttheta: 0.00417 -0.12588 0.00009 -0.00009 0.06828 -0.06808 0.06828 -0.06808 46.96431 23.67527 0.18943 47.05959 23.59972 0.22815
lin/ang/drive_left/drive_right/tv_l/tv_r/av_l/av_r/x/y/theta/tx/ty/ttheta: 0.00417 -0.12602 -0.00004 0.00004 0.06894 -0.06808 0.06894 -0.06808 46.96431 23.67529 0.19021 47.05959 23.59972 0.22815
lin/ang/drive_left/drive_right/tv_l/tv_r/av_l/av_r/x/y/theta/tx/ty/ttheta: 0.00417 -0.12619 -0.00011 0.00011 0.06844 -0.06828 0.06844 -0.06828 46.96430 23.67530 0.19120 47.05959 23.59972 0.22815
lin/ang/drive_left/drive_right/tv_l/tv_r/av_l/av_r/x/y/theta/tx/ty/ttheta: 0.00417 -0.12611 0.00001 -0.00001 0.06861 -0.06808 0.06861 -0.06808 46.96431 23.67530 0.19071 47.05959 23.59972 0.22815
lin/ang/drive_left/drive_right/tv_l/tv_r/av_l/av_r/x/y/theta/tx/ty/ttheta: 0.00417 -0.12610 -0.00032 0.00032 0.06861 -0.06808 0.06861 -0.06808 46.96431 23.67530 0.19069 47.05959 23.59972 0.22815
lin/ang/drive_left/drive_right/tv_l/tv_r/av_l/av_r/x/y/theta/tx/ty/ttheta: 0.00417 -0.12616 -0.00004 0.00004 0.06894 -0.06792 0.06894 -0.06792 46.96430 23.67530 0.19100 47.05959 23.59972 0.22815
lin/ang/drive_left/drive_right/tv_l/tv_r/av_l/av_r/x/y/theta/tx/ty/ttheta: 0.00417 -0.12618 0.00037 -0.00037 0.06861 -0.06828 0.06861 -0.06828 46.96430 23.67530 0.19113 47.05959 23.59972 0.22815
lin/ang/drive_left/drive_right/tv_l/tv_r/av_l/av_r/x/y/theta/tx/ty/ttheta: 0.00417 -0.12627 -0.00038 0.00037 0.06844 -0.06825 0.06844 -0.06825 46.96430 23.67531 0.19166 47.05959 23.59972 0.22815
lin/ang/drive_left/drive_right/tv_l/tv_r/av_l/av_r/x/y/theta/tx/ty/ttheta: 0.00417 -0.12606 0.00011 -0.00011 0.06861 -0.06825 0.06861 -0.06825 46.96431 23.67529 0.19042 47.05959 23.59972 0.22815
lin/ang/drive_left/drive_right/tv_l/tv_r/av_l/av_r/x/y/theta/tx/ty/ttheta: 0.00417 -0.12597 -0.00029 0.00029 0.06861 -0.06825 0.06861 -0.06825 46.96431 23.67528 0.18993 47.05959 23.59972 0.22815
lin/ang/drive_left/drive_right/tv_l/tv_r/av_l/av_r/x/y/theta/tx/ty/ttheta: 0.00417 -0.12608 -0.00026 0.00026 0.06878 -0.06792 0.06878 -0.06792 46.96431 23.67529 0.19056 47.05959 23.59972 0.22815
lin/ang/drive_left/drive_right/tv_l/tv_r/av_l/av_r/x/y/theta/tx/ty/ttheta: 0.00417 -0.12598 0.00034 -0.00034 0.06844 -0.06808 0.06844 -0.06808 46.96431 23.67528 0.19000 47.05959 23.59972 0.22815
lin/ang/drive_left/drive_right/tv_l/tv_r/av_l/av_r/x/y/theta/tx/ty/ttheta: 0.00417 -0.12603 0.00008 -0.00008 0.06878 -0.06758 0.06878 -0.06758 46.96431 23.67529 0.19026 47.05959 23.59972 0.22815
lin/ang/drive_left/drive_right/tv_l/tv_r/av_l/av_r/x/y/theta/tx/ty/ttheta: 0.00417 -0.12612 0.00004 -0.00004 0.06828 -0.06792 0.06828 -0.06792 46.96430 23.67530 0.19077 47.05959 23.59972 0.22815
lin/ang/drive_left/drive_right/tv_l/tv_r/av_l/av_r/x/y/theta/tx/ty/ttheta: 0.00417 -0.12622 -0.00000 0.00000 0.06861 -0.06858 0.06861 -0.06858 46.96430 23.67531 0.19139 47.05959 23.59972 0.22815
lin/ang/drive_left/drive_right/tv_l/tv_r/av_l/av_r/x/y/theta/tx/ty/ttheta: 0.00417 -0.12611 -0.00006 0.00006 0.06894 -0.06808 0.06894 -0.06808 46.96431 23.67530 0.19072 47.05959 23.59972 0.22815
lin/ang/drive_left/drive_right/tv_l/tv_r/av_l/av_r/x/y/theta/tx/ty/ttheta: 0.00417 -0.12619 -0.00009 0.00008 0.06878 -0.06808 0.06878 -0.06808 46.96430 23.67530 0.19119 47.05959 23.59972 0.22815
lin/ang/drive_left/drive_right/tv_l/tv_r/av_l/av_r/x/y/theta/tx/ty/ttheta: 0.00417 -0.12607 0.00006 -0.00006 0.06861 -0.06808 0.06861 -0.06808 46.96431 23.67529 0.19050 47.05959 23.59972 0.22815
lin/ang/drive_left/drive_right/tv_l/tv_r/av_l/av_r/x/y/theta/tx/ty/ttheta: 0.00417 -0.12605 0.00012 -0.00012 0.06861 -0.06825 0.06861 -0.06825 46.96431 23.67529 0.19035 47.05959 23.59972 0.22815
lin/ang/drive_left/drive_right/tv_l/tv_r/av_l/av_r/x/y/theta/tx/ty/ttheta: 0.00417 -0.12622 -0.00026 0.00025 0.06861 -0.06775 0.06861 -0.06775 46.96430 23.67531 0.19138 47.05959 23.59972 0.22815
lin/ang/drive_left/drive_right/tv_l/tv_r/av_l/av_r/x/y/theta/tx/ty/ttheta: 0.00417 -0.12618 -0.00002 0.00002 0.06844 -0.06808 0.06844 -0.06808 46.96430 23.67530 0.19113 47.05959 23.59972 0.22815
lin/ang/drive_left/drive_right/tv_l/tv_r/av_l/av_r/x/y/theta/tx/ty/ttheta: 0.00417 -0.12601 0.00029 -0.00029 0.06878 -0.06825 0.06878 -0.06825 46.96431 23.67528 0.19017 47.05959 23.59972 0.22815
lin/ang/drive_left/drive_right/tv_l/tv_r/av_l/av_r/x/y/theta/tx/ty/ttheta: 0.00417 -0.12612 0.00018 -0.00018 0.06894 -0.06792 0.06894 -0.06792 46.96431 23.67530 0.19076 47.05959 23.59972 0.22815
lin/ang/drive_left/drive_right/tv_l/tv_r/av_l/av_r/x/y/theta/tx/ty/ttheta: 0.00417 -0.12604 0.00005 -0.00005 0.06861 -0.06808 0.06861 -0.06808 46.96431 23.67529 0.19034 47.05959 23.59972 0.22815
lin/ang/drive_left/drive_right/tv_l/tv_r/av_l/av_r/x/y/theta/tx/ty/ttheta: 0.00417 -0.12605 0.00009 -0.00009 0.06861 -0.06808 0.06861 -0.06808 46.96431 23.67529 0.19038 47.05959 23.59972 0.22815
lin/ang/drive_left/drive_right/tv_l/tv_r/av_l/av_r/x/y/theta/tx/ty/ttheta: 0.00417 -0.12635 -0.00041 0.00041 0.06844 -0.06808 0.06844 -0.06808 46.96430 23.67532 0.19208 47.05959 23.59972 0.22815
lin/ang/drive_left/drive_right/tv_l/tv_r/av_l/av_r/x/y/theta/tx/ty/ttheta: 0.00417 -0.12628 0.00017 -0.00017 0.06861 -0.06842 0.06861 -0.06842 46.96430 23.67531 0.19172 47.05959 23.59972 0.22815
lin/ang/drive_left/drive_right/tv_l/tv_r/av_l/av_r/x/y/theta/tx/ty/ttheta: 0.00417 -0.12604 0.00001 -0.00000 0.06861 -0.06775 0.06861 -0.06775 46.96431 23.67529 0.19035 47.05959 23.59972 0.22815
lin/ang/drive_left/drive_right/tv_l/tv_r/av_l/av_r/x/y/theta/tx/ty/ttheta: 0.00417 -0.12595 0.00001 -0.00001 0.06844 -0.06825 0.06844 -0.06825 46.96431 23.67528 0.18983 47.05959 23.59972 0.22815
lin/ang/drive_left/drive_right/tv_l/tv_r/av_l/av_r/x/y/theta/tx/ty/ttheta: 0.00417 -0.12602 -0.00009 0.00009 0.06828 -0.06775 0.06828 -0.06775 46.96431 23.67529 0.19020 47.05959 23.59972 0.22815
lin/ang/drive_left/drive_right/tv_l/tv_r/av_l/av_r/x/y/theta/tx/ty/ttheta: 0.00417 -0.12624 -0.00027 0.00027 0.06861 -0.06808 0.06861 -0.06808 46.96430 23.67531 0.19150 47.05959 23.59972 0.22815
lin/ang/drive_left/drive_right/tv_l/tv_r/av_l/av_r/x/y/theta/tx/ty/ttheta: 0.00417 -0.12596 0.00022 -0.00022 0.06861 -0.06792 0.06861 -0.06792 46.96431 23.67528 0.18988 47.05959 23.59972 0.22815
lin/ang/drive_left/drive_right/tv_l/tv_r/av_l/av_r/x/y/theta/tx/ty/ttheta: 0.00417 -0.12608 0.00020 -0.00020 0.06878 -0.06825 0.06878 -0.06825 46.96431 23.67529 0.19054 47.05959 23.59972 0.22815
lin/ang/drive_left/drive_right/tv_l/tv_r/av_l/av_r/x/y/theta/tx/ty/ttheta: 0.00417 -0.12602 0.00002 -0.00002 0.06844 -0.06792 0.06844 -0.06792 46.96431 23.67529 0.19018 47.05959 23.59972 0.22815
lin/ang/drive_left/drive_right/tv_l/tv_r/av_l/av_r/x/y/theta/tx/ty/ttheta: 0.00417 -0.12608 -0.00006 0.00006 0.06861 -0.06825 0.06861 -0.06825 46.96431 23.67529 0.19053 47.05959 23.59972 0.22815
lin/ang/drive_left/drive_right/tv_l/tv_r/av_l/av_r/x/y/theta/tx/ty/ttheta: 0.00417 -0.12608 0.00002 -0.00002 0.06844 -0.06825 0.06844 -0.06825 46.96431 23.67529 0.19056 47.05959 23.59972 0.22815
lin/ang/drive_left/drive_right/tv_l/tv_r/av_l/av_r/x/y/theta/tx/ty/ttheta: 0.00417 -0.12624 -0.00003 0.00003 0.06844 -0.06808 0.06844 -0.06808 46.96430 23.67531 0.19149 47.05959 23.59972 0.22815
lin/ang/drive_left/drive_right/tv_l/tv_r/av_l/av_r/x/y/theta/tx/ty/ttheta: 0.00417 -0.12625 -0.00001 0.00001 0.06878 -0.06825 0.06878 -0.06825 46.96430 23.67531 0.19155 47.05959 23.59972 0.22815
lin/ang/drive_left/drive_right/tv_l/tv_r/av_l/av_r/x/y/theta/tx/ty/ttheta: 0.00417 -0.12628 -0.00038 0.00038 0.06878 -0.06808 0.06878 -0.06808 46.96430 23.67531 0.19169 47.05959 23.59972 0.22815
lin/ang/drive_left/drive_right/tv_l/tv_r/av_l/av_r/x/y/theta/tx/ty/ttheta: 0.00417 -0.12600 0.00006 -0.00006 0.06844 -0.06825 0.06844 -0.06825 46.96431 23.67528 0.19007 47.05959 23.59972 0.22815
lin/ang/drive_left/drive_right/tv_l/tv_r/av_l/av_r/x/y/theta/tx/ty/ttheta: 0.00417 -0.12605 0.00004 -0.00004 0.06861 -0.06775 0.06861 -0.06775 46.96431 23.67529 0.19039 47.05959 23.59972 0.22815
lin/ang/drive_left/drive_right/tv_l/tv_r/av_l/av_r/x/y/theta/tx/ty/ttheta: 0.00417 -0.12603 -0.00003 0.00003 0.06861 -0.06808 0.06861 -0.06808 46.96431 23.67529 0.19028 47.05959 23.59972 0.22815
lin/ang/drive_left/drive_right/tv_l/tv_r/av_l/av_r/x/y/theta/tx/ty/ttheta: 0.00417 -0.12626 -0.00013 0.00013 0.06878 -0.06808 0.06878 -0.06808 46.96430 23.67531 0.19158 47.05959 23.59972 0.22815
lin/ang/drive_left/drive_right/tv_l/tv_r/av_l/av_r/x/y/theta/tx/ty/ttheta: 0.00417 -0.12598 0.00039 -0.00039 0.06861 -0.06808 0.06861 -0.06808 46.96431 23.67528 0.18999 47.05959 23.59972 0.22815
lin/ang/drive_left/drive_right/tv_l/tv_r/av_l/av_r/x/y/theta/tx/ty/ttheta: 0.00417 -0.12604 0.00005 -0.00005 0.06878 -0.06808 0.06878 -0.06808 46.96431 23.67529 0.19032 47.05959 23.59972 0.22815
lin/ang/drive_left/drive_right/tv_l/tv_r/av_l/av_r/x/y/theta/tx/ty/ttheta: 0.00417 -0.12600 0.00014 -0.00014 0.06878 -0.06825 0.06878 -0.06825 46.96431 23.67528 0.19008 47.05959 23.59972 0.22815
lin/ang/drive_left/drive_right/tv_l/tv_r/av_l/av_r/x/y/theta/tx/ty/ttheta: 0.00417 -0.12602 0.00014 -0.00014 0.06894 -0.06825 0.06894 -0.06825 46.96431 23.67529 0.19021 47.05959 23.59972 0.22815
lin/ang/drive_left/drive_right/tv_l/tv_r/av_l/av_r/x/y/theta/tx/ty/ttheta: 0.00417 -0.12616 -0.00035 0.00035 0.06844 -0.06808 0.06844 -0.06808 46.96430 23.67530 0.19099 47.05959 23.59972 0.22815
lin/ang/drive_left/drive_right/tv_l/tv_r/av_l/av_r/x/y/theta/tx/ty/ttheta: 0.00417 -0.12602 0.00017 -0.00017 0.06894 -0.06792 0.06894 -0.06792 46.96431 23.67529 0.19021 47.05959 23.59972 0.22815
lin/ang/drive_left/drive_right/tv_l/tv_r/av_l/av_r/x/y/theta/tx/ty/ttheta: 0.00417 -0.12645 -0.00029 0.00029 0.06828 -0.06825 0.06828 -0.06825 46.96430 23.67533 0.19270 47.05959 23.59972 0.22815
lin/ang/drive_left/drive_right/tv_l/tv_r/av_l/av_r/x/y/theta/tx/ty/ttheta: 0.00417 -0.12620 -0.00002 0.00003 0.06861 -0.06792 0.06861 -0.06792 46.96430 23.67531 0.19124 47.05959 23.59972 0.22815
lin/ang/drive_left/drive_right/tv_l/tv_r/av_l/av_r/x/y/theta/tx/ty/ttheta: 0.00417 -0.12614 0.00003 -0.00003 0.06861 -0.06792 0.06861 -0.06792 46.96430 23.67530 0.19092 47.05959 23.59972 0.22815
lin/ang/drive_left/drive_right/tv_l/tv_r/av_l/av_r/x/y/theta/tx/ty/ttheta: 0.00417 -0.12607 0.00015 -0.00015 0.06828 -0.06828 0.06828 -0.06828 46.96431 23.67529 0.19049 47.05959 23.59972 0.22815
lin/ang/drive_left/drive_right/tv_l/tv_r/av_l/av_r/x/y/theta/tx/ty/ttheta: 0.00417 -0.12611 -0.00001 0.00001 0.06878 -0.06825 0.06878 -0.06825 46.96431 23.67530 0.19072 47.05959 23.59972 0.22815
lin/ang/drive_left/drive_right/tv_l/tv_r/av_l/av_r/x/y/theta/tx/ty/ttheta: 0.00417 -0.12619 0.00015 -0.00015 0.06844 -0.06775 0.06844 -0.06775 46.96430 23.67530 0.19121 47.05959 23.59972 0.22815
lin/ang/drive_left/drive_right/tv_l/tv_r/av_l/av_r/x/y/theta/tx/ty/ttheta: 0.00417 -0.12604 0.00006 -0.00006 0.06844 -0.06775 0.06844 -0.06775 46.96431 23.67529 0.19034 47.05959 23.59972 0.22815
lin/ang/drive_left/drive_right/tv_l/tv_r/av_l/av_r/x/y/theta/tx/ty/ttheta: 0.00417 -0.12613 0.00006 -0.00006 0.06861 -0.06808 0.06861 -0.06808 46.96430 23.67530 0.19085 47.05959 23.59972 0.22815
lin/ang/drive_left/drive_right/tv_l/tv_r/av_l/av_r/x/y/theta/tx/ty/ttheta: 0.00417 -0.12615 0.00001 -0.00001 0.06844 -0.06842 0.06844 -0.06842 46.96430 23.67530 0.19095 47.05959 23.59972 0.22815
lin/ang/drive_left/drive_right/tv_l/tv_r/av_l/av_r/x/y/theta/tx/ty/ttheta: 0.00417 -0.12615 -0.00003 0.00003 0.06861 -0.06808 0.06861 -0.06808 46.96430 23.67530 0.19095 47.05959 23.59972 0.22815
lin/ang/drive_left/drive_right/tv_l/tv_r/av_l/av_r/x/y/theta/tx/ty/ttheta: 0.00417 -0.12617 -0.00008 0.00008 0.06844 -0.06808 0.06844 -0.06808 46.96430 23.67530 0.19109 47.05959 23.59972 0.22815
lin/ang/drive_left/drive_right/tv_l/tv_r/av_l/av_r/x/y/theta/tx/ty/ttheta: 0.00417 -0.12613 0.00002 -0.00002 0.06878 -0.06808 0.06878 -0.06808 46.96430 23.67530 0.19084 47.05959 23.59972 0.22815
lin/ang/drive_left/drive_right/tv_l/tv_r/av_l/av_r/x/y/theta/tx/ty/ttheta: 0.00417 -0.12616 0.00009 -0.00009 0.06878 -0.06825 0.06878 -0.06825 46.96430 23.67530 0.19101 47.05959 23.59972 0.22815
lin/ang/drive_left/drive_right/tv_l/tv_r/av_l/av_r/x/y/theta/tx/ty/ttheta: 0.00417 -0.12616 -0.00020 0.00020 0.06844 -0.06808 0.06844 -0.06808 46.96430 23.67530 0.19104 47.05959 23.59972 0.22815
lin/ang/drive_left/drive_right/tv_l/tv_r/av_l/av_r/x/y/theta/tx/ty/ttheta: 0.00417 -0.12627 -0.00021 0.00021 0.06844 -0.06825 0.06844 -0.06825 46.96430 23.67531 0.19167 47.05959 23.59972 0.22815
lin/ang/drive_left/drive_right/tv_l/tv_r/av_l/av_r/x/y/theta/tx/ty/ttheta: 0.00417 -0.12611 -0.00004 0.00004 0.06844 -0.06808 0.06844 -0.06808 46.96431 23.67530 0.19074 47.05959 23.59972 0.22815
lin/ang/drive_left/drive_right/tv_l/tv_r/av_l/av_r/x/y/theta/tx/ty/ttheta: 0.00417 -0.12611 0.00000 -0.00000 0.06844 -0.06792 0.06844 -0.06792 46.96431 23.67530 0.19074 47.05959 23.59972 0.22815
lin/ang/drive_left/drive_right/tv_l/tv_r/av_l/av_r/x/y/theta/tx/ty/ttheta: 0.00417 -0.12597 0.00019 -0.00019 0.06878 -0.06792 0.06878 -0.06792 46.96431 23.67528 0.18990 47.05959 23.59972 0.22815
lin/ang/drive_left/drive_right/tv_l/tv_r/av_l/av_r/x/y/theta/tx/ty/ttheta: 0.00417 -0.12628 -0.00040 0.00040 0.06828 -0.06825 0.06828 -0.06825 46.96430 23.67531 0.19168 47.05959 23.59972 0.22815
lin/ang/drive_left/drive_right/tv_l/tv_r/av_l/av_r/x/y/theta/tx/ty/ttheta: 0.00417 -0.12615 0.00010 -0.00010 0.06861 -0.06825 0.06861 -0.06825 46.96430 23.67530 0.19093 47.05959 23.59972 0.22815
lin/ang/drive_left/drive_right/tv_l/tv_r/av_l/av_r/x/y/theta/tx/ty/ttheta: 0.00417 -0.12610 0.00009 -0.00009 0.06844 -0.06825 0.06844 -0.06825 46.96431 23.67529 0.19066 47.05959 23.59972 0.22815
WARNING - pros.serial.terminal.terminal:reader - Connection to /dev/ttyACM1 broken - pros-cli version:3.5.6
WARNING - pros.serial.terminal.terminal:stop - Stopping terminal - pros-cli version:3.5.6

[tomas@nixbtw:~/projects/Robotics/current/libs/lyfast]$

