
[tomas@nixbtw:~/projects/Robotics/current/libs/lyfast]$ t
Not sending analytics for this command.

Established terminal connection
LQR:computing forwards angle



         _+=+_
      .-`  .  `-.          8888888b.  8888888b.   .d88888b.   .d8888b.
   _+`     "     `+_       888   Y88b 888   Y88b d88P" "Y88b d88P  Y88b
  \\\sssssssssssss///      888    888 888    888 888     888 Y88b.
     .ss\  *  /ss.         888   d88P 888   d88P 888     888  "Y888b.
 .+bm  .s  *  s.  md+.     8888888P"  8888888P"  888     888     "Y88b.
.hMMMMs .  *  . sMMMMh.    888        888 T88b   888     888       "888
 `\hMMMb \ | / dMMMh:      888        888  T88b  Y88b. .d88P Y88b  d88P
   -SNMNo  -  oNMNs-       888        888   T88b  "Y88888P"   "Y8888P"
     `+dMh\./dMd/
        `:yNy:`                      Powered by PROS for VEX V5
           "                Copyright (c) Purdue University ACM SIGBots
Version:        4.2.1     Platform:  V1.1.5 (b18)     Uptime:    0.000 s
Compiled:   Jan  1 1980 00:00:00     Directory:


starting task: 2309135
timed correctly: 2312023
total distance: 78.136703
delta_distance: 0.100000
allocated for points 791
adding points:1792
isolated constraints:2364
forwards pass:2779
backwards pass:3244
travel times:3327
final time:3338
a_{kin}=\left[199.9997,199.9997,199.9997,199.9997,199.9997,199.9997,199.9997,199.9997,199.9997,199.9997,199.9997,199.9997,199.9997,199.9997,199.9997,199.9997,199.9997,199.9997,199.9997,199.9997,199.9997,199.9997,199.9997,199.9997,199.9997,199.9997,199.9997,199.9997,199.9997,199.9997,199.9997,199.9997,199.9997,199.9997,199.9997,199.9997,199.9997,199.9997,199.9997,199.9997,199.9997,199.9997,199.9997,199.9997,199.9997,199.9997,199.9997,199.9997,199.9997,199.9997,199.9997,199.9997,199.9997,199.9997,199.9997,199.9997,199.9997,199.9997,199.9997,199.9997,199.9997,199.9997,199.9997,199.9997,199.9997,199.9997,199.9997,199.9997,199.9997,199.9997,199.9997,199.9997,199.9997,199.9997,199.9997,199.9997,199.9997,199.9997,199.9997,199.9997,199.9997,199.9997,199.9997,199.9997,199.9997,199.9997,199.9997,199.9997,199.9997,199.9997,199.9997,199.9997,199.9997,199.9997,199.9997,199.9997,199.9997,199.9997,199.9997,199.9997,199.9997,199.9997,199.9997,199.9997,199.9997,199.9997,199.9997,199.9997,199.9997,199.9997,199.9997,199.9997,199.9997,199.9997,199.9997,199.9997,199.9997,199.9997,199.9997,199.9997,199.9997,199.9997,199.9997,199.9997,199.9997,199.9997,199.9997,199.9997,199.9997,199.9997,199.9997,199.9997,199.9997,199.9997,199.9997,199.9997,199.9997,199.9997,199.9997,199.9997,199.9997,199.9997,199.9997,199.9997,199.9997,199.9997,199.9997,199.9997,199.9997,199.9997,199.9997,199.9997,199.9997,199.9997,199.9997,199.9997,199.9997,199.9997,199.9997,199.9997,199.9997,199.9997,199.9997,199.9997,199.9997,199.9997,199.9997,199.9997,199.9997,199.9997,199.9997,199.9997,199.9997,199.9997,199.9997,199.9997,199.9997,199.9997,199.9997,199.9997,199.9997,199.9997,199.9997,199.9997,199.9997,199.9997,199.9997,199.9997,199.9997,199.9997,199.9997,199.9997,199.9997,199.9997,199.9997,199.9997,199.9997,199.9997,199.9997,199.9997,199.9997,199.9997,199.9997,199.9997,199.9997,199.9997,199.9997,199.9997,199.9997,199.9997,199.9997,199.9997,199.9997,199.9997,199.9997,199.9997,199.9997,199.9997,199.9997,199.9997,199.9997,199.9997,199.9997,199.9997,199.9997,199.9997,199.9997,199.9997,199.9997,199.9997,199.9997,199.9997,199.9997,199.9997,199.9997,199.9997,174.1696,174.0426,173.9155,173.7882,173.6608,173.5333,173.4056,173.2780,173.1502,173.0224,172.8946,172.7668,172.6390,172.5113,172.3836,172.2560,172.1285,172.0012,171.8739,171.7469,171.6200,171.4934,171.3670,171.2409,171.1150,170.9895,170.8643,170.7395,170.6151,170.4911,170.3676,170.2445,170.1220,170.0000,169.8785,169.7577,169.6375,169.5179,169.3990,169.2809,169.1635,169.0469,168.9311,168.8161,168.7020,168.5889,168.4767,168.3655,168.2553,168.1461,168.0381,167.9312,167.8254,167.7209,167.6176,167.5155,167.4147,167.3153,167.2173,167.1207,167.0255,166.9319,166.8398,166.7492,166.6603,166.5729,166.4873,166.4034,166.3212,166.2409,166.1624,166.0857,166.0109,165.9381,165.8673,165.7984,165.7317,165.6670,165.6044,165.5440,165.4858,165.4299,165.3762,165.3247,165.2757,165.2290,165.1846,165.1428,165.1034,165.0664,165.0320,165.0002,164.9710,164.9443,164.9203,164.8990,164.8804,164.8645,164.8513,164.8409,164.8334,164.8286,164.8267,164.8276,164.8315,164.8382,164.8478,164.8604,164.8760,164.8945,164.9161,164.9406,164.9681,164.9987,165.0323,165.0690,165.1088,165.1516,165.1975,165.2464,165.2985,165.3536,165.4119,165.4732,165.5377,165.6052,165.6759,165.7496,165.8265,165.9064,165.9895,166.0756,166.1648,166.2571,166.3524,166.4508,166.5522,166.6567,166.7642,166.8747,166.9882,167.1047,167.2241,167.3465,167.4718,167.6001,167.7312,167.8652,168.0021,168.1419,168.2844,168.4298,168.5779,168.7288,168.8825,169.0388,169.1978,169.3595,169.5239,169.6908,169.8604,170.0325,170.2071,170.3842,170.5639,170.7460,170.9305,171.1174,171.3067,171.4984,171.6924,171.8886,172.0872,172.2879,172.4910,172.6961,172.9034,173.1129,173.3244,173.5381,173.7537,173.9714,174.1911,174.4127,174.6362,174.8617,175.0891,175.3183,175.5493,175.7821,176.0167,176.2531,176.4912,176.7310,176.9724,177.2156,177.4603,177.7067,177.9546,178.2041,178.4551,178.7077,178.9618,179.2173,179.4743,179.7327,179.9926,180.2538,180.5164,180.7803,181.0457,181.3123,181.5803,181.8495,182.1200,182.3918,182.6648,182.9391,183.2146,183.4913,183.7691,184.0482,184.3284,184.6098,184.8924,185.1761,185.4609,185.7468,186.0338,186.3219,186.6112,186.9015,187.1929,187.4853,187.7789,188.0735,188.3692,188.6658,188.9636,189.2624,189.5623,189.8632,190.1651,190.4680,190.7720,191.0770,191.3831,191.6902,191.9983,192.3074,192.6176,192.9288,193.2411,193.5543,193.8687,194.1840,194.5004,194.8179,195.1364,195.4559,195.7765,196.0982,196.4209,196.7447,197.0695,197.3955,197.7225,198.0506,198.3798,198.7101,199.0415,199.3740,199.7076,199.9577,199.6232,199.2899,198.9577,198.6266,198.2965,197.9676,197.6398,197.3131,196.9874,196.6628,196.3393,196.0168,195.6954,195.3751,195.0558,194.7376,194.4204,194.1043,193.7892,193.4751,193.1621,192.8501,192.5392,192.2292,191.9203,191.6125,191.3057,190.9999,190.6951,190.3914,190.0887,189.7870,189.4864,189.1868,188.8882,188.5907,188.2943,187.9989,187.7046,187.4113,187.1191,186.8279,186.5379,186.2489,185.9610,185.6743,185.3887,185.1041,184.8207,184.5384,184.2573,183.9774,183.6986,183.4210,183.1446,182.8694,182.5954,182.3227,182.0512,181.7810,181.5120,181.2444,180.9780,180.7130,180.4494,180.1871,179.9262,179.6667,179.4086,179.1519,178.8967,178.6430,178.3907,178.1400,177.8909,177.6433,177.3973,177.1529,176.9101,176.6691,176.4296,176.1919,175.9559,175.7217,175.4893,175.2586,175.0299,174.8029,174.5779,174.3547,174.1335,173.9143,173.6970,173.4818,173.2687,173.0576,172.8486,172.6418,172.4371,172.2345,172.0343,171.8362,171.6405,171.4470,171.2559,171.0671,170.8807,170.6967,170.5152,170.3361,170.1595,169.9854,169.8139,169.6450,169.4786,169.3149,169.1538,168.9954,168.8397,168.6866,168.5364,168.3889,168.2442,168.1023,167.9632,167.8270,167.6937,167.5632,167.4357,167.3111,167.1894,167.0707,166.9550,166.8422,166.7325,166.6258,166.5221,166.4214,166.3238,166.2293,166.1378,166.0494,165.9641,165.8819,165.8028,165.7268,165.6539,165.5841,165.5174,165.4538,165.3934,165.3360,165.2818,165.2306,165.1825,165.1376,165.0957,165.0569,165.0211,164.9884,164.9588,164.9322,164.9086,164.8881,164.8705,164.8559,164.8443,164.8356,164.8298,164.8270,164.8270,164.8299,164.8357,164.8443,164.8556,164.8698,164.8867,164.9063,164.9286,164.9536,164.9813,165.0116,165.0444,165.0798,165.1177,165.1581,165.2010,165.2463,165.2941,165.3441,165.3965,165.4512,165.5082,165.5674,165.6288,165.6923,165.7580,165.8258,165.8956,165.9674,166.0412,166.1169,166.1945,166.2740,166.3553,166.4384,166.5233,166.6098,166.6980,166.7879,166.8794,166.9724,167.0669,167.1630,167.2604,167.3593,167.4596,167.5612,167.6641,167.7682,167.8736,167.9802,168.0879,168.1967,168.3067,168.4176,168.5296,168.6426,168.7564,168.8712,168.9869,169.1034,169.2208,169.3388,169.4577,169.5772,169.6974,169.8183,169.9398,170.0619,170.1845,170.3076,170.4313,170.5554,170.6800,170.8049,170.9303,171.0560,171.1821,171.3084,171.4350,171.5619,171.6890,171.8163,171.9438,172.0715,172.1993,172.3272,172.4552,172.5833,172.7114,172.8396,172.9678,173.0959,173.2240,173.3521,173.4801,173.6080,173.7359,173.8636,173.9911,174.1186,174.1698\right]
a_{turn}=\left[5118110.0000,5118110.0000,5118110.0000,5118110.0000,5118110.0000,5118110.0000,5118110.0000,5118110.0000,5118110.0000,5118110.0000,5118110.0000,5118110.0000,5118110.0000,5118110.0000,5118110.0000,5118110.0000,5118110.0000,5118110.0000,5118110.0000,5118110.0000,5118110.0000,5118110.0000,5118110.0000,5118110.0000,5118110.0000,5118110.0000,5118110.0000,5118110.0000,5118110.0000,5118110.0000,5118110.0000,5118110.0000,5118110.0000,5118110.0000,5118110.0000,5118110.0000,5118110.0000,5118110.0000,5118110.0000,5118110.0000,5118110.0000,5118110.0000,5118110.0000,5118110.0000,5118110.0000,5118110.0000,5118110.0000,5118110.0000,5118110.0000,5118110.0000,5118110.0000,5118110.0000,5118110.0000,5118110.0000,5118110.0000,5118110.0000,5118110.0000,5118110.0000,5118110.0000,5118110.0000,5118110.0000,5118110.0000,5118110.0000,5118110.0000,5118110.0000,5118110.0000,5118110.0000,5118110.0000,5118110.0000,5118110.0000,5118110.0000,5118110.0000,5118110.0000,5118110.0000,5118110.0000,5118110.0000,5118110.0000,5118110.0000,5118110.0000,5118110.0000,5118110.0000,5118110.0000,5118110.0000,5118110.0000,5118110.0000,5118110.0000,5118110.0000,5118110.0000,5118110.0000,5118110.0000,5118110.0000,5118110.0000,5118110.0000,5118110.0000,5118110.0000,5118110.0000,5118110.0000,5118110.0000,5118110.0000,5118110.0000,5118110.0000,5118110.0000,5118110.0000,5118110.0000,5118110.0000,5118110.0000,5118110.0000,5118110.0000,5118110.0000,5118110.0000,5118110.0000,5118110.0000,5118110.0000,5118110.0000,5118110.0000,5118110.0000,5118110.0000,5118110.0000,5118110.0000,5118110.0000,5118110.0000,5118110.0000,5118110.0000,5118110.0000,5118110.0000,5118110.0000,5118110.0000,5118110.0000,5118110.0000,5118110.0000,5118110.0000,5118110.0000,5118110.0000,5118110.0000,5118110.0000,5118110.0000,5118110.0000,5118110.0000,5118110.0000,5118110.0000,5118110.0000,5118110.0000,5118110.0000,5118110.0000,5118110.0000,5118110.0000,5118110.0000,5118110.0000,5118110.0000,5118110.0000,5118110.0000,5118110.0000,5118110.0000,5118110.0000,5118110.0000,5118110.0000,5118110.0000,5118110.0000,5118110.0000,5118110.0000,5118110.0000,5118110.0000,5118110.0000,5118110.0000,5118110.0000,5118110.0000,5118110.0000,5118110.0000,5118110.0000,5118110.0000,5118110.0000,5118110.0000,5118110.0000,5118110.0000,5118110.0000,5118110.0000,5118110.0000,5118110.0000,5118110.0000,5118110.0000,5118110.0000,5118110.0000,5118110.0000,5118110.0000,5118110.0000,5118110.0000,5118110.0000,5118110.0000,5118110.0000,5118110.0000,5118110.0000,5118110.0000,5118110.0000,5118110.0000,5118110.0000,5118110.0000,5118110.0000,5118110.0000,5118110.0000,5118110.0000,5118110.0000,5118110.0000,5118110.0000,5118110.0000,5118110.0000,5118110.0000,5118110.0000,5118110.0000,5118110.0000,5118110.0000,5118110.0000,5118110.0000,5118110.0000,5118110.0000,5118110.0000,5118110.0000,5118110.0000,5118110.0000,5118110.0000,5118110.0000,5118110.0000,5118110.0000,5118110.0000,5118110.0000,5118110.0000,5118110.0000,5118110.0000,5118110.0000,5118110.0000,5118110.0000,5118110.0000,5118110.0000,5118110.0000,5118110.0000,5118110.0000,5118110.0000,46.0198,45.7612,45.5049,45.2508,44.9989,44.7492,44.5017,44.2564,44.0134,43.7726,43.5340,43.2977,43.0636,42.8318,42.6022,42.3749,42.1498,41.9270,41.7065,41.4883,41.2723,41.0586,40.8473,40.6382,40.4314,40.2269,40.0248,39.8249,39.6274,39.4323,39.2394,39.0489,38.8608,38.6749,38.4915,38.3104,38.1317,37.9554,37.7814,37.6098,37.4407,37.2739,37.1095,36.9476,36.7881,36.6309,36.4763,36.3240,36.1743,36.0270,35.8821,35.7397,35.5998,35.4624,35.3275,35.1950,35.0651,34.9377,34.8128,34.6905,34.5707,34.4534,34.3387,34.2267,34.1171,34.0102,33.9058,33.8041,33.7050,33.6085,33.5147,33.4235,33.3350,33.2491,33.1659,33.0855,33.0077,32.9326,32.8603,32.7908,32.7240,32.6599,32.5987,32.5402,32.4846,32.4318,32.3818,32.3347,32.2905,32.2492,32.2107,32.1752,32.1427,32.1130,32.0864,32.0628,32.0422,32.0246,32.0100,31.9986,31.9902,31.9849,31.9828,31.9839,31.9881,31.9955,32.0062,32.0201,32.0373,32.0578,32.0817,32.1089,32.1395,32.1736,32.2111,32.2521,32.2966,32.3446,32.3963,32.4515,32.5104,32.5731,32.6394,32.7095,32.7835,32.8613,32.9430,33.0286,33.1182,33.2119,33.3096,33.4115,33.5176,33.6279,33.7425,33.8615,33.9849,34.1127,34.2451,34.3821,34.5238,34.6702,34.8214,34.9775,35.1386,35.3047,35.4759,35.6524,35.8341,36.0212,36.2138,36.4120,36.6158,36.8254,37.0409,37.2624,37.4901,37.7239,37.9641,38.2108,38.4642,38.7243,38.9913,39.2653,39.5466,39.8352,40.1314,40.4353,40.7471,41.0670,41.3952,41.7319,42.0773,42.4316,42.7950,43.1679,43.5504,43.9428,44.3454,44.7585,45.1824,45.6173,46.0637,46.5217,46.9919,47.4746,47.9702,48.4790,49.0016,49.5383,50.0897,50.6562,51.2383,51.8367,52.4518,53.0843,53.7348,54.4040,55.0927,55.8015,56.5312,57.2827,58.0569,58.8546,59.6770,60.5249,61.3996,62.3022,63.2339,64.1961,65.1902,66.2178,67.2803,68.3796,69.5174,70.6958,71.9167,73.1826,74.4956,75.8586,77.2741,78.7453,80.2755,81.8680,83.5267,85.2557,87.0595,88.9428,90.9111,92.9699,95.1257,97.3853,99.7563,102.2471,104.8669,107.6258,110.5352,113.6075,116.8568,120.2986,123.9504,127.8322,131.9661,136.3773,141.0945,146.1511,151.5845,157.4384,163.7635,170.6190,178.0742,186.2116,195.1295,204.9453,215.8017,227.8732,241.3759,256.5803,273.8293,293.5652,316.3678,343.0110,374.5550,412.4890,458.9731,517.2640,592.5158,693.3928,835.6639,1051.3894,1417.2596,2173.6494,4661.4707,32251.1543,3616.0881,1915.4403,1302.7544,987.0308,794.4890,664.8046,571.5150,501.1865,446.2705,402.2003,366.0523,335.8665,310.2803,288.3164,269.2572,252.5620,237.8165,224.6985,212.9524,202.3739,192.7972,184.0867,176.1298,168.8332,162.1178,155.9170,150.1739,144.8396,139.8720,135.2347,130.8962,126.8283,123.0066,119.4095,116.0180,112.8148,109.7849,106.9147,104.1919,101.6055,99.1456,96.8034,94.5707,92.4400,90.4045,88.4583,86.5955,84.8110,83.1001,81.4584,79.8819,78.3669,76.9100,75.5080,74.1578,72.8569,71.6026,70.3926,69.2246,68.0966,67.0068,65.9532,64.9342,63.9482,62.9938,62.0694,61.1740,60.3061,59.4647,58.6486,57.8568,57.0884,56.3424,55.6179,54.9142,54.2305,53.5660,52.9200,52.2919,51.6810,51.0867,50.5085,49.9458,49.3981,48.8649,48.3458,47.8403,47.3479,46.8683,46.4011,45.9460,45.5025,45.0703,44.6491,44.2387,43.8386,43.4486,43.0685,42.6980,42.3368,41.9847,41.6415,41.3070,40.9808,40.6629,40.3531,40.0511,39.7568,39.4700,39.1905,38.9182,38.6529,38.3945,38.1428,37.8977,37.6591,37.4268,37.2007,36.9807,36.7666,36.5584,36.3560,36.1593,35.9681,35.7823,35.6019,35.4268,35.2569,35.0921,34.9323,34.7774,34.6274,34.4823,34.3418,34.2060,34.0748,33.9481,33.8259,33.7081,33.5946,33.4854,33.3805,33.2797,33.1831,33.0906,33.0020,32.9175,32.8369,32.7602,32.6873,32.6183,32.5530,32.4915,32.4336,32.3794,32.3289,32.2819,32.2385,32.1986,32.1621,32.1291,32.0996,32.0734,32.0507,32.0312,32.0151,32.0022,31.9926,31.9863,31.9831,31.9832,31.9864,31.9927,32.0022,32.0148,32.0304,32.0491,32.0709,32.0957,32.1234,32.1542,32.1879,32.2245,32.2641,32.3066,32.3520,32.4003,32.4514,32.5054,32.5623,32.6219,32.6844,32.7496,32.8177,32.8885,32.9620,33.0383,33.1174,33.1991,33.2836,33.3707,33.4605,33.5530,33.6482,33.7460,33.8465,33.9496,34.0552,34.1635,34.2745,34.3880,34.5040,34.6227,34.7439,34.8677,34.9940,35.1228,35.2542,35.3881,35.5245,35.6634,35.8048,35.9487,36.0951,36.2440,36.3953,36.5491,36.7053,36.8640,37.0251,37.1887,37.3547,37.5231,37.6939,37.8671,38.0427,38.2207,38.4011,38.5839,38.7690,38.9566,39.1464,39.3387,39.5333,39.7302,39.9295,40.1311,40.3350,40.5413,40.7499,40.9608,41.1740,41.3895,41.6073,41.8274,42.0498,42.2745,42.5015,42.7307,42.9622,43.1959,43.4320,43.6702,43.9108,44.1535,44.3986,44.6458,44.8953,45.1470,45.4010,45.6571,45.9155,46.0200\right]
d_{kin}=\left[199.9997,199.9997,199.9997,199.9997,199.9997,199.9997,199.9997,199.9997,199.9997,199.9997,199.9997,199.9997,199.9997,199.9997,199.9997,199.9997,199.9997,199.9997,199.9997,199.9997,199.9997,199.9997,199.9997,199.9997,199.9997,199.9997,199.9997,199.9997,199.9997,199.9997,199.9997,199.9997,199.9997,199.9997,199.9997,199.9997,199.9997,199.9997,199.9997,199.9997,199.9997,199.9997,199.9997,199.9997,199.9997,199.9997,199.9997,199.9997,199.9997,199.9997,199.9997,199.9997,199.9997,199.9997,199.9997,199.9997,199.9997,199.9997,199.9997,199.9997,199.9997,199.9997,199.9997,199.9997,199.9997,199.9997,199.9997,199.9997,199.9997,199.9997,199.9997,199.9997,199.9997,199.9997,199.9997,199.9997,199.9997,199.9997,199.9997,199.9997,199.9997,199.9997,199.9997,199.9997,199.9997,199.9997,199.9997,199.9997,199.9997,199.9997,199.9997,199.9997,199.9997,199.9997,199.9997,199.9997,199.9997,199.9997,199.9997,199.9997,199.9997,199.9997,199.9997,199.9997,199.9997,199.9997,199.9997,199.9997,199.9997,199.9997,199.9997,199.9997,199.9997,199.9997,199.9997,199.9997,199.9997,199.9997,199.9997,199.9997,199.9997,199.9997,199.9997,199.9997,199.9997,199.9997,199.9997,199.9997,199.9997,199.9997,199.9997,199.9997,199.9997,199.9997,199.9997,199.9997,199.9997,199.9997,199.9997,199.9997,199.9997,199.9997,199.9997,199.9997,199.9997,199.9997,199.9997,199.9997,199.9997,199.9997,199.9997,199.9997,199.9997,199.9997,199.9997,199.9997,199.9997,199.9997,199.9997,199.9997,199.9997,199.9997,199.9997,199.9997,199.9997,199.9997,199.9997,199.9997,199.9997,199.9997,199.9997,199.9997,199.9997,199.9997,199.9997,199.9997,199.9997,199.9997,199.9997,199.9997,199.9997,199.9997,199.9997,199.9997,199.9997,199.9997,199.9997,199.9997,199.9997,199.9997,199.9997,199.9997,199.9997,199.9997,199.9997,199.9997,199.9997,199.9997,199.9997,199.9997,199.9997,199.9997,199.9997,199.9997,199.9997,199.9997,199.9997,199.9997,199.9997,199.9997,199.9997,199.9997,199.9997,199.9997,199.9997,199.9997,199.9997,199.9997,199.9997,199.9997,199.9997,199.9997,199.9997,199.9997,199.9997,199.9997,199.9997,199.9997,199.9997,199.9997,199.9997,199.9997,199.9997,199.9997,199.9997,199.9997,174.1696,174.0426,173.9155,173.7882,173.6608,173.5333,173.4056,173.2780,173.1502,173.0224,172.8946,172.7668,172.6390,172.5113,172.3836,172.2560,172.1285,172.0012,171.8739,171.7469,171.6200,171.4934,171.3670,171.2409,171.1150,170.9895,170.8643,170.7395,170.6151,170.4911,170.3676,170.2445,170.1220,170.0000,169.8785,169.7577,169.6375,169.5179,169.3990,169.2809,169.1635,169.0469,168.9311,168.8161,168.7020,168.5889,168.4767,168.3655,168.2553,168.1461,168.0381,167.9312,167.8254,167.7209,167.6176,167.5155,167.4147,167.3153,167.2173,167.1207,167.0255,166.9319,166.8398,166.7492,166.6603,166.5729,166.4873,166.4034,166.3212,166.2409,166.1624,166.0857,166.0109,165.9381,165.8673,165.7984,165.7317,165.6670,165.6044,165.5440,165.4858,165.4299,165.3762,165.3247,165.2757,165.2290,165.1846,165.1428,165.1034,165.0664,165.0320,165.0002,164.9710,164.9443,164.9203,164.8990,164.8804,164.8645,164.8513,164.8409,164.8334,164.8286,164.8267,164.8276,164.8315,164.8382,164.8478,164.8604,164.8760,164.8945,164.9161,164.9406,164.9681,164.9987,165.0323,165.0690,165.1088,165.1516,165.1975,165.2464,165.2985,165.3536,165.4119,165.4732,165.5377,165.6052,165.6759,165.7496,165.8265,165.9064,165.9895,166.0756,166.1648,166.2571,166.3524,166.4508,166.5522,166.6567,166.7642,166.8747,166.9882,167.1047,167.2241,167.3465,167.4718,167.6001,167.7312,167.8652,168.0021,168.1419,168.2844,168.4298,168.5779,168.7288,168.8825,169.0388,169.1978,169.3595,169.5239,169.6908,169.8604,170.0325,170.2071,170.3842,170.5639,170.7460,170.9305,171.1174,171.3067,171.4984,171.6924,171.8886,172.0872,172.2879,172.4910,172.6961,172.9034,173.1129,173.3244,173.5381,173.7537,173.9714,174.1911,174.4127,174.6362,174.8617,175.0891,175.3183,175.5493,175.7821,176.0167,176.2531,176.4912,176.7310,176.9724,177.2156,177.4603,177.7067,177.9546,178.2041,178.4551,178.7077,178.9618,179.2173,179.4743,179.7327,179.9926,180.2538,180.5164,180.7803,181.0457,181.3123,181.5803,181.8495,182.1200,182.3918,182.6648,182.9391,183.2146,183.4913,183.7691,184.0482,184.3284,184.6098,184.8924,185.1761,185.4609,185.7468,186.0338,186.3219,186.6112,186.9015,187.1929,187.4853,187.7789,188.0735,188.3692,188.6658,188.9636,189.2624,189.5623,189.8632,190.1651,190.4680,190.7720,191.0770,191.3831,191.6902,191.9983,192.3074,192.6176,192.9288,193.2411,193.5543,193.8687,194.1840,194.5004,194.8179,195.1364,195.4559,195.7765,196.0982,196.4209,196.7447,197.0695,197.3955,197.7225,198.0506,198.3798,198.7101,199.0415,199.3740,199.7076,199.9577,199.6232,199.2899,198.9577,198.6266,198.2965,197.9676,197.6398,197.3131,196.9874,196.6628,196.3393,196.0168,195.6954,195.3751,195.0558,194.7376,194.4204,194.1043,193.7892,193.4751,193.1621,192.8501,192.5392,192.2292,191.9203,191.6125,191.3057,190.9999,190.6951,190.3914,190.0887,189.7870,189.4864,189.1868,188.8882,188.5907,188.2943,187.9989,187.7046,187.4113,187.1191,186.8279,186.5379,186.2489,185.9610,185.6743,185.3887,185.1041,184.8207,184.5384,184.2573,183.9774,183.6986,183.4210,183.1446,182.8694,182.5954,182.3227,182.0512,181.7810,181.5120,181.2444,180.9780,180.7130,180.4494,180.1871,179.9262,179.6667,179.4086,179.1519,178.8967,178.6430,178.3907,178.1400,177.8909,177.6433,177.3973,177.1529,176.9101,176.6691,176.4296,176.1919,175.9559,175.7217,175.4893,175.2586,175.0299,174.8029,174.5779,174.3547,174.1335,173.9143,173.6970,173.4818,173.2687,173.0576,172.8486,172.6418,172.4371,172.2345,172.0343,171.8362,171.6405,171.4470,171.2559,171.0671,170.8807,170.6967,170.5152,170.3361,170.1595,169.9854,169.8139,169.6450,169.4786,169.3149,169.1538,168.9954,168.8397,168.6866,168.5364,168.3889,168.2442,168.1023,167.9632,167.8270,167.6937,167.5632,167.4357,167.3111,167.1894,167.0707,166.9550,166.8422,166.7325,166.6258,166.5221,166.4214,166.3238,166.2293,166.1378,166.0494,165.9641,165.8819,165.8028,165.7268,165.6539,165.5841,165.5174,165.4538,165.3934,165.3360,165.2818,165.2306,165.1825,165.1376,165.0957,165.0569,165.0211,164.9884,164.9588,164.9322,164.9086,164.8881,164.8705,164.8559,164.8443,164.8356,164.8298,164.8270,164.8270,164.8299,164.8357,164.8443,164.8556,164.8698,164.8867,164.9063,164.9286,164.9536,164.9813,165.0116,165.0444,165.0798,165.1177,165.1581,165.2010,165.2463,165.2941,165.3441,165.3965,165.4512,165.5082,165.5674,165.6288,165.6923,165.7580,165.8258,165.8956,165.9674,166.0412,166.1169,166.1945,166.2740,166.3553,166.4384,166.5233,166.6098,166.6980,166.7879,166.8794,166.9724,167.0669,167.1630,167.2604,167.3593,167.4596,167.5612,167.6641,167.7682,167.8736,167.9802,168.0879,168.1967,168.3067,168.4176,168.5296,168.6426,168.7564,168.8712,168.9869,169.1034,169.2208,169.3388,169.4577,169.5772,169.6974,169.8183,169.9398,170.0619,170.1845,170.3076,170.4313,170.5554,170.6800,170.8049,170.9303,171.0560,171.1821,171.3084,171.4350,171.5619,171.6890,171.8163,171.9438,172.0715,172.1993,172.3272,172.4552,172.5833,172.7114,172.8396,172.9678,173.0959,173.2240,173.3521,173.4801,173.6080,173.7359,173.8636,173.9911,174.1186,174.1698\right]
d_{turn}=\left[5118110.0000,5118110.0000,5118110.0000,5118110.0000,5118110.0000,5118110.0000,5118110.0000,5118110.0000,5118110.0000,5118110.0000,5118110.0000,5118110.0000,5118110.0000,5118110.0000,5118110.0000,5118110.0000,5118110.0000,5118110.0000,5118110.0000,5118110.0000,5118110.0000,5118110.0000,5118110.0000,5118110.0000,5118110.0000,5118110.0000,5118110.0000,5118110.0000,5118110.0000,5118110.0000,5118110.0000,5118110.0000,5118110.0000,5118110.0000,5118110.0000,5118110.0000,5118110.0000,5118110.0000,5118110.0000,5118110.0000,5118110.0000,5118110.0000,5118110.0000,5118110.0000,5118110.0000,5118110.0000,5118110.0000,5118110.0000,5118110.0000,5118110.0000,5118110.0000,5118110.0000,5118110.0000,5118110.0000,5118110.0000,5118110.0000,5118110.0000,5118110.0000,5118110.0000,5118110.0000,5118110.0000,5118110.0000,5118110.0000,5118110.0000,5118110.0000,5118110.0000,5118110.0000,5118110.0000,5118110.0000,5118110.0000,5118110.0000,5118110.0000,5118110.0000,5118110.0000,5118110.0000,5118110.0000,5118110.0000,5118110.0000,5118110.0000,5118110.0000,5118110.0000,5118110.0000,5118110.0000,5118110.0000,5118110.0000,5118110.0000,5118110.0000,5118110.0000,5118110.0000,5118110.0000,5118110.0000,5118110.0000,5118110.0000,5118110.0000,5118110.0000,5118110.0000,5118110.0000,5118110.0000,5118110.0000,5118110.0000,5118110.0000,5118110.0000,5118110.0000,5118110.0000,5118110.0000,5118110.0000,5118110.0000,5118110.0000,5118110.0000,5118110.0000,5118110.0000,5118110.0000,5118110.0000,5118110.0000,5118110.0000,5118110.0000,5118110.0000,5118110.0000,5118110.0000,5118110.0000,5118110.0000,5118110.0000,5118110.0000,5118110.0000,5118110.0000,5118110.0000,5118110.0000,5118110.0000,5118110.0000,5118110.0000,5118110.0000,5118110.0000,5118110.0000,5118110.0000,5118110.0000,5118110.0000,5118110.0000,5118110.0000,5118110.0000,5118110.0000,5118110.0000,5118110.0000,5118110.0000,5118110.0000,5118110.0000,5118110.0000,5118110.0000,5118110.0000,5118110.0000,5118110.0000,5118110.0000,5118110.0000,5118110.0000,5118110.0000,5118110.0000,5118110.0000,5118110.0000,5118110.0000,5118110.0000,5118110.0000,5118110.0000,5118110.0000,5118110.0000,5118110.0000,5118110.0000,5118110.0000,5118110.0000,5118110.0000,5118110.0000,5118110.0000,5118110.0000,5118110.0000,5118110.0000,5118110.0000,5118110.0000,5118110.0000,5118110.0000,5118110.0000,5118110.0000,5118110.0000,5118110.0000,5118110.0000,5118110.0000,5118110.0000,5118110.0000,5118110.0000,5118110.0000,5118110.0000,5118110.0000,5118110.0000,5118110.0000,5118110.0000,5118110.0000,5118110.0000,5118110.0000,5118110.0000,5118110.0000,5118110.0000,5118110.0000,5118110.0000,5118110.0000,5118110.0000,5118110.0000,5118110.0000,5118110.0000,5118110.0000,5118110.0000,5118110.0000,5118110.0000,5118110.0000,5118110.0000,5118110.0000,5118110.0000,5118110.0000,5118110.0000,5118110.0000,5118110.0000,5118110.0000,5118110.0000,5118110.0000,5118110.0000,5118110.0000,5118110.0000,5118110.0000,5118110.0000,5118110.0000,5118110.0000,5118110.0000,5118110.0000,5118110.0000,5118110.0000,5118110.0000,5118110.0000,5118110.0000,5118110.0000,5118110.0000,46.0198,45.7612,45.5049,45.2508,44.9989,44.7492,44.5017,44.2564,44.0134,43.7726,43.5340,43.2977,43.0636,42.8318,42.6022,42.3749,42.1498,41.9270,41.7065,41.4883,41.2723,41.0586,40.8473,40.6382,40.4314,40.2269,40.0248,39.8249,39.6274,39.4323,39.2394,39.0489,38.8608,38.6749,38.4915,38.3104,38.1317,37.9554,37.7814,37.6098,37.4407,37.2739,37.1095,36.9476,36.7881,36.6309,36.4763,36.3240,36.1743,36.0270,35.8821,35.7397,35.5998,35.4624,35.3275,35.1950,35.0651,34.9377,34.8128,34.6905,34.5707,34.4534,34.3387,34.2267,34.1171,34.0102,33.9058,33.8041,33.7050,33.6085,33.5147,33.4235,33.3350,33.2491,33.1659,33.0855,33.0077,32.9326,32.8603,32.7908,32.7240,32.6599,32.5987,32.5402,32.4846,32.4318,32.3818,32.3347,32.2905,32.2492,32.2107,32.1752,32.1427,32.1130,32.0864,32.0628,32.0422,32.0246,32.0100,31.9986,31.9902,31.9849,31.9828,31.9839,31.9881,31.9955,32.0062,32.0201,32.0373,32.0578,32.0817,32.1089,32.1395,32.1736,32.2111,32.2521,32.2966,32.3446,32.3963,32.4515,32.5104,32.5731,32.6394,32.7095,32.7835,32.8613,32.9430,33.0286,33.1182,33.2119,33.3096,33.4115,33.5176,33.6279,33.7425,33.8615,33.9849,34.1127,34.2451,34.3821,34.5238,34.6702,34.8214,34.9775,35.1386,35.3047,35.4759,35.6524,35.8341,36.0212,36.2138,36.4120,36.6158,36.8254,37.0409,37.2624,37.4901,37.7239,37.9641,38.2108,38.4642,38.7243,38.9913,39.2653,39.5466,39.8352,40.1314,40.4353,40.7471,41.0670,41.3952,41.7319,42.0773,42.4316,42.7950,43.1679,43.5504,43.9428,44.3454,44.7585,45.1824,45.6173,46.0637,46.5217,46.9919,47.4746,47.9702,48.4790,49.0016,49.5383,50.0897,50.6562,51.2383,51.8367,52.4518,53.0843,53.7348,54.4040,55.0927,55.8015,56.5312,57.2827,58.0569,58.8546,59.6770,60.5249,61.3996,62.3022,63.2339,64.1961,65.1902,66.2178,67.2803,68.3796,69.5174,70.6958,71.9167,73.1826,74.4956,75.8586,77.2741,78.7453,80.2755,81.8680,83.5267,85.2557,87.0595,88.9428,90.9111,92.9699,95.1257,97.3853,99.7563,102.2471,104.8669,107.6258,110.5352,113.6075,116.8568,120.2986,123.9504,127.8322,131.9661,136.3773,141.0945,146.1511,151.5845,157.4384,163.7635,170.6190,178.0742,186.2116,195.1295,204.9453,215.8017,227.8732,241.3759,256.5803,273.8293,293.5652,316.3678,343.0110,374.5550,412.4890,458.9731,517.2640,592.5158,693.3928,835.6639,1051.3894,1417.2596,2173.6494,4661.4707,32251.1543,3616.0881,1915.4403,1302.7544,987.0308,794.4890,664.8046,571.5150,501.1865,446.2705,402.2003,366.0523,335.8665,310.2803,288.3164,269.2572,252.5620,237.8165,224.6985,212.9524,202.3739,192.7972,184.0867,176.1298,168.8332,162.1178,155.9170,150.1739,144.8396,139.8720,135.2347,130.8962,126.8283,123.0066,119.4095,116.0180,112.8148,109.7849,106.9147,104.1919,101.6055,99.1456,96.8034,94.5707,92.4400,90.4045,88.4583,86.5955,84.8110,83.1001,81.4584,79.8819,78.3669,76.9100,75.5080,74.1578,72.8569,71.6026,70.3926,69.2246,68.0966,67.0068,65.9532,64.9342,63.9482,62.9938,62.0694,61.1740,60.3061,59.4647,58.6486,57.8568,57.0884,56.3424,55.6179,54.9142,54.2305,53.5660,52.9200,52.2919,51.6810,51.0867,50.5085,49.9458,49.3981,48.8649,48.3458,47.8403,47.3479,46.8683,46.4011,45.9460,45.5025,45.0703,44.6491,44.2387,43.8386,43.4486,43.0685,42.6980,42.3368,41.9847,41.6415,41.3070,40.9808,40.6629,40.3531,40.0511,39.7568,39.4700,39.1905,38.9182,38.6529,38.3945,38.1428,37.8977,37.6591,37.4268,37.2007,36.9807,36.7666,36.5584,36.3560,36.1593,35.9681,35.7823,35.6019,35.4268,35.2569,35.0921,34.9323,34.7774,34.6274,34.4823,34.3418,34.2060,34.0748,33.9481,33.8259,33.7081,33.5946,33.4854,33.3805,33.2797,33.1831,33.0906,33.0020,32.9175,32.8369,32.7602,32.6873,32.6183,32.5530,32.4915,32.4336,32.3794,32.3289,32.2819,32.2385,32.1986,32.1621,32.1291,32.0996,32.0734,32.0507,32.0312,32.0151,32.0022,31.9926,31.9863,31.9831,31.9832,31.9864,31.9927,32.0022,32.0148,32.0304,32.0491,32.0709,32.0957,32.1234,32.1542,32.1879,32.2245,32.2641,32.3066,32.3520,32.4003,32.4514,32.5054,32.5623,32.6219,32.6844,32.7496,32.8177,32.8885,32.9620,33.0383,33.1174,33.1991,33.2836,33.3707,33.4605,33.5530,33.6482,33.7460,33.8465,33.9496,34.0552,34.1635,34.2745,34.3880,34.5040,34.6227,34.7439,34.8677,34.9940,35.1228,35.2542,35.3881,35.5245,35.6634,35.8048,35.9487,36.0951,36.2440,36.3953,36.5491,36.7053,36.8640,37.0251,37.1887,37.3547,37.5231,37.6939,37.8671,38.0427,38.2207,38.4011,38.5839,38.7690,38.9566,39.1464,39.3387,39.5333,39.7302,39.9295,40.1311,40.3350,40.5413,40.7499,40.9608,41.1740,41.3895,41.6073,41.8274,42.0498,42.2745,42.5015,42.7307,42.9622,43.1959,43.4320,43.6702,43.9108,44.1535,44.3986,44.6458,44.8953,45.1470,45.4010,45.6571,45.9155,46.0200\right]
v_{kin}=\left[69.9999,69.9999,69.9999,69.9999,69.9999,69.9999,69.9999,69.9999,69.9999,69.9999,69.9999,69.9999,69.9999,69.9999,69.9999,69.9999,69.9999,69.9999,69.9999,69.9999,69.9999,69.9999,69.9999,69.9999,69.9999,69.9999,69.9999,69.9999,69.9999,69.9999,69.9999,69.9999,69.9999,69.9999,69.9999,69.9999,69.9999,69.9999,69.9999,69.9999,69.9999,69.9999,69.9999,69.9999,69.9999,69.9999,69.9999,69.9999,69.9999,69.9999,69.9999,69.9999,69.9999,69.9999,69.9999,69.9999,69.9999,69.9999,69.9999,69.9999,69.9999,69.9999,69.9999,69.9999,69.9999,69.9999,69.9999,69.9999,69.9999,69.9999,69.9999,69.9999,69.9999,69.9999,69.9999,69.9999,69.9999,69.9999,69.9999,69.9999,69.9999,69.9999,69.9999,69.9999,69.9999,69.9999,69.9999,69.9999,69.9999,69.9999,69.9999,69.9999,69.9999,69.9999,69.9999,69.9999,69.9999,69.9999,69.9999,69.9999,69.9999,69.9999,69.9999,69.9999,69.9999,69.9999,69.9999,69.9999,69.9999,69.9999,69.9999,69.9999,69.9999,69.9999,69.9999,69.9999,69.9999,69.9999,69.9999,69.9999,69.9999,69.9999,69.9999,69.9999,69.9999,69.9999,69.9999,69.9999,69.9999,69.9999,69.9999,69.9999,69.9999,69.9999,69.9999,69.9999,69.9999,69.9999,69.9999,69.9999,69.9999,69.9999,69.9999,69.9999,69.9999,69.9999,69.9999,69.9999,69.9999,69.9999,69.9999,69.9999,69.9999,69.9999,69.9999,69.9999,69.9999,69.9999,69.9999,69.9999,69.9999,69.9999,69.9999,69.9999,69.9999,69.9999,69.9999,69.9999,69.9999,69.9999,69.9999,69.9999,69.9999,69.9999,69.9999,69.9999,69.9999,69.9999,69.9999,69.9999,69.9999,69.9999,69.9999,69.9999,69.9999,69.9999,69.9999,69.9999,69.9999,69.9999,69.9999,69.9999,69.9999,69.9999,69.9999,69.9999,69.9999,69.9999,69.9999,69.9999,69.9999,69.9999,69.9999,69.9999,69.9999,69.9999,69.9999,69.9999,69.9999,69.9999,69.9999,69.9999,69.9999,69.9999,69.9999,69.9999,69.9999,69.9999,69.9999,69.9999,69.9999,69.9999,69.9999,69.9999,69.9999,69.9999,69.9999,69.9999,69.9999,69.9999,69.9999,69.9999,69.9999,69.9999,69.9999,69.9999,60.9594,60.9149,60.8704,60.8259,60.7813,60.7366,60.6920,60.6473,60.6026,60.5578,60.5131,60.4684,60.4237,60.3790,60.3343,60.2896,60.2450,60.2004,60.1559,60.1114,60.0670,60.0227,59.9784,59.9343,59.8903,59.8463,59.8025,59.7588,59.7153,59.6719,59.6287,59.5856,59.5427,59.5000,59.4575,59.4152,59.3731,59.3313,59.2897,59.2483,59.2072,59.1664,59.1259,59.0856,59.0457,59.0061,58.9668,58.9279,58.8893,58.8512,58.8133,58.7759,58.7389,58.7023,58.6661,58.6304,58.5952,58.5604,58.5261,58.4922,58.4589,58.4262,58.3939,58.3622,58.3311,58.3005,58.2706,58.2412,58.2124,58.1843,58.1568,58.1300,58.1038,58.0783,58.0535,58.0295,58.0061,57.9834,57.9615,57.9404,57.9200,57.9005,57.8817,57.8637,57.8465,57.8301,57.8146,57.8000,57.7862,57.7733,57.7612,57.7501,57.7398,57.7305,57.7221,57.7146,57.7081,57.7026,57.6980,57.6943,57.6917,57.6900,57.6893,57.6897,57.6910,57.6934,57.6967,57.7012,57.7066,57.7131,57.7206,57.7292,57.7388,57.7496,57.7613,57.7742,57.7881,57.8031,57.8191,57.8362,57.8545,57.8738,57.8942,57.9156,57.9382,57.9618,57.9866,58.0124,58.0393,58.0673,58.0963,58.1265,58.1577,58.1900,58.2233,58.2578,58.2933,58.3298,58.3675,58.4061,58.4459,58.4866,58.5284,58.5713,58.6151,58.6600,58.7059,58.7528,58.8007,58.8497,58.8996,58.9504,59.0023,59.0551,59.1089,59.1636,59.2192,59.2758,59.3334,59.3918,59.4511,59.5114,59.5725,59.6345,59.6974,59.7611,59.8257,59.8911,59.9574,60.0244,60.0923,60.1610,60.2305,60.3008,60.3718,60.4436,60.5162,60.5895,60.6636,60.7383,60.8138,60.8900,60.9669,61.0444,61.1227,61.2016,61.2812,61.3614,61.4423,61.5237,61.6059,61.6886,61.7719,61.8558,61.9404,62.0254,62.1111,62.1973,62.2841,62.3714,62.4593,62.5477,62.6366,62.7261,62.8160,62.9065,62.9974,63.0888,63.1807,63.2731,63.3660,63.4593,63.5531,63.6473,63.7420,63.8371,63.9327,64.0287,64.1251,64.2219,64.3192,64.4169,64.5150,64.6134,64.7123,64.8116,64.9113,65.0114,65.1118,65.2127,65.3139,65.4155,65.5175,65.6199,65.7226,65.8257,65.9292,66.0330,66.1373,66.2418,66.3468,66.4521,66.5578,66.6638,66.7702,66.8770,66.9841,67.0916,67.1994,67.3076,67.4162,67.5251,67.6344,67.7440,67.8540,67.9644,68.0751,68.1863,68.2977,68.4096,68.5218,68.6344,68.7473,68.8606,68.9743,69.0884,69.2029,69.3177,69.4329,69.5485,69.6645,69.7809,69.8977,69.9852,69.8681,69.7515,69.6352,69.5193,69.4038,69.2887,69.1739,69.0596,68.9456,68.8320,68.7187,68.6059,68.4934,68.3813,68.2695,68.1582,68.0471,67.9365,67.8262,67.7163,67.6067,67.4975,67.3887,67.2802,67.1721,67.0644,66.9570,66.8500,66.7433,66.6370,66.5310,66.4255,66.3202,66.2154,66.1109,66.0068,65.9030,65.7996,65.6966,65.5940,65.4917,65.3898,65.2883,65.1871,65.0864,64.9860,64.8860,64.7864,64.6872,64.5884,64.4901,64.3921,64.2945,64.1973,64.1006,64.0043,63.9084,63.8129,63.7179,63.6233,63.5292,63.4355,63.3423,63.2496,63.1573,63.0655,62.9742,62.8833,62.7930,62.7032,62.6138,62.5250,62.4368,62.3490,62.2618,62.1751,62.0890,62.0035,61.9185,61.8342,61.7504,61.6672,61.5846,61.5026,61.4212,61.3405,61.2604,61.1810,61.1023,61.0241,60.9467,60.8700,60.7940,60.7186,60.6440,60.5702,60.4970,60.4246,60.3530,60.2821,60.2120,60.1427,60.0742,60.0065,59.9396,59.8735,59.8082,59.7438,59.6803,59.6176,59.5558,59.4949,59.4349,59.3757,59.3175,59.2602,59.2038,59.1484,59.0939,59.0403,58.9877,58.9361,58.8855,58.8358,58.7871,58.7395,58.6928,58.6471,58.6025,58.5589,58.5163,58.4747,58.4342,58.3948,58.3564,58.3190,58.2827,58.2475,58.2133,58.1802,58.1482,58.1173,58.0874,58.0587,58.0310,58.0044,57.9789,57.9544,57.9311,57.9088,57.8877,57.8676,57.8486,57.8307,57.8139,57.7981,57.7835,57.7699,57.7574,57.7460,57.7356,57.7263,57.7180,57.7108,57.7047,57.6996,57.6955,57.6924,57.6904,57.6894,57.6895,57.6905,57.6925,57.6955,57.6995,57.7044,57.7103,57.7172,57.7250,57.7338,57.7435,57.7540,57.7655,57.7779,57.7912,57.8054,57.8204,57.8362,57.8529,57.8704,57.8888,57.9079,57.9279,57.9486,57.9701,57.9923,58.0153,58.0390,58.0634,58.0886,58.1144,58.1409,58.1681,58.1959,58.2244,58.2534,58.2831,58.3134,58.3443,58.3758,58.4078,58.4403,58.4734,58.5070,58.5412,58.5758,58.6109,58.6464,58.6824,58.7189,58.7558,58.7931,58.8308,58.8689,58.9073,58.9462,58.9854,59.0249,59.0648,59.1049,59.1454,59.1862,59.2273,59.2686,59.3102,59.3520,59.3941,59.4364,59.4789,59.5217,59.5646,59.6077,59.6510,59.6944,59.7380,59.7817,59.8256,59.8696,59.9137,59.9579,60.0023,60.0467,60.0912,60.1357,60.1803,60.2250,60.2698,60.3145,60.3593,60.4042,60.4490,60.4939,60.5387,60.5836,60.6284,60.6732,60.7180,60.7628,60.8076,60.8522,60.8969,60.9415,60.9594\right]
v_{turn}=\left[3937008.0000,3937008.0000,3937008.0000,3937008.0000,3937008.0000,3937008.0000,3937008.0000,3937008.0000,3937008.0000,3937008.0000,3937008.0000,3937008.0000,3937008.0000,3937008.0000,3937008.0000,3937008.0000,3937008.0000,3937008.0000,3937008.0000,3937008.0000,3937008.0000,3937008.0000,3937008.0000,3937008.0000,3937008.0000,3937008.0000,3937008.0000,3937008.0000,3937008.0000,3937008.0000,3937008.0000,3937008.0000,3937008.0000,3937008.0000,3937008.0000,3937008.0000,3937008.0000,3937008.0000,3937008.0000,3937008.0000,3937008.0000,3937008.0000,3937008.0000,3937008.0000,3937008.0000,3937008.0000,3937008.0000,3937008.0000,3937008.0000,3937008.0000,3937008.0000,3937008.0000,3937008.0000,3937008.0000,3937008.0000,3937008.0000,3937008.0000,3937008.0000,3937008.0000,3937008.0000,3937008.0000,3937008.0000,3937008.0000,3937008.0000,3937008.0000,3937008.0000,3937008.0000,3937008.0000,3937008.0000,3937008.0000,3937008.0000,3937008.0000,3937008.0000,3937008.0000,3937008.0000,3937008.0000,3937008.0000,3937008.0000,3937008.0000,3937008.0000,3937008.0000,3937008.0000,3937008.0000,3937008.0000,3937008.0000,3937008.0000,3937008.0000,3937008.0000,3937008.0000,3937008.0000,3937008.0000,3937008.0000,3937008.0000,3937008.0000,3937008.0000,3937008.0000,3937008.0000,3937008.0000,3937008.0000,3937008.0000,3937008.0000,3937008.0000,3937008.0000,3937008.0000,3937008.0000,3937008.0000,3937008.0000,3937008.0000,3937008.0000,3937008.0000,3937008.0000,3937008.0000,3937008.0000,3937008.0000,3937008.0000,3937008.0000,3937008.0000,3937008.0000,3937008.0000,3937008.0000,3937008.0000,3937008.0000,3937008.0000,3937008.0000,3937008.0000,3937008.0000,3937008.0000,3937008.0000,3937008.0000,3937008.0000,3937008.0000,3937008.0000,3937008.0000,3937008.0000,3937008.0000,3937008.0000,3937008.0000,3937008.0000,3937008.0000,3937008.0000,3937008.0000,3937008.0000,3937008.0000,3937008.0000,3937008.0000,3937008.0000,3937008.0000,3937008.0000,3937008.0000,3937008.0000,3937008.0000,3937008.0000,3937008.0000,3937008.0000,3937008.0000,3937008.0000,3937008.0000,3937008.0000,3937008.0000,3937008.0000,3937008.0000,3937008.0000,3937008.0000,3937008.0000,3937008.0000,3937008.0000,3937008.0000,3937008.0000,3937008.0000,3937008.0000,3937008.0000,3937008.0000,3937008.0000,3937008.0000,3937008.0000,3937008.0000,3937008.0000,3937008.0000,3937008.0000,3937008.0000,3937008.0000,3937008.0000,3937008.0000,3937008.0000,3937008.0000,3937008.0000,3937008.0000,3937008.0000,3937008.0000,3937008.0000,3937008.0000,3937008.0000,3937008.0000,3937008.0000,3937008.0000,3937008.0000,3937008.0000,3937008.0000,3937008.0000,3937008.0000,3937008.0000,3937008.0000,3937008.0000,3937008.0000,3937008.0000,3937008.0000,3937008.0000,3937008.0000,3937008.0000,3937008.0000,3937008.0000,3937008.0000,3937008.0000,3937008.0000,3937008.0000,3937008.0000,3937008.0000,3937008.0000,3937008.0000,3937008.0000,3937008.0000,3937008.0000,3937008.0000,3937008.0000,3937008.0000,3937008.0000,3937008.0000,3937008.0000,3937008.0000,3937008.0000,3937008.0000,3937008.0000,3937008.0000,3937008.0000,3937008.0000,3937008.0000,35.3998,35.2010,35.0038,34.8083,34.6145,34.4224,34.2321,34.0434,33.8564,33.6712,33.4877,33.3059,33.1258,32.9475,32.7709,32.5961,32.4229,32.2516,32.0819,31.9141,31.7479,31.5836,31.4210,31.2601,31.1011,30.9438,30.7883,30.6346,30.4826,30.3325,30.1842,30.0376,29.8929,29.7500,29.6088,29.4696,29.3321,29.1964,29.0626,28.9307,28.8005,28.6722,28.5458,28.4212,28.2985,28.1776,28.0587,27.9416,27.8264,27.7130,27.6016,27.4921,27.3845,27.2787,27.1750,27.0731,26.9732,26.8751,26.7791,26.6850,26.5928,26.5026,26.4144,26.3282,26.2439,26.1617,26.0814,26.0032,25.9269,25.8527,25.7805,25.7104,25.6423,25.5762,25.5123,25.4504,25.3905,25.3328,25.2772,25.2237,25.1723,25.1230,25.0759,25.0310,24.9882,24.9475,24.9091,24.8729,24.8389,24.8071,24.7775,24.7502,24.7251,24.7023,24.6819,24.6637,24.6478,24.6343,24.6231,24.6143,24.6078,24.6038,24.6022,24.6030,24.6062,24.6119,24.6201,24.6309,24.6441,24.6599,24.6782,24.6992,24.7227,24.7489,24.7778,24.8093,24.8435,24.8805,24.9202,24.9627,25.0080,25.0562,25.1072,25.1612,25.2181,25.2779,25.3407,25.4066,25.4756,25.5476,25.6228,25.7012,25.7828,25.8676,25.9558,26.0473,26.1422,26.2406,26.3424,26.4478,26.5568,26.6694,26.7857,26.9058,27.0297,27.1575,27.2892,27.4249,27.5647,27.7086,27.8568,28.0092,28.1660,28.3273,28.4930,28.6634,28.8385,29.0184,29.2032,29.3930,29.5878,29.7879,29.9933,30.2041,30.4205,30.6425,30.8703,31.1041,31.3439,31.5900,31.8425,32.1015,32.3671,32.6397,32.9193,33.2061,33.5003,33.8022,34.1119,34.4296,34.7557,35.0902,35.4336,35.7860,36.1476,36.5189,36.9001,37.2916,37.6936,38.1064,38.5305,38.9663,39.4141,39.8744,40.3475,40.8341,41.3345,41.8493,42.3790,42.9242,43.4855,44.0636,44.6591,45.2728,45.9054,46.5576,47.2304,47.9247,48.6415,49.3816,50.1463,50.9367,51.7541,52.5997,53.4749,54.3814,55.3206,56.2943,57.3043,58.3527,59.4416,60.5733,61.7504,62.9754,64.2513,65.5813,66.9688,68.4176,69.9316,71.5153,73.1736,74.9118,76.7356,78.6516,80.6669,82.7891,85.0271,87.3904,89.8898,92.5374,95.3465,98.3325,101.5124,104.9056,108.5342,112.4239,116.6035,121.1065,125.9720,131.2454,136.9802,143.2397,150.0996,157.6503,166.0013,175.2871,185.6738,197.3695,210.6380,225.8194,243.3598,263.8546,288.1193,317.2992,353.0562,397.8954,455.7814,533.3791,642.8184,808.7611,1090.1997,1672.0380,3585.7466,24808.5801,2781.6064,1473.4158,1002.1188,759.2545,611.1454,511.3882,439.6269,385.5281,343.2850,309.3849,281.5787,258.3589,238.6771,221.7819,207.1209,194.2785,182.9358,172.8450,163.8096,155.6723,148.3056,141.6051,135.4844,129.8717,124.7060,119.9362,115.5184,111.4151,107.5938,104.0267,100.6894,97.5602,94.6204,91.8535,89.2446,86.7806,84.4499,82.2421,80.1476,78.1581,76.2659,74.4642,72.7467,71.1077,69.5420,68.0448,66.6120,65.2392,63.9231,62.6603,61.4476,60.2823,59.1616,58.0831,57.0445,56.0438,55.0789,54.1481,53.2497,52.3820,51.5437,50.7332,49.9494,49.1909,48.4567,47.7457,47.0569,46.3893,45.7421,45.1143,44.5052,43.9141,43.3403,42.7830,42.2417,41.7158,41.2046,40.7077,40.2245,39.7546,39.2975,38.8527,38.4198,37.9985,37.5884,37.1890,36.8002,36.4215,36.0526,35.6932,35.3431,35.0019,34.6695,34.3455,34.0297,33.7220,33.4220,33.1296,32.8446,32.5668,32.2959,32.0319,31.7746,31.5237,31.2792,31.0408,30.8086,30.5821,30.3615,30.1465,29.9371,29.7330,29.5342,29.3406,29.1521,28.9685,28.7898,28.6159,28.4467,28.2820,28.1219,27.9662,27.8148,27.6677,27.5249,27.3861,27.2514,27.1207,26.9939,26.8710,26.7519,26.6365,26.5248,26.4168,26.3123,26.2114,26.1139,26.0199,25.9293,25.8420,25.7580,25.6773,25.5998,25.5255,25.4543,25.3862,25.3212,25.2592,25.2001,25.1441,25.0910,25.0408,24.9935,24.9490,24.9073,24.8684,24.8322,24.7988,24.7681,24.7401,24.7147,24.6920,24.6719,24.6543,24.6394,24.6270,24.6171,24.6097,24.6048,24.6024,24.6025,24.6049,24.6098,24.6171,24.6268,24.6388,24.6532,24.6699,24.6890,24.7103,24.7340,24.7599,24.7881,24.8185,24.8512,24.8862,24.9233,24.9626,25.0042,25.0479,25.0938,25.1418,25.1920,25.2444,25.2988,25.3554,25.4141,25.4749,25.5378,25.6027,25.6698,25.7389,25.8100,25.8832,25.9585,26.0357,26.1150,26.1963,26.2797,26.3650,26.4523,26.5416,26.6328,26.7261,26.8213,26.9184,27.0176,27.1186,27.2216,27.3266,27.4334,27.5422,27.6529,27.7655,27.8800,27.9964,28.1147,28.2349,28.3569,28.4809,28.6067,28.7344,28.8639,28.9953,29.1285,29.2636,29.4005,29.5393,29.6799,29.8223,29.9666,30.1126,30.2605,30.4102,30.5617,30.7150,30.8701,31.0270,31.1856,31.3461,31.5083,31.6723,31.8381,32.0056,32.1749,32.3460,32.5189,32.6934,32.8698,33.0478,33.2277,33.4092,33.5925,33.7775,33.9643,34.1527,34.3429,34.5348,34.7285,34.9238,35.1209,35.3196,35.4000\right]
v_{friction}=\left[38994.2695,38994.2695,38994.2695,38994.2695,38994.2695,38994.2695,38994.2695,38994.2695,38994.2695,38994.2695,38994.2695,38994.2695,38994.2695,38994.2695,38994.2695,38994.2695,38994.2695,38994.2695,38994.2695,38994.2695,38994.2695,38994.2695,38994.2695,38994.2695,38994.2695,38994.2695,38994.2695,38994.2695,38994.2695,38994.2695,38994.2695,38994.2695,38994.2695,38994.2695,38994.2695,38994.2695,38994.2695,38994.2695,38994.2695,38994.2695,38994.2695,38994.2695,38994.2695,38994.2695,38994.2695,38994.2695,38994.2695,38994.2695,38994.2695,38994.2695,38994.2695,38994.2695,38994.2695,38994.2695,38994.2695,38994.2695,38994.2695,38994.2695,38994.2695,38994.2695,38994.2695,38994.2695,38994.2695,38994.2695,38994.2695,38994.2695,38994.2695,38994.2695,38994.2695,38994.2695,38994.2695,38994.2695,38994.2695,38994.2695,38994.2695,38994.2695,38994.2695,38994.2695,38994.2695,38994.2695,38994.2695,38994.2695,38994.2695,38994.2695,38994.2695,38994.2695,38994.2695,38994.2695,38994.2695,38994.2695,38994.2695,38994.2695,38994.2695,38994.2695,38994.2695,38994.2695,38994.2695,38994.2695,38994.2695,38994.2695,38994.2695,38994.2695,38994.2695,38994.2695,38994.2695,38994.2695,38994.2695,38994.2695,38994.2695,38994.2695,38994.2695,38994.2695,38994.2695,38994.2695,38994.2695,38994.2695,38994.2695,38994.2695,38994.2695,38994.2695,38994.2695,38994.2695,38994.2695,38994.2695,38994.2695,38994.2695,38994.2695,38994.2695,38994.2695,38994.2695,38994.2695,38994.2695,38994.2695,38994.2695,38994.2695,38994.2695,38994.2695,38994.2695,38994.2695,38994.2695,38994.2695,38994.2695,38994.2695,38994.2695,38994.2695,38994.2695,38994.2695,38994.2695,38994.2695,38994.2695,38994.2695,38994.2695,38994.2695,38994.2695,38994.2695,38994.2695,38994.2695,38994.2695,38994.2695,38994.2695,38994.2695,38994.2695,38994.2695,38994.2695,38994.2695,38994.2695,38994.2695,38994.2695,38994.2695,38994.2695,38994.2695,38994.2695,38994.2695,38994.2695,38994.2695,38994.2695,38994.2695,38994.2695,38994.2695,38994.2695,38994.2695,38994.2695,38994.2695,38994.2695,38994.2695,38994.2695,38994.2695,38994.2695,38994.2695,38994.2695,38994.2695,38994.2695,38994.2695,38994.2695,38994.2695,38994.2695,38994.2695,38994.2695,38994.2695,38994.2695,38994.2695,38994.2695,38994.2695,38994.2695,38994.2695,38994.2695,38994.2695,38994.2695,38994.2695,38994.2695,38994.2695,38994.2695,38994.2695,38994.2695,38994.2695,38994.2695,38994.2695,38994.2695,38994.2695,38994.2695,38994.2695,38994.2695,38994.2695,38994.2695,38994.2695,38994.2695,38994.2695,38994.2695,38994.2695,38994.2695,38994.2695,38994.2695,38994.2695,38994.2695,38994.2695,38994.2695,116.9279,116.5990,116.2720,115.9469,115.6237,115.3024,114.9832,114.6658,114.3506,114.0373,113.7261,113.4170,113.1100,112.8051,112.5024,112.2019,111.9035,111.6074,111.3135,111.0219,110.7326,110.4455,110.1609,109.8786,109.5987,109.3212,109.0462,108.7736,108.5035,108.2360,107.9710,107.7086,107.4488,107.1916,106.9371,106.6853,106.4361,106.1897,105.9461,105.7053,105.4673,105.2322,104.9999,104.7705,104.5441,104.3206,104.1001,103.8827,103.6683,103.4570,103.2488,103.0437,102.8418,102.6431,102.4477,102.2555,102.0666,101.8810,101.6987,101.5199,101.3445,101.1724,101.0039,100.8389,100.6774,100.5195,100.3652,100.2145,100.0675,99.9242,99.7846,99.6487,99.5167,99.3885,99.2641,99.1436,99.0270,98.9144,98.8057,98.7011,98.6005,98.5039,98.4116,98.3233,98.2392,98.1593,98.0837,98.0123,97.9453,97.8826,97.8242,97.7703,97.7208,97.6758,97.6352,97.5993,97.5679,97.5411,97.5189,97.5015,97.4887,97.4807,97.4775,97.4791,97.4855,97.4968,97.5131,97.5343,97.5605,97.5918,97.6281,97.6695,97.7160,97.7678,97.8247,97.8869,97.9545,98.0273,98.1055,98.1892,98.2783,98.3729,98.4730,98.5787,98.6901,98.8071,98.9298,99.0583,99.1927,99.3328,99.4789,99.6309,99.7890,99.9530,100.1232,100.2996,100.4822,100.6710,100.8662,101.0677,101.2757,101.4902,101.7113,101.9391,102.1735,102.4147,102.6628,102.9177,103.1797,103.4487,103.7249,104.0083,104.2990,104.5972,104.9028,105.2160,105.5368,105.8655,106.2020,106.5465,106.8992,107.2600,107.6291,108.0067,108.3928,108.7877,109.1914,109.6040,110.0258,110.4568,110.8973,111.3474,111.8072,112.2769,112.7568,113.2469,113.7475,114.2589,114.7811,115.3145,115.8592,116.4155,116.9837,117.5639,118.1565,118.7618,119.3800,120.0115,120.6566,121.3156,121.9889,122.6768,123.3796,124.0980,124.8321,125.5825,126.3496,127.1339,127.9361,128.7564,129.5956,130.4541,131.3327,132.2319,133.1525,134.0951,135.0606,136.0497,137.0632,138.1021,139.1673,140.2598,141.3806,142.5310,143.7119,144.9248,146.1709,147.4517,148.7686,150.1234,151.5176,152.9531,154.4320,155.9564,157.5283,159.1504,160.8252,162.5554,164.3442,166.1947,168.1105,170.0955,172.1536,174.2896,176.5083,178.8151,181.2159,183.7170,186.3258,189.0498,191.8978,194.8795,198.0054,201.2876,204.7392,208.3757,212.2137,216.2725,220.5741,225.1436,230.0099,235.2065,240.7728,246.7545,253.2057,260.1912,267.7891,276.0945,285.2239,295.3236,306.5788,319.2273,333.5829,350.0678,369.2663,392.0145,419.5618,453.8744,498.2666,558.8918,648.8894,803.6015,1176.8130,3095.4131,1036.4908,754.3629,622.1245,541.5161,485.8363,444.4194,412.0594,385.8741,364.1205,345.6744,329.7749,315.8853,303.6149,292.6717,282.8327,273.9239,265.8073,258.3723,251.5286,245.2016,239.3296,233.8607,228.7507,223.9623,219.4630,215.2250,211.2240,207.4386,203.8503,200.4426,197.2012,194.1127,191.1658,188.3499,185.6558,183.0750,180.5998,178.2234,175.9393,173.7419,171.6259,169.5865,167.6194,165.7204,163.8857,162.1120,160.3961,158.7348,157.1255,155.5657,154.0530,152.5852,151.1602,149.7761,148.4309,147.1232,145.8513,144.6137,143.4089,142.2358,141.0929,139.9793,138.8938,137.8352,136.8027,135.7953,134.8122,133.8526,132.9155,132.0002,131.1062,130.2326,129.3789,128.5445,127.7287,126.9310,126.1509,125.3880,124.6416,123.9115,123.1969,122.4978,121.8135,121.1438,120.4882,119.8465,119.2183,118.6032,118.0010,117.4114,116.8341,116.2689,115.7154,115.1735,114.6428,114.1233,113.6146,113.1165,112.6289,112.1515,111.6842,111.2268,110.7790,110.3409,109.9121,109.4925,109.0821,108.6805,108.2878,107.9037,107.5282,107.1611,106.8023,106.4516,106.1091,105.7745,105.4477,105.1287,104.8174,104.5136,104.2173,103.9284,103.6468,103.3724,103.1051,102.8449,102.5916,102.3453,102.1058,101.8731,101.6470,101.4276,101.2148,101.0084,100.8085,100.6150,100.4278,100.2469,100.0721,99.9035,99.7411,99.5846,99.4342,99.2898,99.1512,99.0185,98.8916,98.7705,98.6550,98.5453,98.4411,98.3426,98.2496,98.1621,98.0801,98.0035,97.9322,97.8663,97.8057,97.7504,97.7002,97.6553,97.6155,97.5808,97.5512,97.5266,97.5070,97.4924,97.4828,97.4780,97.4781,97.4829,97.4926,97.5070,97.5262,97.5500,97.5785,97.6116,97.6493,97.6915,97.7382,97.7895,97.8451,97.9052,97.9697,98.0385,98.1116,98.1890,98.2707,98.3566,98.4466,98.5408,98.6391,98.7415,98.8480,98.9585,99.0729,99.1914,99.3137,99.4399,99.5700,99.7040,99.8417,99.9832,100.1284,100.2773,100.4299,100.5861,100.7459,100.9093,101.0763,101.2467,101.4206,101.5980,101.7788,101.9630,102.1505,102.3414,102.5356,102.7330,102.9337,103.1376,103.3446,103.5548,103.7681,103.9845,104.2040,104.4265,104.6519,104.8804,105.1118,105.3461,105.5833,105.8233,106.0662,106.3119,106.5603,106.8115,107.0654,107.3219,107.5812,107.8430,108.1075,108.3746,108.6442,108.9163,109.1909,109.4680,109.7475,110.0295,110.3139,110.6006,110.8897,111.1811,111.4748,111.7707,112.0689,112.3694,112.6720,112.9768,113.2837,113.5928,113.9040,114.2172,114.5325,114.8498,115.1692,115.4905,115.8138,116.1391,116.4663,116.7953,116.9282\right]
v_{forward}=\left[0.0000,6.5986,9.3319,11.4291,13.1972,14.7550,16.1632,17.4583,18.6637,19.7959,20.8667,21.8851,22.8583,23.7917,24.6898,25.5563,26.3945,27.2068,27.9956,28.7627,29.5099,30.2387,30.9503,31.6459,32.3265,32.9931,33.6465,34.2874,34.9166,35.5346,36.1332,36.7132,37.2758,37.8219,38.3526,38.8687,39.3710,39.8601,40.3367,40.8014,41.2548,41.6974,42.1297,42.5521,42.9651,43.3689,43.7641,44.1509,44.5296,44.9006,45.2641,45.6204,45.9697,46.3124,46.6485,46.9784,47.3022,47.6202,47.9324,48.2392,48.5405,48.8367,49.1279,49.4141,49.6956,49.9724,50.2448,50.5127,50.7764,51.0360,51.2915,51.5430,51.7907,52.0347,52.2750,52.5117,52.7450,52.9748,53.2013,53.4245,53.6446,53.8616,54.0755,54.2865,54.4945,54.6997,54.9021,55.1018,55.2988,55.4932,55.6850,55.8743,56.0612,56.2456,56.4277,56.6074,56.7849,56.9601,57.1332,57.3040,57.4728,57.6395,57.8041,57.9668,58.1274,58.2862,58.4430,58.5980,58.7512,58.9025,59.0521,59.1999,59.3460,59.4904,59.6332,59.7743,59.9139,60.0518,60.1882,60.3231,60.4564,60.5883,60.7187,60.8477,60.9753,61.1015,61.2262,61.3497,61.4718,61.5926,61.7121,61.8303,61.9473,62.0630,62.1775,62.2908,62.4030,62.5139,62.6237,62.7323,62.8399,62.9463,63.0516,63.1559,63.2591,63.3612,63.4624,63.5625,63.6615,63.7596,63.8567,63.9529,64.0481,64.1423,64.2356,64.3280,64.4195,64.5101,64.5998,64.6886,64.7766,64.8637,64.9500,65.0355,65.1201,65.2039,65.2869,65.3691,65.4506,65.5312,65.6111,65.6903,65.7687,65.8463,65.9233,65.9995,66.0750,66.1498,66.2239,66.2973,66.3701,66.4421,66.5135,66.5843,66.6544,66.7238,66.7927,66.8609,66.9285,66.9954,67.0618,67.1275,67.1927,67.2573,67.3213,67.3847,67.4476,67.5099,67.5716,67.6328,67.6934,67.7535,67.8131,67.8722,67.9307,67.9887,68.0462,68.1032,68.1597,68.2157,68.2712,68.3263,68.3808,68.4349,68.4885,68.5416,68.5943,68.6465,68.6983,68.7496,68.8005,68.8510,68.9010,68.9506,68.9998,69.0485,69.0969,69.1448,69.1923,69.2394,69.2861,69.3324,69.3783,69.4239,69.4690,69.5138,35.3998,35.2010,35.0038,34.8083,34.6145,34.4224,34.2321,34.0434,33.8564,33.6712,33.4877,33.3059,33.1258,32.9475,32.7709,32.5961,32.4229,32.2516,32.0819,31.9141,31.7479,31.5836,31.4210,31.2601,31.1011,30.9438,30.7883,30.6346,30.4826,30.3325,30.1842,30.0376,29.8929,29.7500,29.6088,29.4696,29.3321,29.1964,29.0626,28.9307,28.8005,28.6722,28.5458,28.4212,28.2985,28.1776,28.0587,27.9416,27.8264,27.7130,27.6016,27.4921,27.3845,27.2787,27.1750,27.0731,26.9732,26.8751,26.7791,26.6850,26.5928,26.5026,26.4144,26.3282,26.2439,26.1617,26.0814,26.0032,25.9269,25.8527,25.7805,25.7104,25.6423,25.5762,25.5123,25.4504,25.3905,25.3328,25.2772,25.2237,25.1723,25.1230,25.0759,25.0310,24.9882,24.9475,24.9091,24.8729,24.8389,24.8071,24.7775,24.7502,24.7251,24.7023,24.6819,24.6637,24.6478,24.6343,24.6231,24.6143,24.6078,24.6038,24.6022,24.6030,24.6062,24.6119,24.6201,24.6309,24.6441,24.6599,24.6782,24.6992,24.7227,24.7489,24.7778,24.8093,24.8435,24.8805,24.9202,24.9627,25.0080,25.0562,25.1072,25.1612,25.2181,25.2779,25.3407,25.4066,25.4756,25.5476,25.6228,25.7012,25.7828,25.8676,25.9558,26.0473,26.1422,26.2406,26.3424,26.4478,26.5568,26.6694,26.7857,26.9058,27.0297,27.1575,27.2872,27.4169,27.5466,27.6764,27.8062,27.9361,28.0662,28.1963,28.3267,28.4571,28.5878,28.7186,28.8497,28.9809,29.1125,29.2443,29.3764,29.5089,29.6416,29.7748,29.9082,30.0421,30.1764,30.3111,30.4463,30.5820,30.7181,30.8548,30.9920,31.1298,31.2682,31.4071,31.5468,31.6870,31.8279,31.9696,32.1120,32.2551,32.3990,32.5437,32.6893,32.8357,32.9830,33.1312,33.2804,33.4306,33.5818,33.7340,33.8873,34.0418,34.1973,34.3541,34.5121,34.6714,34.8320,34.9939,35.1572,35.3219,35.4882,35.6559,35.8253,35.9963,36.1689,36.3433,36.5195,36.6976,36.8776,37.0596,37.2437,37.4299,37.6183,37.8089,38.0020,38.1975,38.3956,38.5964,38.7998,39.0062,39.2155,39.4279,39.6436,39.8626,40.0851,40.3112,40.5412,40.7752,41.0133,41.2558,41.5029,41.7548,42.0118,42.2741,42.5420,42.8158,43.0958,43.3825,43.6762,43.9773,44.2863,44.6038,44.9302,45.2663,45.6128,45.9623,46.3051,46.6414,46.9714,47.2954,47.6134,47.9258,48.2326,48.5341,48.8304,49.1217,49.4080,49.6896,49.9666,50.2390,50.5071,50.7708,51.0305,51.2861,51.5377,51.7855,52.0295,52.2699,52.5067,52.7400,52.9699,53.1965,53.4198,53.6399,53.8570,54.0709,54.2820,54.4901,54.6953,54.8978,55.0975,55.2946,55.4891,55.6809,55.8703,56.0572,56.2417,56.4238,56.6036,56.7811,56.9564,57.1295,57.3004,57.4692,57.6359,57.8006,57.9633,58.1240,58.2828,58.4397,58.5947,58.7479,58.8993,59.0489,59.1968,59.3429,59.4874,59.6302,59.7713,59.9109,60.0489,60.1853,60.3202,60.4536,60.5855,60.7160,60.8450,60.9726,61.0988,61.2236,61.3471,60.2823,59.1616,58.0831,57.0445,56.0438,55.0789,54.1481,53.2497,52.3820,51.5437,50.7332,49.9494,49.1909,48.4567,47.7457,47.0569,46.3893,45.7421,45.1143,44.5052,43.9141,43.3403,42.7830,42.2417,41.7158,41.2046,40.7077,40.2245,39.7546,39.2975,38.8527,38.4198,37.9985,37.5884,37.1890,36.8002,36.4215,36.0526,35.6932,35.3431,35.0019,34.6695,34.3455,34.0297,33.7220,33.4220,33.1296,32.8446,32.5668,32.2959,32.0319,31.7746,31.5237,31.2792,31.0408,30.8086,30.5821,30.3615,30.1465,29.9371,29.7330,29.5342,29.3406,29.1521,28.9685,28.7898,28.6159,28.4467,28.2820,28.1219,27.9662,27.8148,27.6677,27.5249,27.3861,27.2514,27.1207,26.9939,26.8710,26.7519,26.6365,26.5248,26.4168,26.3123,26.2114,26.1139,26.0199,25.9293,25.8420,25.7580,25.6773,25.5998,25.5255,25.4543,25.3862,25.3212,25.2592,25.2001,25.1441,25.0910,25.0408,24.9935,24.9490,24.9073,24.8684,24.8322,24.7988,24.7681,24.7401,24.7147,24.6920,24.6719,24.6543,24.6394,24.6270,24.6171,24.6097,24.6048,24.6024,24.6025,24.6049,24.6098,24.6171,24.6268,24.6388,24.6532,24.6699,24.6890,24.7103,24.7340,24.7599,24.7881,24.8185,24.8512,24.8862,24.9233,24.9626,25.0042,25.0479,25.0938,25.1418,25.1920,25.2444,25.2988,25.3554,25.4141,25.4749,25.5378,25.6027,25.6698,25.7389,25.8100,25.8832,25.9585,26.0357,26.1150,26.1963,26.2797,26.3650,26.4523,26.5416,26.6328,26.7261,26.8213,26.9184,27.0176,27.1186,27.2216,27.3266,27.4334,27.5422,27.6529,27.7655,27.8800,27.9964,28.1147,28.2349,28.3569,28.4809,28.6067,28.7344,28.8639,28.9936,29.1233,29.2531,29.3828,29.5126,29.6424,29.7723,29.9023,30.0323,30.1623,30.2925,30.4227,30.5530,30.6834,30.8139,30.9445,31.0753,31.2061,31.3371,31.4682,31.5995,31.7309,31.8624,31.9941,32.1260,32.2580,32.3902,32.5226,32.6551,32.7879,32.9208,33.0539,33.1872,33.3207,33.4544,33.5884,33.7225,33.8569,33.9915,0.0000\right]
v_{backward}=\left[0.0000,6.5986,9.3319,11.4291,13.1972,14.7550,16.1632,17.4583,18.6637,19.7959,20.8667,21.8851,22.8583,23.7917,24.6898,25.5563,26.3945,27.2068,27.9956,28.7627,29.5099,30.2387,30.9503,31.6459,32.3265,32.9931,33.6465,34.2874,34.9166,35.5346,36.1332,36.7132,37.2758,37.8219,38.3526,38.8687,39.3710,39.8601,40.3367,40.8014,41.2548,41.6974,42.1297,42.5521,42.9651,43.3689,43.7641,44.1509,44.5296,44.9006,45.2641,45.6204,45.9697,46.3124,46.6485,46.9784,47.3022,47.6202,47.9324,48.2392,48.5405,48.8367,49.1279,49.4141,49.6956,49.9724,50.2448,50.5127,50.7764,51.0360,51.2915,51.5430,51.7907,52.0347,52.2750,52.5117,52.7450,52.9748,53.2013,53.4245,53.6446,53.8616,54.0755,54.2865,54.4945,54.6997,54.9021,55.1018,55.2988,55.4932,55.6850,55.8743,56.0612,56.2456,56.4277,56.6074,56.7849,56.9601,57.1332,57.3040,57.4728,57.6395,57.8041,57.9668,58.1274,58.2862,58.4430,58.5980,58.7512,58.9025,59.0521,59.1999,59.3460,59.4904,59.6332,59.7743,59.9139,60.0518,60.1882,60.3231,60.4564,60.5883,60.7187,60.8477,60.9753,61.1015,61.2262,61.3497,61.4718,61.5926,61.7121,61.8303,61.7441,61.6249,61.5045,61.3827,61.2597,61.1352,61.0094,60.8822,60.7536,60.6236,60.4921,60.3592,60.2247,60.0887,59.9512,59.8121,59.6714,59.5291,59.3851,59.2395,59.0921,58.9430,58.7921,58.6395,58.4850,58.3287,58.1704,58.0103,57.8482,57.6841,57.5179,57.3497,57.1794,57.0070,56.8323,56.6555,56.4764,56.2949,56.1111,55.9249,55.7363,55.5451,55.3514,55.1551,54.9562,54.7545,54.5501,54.3428,54.1326,53.9195,53.7034,53.4841,53.2618,53.0361,52.8072,52.5749,52.3391,52.0998,51.8568,51.6102,51.3596,51.1052,50.8468,50.5842,50.3174,50.0462,49.7706,49.4904,49.2055,48.9156,48.6208,48.3209,48.0156,47.7049,47.3885,47.0663,46.7380,46.4036,46.0627,45.7152,45.3608,44.9992,44.6303,44.2537,43.8691,43.4762,43.0748,42.6643,42.2445,41.8149,41.3751,40.9247,40.4630,39.9897,39.5040,39.0054,38.4931,37.9700,37.4395,36.9015,36.3555,35.8011,35.2380,34.6658,34.0840,33.9487,33.8137,33.6788,33.5442,33.4098,33.2756,33.1415,33.0077,32.8741,32.7407,32.6075,32.4744,32.3415,32.2088,32.0763,31.9439,31.8117,31.6796,31.5477,31.4159,31.2842,31.1527,31.0213,30.8900,30.7589,30.6278,30.4969,30.3660,30.2352,30.1045,29.9739,29.8433,29.7128,29.5824,29.4520,29.3216,29.1913,29.0610,28.9307,28.8005,28.6722,28.5458,28.4212,28.2985,28.1776,28.0587,27.9416,27.8264,27.7130,27.6016,27.4921,27.3845,27.2787,27.1750,27.0731,26.9732,26.8751,26.7791,26.6850,26.5928,26.5026,26.4144,26.3282,26.2439,26.1617,26.0814,26.0032,25.9269,25.8527,25.7805,25.7104,25.6423,25.5762,25.5123,25.4504,25.3905,25.3328,25.2772,25.2237,25.1723,25.1230,25.0759,25.0310,24.9882,24.9475,24.9091,24.8729,24.8389,24.8071,24.7775,24.7502,24.7251,24.7023,24.6819,24.6637,24.6478,24.6343,24.6231,24.6143,24.6078,24.6038,24.6022,24.6030,24.6062,24.6119,24.6201,24.6309,24.6441,24.6599,24.6782,24.6992,24.7227,24.7489,24.7778,24.8093,24.8435,24.8805,24.9202,24.9627,25.0080,25.0562,25.1072,25.1612,25.2181,25.2779,25.3407,25.4066,25.4756,25.5476,25.6228,25.7012,25.7828,25.8676,25.9558,26.0473,26.1422,26.2406,26.3424,26.4478,26.5568,26.6694,26.7857,26.9058,27.0297,27.1575,27.2872,27.4169,27.5466,27.6764,27.8062,27.9361,28.0662,28.1963,28.3267,28.4571,28.5878,28.7186,28.8497,28.9809,29.1125,29.2443,29.3764,29.5089,29.6416,29.7748,29.9082,30.0421,30.1764,30.3111,30.4463,30.5820,30.7181,30.8548,30.9920,31.1298,31.2682,31.4071,31.5468,31.6870,31.8279,31.9696,32.1120,32.2551,32.3990,32.5437,32.6893,32.8357,32.9830,33.1312,33.2804,33.4306,33.5818,33.7340,33.8873,34.0418,34.1973,34.3541,34.5121,34.6714,34.8320,34.9939,35.1572,35.3219,35.4882,35.6559,35.8253,35.9963,36.1689,36.3433,36.5195,36.6976,36.8776,37.0596,37.2437,37.4299,37.6183,37.8089,38.0020,38.1975,38.3956,38.5964,38.7998,39.0062,39.2155,39.4279,39.6436,39.8626,40.0851,40.3112,40.5412,40.7752,41.0133,41.2558,41.5029,41.7548,42.0118,42.2741,42.5420,42.8158,43.0958,43.3825,43.6762,43.9773,44.2863,44.6038,44.9302,45.2663,45.6128,45.9623,46.3051,46.6414,46.9714,47.2954,47.6134,47.9258,48.2326,48.5341,48.8304,49.1217,49.4080,49.6896,49.9666,50.2390,50.5071,50.7708,51.0305,51.2861,51.5377,51.7855,52.0295,52.2699,52.5067,52.7400,52.6292,52.3942,52.1557,51.9136,51.6678,51.4182,51.1647,50.9072,50.6456,50.3798,50.1096,49.8351,49.5559,49.2721,48.9834,48.6898,48.3910,48.0870,47.7775,47.4625,47.1416,46.8148,46.4818,46.1425,45.7965,45.4437,45.0993,44.7651,44.4404,44.1245,43.8170,43.5172,43.2248,42.9392,42.6603,42.3874,42.1204,41.8590,41.6028,41.3516,41.1051,40.8632,40.6256,40.3922,40.1626,39.9369,39.7148,39.4962,39.2808,39.0687,38.8596,38.6535,38.4503,38.2497,38.0518,37.8564,37.6635,37.4729,37.2845,37.0984,36.9144,36.7324,36.5524,36.3744,36.1981,36.0237,35.8510,35.6799,35.5105,35.3426,35.1763,35.0114,34.8480,34.6860,34.5252,34.3658,34.2076,34.0507,33.8949,33.7403,33.5868,33.4343,33.2829,33.1325,32.9831,32.8346,32.6870,32.5403,32.3945,32.2495,32.1053,31.9619,31.8192,31.6772,31.5359,31.3953,31.2554,31.1161,30.9774,30.8392,30.7016,30.5646,30.4280,30.2920,30.1564,30.0212,29.8865,29.7522,29.6183,29.4847,29.3515,29.2186,29.0860,28.9537,28.8217,28.6899,28.5583,28.4270,28.2958,28.1648,28.0339,27.9032,27.7726,27.6421,27.5117,27.3813,27.2510,27.1207,26.9939,26.8710,26.7519,26.6365,26.5248,26.4168,26.3123,26.2114,26.1139,26.0199,25.9293,25.8420,25.7580,25.6773,25.5998,25.5255,25.4543,25.3862,25.3212,25.2592,25.2001,25.1441,25.0910,25.0408,24.9935,24.9490,24.9073,24.8684,24.8322,24.7988,24.7681,24.7401,24.7147,24.6920,24.6719,24.6543,24.6394,24.6270,24.6171,24.6097,24.6048,24.6024,24.6025,24.6049,24.6098,24.6171,24.6268,24.6388,24.6532,24.6699,24.6890,24.7103,24.7340,24.7599,24.7881,24.8185,24.8512,24.8862,24.9233,24.9626,25.0042,25.0479,24.9482,24.8171,24.6851,24.5521,24.4180,24.2830,24.1468,24.0096,23.8713,23.7318,23.5911,23.4493,23.3061,23.1617,23.0160,22.8689,22.7204,22.5705,22.4191,22.2662,22.1117,21.9557,21.7979,21.6385,21.4774,21.3144,21.1496,20.9828,20.8142,20.6434,20.4706,20.2957,20.1185,19.9390,19.7571,19.5728,19.3860,19.1965,19.0043,18.8094,18.6115,18.4106,18.2066,17.9993,17.7886,17.5745,17.3567,17.1350,16.9094,16.6797,16.4456,16.2070,15.9636,15.7153,15.4617,15.2025,14.9376,14.6665,14.3888,14.1043,13.8123,13.5125,13.2043,12.8870,12.5600,12.2224,11.8734,11.5119,11.1366,10.7460,10.3385,9.9119,9.4636,8.9903,8.4878,7.9506,7.3710,6.7382,6.0352,5.2340,4.2795,3.0304,0.0000\right]
v_{final}=\left[0.0000,6.5986,9.3319,11.4291,13.1972,14.7550,16.1632,17.4583,18.6637,19.7959,20.8667,21.8851,22.8583,23.7917,24.6898,25.5563,26.3945,27.2068,27.9956,28.7627,29.5099,30.2387,30.9503,31.6459,32.3265,32.9931,33.6465,34.2874,34.9166,35.5346,36.1332,36.7132,37.2758,37.8219,38.3526,38.8687,39.3710,39.8601,40.3367,40.8014,41.2548,41.6974,42.1297,42.5521,42.9651,43.3689,43.7641,44.1509,44.5296,44.9006,45.2641,45.6204,45.9697,46.3124,46.6485,46.9784,47.3022,47.6202,47.9324,48.2392,48.5405,48.8367,49.1279,49.4141,49.6956,49.9724,50.2448,50.5127,50.7764,51.0360,51.2915,51.5430,51.7907,52.0347,52.2750,52.5117,52.7450,52.9748,53.2013,53.4245,53.6446,53.8616,54.0755,54.2865,54.4945,54.6997,54.9021,55.1018,55.2988,55.4932,55.6850,55.8743,56.0612,56.2456,56.4277,56.6074,56.7849,56.9601,57.1332,57.3040,57.4728,57.6395,57.8041,57.9668,58.1274,58.2862,58.4430,58.5980,58.7512,58.9025,59.0521,59.1999,59.3460,59.4904,59.6332,59.7743,59.9139,60.0518,60.1882,60.3231,60.4564,60.5883,60.7187,60.8477,60.9753,61.1015,61.2262,61.3497,61.4718,61.5926,61.7121,61.8303,61.7441,61.6249,61.5045,61.3827,61.2597,61.1352,61.0094,60.8822,60.7536,60.6236,60.4921,60.3592,60.2247,60.0887,59.9512,59.8121,59.6714,59.5291,59.3851,59.2395,59.0921,58.9430,58.7921,58.6395,58.4850,58.3287,58.1704,58.0103,57.8482,57.6841,57.5179,57.3497,57.1794,57.0070,56.8323,56.6555,56.4764,56.2949,56.1111,55.9249,55.7363,55.5451,55.3514,55.1551,54.9562,54.7545,54.5501,54.3428,54.1326,53.9195,53.7034,53.4841,53.2618,53.0361,52.8072,52.5749,52.3391,52.0998,51.8568,51.6102,51.3596,51.1052,50.8468,50.5842,50.3174,50.0462,49.7706,49.4904,49.2055,48.9156,48.6208,48.3209,48.0156,47.7049,47.3885,47.0663,46.7380,46.4036,46.0627,45.7152,45.3608,44.9992,44.6303,44.2537,43.8691,43.4762,43.0748,42.6643,42.2445,41.8149,41.3751,40.9247,40.4630,39.9897,39.5040,39.0054,38.4931,37.9700,37.4395,36.9015,36.3555,35.8011,35.2380,34.6658,34.0840,33.9487,33.8137,33.6788,33.5442,33.4098,33.2756,33.1415,33.0077,32.8741,32.7407,32.6075,32.4744,32.3415,32.2088,32.0763,31.9439,31.8117,31.6796,31.5477,31.4159,31.2842,31.1527,31.0213,30.8900,30.7589,30.6278,30.4969,30.3660,30.2352,30.1045,29.9739,29.8433,29.7128,29.5824,29.4520,29.3216,29.1913,29.0610,28.9307,28.8005,28.6722,28.5458,28.4212,28.2985,28.1776,28.0587,27.9416,27.8264,27.7130,27.6016,27.4921,27.3845,27.2787,27.1750,27.0731,26.9732,26.8751,26.7791,26.6850,26.5928,26.5026,26.4144,26.3282,26.2439,26.1617,26.0814,26.0032,25.9269,25.8527,25.7805,25.7104,25.6423,25.5762,25.5123,25.4504,25.3905,25.3328,25.2772,25.2237,25.1723,25.1230,25.0759,25.0310,24.9882,24.9475,24.9091,24.8729,24.8389,24.8071,24.7775,24.7502,24.7251,24.7023,24.6819,24.6637,24.6478,24.6343,24.6231,24.6143,24.6078,24.6038,24.6022,24.6030,24.6062,24.6119,24.6201,24.6309,24.6441,24.6599,24.6782,24.6992,24.7227,24.7489,24.7778,24.8093,24.8435,24.8805,24.9202,24.9627,25.0080,25.0562,25.1072,25.1612,25.2181,25.2779,25.3407,25.4066,25.4756,25.5476,25.6228,25.7012,25.7828,25.8676,25.9558,26.0473,26.1422,26.2406,26.3424,26.4478,26.5568,26.6694,26.7857,26.9058,27.0297,27.1575,27.2872,27.4169,27.5466,27.6764,27.8062,27.9361,28.0662,28.1963,28.3267,28.4571,28.5878,28.7186,28.8497,28.9809,29.1125,29.2443,29.3764,29.5089,29.6416,29.7748,29.9082,30.0421,30.1764,30.3111,30.4463,30.5820,30.7181,30.8548,30.9920,31.1298,31.2682,31.4071,31.5468,31.6870,31.8279,31.9696,32.1120,32.2551,32.3990,32.5437,32.6893,32.8357,32.9830,33.1312,33.2804,33.4306,33.5818,33.7340,33.8873,34.0418,34.1973,34.3541,34.5121,34.6714,34.8320,34.9939,35.1572,35.3219,35.4882,35.6559,35.8253,35.9963,36.1689,36.3433,36.5195,36.6976,36.8776,37.0596,37.2437,37.4299,37.6183,37.8089,38.0020,38.1975,38.3956,38.5964,38.7998,39.0062,39.2155,39.4279,39.6436,39.8626,40.0851,40.3112,40.5412,40.7752,41.0133,41.2558,41.5029,41.7548,42.0118,42.2741,42.5420,42.8158,43.0958,43.3825,43.6762,43.9773,44.2863,44.6038,44.9302,45.2663,45.6128,45.9623,46.3051,46.6414,46.9714,47.2954,47.6134,47.9258,48.2326,48.5341,48.8304,49.1217,49.4080,49.6896,49.9666,50.2390,50.5071,50.7708,51.0305,51.2861,51.5377,51.7855,52.0295,52.2699,52.5067,52.7400,52.6292,52.3942,52.1557,51.9136,51.6678,51.4182,51.1647,50.9072,50.6456,50.3798,50.1096,49.8351,49.5559,49.2721,48.9834,48.6898,48.3910,48.0870,47.7775,47.4625,47.1416,46.8148,46.4818,46.1425,45.7965,45.4437,45.0993,44.7651,44.4404,44.1245,43.8170,43.5172,43.2248,42.9392,42.6603,42.3874,42.1204,41.8590,41.6028,41.3516,41.1051,40.8632,40.6256,40.3922,40.1626,39.9369,39.7148,39.4962,39.2808,39.0687,38.8596,38.6535,38.4503,38.2497,38.0518,37.8564,37.6635,37.4729,37.2845,37.0984,36.9144,36.7324,36.5524,36.3744,36.1981,36.0237,35.8510,35.6799,35.5105,35.3426,35.1763,35.0114,34.8480,34.6860,34.5252,34.3658,34.2076,34.0507,33.8949,33.7403,33.5868,33.4343,33.2829,33.1325,32.9831,32.8346,32.6870,32.5403,32.3945,32.2495,32.1053,31.9619,31.8192,31.6772,31.5359,31.3953,31.2554,31.1161,30.9774,30.8392,30.7016,30.5646,30.4280,30.2920,30.1564,30.0212,29.8865,29.7522,29.6183,29.4847,29.3515,29.2186,29.0860,28.9537,28.8217,28.6899,28.5583,28.4270,28.2958,28.1648,28.0339,27.9032,27.7726,27.6421,27.5117,27.3813,27.2510,27.1207,26.9939,26.8710,26.7519,26.6365,26.5248,26.4168,26.3123,26.2114,26.1139,26.0199,25.9293,25.8420,25.7580,25.6773,25.5998,25.5255,25.4543,25.3862,25.3212,25.2592,25.2001,25.1441,25.0910,25.0408,24.9935,24.9490,24.9073,24.8684,24.8322,24.7988,24.7681,24.7401,24.7147,24.6920,24.6719,24.6543,24.6394,24.6270,24.6171,24.6097,24.6048,24.6024,24.6025,24.6049,24.6098,24.6171,24.6268,24.6388,24.6532,24.6699,24.6890,24.7103,24.7340,24.7599,24.7881,24.8185,24.8512,24.8862,24.9233,24.9626,25.0042,25.0479,24.9482,24.8171,24.6851,24.5521,24.4180,24.2830,24.1468,24.0096,23.8713,23.7318,23.5911,23.4493,23.3061,23.1617,23.0160,22.8689,22.7204,22.5705,22.4191,22.2662,22.1117,21.9557,21.7979,21.6385,21.4774,21.3144,21.1496,20.9828,20.8142,20.6434,20.4706,20.2957,20.1185,19.9390,19.7571,19.5728,19.3860,19.1965,19.0043,18.8094,18.6115,18.4106,18.2066,17.9993,17.7886,17.5745,17.3567,17.1350,16.9094,16.6797,16.4456,16.2070,15.9636,15.7153,15.4617,15.2025,14.9376,14.6665,14.3888,14.1043,13.8123,13.5125,13.2043,12.8870,12.5600,12.2224,11.8734,11.5119,11.1366,10.7460,10.3385,9.9119,9.4636,8.9903,8.4878,7.9506,7.3710,6.7382,6.0352,5.2340,4.2795,3.0304,0.0000\right]
l_{times}=\left[0.0000,0.0303,0.0429,0.0525,0.0606,0.0678,0.0742,0.0802,0.0857,0.0909,0.0958,0.1005,0.1050,0.1093,0.1134,0.1174,0.1212,0.1250,0.1286,0.1321,0.1355,0.1389,0.1422,0.1454,0.1485,0.1515,0.1545,0.1575,0.1604,0.1632,0.1660,0.1688,0.1715,0.1741,0.1767,0.1793,0.1819,0.1844,0.1869,0.1894,0.1918,0.1942,0.1966,0.1990,0.2013,0.2036,0.2059,0.2082,0.2105,0.2127,0.2149,0.2171,0.2193,0.2215,0.2236,0.2257,0.2279,0.2300,0.2321,0.2341,0.2362,0.2383,0.2403,0.2423,0.2444,0.2464,0.2484,0.2503,0.2523,0.2543,0.2562,0.2582,0.2601,0.2620,0.2640,0.2659,0.2678,0.2697,0.2715,0.2734,0.2753,0.2772,0.2790,0.2809,0.2827,0.2845,0.2863,0.2882,0.2900,0.2918,0.2936,0.2954,0.2972,0.2989,0.3007,0.3025,0.3042,0.3060,0.3078,0.3095,0.3112,0.3130,0.3147,0.3164,0.3182,0.3199,0.3216,0.3233,0.3250,0.3267,0.3284,0.3301,0.3318,0.3335,0.3352,0.3368,0.3385,0.3402,0.3418,0.3435,0.3451,0.3468,0.3484,0.3501,0.3517,0.3534,0.3550,0.3566,0.3583,0.3599,0.3615,0.3631,0.3647,0.3664,0.3680,0.3696,0.3713,0.3729,0.3745,0.3762,0.3778,0.3795,0.3811,0.3828,0.3844,0.3861,0.3877,0.3894,0.3911,0.3928,0.3945,0.3961,0.3978,0.3995,0.4012,0.4029,0.4046,0.4063,0.4081,0.4098,0.4115,0.4132,0.4150,0.4167,0.4185,0.4202,0.4220,0.4237,0.4255,0.4273,0.4291,0.4308,0.4326,0.4344,0.4362,0.4380,0.4399,0.4417,0.4435,0.4453,0.4472,0.4490,0.4509,0.4528,0.4546,0.4565,0.4584,0.4603,0.4622,0.4641,0.4661,0.4680,0.4699,0.4719,0.4738,0.4758,0.4778,0.4798,0.4818,0.4838,0.4858,0.4879,0.4899,0.4920,0.4941,0.4962,0.4983,0.5004,0.5025,0.5047,0.5068,0.5090,0.5112,0.5134,0.5156,0.5179,0.5202,0.5224,0.5248,0.5271,0.5294,0.5318,0.5342,0.5367,0.5391,0.5416,0.5441,0.5467,0.5492,0.5519,0.5545,0.5572,0.5599,0.5627,0.5655,0.5684,0.5713,0.5742,0.5772,0.5801,0.5831,0.5861,0.5891,0.5921,0.5951,0.5982,0.6012,0.6043,0.6074,0.6104,0.6135,0.6167,0.6198,0.6229,0.6261,0.6292,0.6324,0.6356,0.6388,0.6420,0.6452,0.6485,0.6517,0.6550,0.6583,0.6616,0.6649,0.6682,0.6716,0.6750,0.6783,0.6817,0.6851,0.6885,0.6920,0.6954,0.6989,0.7024,0.7059,0.7094,0.7129,0.7164,0.7200,0.7236,0.7271,0.7307,0.7344,0.7380,0.7416,0.7453,0.7490,0.7527,0.7564,0.7601,0.7638,0.7675,0.7713,0.7751,0.7788,0.7826,0.7864,0.7903,0.7941,0.7979,0.8018,0.8056,0.8095,0.8134,0.8173,0.8212,0.8251,0.8290,0.8330,0.8369,0.8409,0.8448,0.8488,0.8528,0.8567,0.8607,0.8647,0.8687,0.8728,0.8768,0.8808,0.8848,0.8889,0.8929,0.8969,0.9010,0.9050,0.9091,0.9131,0.9172,0.9213,0.9253,0.9294,0.9335,0.9375,0.9416,0.9456,0.9497,0.9538,0.9578,0.9619,0.9659,0.9700,0.9741,0.9781,0.9821,0.9862,0.9902,0.9942,0.9983,1.0023,1.0063,1.0103,1.0143,1.0183,1.0222,1.0262,1.0302,1.0341,1.0381,1.0420,1.0459,1.0498,1.0537,1.0576,1.0615,1.0653,1.0692,1.0730,1.0768,1.0806,1.0844,1.0882,1.0920,1.0957,1.0994,1.1031,1.1068,1.1105,1.1142,1.1178,1.1214,1.1250,1.1286,1.1322,1.1357,1.1393,1.1428,1.1463,1.1498,1.1533,1.1567,1.1602,1.1636,1.1670,1.1704,1.1738,1.1772,1.1805,1.1838,1.1872,1.1905,1.1938,1.1970,1.2003,1.2035,1.2068,1.2100,1.2132,1.2164,1.2196,1.2227,1.2259,1.2290,1.2321,1.2352,1.2383,1.2414,1.2445,1.2475,1.2506,1.2536,1.2566,1.2596,1.2626,1.2656,1.2685,1.2715,1.2744,1.2773,1.2802,1.2831,1.2860,1.2889,1.2917,1.2945,1.2974,1.3002,1.3030,1.3058,1.3085,1.3113,1.3140,1.3168,1.3195,1.3222,1.3249,1.3276,1.3302,1.3329,1.3355,1.3381,1.3408,1.3433,1.3459,1.3485,1.3511,1.3536,1.3561,1.3586,1.3612,1.3636,1.3661,1.3686,1.3710,1.3734,1.3759,1.3783,1.3807,1.3830,1.3854,1.3877,1.3901,1.3924,1.3947,1.3969,1.3992,1.4015,1.4037,1.4059,1.4081,1.4103,1.4125,1.4146,1.4168,1.4189,1.4210,1.4231,1.4252,1.4272,1.4293,1.4313,1.4334,1.4354,1.4374,1.4394,1.4414,1.4433,1.4453,1.4473,1.4492,1.4511,1.4531,1.4550,1.4569,1.4588,1.4607,1.4626,1.4645,1.4664,1.4684,1.4703,1.4722,1.4742,1.4762,1.4782,1.4801,1.4821,1.4842,1.4862,1.4882,1.4903,1.4923,1.4944,1.4965,1.4986,1.5007,1.5028,1.5050,1.5071,1.5093,1.5115,1.5137,1.5159,1.5182,1.5204,1.5227,1.5250,1.5273,1.5296,1.5320,1.5343,1.5367,1.5391,1.5415,1.5439,1.5463,1.5487,1.5512,1.5537,1.5561,1.5586,1.5611,1.5637,1.5662,1.5688,1.5713,1.5739,1.5765,1.5791,1.5817,1.5844,1.5870,1.5897,1.5923,1.5950,1.5977,1.6005,1.6032,1.6059,1.6087,1.6115,1.6142,1.6170,1.6198,1.6227,1.6255,1.6283,1.6312,1.6341,1.6370,1.6399,1.6428,1.6457,1.6487,1.6516,1.6546,1.6576,1.6606,1.6636,1.6666,1.6697,1.6727,1.6758,1.6789,1.6819,1.6851,1.6882,1.6913,1.6945,1.6976,1.7008,1.7040,1.7072,1.7104,1.7137,1.7169,1.7202,1.7235,1.7267,1.7301,1.7334,1.7367,1.7401,1.7434,1.7468,1.7502,1.7536,1.7571,1.7605,1.7640,1.7675,1.7709,1.7745,1.7780,1.7815,1.7851,1.7887,1.7923,1.7959,1.7995,1.8031,1.8068,1.8105,1.8142,1.8179,1.8216,1.8254,1.8291,1.8329,1.8367,1.8405,1.8443,1.8482,1.8520,1.8559,1.8597,1.8636,1.8675,1.8714,1.8754,1.8793,1.8832,1.8872,1.8912,1.8951,1.8991,1.9031,1.9071,1.9111,1.9151,1.9191,1.9232,1.9272,1.9312,1.9353,1.9393,1.9434,1.9474,1.9515,1.9555,1.9596,1.9636,1.9677,1.9718,1.9758,1.9799,1.9840,1.9880,1.9921,1.9961,2.0002,2.0043,2.0083,2.0124,2.0164,2.0205,2.0245,2.0285,2.0326,2.0366,2.0406,2.0446,2.0486,2.0527,2.0566,2.0606,2.0647,2.0687,2.0728,2.0769,2.0810,2.0851,2.0892,2.0934,2.0976,2.1018,2.1061,2.1104,2.1147,2.1190,2.1234,2.1278,2.1322,2.1366,2.1411,2.1456,2.1501,2.1547,2.1593,2.1640,2.1686,2.1733,2.1781,2.1829,2.1877,2.1926,2.1975,2.2024,2.2074,2.2124,2.2175,2.2227,2.2278,2.2331,2.2384,2.2437,2.2491,2.2546,2.2601,2.2657,2.2713,2.2771,2.2829,2.2887,2.2947,2.3007,2.3069,2.3131,2.3194,2.3258,2.3323,2.3390,2.3457,2.3526,2.3596,2.3668,2.3741,2.3816,2.3893,2.3971,2.4052,2.4135,2.4220,2.4309,2.4400,2.4495,2.4594,2.4697,2.4805,2.4920,2.5041,2.5172,2.5314,2.5470,2.5648,2.5858,2.6132,2.6792,\right]
l_{points}=\left[\left(-23.6000,0.0000\right),\left(-23.5000,0.0000\right),\left(-23.4000,0.0000\right),\left(-23.3000,0.0000\right),\left(-23.2000,0.0000\right),\left(-23.1000,0.0000\right),\left(-23.0000,0.0000\right),\left(-22.9000,0.0000\right),\left(-22.8000,0.0000\right),\left(-22.7000,0.0000\right),\left(-22.6000,0.0000\right),\left(-22.5000,0.0000\right),\left(-22.4000,0.0000\right),\left(-22.3000,0.0000\right),\left(-22.2000,0.0000\right),\left(-22.1000,0.0000\right),\left(-22.0000,0.0000\right),\left(-21.9000,0.0000\right),\left(-21.8000,0.0000\right),\left(-21.7000,0.0000\right),\left(-21.6000,0.0000\right),\left(-21.5000,0.0000\right),\left(-21.4000,0.0000\right),\left(-21.3000,0.0000\right),\left(-21.2000,0.0000\right),\left(-21.1000,0.0000\right),\left(-21.0000,0.0000\right),\left(-20.9000,0.0000\right),\left(-20.8000,0.0000\right),\left(-20.7000,0.0000\right),\left(-20.6000,0.0000\right),\left(-20.5000,0.0000\right),\left(-20.4000,0.0000\right),\left(-20.3000,0.0000\right),\left(-20.2000,0.0000\right),\left(-20.1000,0.0000\right),\left(-20.0000,0.0000\right),\left(-19.9000,0.0000\right),\left(-19.8000,0.0000\right),\left(-19.7000,0.0000\right),\left(-19.6000,0.0000\right),\left(-19.5000,0.0000\right),\left(-19.4000,0.0000\right),\left(-19.3000,0.0000\right),\left(-19.2000,0.0000\right),\left(-19.1000,0.0000\right),\left(-19.0000,0.0000\right),\left(-18.9000,0.0000\right),\left(-18.8000,0.0000\right),\left(-18.7000,0.0000\right),\left(-18.6000,0.0000\right),\left(-18.5000,0.0000\right),\left(-18.4000,0.0000\right),\left(-18.3000,0.0000\right),\left(-18.2000,0.0000\right),\left(-18.1000,0.0000\right),\left(-18.0000,0.0000\right),\left(-17.9000,0.0000\right),\left(-17.8000,0.0000\right),\left(-17.7000,0.0000\right),\left(-17.6000,0.0000\right),\left(-17.5000,0.0000\right),\left(-17.4000,0.0000\right),\left(-17.3000,0.0000\right),\left(-17.2000,0.0000\right),\left(-17.1000,0.0000\right),\left(-17.0000,0.0000\right),\left(-16.9000,0.0000\right),\left(-16.8000,0.0000\right),\left(-16.7000,0.0000\right),\left(-16.6000,0.0000\right),\left(-16.5000,0.0000\right),\left(-16.4000,0.0000\right),\left(-16.3000,0.0000\right),\left(-16.2000,0.0000\right),\left(-16.1000,0.0000\right),\left(-16.0000,0.0000\right),\left(-15.9000,0.0000\right),\left(-15.8000,0.0000\right),\left(-15.7000,0.0000\right),\left(-15.6000,0.0000\right),\left(-15.5000,0.0000\right),\left(-15.4000,0.0000\right),\left(-15.3000,0.0000\right),\left(-15.2000,0.0000\right),\left(-15.1000,0.0000\right),\left(-15.0000,0.0000\right),\left(-14.9000,0.0000\right),\left(-14.8000,0.0000\right),\left(-14.7000,0.0000\right),\left(-14.6000,0.0000\right),\left(-14.5000,0.0000\right),\left(-14.4000,0.0000\right),\left(-14.3000,0.0000\right),\left(-14.2000,0.0000\right),\left(-14.1000,0.0000\right),\left(-14.0000,0.0000\right),\left(-13.9000,0.0000\right),\left(-13.8000,0.0000\right),\left(-13.7000,0.0000\right),\left(-13.6000,0.0000\right),\left(-13.5000,0.0000\right),\left(-13.4000,0.0000\right),\left(-13.3000,0.0000\right),\left(-13.2000,0.0000\right),\left(-13.1000,0.0000\right),\left(-13.0000,0.0000\right),\left(-12.9000,0.0000\right),\left(-12.8000,0.0000\right),\left(-12.7000,0.0000\right),\left(-12.6000,0.0000\right),\left(-12.5000,0.0000\right),\left(-12.4000,0.0000\right),\left(-12.3000,0.0000\right),\left(-12.2000,0.0000\right),\left(-12.1000,0.0000\right),\left(-12.0000,0.0000\right),\left(-11.9000,0.0000\right),\left(-11.8000,0.0000\right),\left(-11.7000,0.0000\right),\left(-11.6000,0.0000\right),\left(-11.5000,0.0000\right),\left(-11.4000,0.0000\right),\left(-11.3000,0.0000\right),\left(-11.2000,0.0000\right),\left(-11.1000,0.0000\right),\left(-11.0000,0.0000\right),\left(-10.9000,0.0000\right),\left(-10.8000,0.0000\right),\left(-10.7000,0.0000\right),\left(-10.6000,0.0000\right),\left(-10.5000,0.0000\right),\left(-10.4000,0.0000\right),\left(-10.3000,0.0000\right),\left(-10.2000,0.0000\right),\left(-10.1000,0.0000\right),\left(-10.0000,0.0000\right),\left(-9.9000,0.0000\right),\left(-9.8000,0.0000\right),\left(-9.7000,0.0000\right),\left(-9.6000,0.0000\right),\left(-9.5000,0.0000\right),\left(-9.4000,0.0000\right),\left(-9.3000,0.0000\right),\left(-9.2000,0.0000\right),\left(-9.1000,0.0000\right),\left(-9.0000,0.0000\right),\left(-8.9000,0.0000\right),\left(-8.8000,0.0000\right),\left(-8.7000,0.0000\right),\left(-8.6000,0.0000\right),\left(-8.5000,0.0000\right),\left(-8.4000,0.0000\right),\left(-8.3000,0.0000\right),\left(-8.2000,0.0000\right),\left(-8.1000,0.0000\right),\left(-8.0000,0.0000\right),\left(-7.9000,0.0000\right),\left(-7.8000,0.0000\right),\left(-7.7000,0.0000\right),\left(-7.6000,0.0000\right),\left(-7.5000,0.0000\right),\left(-7.4000,0.0000\right),\left(-7.3000,0.0000\right),\left(-7.2000,0.0000\right),\left(-7.1000,0.0000\right),\left(-7.0000,0.0000\right),\left(-6.9000,0.0000\right),\left(-6.8000,0.0000\right),\left(-6.7000,0.0000\right),\left(-6.6000,0.0000\right),\left(-6.5000,0.0000\right),\left(-6.4000,0.0000\right),\left(-6.3000,0.0000\right),\left(-6.2000,0.0000\right),\left(-6.1000,0.0000\right),\left(-6.0000,0.0000\right),\left(-5.9000,0.0000\right),\left(-5.8000,0.0000\right),\left(-5.7000,0.0000\right),\left(-5.6000,0.0000\right),\left(-5.5000,0.0000\right),\left(-5.4000,0.0000\right),\left(-5.3000,0.0000\right),\left(-5.2000,0.0000\right),\left(-5.1000,0.0000\right),\left(-5.0000,0.0000\right),\left(-4.9000,0.0000\right),\left(-4.8000,0.0000\right),\left(-4.7000,0.0000\right),\left(-4.6000,0.0000\right),\left(-4.5000,0.0000\right),\left(-4.4000,0.0000\right),\left(-4.3000,0.0000\right),\left(-4.2000,0.0000\right),\left(-4.1000,0.0000\right),\left(-4.0000,0.0000\right),\left(-3.9000,0.0000\right),\left(-3.8000,0.0000\right),\left(-3.7000,0.0000\right),\left(-3.6000,0.0000\right),\left(-3.5000,0.0000\right),\left(-3.4000,0.0000\right),\left(-3.3000,0.0000\right),\left(-3.2000,0.0000\right),\left(-3.1000,0.0000\right),\left(-3.0000,0.0000\right),\left(-2.9000,0.0000\right),\left(-2.8000,0.0000\right),\left(-2.7000,0.0000\right),\left(-2.6000,0.0000\right),\left(-2.5000,0.0000\right),\left(-2.4000,0.0000\right),\left(-2.3000,0.0000\right),\left(-2.2000,0.0000\right),\left(-2.1000,0.0000\right),\left(-2.0000,0.0000\right),\left(-1.9000,0.0000\right),\left(-1.8000,0.0000\right),\left(-1.7000,0.0000\right),\left(-1.6000,0.0000\right),\left(-1.5000,0.0000\right),\left(-1.4000,0.0000\right),\left(-1.3000,0.0000\right),\left(-1.2000,0.0000\right),\left(-1.1000,0.0000\right),\left(-1.0000,0.0000\right),\left(-0.9000,0.0000\right),\left(-0.8000,0.0000\right),\left(-0.7000,0.0000\right),\left(-0.6000,0.0000\right),\left(-0.5000,0.0000\right),\left(-0.4000,0.0000\right),\left(-0.3000,0.0000\right),\left(-0.2000,0.0000\right),\left(-0.1000,0.0000\right),\left(0.0001,0.0000\right),\left(0.0999,0.0001\right),\left(0.1998,0.0006\right),\left(0.2997,0.0013\right),\left(0.3995,0.0023\right),\left(0.4994,0.0036\right),\left(0.5992,0.0051\right),\left(0.6991,0.0070\right),\left(0.7989,0.0092\right),\left(0.8987,0.0116\right),\left(0.9986,0.0144\right),\left(1.0984,0.0174\right),\left(1.1982,0.0207\right),\left(1.2980,0.0244\right),\left(1.3977,0.0283\right),\left(1.4975,0.0326\right),\left(1.5973,0.0371\right),\left(1.6970,0.0420\right),\left(1.7967,0.0472\right),\left(1.8964,0.0527\right),\left(1.9961,0.0585\right),\left(2.0958,0.0646\right),\left(2.1955,0.0710\right),\left(2.2951,0.0777\right),\left(2.3947,0.0848\right),\left(2.4943,0.0922\right),\left(2.5939,0.0999\right),\left(2.6934,0.1079\right),\left(2.7929,0.1163\right),\left(2.8924,0.1249\right),\left(2.9919,0.1339\right),\left(3.0913,0.1433\right),\left(3.1907,0.1529\right),\left(3.2900,0.1629\right),\left(3.3894,0.1733\right),\left(3.4887,0.1839\right),\left(3.5879,0.1949\right),\left(3.6871,0.2063\right),\left(3.7863,0.2179\right),\left(3.8854,0.2299\right),\left(3.9845,0.2423\right),\left(4.0836,0.2550\right),\left(4.1826,0.2681\right),\left(4.2816,0.2814\right),\left(4.3805,0.2952\right),\left(4.4794,0.3093\right),\left(4.5782,0.3237\right),\left(4.6769,0.3385\right),\left(4.7757,0.3537\right),\left(4.8743,0.3692\right),\left(4.9729,0.3850\right),\left(5.0715,0.4012\right),\left(5.1699,0.4178\right),\left(5.2684,0.4347\right),\left(5.3667,0.4520\right),\left(5.4650,0.4697\right),\left(5.5633,0.4877\right),\left(5.6614,0.5061\right),\left(5.7595,0.5248\right),\left(5.8576,0.5439\right),\left(5.9555,0.5634\right),\left(6.0534,0.5832\right),\left(6.1512,0.6034\right),\left(6.2490,0.6240\right),\left(6.3466,0.6450\right),\left(6.4442,0.6663\right),\left(6.5417,0.6880\right),\left(6.6391,0.7101\right),\left(6.7364,0.7325\right),\left(6.8337,0.7553\right),\left(6.9308,0.7785\right),\left(7.0279,0.8021\right),\left(7.1248,0.8260\right),\left(7.2217,0.8504\right),\left(7.3185,0.8751\right),\left(7.4152,0.9002\right),\left(7.5118,0.9256\right),\left(7.6083,0.9515\right),\left(7.7046,0.9777\right),\left(7.8009,1.0043\right),\left(7.8971,1.0313\right),\left(7.9932,1.0586\right),\left(8.0891,1.0864\right),\left(8.1850,1.1145\right),\left(8.2807,1.1430\right),\left(8.3763,1.1719\right),\left(8.4718,1.2012\right),\left(8.5672,1.2309\right),\left(8.6625,1.2609\right),\left(8.7576,1.2913\right),\left(8.8527,1.3221\right),\left(8.9476,1.3533\right),\left(9.0423,1.3849\right),\left(9.1370,1.4169\right),\left(9.2315,1.4492\right),\left(9.3259,1.4819\right),\left(9.4202,1.5151\right),\left(9.5143,1.5485\right),\left(9.6083,1.5824\right),\left(9.7021,1.6167\right),\left(9.7958,1.6513\right),\left(9.8894,1.6863\right),\left(9.9828,1.7217\right),\left(10.0761,1.7575\right),\left(10.1692,1.7936\right),\left(10.2622,1.8302\right),\left(10.3551,1.8671\right),\left(10.4478,1.9044\right),\left(10.5403,1.9420\right),\left(10.6327,1.9801\right),\left(10.7250,2.0185\right),\left(10.8170,2.0573\right),\left(10.9090,2.0964\right),\left(11.0007,2.1360\right),\left(11.0923,2.1759\right),\left(11.1838,2.2161\right),\left(11.2751,2.2568\right),\left(11.3662,2.2978\right),\left(11.4572,2.3391\right),\left(11.5480,2.3809\right),\left(11.6386,2.4230\right),\left(11.7290,2.4654\right),\left(11.8193,2.5083\right),\left(11.9094,2.5514\right),\left(11.9994,2.5950\right),\left(12.0892,2.6389\right),\left(12.1788,2.6831\right),\left(12.2682,2.7277\right),\left(12.3574,2.7727\right),\left(12.4465,2.8180\right),\left(12.5354,2.8637\right),\left(12.6241,2.9097\right),\left(12.7127,2.9560\right),\left(12.8010,3.0027\right),\left(12.8892,3.0497\right),\left(12.9772,3.0971\right),\left(13.0650,3.1448\right),\left(13.1527,3.1929\right),\left(13.2401,3.2412\right),\left(13.3274,3.2900\right),\left(13.4145,3.3390\right),\left(13.5014,3.3884\right),\left(13.5881,3.4381\right),\left(13.6747,3.4881\right),\left(13.7610,3.5384\right),\left(13.8472,3.5891\right),\left(13.9331,3.6401\right),\left(14.0189,3.6914\right),\left(14.1045,3.7430\right),\left(14.1899,3.7949\right),\left(14.2752,3.8471\right),\left(14.3602,3.8996\right),\left(14.4451,3.9525\right),\left(14.5297,4.0056\right),\left(14.6142,4.0590\right),\left(14.6985,4.1128\right),\left(14.7826,4.1668\right),\left(14.8665,4.2211\right),\left(14.9503,4.2757\right),\left(15.0338,4.3306\right),\left(15.1172,4.3858\right),\left(15.2003,4.4412\right),\left(15.2833,4.4970\right),\left(15.3661,4.5530\right),\left(15.4487,4.6093\right),\left(15.5312,4.6658\right),\left(15.6134,4.7227\right),\left(15.6955,4.7798\right),\left(15.7773,4.8371\right),\left(15.8590,4.8947\right),\left(15.9406,4.9526\right),\left(16.0219,5.0108\right),\left(16.1030,5.0691\right),\left(16.1840,5.1278\right),\left(16.2648,5.1867\right),\left(16.3454,5.2458\right),\left(16.4259,5.3052\right),\left(16.5061,5.3648\right),\left(16.5862,5.4247\right),\left(16.6661,5.4847\right),\left(16.7458,5.5451\right),\left(16.8254,5.6056\right),\left(16.9048,5.6664\right),\left(16.9840,5.7274\right),\left(17.0630,5.7886\right),\left(17.1419,5.8501\right),\left(17.2206,5.9117\right),\left(17.2992,5.9736\right),\left(17.3775,6.0357\right),\left(17.4558,6.0980\right),\left(17.5338,6.1605\right),\left(17.6117,6.2232\right),\left(17.6894,6.2860\right),\left(17.7670,6.3491\right),\left(17.8444,6.4124\right),\left(17.9216,6.4759\right),\left(17.9987,6.5396\right),\left(18.0757,6.6034\right),\left(18.1525,6.6675\right),\left(18.2291,6.7317\right),\left(18.3056,6.7961\right),\left(18.3819,6.8607\right),\left(18.4581,6.9254\right),\left(18.5342,6.9904\right),\left(18.6101,7.0554\right),\left(18.6858,7.1207\right),\left(18.7615,7.1861\right),\left(18.8370,7.2517\right),\left(18.9123,7.3174\right),\left(18.9875,7.3833\right),\left(19.0626,7.4494\right),\left(19.1375,7.5156\right),\left(19.2124,7.5819\right),\left(19.2871,7.6484\right),\left(19.3616,7.7150\right),\left(19.4361,7.7818\right),\left(19.5104,7.8487\right),\left(19.5846,7.9157\right),\left(19.6587,7.9829\right),\left(19.7326,8.0502\right),\left(19.8065,8.1176\right),\left(19.8802,8.1852\right),\left(19.9538,8.2528\right),\left(20.0273,8.3206\right),\left(20.1007,8.3885\right),\left(20.1740,8.4565\right),\left(20.2472,8.5247\right),\left(20.3203,8.5929\right),\left(20.3933,8.6613\right),\left(20.4662,8.7297\right),\left(20.5390,8.7983\right),\left(20.6117,8.8669\right),\left(20.6843,8.9357\right),\left(20.7568,9.0045\right),\left(20.8293,9.0735\right),\left(20.9016,9.1425\right),\left(20.9739,9.2116\right),\left(21.0461,9.2808\right),\left(21.1182,9.3501\right),\left(21.1902,9.4195\right),\left(21.2622,9.4889\right),\left(21.3341,9.5584\right),\left(21.4059,9.6280\right),\left(21.4776,9.6977\right),\left(21.5493,9.7674\right),\left(21.6209,9.8372\right),\left(21.6925,9.9071\right),\left(21.7640,9.9770\right),\left(21.8354,10.0470\right),\left(21.9068,10.1170\right),\left(21.9781,10.1871\right),\left(22.0494,10.2572\right),\left(22.1206,10.3274\right),\left(22.1918,10.3977\right),\left(22.2629,10.4680\right),\left(22.3340,10.5383\right),\left(22.4050,10.6087\right),\left(22.4761,10.6791\right),\left(22.5470,10.7495\right),\left(22.6180,10.8200\right),\left(22.6889,10.8905\right),\left(22.7598,10.9610\right),\left(22.8306,11.0316\right),\left(22.9015,11.1022\right),\left(22.9723,11.1728\right),\left(23.0431,11.2434\right),\left(23.1138,11.3141\right),\left(23.1846,11.3847\right),\left(23.2553,11.4554\right),\left(23.3261,11.5261\right),\left(23.3968,11.5968\right),\left(23.4675,11.6675\right),\left(23.5382,11.7382\right),\left(23.6089,11.8089\right),\left(23.6796,11.8796\right),\left(23.7504,11.9503\right),\left(23.8211,12.0210\right),\left(23.8918,12.0917\right),\left(23.9625,12.1624\right),\left(24.0333,12.2331\right),\left(24.1040,12.3038\right),\left(24.1748,12.3744\right),\left(24.2456,12.4450\right),\left(24.3164,12.5156\right),\left(24.3873,12.5862\right),\left(24.4581,12.6568\right),\left(24.5290,12.7273\right),\left(24.5999,12.7978\right),\left(24.6709,12.8683\right),\left(24.7419,12.9387\right),\left(24.8129,13.0091\right),\left(24.8840,13.0795\right),\left(24.9551,13.1498\right),\left(25.0262,13.2201\right),\left(25.0974,13.2903\right),\left(25.1686,13.3605\right),\left(25.2399,13.4306\right),\left(25.3113,13.5007\right),\left(25.3827,13.5707\right),\left(25.4541,13.6407\right),\left(25.5256,13.7106\right),\left(25.5972,13.7804\right),\left(25.6688,13.8502\right),\left(25.7405,13.9199\right),\left(25.8123,13.9896\right),\left(25.8841,14.0591\right),\left(25.9560,14.1286\right),\left(26.0280,14.1981\right),\left(26.1000,14.2674\right),\left(26.1721,14.3367\right),\left(26.2444,14.4059\right),\left(26.3166,14.4750\right),\left(26.3890,14.5440\right),\left(26.4615,14.6129\right),\left(26.5340,14.6817\right),\left(26.6067,14.7504\right),\left(26.6794,14.8191\right),\left(26.7522,14.8876\right),\left(26.8252,14.9560\right),\left(26.8982,15.0244\right),\left(26.9713,15.0926\right),\left(27.0445,15.1607\right),\left(27.1179,15.2287\right),\left(27.1913,15.2966\right),\left(27.2648,15.3643\right),\left(27.3385,15.4320\right),\left(27.4122,15.4995\right),\left(27.4861,15.5669\right),\left(27.5601,15.6342\right),\left(27.6342,15.7013\right),\left(27.7085,15.7683\right),\left(27.7828,15.8352\right),\left(27.8573,15.9019\right),\left(27.9319,15.9685\right),\left(28.0066,16.0350\right),\left(28.0815,16.1013\right),\left(28.1565,16.1675\right),\left(28.2316,16.2335\right),\left(28.3069,16.2993\right),\left(28.3823,16.3650\right),\left(28.4578,16.4306\right),\left(28.5335,16.4960\right),\left(28.6093,16.5612\right),\left(28.6852,16.6262\right),\left(28.7613,16.6911\right),\left(28.8376,16.7558\right),\left(28.9140,16.8204\right),\left(28.9905,16.8848\right),\left(29.0672,16.9490\right),\left(29.1441,17.0130\right),\left(29.2211,17.0768\right),\left(29.2982,17.1404\right),\left(29.3755,17.2039\right),\left(29.4530,17.2671\right),\left(29.5306,17.3302\right),\left(29.6084,17.3930\right),\left(29.6863,17.4557\right),\left(29.7645,17.5182\right),\left(29.8427,17.5804\right),\left(29.9212,17.6425\right),\left(29.9998,17.7043\right),\left(30.0786,17.7659\right),\left(30.1575,17.8273\right),\left(30.2366,17.8885\right),\left(30.3159,17.9495\right),\left(30.3954,18.0102\right),\left(30.4750,18.0708\right),\left(30.5548,18.1310\right),\left(30.6348,18.1911\right),\left(30.7150,18.2509\right),\left(30.7953,18.3105\right),\left(30.8758,18.3698\right),\left(30.9565,18.4289\right),\left(31.0374,18.4878\right),\left(31.1185,18.5464\right),\left(31.1997,18.6047\right),\left(31.2811,18.6628\right),\left(31.3627,18.7207\right),\left(31.4445,18.7782\right),\left(31.5265,18.8356\right),\left(31.6087,18.8926\right),\left(31.6910,18.9494\right),\left(31.7735,19.0059\right),\left(31.8563,19.0622\right),\left(31.9392,19.1182\right),\left(32.0222,19.1739\right),\left(32.1055,19.2293\right),\left(32.1890,19.2844\right),\left(32.2726,19.3393\right),\left(32.3565,19.3938\right),\left(32.4405,19.4481\right),\left(32.5247,19.5021\right),\left(32.6092,19.5558\right),\left(32.6938,19.6092\right),\left(32.7785,19.6623\right),\left(32.8635,19.7151\right),\left(32.9487,19.7676\right),\left(33.0340,19.8197\right),\left(33.1196,19.8716\right),\left(33.2053,19.9232\right),\left(33.2912,19.9744\right),\left(33.3774,20.0254\right),\left(33.4637,20.0760\right),\left(33.5501,20.1263\right),\left(33.6368,20.1763\right),\left(33.7237,20.2259\right),\left(33.8107,20.2752\right),\left(33.8980,20.3242\right),\left(33.9854,20.3729\right),\left(34.0730,20.4212\right),\left(34.1608,20.4692\right),\left(34.2487,20.5169\right),\left(34.3369,20.5642\right),\left(34.4252,20.6112\right),\left(34.5138,20.6579\right),\left(34.6025,20.7042\right),\left(34.6914,20.7501\right),\left(34.7804,20.7957\right),\left(34.8697,20.8410\right),\left(34.9591,20.8859\right),\left(35.0487,20.9305\right),\left(35.1385,20.9747\right),\left(35.2284,21.0185\right),\left(35.3185,21.0620\right),\left(35.4088,21.1051\right),\left(35.4993,21.1479\right),\left(35.5899,21.1903\right),\left(35.6807,21.2324\right),\left(35.7717,21.2740\right),\left(35.8629,21.3154\right),\left(35.9542,21.3563\right),\left(36.0457,21.3969\right),\left(36.1373,21.4371\right),\left(36.2291,21.4769\right),\left(36.3211,21.5164\right),\left(36.4132,21.5555\right),\left(36.5055,21.5942\right),\left(36.5979,21.6326\right),\left(36.6905,21.6706\right),\left(36.7833,21.7082\right),\left(36.8762,21.7454\right),\left(36.9693,21.7822\right),\left(37.0625,21.8187\right),\left(37.1558,21.8548\right),\left(37.2493,21.8905\right),\left(37.3430,21.9258\right),\left(37.4368,21.9608\right),\left(37.5307,21.9954\right),\left(37.6248,22.0295\right),\left(37.7190,22.0633\right),\left(37.8134,22.0968\right),\left(37.9078,22.1298\right),\left(38.0025,22.1625\right),\left(38.0972,22.1947\right),\left(38.1921,22.2266\right),\left(38.2871,22.2581\right),\left(38.3823,22.2892\right),\left(38.4775,22.3200\right),\left(38.5729,22.3503\right),\left(38.6684,22.3803\right),\left(38.7641,22.4099\right),\left(38.8598,22.4391\right),\left(38.9557,22.4679\right),\left(39.0517,22.4963\right),\left(39.1478,22.5243\right),\left(39.2440,22.5520\right),\left(39.3403,22.5793\right),\left(39.4367,22.6062\right),\left(39.5333,22.6327\right),\left(39.6299,22.6588\right),\left(39.7267,22.6846\right),\left(39.8235,22.7099\right),\left(39.9205,22.7349\right),\left(40.0175,22.7595\right),\left(40.1147,22.7838\right),\left(40.2119,22.8076\right),\left(40.3092,22.8311\right),\left(40.4067,22.8542\right),\left(40.5042,22.8769\right),\left(40.6018,22.8992\right),\left(40.6994,22.9212\right),\left(40.7972,22.9428\right),\left(40.8951,22.9640\right),\left(40.9930,22.9849\right),\left(41.0910,23.0053\right),\left(41.1891,23.0254\right),\left(41.2872,23.0452\right),\left(41.3855,23.0645\right),\left(41.4838,23.0835\right),\left(41.5822,23.1021\right),\left(41.6806,23.1204\right),\left(41.7791,23.1383\right),\left(41.8777,23.1558\right),\left(41.9763,23.1730\right),\left(42.0751,23.1898\right),\left(42.1738,23.2063\right),\left(42.2727,23.2224\right),\left(42.3715,23.2381\right),\left(42.4705,23.2535\right),\left(42.5695,23.2685\right),\left(42.6685,23.2831\right),\left(42.7676,23.2975\right),\left(42.8668,23.3114\right),\left(42.9660,23.3250\right),\left(43.0652,23.3383\right),\left(43.1645,23.3512\right),\left(43.2639,23.3638\right),\left(43.3633,23.3760\right),\left(43.4627,23.3879\right),\left(43.5622,23.3994\right),\left(43.6617,23.4106\right),\left(43.7612,23.4215\right),\left(43.8608,23.4320\right),\left(43.9604,23.4422\right),\left(44.0601,23.4520\right),\left(44.1598,23.4616\right),\left(44.2595,23.4707\right),\left(44.3592,23.4796\right),\left(44.4590,23.4881\right),\left(44.5588,23.4963\right),\left(44.6586,23.5042\right),\left(44.7585,23.5118\right),\left(44.8584,23.5190\right),\left(44.9583,23.5259\right),\left(45.0582,23.5325\right),\left(45.1581,23.5388\right),\left(45.2581,23.5447\right),\left(45.3581,23.5504\right),\left(45.4581,23.5557\right),\left(45.5581,23.5607\right),\left(45.6581,23.5654\right),\left(45.7582,23.5698\right),\left(45.8582,23.5739\right),\left(45.9583,23.5777\right),\left(46.0584,23.5812\right),\left(46.1585,23.5844\right),\left(46.2586,23.5873\right),\left(46.3587,23.5898\right),\left(46.4588,23.5921\right),\left(46.5589,23.5941\right),\left(46.6590,23.5958\right),\left(46.7592,23.5972\right),\left(46.8593,23.5984\right),\left(46.9594,23.5992\right),\left(47.0596,23.5997\right),\left(47.1597,23.6000\right),\left(47.2000,23.6000\right),\right]
l_{headings}=\left[0.0000,0.0000,0.0000,0.0000,0.0000,0.0000,0.0000,0.0000,0.0000,0.0000,0.0000,0.0000,0.0000,0.0000,0.0000,0.0000,0.0000,0.0000,0.0000,0.0000,0.0000,0.0000,0.0000,0.0000,0.0000,0.0000,0.0000,0.0000,0.0000,0.0000,0.0000,0.0000,0.0000,0.0000,0.0000,0.0000,0.0000,0.0000,0.0000,0.0000,0.0000,0.0000,0.0000,0.0000,0.0000,0.0000,0.0000,0.0000,0.0000,0.0000,0.0000,0.0000,0.0000,0.0000,0.0000,0.0000,0.0000,0.0000,0.0000,0.0000,0.0000,0.0000,0.0000,0.0000,0.0000,0.0000,0.0000,0.0000,0.0000,0.0000,0.0000,0.0000,0.0000,0.0000,0.0000,0.0000,0.0000,0.0000,0.0000,0.0000,0.0000,0.0000,0.0000,0.0000,0.0000,0.0000,0.0000,0.0000,0.0000,0.0000,0.0000,0.0000,0.0000,0.0000,0.0000,0.0000,0.0000,0.0000,0.0000,0.0000,0.0000,0.0000,0.0000,0.0000,0.0000,0.0000,0.0000,0.0000,0.0000,0.0000,0.0000,0.0000,0.0000,0.0000,0.0000,0.0000,0.0000,0.0000,0.0000,0.0000,0.0000,0.0000,0.0000,0.0000,0.0000,0.0000,0.0000,0.0000,0.0000,0.0000,0.0000,0.0000,0.0000,0.0000,0.0000,0.0000,0.0000,0.0000,0.0000,0.0000,0.0000,0.0000,0.0000,0.0000,0.0000,0.0000,0.0000,0.0000,0.0000,0.0000,0.0000,0.0000,0.0000,0.0000,0.0000,0.0000,0.0000,0.0000,0.0000,0.0000,0.0000,0.0000,0.0000,0.0000,0.0000,0.0000,0.0000,0.0000,0.0000,0.0000,0.0000,0.0000,0.0000,0.0000,0.0000,0.0000,0.0000,0.0000,0.0000,0.0000,0.0000,0.0000,0.0000,0.0000,0.0000,0.0000,0.0000,0.0000,0.0000,0.0000,0.0000,0.0000,0.0000,0.0000,0.0000,0.0000,0.0000,0.0000,0.0000,0.0000,0.0000,0.0000,0.0000,0.0000,0.0000,0.0000,0.0000,0.0000,0.0000,0.0000,0.0000,0.0000,0.0000,0.0000,0.0000,0.0000,0.0000,0.0000,0.0000,0.0000,0.0000,0.0000,0.0000,0.0000,0.0000,0.0000,0.0000,0.0000,0.0000,0.0000,0.0000,0.0000,0.0000,0.0000,0.0000,0.0000,0.0000,0.0028,0.0057,0.0085,0.0114,0.0143,0.0172,0.0201,0.0231,0.0260,0.0290,0.0320,0.0350,0.0380,0.0411,0.0441,0.0472,0.0503,0.0534,0.0565,0.0597,0.0628,0.0660,0.0692,0.0724,0.0756,0.0788,0.0821,0.0853,0.0886,0.0919,0.0952,0.0986,0.1019,0.1053,0.1087,0.1121,0.1155,0.1189,0.1223,0.1258,0.1293,0.1328,0.1363,0.1398,0.1433,0.1469,0.1505,0.1540,0.1576,0.1612,0.1649,0.1685,0.1722,0.1758,0.1795,0.1832,0.1869,0.1906,0.1944,0.1981,0.2019,0.2057,0.2095,0.2133,0.2171,0.2209,0.2247,0.2286,0.2324,0.2363,0.2402,0.2441,0.2480,0.2519,0.2558,0.2597,0.2637,0.2676,0.2716,0.2755,0.2795,0.2835,0.2875,0.2915,0.2955,0.2995,0.3035,0.3075,0.3115,0.3156,0.3196,0.3236,0.3277,0.3317,0.3358,0.3398,0.3439,0.3479,0.3520,0.3560,0.3601,0.3642,0.3682,0.3723,0.3764,0.3804,0.3845,0.3885,0.3926,0.3966,0.4007,0.4047,0.4088,0.4128,0.4168,0.4208,0.4249,0.4289,0.4329,0.4369,0.4409,0.4449,0.4488,0.4528,0.4568,0.4607,0.4646,0.4686,0.4725,0.4764,0.4803,0.4842,0.4880,0.4919,0.4957,0.4996,0.5034,0.5072,0.5110,0.5148,0.5185,0.5222,0.5260,0.5297,0.5334,0.5370,0.5407,0.5443,0.5479,0.5515,0.5551,0.5587,0.5622,0.5657,0.5692,0.5727,0.5762,0.5796,0.5830,0.5864,0.5898,0.5931,0.5964,0.5997,0.6030,0.6063,0.6095,0.6127,0.6159,0.6190,0.6221,0.6252,0.6283,0.6314,0.6344,0.6374,0.6404,0.6433,0.6462,0.6491,0.6520,0.6548,0.6576,0.6604,0.6632,0.6659,0.6686,0.6712,0.6739,0.6765,0.6791,0.6816,0.6841,0.6866,0.6891,0.6915,0.6939,0.6963,0.6987,0.7010,0.7033,0.7055,0.7077,0.7099,0.7121,0.7142,0.7163,0.7184,0.7204,0.7224,0.7244,0.7264,0.7283,0.7302,0.7320,0.7338,0.7356,0.7374,0.7391,0.7408,0.7425,0.7441,0.7457,0.7473,0.7488,0.7504,0.7518,0.7533,0.7547,0.7561,0.7574,0.7587,0.7600,0.7613,0.7625,0.7637,0.7649,0.7660,0.7671,0.7682,0.7692,0.7702,0.7712,0.7721,0.7730,0.7739,0.7747,0.7755,0.7763,0.7770,0.7778,0.7784,0.7791,0.7797,0.7803,0.7809,0.7814,0.7819,0.7823,0.7828,0.7831,0.7835,0.7838,0.7841,0.7844,0.7846,0.7848,0.7850,0.7852,0.7853,0.7853,0.7854,0.7854,0.7854,0.7853,0.7852,0.7851,0.7850,0.7848,0.7846,0.7843,0.7841,0.7838,0.7834,0.7831,0.7826,0.7822,0.7817,0.7812,0.7807,0.7802,0.7796,0.7789,0.7783,0.7776,0.7769,0.7761,0.7753,0.7745,0.7737,0.7728,0.7719,0.7709,0.7699,0.7689,0.7679,0.7668,0.7657,0.7646,0.7634,0.7622,0.7610,0.7597,0.7584,0.7571,0.7557,0.7543,0.7529,0.7515,0.7500,0.7485,0.7469,0.7453,0.7437,0.7421,0.7404,0.7387,0.7370,0.7352,0.7334,0.7316,0.7297,0.7278,0.7259,0.7239,0.7219,0.7199,0.7179,0.7158,0.7137,0.7115,0.7094,0.7072,0.7049,0.7027,0.7004,0.6981,0.6957,0.6933,0.6909,0.6885,0.6860,0.6835,0.6810,0.6784,0.6758,0.6732,0.6706,0.6679,0.6652,0.6624,0.6597,0.6569,0.6541,0.6512,0.6484,0.6455,0.6425,0.6396,0.6366,0.6336,0.6306,0.6275,0.6244,0.6213,0.6182,0.6150,0.6118,0.6086,0.6054,0.6021,0.5988,0.5955,0.5922,0.5889,0.5855,0.5821,0.5787,0.5752,0.5718,0.5683,0.5648,0.5612,0.5577,0.5541,0.5505,0.5469,0.5433,0.5397,0.5360,0.5323,0.5286,0.5249,0.5212,0.5174,0.5137,0.5099,0.5061,0.5023,0.4985,0.4946,0.4908,0.4869,0.4830,0.4791,0.4752,0.4713,0.4674,0.4634,0.4595,0.4555,0.4516,0.4476,0.4436,0.4396,0.4356,0.4316,0.4276,0.4236,0.4196,0.4155,0.4115,0.4074,0.4034,0.3993,0.3953,0.3912,0.3872,0.3831,0.3790,0.3750,0.3709,0.3668,0.3628,0.3587,0.3546,0.3506,0.3465,0.3424,0.3384,0.3343,0.3303,0.3262,0.3222,0.3181,0.3141,0.3100,0.3060,0.3020,0.2980,0.2940,0.2899,0.2859,0.2820,0.2780,0.2740,0.2700,0.2661,0.2621,0.2582,0.2542,0.2503,0.2464,0.2425,0.2386,0.2347,0.2308,0.2270,0.2231,0.2193,0.2154,0.2116,0.2078,0.2040,0.2003,0.1965,0.1927,0.1890,0.1853,0.1816,0.1779,0.1742,0.1705,0.1668,0.1632,0.1596,0.1560,0.1524,0.1488,0.1452,0.1417,0.1381,0.1346,0.1311,0.1276,0.1241,0.1207,0.1172,0.1138,0.1104,0.1070,0.1036,0.1002,0.0969,0.0935,0.0902,0.0869,0.0836,0.0804,0.0771,0.0739,0.0707,0.0675,0.0643,0.0611,0.0579,0.0548,0.0517,0.0486,0.0455,0.0424,0.0394,0.0363,0.0333,0.0303,0.0273,0.0243,0.0214,0.0184,0.0155,0.0126,0.0097,0.0068,0.0040,0.0011,6.2832,\right]
running path!
LQR:computing forwards angle
LQR:using forwards angle
lin/ang/drive_left/drive_right/tv_l/tv_r/av_l/av_r/x/y/theta/tx/ty/ttheta: 0.34450 -0.00089 0.00000 -0.00000 0.00929 -0.00089 0.00000 0.00000 -23.60001 -0.00000 0.00850 -23.50000 0.00000 0.00000
LQR:using forwards angle
lin/ang/drive_left/drive_right/tv_l/tv_r/av_l/av_r/x/y/theta/tx/ty/ttheta: 0.34450 -0.00076 -0.00014 0.00014 0.00929 -0.00076 0.38192 0.44403 -23.60000 -0.00000 0.00725 -23.50000 0.00000 0.00000
LQR:using forwards angle
lin/ang/drive_left/drive_right/tv_l/tv_r/av_l/av_r/x/y/theta/tx/ty/ttheta: 0.34450 -0.00125 -0.00161 0.00160 0.00929 -0.00125 0.32322 0.31400 -23.60001 -0.00000 0.01196 -23.50000 0.00000 0.00000
lin/ang/drive_left/drive_right/tv_l/tv_r/av_l/av_r/x/y/theta/tx/ty/ttheta: 0.51348 -0.00722 0.09030 0.09943 0.17827 -0.00722 0.23153 0.23031 -23.52531 0.00003 0.03371 -23.30000 0.00000 0.00000
lin/ang/drive_left/drive_right/tv_l/tv_r/av_l/av_r/x/y/theta/tx/ty/ttheta: 0.59495 0.00651 0.16578 0.14502 0.25137 0.00651 0.53728 0.51128 -23.40295 0.00005 -0.02902 -23.10000 0.00000 0.00000
lin/ang/drive_left/drive_right/tv_l/tv_r/av_l/av_r/x/y/theta/tx/ty/ttheta: 0.69145 0.01313 0.19847 0.20493 0.35624 0.01313 0.31706 0.37747 -23.24413 -0.00009 -0.04859 -22.80000 0.00000 0.00000
lin/ang/drive_left/drive_right/tv_l/tv_r/av_l/av_r/x/y/theta/tx/ty/ttheta: 0.76986 0.00433 0.27357 0.27316 0.43085 0.00433 0.48064 0.48936 -23.02888 -0.00017 -0.01312 -22.60000 0.00000 0.00000
lin/ang/drive_left/drive_right/tv_l/tv_r/av_l/av_r/x/y/theta/tx/ty/ttheta: 0.86389 0.01923 0.36273 0.35493 0.52868 0.01923 0.50050 0.48097 -22.74634 -0.00037 -0.05912 -22.20000 0.00000 0.00000
lin/ang/drive_left/drive_right/tv_l/tv_r/av_l/av_r/x/y/theta/tx/ty/ttheta: 0.94524 0.01159 0.45978 0.47090 0.60806 0.01159 0.47228 0.49450 -22.37992 -0.00068 -0.02816 -21.80000 0.00000 0.00000
lin/ang/drive_left/drive_right/tv_l/tv_r/av_l/av_r/x/y/theta/tx/ty/ttheta: 1.02798 0.03281 0.50402 0.48508 0.69838 0.03281 0.65022 0.72842 -21.99052 -0.00103 -0.08731 -21.40000 0.00000 0.00000
lin/ang/drive_left/drive_right/tv_l/tv_r/av_l/av_r/x/y/theta/tx/ty/ttheta: 1.11600 0.05455 0.57034 0.56657 0.80324 0.05455 0.76214 0.76981 -21.54291 -0.00195 -0.13265 -20.80000 0.00000 0.00000
lin/ang/drive_left/drive_right/tv_l/tv_r/av_l/av_r/x/y/theta/tx/ty/ttheta: 1.18669 0.03997 0.70715 0.71998 0.89160 0.03997 0.78831 0.78658 -20.98105 -0.00295 -0.07721 -20.20000 0.00000 0.00000
lin/ang/drive_left/drive_right/tv_l/tv_r/av_l/av_r/x/y/theta/tx/ty/ttheta: 1.25490 0.03274 0.74765 0.75322 0.98422 0.03274 0.81531 0.81258 -20.39016 -0.00359 -0.04930 -19.60000 0.00000 0.00000
lin/ang/drive_left/drive_right/tv_l/tv_r/av_l/av_r/x/y/theta/tx/ty/ttheta: 1.32643 0.03097 0.85338 0.85715 1.07976 0.03097 0.82200 0.82081 -19.71672 -0.00412 -0.03764 -18.80000 0.00000 0.00000
lin/ang/drive_left/drive_right/tv_l/tv_r/av_l/av_r/x/y/theta/tx/ty/ttheta: 1.38652 0.01941 0.92247 0.92792 1.15840 0.01941 0.82558 0.82458 -18.98822 -0.00437 -0.00625 -18.00000 0.00000 0.00000
lin/ang/drive_left/drive_right/tv_l/tv_r/av_l/av_r/x/y/theta/tx/ty/ttheta: 1.43645 0.01976 1.00781 1.00901 1.23195 0.01976 0.84528 0.84336 -18.19419 -0.00447 -0.00626 -17.20000 0.00000 0.00000
lin/ang/drive_left/drive_right/tv_l/tv_r/av_l/av_r/x/y/theta/tx/ty/ttheta: 1.48427 0.00487 1.03239 1.04263 1.29886 0.00487 0.85092 0.85025 -17.37725 -0.00434 0.02697 -16.29999 0.00000 0.00000
lin/ang/drive_left/drive_right/tv_l/tv_r/av_l/av_r/x/y/theta/tx/ty/ttheta: 1.53049 0.00078 1.17173 1.16725 1.35922 0.00078 0.84547 0.84783 -16.45639 -0.00378 0.03098 -15.39999 0.00000 0.00000
lin/ang/drive_left/drive_right/tv_l/tv_r/av_l/av_r/x/y/theta/tx/ty/ttheta: 1.57407 0.03764 1.22269 1.19765 1.42034 0.03764 0.86600 0.86631 -15.50351 -0.00384 -0.05185 -14.39999 0.00000 0.00000
lin/ang/drive_left/drive_right/tv_l/tv_r/av_l/av_r/x/y/theta/tx/ty/ttheta: 1.61518 0.08278 1.27911 1.26568 1.47611 0.08278 0.87400 0.87197 -14.50162 -0.00557 -0.13499 -13.29999 0.00000 0.00000
lin/ang/drive_left/drive_right/tv_l/tv_r/av_l/av_r/x/y/theta/tx/ty/ttheta: 1.60377 0.10442 1.38776 1.38156 1.52558 0.10442 0.87094 0.87283 -13.41134 -0.00835 -0.15781 -12.19999 0.00000 0.00000
lin/ang/drive_left/drive_right/tv_l/tv_r/av_l/av_r/x/y/theta/tx/ty/ttheta: 1.57231 0.14615 1.32794 1.30992 1.56766 0.14615 0.73289 0.78950 -12.37282 -0.01168 -0.21757 -11.09999 0.00000 0.00000
lin/ang/drive_left/drive_right/tv_l/tv_r/av_l/av_r/x/y/theta/tx/ty/ttheta: 1.53245 0.20554 1.32752 1.31392 1.60864 0.20554 0.72875 0.75392 -11.33289 -0.01647 -0.30124 -9.99999 0.00000 0.00000
lin/ang/drive_left/drive_right/tv_l/tv_r/av_l/av_r/x/y/theta/tx/ty/ttheta: 1.48539 0.23031 1.47609 1.47590 1.62238 0.23031 0.77119 0.82781 -10.17071 -0.02266 -0.30663 -8.89998 0.00000 0.00000
lin/ang/drive_left/drive_right/tv_l/tv_r/av_l/av_r/x/y/theta/tx/ty/ttheta: 1.42548 0.25531 1.51147 1.50981 1.57869 0.25531 0.71847 0.78644 -8.98124 -0.02911 -0.31434 -7.79998 0.00000 0.00000
lin/ang/drive_left/drive_right/tv_l/tv_r/av_l/av_r/x/y/theta/tx/ty/ttheta: 1.36160 0.27730 1.49095 1.49589 1.53459 0.27730 0.59578 0.65483 -7.80534 -0.03561 -0.31032 -6.59998 0.00000 0.00000
lin/ang/drive_left/drive_right/tv_l/tv_r/av_l/av_r/x/y/theta/tx/ty/ttheta: 1.29731 0.26280 1.44874 1.46428 1.48474 0.26280 0.50581 0.55131 -6.65850 -0.04109 -0.23754 -5.49998 0.00000 0.00000
lin/ang/drive_left/drive_right/tv_l/tv_r/av_l/av_r/x/y/theta/tx/ty/ttheta: 1.20437 0.25952 1.46263 1.47339 1.42176 0.25952 0.45478 0.50444 -5.50259 -0.04550 -0.19648 -4.39998 0.00000 0.00000
lin/ang/drive_left/drive_right/tv_l/tv_r/av_l/av_r/x/y/theta/tx/ty/ttheta: 1.09919 0.24476 1.49313 1.51258 1.34633 0.24476 0.28764 0.40278 -4.31925 -0.04900 -0.13537 -3.29998 0.00000 0.00000
lin/ang/drive_left/drive_right/tv_l/tv_r/av_l/av_r/x/y/theta/tx/ty/ttheta: 0.99955 0.14980 1.35781 1.41900 1.26818 0.14980 -0.13706 0.00036 -3.22601 -0.04957 0.09282 -2.19997 0.00000 0.00000
lin/ang/drive_left/drive_right/tv_l/tv_r/av_l/av_r/x/y/theta/tx/ty/ttheta: 0.90207 1.01246 1.26205 1.31308 1.17682 0.04646 -0.08008 -0.20600 -2.21219 -0.04601 0.31908 -1.29997 0.00000 0.00000
lin/ang/drive_left/drive_right/tv_l/tv_r/av_l/av_r/x/y/theta/tx/ty/ttheta: 0.87441 0.91485 1.05798 1.10628 1.08694 -0.06008 -0.25617 0.26625 -1.36014 -0.03959 0.54801 -0.59997 0.00000 0.00000
lin/ang/drive_left/drive_right/tv_l/tv_r/av_l/av_r/x/y/theta/tx/ty/ttheta: 0.85060 0.91630 0.98577 1.05403 0.98682 -0.06776 0.17214 0.50564 -0.55712 -0.03054 0.78232 0.19980 0.00057 0.32521
lin/ang/drive_left/drive_right/tv_l/tv_r/av_l/av_r/x/y/theta/tx/ty/ttheta: 0.82750 1.02999 0.77458 0.90762 0.89517 1.00389 0.42367 0.58211 0.10505 -0.01821 1.33688 0.79890 0.00915 1.32253
lin/ang/drive_left/drive_right/tv_l/tv_r/av_l/av_r/x/y/theta/tx/ty/ttheta: 0.80628 1.09919 0.72615 0.93649 0.87338 1.07795 0.33278 0.57028 0.75931 0.00207 2.22114 1.49751 0.03259 2.52833
lin/ang/drive_left/drive_right/tv_l/tv_r/av_l/av_r/x/y/theta/tx/ty/ttheta: 0.78559 1.15968 0.79287 1.02452 0.84894 1.14463 0.26811 0.51456 1.47401 0.03594 3.19203 2.19547 0.07101 3.78003
lin/ang/drive_left/drive_right/tv_l/tv_r/av_l/av_r/x/y/theta/tx/ty/ttheta: 0.76647 1.22476 0.74989 0.98576 0.82622 1.21622 0.18925 0.40433 2.15591 0.08002 4.21766 2.89240 0.12494 5.07761
lin/ang/drive_left/drive_right/tv_l/tv_r/av_l/av_r/x/y/theta/tx/ty/ttheta: 0.74013 1.40657 0.79276 0.97100 0.79839 1.40336 0.16803 0.39717 2.84818 0.13420 4.82028 3.48865 0.18392 6.22603
lin/ang/drive_left/drive_right/tv_l/tv_r/av_l/av_r/x/y/theta/tx/ty/ttheta: 0.72216 1.50805 0.65266 0.82008 0.77799 1.50715 0.15244 0.50528 3.42563 0.18658 5.53017 3.98455 0.24231 7.20815
lin/ang/drive_left/drive_right/tv_l/tv_r/av_l/av_r/x/y/theta/tx/ty/ttheta: 0.71021 1.67483 0.64179 0.82684 0.75911 1.67483 0.19986 0.52358 4.00075 0.24614 6.31977 4.57818 0.32372 8.41606
lin/ang/drive_left/drive_right/tv_l/tv_r/av_l/av_r/x/y/theta/tx/ty/ttheta: 0.69715 1.85056 0.67357 0.94198 0.74027 1.85056 0.06367 0.51572 4.63230 0.32153 7.37832 5.26838 0.43473 9.86421
lin/ang/drive_left/drive_right/tv_l/tv_r/av_l/av_r/x/y/theta/tx/ty/ttheta: 0.68694 1.91395 0.62569 0.91192 0.72316 1.91395 0.02189 0.54842 5.23176 0.40581 8.58555 5.85757 0.54391 11.13701
lin/ang/drive_left/drive_right/tv_l/tv_r/av_l/av_r/x/y/theta/tx/ty/ttheta: 0.67570 1.79457 0.51488 0.89461 0.70787 1.79457 0.13706 0.50167 5.77930 0.49593 10.11919 6.34662 0.64498 12.21838
lin/ang/drive_left/drive_right/tv_l/tv_r/av_l/av_r/x/y/theta/tx/ty/ttheta: 0.66906 1.60253 0.41313 0.82081 0.69712 1.60253 0.32650 0.46661 6.25621 0.58838 11.84480 6.83366 0.75533 13.31704
lin/ang/drive_left/drive_right/tv_l/tv_r/av_l/av_r/x/y/theta/tx/ty/ttheta: 0.66190 1.36208 0.45551 0.87976 0.68574 1.36208 0.41597 0.41100 6.76894 0.70436 13.66967 7.31850 0.87507 14.43141
lin/ang/drive_left/drive_right/tv_l/tv_r/av_l/av_r/x/y/theta/tx/ty/ttheta: 0.65950 1.19068 0.48005 0.88578 0.67817 1.19068 0.43650 0.34989 7.28929 0.83988 15.43671 7.89710 1.03127 15.78676
lin/ang/drive_left/drive_right/tv_l/tv_r/av_l/av_r/x/y/theta/tx/ty/ttheta: 0.65432 1.04911 0.55706 0.86010 0.66808 1.04911 0.36378 0.30236 7.82505 0.99558 16.87883 8.37632 1.17192 16.92889
lin/ang/drive_left/drive_right/tv_l/tv_r/av_l/av_r/x/y/theta/tx/ty/ttheta: 0.65067 1.07336 0.58324 0.78051 0.65930 1.07336 0.31175 0.26831 8.33750 1.15576 17.82911 8.85266 1.32215 18.08016
lin/ang/drive_left/drive_right/tv_l/tv_r/av_l/av_r/x/y/theta/tx/ty/ttheta: 0.64777 1.22974 0.65449 0.77566 0.65197 1.22974 0.26128 0.37233 8.87256 1.33107 18.41907 9.32590 1.48195 19.23808
lin/ang/drive_left/drive_right/tv_l/tv_r/av_l/av_r/x/y/theta/tx/ty/ttheta: 0.64918 1.49047 0.60831 0.67488 0.64881 1.49047 0.20483 0.48903 9.35134 1.49230 18.76070 9.79583 1.65131 20.40007
lin/ang/drive_left/drive_right/tv_l/tv_r/av_l/av_r/x/y/theta/tx/ty/ttheta: 0.65600 1.91774 0.67118 0.70938 0.64992 1.91774 -0.02925 0.55867 9.86569 1.66798 18.94474 10.35508 1.86708 21.79587
lin/ang/drive_left/drive_right/tv_l/tv_r/av_l/av_r/x/y/theta/tx/ty/ttheta: 0.65786 2.24717 0.67390 0.78403 0.64678 2.24717 -0.21836 0.59683 10.40812 1.85568 19.30050 10.81704 2.05727 22.95689
lin/ang/drive_left/drive_right/tv_l/tv_r/av_l/av_r/x/y/theta/tx/ty/ttheta: 0.67205 2.50175 0.54121 0.79120 0.65293 2.50175 -0.17333 0.58281 10.90184 2.03291 20.25348 11.36620 2.29777 24.34302
lin/ang/drive_left/drive_right/tv_l/tv_r/av_l/av_r/x/y/theta/tx/ty/ttheta: 0.67663 2.39911 0.40476 0.78724 0.65278 2.39911 0.09650 0.59631 11.34005 2.20083 21.74244 11.72904 2.46544 25.26038
lin/ang/drive_left/drive_right/tv_l/tv_r/av_l/av_r/x/y/theta/tx/ty/ttheta: 0.69437 2.26949 0.35123 0.85170 0.66429 2.26949 0.32494 0.59308 11.77680 2.38392 23.78431 12.26819 2.72774 26.62244
lin/ang/drive_left/drive_right/tv_l/tv_r/av_l/av_r/x/y/theta/tx/ty/ttheta: 0.70916 1.93934 0.35110 0.87794 0.67246 1.93934 0.42844 0.59167 12.21574 2.58750 26.03080 12.71267 2.95601 27.74131
lin/ang/drive_left/drive_right/tv_l/tv_r/av_l/av_r/x/y/theta/tx/ty/ttheta: 0.72569 1.55341 0.36676 0.88608 0.68211 1.55370 0.52908 0.46011 12.65478 2.81223 28.29732 13.15268 3.19287 28.84236
lin/ang/drive_left/drive_right/tv_l/tv_r/av_l/av_r/x/y/theta/tx/ty/ttheta: 0.74956 1.29192 0.53589 0.95410 0.69658 1.29776 0.57803 0.34597 13.16645 3.09909 30.22251 13.67465 3.48808 30.13597
lin/ang/drive_left/drive_right/tv_l/tv_r/av_l/av_r/x/y/theta/tx/ty/ttheta: 0.76373 1.10925 0.55403 0.85127 0.70797 1.12327 0.58264 0.40964 13.64077 3.38389 31.62941 14.10453 3.74296 31.18771
lin/ang/drive_left/drive_right/tv_l/tv_r/av_l/av_r/x/y/theta/tx/ty/ttheta: 0.78834 1.17214 0.66333 0.80529 0.72835 1.20265 0.53847 0.42128 14.13061 3.69109 32.42150 14.61422 4.05904 32.41438
lin/ang/drive_left/drive_right/tv_l/tv_r/av_l/av_r/x/y/theta/tx/ty/ttheta: 0.80667 1.44410 0.80328 0.84112 0.74592 1.48921 0.34067 0.48731 14.67633 4.03939 32.64749 15.11716 4.38578 33.59845
lin/ang/drive_left/drive_right/tv_l/tv_r/av_l/av_r/x/y/theta/tx/ty/ttheta: 0.83768 1.86519 0.80858 0.81670 0.77206 1.93118 0.24608 0.61975 15.21489 4.38491 32.70404 15.69547 4.77976 34.92096
lin/ang/drive_left/drive_right/tv_l/tv_r/av_l/av_r/x/y/theta/tx/ty/ttheta: 0.85960 2.20206 0.62322 0.69901 0.79266 2.27975 0.25664 0.73081 15.65248 4.66687 32.93040 16.18402 5.12779 36.00017
lin/ang/drive_left/drive_right/tv_l/tv_r/av_l/av_r/x/y/theta/tx/ty/ttheta: 0.88418 2.41876 0.73244 0.88750 0.81144 2.51579 0.22228 0.53319 16.18629 5.01586 33.50790 16.66611 5.48474 37.02601
lin/ang/drive_left/drive_right/tv_l/tv_r/av_l/av_r/x/y/theta/tx/ty/ttheta: 0.91534 2.58033 0.68295 0.90990 0.83954 2.69294 0.30336 0.68700 16.70650 5.36606 34.42817 17.22063 5.91171 38.15199
lin/ang/drive_left/drive_right/tv_l/tv_r/av_l/av_r/x/y/theta/tx/ty/ttheta: 0.94131 2.56222 0.71359 0.99493 0.85796 2.69485 0.36822 0.70122 17.25750 5.75187 35.56651 17.68942 6.28605 39.05393
lin/ang/drive_left/drive_right/tv_l/tv_r/av_l/av_r/x/y/theta/tx/ty/ttheta: 0.97887 2.50285 0.69634 1.00790 0.88585 2.65840 0.45431 0.73303 17.79854 6.14867 36.87888 18.22910 6.73170 40.02997
lin/ang/drive_left/drive_right/tv_l/tv_r/av_l/av_r/x/y/theta/tx/ty/ttheta: 1.01839 2.40485 0.71182 1.05442 0.91869 2.57540 0.50767 0.72961 18.34949 6.57289 38.32058 18.83696 7.25170 41.04224
lin/ang/drive_left/drive_right/tv_l/tv_r/av_l/av_r/x/y/theta/tx/ty/ttheta: 1.06034 2.14707 0.76494 1.11329 0.94639 2.34192 0.57544 0.71986 18.92369 7.03881 39.81944 19.36163 7.71501 41.83574
lin/ang/drive_left/drive_right/tv_l/tv_r/av_l/av_r/x/y/theta/tx/ty/ttheta: 1.11874 1.88358 0.81876 1.13378 0.98416 2.10678 0.57064 0.71781 19.50773 7.53862 41.22277 19.95382 8.25282 42.63553
lin/ang/drive_left/drive_right/tv_l/tv_r/av_l/av_r/x/y/theta/tx/ty/ttheta: 1.17760 1.60275 0.81493 1.07183 1.01672 1.85461 0.59047 0.71214 20.06126 8.03395 42.39469 20.46621 8.72972 43.24073
lin/ang/drive_left/drive_right/tv_l/tv_r/av_l/av_r/x/y/theta/tx/ty/ttheta: 1.27599 1.37569 0.98353 1.19885 1.07297 1.68382 0.63806 0.70311 20.69104 8.61842 43.35679 21.19023 9.41947 43.95096
lin/ang/drive_left/drive_right/tv_l/tv_r/av_l/av_r/x/y/theta/tx/ty/ttheta: 1.35255 1.09844 1.05888 1.22051 1.13102 1.48095 0.66919 0.67158 21.33939 9.23887 44.11077 21.83539 10.04697 44.43427
lin/ang/drive_left/drive_right/tv_l/tv_r/av_l/av_r/x/y/theta/tx/ty/ttheta: 1.36010 0.84465 1.10041 1.21774 1.20630 1.29128 0.77786 0.68356 21.99143 9.87744 44.66295 22.54703 10.74951 44.79770
lin/ang/drive_left/drive_right/tv_l/tv_r/av_l/av_r/x/y/theta/tx/ty/ttheta: 1.29202 0.60342 1.10601 1.17807 1.28061 1.08582 0.68769 0.71078 22.62892 10.51168 45.01224 23.18459 11.38474 44.96845
lin/ang/drive_left/drive_right/tv_l/tv_r/av_l/av_r/x/y/theta/tx/ty/ttheta: 1.22395 0.36988 1.13295 1.19016 1.34810 0.83713 0.63547 0.48936 23.27411 11.15994 45.25640 23.89180 12.09175 44.98443
lin/ang/drive_left/drive_right/tv_l/tv_r/av_l/av_r/x/y/theta/tx/ty/ttheta: 1.16299 0.13153 1.17728 1.21170 1.38085 0.53114 0.70136 0.47789 23.93504 11.82911 45.43132 24.52901 12.72732 44.84245
lin/ang/drive_left/drive_right/tv_l/tv_r/av_l/av_r/x/y/theta/tx/ty/ttheta: 1.09960 -0.10075 1.17495 1.15214 1.31508 0.23543 0.69042 0.41253 24.57776 12.48202 45.42426 25.16863 13.36049 44.55233
lin/ang/drive_left/drive_right/tv_l/tv_r/av_l/av_r/x/y/theta/tx/ty/ttheta: 1.04914 -0.29985 1.38893 1.32695 1.23504 -0.02505 0.56297 0.23425 25.32981 13.24209 45.17104 25.88409 14.05914 44.05635
lin/ang/drive_left/drive_right/tv_l/tv_r/av_l/av_r/x/y/theta/tx/ty/ttheta: 0.99864 -0.48848 1.29804 1.19653 1.14733 -0.25072 0.47331 0.19969 26.02441 13.93640 44.78865 26.53403 14.68171 43.45395
lin/ang/drive_left/drive_right/tv_l/tv_r/av_l/av_r/x/y/theta/tx/ty/ttheta: 0.96319 -0.57960 1.19216 0.99279 1.08783 -0.37155 0.43736 0.08061 26.63837 14.53892 44.04838 27.19129 15.29657 42.70430
lin/ang/drive_left/drive_right/tv_l/tv_r/av_l/av_r/x/y/theta/tx/ty/ttheta: 0.92601 -0.45573 1.21949 0.92779 1.03445 -0.27296 0.47039 0.27842 27.25136 15.12106 42.90261 27.70847 15.76832 42.02009
lin/ang/drive_left/drive_right/tv_l/tv_r/av_l/av_r/x/y/theta/tx/ty/ttheta: 0.89675 -0.29608 1.23521 0.87738 0.99155 -0.13941 0.39783 0.35797 27.86787 15.67933 41.40397 28.38227 16.36503 41.01172
lin/ang/drive_left/drive_right/tv_l/tv_r/av_l/av_r/x/y/theta/tx/ty/ttheta: 0.86921 -0.11156 1.19646 0.86576 0.95396 0.02218 0.30525 0.38156 28.48387 16.20819 39.93958 28.99052 16.88477 39.99572
lin/ang/drive_left/drive_right/tv_l/tv_r/av_l/av_r/x/y/theta/tx/ty/ttheta: 0.83937 0.01229 1.13059 0.86149 0.91579 0.12386 0.12336 0.34942 29.09050 16.70527 38.70412 29.53060 17.33019 39.01639
lin/ang/drive_left/drive_right/tv_l/tv_r/av_l/av_r/x/y/theta/tx/ty/ttheta: 0.81447 -0.07790 0.95039 0.82718 0.88775 0.01806 0.27975 0.44644 29.63980 17.13889 37.99025 30.07856 17.76594 37.95509
lin/ang/drive_left/drive_right/tv_l/tv_r/av_l/av_r/x/y/theta/tx/ty/ttheta: 0.79679 -0.35521 0.78261 0.76140 0.86450 -0.27629 0.42044 0.40108 30.11950 17.51225 37.83450 30.55483 18.13104 36.98233
lin/ang/drive_left/drive_right/tv_l/tv_r/av_l/av_r/x/y/theta/tx/ty/ttheta: 0.77460 -0.76798 0.79331 0.82795 0.84066 -0.70307 0.61033 0.30869 30.62346 17.90398 37.91457 31.03742 18.48777 35.95362
lin/ang/drive_left/drive_right/tv_l/tv_r/av_l/av_r/x/y/theta/tx/ty/ttheta: 0.75612 -1.35680 0.82313 0.86765 0.81740 -1.31036 0.66319 0.04911 31.14782 18.31404 38.11708 31.60867 18.89262 34.68622
lin/ang/drive_left/drive_right/tv_l/tv_r/av_l/av_r/x/y/theta/tx/ty/ttheta: 0.72868 -1.82584 0.89625 0.84933 0.78900 -1.79639 0.64575 -0.29858 31.68864 18.73807 38.02524 32.10553 19.22928 33.54568
lin/ang/drive_left/drive_right/tv_l/tv_r/av_l/av_r/x/y/theta/tx/ty/ttheta: 0.71230 -2.15155 0.85308 0.66837 0.76857 -2.13638 0.65550 -0.29156 32.16230 19.10473 37.39995 32.60915 19.55579 32.35869
lin/ang/drive_left/drive_right/tv_l/tv_r/av_l/av_r/x/y/theta/tx/ty/ttheta: 0.69511 -2.25709 0.94812 0.59047 0.74805 -2.25179 0.65622 -0.20225 32.64743 19.46745 36.06301 33.11959 19.87162 31.12909
lin/ang/drive_left/drive_right/tv_l/tv_r/av_l/av_r/x/y/theta/tx/ty/ttheta: 0.68260 -1.99433 0.98848 0.44253 0.72832 -1.99340 0.56447 0.00086 33.10842 19.79128 33.91446 33.55014 20.12629 30.07490
lin/ang/drive_left/drive_right/tv_l/tv_r/av_l/av_r/x/y/theta/tx/ty/ttheta: 0.67299 -1.56437 1.05017 0.36302 0.71071 -1.56437 0.41356 0.34375 33.57728 20.09074 31.10474 34.07298 20.42125 28.77837
lin/ang/drive_left/drive_right/tv_l/tv_r/av_l/av_r/x/y/theta/tx/ty/ttheta: 0.66605 -0.87399 0.98771 0.24739 0.69708 -0.87399 0.33008 0.57853 34.00086 20.32946 27.93383 34.51377 20.65788 27.67491
lin/ang/drive_left/drive_right/tv_l/tv_r/av_l/av_r/x/y/theta/tx/ty/ttheta: 0.65873 -0.20638 1.00323 0.34798 0.68346 -0.20638 -0.02689 0.56911 34.47715 20.56631 24.98433 34.95908 20.88591 26.55363
lin/ang/drive_left/drive_right/tv_l/tv_r/av_l/av_r/x/y/theta/tx/ty/ttheta: 0.65376 0.18134 0.85499 0.46321 0.67255 0.18133 -0.18942 0.56072 34.95133 20.77719 22.99875 35.40883 21.10513 25.41747
lin/ang/drive_left/drive_right/tv_l/tv_r/av_l/av_r/x/y/theta/tx/ty/ttheta: 0.65250 0.32578 0.59987 0.39495 0.66636 0.32578 0.15042 0.61428 35.31324 20.92689 21.95385 35.77173 21.27404 24.49992
lin/ang/drive_left/drive_right/tv_l/tv_r/av_l/av_r/x/y/theta/tx/ty/ttheta: 0.64817 0.19136 0.58402 0.59554 0.65691 0.19136 0.40586 0.47106 35.74446 21.09927 21.75246 36.13731 21.43710 23.57635
lin/ang/drive_left/drive_right/tv_l/tv_r/av_l/av_r/x/y/theta/tx/ty/ttheta: 0.64780 -0.23087 0.60089 0.70953 0.65164 -0.23087 0.46592 0.36822 36.22292 21.29223 22.17057 36.59793 21.63260 22.41585
lin/ang/drive_left/drive_right/tv_l/tv_r/av_l/av_r/x/y/theta/tx/ty/ttheta: 0.65072 -0.75185 0.54409 0.67254 0.64984 -0.75185 0.55594 0.07617 36.66564 21.47508 22.72070 37.06246 21.81871 21.25145
lin/ang/drive_left/drive_right/tv_l/tv_r/av_l/av_r/x/y/theta/tx/ty/ttheta: 0.65467 -1.25738 0.59375 0.64314 0.64924 -1.25738 0.59975 -0.05767 37.11421 21.66460 23.03924 37.53071 21.99535 20.08610
lin/ang/drive_left/drive_right/tv_l/tv_r/av_l/av_r/x/y/theta/tx/ty/ttheta: 0.65590 -1.56747 0.60790 0.53670 0.64694 -1.56747 0.57647 -0.02719 37.52899 21.84072 22.89159 37.90785 22.12980 19.15508
lin/ang/drive_left/drive_right/tv_l/tv_r/av_l/av_r/x/y/theta/tx/ty/ttheta: 0.64988 -1.81898 0.76823 0.51318 0.65336 -1.84640 0.49106 0.10867 37.99505 22.03386 21.99597 38.47753 22.31996 17.76399
lin/ang/drive_left/drive_right/tv_l/tv_r/av_l/av_r/x/y/theta/tx/ty/ttheta: 0.63181 -1.69469 0.80127 0.43879 0.65158 -1.75220 0.60247 0.13106 38.44996 22.21105 20.52161 38.85983 22.43905 16.84215
lin/ang/drive_left/drive_right/tv_l/tv_r/av_l/av_r/x/y/theta/tx/ty/ttheta: 0.61619 -1.53801 0.78627 0.35724 0.65826 -1.63502 0.46475 0.27978 38.87385 22.36265 18.74343 39.34032 22.57928 15.69831
lin/ang/drive_left/drive_right/tv_l/tv_r/av_l/av_r/x/y/theta/tx/ty/ttheta: 0.59529 -1.30599 0.91288 0.47137 0.64900 -1.42428 0.34547 0.30403 39.39266 22.52946 16.83880 39.82353 22.70994 14.56596
lin/ang/drive_left/drive_right/tv_l/tv_r/av_l/av_r/x/y/theta/tx/ty/ttheta: 0.58292 -1.08151 0.75268 0.34056 0.63509 -1.19677 0.30339 0.37783 39.80651 22.64762 15.04139 40.30923 22.83109 13.44724
lin/ang/drive_left/drive_right/tv_l/tv_r/av_l/av_r/x/y/theta/tx/ty/ttheta: 0.56451 -0.84857 0.72763 0.39954 0.61874 -0.96780 0.30867 0.43925 40.23654 22.75716 13.52168 40.69944 22.92121 12.56332
lin/ang/drive_left/drive_right/tv_l/tv_r/av_l/av_r/x/y/theta/tx/ty/ttheta: 0.54544 -0.79377 0.68605 0.45625 0.60259 -0.91759 0.26472 0.42658 40.67479 22.85806 12.43196 41.18908 23.02543 11.47368
lin/ang/drive_left/drive_right/tv_l/tv_r/av_l/av_r/x/y/theta/tx/ty/ttheta: 0.52631 -0.89310 0.71971 0.60445 0.58215 -1.01167 0.23289 0.25597 41.18454 22.96731 11.81436 41.68060 23.12041 10.40240
lin/ang/drive_left/drive_right/tv_l/tv_r/av_l/av_r/x/y/theta/tx/ty/ttheta: 0.50335 -1.10698 0.62988 0.58067 0.56279 -1.22937 0.28353 -0.02106 41.65127 23.06377 11.56132 42.17382 23.20627 9.35071
lin/ang/drive_left/drive_right/tv_l/tv_r/av_l/av_r/x/y/theta/tx/ty/ttheta: 0.48536 -1.31987 0.59308 0.56695 0.54287 -1.43529 0.35831 -0.15419 42.09883 23.15471 11.42393 42.56948 23.26848 8.52423
lin/ang/drive_left/drive_right/tv_l/tv_r/av_l/av_r/x/y/theta/tx/ty/ttheta: 0.45968 -1.43644 0.52388 0.45754 0.52065 -1.55474 0.42761 -0.16583 42.47766 23.23073 11.21736 42.86679 23.31142 7.91335
lin/ang/drive_left/drive_right/tv_l/tv_r/av_l/av_r/x/y/theta/tx/ty/ttheta: 0.44151 -1.47971 0.64261 0.42541 0.50056 -1.59059 0.37286 -0.12011 42.89057 23.31015 10.45249 43.26389 23.36378 7.11113
lin/ang/drive_left/drive_right/tv_l/tv_r/av_l/av_r/x/y/theta/tx/ty/ttheta: 0.41966 -1.32015 0.61618 0.25921 0.48294 -1.43414 0.37731 0.08778 43.23019 23.36874 9.06088 43.66168 23.41062 6.32327
lin/ang/drive_left/drive_right/tv_l/tv_r/av_l/av_r/x/y/theta/tx/ty/ttheta: 0.40521 -0.98576 0.63091 0.20985 0.46546 -1.09136 0.26675 0.23289 43.55780 23.41597 7.28808 43.96043 23.44219 5.74195
lin/ang/drive_left/drive_right/tv_l/tv_r/av_l/av_r/x/y/theta/tx/ty/ttheta: 0.38334 -0.63746 0.60764 0.22154 0.44736 -0.74579 0.15178 0.36806 43.88217 23.45268 5.56955 44.25948 23.47075 5.16897
lin/ang/drive_left/drive_right/tv_l/tv_r/av_l/av_r/x/y/theta/tx/ty/ttheta: 0.36060 -0.34586 0.55270 0.23717 0.42904 -0.45744 -0.05389 0.40706 44.19203 23.47889 4.12238 44.55880 23.49633 4.60435
lin/ang/drive_left/drive_right/tv_l/tv_r/av_l/av_r/x/y/theta/tx/ty/ttheta: 0.34393 -0.18916 0.49247 0.31240 0.40933 -0.29243 -0.10797 0.35950 44.50828 23.49880 3.17547 44.85837 23.51899 4.04818
lin/ang/drive_left/drive_right/tv_l/tv_r/av_l/av_r/x/y/theta/tx/ty/ttheta: 0.31408 -0.19360 0.35937 0.36993 0.38502 -0.30118 0.06569 0.29414 44.79500 23.51414 3.03580 45.05819 23.53249 3.68211
lin/ang/drive_left/drive_right/tv_l/tv_r/av_l/av_r/x/y/theta/tx/ty/ttheta: 0.29731 -0.41205 0.25954 0.39896 0.36528 -0.51161 0.15606 0.17814 45.05384 23.52873 3.50755 45.35808 23.55036 3.14004
lin/ang/drive_left/drive_right/tv_l/tv_r/av_l/av_r/x/y/theta/tx/ty/ttheta: 0.27646 -0.70349 0.31700 0.47700 0.34119 -0.79499 0.26231 -0.07700 45.36573 23.54976 4.21662 45.65814 23.56542 2.60646
lin/ang/drive_left/drive_right/tv_l/tv_r/av_l/av_r/x/y/theta/tx/ty/ttheta: 0.24350 -0.95256 0.28634 0.40686 0.31673 -1.05153 0.30697 -0.25769 45.63779 23.57123 4.77655 45.95830 23.57770 2.08138
lin/ang/drive_left/drive_right/tv_l/tv_r/av_l/av_r/x/y/theta/tx/ty/ttheta: 0.23001 -1.07748 0.28199 0.26501 0.29729 -1.16639 0.29039 -0.29689 45.85236 23.58960 4.90765 46.15847 23.58437 1.73603
lin/ang/drive_left/drive_right/tv_l/tv_r/av_l/av_r/x/y/theta/tx/ty/ttheta: 0.19778 -0.95848 0.31098 0.15118 0.27315 -1.05499 0.32972 -0.16086 46.03371 23.60445 4.35315 46.25857 23.58726 1.56475
lin/ang/drive_left/drive_right/tv_l/tv_r/av_l/av_r/x/y/theta/tx/ty/ttheta: 0.18242 -0.79245 0.37464 0.09680 0.25165 -0.87905 0.07067 0.06161 46.21889 23.61695 3.29100 46.45879 23.59213 1.22503
lin/ang/drive_left/drive_right/tv_l/tv_r/av_l/av_r/x/y/theta/tx/ty/ttheta: 0.16121 -0.51167 0.37245 0.06419 0.23627 -0.60404 0.07047 0.16806 46.39062 23.62477 1.94325 46.55891 23.59413 1.05656
lin/ang/drive_left/drive_right/tv_l/tv_r/av_l/av_r/x/y/theta/tx/ty/ttheta: 0.14246 -0.30938 0.34051 0.08431 0.21146 -0.39231 -0.16156 0.22397 46.55783 23.62870 0.79174 46.75917 23.59723 0.72241
lin/ang/drive_left/drive_right/tv_l/tv_r/av_l/av_r/x/y/theta/tx/ty/ttheta: 0.11629 -0.14754 0.24829 0.11011 0.19482 -0.24032 -0.16633 0.20447 46.69893 23.62956 0.01479 46.85931 23.59835 0.55674
lin/ang/drive_left/drive_right/tv_l/tv_r/av_l/av_r/x/y/theta/tx/ty/ttheta: 0.08841 -0.17578 0.12873 0.17355 0.16474 -0.26377 -0.17519 0.16242 46.81793 23.62951 0.02779 47.05959 23.59972 0.22815
lin/ang/drive_left/drive_right/tv_l/tv_r/av_l/av_r/x/y/theta/tx/ty/ttheta: 0.00710 -0.20579 0.03688 0.19512 0.14005 -0.35566 0.04536 -0.06433 46.90927 23.62999 0.60112 47.05959 23.59972 0.22815
lin/ang/drive_left/drive_right/tv_l/tv_r/av_l/av_r/x/y/theta/tx/ty/ttheta: 0.00392 -0.34490 0.00757 0.16195 0.13687 -0.49477 -0.21850 -0.31022 46.97600 23.63115 1.31841 47.05959 23.59972 0.22815
lin/ang/drive_left/drive_right/tv_l/tv_r/av_l/av_r/x/y/theta/tx/ty/ttheta: 0.00658 -0.45686 0.01655 0.09480 0.11528 -0.57871 0.10697 -0.16067 47.01982 23.63231 1.73967 47.15973 23.59997 0.06524
lin/ang/drive_left/drive_right/tv_l/tv_r/av_l/av_r/x/y/theta/tx/ty/ttheta: 0.00643 -0.46444 0.01255 -0.00468 0.11513 -0.58629 0.20653 -0.15467 47.02292 23.63240 1.77976 47.15973 23.59997 0.06524
lin/ang/drive_left/drive_right/tv_l/tv_r/av_l/av_r/x/y/theta/tx/ty/ttheta: 0.00628 -0.41351 0.04490 -0.03648 0.11498 -0.53537 0.12544 -0.11089 47.02624 23.63250 1.51002 47.15973 23.59997 0.06524
lin/ang/drive_left/drive_right/tv_l/tv_r/av_l/av_r/x/y/theta/tx/ty/ttheta: 0.00614 -0.29517 0.08308 -0.07447 0.11484 -0.41702 -0.04567 0.05628 47.02963 23.63258 0.88208 47.15973 23.59997 0.06524
lin/ang/drive_left/drive_right/tv_l/tv_r/av_l/av_r/x/y/theta/tx/ty/ttheta: 0.00613 -0.18049 0.06651 -0.06543 0.11483 -0.30234 -0.11514 0.12747 47.03005 23.63258 0.27335 47.15973 23.59997 0.06524
lin/ang/drive_left/drive_right/tv_l/tv_r/av_l/av_r/x/y/theta/tx/ty/ttheta: 0.00598 -0.10389 0.04293 -0.03427 0.11468 -0.22574 -0.13808 0.13536 47.03346 23.63259 -0.13358 47.15973 23.59997 0.06524
lin/ang/drive_left/drive_right/tv_l/tv_r/av_l/av_r/x/y/theta/tx/ty/ttheta: 0.00606 -0.10547 -0.01699 0.01301 0.11476 -0.22732 -0.11822 0.11500 47.03189 23.63259 -0.12521 47.15973 23.59997 0.06524
lin/ang/drive_left/drive_right/tv_l/tv_r/av_l/av_r/x/y/theta/tx/ty/ttheta: 0.00606 -0.18412 -0.05607 0.05533 0.11476 -0.30597 0.05717 -0.05681 47.03160 23.63258 0.29280 47.15973 23.59997 0.06524
lin/ang/drive_left/drive_right/tv_l/tv_r/av_l/av_r/x/y/theta/tx/ty/ttheta: 0.00591 -0.27954 -0.05373 0.06077 0.11461 -0.40139 0.12714 -0.12850 47.03438 23.63261 0.79971 47.15973 23.59997 0.06524
lin/ang/drive_left/drive_right/tv_l/tv_r/av_l/av_r/x/y/theta/tx/ty/ttheta: 0.00606 -0.34745 -0.03887 0.03029 0.11476 -0.46930 0.15178 -0.15228 47.03100 23.63256 1.16053 47.15973 23.59997 0.06524
lin/ang/drive_left/drive_right/tv_l/tv_r/av_l/av_r/x/y/theta/tx/ty/ttheta: 0.00599 -0.33895 0.02549 -0.02144 0.11469 -0.46081 0.14422 -0.13672 47.03259 23.63259 1.11538 47.15973 23.59997 0.06524
lin/ang/drive_left/drive_right/tv_l/tv_r/av_l/av_r/x/y/theta/tx/ty/ttheta: 0.00599 -0.24379 0.06485 -0.06395 0.11469 -0.36564 0.09908 -0.09036 47.03294 23.63260 0.60965 47.15973 23.59997 0.06524
lin/ang/drive_left/drive_right/tv_l/tv_r/av_l/av_r/x/y/theta/tx/ty/ttheta: 0.00598 -0.13501 0.06614 -0.06512 0.11468 -0.25686 -0.07050 0.09206 47.03335 23.63260 0.03155 47.15973 23.59997 0.06524
lin/ang/drive_left/drive_right/tv_l/tv_r/av_l/av_r/x/y/theta/tx/ty/ttheta: 0.00598 -0.07632 0.02007 -0.01952 0.11468 -0.19817 -0.13192 0.13464 47.03357 23.63260 -0.28039 47.15973 23.59997 0.06524
lin/ang/drive_left/drive_right/tv_l/tv_r/av_l/av_r/x/y/theta/tx/ty/ttheta: 0.00598 -0.04410 0.01231 -0.01201 0.11468 -0.16595 -0.11686 0.11308 47.03368 23.63260 -0.45161 47.15973 23.59997 0.06524
lin/ang/drive_left/drive_right/tv_l/tv_r/av_l/av_r/x/y/theta/tx/ty/ttheta: 0.00598 -0.07501 -0.03172 0.03143 0.11468 -0.19686 -0.08881 0.09736 47.03357 23.63260 -0.28732 47.15973 23.59997 0.06524
lin/ang/drive_left/drive_right/tv_l/tv_r/av_l/av_r/x/y/theta/tx/ty/ttheta: 0.00598 -0.17657 -0.06905 0.06810 0.11469 -0.29843 0.06844 -0.07361 47.03319 23.63260 0.25244 47.15973 23.59997 0.06524
lin/ang/drive_left/drive_right/tv_l/tv_r/av_l/av_r/x/y/theta/tx/ty/ttheta: 0.00599 -0.28728 -0.06675 0.06570 0.11469 -0.40913 0.14425 -0.13925 47.03278 23.63260 0.84075 47.15973 23.59997 0.06524
lin/ang/drive_left/drive_right/tv_l/tv_r/av_l/av_r/x/y/theta/tx/ty/ttheta: 0.00599 -0.36197 -0.03855 0.03784 0.11469 -0.48382 0.16461 -0.16169 47.03251 23.63259 1.23768 47.15973 23.59997 0.06524
lin/ang/drive_left/drive_right/tv_l/tv_r/av_l/av_r/x/y/theta/tx/ty/ttheta: 0.00599 -0.35628 0.02338 -0.02332 0.11469 -0.47813 0.14647 -0.14475 47.03253 23.63259 1.20746 47.15973 23.59997 0.06524
lin/ang/drive_left/drive_right/tv_l/tv_r/av_l/av_r/x/y/theta/tx/ty/ttheta: 0.00599 -0.24806 0.07468 -0.07366 0.11469 -0.36992 0.10319 -0.09514 47.03293 23.63260 0.63236 47.15973 23.59997 0.06524
lin/ang/drive_left/drive_right/tv_l/tv_r/av_l/av_r/x/y/theta/tx/ty/ttheta: 0.00598 -0.12052 0.07820 -0.07699 0.11468 -0.24237 -0.09683 0.08725 47.03340 23.63260 -0.04548 47.15973 23.59997 0.06524
lin/ang/drive_left/drive_right/tv_l/tv_r/av_l/av_r/x/y/theta/tx/ty/ttheta: 0.00598 -0.03044 0.04677 -0.04592 0.11468 -0.15229 -0.14322 0.14150 47.03374 23.63260 -0.52419 47.15973 23.59997 0.06524
lin/ang/drive_left/drive_right/tv_l/tv_r/av_l/av_r/x/y/theta/tx/ty/ttheta: 0.00598 0.00125 0.01102 -0.01072 0.11468 -0.12060 -0.13314 0.14031 47.03385 23.63260 -0.69265 47.15973 23.59997 0.06524
lin/ang/drive_left/drive_right/tv_l/tv_r/av_l/av_r/x/y/theta/tx/ty/ttheta: 0.00598 -0.03924 -0.03994 0.03956 0.11468 -0.16109 -0.09053 0.10247 47.03370 23.63260 -0.47744 47.15973 23.59997 0.06524
lin/ang/drive_left/drive_right/tv_l/tv_r/av_l/av_r/x/y/theta/tx/ty/ttheta: 0.00598 -0.15630 -0.07827 0.07716 0.11468 -0.27815 0.08181 -0.06333 47.03327 23.63260 0.14466 47.15973 23.59997 0.06524
lin/ang/drive_left/drive_right/tv_l/tv_r/av_l/av_r/x/y/theta/tx/ty/ttheta: 0.00599 -0.28015 -0.07416 0.07300 0.11469 -0.40200 0.15503 -0.14047 47.03281 23.63260 0.80287 47.15973 23.59997 0.06524
lin/ang/drive_left/drive_right/tv_l/tv_r/av_l/av_r/x/y/theta/tx/ty/ttheta: 0.00599 -0.36427 -0.04429 0.04349 0.11469 -0.48612 0.17281 -0.16306 47.03250 23.63259 1.24993 47.15973 23.59997 0.06524
lin/ang/drive_left/drive_right/tv_l/tv_r/av_l/av_r/x/y/theta/tx/ty/ttheta: 0.00599 -0.35589 0.02745 -0.02737 0.11469 -0.47774 0.15469 -0.14544 47.03253 23.63259 1.20538 47.15973 23.59997 0.06524
lin/ang/drive_left/drive_right/tv_l/tv_r/av_l/av_r/x/y/theta/tx/ty/ttheta: 0.00599 -0.24229 0.07772 -0.07665 0.11469 -0.36414 0.10522 -0.09564 47.03295 23.63260 0.60167 47.15973 23.59997 0.06524
lin/ang/drive_left/drive_right/tv_l/tv_r/av_l/av_r/x/y/theta/tx/ty/ttheta: 0.00598 -0.11118 0.08023 -0.07899 0.11468 -0.23303 -0.08931 0.08728 47.03344 23.63260 -0.09509 47.15973 23.59997 0.06524
lin/ang/drive_left/drive_right/tv_l/tv_r/av_l/av_r/x/y/theta/tx/ty/ttheta: 0.00598 -0.02049 0.04702 -0.04617 0.11468 -0.14234 -0.14236 0.14922 47.03377 23.63260 -0.57709 47.15973 23.59997 0.06524
lin/ang/drive_left/drive_right/tv_l/tv_r/av_l/av_r/x/y/theta/tx/ty/ttheta: 0.00598 0.01164 0.01100 -0.01069 0.11468 -0.11021 -0.13364 0.14322 47.03389 23.63260 -0.74783 47.15973 23.59997 0.06524
lin/ang/drive_left/drive_right/tv_l/tv_r/av_l/av_r/x/y/theta/tx/ty/ttheta: 0.00598 -0.03331 -0.04283 0.04240 0.11468 -0.15517 -0.09392 0.10369 47.03372 23.63260 -0.50893 47.15973 23.59997 0.06524
lin/ang/drive_left/drive_right/tv_l/tv_r/av_l/av_r/x/y/theta/tx/ty/ttheta: 0.00598 -0.15192 -0.07913 0.07802 0.11468 -0.27377 0.07342 -0.06589 47.03328 23.63260 0.12141 47.15973 23.59997 0.06524
lin/ang/drive_left/drive_right/tv_l/tv_r/av_l/av_r/x/y/theta/tx/ty/ttheta: 0.00599 -0.27755 -0.07489 0.07371 0.11469 -0.39940 0.15144 -0.14339 47.03282 23.63260 0.78907 47.15973 23.59997 0.06524
lin/ang/drive_left/drive_right/tv_l/tv_r/av_l/av_r/x/y/theta/tx/ty/ttheta: 0.00599 -0.36307 -0.04519 0.04439 0.11469 -0.48492 0.17317 -0.16325 47.03250 23.63259 1.24355 47.15973 23.59997 0.06524
lin/ang/drive_left/drive_right/tv_l/tv_r/av_l/av_r/x/y/theta/tx/ty/ttheta: 0.00599 -0.35629 0.02707 -0.02701 0.11469 -0.47814 0.15517 -0.14544 47.03253 23.63259 1.20752 47.15973 23.59997 0.06524
lin/ang/drive_left/drive_right/tv_l/tv_r/av_l/av_r/x/y/theta/tx/ty/ttheta: 0.00599 -0.24482 0.07660 -0.07555 0.11469 -0.36667 0.10831 -0.09289 47.03294 23.63260 0.61510 47.15973 23.59997 0.06524
lin/ang/drive_left/drive_right/tv_l/tv_r/av_l/av_r/x/y/theta/tx/ty/ttheta: 0.00598 -0.11632 0.07895 -0.07774 0.11468 -0.23817 -0.08794 0.10797 47.03342 23.63260 -0.06778 47.15973 23.59997 0.06524
lin/ang/drive_left/drive_right/tv_l/tv_r/av_l/av_r/x/y/theta/tx/ty/ttheta: 0.00598 -0.02602 0.04703 -0.04618 0.11468 -0.14788 -0.14219 0.15214 47.03375 23.63260 -0.54767 47.15973 23.59997 0.06524
lin/ang/drive_left/drive_right/tv_l/tv_r/av_l/av_r/x/y/theta/tx/ty/ttheta: 0.00598 0.00670 0.01133 -0.01102 0.11468 -0.11515 -0.13397 0.14050 47.03387 23.63260 -0.72162 47.15973 23.59997 0.06524
lin/ang/drive_left/drive_right/tv_l/tv_r/av_l/av_r/x/y/theta/tx/ty/ttheta: 0.00598 -0.03990 -0.04446 0.04402 0.11468 -0.16175 -0.09411 0.10167 47.03370 23.63260 -0.47394 47.15973 23.59997 0.06524
lin/ang/drive_left/drive_right/tv_l/tv_r/av_l/av_r/x/y/theta/tx/ty/ttheta: 0.00598 -0.15605 -0.07674 0.07564 0.11468 -0.27790 0.07306 -0.08267 47.03327 23.63260 0.14337 47.15973 23.59997 0.06524
lin/ang/drive_left/drive_right/tv_l/tv_r/av_l/av_r/x/y/theta/tx/ty/ttheta: 0.00599 -0.27593 -0.07139 0.07026 0.11469 -0.39778 0.15178 -0.14783 47.03282 23.63260 0.78045 47.15973 23.59997 0.06524
lin/ang/drive_left/drive_right/tv_l/tv_r/av_l/av_r/x/y/theta/tx/ty/ttheta: 0.00599 -0.35610 -0.04167 0.04091 0.11469 -0.47795 0.17333 -0.16358 47.03253 23.63259 1.20649 47.15973 23.59997 0.06524
lin/ang/drive_left/drive_right/tv_l/tv_r/av_l/av_r/x/y/theta/tx/ty/ttheta: 0.00599 -0.34511 0.02920 -0.02909 0.11469 -0.46697 0.14886 -0.14475 47.03257 23.63259 1.14811 47.15973 23.59997 0.06524
lin/ang/drive_left/drive_right/tv_l/tv_r/av_l/av_r/x/y/theta/tx/ty/ttheta: 0.00599 -0.23421 0.07509 -0.07405 0.11469 -0.35606 0.10114 -0.09292 47.03298 23.63260 0.55872 47.15973 23.59997 0.06524
lin/ang/drive_left/drive_right/tv_l/tv_r/av_l/av_r/x/y/theta/tx/ty/ttheta: 0.00598 -0.11000 0.07578 -0.07461 0.11468 -0.23185 -0.07717 0.10764 47.03344 23.63260 -0.10139 47.15973 23.59997 0.06524
lin/ang/drive_left/drive_right/tv_l/tv_r/av_l/av_r/x/y/theta/tx/ty/ttheta: 0.00598 -0.02648 0.04232 -0.04153 0.11468 -0.14833 -0.14047 0.14508 47.03375 23.63260 -0.54526 47.15973 23.59997 0.06524
lin/ang/drive_left/drive_right/tv_l/tv_r/av_l/av_r/x/y/theta/tx/ty/ttheta: 0.00598 -0.00177 0.00653 -0.00630 0.11468 -0.12362 -0.13519 0.13175 47.03384 23.63260 -0.67658 47.15973 23.59997 0.06524
lin/ang/drive_left/drive_right/tv_l/tv_r/av_l/av_r/x/y/theta/tx/ty/ttheta: 0.00598 -0.05321 -0.04611 0.04563 0.11468 -0.17507 -0.09361 0.08950 47.03365 23.63260 -0.40316 47.15973 23.59997 0.06524
lin/ang/drive_left/drive_right/tv_l/tv_r/av_l/av_r/x/y/theta/tx/ty/ttheta: 0.00598 -0.17052 -0.07715 0.07604 0.11469 -0.29237 0.08244 -0.08403 47.03322 23.63260 0.22024 47.15973 23.59997 0.06524
lin/ang/drive_left/drive_right/tv_l/tv_r/av_l/av_r/x/y/theta/tx/ty/ttheta: 0.00599 -0.28600 -0.06780 0.06671 0.11469 -0.40785 0.15536 -0.14833 47.03279 23.63260 0.83397 47.15973 23.59997 0.06524
lin/ang/drive_left/drive_right/tv_l/tv_r/av_l/av_r/x/y/theta/tx/ty/ttheta: 0.00599 -0.35951 -0.03733 0.03664 0.11469 -0.48137 0.16631 -0.16361 47.03251 23.63259 1.22464 47.15973 23.59997 0.06524
lin/ang/drive_left/drive_right/tv_l/tv_r/av_l/av_r/x/y/theta/tx/ty/ttheta: 0.00599 -0.33327 0.03919 -0.03894 0.11469 -0.45512 0.14664 -0.14525 47.03261 23.63259 1.08517 47.15973 23.59997 0.06524
lin/ang/drive_left/drive_right/tv_l/tv_r/av_l/av_r/x/y/theta/tx/ty/ttheta: 0.00606 -0.21972 0.07275 -0.07566 0.11476 -0.34157 0.09050 -0.08489 47.03147 23.63259 0.48164 47.15973 23.59997 0.06524
lin/ang/drive_left/drive_right/tv_l/tv_r/av_l/av_r/x/y/theta/tx/ty/ttheta: 0.00591 -0.09673 0.07756 -0.06846 0.11461 -0.21858 -0.09036 0.10778 47.03505 23.63259 -0.17176 47.15973 23.59997 0.06524
lin/ang/drive_left/drive_right/tv_l/tv_r/av_l/av_r/x/y/theta/tx/ty/ttheta: 0.00605 -0.02142 0.03366 -0.04089 0.11475 -0.14328 -0.14236 0.14356 47.03221 23.63261 -0.57190 47.15973 23.59997 0.06524
lin/ang/drive_left/drive_right/tv_l/tv_r/av_l/av_r/x/y/theta/tx/ty/ttheta: 0.00590 -0.00393 0.00555 0.00256 0.11461 -0.12578 -0.12525 0.13364 47.03540 23.63257 -0.66484 47.15973 23.59997 0.06524
lin/ang/drive_left/drive_right/tv_l/tv_r/av_l/av_r/x/y/theta/tx/ty/ttheta: 0.00606 -0.05991 -0.05128 0.04281 0.11476 -0.18176 -0.08419 0.09531 47.03206 23.63260 -0.36725 47.15973 23.59997 0.06524
lin/ang/drive_left/drive_right/tv_l/tv_r/av_l/av_r/x/y/theta/tx/ty/ttheta: 0.00591 -0.18073 -0.07535 0.08216 0.11461 -0.30259 0.08333 -0.06828 47.03474 23.63258 0.27509 47.15973 23.59997 0.06524
lin/ang/drive_left/drive_right/tv_l/tv_r/av_l/av_r/x/y/theta/tx/ty/ttheta: 0.00591 -0.29600 -0.06696 0.06588 0.11461 -0.41785 0.15503 -0.15283 47.03431 23.63258 0.88804 47.15973 23.59997 0.06524
lin/ang/drive_left/drive_right/tv_l/tv_r/av_l/av_r/x/y/theta/tx/ty/ttheta: 0.00606 -0.36602 -0.03902 0.03042 0.11476 -0.48787 0.16647 -0.16564 47.03093 23.63252 1.26007 47.15973 23.59997 0.06524
lin/ang/drive_left/drive_right/tv_l/tv_r/av_l/av_r/x/y/theta/tx/ty/ttheta: 0.00606 -0.34140 0.03830 -0.03807 0.11476 -0.46326 0.14664 -0.13894 47.03102 23.63252 1.12932 47.15973 23.59997 0.06524
lin/ang/drive_left/drive_right/tv_l/tv_r/av_l/av_r/x/y/theta/tx/ty/ttheta: 0.00606 -0.22359 0.07742 -0.07631 0.11476 -0.34544 0.09033 -0.08453 47.03145 23.63255 0.50320 47.15973 23.59997 0.06524
lin/ang/drive_left/drive_right/tv_l/tv_r/av_l/av_r/x/y/theta/tx/ty/ttheta: 0.00606 -0.10082 0.07321 -0.07205 0.11476 -0.22267 -0.09103 0.10728 47.03191 23.63255 -0.14883 47.15973 23.59997 0.06524
lin/ang/drive_left/drive_right/tv_l/tv_r/av_l/av_r/x/y/theta/tx/ty/ttheta: 0.00605 -0.02393 0.03849 -0.03777 0.11475 -0.14578 -0.14339 0.14528 47.03220 23.63255 -0.55721 47.15973 23.59997 0.06524
lin/ang/drive_left/drive_right/tv_l/tv_r/av_l/av_r/x/y/theta/tx/ty/ttheta: 0.00605 -0.00590 0.00208 -0.00191 0.11475 -0.12775 -0.12814 0.13192 47.03226 23.63255 -0.65306 47.15973 23.59997 0.06524
lin/ang/drive_left/drive_right/tv_l/tv_r/av_l/av_r/x/y/theta/tx/ty/ttheta: 0.00598 -0.06464 -0.04896 0.05238 0.11468 -0.18649 -0.08383 0.09156 47.03361 23.63253 -0.34088 47.15973 23.59997 0.06524
lin/ang/drive_left/drive_right/tv_l/tv_r/av_l/av_r/x/y/theta/tx/ty/ttheta: 0.00599 -0.18784 -0.07962 0.07846 0.11469 -0.30969 0.08314 -0.08369 47.03315 23.63253 0.31384 47.15973 23.59997 0.06524
lin/ang/drive_left/drive_right/tv_l/tv_r/av_l/av_r/x/y/theta/tx/ty/ttheta: 0.00599 -0.30292 -0.06669 0.06560 0.11469 -0.42477 0.15417 -0.15758 47.03272 23.63253 0.92543 47.15973 23.59997 0.06524
lin/ang/drive_left/drive_right/tv_l/tv_r/av_l/av_r/x/y/theta/tx/ty/ttheta: 0.00599 -0.37198 -0.03420 0.03354 0.11469 -0.49383 0.16650 -0.16494 47.03247 23.63252 1.29245 47.15973 23.59997 0.06524
lin/ang/drive_left/drive_right/tv_l/tv_r/av_l/av_r/x/y/theta/tx/ty/ttheta: 0.00592 -0.34017 0.04406 -0.03979 0.11462 -0.46203 0.14697 -0.13842 47.03415 23.63256 1.12331 47.15973 23.59997 0.06524
lin/ang/drive_left/drive_right/tv_l/tv_r/av_l/av_r/x/y/theta/tx/ty/ttheta: 0.00613 -0.21788 0.07404 -0.08480 0.11483 -0.33973 0.09036 0.05389 47.02991 23.63250 0.47373 47.15973 23.59997 0.06524
lin/ang/drive_left/drive_right/tv_l/tv_r/av_l/av_r/x/y/theta/tx/ty/ttheta: 0.00598 -0.09416 0.07629 -0.06719 0.11468 -0.21601 -0.09858 0.13350 47.03350 23.63251 -0.18358 47.15973 23.59997 0.06524
lin/ang/drive_left/drive_right/tv_l/tv_r/av_l/av_r/x/y/theta/tx/ty/ttheta: 0.00613 -0.02104 0.03235 -0.03961 0.11483 -0.14289 -0.14425 0.14731 47.03064 23.63253 -0.57197 47.15973 23.59997 0.06524
lin/ang/drive_left/drive_right/tv_l/tv_r/av_l/av_r/x/y/theta/tx/ty/ttheta: 0.00591 -0.01384 -0.00236 0.01434 0.11461 -0.13569 -0.12439 0.13003 47.03536 23.63248 -0.61017 47.15973 23.59997 0.06524
lin/ang/drive_left/drive_right/tv_l/tv_r/av_l/av_r/x/y/theta/tx/ty/ttheta: 0.00591 -0.09426 -0.06219 0.06143 0.11461 -0.21611 -0.08386 0.08419 47.03506 23.63250 -0.18275 47.15973 23.59997 0.06524
lin/ang/drive_left/drive_right/tv_l/tv_r/av_l/av_r/x/y/theta/tx/ty/ttheta: 0.00591 -0.21800 -0.07721 0.07604 0.11461 -0.33985 0.09875 -0.09394 47.03460 23.63251 0.47488 47.15973 23.59997 0.06524
lin/ang/drive_left/drive_right/tv_l/tv_r/av_l/av_r/x/y/theta/tx/ty/ttheta: 0.00599 -0.32209 -0.06116 0.05621 0.11469 -0.44394 0.15997 -0.15722 47.03265 23.63249 1.02811 47.15973 23.59997 0.06524
lin/ang/drive_left/drive_right/tv_l/tv_r/av_l/av_r/x/y/theta/tx/ty/ttheta: 0.00599 -0.37573 -0.02360 0.02310 0.11469 -0.49758 0.16700 -0.15708 47.03245 23.63249 1.31319 47.15973 23.59997 0.06524
lin/ang/drive_left/drive_right/tv_l/tv_r/av_l/av_r/x/y/theta/tx/ty/ttheta: 0.00606 -0.32901 0.04702 -0.05055 0.11476 -0.45086 0.14083 -0.12986 47.03106 23.63246 1.06490 47.15973 23.59997 0.06524
lin/ang/drive_left/drive_right/tv_l/tv_r/av_l/av_r/x/y/theta/tx/ty/ttheta: 0.00606 -0.21028 0.07687 -0.07575 0.11476 -0.33213 -0.03283 0.05406 47.03150 23.63247 0.43432 47.15973 23.59997 0.06524
lin/ang/drive_left/drive_right/tv_l/tv_r/av_l/av_r/x/y/theta/tx/ty/ttheta: 0.00606 -0.09487 0.06602 -0.06493 0.11476 -0.21673 -0.12183 0.12678 47.03193 23.63247 -0.17862 47.15973 23.59997 0.06524
lin/ang/drive_left/drive_right/tv_l/tv_r/av_l/av_r/x/y/theta/tx/ty/ttheta: 0.00613 -0.03307 0.02747 -0.03086 0.11483 -0.15492 -0.13964 0.14511 47.03060 23.63248 -0.50676 47.15973 23.59997 0.06524
lin/ang/drive_left/drive_right/tv_l/tv_r/av_l/av_r/x/y/theta/tx/ty/ttheta: 0.00591 -0.04235 -0.01474 0.02657 0.11461 -0.16420 -0.10967 0.11992 47.03525 23.63243 -0.45740 47.15973 23.59997 0.06524
lin/ang/drive_left/drive_right/tv_l/tv_r/av_l/av_r/x/y/theta/tx/ty/ttheta: 0.00598 -0.14106 -0.07229 0.06739 0.11468 -0.26292 0.06450 -0.03817 47.03332 23.63244 0.06732 47.15973 23.59997 0.06524
lin/ang/drive_left/drive_right/tv_l/tv_r/av_l/av_r/x/y/theta/tx/ty/ttheta: 0.00599 -0.25750 -0.06963 0.06853 0.11469 -0.37935 0.13825 -0.12900 47.03289 23.63244 0.68610 47.15973 23.59997 0.06524
lin/ang/drive_left/drive_right/tv_l/tv_r/av_l/av_r/x/y/theta/tx/ty/ttheta: 0.00599 -0.34130 -0.04528 0.04449 0.11469 -0.46315 0.16442 -0.16050 47.03258 23.63244 1.13146 47.15973 23.59997 0.06524
lin/ang/drive_left/drive_right/tv_l/tv_r/av_l/av_r/x/y/theta/tx/ty/ttheta: 0.00599 -0.34669 0.01765 -0.01770 0.11469 -0.46854 0.15333 -0.14661 47.03256 23.63244 1.16007 47.15973 23.59997 0.06524
lin/ang/drive_left/drive_right/tv_l/tv_r/av_l/av_r/x/y/theta/tx/ty/ttheta: 0.00599 -0.24533 0.06980 -0.06884 0.11469 -0.36718 0.10472 -0.10694 47.03294 23.63244 0.62144 47.15973 23.59997 0.06524
lin/ang/drive_left/drive_right/tv_l/tv_r/av_l/av_r/x/y/theta/tx/ty/ttheta: 0.00598 -0.12841 0.07245 -0.07135 0.11468 -0.25026 -0.09036 0.08486 47.03337 23.63244 0.00006 47.15973 23.59997 0.06524
lin/ang/drive_left/drive_right/tv_l/tv_r/av_l/av_r/x/y/theta/tx/ty/ttheta: 0.00605 -0.04853 0.03827 -0.04149 0.11476 -0.17038 -0.13553 0.14219 47.03210 23.63245 -0.42440 47.15973 23.59997 0.06524
lin/ang/drive_left/drive_right/tv_l/tv_r/av_l/av_r/x/y/theta/tx/ty/ttheta: 0.00605 -0.02543 0.00562 -0.00540 0.11475 -0.14729 -0.12200 0.13347 47.03219 23.63245 -0.54708 47.15973 23.59997 0.06524
lin/ang/drive_left/drive_right/tv_l/tv_r/av_l/av_r/x/y/theta/tx/ty/ttheta: 0.00591 -0.07356 -0.03895 0.04644 0.11461 -0.19541 -0.09003 0.09017 47.03514 23.63243 -0.29134 47.15973 23.59997 0.06524
lin/ang/drive_left/drive_right/tv_l/tv_r/av_l/av_r/x/y/theta/tx/ty/ttheta: 0.00606 -0.18793 -0.07939 0.07036 0.11476 -0.30978 0.08264 -0.08436 47.03159 23.63244 0.31627 47.15973 23.59997 0.06524
lin/ang/drive_left/drive_right/tv_l/tv_r/av_l/av_r/x/y/theta/tx/ty/ttheta: 0.00606 -0.29794 -0.06352 0.06249 0.11476 -0.41979 0.15553 -0.14869 47.03118 23.63244 0.90052 47.15973 23.59997 0.06524
lin/ang/drive_left/drive_right/tv_l/tv_r/av_l/av_r/x/y/theta/tx/ty/ttheta: 0.00592 -0.36226 -0.02737 0.03471 0.11462 -0.48411 0.16614 -0.16444 47.03407 23.63250 1.24220 47.15973 23.59997 0.06524
lin/ang/drive_left/drive_right/tv_l/tv_r/av_l/av_r/x/y/theta/tx/ty/ttheta: 0.00606 -0.32328 0.04374 -0.05132 0.11476 -0.44513 0.13878 -0.13775 47.03108 23.63243 1.03518 47.15973 23.59997 0.06524
lin/ang/drive_left/drive_right/tv_l/tv_r/av_l/av_r/x/y/theta/tx/ty/ttheta: 0.00606 -0.20535 0.07531 -0.07420 0.11476 -0.32721 -0.05372 0.05667 47.03152 23.63244 0.40889 47.15973 23.59997 0.06524
lin/ang/drive_left/drive_right/tv_l/tv_r/av_l/av_r/x/y/theta/tx/ty/ttheta: 0.00606 -0.09659 0.06142 -0.06039 0.11476 -0.21844 -0.12644 0.12917 47.03192 23.63244 -0.16875 47.15973 23.59997 0.06524
lin/ang/drive_left/drive_right/tv_l/tv_r/av_l/av_r/x/y/theta/tx/ty/ttheta: 0.00605 -0.04366 0.02391 -0.02341 0.11475 -0.16551 -0.14014 0.13928 47.03212 23.63244 -0.44988 47.15973 23.59997 0.06524
lin/ang/drive_left/drive_right/tv_l/tv_r/av_l/av_r/x/y/theta/tx/ty/ttheta: 0.00606 -0.05996 -0.02518 0.02502 0.11476 -0.18181 -0.10200 0.10900 47.03206 23.63244 -0.36335 47.15973 23.59997 0.06524
lin/ang/drive_left/drive_right/tv_l/tv_r/av_l/av_r/x/y/theta/tx/ty/ttheta: 0.00606 -0.16418 -0.07245 0.07147 0.11476 -0.28603 0.06536 -0.06572 47.03167 23.63244 0.19022 47.15973 23.59997 0.06524
lin/ang/drive_left/drive_right/tv_l/tv_r/av_l/av_r/x/y/theta/tx/ty/ttheta: 0.00606 -0.27548 -0.06533 0.06428 0.11476 -0.39733 0.14544 -0.13858 47.03126 23.63243 0.78135 47.15973 23.59997 0.06524
lin/ang/drive_left/drive_right/tv_l/tv_r/av_l/av_r/x/y/theta/tx/ty/ttheta: 0.00606 -0.34646 -0.03624 0.03558 0.11476 -0.46831 0.16564 -0.15433 47.03100 23.63243 1.15832 47.15973 23.59997 0.06524
lin/ang/drive_left/drive_right/tv_l/tv_r/av_l/av_r/x/y/theta/tx/ty/ttheta: 0.00606 -0.32993 0.03215 -0.03199 0.11476 -0.45179 0.14783 -0.13689 47.03106 23.63243 1.07054 47.15973 23.59997 0.06524
lin/ang/drive_left/drive_right/tv_l/tv_r/av_l/av_r/x/y/theta/tx/ty/ttheta: 0.00613 -0.21890 0.07078 -0.07371 0.11483 -0.34075 0.09975 -0.08367 47.02991 23.63243 0.48073 47.15973 23.59997 0.06524
lin/ang/drive_left/drive_right/tv_l/tv_r/av_l/av_r/x/y/theta/tx/ty/ttheta: 0.00598 -0.10519 0.07239 -0.06338 0.11468 -0.22704 -0.07717 0.10933 47.03346 23.63245 -0.12337 47.15973 23.59997 0.06524
lin/ang/drive_left/drive_right/tv_l/tv_r/av_l/av_r/x/y/theta/tx/ty/ttheta: 0.00598 -0.03617 0.03309 -0.03244 0.11468 -0.15802 -0.13500 0.14544 47.03371 23.63243 -0.48993 47.15973 23.59997 0.06524
lin/ang/drive_left/drive_right/tv_l/tv_r/av_l/av_r/x/y/theta/tx/ty/ttheta: 0.00598 -0.02614 -0.00268 0.00278 0.11468 -0.14799 -0.12475 0.12336 47.03375 23.63243 -0.54325 47.15973 23.59997 0.06524
lin/ang/drive_left/drive_right/tv_l/tv_r/av_l/av_r/x/y/theta/tx/ty/ttheta: 0.00606 -0.09111 -0.05603 0.05145 0.11476 -0.21296 -0.08433 0.08178 47.03194 23.63244 -0.19804 47.15973 23.59997 0.06524
lin/ang/drive_left/drive_right/tv_l/tv_r/av_l/av_r/x/y/theta/tx/ty/ttheta: 0.00613 -0.21163 -0.07891 0.07380 0.11483 -0.33348 0.08950 -0.09361 47.02993 23.63243 0.44217 47.15973 23.59997 0.06524
lin/ang/drive_left/drive_right/tv_l/tv_r/av_l/av_r/x/y/theta/tx/ty/ttheta: 0.00614 -0.31940 -0.06138 0.06036 0.11484 -0.44125 0.15658 -0.15931 47.02953 23.63242 1.01419 47.15973 23.59997 0.06524
lin/ang/drive_left/drive_right/tv_l/tv_r/av_l/av_r/x/y/theta/tx/ty/ttheta: 0.00599 -0.37410 -0.01965 0.02708 0.11469 -0.49595 0.16664 -0.16461 47.03246 23.63248 1.30477 47.15973 23.59997 0.06524
lin/ang/drive_left/drive_right/tv_l/tv_r/av_l/av_r/x/y/theta/tx/ty/ttheta: 0.00614 -0.31387 0.05541 -0.06279 0.11484 -0.43572 0.14014 -0.13056 47.02955 23.63242 0.98483 47.15973 23.59997 0.06524
WARNING - pros.serial.terminal.terminal:reader - Connection to /dev/ttyACM1 broken - pros-cli version:3.5.6
WARNING - pros.serial.terminal.terminal:stop - Stopping terminal - pros-cli version:3.5.6

[tomas@nixbtw:~/projects/Robotics/current/libs/lyfast]$

