
[tomas@nixbtw:~/projects/Robotics/current/libs/lyfast]$ t
Not sending analytics for this command.

Established terminal connection



         _+=+_
      .-`  .  `-.          8888888b.  8888888b.   .d88888b.   .d8888b.
   _+`     "     `+_       888   Y88b 888   Y88b d88P" "Y88b d88P  Y88b
  \\\sssssssssssss///      888    888 888    888 888     888 Y88b.
     .ss\  *  /ss.         888   d88P 888   d88P 888     888  "Y888b.
 .+bm  .s  *  s.  md+.     8888888P"  8888888P"  888     888     "Y88b.
.hMMMMs .  *  . sMMMMh.    888        888 T88b   888     888       "888
 `\hMMMb \ | / dMMMh:      888        888  T88b  Y88b. .d88P Y88b  d88P
   -SNMNo  -  oNMNs-       888        888   T88b  "Y88888P"   "Y8888P"
     `+dMh\./dMd/
        `:yNy:`                      Powered by PROS for VEX V5
           "                Copyright (c) Purdue University ACM SIGBots
Version:        4.2.1     Platform:  V1.1.5 (b18)     Uptime:    0.000 s
Compiled:   Jan  1 1980 00:00:00     Directory:


total distance: 78.136703
delta_distance: 0.100000
allocated for points 791
adding points:1574
isolated constraints:2180
forwards pass:2606
backwards pass:6794
travel times:6890
final time:6901
a_{kin}=\left[9999.99,9999.99,9999.99,9999.99,9999.99,9999.99,9999.99,9999.99,9999.99,9999.99,9999.99,9999.99,9999.99,9999.99,9999.99,9999.99,9999.99,9999.99,9999.99,9999.99,9999.99,9999.99,9999.99,9999.99,9999.99,9999.99,9999.99,9999.99,9999.99,9999.99,9999.99,9999.99,9999.99,9999.99,9999.99,9999.99,9999.99,9999.99,9999.99,9999.99,9999.99,9999.99,9999.99,9999.99,9999.99,9999.99,9999.99,9999.99,9999.99,9999.99,9999.99,9999.99,9999.99,9999.99,9999.99,9999.99,9999.99,9999.99,9999.99,9999.99,9999.99,9999.99,9999.99,9999.99,9999.99,9999.99,9999.99,9999.99,9999.99,9999.99,9999.99,9999.99,9999.99,9999.99,9999.99,9999.99,9999.99,9999.99,9999.99,9999.99,9999.99,9999.99,9999.99,9999.99,9999.99,9999.99,9999.99,9999.99,9999.99,9999.99,9999.99,9999.99,9999.99,9999.99,9999.99,9999.99,9999.99,9999.99,9999.99,9999.99,9999.99,9999.99,9999.99,9999.99,9999.99,9999.99,9999.99,9999.99,9999.99,9999.99,9999.99,9999.99,9999.99,9999.99,9999.99,9999.99,9999.99,9999.99,9999.99,9999.99,9999.99,9999.99,9999.99,9999.99,9999.99,9999.99,9999.99,9999.99,9999.99,9999.99,9999.99,9999.99,9999.99,9999.99,9999.99,9999.99,9999.99,9999.99,9999.99,9999.99,9999.99,9999.99,9999.99,9999.99,9999.99,9999.99,9999.99,9999.99,9999.99,9999.99,9999.99,9999.99,9999.99,9999.99,9999.99,9999.99,9999.99,9999.99,9999.99,9999.99,9999.99,9999.99,9999.99,9999.99,9999.99,9999.99,9999.99,9999.99,9999.99,9999.99,9999.99,9999.99,9999.99,9999.99,9999.99,9999.99,9999.99,9999.99,9999.99,9999.99,9999.99,9999.99,9999.99,9999.99,9999.99,9999.99,9999.99,9999.99,9999.99,9999.99,9999.99,9999.99,9999.99,9999.99,9999.99,9999.99,9999.99,9999.99,9999.99,9999.99,9999.99,9999.99,9999.99,9999.99,9999.99,9999.99,9999.99,9999.99,9999.99,9999.99,9999.99,9999.99,9999.99,9999.99,9999.99,9999.99,9999.99,9999.99,9999.99,9999.99,9999.99,9999.99,9999.99,9999.99,9999.99,9999.99,9999.99,9999.99,9999.99,9999.99,9999.99,9999.99,9999.99,9999.99,9999.99,9999.99,46.0198,45.7612,45.5049,45.2508,44.9989,44.7492,44.5017,44.2564,44.0134,43.7726,43.534,43.2977,43.0636,42.8318,42.6022,42.3749,42.1498,41.927,41.7065,41.4883,41.2723,41.0586,40.8473,40.6382,40.4314,40.2269,40.0248,39.8249,39.6274,39.4323,39.2394,39.0489,38.8608,38.6749,38.4915,38.3104,38.1317,37.9554,37.7814,37.6098,37.4407,37.2739,37.1095,36.9476,36.7881,36.6309,36.4763,36.324,36.1743,36.027,35.8821,35.7397,35.5998,35.4624,35.3275,35.195,35.0651,34.9377,34.8128,34.6905,34.5707,34.4534,34.3387,34.2267,34.1171,34.0102,33.9058,33.8041,33.705,33.6085,33.5147,33.4235,33.335,33.2491,33.1659,33.0855,33.0077,32.9326,32.8603,32.7908,32.724,32.6599,32.5987,32.5402,32.4846,32.4318,32.3818,32.3347,32.2905,32.2492,32.2107,32.1752,32.1427,32.113,32.0864,32.0628,32.0422,32.0246,32.01,31.9985,31.9902,31.9849,31.9828,31.9839,31.9881,31.9955,32.0062,32.0201,32.0373,32.0578,32.0817,32.1089,32.1395,32.1736,32.2111,32.2521,32.2966,32.3446,32.3963,32.4515,32.5105,32.5731,32.6394,32.7095,32.7835,32.8613,32.943,33.0286,33.1182,33.2119,33.3096,33.4115,33.5176,33.6279,33.7425,33.8615,33.9849,34.1128,34.2451,34.3821,34.5238,34.6702,34.8214,34.9775,35.1386,35.3047,35.4759,35.6524,35.8341,36.0212,36.2138,36.412,36.6158,36.8254,37.0409,37.2624,37.4901,37.7239,37.9641,38.2108,38.4642,38.7243,38.9913,39.2653,39.5466,39.8352,40.1314,40.4353,40.7471,41.067,41.3952,41.7319,42.0773,42.4316,42.795,43.1679,43.5504,43.9428,44.3454,44.7585,45.1824,45.6173,46.0637,46.5217,46.9919,47.4746,47.9702,48.479,49.0016,49.5383,50.0897,50.6562,51.2383,51.8367,52.4518,53.0843,53.7348,54.4041,55.0927,55.8015,56.5312,57.2827,58.0569,58.8546,59.677,60.5249,61.3996,62.3022,63.2339,64.1961,65.1902,66.2178,67.2803,68.3796,69.5174,70.6958,71.9167,73.1826,74.4956,75.8586,77.2741,78.7453,80.2755,81.868,83.5267,85.2557,87.0595,88.9428,90.9111,92.9699,95.1257,97.3853,99.7563,102.247,104.867,107.626,110.535,113.607,116.857,120.299,123.95,127.832,131.966,136.377,141.095,146.151,151.585,157.438,163.764,170.619,178.074,186.212,195.129,204.945,215.802,227.873,241.376,256.58,273.829,293.565,316.368,343.011,374.555,412.489,458.973,517.264,592.516,693.393,835.664,1051.39,1417.26,2173.65,4661.47,9997.88,3616.09,1915.44,1302.75,987.031,794.489,664.805,571.515,501.187,446.27,402.2,366.052,335.866,310.28,288.316,269.257,252.562,237.816,224.698,212.952,202.374,192.797,184.087,176.13,168.833,162.118,155.917,150.174,144.84,139.872,135.235,130.896,126.828,123.007,119.41,116.018,112.815,109.785,106.915,104.192,101.605,99.1456,96.8034,94.5707,92.44,90.4045,88.4582,86.5955,84.811,83.1001,81.4584,79.8819,78.3669,76.91,75.508,74.1578,72.8569,71.6026,70.3926,69.2246,68.0966,67.0068,65.9532,64.9342,63.9482,62.9938,62.0695,61.174,60.3061,59.4647,58.6486,57.8568,57.0884,56.3424,55.6179,54.9142,54.2305,53.566,52.92,52.2919,51.681,51.0867,50.5085,49.9458,49.3981,48.8649,48.3458,47.8402,47.3479,46.8683,46.4011,45.946,45.5025,45.0703,44.6491,44.2386,43.8386,43.4486,43.0685,42.698,42.3368,41.9847,41.6415,41.307,40.9808,40.6629,40.3531,40.0511,39.7568,39.47,39.1905,38.9182,38.6529,38.3945,38.1428,37.8977,37.6591,37.4268,37.2007,36.9807,36.7666,36.5585,36.356,36.1593,35.9681,35.7823,35.6019,35.4268,35.2569,35.0921,34.9323,34.7774,34.6274,34.4823,34.3418,34.206,34.0748,33.9481,33.8259,33.7081,33.5946,33.4854,33.3805,33.2797,33.1831,33.0906,33.002,32.9175,32.8369,32.7602,32.6874,32.6183,32.553,32.4915,32.4336,32.3795,32.3289,32.2819,32.2385,32.1986,32.1621,32.1291,32.0996,32.0734,32.0506,32.0312,32.0151,32.0022,31.9926,31.9863,31.9831,31.9832,31.9864,31.9927,32.0022,32.0148,32.0304,32.0491,32.0709,32.0957,32.1234,32.1541,32.1879,32.2245,32.2641,32.3066,32.352,32.4003,32.4514,32.5054,32.5623,32.6219,32.6844,32.7496,32.8177,32.8885,32.962,33.0383,33.1174,33.1991,33.2836,33.3707,33.4605,33.553,33.6482,33.746,33.8465,33.9495,34.0553,34.1635,34.2745,34.388,34.504,34.6227,34.7439,34.8677,34.994,35.1228,35.2542,35.3881,35.5245,35.6634,35.8049,35.9488,36.0951,36.244,36.3953,36.5491,36.7053,36.864,37.0251,37.1887,37.3547,37.5231,37.6939,37.8671,38.0427,38.2207,38.4011,38.5839,38.769,38.9566,39.1464,39.3387,39.5333,39.7302,39.9295,40.1311,40.335,40.5413,40.7499,40.9608,41.174,41.3895,41.6073,41.8274,42.0498,42.2745,42.5015,42.7307,42.9622,43.1959,43.432,43.6702,43.9108,44.1535,44.3985,44.6458,44.8953,45.147,45.4009,45.6571,45.9155,46.02\right]
a_{turn}=\left[\right]
d_{kin}=\left[99.9999,99.9999,99.9999,99.9999,99.9999,99.9999,99.9999,99.9999,99.9999,99.9999,99.9999,99.9999,99.9999,99.9999,99.9999,99.9999,99.9999,99.9999,99.9999,99.9999,99.9999,99.9999,99.9999,99.9999,99.9999,99.9999,99.9999,99.9999,99.9999,99.9999,99.9999,99.9999,99.9999,99.9999,99.9999,99.9999,99.9999,99.9999,99.9999,99.9999,99.9999,99.9999,99.9999,99.9999,99.9999,99.9999,99.9999,99.9999,99.9999,99.9999,99.9999,99.9999,99.9999,99.9999,99.9999,99.9999,99.9999,99.9999,99.9999,99.9999,99.9999,99.9999,99.9999,99.9999,99.9999,99.9999,99.9999,99.9999,99.9999,99.9999,99.9999,99.9999,99.9999,99.9999,99.9999,99.9999,99.9999,99.9999,99.9999,99.9999,99.9999,99.9999,99.9999,99.9999,99.9999,99.9999,99.9999,99.9999,99.9999,99.9999,99.9999,99.9999,99.9999,99.9999,99.9999,99.9999,99.9999,99.9999,99.9999,99.9999,99.9999,99.9999,99.9999,99.9999,99.9999,99.9999,99.9999,99.9999,99.9999,99.9999,99.9999,99.9999,99.9999,99.9999,99.9999,99.9999,99.9999,99.9999,99.9999,99.9999,99.9999,99.9999,99.9999,99.9999,99.9999,99.9999,99.9999,99.9999,99.9999,99.9999,99.9999,99.9999,99.9999,99.9999,99.9999,99.9999,99.9999,99.9999,99.9999,99.9999,99.9999,99.9999,99.9999,99.9999,99.9999,99.9999,99.9999,99.9999,99.9999,99.9999,99.9999,99.9999,99.9999,99.9999,99.9999,99.9999,99.9999,99.9999,99.9999,99.9999,99.9999,99.9999,99.9999,99.9999,99.9999,99.9999,99.9999,99.9999,99.9999,99.9999,99.9999,99.9999,99.9999,99.9999,99.9999,99.9999,99.9999,99.9999,99.9999,99.9999,99.9999,99.9999,99.9999,99.9999,99.9999,99.9999,99.9999,99.9999,99.9999,99.9999,99.9999,99.9999,99.9999,99.9999,99.9999,99.9999,99.9999,99.9999,99.9999,99.9999,99.9999,99.9999,99.9999,99.9999,99.9999,99.9999,99.9999,99.9999,99.9999,99.9999,99.9999,99.9999,99.9999,99.9999,99.9999,99.9999,99.9999,99.9999,99.9999,99.9999,99.9999,99.9999,99.9999,99.9999,99.9999,99.9999,99.9999,99.9999,99.9999,99.9999,99.9999,99.9999,99.9999,99.9999,99.9999,99.9999,46.0198,45.7612,45.5049,45.2508,44.9989,44.7492,44.5017,44.2564,44.0134,43.7726,43.534,43.2977,43.0636,42.8318,42.6022,42.3749,42.1498,41.927,41.7065,41.4883,41.2723,41.0586,40.8473,40.6382,40.4314,40.2269,40.0248,39.8249,39.6274,39.4323,39.2394,39.0489,38.8608,38.6749,38.4915,38.3104,38.1317,37.9554,37.7814,37.6098,37.4407,37.2739,37.1095,36.9476,36.7881,36.6309,36.4763,36.324,36.1743,36.027,35.8821,35.7397,35.5998,35.4624,35.3275,35.195,35.0651,34.9377,34.8128,34.6905,34.5707,34.4534,34.3387,34.2267,34.1171,34.0102,33.9058,33.8041,33.705,33.6085,33.5147,33.4235,33.335,33.2491,33.1659,33.0855,33.0077,32.9326,32.8603,32.7908,32.724,32.6599,32.5987,32.5402,32.4846,32.4318,32.3818,32.3347,32.2905,32.2492,32.2107,32.1752,32.1427,32.113,32.0864,32.0628,32.0422,32.0246,32.01,31.9985,31.9902,31.9849,31.9828,31.9839,31.9881,31.9955,32.0062,32.0201,32.0373,32.0578,32.0817,32.1089,32.1395,32.1736,32.2111,32.2521,32.2966,32.3446,32.3963,32.4515,32.5105,32.5731,32.6394,32.7095,32.7835,32.8613,32.943,33.0286,33.1182,33.2119,33.3096,33.4115,33.5176,33.6279,33.7425,33.8615,33.9849,34.1128,34.2451,34.3821,34.5238,34.6702,34.8214,34.9775,35.1386,35.3047,35.4759,35.6524,35.8341,36.0212,36.2138,36.412,36.6158,36.8254,37.0409,37.2624,37.4901,37.7239,37.9641,38.2108,38.4642,38.7243,38.9913,39.2653,39.5466,39.8352,40.1314,40.4353,40.7471,41.067,41.3952,41.7319,42.0773,42.4316,42.795,43.1679,43.5504,43.9428,44.3454,44.7585,45.1824,45.6173,46.0637,46.5217,46.9919,47.4746,47.9702,48.479,49.0016,49.5383,50.0897,50.6562,51.2383,51.8367,52.4518,53.0843,53.7348,54.4041,55.0927,55.8015,56.5312,57.2827,58.0569,58.8546,59.677,60.5249,61.3996,62.3022,63.2339,64.1961,65.1902,66.2178,67.2803,68.3796,69.5174,70.6958,71.9167,73.1826,74.4956,75.8586,77.2741,78.7453,80.2755,81.868,83.5267,85.2557,87.0595,88.9428,90.9111,92.9699,93.3056,93.4507,93.5964,93.7427,93.8894,94.0367,94.1846,94.3329,94.4818,94.6312,94.7811,94.9316,95.0825,95.234,95.386,95.5385,95.6915,95.8451,95.9991,96.1537,96.3088,96.4644,96.6205,96.7772,96.9343,97.092,97.2502,97.4089,97.5682,97.728,97.8883,98.0491,98.2104,98.3723,98.5348,98.6977,98.8613,99.0253,99.1899,99.355,99.5207,99.687,99.8538,99.9788,99.8116,99.645,99.4788,99.3133,99.1483,98.9838,98.8199,98.6565,98.4937,98.3314,98.1696,98.0084,97.8477,97.6875,97.5279,97.3688,97.2102,97.0521,96.8946,96.7376,96.581,96.4251,96.2696,96.1146,95.9602,95.8062,95.6528,95.4999,95.3475,95.1957,95.0443,94.8935,94.7432,94.5934,94.4441,94.2954,94.1472,93.9995,93.8523,93.7056,93.5595,93.414,93.2689,92.44,90.4045,88.4582,86.5955,84.811,83.1001,81.4584,79.8819,78.3669,76.91,75.508,74.1578,72.8569,71.6026,70.3926,69.2246,68.0966,67.0068,65.9532,64.9342,63.9482,62.9938,62.0695,61.174,60.3061,59.4647,58.6486,57.8568,57.0884,56.3424,55.6179,54.9142,54.2305,53.566,52.92,52.2919,51.681,51.0867,50.5085,49.9458,49.3981,48.8649,48.3458,47.8402,47.3479,46.8683,46.4011,45.946,45.5025,45.0703,44.6491,44.2386,43.8386,43.4486,43.0685,42.698,42.3368,41.9847,41.6415,41.307,40.9808,40.6629,40.3531,40.0511,39.7568,39.47,39.1905,38.9182,38.6529,38.3945,38.1428,37.8977,37.6591,37.4268,37.2007,36.9807,36.7666,36.5585,36.356,36.1593,35.9681,35.7823,35.6019,35.4268,35.2569,35.0921,34.9323,34.7774,34.6274,34.4823,34.3418,34.206,34.0748,33.9481,33.8259,33.7081,33.5946,33.4854,33.3805,33.2797,33.1831,33.0906,33.002,32.9175,32.8369,32.7602,32.6874,32.6183,32.553,32.4915,32.4336,32.3795,32.3289,32.2819,32.2385,32.1986,32.1621,32.1291,32.0996,32.0734,32.0506,32.0312,32.0151,32.0022,31.9926,31.9863,31.9831,31.9832,31.9864,31.9927,32.0022,32.0148,32.0304,32.0491,32.0709,32.0957,32.1234,32.1541,32.1879,32.2245,32.2641,32.3066,32.352,32.4003,32.4514,32.5054,32.5623,32.6219,32.6844,32.7496,32.8177,32.8885,32.962,33.0383,33.1174,33.1991,33.2836,33.3707,33.4605,33.553,33.6482,33.746,33.8465,33.9495,34.0553,34.1635,34.2745,34.388,34.504,34.6227,34.7439,34.8677,34.994,35.1228,35.2542,35.3881,35.5245,35.6634,35.8049,35.9488,36.0951,36.244,36.3953,36.5491,36.7053,36.864,37.0251,37.1887,37.3547,37.5231,37.6939,37.8671,38.0427,38.2207,38.4011,38.5839,38.769,38.9566,39.1464,39.3387,39.5333,39.7302,39.9295,40.1311,40.335,40.5413,40.7499,40.9608,41.174,41.3895,41.6073,41.8274,42.0498,42.2745,42.5015,42.7307,42.9622,43.1959,43.432,43.6702,43.9108,44.1535,44.3985,44.6458,44.8953,45.147,45.4009,45.6571,45.9155,46.02\right]
d_{turn}=\left[\right]
v_{kin}=\left[59.9999,59.9999,59.9999,59.9999,59.9999,59.9999,59.9999,59.9999,59.9999,59.9999,59.9999,59.9999,59.9999,59.9999,59.9999,59.9999,59.9999,59.9999,59.9999,59.9999,59.9999,59.9999,59.9999,59.9999,59.9999,59.9999,59.9999,59.9999,59.9999,59.9999,59.9999,59.9999,59.9999,59.9999,59.9999,59.9999,59.9999,59.9999,59.9999,59.9999,59.9999,59.9999,59.9999,59.9999,59.9999,59.9999,59.9999,59.9999,59.9999,59.9999,59.9999,59.9999,59.9999,59.9999,59.9999,59.9999,59.9999,59.9999,59.9999,59.9999,59.9999,59.9999,59.9999,59.9999,59.9999,59.9999,59.9999,59.9999,59.9999,59.9999,59.9999,59.9999,59.9999,59.9999,59.9999,59.9999,59.9999,59.9999,59.9999,59.9999,59.9999,59.9999,59.9999,59.9999,59.9999,59.9999,59.9999,59.9999,59.9999,59.9999,59.9999,59.9999,59.9999,59.9999,59.9999,59.9999,59.9999,59.9999,59.9999,59.9999,59.9999,59.9999,59.9999,59.9999,59.9999,59.9999,59.9999,59.9999,59.9999,59.9999,59.9999,59.9999,59.9999,59.9999,59.9999,59.9999,59.9999,59.9999,59.9999,59.9999,59.9999,59.9999,59.9999,59.9999,59.9999,59.9999,59.9999,59.9999,59.9999,59.9999,59.9999,59.9999,59.9999,59.9999,59.9999,59.9999,59.9999,59.9999,59.9999,59.9999,59.9999,59.9999,59.9999,59.9999,59.9999,59.9999,59.9999,59.9999,59.9999,59.9999,59.9999,59.9999,59.9999,59.9999,59.9999,59.9999,59.9999,59.9999,59.9999,59.9999,59.9999,59.9999,59.9999,59.9999,59.9999,59.9999,59.9999,59.9999,59.9999,59.9999,59.9999,59.9999,59.9999,59.9999,59.9999,59.9999,59.9999,59.9999,59.9999,59.9999,59.9999,59.9999,59.9999,59.9999,59.9999,59.9999,59.9999,59.9999,59.9999,59.9999,59.9999,59.9999,59.9999,59.9999,59.9999,59.9999,59.9999,59.9999,59.9999,59.9999,59.9999,59.9999,59.9999,59.9999,59.9999,59.9999,59.9999,59.9999,59.9999,59.9999,59.9999,59.9999,59.9999,59.9999,59.9999,59.9999,59.9999,59.9999,59.9999,59.9999,59.9999,59.9999,59.9999,59.9999,59.9999,59.9999,59.9999,59.9999,59.9999,59.9999,59.9999,59.9999,59.9999,59.9999,59.9999,59.9999,52.2509,52.2128,52.1746,52.1365,52.0982,52.06,52.0217,51.9834,51.9451,51.9067,51.8684,51.83,51.7917,51.7534,51.7151,51.6768,51.6386,51.6003,51.5622,51.5241,51.486,51.448,51.4101,51.3723,51.3345,51.2969,51.2593,51.2219,51.1845,51.1473,51.1103,51.0734,51.0366,51,50.9636,50.9273,50.8912,50.8554,50.8197,50.7843,50.749,50.7141,50.6793,50.6448,50.6106,50.5767,50.543,50.5096,50.4766,50.4438,50.4114,50.3794,50.3476,50.3163,50.2853,50.2546,50.2244,50.1946,50.1652,50.1362,50.1077,50.0796,50.0519,50.0248,49.9981,49.9719,49.9462,49.921,49.8964,49.8723,49.8487,49.8257,49.8033,49.7814,49.7602,49.7395,49.7195,49.7001,49.6813,49.6632,49.6457,49.629,49.6128,49.5974,49.5827,49.5687,49.5554,49.5428,49.531,49.5199,49.5096,49.5001,49.4913,49.4833,49.4761,49.4697,49.4641,49.4593,49.4554,49.4523,49.45,49.4486,49.448,49.4483,49.4494,49.4515,49.4544,49.4581,49.4628,49.4684,49.4748,49.4822,49.4904,49.4996,49.5097,49.5207,49.5326,49.5455,49.5592,49.5739,49.5895,49.6061,49.6236,49.642,49.6613,49.6816,49.7028,49.7249,49.748,49.7719,49.7968,49.8227,49.8494,49.8771,49.9057,49.9352,49.9657,49.997,50.0293,50.0624,50.0965,50.1314,50.1672,50.2039,50.2415,50.28,50.3194,50.3596,50.4006,50.4426,50.4853,50.5289,50.5734,50.6186,50.6647,50.7116,50.7593,50.8079,50.8572,50.9072,50.9581,51.0097,51.0621,51.1153,51.1692,51.2238,51.2791,51.3352,51.392,51.4495,51.5077,51.5666,51.6262,51.6864,51.7473,51.8088,51.871,51.9339,51.9973,52.0614,52.1261,52.1914,52.2573,52.3238,52.3909,52.4585,52.5267,52.5955,52.6648,52.7346,52.805,52.8759,52.9474,53.0193,53.0917,53.1647,53.2381,53.312,53.3864,53.4612,53.5365,53.6123,53.6885,53.7652,53.8423,53.9198,53.9978,54.0761,54.1549,54.2341,54.3137,54.3937,54.4741,54.5549,54.636,54.7175,54.7995,54.8817,54.9644,55.0474,55.1307,55.2145,55.2985,55.3829,55.4677,55.5528,55.6383,55.724,55.8101,55.8966,55.9834,56.0704,56.1579,56.2456,56.3337,56.422,56.5107,56.5998,56.6891,56.7787,56.8687,56.959,57.0495,57.1404,57.2316,57.3231,57.4149,57.5071,57.5995,57.6922,57.7853,57.8786,57.9723,58.0663,58.1606,58.2552,58.3501,58.4454,58.5409,58.6368,58.733,58.8295,58.9263,59.0234,59.1209,59.2186,59.3167,59.4152,59.5139,59.613,59.7124,59.8122,59.9123,59.9873,59.887,59.787,59.6873,59.588,59.489,59.3903,59.2919,59.1939,59.0962,58.9988,58.9018,58.805,58.7086,58.6125,58.5167,58.4213,58.3261,58.2313,58.1368,58.0425,57.9486,57.855,57.7617,57.6688,57.5761,57.4837,57.3917,57.3,57.2085,57.1174,57.0266,56.9361,56.8459,56.756,56.6665,56.5772,56.4883,56.3997,56.3114,56.2234,56.1357,56.0484,55.9614,55.8747,55.7883,55.7023,55.6166,55.5312,55.4462,55.3615,55.2772,55.1932,55.1096,55.0263,54.9434,54.8608,54.7786,54.6968,54.6154,54.5343,54.4536,54.3733,54.2934,54.2139,54.1348,54.0561,53.9778,53.9,53.8226,53.7456,53.669,53.5929,53.5172,53.442,53.3673,53.293,53.2192,53.1459,53.073,53.0007,52.9289,52.8576,52.7868,52.7165,52.6468,52.5776,52.509,52.4409,52.3734,52.3064,52.2401,52.1743,52.1091,52.0445,51.9806,51.9173,51.8546,51.7925,51.7311,51.6704,51.6103,51.5509,51.4921,51.4341,51.3768,51.3201,51.2642,51.209,51.1545,51.1008,51.0478,50.9956,50.9442,50.8935,50.8436,50.7945,50.7461,50.6986,50.6519,50.606,50.5609,50.5167,50.4733,50.4307,50.389,50.3481,50.3081,50.269,50.2307,50.1933,50.1568,50.1212,50.0865,50.0527,50.0197,49.9877,49.9566,49.9264,49.8971,49.8688,49.8413,49.8148,49.7892,49.7646,49.7408,49.718,49.6962,49.6752,49.6552,49.6362,49.618,49.6008,49.5845,49.5692,49.5548,49.5413,49.5287,49.5171,49.5063,49.4965,49.4876,49.4797,49.4726,49.4664,49.4611,49.4568,49.4533,49.4507,49.4489,49.4481,49.4481,49.449,49.4507,49.4533,49.4567,49.4609,49.466,49.4719,49.4786,49.4861,49.4944,49.5035,49.5133,49.5239,49.5353,49.5474,49.5603,49.5739,49.5882,49.6032,49.619,49.6354,49.6525,49.6702,49.6886,49.7077,49.7274,49.7477,49.7687,49.7902,49.8123,49.8351,49.8584,49.8822,49.9066,49.9315,49.957,49.9829,50.0094,50.0364,50.0638,50.0917,50.1201,50.1489,50.1781,50.2078,50.2379,50.2684,50.2992,50.3305,50.3621,50.3941,50.4264,50.459,50.492,50.5253,50.5589,50.5928,50.6269,50.6614,50.6961,50.731,50.7662,50.8017,50.8373,50.8732,50.9092,50.9455,50.9819,51.0186,51.0554,51.0923,51.1294,51.1666,51.204,51.2415,51.2791,51.3168,51.3546,51.3925,51.4305,51.4686,51.5067,51.5449,51.5832,51.6215,51.6598,51.6982,51.7366,51.775,51.8134,51.8519,51.8903,51.9288,51.9672,52.0056,52.044,52.0824,52.1208,52.1591,52.1973,52.2356,52.2509\right]
v_{turn}=\left[7.87402e+06,7.87402e+06,7.87402e+06,7.87402e+06,7.87402e+06,7.87402e+06,7.87402e+06,7.87402e+06,7.87402e+06,7.87402e+06,7.87402e+06,7.87402e+06,7.87402e+06,7.87402e+06,7.87402e+06,7.87402e+06,7.87402e+06,7.87402e+06,7.87402e+06,7.87402e+06,7.87402e+06,7.87402e+06,7.87402e+06,7.87402e+06,7.87402e+06,7.87402e+06,7.87402e+06,7.87402e+06,7.87402e+06,7.87402e+06,7.87402e+06,7.87402e+06,7.87402e+06,7.87402e+06,7.87402e+06,7.87402e+06,7.87402e+06,7.87402e+06,7.87402e+06,7.87402e+06,7.87402e+06,7.87402e+06,7.87402e+06,7.87402e+06,7.87402e+06,7.87402e+06,7.87402e+06,7.87402e+06,7.87402e+06,7.87402e+06,7.87402e+06,7.87402e+06,7.87402e+06,7.87402e+06,7.87402e+06,7.87402e+06,7.87402e+06,7.87402e+06,7.87402e+06,7.87402e+06,7.87402e+06,7.87402e+06,7.87402e+06,7.87402e+06,7.87402e+06,7.87402e+06,7.87402e+06,7.87402e+06,7.87402e+06,7.87402e+06,7.87402e+06,7.87402e+06,7.87402e+06,7.87402e+06,7.87402e+06,7.87402e+06,7.87402e+06,7.87402e+06,7.87402e+06,7.87402e+06,7.87402e+06,7.87402e+06,7.87402e+06,7.87402e+06,7.87402e+06,7.87402e+06,7.87402e+06,7.87402e+06,7.87402e+06,7.87402e+06,7.87402e+06,7.87402e+06,7.87402e+06,7.87402e+06,7.87402e+06,7.87402e+06,7.87402e+06,7.87402e+06,7.87402e+06,7.87402e+06,7.87402e+06,7.87402e+06,7.87402e+06,7.87402e+06,7.87402e+06,7.87402e+06,7.87402e+06,7.87402e+06,7.87402e+06,7.87402e+06,7.87402e+06,7.87402e+06,7.87402e+06,7.87402e+06,7.87402e+06,7.87402e+06,7.87402e+06,7.87402e+06,7.87402e+06,7.87402e+06,7.87402e+06,7.87402e+06,7.87402e+06,7.87402e+06,7.87402e+06,7.87402e+06,7.87402e+06,7.87402e+06,7.87402e+06,7.87402e+06,7.87402e+06,7.87402e+06,7.87402e+06,7.87402e+06,7.87402e+06,7.87402e+06,7.87402e+06,7.87402e+06,7.87402e+06,7.87402e+06,7.87402e+06,7.87402e+06,7.87402e+06,7.87402e+06,7.87402e+06,7.87402e+06,7.87402e+06,7.87402e+06,7.87402e+06,7.87402e+06,7.87402e+06,7.87402e+06,7.87402e+06,7.87402e+06,7.87402e+06,7.87402e+06,7.87402e+06,7.87402e+06,7.87402e+06,7.87402e+06,7.87402e+06,7.87402e+06,7.87402e+06,7.87402e+06,7.87402e+06,7.87402e+06,7.87402e+06,7.87402e+06,7.87402e+06,7.87402e+06,7.87402e+06,7.87402e+06,7.87402e+06,7.87402e+06,7.87402e+06,7.87402e+06,7.87402e+06,7.87402e+06,7.87402e+06,7.87402e+06,7.87402e+06,7.87402e+06,7.87402e+06,7.87402e+06,7.87402e+06,7.87402e+06,7.87402e+06,7.87402e+06,7.87402e+06,7.87402e+06,7.87402e+06,7.87402e+06,7.87402e+06,7.87402e+06,7.87402e+06,7.87402e+06,7.87402e+06,7.87402e+06,7.87402e+06,7.87402e+06,7.87402e+06,7.87402e+06,7.87402e+06,7.87402e+06,7.87402e+06,7.87402e+06,7.87402e+06,7.87402e+06,7.87402e+06,7.87402e+06,7.87402e+06,7.87402e+06,7.87402e+06,7.87402e+06,7.87402e+06,7.87402e+06,7.87402e+06,7.87402e+06,7.87402e+06,7.87402e+06,7.87402e+06,7.87402e+06,7.87402e+06,7.87402e+06,7.87402e+06,7.87402e+06,7.87402e+06,7.87402e+06,7.87402e+06,7.87402e+06,7.87402e+06,7.87402e+06,7.87402e+06,7.87402e+06,7.87402e+06,7.87402e+06,70.7997,70.4019,70.0076,69.6166,69.229,68.8449,68.4641,68.0868,67.7129,67.3424,66.9754,66.6118,66.2517,65.895,65.5418,65.1921,64.8459,64.5031,64.1639,63.8281,63.4959,63.1671,62.8419,62.5203,62.2021,61.8876,61.5766,61.2691,60.9653,60.665,60.3683,60.0752,59.7858,59.4999,59.2177,58.9391,58.6642,58.3929,58.1252,57.8613,57.601,57.3445,57.0916,56.8424,56.597,56.3553,56.1173,55.8832,55.6527,55.4261,55.2032,54.9842,54.7689,54.5575,54.3499,54.1462,53.9463,53.7503,53.5582,53.37,53.1857,53.0053,52.8288,52.6564,52.4879,52.3234,52.1628,52.0063,51.8538,51.7054,51.561,51.4207,51.2845,51.1525,51.0245,50.9007,50.7811,50.6656,50.5544,50.4473,50.3446,50.246,50.1518,50.0619,49.9763,49.8951,49.8182,49.7458,49.6777,49.6141,49.555,49.5004,49.4502,49.4047,49.3637,49.3273,49.2956,49.2686,49.2462,49.2285,49.2157,49.2076,49.2043,49.2059,49.2124,49.2239,49.2403,49.2617,49.2882,49.3198,49.3565,49.3983,49.4454,49.4978,49.5555,49.6186,49.687,49.761,49.8404,49.9254,50.0161,50.1124,50.2145,50.3224,50.4361,50.5558,50.6815,50.8132,50.9511,51.0952,51.2456,51.4023,51.5655,51.7353,51.9116,52.0946,52.2845,52.4812,52.6848,52.8956,53.1136,53.3388,53.5714,53.8116,54.0594,54.3149,54.5784,54.8498,55.1294,55.4173,55.7135,56.0184,56.332,56.6545,56.9861,57.3268,57.677,58.0368,58.4064,58.7859,59.1757,59.5758,59.9866,60.4082,60.8409,61.285,61.7406,62.2082,62.6879,63.18,63.6849,64.2029,64.7343,65.2793,65.8385,66.4121,67.0006,67.6043,68.2237,68.8592,69.5113,70.1805,70.8672,71.5719,72.2953,73.0379,73.8003,74.5831,75.3871,76.2128,77.0611,77.9326,78.8282,79.7488,80.6951,81.6682,82.669,83.6985,84.758,85.8484,86.9711,88.1272,89.3182,90.5456,91.8107,93.1152,94.4609,95.8495,97.2829,98.7632,100.293,101.873,103.508,105.199,106.95,108.763,110.641,112.589,114.609,116.705,118.883,121.147,123.501,125.951,128.503,131.163,133.938,136.835,139.863,143.031,146.347,149.824,153.471,157.303,161.334,165.578,170.054,174.781,179.78,185.075,190.693,196.665,203.025,209.811,217.068,224.848,233.207,242.213,251.944,262.491,273.96,286.479,300.199,315.301,332.003,350.574,371.348,394.739,421.276,451.639,486.72,527.709,576.239,634.598,706.112,795.791,911.563,1066.76,1285.64,1617.52,2180.4,3344.08,7171.49,49617.2,5563.21,2946.83,2004.24,1518.51,1222.29,1022.78,879.254,771.056,686.57,618.77,563.157,516.718,477.354,443.564,414.242,388.557,365.871,345.69,327.619,311.345,296.611,283.21,270.969,259.743,249.412,239.872,231.037,222.83,215.188,208.053,201.379,195.12,189.241,183.707,178.489,173.561,168.9,164.484,160.295,156.316,152.532,148.928,145.493,142.215,139.084,136.09,133.224,130.478,127.846,125.321,122.895,120.565,118.323,116.166,114.089,112.088,110.158,108.296,106.499,104.764,103.087,101.466,99.8988,98.3819,96.9135,95.4915,94.1138,92.7786,91.4841,90.2286,89.0104,87.8283,86.6806,85.566,84.4834,83.4315,82.4092,81.4154,80.449,79.5092,78.5949,77.7054,76.8397,75.9971,75.1768,74.3781,73.6004,72.8429,72.1051,71.3863,70.6861,70.0038,69.3389,68.691,68.0594,67.444,66.844,66.2593,65.6893,65.1336,64.5919,64.0639,63.5492,63.0474,62.5584,62.0817,61.6171,61.1643,60.723,60.2931,59.8741,59.466,59.0685,58.6813,58.3042,57.937,57.5797,57.2318,56.8933,56.564,56.2438,55.9323,55.6297,55.3355,55.0497,54.7722,54.5028,54.2413,53.9878,53.742,53.5037,53.273,53.0496,52.8335,52.6246,52.4228,52.2279,52.0399,51.8586,51.684,51.5161,51.3546,51.1996,51.0509,50.9086,50.7724,50.6423,50.5183,50.4003,50.2882,50.182,50.0816,49.9869,49.8979,49.8146,49.7368,49.6645,49.5976,49.5362,49.4802,49.4295,49.384,49.3438,49.3087,49.2788,49.254,49.2342,49.2194,49.2097,49.2048,49.2049,49.2098,49.2196,49.2342,49.2535,49.2776,49.3064,49.3398,49.3779,49.4206,49.4679,49.5198,49.5762,49.6371,49.7025,49.7723,49.8466,49.9253,50.0084,50.0958,50.1876,50.2837,50.3841,50.4887,50.5977,50.7108,50.8282,50.9498,51.0756,51.2055,51.3396,51.4778,51.6201,51.7665,51.9169,52.0715,52.2301,52.3927,52.5593,52.7299,52.9045,53.0831,53.2657,53.4521,53.6426,53.8369,54.0351,54.2372,54.4433,54.6531,54.8668,55.0844,55.3058,55.531,55.76,55.9928,56.2294,56.4698,56.7139,56.9618,57.2134,57.4687,57.7278,57.9906,58.2571,58.5272,58.8011,59.0786,59.3598,59.6447,59.9332,60.2253,60.521,60.8204,61.1234,61.43,61.7401,62.0539,62.3712,62.6921,63.0166,63.3446,63.6762,64.0113,64.3499,64.6921,65.0377,65.3869,65.7395,66.0957,66.4553,66.8184,67.185,67.555,67.9285,68.3055,68.6859,69.0697,69.4569,69.8476,70.2417,70.6392,70.8\right]
v_{friction}=\left[59.9999,59.9999,59.9999,59.9999,59.9999,59.9999,59.9999,59.9999,59.9999,59.9999,59.9999,59.9999,59.9999,59.9999,59.9999,59.9999,59.9999,59.9999,59.9999,59.9999,59.9999,59.9999,59.9999,59.9999,59.9999,59.9999,59.9999,59.9999,59.9999,59.9999,59.9999,59.9999,59.9999,59.9999,59.9999,59.9999,59.9999,59.9999,59.9999,59.9999,59.9999,59.9999,59.9999,59.9999,59.9999,59.9999,59.9999,59.9999,59.9999,59.9999,59.9999,59.9999,59.9999,59.9999,59.9999,59.9999,59.9999,59.9999,59.9999,59.9999,59.9999,59.9999,59.9999,59.9999,59.9999,59.9999,59.9999,59.9999,59.9999,59.9999,59.9999,59.9999,59.9999,59.9999,59.9999,59.9999,59.9999,59.9999,59.9999,59.9999,59.9999,59.9999,59.9999,59.9999,59.9999,59.9999,59.9999,59.9999,59.9999,59.9999,59.9999,59.9999,59.9999,59.9999,59.9999,59.9999,59.9999,59.9999,59.9999,59.9999,59.9999,59.9999,59.9999,59.9999,59.9999,59.9999,59.9999,59.9999,59.9999,59.9999,59.9999,59.9999,59.9999,59.9999,59.9999,59.9999,59.9999,59.9999,59.9999,59.9999,59.9999,59.9999,59.9999,59.9999,59.9999,59.9999,59.9999,59.9999,59.9999,59.9999,59.9999,59.9999,59.9999,59.9999,59.9999,59.9999,59.9999,59.9999,59.9999,59.9999,59.9999,59.9999,59.9999,59.9999,59.9999,59.9999,59.9999,59.9999,59.9999,59.9999,59.9999,59.9999,59.9999,59.9999,59.9999,59.9999,59.9999,59.9999,59.9999,59.9999,59.9999,59.9999,59.9999,59.9999,59.9999,59.9999,59.9999,59.9999,59.9999,59.9999,59.9999,59.9999,59.9999,59.9999,59.9999,59.9999,59.9999,59.9999,59.9999,59.9999,59.9999,59.9999,59.9999,59.9999,59.9999,59.9999,59.9999,59.9999,59.9999,59.9999,59.9999,59.9999,59.9999,59.9999,59.9999,59.9999,59.9999,59.9999,59.9999,59.9999,59.9999,59.9999,59.9999,59.9999,59.9999,59.9999,59.9999,59.9999,59.9999,59.9999,59.9999,59.9999,59.9999,59.9999,59.9999,59.9999,59.9999,59.9999,59.9999,59.9999,59.9999,59.9999,59.9999,59.9999,59.9999,59.9999,59.9999,59.9999,59.9999,59.9999,59.9999,59.9999,59.9999,59.9999,59.9999,59.9999,52.2509,52.2128,52.1746,52.1365,52.0982,52.06,52.0217,51.9834,51.9451,51.9067,51.8684,51.83,51.7917,51.7534,51.7151,51.6768,51.6386,51.6003,51.5622,51.5241,51.486,51.448,51.4101,51.3723,51.3345,51.2969,51.2593,51.2219,51.1845,51.1473,51.1103,51.0734,51.0366,51,50.9636,50.9273,50.8912,50.8554,50.8197,50.7843,50.749,50.7141,50.6793,50.6448,50.6106,50.5767,50.543,50.5096,50.4766,50.4438,50.4114,50.3794,50.3476,50.3163,50.2853,50.2546,50.2244,50.1946,50.1652,50.1362,50.1077,50.0796,50.0519,50.0248,49.9981,49.9719,49.9462,49.921,49.8964,49.8723,49.8487,49.8257,49.8033,49.7814,49.7602,49.7395,49.7195,49.7001,49.6813,49.6632,49.6457,49.629,49.6128,49.5974,49.5827,49.5687,49.5554,49.5428,49.531,49.5199,49.5096,49.5001,49.4502,49.4047,49.3637,49.3273,49.2956,49.2686,49.2462,49.2285,49.2157,49.2076,49.2043,49.2059,49.2124,49.2239,49.2403,49.2617,49.2882,49.3198,49.3565,49.3983,49.4454,49.4978,49.5097,49.5207,49.5326,49.5455,49.5592,49.5739,49.5895,49.6061,49.6236,49.642,49.6613,49.6816,49.7028,49.7249,49.748,49.7719,49.7968,49.8227,49.8494,49.8771,49.9057,49.9352,49.9657,49.997,50.0293,50.0624,50.0965,50.1314,50.1672,50.2039,50.2415,50.28,50.3194,50.3596,50.4006,50.4426,50.4853,50.5289,50.5734,50.6186,50.6647,50.7116,50.7593,50.8079,50.8572,50.9072,50.9581,51.0097,51.0621,51.1153,51.1692,51.2238,51.2791,51.3352,51.392,51.4495,51.5077,51.5666,51.6262,51.6864,51.7473,51.8088,51.871,51.9339,51.9973,52.0614,52.1261,52.1914,52.2573,52.3238,52.3909,52.4585,52.5267,52.5955,52.6648,52.7346,52.805,52.8759,52.9474,53.0193,53.0917,53.1647,53.2381,53.312,53.3864,53.4612,53.5365,53.6123,53.6885,53.7652,53.8423,53.9198,53.9978,54.0761,54.1549,54.2341,54.3137,54.3937,54.4741,54.5549,54.636,54.7175,54.7995,54.8817,54.9644,55.0474,55.1307,55.2145,55.2985,55.3829,55.4677,55.5528,55.6383,55.724,55.8101,55.8966,55.9834,56.0704,56.1579,56.2456,56.3337,56.422,56.5107,56.5998,56.6891,56.7787,56.8687,56.959,57.0495,57.1404,57.2316,57.3231,57.4149,57.5071,57.5995,57.6922,57.7853,57.8786,57.9723,58.0663,58.1606,58.2552,58.3501,58.4454,58.5409,58.6368,58.733,58.8295,58.9263,59.0234,59.1209,59.2186,59.3167,59.4152,59.5139,59.613,59.7124,59.8122,59.9123,59.9873,59.887,59.787,59.6873,59.588,59.489,59.3903,59.2919,59.1939,59.0962,58.9988,58.9018,58.805,58.7086,58.6125,58.5167,58.4213,58.3261,58.2313,58.1368,58.0425,57.9486,57.855,57.7617,57.6688,57.5761,57.4837,57.3917,57.3,57.2085,57.1174,57.0266,56.9361,56.8459,56.756,56.6665,56.5772,56.4883,56.3997,56.3114,56.2234,56.1357,56.0484,55.9614,55.8747,55.7883,55.7023,55.6166,55.5312,55.4462,55.3615,55.2772,55.1932,55.1096,55.0263,54.9434,54.8608,54.7786,54.6968,54.6154,54.5343,54.4536,54.3733,54.2934,54.2139,54.1348,54.0561,53.9778,53.9,53.8226,53.7456,53.669,53.5929,53.5172,53.442,53.3673,53.293,53.2192,53.1459,53.073,53.0007,52.9289,52.8576,52.7868,52.7165,52.6468,52.5776,52.509,52.4409,52.3734,52.3064,52.2401,52.1743,52.1091,52.0445,51.9806,51.9173,51.8546,51.7925,51.7311,51.6704,51.6103,51.5509,51.4921,51.4341,51.3768,51.3201,51.2642,51.209,51.1545,51.1008,51.0478,50.9956,50.9442,50.8935,50.8436,50.7945,50.7461,50.6986,50.6519,50.606,50.5609,50.5167,50.4733,50.4307,50.389,50.3481,50.3081,50.269,50.2307,50.1933,50.1568,50.1212,50.0865,50.0527,50.0197,49.9877,49.9566,49.9264,49.8971,49.8688,49.8413,49.8148,49.7892,49.7646,49.7408,49.718,49.6962,49.6752,49.6552,49.6362,49.618,49.6008,49.5845,49.5692,49.5548,49.5413,49.5287,49.5171,49.5063,49.4802,49.4295,49.384,49.3438,49.3087,49.2788,49.254,49.2342,49.2194,49.2097,49.2048,49.2049,49.2098,49.2196,49.2342,49.2535,49.2776,49.3064,49.3398,49.3779,49.4206,49.4679,49.5035,49.5133,49.5239,49.5353,49.5474,49.5603,49.5739,49.5882,49.6032,49.619,49.6354,49.6525,49.6702,49.6886,49.7077,49.7274,49.7477,49.7687,49.7902,49.8123,49.8351,49.8584,49.8822,49.9066,49.9315,49.957,49.9829,50.0094,50.0364,50.0638,50.0917,50.1201,50.1489,50.1781,50.2078,50.2379,50.2684,50.2992,50.3305,50.3621,50.3941,50.4264,50.459,50.492,50.5253,50.5589,50.5928,50.6269,50.6614,50.6961,50.731,50.7662,50.8017,50.8373,50.8732,50.9092,50.9455,50.9819,51.0186,51.0554,51.0923,51.1294,51.1666,51.204,51.2415,51.2791,51.3168,51.3546,51.3925,51.4305,51.4686,51.5067,51.5449,51.5832,51.6215,51.6598,51.6982,51.7366,51.775,51.8134,51.8519,51.8903,51.9288,51.9672,52.0056,52.044,52.0824,52.1208,52.1591,52.1973,52.2356,52.2509\right]
v_{forward}=\left[0,10.2574,13.9628,16.7068,18.9509,20.8751,22.5722,24.0973,25.4863,26.7644,27.9497,29.056,30.094,31.0721,31.9974,32.8754,33.711,34.5081,35.2701,36.0001,36.7006,37.3738,38.0218,38.6462,39.2488,39.8308,40.3936,40.9382,41.4659,41.9774,42.4736,42.9555,43.4236,43.8787,44.3214,44.7522,45.1717,45.5805,45.9789,46.3674,46.7464,47.1163,47.4774,47.8301,48.1748,48.5116,48.8409,49.1629,49.4779,49.7862,50.0879,50.3833,50.6726,50.956,51.2336,51.5057,51.7724,52.0338,52.2902,52.5416,52.7883,53.0303,53.2678,53.5008,53.7296,53.9543,54.1748,54.3914,54.6042,54.8132,55.0186,55.2204,55.4187,55.6136,55.8052,55.9935,56.1787,56.3608,56.5399,56.7161,56.8894,57.0598,57.2275,57.3925,57.5549,57.7147,57.872,58.0268,58.1792,58.3292,58.4769,58.6223,58.7655,58.9065,59.0454,59.1822,59.3169,59.4497,59.5804,59.7092,59.8361,59.9612,59.9999,59.9999,59.9999,59.9999,59.9999,59.9999,59.9999,59.9999,59.9999,59.9999,59.9999,59.9999,59.9999,59.9999,59.9999,59.9999,59.9999,59.9999,59.9999,59.9999,59.9999,59.9999,59.9999,59.9999,59.9999,59.9999,59.9999,59.9999,59.9999,59.9999,59.9999,59.9999,59.9999,59.9999,59.9999,59.9999,59.9999,59.9999,59.9999,59.9999,59.9999,59.9999,59.9999,59.9999,59.9999,59.9999,59.9999,59.9999,59.9999,59.9999,59.9999,59.9999,59.9999,59.9999,59.9999,59.9999,59.9999,59.9999,59.9999,59.9999,59.9999,59.9999,59.9999,59.9999,59.9999,59.9999,59.9999,59.9999,59.9999,59.9999,59.9999,59.9999,59.9999,59.9999,59.9999,59.9999,59.9999,59.9999,59.9999,59.9999,59.9999,59.9999,59.9999,59.9999,59.9999,59.9999,59.9999,59.9999,59.9999,59.9999,59.9999,59.9999,59.9999,59.9999,59.9999,59.9999,59.9999,59.9999,59.9999,59.9999,59.9999,59.9999,59.9999,59.9999,59.9999,59.9999,59.9999,59.9999,59.9999,59.9999,59.9999,59.9999,59.9999,59.9999,59.9999,59.9999,59.9999,59.9999,59.9999,59.9999,59.9999,59.9999,59.9999,59.9999,59.9999,59.9999,59.9999,59.9999,59.9999,59.9999,59.9999,59.9999,59.9999,59.9999,52.2509,52.2128,52.1746,52.1365,52.0982,52.06,52.0217,51.9834,51.9451,51.9067,51.8684,51.83,51.7917,51.7534,51.7151,51.6768,51.6386,51.6003,51.5622,51.5241,51.486,51.448,51.4101,51.3723,51.3345,51.2969,51.2593,51.2219,51.1845,51.1473,51.1103,51.0734,51.0366,51,50.9636,50.9273,50.8912,50.8554,50.8197,50.7843,50.749,50.7141,50.6793,50.6448,50.6106,50.5767,50.543,50.5096,50.4766,50.4438,50.4114,50.3794,50.3476,50.3163,50.2853,50.2546,50.2244,50.1946,50.1652,50.1362,50.1077,50.0796,50.0519,50.0248,49.9981,49.9719,49.9462,49.921,49.8964,49.8723,49.8487,49.8257,49.8033,49.7814,49.7602,49.7395,49.7195,49.7001,49.6813,49.6632,49.6457,49.629,49.6128,49.5974,49.5827,49.5687,49.5554,49.5428,49.531,49.5199,49.5096,49.5001,49.4502,49.4047,49.3637,49.3273,49.2956,49.2686,49.2462,49.2285,49.2157,49.2076,49.2043,49.2059,49.2124,49.2239,49.2403,49.2617,49.2882,49.3198,49.3565,49.3983,49.4454,49.4978,49.5097,49.5207,49.5326,49.5455,49.5592,49.5739,49.5895,49.6061,49.6236,49.642,49.6613,49.6816,49.7028,49.7249,49.748,49.7719,49.7968,49.8227,49.8494,49.8771,49.9057,49.9352,49.9657,49.997,50.0293,50.0624,50.0965,50.1314,50.1672,50.2039,50.2415,50.28,50.3194,50.3596,50.4006,50.4426,50.4853,50.5289,50.5734,50.6186,50.6647,50.7116,50.7593,50.8079,50.8572,50.9072,50.9581,51.0097,51.0621,51.1153,51.1692,51.2238,51.2791,51.3352,51.392,51.4495,51.5077,51.5666,51.6262,51.6864,51.7473,51.8088,51.871,51.9339,51.9973,52.0614,52.1261,52.1914,52.2573,52.3238,52.3909,52.4585,52.5267,52.5955,52.6648,52.7346,52.805,52.8759,52.9474,53.0193,53.0917,53.1647,53.2381,53.312,53.3864,53.4612,53.5365,53.6123,53.6885,53.7652,53.8423,53.9198,53.9978,54.0761,54.1549,54.2341,54.3137,54.3937,54.4741,54.5549,54.636,54.7175,54.7995,54.8817,54.9644,55.0474,55.1307,55.2145,55.2985,55.3829,55.4677,55.5528,55.6383,55.724,55.8101,55.8966,55.9834,56.0704,56.1579,56.2456,56.3337,56.422,56.5107,56.5998,56.6891,56.7787,56.8687,56.959,57.0495,57.1404,57.2316,57.3231,57.4149,57.5071,57.5995,57.6922,57.7853,57.8786,57.9723,58.0663,58.1606,58.2552,58.3501,58.4454,58.5409,58.6368,58.733,58.8295,58.9263,59.0234,59.1209,59.2186,59.3167,59.4152,59.5139,59.613,59.7124,59.8122,59.9123,59.9873,59.887,59.787,59.6873,59.588,59.489,59.3903,59.2919,59.1939,59.0962,58.9988,58.9018,58.805,58.7086,58.6125,58.5167,58.4213,58.3261,58.2313,58.1368,58.0425,57.9486,57.855,57.7617,57.6688,57.5761,57.4837,57.3917,57.3,57.2085,57.1174,57.0266,56.9361,56.8459,56.756,56.6665,56.5772,56.4883,56.3997,56.3114,56.2234,56.1357,56.0484,55.9614,55.8747,55.7883,55.7023,55.6166,55.5312,55.4462,55.3615,55.2772,55.1932,55.1096,55.0263,54.9434,54.8608,54.7786,54.6968,54.6154,54.5343,54.4536,54.3733,54.2934,54.2139,54.1348,54.0561,53.9778,53.9,53.8226,53.7456,53.669,53.5929,53.5172,53.442,53.3673,53.293,53.2192,53.1459,53.073,53.0007,52.9289,52.8576,52.7868,52.7165,52.6468,52.5776,52.509,52.4409,52.3734,52.3064,52.2401,52.1743,52.1091,52.0445,51.9806,51.9173,51.8546,51.7925,51.7311,51.6704,51.6103,51.5509,51.4921,51.4341,51.3768,51.3201,51.2642,51.209,51.1545,51.1008,51.0478,50.9956,50.9442,50.8935,50.8436,50.7945,50.7461,50.6986,50.6519,50.606,50.5609,50.5167,50.4733,50.4307,50.389,50.3481,50.3081,50.269,50.2307,50.1933,50.1568,50.1212,50.0865,50.0527,50.0197,49.9877,49.9566,49.9264,49.8971,49.8688,49.8413,49.8148,49.7892,49.7646,49.7408,49.718,49.6962,49.6752,49.6552,49.6362,49.618,49.6008,49.5845,49.5692,49.5548,49.5413,49.5287,49.5171,49.5063,49.4802,49.4295,49.384,49.3438,49.3087,49.2788,49.254,49.2342,49.2194,49.2097,49.2048,49.2049,49.2098,49.2196,49.2342,49.2535,49.2776,49.3064,49.3398,49.3779,49.4206,49.4679,49.5035,49.5133,49.5239,49.5353,49.5474,49.5603,49.5739,49.5882,49.6032,49.619,49.6354,49.6525,49.6702,49.6886,49.7077,49.7274,49.7477,49.7687,49.7902,49.8123,49.8351,49.8584,49.8822,49.9066,49.9315,49.957,49.9829,50.0094,50.0364,50.0638,50.0917,50.1201,50.1489,50.1781,50.2078,50.2379,50.2684,50.2992,50.3305,50.3621,50.3941,50.4264,50.459,50.492,50.5253,50.5589,50.5928,50.6269,50.6614,50.6961,50.731,50.7662,50.8017,50.8373,50.8732,50.9092,50.9455,50.9819,51.0186,51.0554,51.0923,51.1294,51.1666,51.204,51.2415,51.2791,51.3168,51.3546,51.3925,51.4305,51.4686,51.5067,51.5449,51.5832,51.6215,51.6598,51.6982,51.7366,51.775,51.8134,51.8519,51.8903,51.9288,51.9672,52.0056,52.044,52.0824,52.1208,52.1591,52.1973,52.2356,0\right]
v_{backward}=\left[0,10.2574,13.9628,16.7068,18.9509,20.8751,22.5722,24.0973,25.4863,26.7644,27.9497,29.056,30.094,31.0721,31.9974,32.8754,33.711,34.5081,35.2701,36.0001,36.7006,37.3738,38.0218,38.6462,39.2488,39.8308,40.3936,40.9382,41.4659,41.9774,42.4736,42.9555,43.4236,43.8787,44.3214,44.7522,45.1717,45.5805,45.9789,46.3674,46.7464,47.1163,47.4774,47.8301,48.1748,48.5116,48.8409,49.1629,49.4779,49.7862,50.0879,50.3833,50.6726,50.956,51.2336,51.5057,51.7724,52.0338,52.2902,52.5416,52.7883,53.0303,53.2678,53.5008,53.7296,53.9543,54.1748,54.3914,54.6042,54.8132,55.0186,55.2204,55.4187,55.6136,55.8052,55.9935,56.1787,56.3608,56.5399,56.7161,56.8894,57.0598,57.2275,57.3925,57.5549,57.7147,57.872,58.0268,58.1792,58.3292,58.4769,58.6223,58.7655,58.9065,59.0454,59.1822,59.3169,59.4497,59.5804,59.7092,59.8361,59.9612,59.9999,59.9999,59.9999,59.9999,59.9999,59.9999,59.9999,59.9999,59.9999,59.9999,59.9999,59.9999,59.9999,59.9999,59.9999,59.9999,59.9999,59.9999,59.9999,59.9999,59.9999,59.9999,59.9999,59.9999,59.9999,59.9999,59.9999,59.9999,59.9999,59.9999,59.9999,59.9999,59.9999,59.9999,59.9999,59.9999,59.9999,59.9999,59.9999,59.9999,59.9999,59.9999,59.9999,59.9999,59.9999,59.9999,59.9999,59.9999,59.9999,59.9999,59.9999,59.9999,59.9999,59.9999,59.9999,59.9999,59.9999,59.9999,59.9999,59.9999,59.9999,59.9999,59.9999,59.9999,59.9999,59.9999,59.9999,59.9999,59.9999,59.9999,59.9999,59.9999,59.9999,59.9999,59.9999,59.9999,59.9999,59.9999,59.9999,59.9999,59.9999,59.9999,59.9999,59.9999,59.9999,59.9999,59.9999,59.9999,59.9201,59.7944,59.6669,59.5374,59.4061,59.2727,59.1373,58.9998,58.8602,58.7185,58.5745,58.4284,58.2799,58.1291,57.9759,57.8203,57.6622,57.5016,57.3383,57.1724,57.0038,56.8324,56.6582,56.4815,56.3041,56.1262,55.9478,55.7688,55.5892,55.409,55.2282,55.0469,54.8649,54.6823,54.4991,54.3153,54.1309,53.9459,53.7602,53.5738,53.3869,53.1992,53.0109,52.8219,52.6323,52.4419,52.2509,52.2128,52.1746,52.1365,52.0982,52.06,52.0217,51.9834,51.9451,51.9067,51.8684,51.83,51.7917,51.7534,51.7151,51.6768,51.6386,51.6003,51.5622,51.5241,51.486,51.448,51.4101,51.3723,51.3345,51.2969,51.2593,51.2219,51.1845,51.1473,51.1103,51.0734,51.0366,51,50.9636,50.9273,50.8912,50.8554,50.8197,50.7843,50.749,50.7141,50.6793,50.6448,50.6106,50.5767,50.543,50.5096,50.4766,50.4438,50.4114,50.3794,50.3476,50.3163,50.2853,50.2546,50.2244,50.1946,50.1652,50.1362,50.1077,50.0796,50.0519,50.0248,49.9981,49.9719,49.9462,49.921,49.8964,49.8723,49.8487,49.8257,49.8033,49.7814,49.7602,49.7395,49.7195,49.7001,49.6813,49.6632,49.6457,49.629,49.6128,49.5974,49.5827,49.5687,49.5554,49.5428,49.531,49.5199,49.5096,49.5001,49.4502,49.4047,49.3637,49.3273,49.2956,49.2686,49.2462,49.2285,49.2157,49.2076,49.2043,49.2059,49.2124,49.2239,49.2403,49.2617,49.2882,49.3198,49.3565,49.3983,49.4454,49.4978,49.5097,49.5207,49.5326,49.5455,49.5592,49.5739,49.5895,49.6061,49.6236,49.642,49.6613,49.6816,49.7028,49.7249,49.748,49.7719,49.7968,49.8227,49.8494,49.8771,49.9057,49.9352,49.9657,49.997,50.0293,50.0624,50.0965,50.1314,50.1672,50.2039,50.2415,50.28,50.3194,50.3596,50.4006,50.4426,50.4853,50.5289,50.5734,50.6186,50.6647,50.7116,50.7593,50.8079,50.8572,50.9072,50.9581,51.0097,51.0621,51.1153,51.1692,51.2238,51.2791,51.3352,51.392,51.4495,51.5077,51.5666,51.6262,51.6864,51.7473,51.8088,51.871,51.9339,51.9973,52.0614,52.1261,52.1914,52.2573,52.3238,52.3909,52.4585,52.5267,52.5955,52.6648,52.7346,52.805,52.8759,52.9474,53.0193,53.0917,53.1647,53.2381,53.312,53.3864,53.4612,53.5365,53.6123,53.6885,53.7652,53.8423,53.9198,53.9978,54.0761,54.1549,54.2341,54.3137,54.3937,54.4741,54.5549,54.636,54.7175,54.7995,54.8817,54.9644,55.0474,55.1307,55.2145,55.2985,55.3829,55.4677,55.5528,55.6383,55.724,55.8101,55.8966,55.9834,56.0704,56.1579,56.2456,56.3337,56.422,56.5107,56.5998,56.6891,56.7787,56.8687,56.959,57.0495,57.1404,57.2316,57.3231,57.4149,57.3546,57.1889,57.0208,56.852,56.6823,56.5119,56.3406,56.1686,55.9958,55.8221,55.6476,55.4723,55.2961,55.1191,54.9412,54.7625,54.5828,54.4023,54.2209,54.0385,53.8553,53.6711,53.486,53.2999,53.1128,52.9248,52.7358,52.5459,52.3556,52.1649,51.9739,51.7824,51.5906,51.3984,51.2058,51.0127,50.8193,50.6254,50.4311,50.2364,50.0413,49.8457,49.6496,49.4531,49.2562,49.0587,48.8608,48.6624,48.4636,48.2642,48.0643,47.8639,47.663,47.4616,47.2596,47.0571,46.854,46.6504,46.4462,46.2415,46.0361,45.8302,45.6236,45.4165,45.2087,45.0003,44.7913,44.5816,44.3712,44.1602,43.9485,43.7376,43.5304,43.3267,43.1264,42.9293,42.7353,42.5443,42.3561,42.1707,41.9879,41.8077,41.6299,41.4545,41.2814,41.1106,40.9418,40.7752,40.6105,40.4478,40.2869,40.1279,39.9706,39.815,39.661,39.5087,39.3579,39.2086,39.0608,38.9143,38.7693,38.6256,38.4831,38.3419,38.202,38.0632,37.9256,37.7891,37.6536,37.5193,37.3859,37.2535,37.1221,36.9917,36.8621,36.7334,36.6056,36.4786,36.3525,36.2271,36.1025,35.9786,35.8554,35.7329,35.6111,35.49,35.3695,35.2496,35.1303,35.0115,34.8933,34.7757,34.6586,34.542,34.4258,34.3101,34.1949,34.0801,33.9657,33.8517,33.7381,33.6249,33.512,33.3994,33.2872,33.1752,33.0635,32.9522,32.841,32.7301,32.6195,32.509,32.3988,32.2887,32.1788,32.069,31.9594,31.8499,31.7406,31.6313,31.5221,31.4129,31.3039,31.1948,31.0858,30.9768,30.8678,30.7588,30.6497,30.5406,30.4314,30.3222,30.2129,30.1034,29.9939,29.8842,29.7744,29.6644,29.5542,29.4439,29.3333,29.2225,29.1115,29.0003,28.8887,28.7769,28.6648,28.5524,28.4396,28.3265,28.2131,28.0993,27.985,27.8704,27.7553,27.6398,27.5239,27.4074,27.2905,27.173,27.055,26.9365,26.8174,26.6976,26.5773,26.4564,26.3348,26.2125,26.0896,25.9659,25.8415,25.7163,25.5904,25.4637,25.3361,25.2077,25.0784,24.9482,24.8171,24.6851,24.5521,24.418,24.283,24.1468,24.0096,23.8713,23.7318,23.5911,23.4493,23.3061,23.1617,23.016,22.8689,22.7204,22.5705,22.4191,22.2662,22.1117,21.9557,21.7979,21.6385,21.4774,21.3144,21.1496,20.9828,20.8142,20.6434,20.4706,20.2957,20.1185,19.939,19.7571,19.5728,19.386,19.1965,19.0043,18.8094,18.6115,18.4106,18.2066,17.9993,17.7886,17.5745,17.3567,17.135,16.9094,16.6797,16.4456,16.207,15.9636,15.7153,15.4617,15.2025,14.9376,14.6665,14.3888,14.1043,13.8123,13.5125,13.2043,12.887,12.56,12.2224,11.8734,11.5119,11.1366,10.746,10.3385,9.91188,9.46356,8.99027,8.4878,7.9506,7.37105,6.73819,6.03524,5.234,4.27955,3.03036,0\right]
v_{final}=\left[0,10.2574,13.9628,16.7068,18.9509,20.8751,22.5722,24.0973,25.4863,26.7644,27.9497,29.056,30.094,31.0721,31.9974,32.8754,33.711,34.5081,35.2701,36.0001,36.7006,37.3738,38.0218,38.6462,39.2488,39.8308,40.3936,40.9382,41.4659,41.9774,42.4736,42.9555,43.4236,43.8787,44.3214,44.7522,45.1717,45.5805,45.9789,46.3674,46.7464,47.1163,47.4774,47.8301,48.1748,48.5116,48.8409,49.1629,49.4779,49.7862,50.0879,50.3833,50.6726,50.956,51.2336,51.5057,51.7724,52.0338,52.2902,52.5416,52.7883,53.0303,53.2678,53.5008,53.7296,53.9543,54.1748,54.3914,54.6042,54.8132,55.0186,55.2204,55.4187,55.6136,55.8052,55.9935,56.1787,56.3608,56.5399,56.7161,56.8894,57.0598,57.2275,57.3925,57.5549,57.7147,57.872,58.0268,58.1792,58.3292,58.4769,58.6223,58.7655,58.9065,59.0454,59.1822,59.3169,59.4497,59.5804,59.7092,59.8361,59.9612,59.9999,59.9999,59.9999,59.9999,59.9999,59.9999,59.9999,59.9999,59.9999,59.9999,59.9999,59.9999,59.9999,59.9999,59.9999,59.9999,59.9999,59.9999,59.9999,59.9999,59.9999,59.9999,59.9999,59.9999,59.9999,59.9999,59.9999,59.9999,59.9999,59.9999,59.9999,59.9999,59.9999,59.9999,59.9999,59.9999,59.9999,59.9999,59.9999,59.9999,59.9999,59.9999,59.9999,59.9999,59.9999,59.9999,59.9999,59.9999,59.9999,59.9999,59.9999,59.9999,59.9999,59.9999,59.9999,59.9999,59.9999,59.9999,59.9999,59.9999,59.9999,59.9999,59.9999,59.9999,59.9999,59.9999,59.9999,59.9999,59.9999,59.9999,59.9999,59.9999,59.9999,59.9999,59.9999,59.9999,59.9999,59.9999,59.9999,59.9999,59.9999,59.9999,59.9999,59.9999,59.9999,59.9999,59.9999,59.9999,59.9201,59.7944,59.6669,59.5374,59.4061,59.2727,59.1373,58.9998,58.8602,58.7185,58.5745,58.4284,58.2799,58.1291,57.9759,57.8203,57.6622,57.5016,57.3383,57.1724,57.0038,56.8324,56.6582,56.4815,56.3041,56.1262,55.9478,55.7688,55.5892,55.409,55.2282,55.0469,54.8649,54.6823,54.4991,54.3153,54.1309,53.9459,53.7602,53.5738,53.3869,53.1992,53.0109,52.8219,52.6323,52.4419,52.2509,52.2128,52.1746,52.1365,52.0982,52.06,52.0217,51.9834,51.9451,51.9067,51.8684,51.83,51.7917,51.7534,51.7151,51.6768,51.6386,51.6003,51.5622,51.5241,51.486,51.448,51.4101,51.3723,51.3345,51.2969,51.2593,51.2219,51.1845,51.1473,51.1103,51.0734,51.0366,51,50.9636,50.9273,50.8912,50.8554,50.8197,50.7843,50.749,50.7141,50.6793,50.6448,50.6106,50.5767,50.543,50.5096,50.4766,50.4438,50.4114,50.3794,50.3476,50.3163,50.2853,50.2546,50.2244,50.1946,50.1652,50.1362,50.1077,50.0796,50.0519,50.0248,49.9981,49.9719,49.9462,49.921,49.8964,49.8723,49.8487,49.8257,49.8033,49.7814,49.7602,49.7395,49.7195,49.7001,49.6813,49.6632,49.6457,49.629,49.6128,49.5974,49.5827,49.5687,49.5554,49.5428,49.531,49.5199,49.5096,49.5001,49.4502,49.4047,49.3637,49.3273,49.2956,49.2686,49.2462,49.2285,49.2157,49.2076,49.2043,49.2059,49.2124,49.2239,49.2403,49.2617,49.2882,49.3198,49.3565,49.3983,49.4454,49.4978,49.5097,49.5207,49.5326,49.5455,49.5592,49.5739,49.5895,49.6061,49.6236,49.642,49.6613,49.6816,49.7028,49.7249,49.748,49.7719,49.7968,49.8227,49.8494,49.8771,49.9057,49.9352,49.9657,49.997,50.0293,50.0624,50.0965,50.1314,50.1672,50.2039,50.2415,50.28,50.3194,50.3596,50.4006,50.4426,50.4853,50.5289,50.5734,50.6186,50.6647,50.7116,50.7593,50.8079,50.8572,50.9072,50.9581,51.0097,51.0621,51.1153,51.1692,51.2238,51.2791,51.3352,51.392,51.4495,51.5077,51.5666,51.6262,51.6864,51.7473,51.8088,51.871,51.9339,51.9973,52.0614,52.1261,52.1914,52.2573,52.3238,52.3909,52.4585,52.5267,52.5955,52.6648,52.7346,52.805,52.8759,52.9474,53.0193,53.0917,53.1647,53.2381,53.312,53.3864,53.4612,53.5365,53.6123,53.6885,53.7652,53.8423,53.9198,53.9978,54.0761,54.1549,54.2341,54.3137,54.3937,54.4741,54.5549,54.636,54.7175,54.7995,54.8817,54.9644,55.0474,55.1307,55.2145,55.2985,55.3829,55.4677,55.5528,55.6383,55.724,55.8101,55.8966,55.9834,56.0704,56.1579,56.2456,56.3337,56.422,56.5107,56.5998,56.6891,56.7787,56.8687,56.959,57.0495,57.1404,57.2316,57.3231,57.4149,57.3546,57.1889,57.0208,56.852,56.6823,56.5119,56.3406,56.1686,55.9958,55.8221,55.6476,55.4723,55.2961,55.1191,54.9412,54.7625,54.5828,54.4023,54.2209,54.0385,53.8553,53.6711,53.486,53.2999,53.1128,52.9248,52.7358,52.5459,52.3556,52.1649,51.9739,51.7824,51.5906,51.3984,51.2058,51.0127,50.8193,50.6254,50.4311,50.2364,50.0413,49.8457,49.6496,49.4531,49.2562,49.0587,48.8608,48.6624,48.4636,48.2642,48.0643,47.8639,47.663,47.4616,47.2596,47.0571,46.854,46.6504,46.4462,46.2415,46.0361,45.8302,45.6236,45.4165,45.2087,45.0003,44.7913,44.5816,44.3712,44.1602,43.9485,43.7376,43.5304,43.3267,43.1264,42.9293,42.7353,42.5443,42.3561,42.1707,41.9879,41.8077,41.6299,41.4545,41.2814,41.1106,40.9418,40.7752,40.6105,40.4478,40.2869,40.1279,39.9706,39.815,39.661,39.5087,39.3579,39.2086,39.0608,38.9143,38.7693,38.6256,38.4831,38.3419,38.202,38.0632,37.9256,37.7891,37.6536,37.5193,37.3859,37.2535,37.1221,36.9917,36.8621,36.7334,36.6056,36.4786,36.3525,36.2271,36.1025,35.9786,35.8554,35.7329,35.6111,35.49,35.3695,35.2496,35.1303,35.0115,34.8933,34.7757,34.6586,34.542,34.4258,34.3101,34.1949,34.0801,33.9657,33.8517,33.7381,33.6249,33.512,33.3994,33.2872,33.1752,33.0635,32.9522,32.841,32.7301,32.6195,32.509,32.3988,32.2887,32.1788,32.069,31.9594,31.8499,31.7406,31.6313,31.5221,31.4129,31.3039,31.1948,31.0858,30.9768,30.8678,30.7588,30.6497,30.5406,30.4314,30.3222,30.2129,30.1034,29.9939,29.8842,29.7744,29.6644,29.5542,29.4439,29.3333,29.2225,29.1115,29.0003,28.8887,28.7769,28.6648,28.5524,28.4396,28.3265,28.2131,28.0993,27.985,27.8704,27.7553,27.6398,27.5239,27.4074,27.2905,27.173,27.055,26.9365,26.8174,26.6976,26.5773,26.4564,26.3348,26.2125,26.0896,25.9659,25.8415,25.7163,25.5904,25.4637,25.3361,25.2077,25.0784,24.9482,24.8171,24.6851,24.5521,24.418,24.283,24.1468,24.0096,23.8713,23.7318,23.5911,23.4493,23.3061,23.1617,23.016,22.8689,22.7204,22.5705,22.4191,22.2662,22.1117,21.9557,21.7979,21.6385,21.4774,21.3144,21.1496,20.9828,20.8142,20.6434,20.4706,20.2957,20.1185,19.939,19.7571,19.5728,19.386,19.1965,19.0043,18.8094,18.6115,18.4106,18.2066,17.9993,17.7886,17.5745,17.3567,17.135,16.9094,16.6797,16.4456,16.207,15.9636,15.7153,15.4617,15.2025,14.9376,14.6665,14.3888,14.1043,13.8123,13.5125,13.2043,12.887,12.56,12.2224,11.8734,11.5119,11.1366,10.746,10.3385,9.91188,9.46356,8.99027,8.4878,7.9506,7.37105,6.73819,6.03524,5.234,4.27955,3.03036,0\right]
l_{times}=\left[0,0.0194982,0.0277558,0.0342769,0.0398858,0.0449077,0.0495109,0.0537964,0.05783,0.0616577,0.0653131,0.0688215,0.0722027,0.0754725,0.0786436,0.0817266,0.0847302,0.0876619,0.0905281,0.0933343,0.0960853,0.0987853,0.101438,0.104047,0.106614,0.109143,0.111636,0.114095,0.116522,0.118919,0.121288,0.123629,0.125944,0.128235,0.130502,0.132748,0.134972,0.137176,0.13936,0.141526,0.143674,0.145805,0.147919,0.150017,0.152101,0.154169,0.156224,0.158264,0.160292,0.162307,0.164309,0.1663,0.168279,0.170247,0.172204,0.174151,0.176087,0.178014,0.179931,0.181839,0.183738,0.185628,0.187509,0.189382,0.191247,0.193105,0.194954,0.196797,0.198631,0.200459,0.20228,0.204095,0.205902,0.207704,0.209499,0.211287,0.21307,0.214848,0.216619,0.218385,0.220145,0.221901,0.223651,0.225395,0.227135,0.22887,0.230601,0.232326,0.234047,0.235764,0.237476,0.239184,0.240888,0.242588,0.244283,0.245975,0.247663,0.249347,0.251027,0.252704,0.254377,0.256046,0.257713,0.25938,0.261047,0.262713,0.26438,0.266047,0.267713,0.26938,0.271047,0.272713,0.27438,0.276047,0.277713,0.27938,0.281047,0.282713,0.28438,0.286047,0.287713,0.28938,0.291047,0.292713,0.29438,0.296047,0.297713,0.29938,0.301047,0.302713,0.30438,0.306047,0.307713,0.30938,0.311047,0.312713,0.31438,0.316047,0.317713,0.31938,0.321047,0.322713,0.32438,0.326047,0.327713,0.32938,0.331047,0.332713,0.33438,0.336047,0.337713,0.33938,0.341047,0.342713,0.34438,0.346047,0.347713,0.34938,0.351047,0.352713,0.35438,0.356046,0.357713,0.35938,0.361046,0.362713,0.36438,0.366046,0.367713,0.36938,0.371046,0.372713,0.37438,0.376046,0.377713,0.37938,0.381046,0.382713,0.38438,0.386046,0.387713,0.38938,0.391046,0.392713,0.39438,0.396046,0.397713,0.39938,0.401046,0.402713,0.404381,0.406052,0.407726,0.409403,0.411085,0.41277,0.414459,0.416152,0.417849,0.41955,0.421255,0.422965,0.424678,0.426396,0.428119,0.429846,0.431578,0.433315,0.435056,0.436803,0.438554,0.440311,0.442074,0.443841,0.445615,0.447393,0.449178,0.450968,0.452764,0.454566,0.456374,0.458187,0.460007,0.461833,0.463665,0.465503,0.467347,0.469197,0.471054,0.472918,0.474787,0.476664,0.478547,0.480437,0.482333,0.484237,0.486147,0.488062,0.489977,0.491895,0.493814,0.495734,0.497655,0.499578,0.501503,0.503429,0.505356,0.507284,0.509215,0.511146,0.513079,0.515014,0.516949,0.518887,0.520825,0.522765,0.524707,0.52665,0.528594,0.53054,0.532488,0.534436,0.536386,0.538338,0.540291,0.542245,0.544201,0.546159,0.548117,0.550077,0.552039,0.554002,0.555966,0.557932,0.559899,0.561867,0.563837,0.565808,0.567781,0.569754,0.57173,0.573706,0.575684,0.577663,0.579644,0.581625,0.583609,0.585593,0.587578,0.589565,0.591553,0.593542,0.595533,0.597525,0.599517,0.601511,0.603507,0.605503,0.6075,0.609499,0.611498,0.613499,0.6155,0.617503,0.619507,0.621511,0.623517,0.625524,0.627531,0.629539,0.631548,0.633559,0.635569,0.637581,0.639593,0.641607,0.643621,0.645635,0.647651,0.649666,0.651683,0.6537,0.655718,0.657736,0.659755,0.661774,0.663794,0.665814,0.667835,0.669858,0.671883,0.673909,0.675937,0.677966,0.679996,0.682027,0.684059,0.686091,0.688123,0.690156,0.692188,0.69422,0.696251,0.698281,0.700311,0.702339,0.704366,0.706391,0.708414,0.710436,0.712456,0.714475,0.716495,0.718513,0.720531,0.722549,0.724566,0.726582,0.728597,0.730612,0.732626,0.734639,0.736652,0.738663,0.740674,0.742684,0.744692,0.7467,0.748706,0.750712,0.752716,0.754719,0.756721,0.758722,0.760722,0.76272,0.764717,0.766712,0.768706,0.770699,0.77269,0.77468,0.776668,0.778654,0.780639,0.782622,0.784604,0.786584,0.788562,0.790539,0.792513,0.794486,0.796457,0.798426,0.800393,0.802359,0.804322,0.806284,0.808243,0.8102,0.812156,0.814109,0.81606,0.818009,0.819956,0.821901,0.823843,0.825784,0.827722,0.829658,0.831591,0.833523,0.835452,0.837378,0.839303,0.841225,0.843144,0.845062,0.846976,0.848889,0.850799,0.852706,0.854611,0.856514,0.858414,0.860311,0.862206,0.864099,0.865989,0.867876,0.869761,0.871643,0.873523,0.8754,0.877275,0.879146,0.881016,0.882882,0.884746,0.886607,0.888466,0.890322,0.892175,0.894026,0.895874,0.897719,0.899561,0.901401,0.903238,0.905073,0.906904,0.908733,0.910559,0.912383,0.914204,0.916022,0.917837,0.919649,0.921459,0.923266,0.92507,0.926872,0.928671,0.930466,0.93226,0.93405,0.935838,0.937622,0.939405,0.941184,0.94296,0.944734,0.946505,0.948273,0.950039,0.951801,0.953561,0.955318,0.957072,0.958824,0.960573,0.962318,0.964062,0.965804,0.96755,0.969301,0.971058,0.972819,0.974586,0.976358,0.978136,0.979919,0.981708,0.983502,0.985302,0.987107,0.988919,0.990736,0.992559,0.994388,0.996223,0.998064,0.999912,1.00177,1.00363,1.00549,1.00736,1.00924,1.01113,1.01302,1.01492,1.01683,1.01874,1.02066,1.02259,1.02453,1.02647,1.02842,1.03037,1.03234,1.03431,1.03629,1.03827,1.04027,1.04227,1.04428,1.0463,1.04833,1.05036,1.0524,1.05445,1.05651,1.05858,1.06066,1.06274,1.06484,1.06694,1.06905,1.07117,1.0733,1.07544,1.07759,1.07974,1.08191,1.08409,1.08628,1.08847,1.09068,1.0929,1.09512,1.09736,1.09961,1.10187,1.10414,1.10642,1.10871,1.11101,1.11333,1.11565,1.11799,1.12033,1.12269,1.12505,1.12743,1.12982,1.13221,1.13462,1.13704,1.13947,1.1419,1.14435,1.14681,1.14928,1.15175,1.15424,1.15674,1.15924,1.16176,1.16429,1.16682,1.16937,1.17192,1.17449,1.17706,1.17965,1.18224,1.18484,1.18746,1.19008,1.19271,1.19535,1.198,1.20066,1.20333,1.20601,1.2087,1.2114,1.21411,1.21683,1.21955,1.22229,1.22504,1.22779,1.23056,1.23333,1.23612,1.23891,1.24171,1.24453,1.24735,1.25018,1.25302,1.25587,1.25874,1.26161,1.26449,1.26738,1.27028,1.27319,1.27611,1.27903,1.28197,1.28492,1.28788,1.29085,1.29383,1.29682,1.29982,1.30283,1.30585,1.30888,1.31192,1.31497,1.31803,1.3211,1.32418,1.32727,1.33037,1.33349,1.33661,1.33974,1.34289,1.34604,1.34921,1.35239,1.35558,1.35878,1.36199,1.36521,1.36845,1.37169,1.37495,1.37822,1.3815,1.38479,1.38809,1.39141,1.39474,1.39808,1.40143,1.40479,1.40817,1.41156,1.41496,1.41838,1.42181,1.42525,1.42871,1.43217,1.43566,1.43915,1.44266,1.44618,1.44972,1.45327,1.45684,1.46042,1.46401,1.46762,1.47125,1.47489,1.47855,1.48222,1.48591,1.48961,1.49333,1.49707,1.50082,1.5046,1.50838,1.51219,1.51601,1.51986,1.52372,1.5276,1.53149,1.53541,1.53935,1.54331,1.54728,1.55128,1.5553,1.55934,1.5634,1.56749,1.57159,1.57572,1.57987,1.58405,1.58825,1.59248,1.59673,1.60101,1.60531,1.60964,1.614,1.61839,1.62281,1.62725,1.63173,1.63623,1.64077,1.64534,1.64995,1.65459,1.65926,1.66397,1.66872,1.6735,1.67833,1.68319,1.6881,1.69305,1.69804,1.70308,1.70816,1.7133,1.71848,1.72371,1.729,1.73435,1.73975,1.74521,1.75074,1.75633,1.76198,1.76771,1.7735,1.77938,1.78533,1.79137,1.7975,1.80371,1.81003,1.81644,1.82296,1.8296,1.83636,1.84324,1.85026,1.85742,1.86474,1.87223,1.87989,1.88775,1.89582,1.90412,1.91268,1.92151,1.93065,1.94013,1.95001,1.96033,1.97117,1.98261,1.99478,2.00783,2.02201,2.03766,2.05541,2.07643,2.10379,2.16979,\right]
l_{points}=\left[\left(-23.6,0\right),\left(-23.5,0\right),\left(-23.4,0\right),\left(-23.3,0\right),\left(-23.2,0\right),\left(-23.1,0\right),\left(-23,0\right),\left(-22.9,0\right),\left(-22.8,0\right),\left(-22.7,0\right),\left(-22.6,0\right),\left(-22.5,0\right),\left(-22.4,0\right),\left(-22.3,0\right),\left(-22.2,0\right),\left(-22.1,0\right),\left(-22,0\right),\left(-21.9,0\right),\left(-21.8,0\right),\left(-21.7,0\right),\left(-21.6,0\right),\left(-21.5,0\right),\left(-21.4,0\right),\left(-21.3,0\right),\left(-21.2,0\right),\left(-21.1,0\right),\left(-21,0\right),\left(-20.9,0\right),\left(-20.8,0\right),\left(-20.7,0\right),\left(-20.6,0\right),\left(-20.5,0\right),\left(-20.4,0\right),\left(-20.3,0\right),\left(-20.2,0\right),\left(-20.1,0\right),\left(-20,0\right),\left(-19.9,0\right),\left(-19.8,0\right),\left(-19.7,0\right),\left(-19.6,0\right),\left(-19.5,0\right),\left(-19.4,0\right),\left(-19.3,0\right),\left(-19.2,0\right),\left(-19.1,0\right),\left(-19,0\right),\left(-18.9,0\right),\left(-18.8,0\right),\left(-18.7,0\right),\left(-18.6,0\right),\left(-18.5,0\right),\left(-18.4,0\right),\left(-18.3,0\right),\left(-18.2,0\right),\left(-18.1,0\right),\left(-18,0\right),\left(-17.9,0\right),\left(-17.8,0\right),\left(-17.7,0\right),\left(-17.6,0\right),\left(-17.5,0\right),\left(-17.4,0\right),\left(-17.3,0\right),\left(-17.2,0\right),\left(-17.1,0\right),\left(-17,0\right),\left(-16.9,0\right),\left(-16.8,0\right),\left(-16.7,0\right),\left(-16.6,0\right),\left(-16.5,0\right),\left(-16.4,0\right),\left(-16.3,0\right),\left(-16.2,0\right),\left(-16.1,0\right),\left(-16,0\right),\left(-15.9,0\right),\left(-15.8,0\right),\left(-15.7,0\right),\left(-15.6,0\right),\left(-15.5,0\right),\left(-15.4,0\right),\left(-15.3,0\right),\left(-15.2,0\right),\left(-15.1,0\right),\left(-15,0\right),\left(-14.9,0\right),\left(-14.8,0\right),\left(-14.7,0\right),\left(-14.6,0\right),\left(-14.5,0\right),\left(-14.4,0\right),\left(-14.3,0\right),\left(-14.2,0\right),\left(-14.1,0\right),\left(-14,0\right),\left(-13.9,0\right),\left(-13.8,0\right),\left(-13.7,0\right),\left(-13.6,0\right),\left(-13.5,0\right),\left(-13.4,0\right),\left(-13.3,0\right),\left(-13.2,0\right),\left(-13.1,0\right),\left(-13,0\right),\left(-12.9,0\right),\left(-12.8,0\right),\left(-12.7,0\right),\left(-12.6,0\right),\left(-12.5,0\right),\left(-12.4,0\right),\left(-12.3,0\right),\left(-12.2,0\right),\left(-12.1,0\right),\left(-12,0\right),\left(-11.9,0\right),\left(-11.8,0\right),\left(-11.7,0\right),\left(-11.6,0\right),\left(-11.5,0\right),\left(-11.4,0\right),\left(-11.3,0\right),\left(-11.2,0\right),\left(-11.1,0\right),\left(-11,0\right),\left(-10.9,0\right),\left(-10.8,0\right),\left(-10.7,0\right),\left(-10.6,0\right),\left(-10.5,0\right),\left(-10.4,0\right),\left(-10.3,0\right),\left(-10.2,0\right),\left(-10.1,0\right),\left(-9.99999,0\right),\left(-9.89999,0\right),\left(-9.79999,0\right),\left(-9.69999,0\right),\left(-9.59999,0\right),\left(-9.49999,0\right),\left(-9.39998,0\right),\left(-9.29998,0\right),\left(-9.19999,0\right),\left(-9.09998,0\right),\left(-8.99998,0\right),\left(-8.89999,0\right),\left(-8.79998,0\right),\left(-8.69998,0\right),\left(-8.59998,0\right),\left(-8.49998,0\right),\left(-8.39998,0\right),\left(-8.29998,0\right),\left(-8.19998,0\right),\left(-8.09998,0\right),\left(-7.99998,0\right),\left(-7.89998,0\right),\left(-7.79998,0\right),\left(-7.69998,0\right),\left(-7.59998,0\right),\left(-7.49998,0\right),\left(-7.39998,0\right),\left(-7.29998,0\right),\left(-7.19998,0\right),\left(-7.09998,0\right),\left(-6.99998,0\right),\left(-6.89998,0\right),\left(-6.79998,0\right),\left(-6.69998,0\right),\left(-6.59998,0\right),\left(-6.49998,0\right),\left(-6.39998,0\right),\left(-6.29998,0\right),\left(-6.19998,0\right),\left(-6.09998,0\right),\left(-5.99998,0\right),\left(-5.89998,0\right),\left(-5.79998,0\right),\left(-5.69998,0\right),\left(-5.59998,0\right),\left(-5.49998,0\right),\left(-5.39998,0\right),\left(-5.29998,0\right),\left(-5.19998,0\right),\left(-5.09998,0\right),\left(-4.99998,0\right),\left(-4.89998,0\right),\left(-4.79998,0\right),\left(-4.69998,0\right),\left(-4.59998,0\right),\left(-4.49998,0\right),\left(-4.39998,0\right),\left(-4.29998,0\right),\left(-4.19998,0\right),\left(-4.09998,0\right),\left(-3.99998,0\right),\left(-3.89998,0\right),\left(-3.79998,0\right),\left(-3.69998,0\right),\left(-3.59998,0\right),\left(-3.49998,0\right),\left(-3.39998,0\right),\left(-3.29998,0\right),\left(-3.19998,0\right),\left(-3.09998,0\right),\left(-2.99998,0\right),\left(-2.89997,0\right),\left(-2.79998,0\right),\left(-2.69998,0\right),\left(-2.59998,0\right),\left(-2.49998,0\right),\left(-2.39998,0\right),\left(-2.29997,0\right),\left(-2.19997,0\right),\left(-2.09997,0\right),\left(-1.99998,0\right),\left(-1.89998,0\right),\left(-1.79997,0\right),\left(-1.69997,0\right),\left(-1.59997,0\right),\left(-1.49997,0\right),\left(-1.39997,0\right),\left(-1.29997,0\right),\left(-1.19997,0\right),\left(-1.09997,0\right),\left(-0.999974,0\right),\left(-0.899974,0\right),\left(-0.799974,0\right),\left(-0.699972,0\right),\left(-0.599972,0\right),\left(-0.499973,0\right),\left(-0.399973,0\right),\left(-0.299973,0\right),\left(-0.199971,0\right),\left(-0.0999715,0\right),\left(8.44001e-05,1.00613e-10\right),\left(0.0999404,0.000141341\right),\left(0.1998,0.000565972\right),\left(0.299653,0.00127545\right),\left(0.399507,0.0022714\right),\left(0.49936,0.00355545\right),\left(0.59921,0.0051292\right),\left(0.699055,0.00699424\right),\left(0.798895,0.00915215\right),\left(0.898727,0.0116045\right),\left(0.99855,0.0143529\right),\left(1.09836,0.0173989\right),\left(1.19816,0.0207441\right),\left(1.29796,0.0243903\right),\left(1.39774,0.0283388\right),\left(1.49751,0.0325914\right),\left(1.59726,0.0371495\right),\left(1.697,0.0420149\right),\left(1.79673,0.0471892\right),\left(1.89644,0.0526739\right),\left(1.99613,0.0584707\right),\left(2.09581,0.0645812\right),\left(2.19547,0.0710067\right),\left(2.2951,0.0777489\right),\left(2.39472,0.0848093\right),\left(2.4943,0.0921895\right),\left(2.59387,0.0998909\right),\left(2.6934,0.107915\right),\left(2.79292,0.116264\right),\left(2.8924,0.124939\right),\left(2.99185,0.133941\right),\left(3.09128,0.143272\right),\left(3.19067,0.152934\right),\left(3.29004,0.162928\right),\left(3.38936,0.173255\right),\left(3.48865,0.183917\right),\left(3.58791,0.194916\right),\left(3.68713,0.206253\right),\left(3.78631,0.217929\right),\left(3.88545,0.229946\right),\left(3.98455,0.242305\right),\left(4.0836,0.255007\right),\left(4.18261,0.268055\right),\left(4.28158,0.281449\right),\left(4.38049,0.295191\right),\left(4.47936,0.309282\right),\left(4.57818,0.323723\right),\left(4.67695,0.338515\right),\left(4.77566,0.353661\right),\left(4.87432,0.369161\right),\left(4.97292,0.385016\right),\left(5.07147,0.401228\right),\left(5.16995,0.417798\right),\left(5.26838,0.434728\right),\left(5.36674,0.452018\right),\left(5.46504,0.469669\right),\left(5.56327,0.487682\right),\left(5.66144,0.50606\right),\left(5.75954,0.524802\right),\left(5.85757,0.543911\right),\left(5.95553,0.563386\right),\left(6.05342,0.583229\right),\left(6.15123,0.603442\right),\left(6.24896,0.624023\right),\left(6.34662,0.644975\right),\left(6.44419,0.666298\right),\left(6.54168,0.687995\right),\left(6.63909,0.710064\right),\left(6.73642,0.732508\right),\left(6.83366,0.755327\right),\left(6.93081,0.778522\right),\left(7.02787,0.802093\right),\left(7.12484,0.826041\right),\left(7.22172,0.850366\right),\left(7.3185,0.87507\right),\left(7.41518,0.900153\right),\left(7.51177,0.925616\right),\left(7.60826,0.951458\right),\left(7.70464,0.977681\right),\left(7.80092,1.00429\right),\left(7.8971,1.03127\right),\left(7.99316,1.05864\right),\left(8.08912,1.08638\right),\left(8.18497,1.11451\right),\left(8.2807,1.14303\right),\left(8.37632,1.17192\right),\left(8.47183,1.2012\right),\left(8.56721,1.23086\right),\left(8.66249,1.26091\right),\left(8.75764,1.29134\right),\left(8.85266,1.32215\right),\left(8.94756,1.35334\right),\left(9.04234,1.38492\right),\left(9.13699,1.41688\right),\left(9.23151,1.44922\right),\left(9.3259,1.48195\right),\left(9.42016,1.51506\right),\left(9.51428,1.54855\right),\left(9.60827,1.58242\right),\left(9.70212,1.61667\right),\left(9.79583,1.65131\right),\left(9.8894,1.68632\right),\left(9.98282,1.72172\right),\left(10.0761,1.75749\right),\left(10.1692,1.79364\right),\left(10.2622,1.83018\right),\left(10.3551,1.86708\right),\left(10.4478,1.90437\right),\left(10.5403,1.94203\right),\left(10.6327,1.98007\right),\left(10.725,2.01848\right),\left(10.817,2.05727\right),\left(10.909,2.09643\right),\left(11.0007,2.13596\right),\left(11.0923,2.17586\right),\left(11.1838,2.21613\right),\left(11.2751,2.25677\right),\left(11.3662,2.29777\right),\left(11.4572,2.33915\right),\left(11.548,2.38088\right),\left(11.6386,2.42298\right),\left(11.729,2.46544\right),\left(11.8193,2.50827\right),\left(11.9094,2.55145\right),\left(11.9994,2.59499\right),\left(12.0892,2.63889\right),\left(12.1788,2.68314\right),\left(12.2682,2.72774\right),\left(12.3574,2.7727\right),\left(12.4465,2.81801\right),\left(12.5354,2.86366\right),\left(12.6241,2.90966\right),\left(12.7127,2.95601\right),\left(12.801,3.0027\right),\left(12.8892,3.04974\right),\left(12.9772,3.09711\right),\left(13.065,3.14482\right),\left(13.1527,3.19287\right),\left(13.2401,3.24125\right),\left(13.3274,3.28996\right),\left(13.4145,3.339\right),\left(13.5014,3.38837\right),\left(13.5881,3.43807\right),\left(13.6746,3.48808\right),\left(13.761,3.53842\right),\left(13.8472,3.58908\right),\left(13.9331,3.64006\right),\left(14.0189,3.69136\right),\left(14.1045,3.74296\right),\left(14.1899,3.79488\right),\left(14.2752,3.8471\right),\left(14.3602,3.89963\right),\left(14.4451,3.95247\right),\left(14.5297,4.0056\right),\left(14.6142,4.05904\right),\left(14.6985,4.11277\right),\left(14.7826,4.16679\right),\left(14.8665,4.2211\right),\left(14.9503,4.27571\right),\left(15.0338,4.3306\right),\left(15.1172,4.38578\right),\left(15.2003,4.44124\right),\left(15.2833,4.49697\right),\left(15.3661,4.55299\right),\left(15.4487,4.60928\right),\left(15.5312,4.66584\right),\left(15.6134,4.72266\right),\left(15.6955,4.77976\right),\left(15.7773,4.83712\right),\left(15.859,4.89474\right),\left(15.9406,4.95262\right),\left(16.0219,5.01076\right),\left(16.103,5.06915\right),\left(16.184,5.12779\right),\left(16.2648,5.18668\right),\left(16.3454,5.24581\right),\left(16.4259,5.30519\right),\left(16.5061,5.3648\right),\left(16.5862,5.42466\right),\left(16.6661,5.48474\right),\left(16.7458,5.54507\right),\left(16.8254,5.60562\right),\left(16.9048,5.66639\right),\left(16.984,5.72739\right),\left(17.063,5.78862\right),\left(17.1419,5.85006\right),\left(17.2206,5.91171\right),\left(17.2992,5.97359\right),\left(17.3775,6.03567\right),\left(17.4558,6.09796\right),\left(17.5338,6.16045\right),\left(17.6117,6.22315\right),\left(17.6894,6.28605\right),\left(17.767,6.34914\right),\left(17.8444,6.41243\right),\left(17.9216,6.47591\right),\left(17.9987,6.53958\right),\left(18.0757,6.60344\right),\left(18.1525,6.66748\right),\left(18.2291,6.7317\right),\left(18.3056,6.7961\right),\left(18.3819,6.86068\right),\left(18.4581,6.92543\right),\left(18.5342,6.99035\right),\left(18.6101,7.05545\right),\left(18.6858,7.1207\right),\left(18.7615,7.18612\right),\left(18.837,7.25169\right),\left(18.9123,7.31743\right),\left(18.9875,7.38332\right),\left(19.0626,7.44936\right),\left(19.1375,7.51555\right),\left(19.2124,7.58189\right),\left(19.2871,7.64838\right),\left(19.3616,7.71501\right),\left(19.4361,7.78177\right),\left(19.5104,7.84868\right),\left(19.5846,7.91571\right),\left(19.6587,7.98288\right),\left(19.7326,8.05018\right),\left(19.8065,8.1176\right),\left(19.8802,8.18515\right),\left(19.9538,8.25282\right),\left(20.0273,8.32062\right),\left(20.1007,8.38852\right),\left(20.174,8.45654\right),\left(20.2472,8.52468\right),\left(20.3203,8.59292\right),\left(20.3933,8.66127\right),\left(20.4662,8.72972\right),\left(20.539,8.79828\right),\left(20.6117,8.86693\right),\left(20.6843,8.93569\right),\left(20.7568,9.00453\right),\left(20.8293,9.07347\right),\left(20.9016,9.1425\right),\left(20.9739,9.21162\right),\left(21.0461,9.28082\right),\left(21.1182,9.3501\right),\left(21.1902,9.41947\right),\left(21.2622,9.48891\right),\left(21.3341,9.55843\right),\left(21.4059,9.62802\right),\left(21.4776,9.69768\right),\left(21.5493,9.76741\right),\left(21.6209,9.83721\right),\left(21.6925,9.90707\right),\left(21.764,9.97699\right),\left(21.8354,10.047\right),\left(21.9068,10.117\right),\left(21.9781,10.1871\right),\left(22.0494,10.2572\right),\left(22.1206,10.3274\right),\left(22.1918,10.3977\right),\left(22.2629,10.468\right),\left(22.334,10.5383\right),\left(22.405,10.6087\right),\left(22.4761,10.6791\right),\left(22.547,10.7495\right),\left(22.618,10.82\right),\left(22.6889,10.8905\right),\left(22.7598,10.961\right),\left(22.8306,11.0316\right),\left(22.9015,11.1022\right),\left(22.9723,11.1728\right),\left(23.0431,11.2434\right),\left(23.1138,11.3141\right),\left(23.1846,11.3847\right),\left(23.2553,11.4554\right),\left(23.3261,11.5261\right),\left(23.3968,11.5968\right),\left(23.4675,11.6675\right),\left(23.5382,11.7382\right),\left(23.6089,11.8089\right),\left(23.6796,11.8796\right),\left(23.7504,11.9503\right),\left(23.8211,12.021\right),\left(23.8918,12.0917\right),\left(23.9625,12.1624\right),\left(24.0333,12.2331\right),\left(24.104,12.3038\right),\left(24.1748,12.3744\right),\left(24.2456,12.445\right),\left(24.3164,12.5156\right),\left(24.3873,12.5862\right),\left(24.4581,12.6568\right),\left(24.529,12.7273\right),\left(24.5999,12.7978\right),\left(24.6709,12.8683\right),\left(24.7419,12.9387\right),\left(24.8129,13.0091\right),\left(24.884,13.0795\right),\left(24.9551,13.1498\right),\left(25.0262,13.2201\right),\left(25.0974,13.2903\right),\left(25.1686,13.3605\right),\left(25.2399,13.4306\right),\left(25.3113,13.5007\right),\left(25.3827,13.5707\right),\left(25.4541,13.6407\right),\left(25.5256,13.7106\right),\left(25.5972,13.7804\right),\left(25.6688,13.8502\right),\left(25.7405,13.9199\right),\left(25.8123,13.9896\right),\left(25.8841,14.0591\right),\left(25.956,14.1286\right),\left(26.028,14.1981\right),\left(26.1,14.2674\right),\left(26.1721,14.3367\right),\left(26.2444,14.4059\right),\left(26.3166,14.475\right),\left(26.389,14.544\right),\left(26.4615,14.6129\right),\left(26.534,14.6817\right),\left(26.6067,14.7504\right),\left(26.6794,14.8191\right),\left(26.7522,14.8876\right),\left(26.8252,14.956\right),\left(26.8982,15.0244\right),\left(26.9713,15.0926\right),\left(27.0445,15.1607\right),\left(27.1179,15.2287\right),\left(27.1913,15.2966\right),\left(27.2648,15.3643\right),\left(27.3385,15.432\right),\left(27.4122,15.4995\right),\left(27.4861,15.5669\right),\left(27.5601,15.6342\right),\left(27.6342,15.7013\right),\left(27.7085,15.7683\right),\left(27.7828,15.8352\right),\left(27.8573,15.9019\right),\left(27.9319,15.9685\right),\left(28.0066,16.035\right),\left(28.0815,16.1013\right),\left(28.1565,16.1675\right),\left(28.2316,16.2335\right),\left(28.3069,16.2993\right),\left(28.3823,16.365\right),\left(28.4578,16.4306\right),\left(28.5335,16.496\right),\left(28.6093,16.5612\right),\left(28.6852,16.6262\right),\left(28.7613,16.6911\right),\left(28.8376,16.7558\right),\left(28.914,16.8204\right),\left(28.9905,16.8848\right),\left(29.0672,16.949\right),\left(29.1441,17.013\right),\left(29.2211,17.0768\right),\left(29.2982,17.1404\right),\left(29.3755,17.2039\right),\left(29.453,17.2671\right),\left(29.5306,17.3302\right),\left(29.6084,17.3931\right),\left(29.6863,17.4557\right),\left(29.7645,17.5182\right),\left(29.8427,17.5804\right),\left(29.9212,17.6425\right),\left(29.9998,17.7043\right),\left(30.0786,17.7659\right),\left(30.1575,17.8273\right),\left(30.2366,17.8885\right),\left(30.3159,17.9495\right),\left(30.3954,18.0102\right),\left(30.475,18.0708\right),\left(30.5548,18.131\right),\left(30.6348,18.1911\right),\left(30.715,18.2509\right),\left(30.7953,18.3105\right),\left(30.8758,18.3698\right),\left(30.9565,18.4289\right),\left(31.0374,18.4878\right),\left(31.1185,18.5464\right),\left(31.1997,18.6047\right),\left(31.2811,18.6628\right),\left(31.3627,18.7207\right),\left(31.4445,18.7782\right),\left(31.5265,18.8356\right),\left(31.6087,18.8926\right),\left(31.691,18.9494\right),\left(31.7735,19.0059\right),\left(31.8563,19.0622\right),\left(31.9392,19.1182\right),\left(32.0222,19.1739\right),\left(32.1055,19.2293\right),\left(32.189,19.2844\right),\left(32.2726,19.3393\right),\left(32.3565,19.3938\right),\left(32.4405,19.4481\right),\left(32.5247,19.5021\right),\left(32.6092,19.5558\right),\left(32.6938,19.6092\right),\left(32.7785,19.6623\right),\left(32.8635,19.7151\right),\left(32.9487,19.7676\right),\left(33.034,19.8197\right),\left(33.1196,19.8716\right),\left(33.2053,19.9232\right),\left(33.2912,19.9744\right),\left(33.3774,20.0254\right),\left(33.4636,20.076\right),\left(33.5501,20.1263\right),\left(33.6368,20.1763\right),\left(33.7237,20.2259\right),\left(33.8107,20.2752\right),\left(33.898,20.3242\right),\left(33.9854,20.3729\right),\left(34.073,20.4212\right),\left(34.1608,20.4693\right),\left(34.2487,20.5169\right),\left(34.3369,20.5642\right),\left(34.4252,20.6112\right),\left(34.5138,20.6579\right),\left(34.6025,20.7042\right),\left(34.6914,20.7501\right),\left(34.7804,20.7957\right),\left(34.8697,20.841\right),\left(34.9591,20.8859\right),\left(35.0487,20.9305\right),\left(35.1385,20.9747\right),\left(35.2284,21.0185\right),\left(35.3185,21.062\right),\left(35.4088,21.1051\right),\left(35.4993,21.1479\right),\left(35.5899,21.1903\right),\left(35.6807,21.2324\right),\left(35.7717,21.274\right),\left(35.8629,21.3154\right),\left(35.9542,21.3563\right),\left(36.0457,21.3969\right),\left(36.1373,21.4371\right),\left(36.2291,21.4769\right),\left(36.3211,21.5164\right),\left(36.4132,21.5555\right),\left(36.5055,21.5942\right),\left(36.5979,21.6326\right),\left(36.6905,21.6706\right),\left(36.7833,21.7082\right),\left(36.8762,21.7454\right),\left(36.9693,21.7822\right),\left(37.0625,21.8187\right),\left(37.1558,21.8548\right),\left(37.2493,21.8905\right),\left(37.343,21.9258\right),\left(37.4368,21.9608\right),\left(37.5307,21.9954\right),\left(37.6248,22.0295\right),\left(37.719,22.0633\right),\left(37.8134,22.0968\right),\left(37.9078,22.1298\right),\left(38.0025,22.1625\right),\left(38.0972,22.1947\right),\left(38.1921,22.2266\right),\left(38.2871,22.2581\right),\left(38.3823,22.2892\right),\left(38.4775,22.32\right),\left(38.5729,22.3503\right),\left(38.6684,22.3803\right),\left(38.7641,22.4099\right),\left(38.8598,22.4391\right),\left(38.9557,22.4679\right),\left(39.0517,22.4963\right),\left(39.1478,22.5243\right),\left(39.244,22.552\right),\left(39.3403,22.5793\right),\left(39.4368,22.6062\right),\left(39.5333,22.6327\right),\left(39.6299,22.6588\right),\left(39.7267,22.6846\right),\left(39.8235,22.7099\right),\left(39.9205,22.7349\right),\left(40.0175,22.7595\right),\left(40.1147,22.7838\right),\left(40.2119,22.8076\right),\left(40.3092,22.8311\right),\left(40.4067,22.8542\right),\left(40.5042,22.8769\right),\left(40.6018,22.8992\right),\left(40.6994,22.9212\right),\left(40.7972,22.9428\right),\left(40.8951,22.964\right),\left(40.993,22.9849\right),\left(41.091,23.0053\right),\left(41.1891,23.0254\right),\left(41.2872,23.0452\right),\left(41.3855,23.0645\right),\left(41.4838,23.0835\right),\left(41.5822,23.1021\right),\left(41.6806,23.1204\right),\left(41.7791,23.1383\right),\left(41.8777,23.1558\right),\left(41.9763,23.173\right),\left(42.0751,23.1898\right),\left(42.1738,23.2063\right),\left(42.2727,23.2224\right),\left(42.3715,23.2381\right),\left(42.4705,23.2535\right),\left(42.5695,23.2685\right),\left(42.6685,23.2831\right),\left(42.7676,23.2975\right),\left(42.8668,23.3114\right),\left(42.966,23.325\right),\left(43.0652,23.3383\right),\left(43.1645,23.3512\right),\left(43.2639,23.3638\right),\left(43.3633,23.376\right),\left(43.4627,23.3879\right),\left(43.5622,23.3994\right),\left(43.6617,23.4106\right),\left(43.7612,23.4215\right),\left(43.8608,23.432\right),\left(43.9604,23.4422\right),\left(44.0601,23.452\right),\left(44.1598,23.4616\right),\left(44.2595,23.4707\right),\left(44.3592,23.4796\right),\left(44.459,23.4881\right),\left(44.5588,23.4963\right),\left(44.6586,23.5042\right),\left(44.7585,23.5118\right),\left(44.8584,23.519\right),\left(44.9583,23.5259\right),\left(45.0582,23.5325\right),\left(45.1581,23.5388\right),\left(45.2581,23.5447\right),\left(45.3581,23.5504\right),\left(45.4581,23.5557\right),\left(45.5581,23.5607\right),\left(45.6581,23.5654\right),\left(45.7582,23.5698\right),\left(45.8582,23.5739\right),\left(45.9583,23.5777\right),\left(46.0584,23.5812\right),\left(46.1585,23.5844\right),\left(46.2586,23.5873\right),\left(46.3587,23.5898\right),\left(46.4588,23.5921\right),\left(46.5589,23.5941\right),\left(46.659,23.5958\right),\left(46.7592,23.5972\right),\left(46.8593,23.5984\right),\left(46.9594,23.5992\right),\left(47.0596,23.5997\right),\left(47.1597,23.6\right),\left(47.2,23.6\right),\right]
l_{headings}=\left[0,0,0,0,0,0,0,0,0,0,0,0,0,0,0,0,0,0,0,0,0,0,0,0,0,0,0,0,0,0,0,0,0,0,0,0,0,0,0,0,0,0,0,0,0,0,0,0,0,0,0,0,0,0,0,0,0,0,0,0,0,0,0,0,0,0,0,0,0,0,0,0,0,0,0,0,0,0,0,0,0,0,0,0,0,0,0,0,0,0,0,0,0,0,0,0,0,0,0,0,0,0,0,0,0,0,0,0,0,0,0,0,0,0,0,0,0,0,0,0,0,0,0,0,0,0,0,0,0,0,0,0,0,0,0,0,0,0,0,0,0,0,0,0,0,0,0,0,0,0,0,0,0,0,0,0,0,0,0,0,0,0,0,0,0,0,0,0,0,0,0,0,0,0,0,0,0,0,0,0,0,0,0,0,0,0,0,0,0,0,0,0,0,0,0,0,0,0,0,0,0,0,0,0,0,0,0,0,0,0,0,0,0,0,0,0,0,0,0,0,0,0,0,0,0,0,0,0,0,0,0,0,0,0,0,0,2.38419e-06,0.00283116,0.00567601,0.00853674,0.0114136,0.0143066,0.0172157,0.020141,0.0230825,0.0260402,0.0290141,0.0320042,0.0350105,0.0380333,0.0410723,0.0441277,0.0471993,0.0502874,0.0533919,0.0565128,0.0596501,0.0628038,0.0659739,0.0691603,0.0723631,0.0755821,0.0788174,0.0820689,0.0853369,0.0886211,0.0919213,0.0952378,0.0985704,0.101919,0.105284,0.108665,0.112061,0.115474,0.118902,0.122346,0.125806,0.129281,0.132772,0.136278,0.1398,0.143336,0.146888,0.150455,0.154036,0.157633,0.161243,0.164869,0.168509,0.172163,0.175831,0.179513,0.183209,0.186918,0.190641,0.194378,0.198127,0.201889,0.205664,0.209451,0.213251,0.217063,0.220886,0.224721,0.228568,0.232426,0.236295,0.240175,0.244065,0.247965,0.251876,0.255795,0.259725,0.263663,0.267611,0.271567,0.275531,0.279503,0.283483,0.28747,0.291464,0.295465,0.299472,0.303485,0.307504,0.311529,0.315558,0.319592,0.323631,0.327673,0.331719,0.335768,0.33982,0.343874,0.347931,0.351989,0.356048,0.360109,0.364169,0.36823,0.372291,0.376351,0.38041,0.384467,0.388523,0.392576,0.396626,0.400673,0.404717,0.408756,0.412792,0.416822,0.420847,0.424866,0.428879,0.432885,0.436885,0.440877,0.444861,0.448837,0.452804,0.456762,0.460711,0.464649,0.468577,0.472495,0.476401,0.480295,0.484177,0.488047,0.491904,0.495748,0.499578,0.503394,0.507196,0.510982,0.514753,0.518509,0.522249,0.525972,0.529678,0.533367,0.537039,0.540693,0.544328,0.547945,0.551543,0.555122,0.558681,0.562219,0.565738,0.569236,0.572712,0.576168,0.579602,0.583014,0.586404,0.589771,0.593115,0.596437,0.599735,0.603009,0.606259,0.609486,0.612687,0.615865,0.619017,0.622144,0.625246,0.628321,0.631372,0.634396,0.637393,0.640364,0.643309,0.646226,0.649116,0.651979,0.654815,0.657622,0.660402,0.663154,0.665878,0.668573,0.67124,0.673878,0.676488,0.679068,0.68162,0.684142,0.686635,0.689098,0.691532,0.693936,0.69631,0.698655,0.700969,0.703253,0.705508,0.707731,0.709925,0.712088,0.71422,0.716322,0.718393,0.720433,0.722443,0.724422,0.726369,0.728286,0.730171,0.732026,0.733849,0.735641,0.737402,0.739131,0.740829,0.742495,0.74413,0.745734,0.747306,0.748847,0.750356,0.751833,0.753279,0.754693,0.756075,0.757426,0.758745,0.760033,0.761288,0.762512,0.763704,0.764864,0.765992,0.767089,0.768154,0.769186,0.770187,0.771157,0.772094,0.772999,0.773873,0.774715,0.775524,0.776302,0.777048,0.777762,0.778444,0.779095,0.779713,0.7803,0.780854,0.781377,0.781867,0.782326,0.782753,0.783148,0.783511,0.783842,0.784141,0.784409,0.784644,0.784848,0.785019,0.785159,0.785266,0.785342,0.785386,0.785398,0.785378,0.785326,0.785242,0.785126,0.784979,0.784799,0.784588,0.784344,0.784069,0.783762,0.783422,0.783051,0.782648,0.782213,0.781747,0.781248,0.780717,0.780154,0.77956,0.778933,0.778275,0.777585,0.776863,0.776109,0.775323,0.774505,0.773655,0.772774,0.77186,0.770915,0.769938,0.768929,0.767888,0.766815,0.76571,0.764574,0.763405,0.762205,0.760974,0.75971,0.758415,0.757088,0.755729,0.754338,0.752916,0.751462,0.749977,0.74846,0.746911,0.745331,0.743719,0.742076,0.740401,0.738695,0.736958,0.735189,0.733389,0.731558,0.729695,0.727802,0.725877,0.723921,0.721935,0.719917,0.717869,0.715789,0.71368,0.711539,0.709368,0.707166,0.704934,0.702672,0.70038,0.698057,0.695704,0.693322,0.690909,0.688468,0.685996,0.683495,0.680965,0.678405,0.675816,0.673199,0.670552,0.667877,0.665173,0.662441,0.659681,0.656893,0.654077,0.651233,0.648362,0.645463,0.642538,0.639585,0.636606,0.6336,0.630567,0.627509,0.624425,0.621315,0.618179,0.615019,0.611834,0.608623,0.605389,0.60213,0.598847,0.595541,0.592211,0.588858,0.585482,0.582084,0.578664,0.575221,0.571757,0.568272,0.564766,0.561239,0.557691,0.554124,0.550537,0.54693,0.543305,0.539661,0.535999,0.532319,0.528621,0.524906,0.521174,0.517426,0.513662,0.509882,0.506087,0.502277,0.498453,0.494614,0.490762,0.486896,0.483018,0.479127,0.475225,0.47131,0.467385,0.463448,0.459501,0.455544,0.451578,0.447603,0.443619,0.439626,0.435626,0.431619,0.427604,0.423583,0.419556,0.415523,0.411485,0.407442,0.403395,0.399343,0.395289,0.39123,0.38717,0.383106,0.379042,0.374975,0.370908,0.36684,0.362771,0.358703,0.354635,0.350569,0.346503,0.34244,0.338378,0.334319,0.330263,0.326211,0.322162,0.318117,0.314076,0.31004,0.306009,0.301984,0.297965,0.293951,0.289944,0.285944,0.281951,0.277965,0.273987,0.270017,0.266056,0.262103,0.258159,0.254224,0.250299,0.246383,0.242478,0.238583,0.234699,0.230825,0.226962,0.223111,0.219271,0.215443,0.211627,0.207824,0.204032,0.200254,0.196488,0.192735,0.188995,0.185269,0.181556,0.177857,0.174172,0.1705,0.166843,0.163201,0.159572,0.155959,0.15236,0.148776,0.145207,0.141653,0.138114,0.13459,0.131082,0.12759,0.124113,0.120651,0.117206,0.113776,0.110362,0.106964,0.103582,0.100216,0.0968663,0.0935329,0.0902154,0.0869142,0.0836295,0.080361,0.077109,0.0738733,0.070654,0.0674513,0.0642648,0.0610948,0.0579412,0.054804,0.0516833,0.048579,0.0454913,0.0424201,0.0393653,0.036327,0.0333049,0.0302994,0.0273102,0.0243373,0.0213809,0.0184405,0.0155163,0.0126085,0.00971682,0.00684129,0.00398199,0.00113869,6.28319,\right]
running path!
lin/ang/drive_left/drive_right/tv_l/tv_r/av_l/av_r/x/y/theta/tx/ty/ttheta: 0.36412 0.00006 0.00000 0.00000 1.00000 1.00000 0.00000 0.00000 -23.60000 -0.00000 -0.00020 -23.40000 0.00000 0.00000
lin/ang/drive_left/drive_right/tv_l/tv_r/av_l/av_r/x/y/theta/tx/ty/ttheta: 0.36412 -0.00001 0.05792 0.16490 0.44635 0.38293 0.16561 0.17178 -23.60000 -0.00000 0.00005 -23.40000 0.00000 0.00000
lin/ang/drive_left/drive_right/tv_l/tv_r/av_l/av_r/x/y/theta/tx/ty/ttheta: 0.36412 0.00405 0.24875 0.22433 0.34879 0.34989 0.39608 0.36411 -23.59987 -0.00000 -0.01437 -23.40000 0.00000 0.00000
lin/ang/drive_left/drive_right/tv_l/tv_r/av_l/av_r/x/y/theta/tx/ty/ttheta: 0.36410 0.01933 0.16144 0.15279 0.37968 0.40297 0.35692 0.33675 -23.59940 -0.00000 -0.06857 -23.40000 0.00000 0.00000
lin/ang/drive_left/drive_right/tv_l/tv_r/av_l/av_r/x/y/theta/tx/ty/ttheta: 0.49365 0.05252 0.21352 0.18932 1.00000 1.00000 0.34667 0.36669 -23.45962 -0.00033 -0.15893 -23.20000 0.00000 0.00000
lin/ang/drive_left/drive_right/tv_l/tv_r/av_l/av_r/x/y/theta/tx/ty/ttheta: 0.67061 0.07593 0.49793 0.35529 1.00000 1.00000 0.58092 0.56208 -23.29122 -0.00090 -0.20230 -22.80000 0.00000 0.00000
lin/ang/drive_left/drive_right/tv_l/tv_r/av_l/av_r/x/y/theta/tx/ty/ttheta: 0.73222 0.09791 0.72161 0.64381 0.72316 0.84259 0.72019 0.71575 -23.07087 -0.00181 -0.24663 -22.60000 0.00000 0.00000
lin/ang/drive_left/drive_right/tv_l/tv_r/av_l/av_r/x/y/theta/tx/ty/ttheta: 0.86501 0.13339 0.60728 0.64964 1.00000 1.00000 0.53983 0.51761 -22.73296 -0.00350 -0.30356 -22.10000 0.00000 0.00000
lin/ang/drive_left/drive_right/tv_l/tv_r/av_l/av_r/x/y/theta/tx/ty/ttheta: 0.96548 0.18625 0.60534 0.61679 1.00000 1.00000 0.54481 0.46508 -22.30302 -0.00629 -0.39522 -21.60000 0.00000 0.00000
lin/ang/drive_left/drive_right/tv_l/tv_r/av_l/av_r/x/y/theta/tx/ty/ttheta: 1.04867 0.24588 0.95566 0.73825 0.99589 1.00000 0.77686 0.66458 -21.88084 -0.00975 -0.49284 -21.10000 0.00000 0.00000
lin/ang/drive_left/drive_right/tv_l/tv_r/av_l/av_r/x/y/theta/tx/ty/ttheta: 1.13355 0.31869 0.75684 0.94205 1.00000 1.00000 0.51331 0.77856 -21.39726 -0.01459 -0.60000 -20.50000 0.00000 0.00000
lin/ang/drive_left/drive_right/tv_l/tv_r/av_l/av_r/x/y/theta/tx/ty/ttheta: 1.20157 0.36322 0.87440 1.11905 1.00000 1.00000 0.64408 0.82306 -20.82589 -0.02098 -0.63422 -19.90000 0.00000 0.00000
lin/ang/drive_left/drive_right/tv_l/tv_r/av_l/av_r/x/y/theta/tx/ty/ttheta: 1.27173 0.34323 1.09398 1.11494 1.00000 1.00000 0.81822 0.84339 -20.21595 -0.02691 -0.52831 -19.20000 0.00000 0.00000
lin/ang/drive_left/drive_right/tv_l/tv_r/av_l/av_r/x/y/theta/tx/ty/ttheta: 1.32710 0.32205 0.89472 1.14520 1.00000 1.00000 0.83911 0.84803 -19.50061 -0.03268 -0.43338 -18.50000 0.00000 0.00000
lin/ang/drive_left/drive_right/tv_l/tv_r/av_l/av_r/x/y/theta/tx/ty/ttheta: 1.39266 0.31311 1.22494 1.16681 1.00000 1.00000 0.85606 0.85811 -18.69503 -0.03797 -0.36528 -17.60000 0.00000 0.00000
lin/ang/drive_left/drive_right/tv_l/tv_r/av_l/av_r/x/y/theta/tx/ty/ttheta: 1.43937 0.31816 1.29540 1.18647 1.00000 1.00000 0.86203 0.86136 -17.90735 -0.04273 -0.33712 -16.79999 0.00000 0.00000
lin/ang/drive_left/drive_right/tv_l/tv_r/av_l/av_r/x/y/theta/tx/ty/ttheta: 1.48807 0.33057 1.28178 1.24655 1.00000 1.00000 0.87111 0.87250 -17.09347 -0.04730 -0.32352 -15.89999 0.00000 0.00000
lin/ang/drive_left/drive_right/tv_l/tv_r/av_l/av_r/x/y/theta/tx/ty/ttheta: 1.52689 0.37002 1.27854 1.29323 1.00000 1.00000 0.86836 0.87144 -16.20288 -0.05276 -0.36144 -14.99999 0.00000 0.00000
lin/ang/drive_left/drive_right/tv_l/tv_r/av_l/av_r/x/y/theta/tx/ty/ttheta: 1.56355 0.43018 1.47131 1.45900 0.96945 1.00000 0.89061 0.89369 -15.20205 -0.05990 -0.42885 -13.99999 0.00000 0.00000
lin/ang/drive_left/drive_right/tv_l/tv_r/av_l/av_r/x/y/theta/tx/ty/ttheta: 1.57897 0.49316 1.42874 1.54025 0.88979 1.00000 0.79292 0.92639 -14.16165 -0.06860 -0.49289 -12.99999 0.00000 0.00000
lin/ang/drive_left/drive_right/tv_l/tv_r/av_l/av_r/x/y/theta/tx/ty/ttheta: 1.58397 0.50871 1.22148 1.53161 0.99989 0.95523 0.76778 0.93272 -13.06707 -0.07754 -0.45352 -11.79999 0.00000 0.00000
lin/ang/drive_left/drive_right/tv_l/tv_r/av_l/av_r/x/y/theta/tx/ty/ttheta: 1.58603 0.52152 1.28178 1.47391 0.98752 0.98579 0.83311 0.78333 -12.01065 -0.08544 -0.42117 -10.69999 0.00000 0.00000
lin/ang/drive_left/drive_right/tv_l/tv_r/av_l/av_r/x/y/theta/tx/ty/ttheta: 1.58732 0.55146 1.24504 1.50762 0.99986 0.99839 0.80369 0.77906 -10.83790 -0.09392 -0.41914 -9.49999 0.00000 0.00000
lin/ang/drive_left/drive_right/tv_l/tv_r/av_l/av_r/x/y/theta/tx/ty/ttheta: 1.58521 0.61611 1.31636 1.52491 0.92441 1.00000 0.81106 0.78267 -9.69361 -0.10325 -0.48247 -8.39998 0.00000 0.00000
lin/ang/drive_left/drive_right/tv_l/tv_r/av_l/av_r/x/y/theta/tx/ty/ttheta: 1.58423 0.72249 1.28286 1.53917 0.91536 1.00000 0.79206 0.79756 -8.57324 -0.11449 -0.61316 -7.29998 0.00000 0.00000
lin/ang/drive_left/drive_right/tv_l/tv_r/av_l/av_r/x/y/theta/tx/ty/ttheta: 1.58748 0.86856 1.63643 1.64464 0.54231 1.00000 0.85656 0.92775 -7.34244 -0.13041 -0.78098 -5.99998 0.00000 0.00000
lin/ang/drive_left/drive_right/tv_l/tv_r/av_l/av_r/x/y/theta/tx/ty/ttheta: 1.58340 1.00171 1.49854 1.64702 0.52466 1.00000 0.67914 0.96525 -6.25708 -0.14733 -0.93157 -4.99998 0.00000 0.00000
lin/ang/drive_left/drive_right/tv_l/tv_r/av_l/av_r/x/y/theta/tx/ty/ttheta: 1.55198 1.06893 1.36001 1.65263 0.48527 0.82074 0.55781 0.97597 -5.00511 -0.16797 -0.92481 -3.79998 0.00000 0.00000
lin/ang/drive_left/drive_right/tv_l/tv_r/av_l/av_r/x/y/theta/tx/ty/ttheta: 1.50867 1.02227 1.34229 1.60077 0.48644 0.67414 0.51247 0.81275 -3.89530 -0.18316 -0.72766 -2.69998 0.00000 0.00000
lin/ang/drive_left/drive_right/tv_l/tv_r/av_l/av_r/x/y/theta/tx/ty/ttheta: 1.46058 0.88060 1.42615 1.59861 0.44743 0.41002 0.52222 0.71661 -2.82165 -0.19218 -0.38087 -1.59997 0.00000 0.00000
lin/ang/drive_left/drive_right/tv_l/tv_r/av_l/av_r/x/y/theta/tx/ty/ttheta: 1.40512 0.61313 1.19361 1.49509 0.58368 0.25318 0.54192 0.60436 -1.63685 -0.19174 0.15492 -0.49997 0.00000 0.00000
lin/ang/drive_left/drive_right/tv_l/tv_r/av_l/av_r/x/y/theta/tx/ty/ttheta: 1.37284 2.38996 1.08360 1.27400 -0.83486 1.00000 0.51692 0.45103 -0.40692 -0.18106 0.61109 0.69906 0.00699 1.15400
lin/ang/drive_left/drive_right/tv_l/tv_r/av_l/av_r/x/y/theta/tx/ty/ttheta: 1.36196 3.05909 0.79293 1.16918 0.07784 1.00000 0.05167 0.41119 0.69661 -0.16124 1.18083 1.79673 0.04719 3.05913
lin/ang/drive_left/drive_right/tv_l/tv_r/av_l/av_r/x/y/theta/tx/ty/ttheta: 1.35244 3.62720 0.83204 1.66020 0.07442 1.00000 0.12269 0.85950 1.69528 -0.13004 2.00415 2.79292 0.11626 4.88945
lin/ang/drive_left/drive_right/tv_l/tv_r/av_l/av_r/x/y/theta/tx/ty/ttheta: 1.34113 4.00766 0.71513 1.91089 0.17849 1.00000 0.11261 0.99006 2.65817 -0.08211 3.16338 3.68713 0.20625 6.61616
lin/ang/drive_left/drive_right/tv_l/tv_r/av_l/av_r/x/y/theta/tx/ty/ttheta: 1.33289 4.38344 0.69308 1.87242 0.16285 1.00000 0.17522 0.99364 3.64696 -0.00810 4.67763 4.67695 0.33852 8.62042
lin/ang/drive_left/drive_right/tv_l/tv_r/av_l/av_r/x/y/theta/tx/ty/ttheta: 1.32722 4.38589 0.74603 1.67878 0.37399 0.98818 0.21372 0.98406 4.51523 0.08658 6.78845 5.56327 0.48768 10.49709
lin/ang/drive_left/drive_right/tv_l/tv_r/av_l/av_r/x/y/theta/tx/ty/ttheta: 1.32156 4.08389 0.85733 1.49336 0.51717 0.89289 0.27308 0.83519 5.39885 0.22360 9.48548 6.44419 0.66630 12.43677
lin/ang/drive_left/drive_right/tv_l/tv_r/av_l/av_r/x/y/theta/tx/ty/ttheta: 1.31249 3.66965 0.82102 1.44149 0.61876 0.81887 0.45686 0.78197 6.28014 0.40277 12.13114 7.22172 0.85037 14.20736
lin/ang/drive_left/drive_right/tv_l/tv_r/av_l/av_r/x/y/theta/tx/ty/ttheta: 1.30621 3.24869 1.21803 1.50135 0.48301 0.76826 0.56792 0.79258 7.11397 0.61238 14.74948 7.99316 1.05864 16.01435
lin/ang/drive_left/drive_right/tv_l/tv_r/av_l/av_r/x/y/theta/tx/ty/ttheta: 1.30577 2.93253 0.96668 1.48536 0.55733 0.83578 0.50219 0.77000 7.93072 0.85736 17.30289 8.85266 1.32215 18.08016
lin/ang/drive_left/drive_right/tv_l/tv_r/av_l/av_r/x/y/theta/tx/ty/ttheta: 1.29997 2.72014 0.91546 1.45986 0.56446 0.86838 0.52083 0.77614 8.75940 1.14325 19.56567 9.70212 1.61667 20.16748
lin/ang/drive_left/drive_right/tv_l/tv_r/av_l/av_r/x/y/theta/tx/ty/ttheta: 1.29741 2.56712 1.04730 1.44106 0.50428 0.92254 0.54500 0.81328 9.57603 1.45738 21.49854 10.44778 1.90437 22.02835
lin/ang/drive_left/drive_right/tv_l/tv_r/av_l/av_r/x/y/theta/tx/ty/ttheta: 1.30720 2.64145 0.85625 1.49876 0.50720 1.00000 0.50750 0.82611 10.44863 1.82605 23.36810 11.36620 2.29777 24.34301
lin/ang/drive_left/drive_right/tv_l/tv_r/av_l/av_r/x/y/theta/tx/ty/ttheta: 1.31028 2.62959 1.02633 1.50481 0.46554 1.00000 0.49739 0.83808 11.28444 2.21133 25.17883 12.17876 2.68314 26.39677
lin/ang/drive_left/drive_right/tv_l/tv_r/av_l/av_r/x/y/theta/tx/ty/ttheta: 1.31529 2.70942 1.03671 1.57937 0.39045 1.00000 0.47069 0.94333 12.10774 2.61981 26.77775 12.97722 3.09711 28.40428
lin/ang/drive_left/drive_right/tv_l/tv_r/av_l/av_r/x/y/theta/tx/ty/ttheta: 1.32936 2.81620 0.98916 1.52729 0.43019 1.00000 0.41869 0.95647 12.89115 3.03719 28.47123 13.84716 3.58908 30.55969
lin/ang/drive_left/drive_right/tv_l/tv_r/av_l/av_r/x/y/theta/tx/ty/ttheta: 1.33734 2.75979 0.97165 1.52815 0.52700 1.00000 0.42247 0.95481 13.70488 3.50310 30.22781 14.61422 4.05904 32.41439
lin/ang/drive_left/drive_right/tv_l/tv_r/av_l/av_r/x/y/theta/tx/ty/ttheta: 1.34939 2.64664 1.05745 1.59623 0.56491 0.98645 0.48578 0.95803 14.46057 3.96739 32.00538 15.36611 4.55299 34.17331
lin/ang/drive_left/drive_right/tv_l/tv_r/av_l/av_r/x/y/theta/tx/ty/ttheta: 1.36339 2.51903 0.97490 1.54133 0.66199 1.00000 0.54464 0.83828 15.30400 4.52321 33.84303 16.18402 5.12779 36.00016
lin/ang/drive_left/drive_right/tv_l/tv_r/av_l/av_r/x/y/theta/tx/ty/ttheta: 1.38152 2.31253 1.23402 1.52664 0.65142 0.99079 0.61050 0.83278 16.08677 5.07613 35.67830 16.98400 5.72739 37.67898
lin/ang/drive_left/drive_right/tv_l/tv_r/av_l/av_r/x/y/theta/tx/ty/ttheta: 1.39514 2.06646 1.25433 1.52016 0.65757 0.95111 0.63839 0.82750 16.84344 5.64449 37.29601 17.68941 6.28605 39.05393
lin/ang/drive_left/drive_right/tv_l/tv_r/av_l/av_r/x/y/theta/tx/ty/ttheta: 1.41904 1.92541 1.01898 1.50395 0.80896 1.00000 0.64061 0.81583 17.65307 6.28632 38.76032 18.53417 6.99035 40.55003
lin/ang/drive_left/drive_right/tv_l/tv_r/av_l/av_r/x/y/theta/tx/ty/ttheta: 1.43859 1.71176 1.29237 1.52945 0.76495 0.99462 0.72481 0.80286 18.42951 6.93243 40.08101 19.28706 7.64838 41.72770
lin/ang/drive_left/drive_right/tv_l/tv_r/av_l/av_r/x/y/theta/tx/ty/ttheta: 1.45868 1.50585 1.32198 1.54371 0.77003 0.99343 0.75339 0.79756 19.19953 7.60050 41.20833 20.02733 8.32062 42.72742
lin/ang/drive_left/drive_right/tv_l/tv_r/av_l/av_r/x/y/theta/tx/ty/ttheta: 1.48681 1.36278 1.41448 1.59752 0.75647 1.00000 0.74811 0.93047 19.95567 8.27843 42.08499 20.82928 9.07347 43.61859
lin/ang/drive_left/drive_right/tv_l/tv_r/av_l/av_r/x/y/theta/tx/ty/ttheta: 1.51119 1.15830 1.50460 1.51497 0.76312 1.00000 0.75475 0.81772 20.77575 9.03464 42.87376 21.62092 9.83721 44.28960
lin/ang/drive_left/drive_right/tv_l/tv_r/av_l/av_r/x/y/theta/tx/ty/ttheta: 1.47722 0.90742 1.44127 1.62757 0.53865 0.42571 0.74039 0.93392 21.50669 9.72496 43.50149 22.33399 10.53829 44.70787
lin/ang/drive_left/drive_right/tv_l/tv_r/av_l/av_r/x/y/theta/tx/ty/ttheta: 1.42513 0.63519 1.34683 1.41426 0.50089 0.33621 0.62114 0.67161 22.33712 10.52308 43.97670 23.18459 11.38474 44.96845
lin/ang/drive_left/drive_right/tv_l/tv_r/av_l/av_r/x/y/theta/tx/ty/ttheta: 1.37359 0.32838 1.07798 1.23294 0.70033 0.34131 0.52975 0.46558 23.11018 11.27657 44.35258 23.89180 12.09175 44.98443
lin/ang/drive_left/drive_right/tv_l/tv_r/av_l/av_r/x/y/theta/tx/ty/ttheta: 1.32009 -0.01436 1.19252 1.11343 0.68543 0.30131 0.62678 0.37933 23.88581 12.03989 44.58462 24.67089 12.86828 44.79078
lin/ang/drive_left/drive_right/tv_l/tv_r/av_l/av_r/x/y/theta/tx/ty/ttheta: 1.26653 -0.24693 1.53658 1.15211 0.38493 0.28028 0.67639 0.36819 24.65218 12.79462 44.53108 25.31126 13.50069 44.46776
lin/ang/drive_left/drive_right/tv_l/tv_r/av_l/av_r/x/y/theta/tx/ty/ttheta: 1.21239 -0.46704 1.45467 1.19036 0.34286 0.14128 0.57219 0.35369 25.40012 13.52389 44.16686 26.10002 14.26741 43.87196
lin/ang/drive_left/drive_right/tv_l/tv_r/av_l/av_r/x/y/theta/tx/ty/ttheta: 1.16115 -0.53739 1.21089 1.10543 0.34599 0.21710 0.43544 0.27928 26.10304 14.19553 43.51834 26.75223 14.88761 43.22039
lin/ang/drive_left/drive_right/tv_l/tv_r/av_l/av_r/x/y/theta/tx/ty/ttheta: 1.11078 -0.60018 1.19252 1.09787 0.33441 0.16965 0.37047 0.27858 26.84397 14.88345 42.64091 27.48613 15.56690 42.32411
lin/ang/drive_left/drive_right/tv_l/tv_r/av_l/av_r/x/y/theta/tx/ty/ttheta: 1.06824 -0.73117 0.97425 0.99435 0.53271 0.15270 0.37967 0.25189 27.57621 15.54223 41.76547 28.23161 16.23346 41.24821
lin/ang/drive_left/drive_right/tv_l/tv_r/av_l/av_r/x/y/theta/tx/ty/ttheta: 1.03241 -0.79661 1.16551 0.90617 0.42225 0.23229 0.41886 0.20481 28.23622 16.11976 40.99551 28.76133 16.69113 40.38976
lin/ang/drive_left/drive_right/tv_l/tv_r/av_l/av_r/x/y/theta/tx/ty/ttheta: 1.00348 -1.21916 1.12445 0.90055 0.70859 -0.11804 0.43239 0.23528 28.85864 16.65683 40.58537 29.45298 17.26713 39.16138
lin/ang/drive_left/drive_right/tv_l/tv_r/av_l/av_r/x/y/theta/tx/ty/ttheta: 0.97572 -1.32348 0.98008 0.70886 0.59184 0.24076 0.58914 0.05886 29.45825 17.16198 39.63960 29.99979 17.70431 38.11162
lin/ang/drive_left/drive_right/tv_l/tv_r/av_l/av_r/x/y/theta/tx/ty/ttheta: 0.95035 -1.49066 1.14671 0.53597 0.57486 0.28108 0.61703 0.14836 30.07400 17.65837 38.60130 30.63482 18.19109 36.81469
lin/ang/drive_left/drive_right/tv_l/tv_r/av_l/av_r/x/y/theta/tx/ty/ttheta: 0.92989 -1.51054 1.11883 0.74625 0.49212 0.28970 0.57150 0.26844 30.60859 18.07119 37.33761 31.19972 18.60472 35.59871
lin/ang/drive_left/drive_right/tv_l/tv_r/av_l/av_r/x/y/theta/tx/ty/ttheta: 0.90750 -1.33488 1.03908 0.73782 0.35852 0.36808 0.50939 0.28694 31.16785 18.48045 35.79203 31.69101 18.94941 34.49950
lin/ang/drive_left/drive_right/tv_l/tv_r/av_l/av_r/x/y/theta/tx/ty/ttheta: 0.88798 -1.25783 0.78580 0.72485 0.54631 0.31525 0.42161 0.33467 31.72769 18.86736 34.26321 32.27264 19.33927 33.15499
lin/ang/drive_left/drive_right/tv_l/tv_r/av_l/av_r/x/y/theta/tx/ty/ttheta: 0.86756 -1.24411 1.01661 0.78320 0.47668 0.22112 0.47533 0.32783 32.32066 19.25541 32.85586 32.86352 19.71507 31.74895
lin/ang/drive_left/drive_right/tv_l/tv_r/av_l/av_r/x/y/theta/tx/ty/ttheta: 0.84995 -1.35420 0.98484 0.69395 0.56390 0.16125 0.48150 0.26231 32.87727 19.60284 31.69197 33.46365 20.07599 30.28775
lin/ang/drive_left/drive_right/tv_l/tv_r/av_l/av_r/x/y/theta/tx/ty/ttheta: 0.83197 -1.44673 0.80849 0.57098 0.64459 0.21694 0.52086 0.19883 33.41445 19.92445 30.64664 33.98538 20.37291 28.99666
lin/ang/drive_left/drive_right/tv_l/tv_r/av_l/av_r/x/y/theta/tx/ty/ttheta: 0.81390 -1.70064 1.01661 0.60836 0.68249 0.06144 0.59103 0.20825 33.99573 20.25930 29.71235 34.60247 20.70418 27.45198
lin/ang/drive_left/drive_right/tv_l/tv_r/av_l/av_r/x/y/theta/tx/ty/ttheta: 0.79286 -1.80610 0.91049 0.61139 0.61624 0.09568 0.64061 0.13344 34.60053 20.59318 28.59508 35.13845 20.97467 26.10077
lin/ang/drive_left/drive_right/tv_l/tv_r/av_l/av_r/x/y/theta/tx/ty/ttheta: 0.77421 -1.72065 1.05767 0.55326 0.33760 0.23770 0.62061 0.11089 35.12943 20.86958 27.22622 35.58994 21.19031 24.95955
lin/ang/drive_left/drive_right/tv_l/tv_r/av_l/av_r/x/y/theta/tx/ty/ttheta: 0.75652 -1.66825 0.89839 0.58632 0.40120 0.19710 0.43753 0.20208 35.71706 21.15560 25.48443 36.22912 21.47695 23.34472
lin/ang/drive_left/drive_right/tv_l/tv_r/av_l/av_r/x/y/theta/tx/ty/ttheta: 0.73830 -1.45261 0.85776 0.57768 0.28814 0.30088 0.38431 0.21067 36.28130 21.40781 23.60953 36.78329 21.70817 21.95038
lin/ang/drive_left/drive_right/tv_l/tv_r/av_l/av_r/x/y/theta/tx/ty/ttheta: 0.72012 -1.27704 0.83939 0.60404 0.28762 0.26502 0.33333 0.26831 36.84489 21.63906 21.87323 37.34297 21.92584 20.55217
lin/ang/drive_left/drive_right/tv_l/tv_r/av_l/av_r/x/y/theta/tx/ty/ttheta: 0.70345 -1.16763 0.73198 0.63668 0.36379 0.20444 0.29753 0.27156 37.37604 21.83989 20.33471 37.90784 22.12980 19.15508
lin/ang/drive_left/drive_right/tv_l/tv_r/av_l/av_r/x/y/theta/tx/ty/ttheta: 0.68631 -1.14424 0.79768 0.58762 0.37639 0.15077 0.33603 0.22261 37.90968 22.02733 19.03436 38.47753 22.31996 17.76399
lin/ang/drive_left/drive_right/tv_l/tv_r/av_l/av_r/x/y/theta/tx/ty/ttheta: 0.66736 -1.13546 0.67925 0.49274 0.41823 0.19545 0.36444 0.17436 38.44053 22.20220 17.98309 38.95570 22.46786 16.61256
lin/ang/drive_left/drive_right/tv_l/tv_r/av_l/av_r/x/y/theta/tx/ty/ttheta: 0.64862 -1.21879 0.90488 0.51479 0.33553 0.10948 0.39286 0.19183 38.95904 22.36425 17.15442 39.43675 22.60617 15.47085
lin/ang/drive_left/drive_right/tv_l/tv_r/av_l/av_r/x/y/theta/tx/ty/ttheta: 0.63129 -1.33758 0.72831 0.52170 0.43094 -0.00893 0.35969 0.13861 39.43808 22.50697 16.40015 39.92048 22.73493 14.34107
lin/ang/drive_left/drive_right/tv_l/tv_r/av_l/av_r/x/y/theta/tx/ty/ttheta: 0.61405 -1.47221 0.81151 0.55434 0.41791 -0.11513 0.39661 0.16994 39.90244 22.63889 15.67568 40.40666 22.85418 13.22530
lin/ang/drive_left/drive_right/tv_l/tv_r/av_l/av_r/x/y/theta/tx/ty/ttheta: 0.59558 -1.58427 0.56795 0.38447 0.51702 -0.06994 0.40536 -0.02772 40.37645 22.76668 14.88785 40.89506 22.96401 12.12536
lin/ang/drive_left/drive_right/tv_l/tv_r/av_l/av_r/x/y/theta/tx/ty/ttheta: 0.57710 -1.59687 0.76332 0.20336 0.37884 0.19197 0.46781 -0.05956 40.81856 22.87923 14.05751 41.28724 23.04516 11.25792
lin/ang/drive_left/drive_right/tv_l/tv_r/av_l/av_r/x/y/theta/tx/ty/ttheta: 0.55894 -1.54463 0.68595 0.34687 0.34382 0.17819 0.40519 0.12850 41.25245 22.98095 12.86375 41.77911 23.13831 10.19045
lin/ang/drive_left/drive_right/tv_l/tv_r/av_l/av_r/x/y/theta/tx/ty/ttheta: 0.54153 -1.19667 0.68055 0.44044 0.11174 0.32554 0.34978 0.17608 41.63627 23.06075 11.34415 42.07505 23.18982 9.55941
lin/ang/drive_left/drive_right/tv_l/tv_r/av_l/av_r/x/y/theta/tx/ty/ttheta: 0.52238 -0.98744 0.61139 0.48972 0.17349 0.20100 0.23186 0.26692 42.05166 23.13577 9.86124 42.56948 23.26848 8.52423
lin/ang/drive_left/drive_right/tv_l/tv_r/av_l/av_r/x/y/theta/tx/ty/ttheta: 0.50292 -0.69464 0.35443 0.56449 0.20414 0.21177 0.17350 0.23717 42.45220 23.19833 8.56204 42.86679 23.31142 7.91335
lin/ang/drive_left/drive_right/tv_l/tv_r/av_l/av_r/x/y/theta/tx/ty/ttheta: 0.48287 -0.56486 0.43526 0.39657 0.25771 0.17771 0.19114 0.20756 42.84356 23.25192 7.55662 43.26389 23.36378 7.11113
lin/ang/drive_left/drive_right/tv_l/tv_r/av_l/av_r/x/y/theta/tx/ty/ttheta: 0.46437 -0.47870 0.50657 0.36178 0.22454 0.20463 0.23342 0.17917 43.19237 23.29480 6.84674 43.56217 23.39942 6.51887
lin/ang/drive_left/drive_right/tv_l/tv_r/av_l/av_r/x/y/theta/tx/ty/ttheta: 0.44347 -0.53283 0.53467 0.37647 0.20056 0.07910 0.23014 0.18822 43.55141 23.33560 6.37341 43.96043 23.44219 5.74196
lin/ang/drive_left/drive_right/tv_l/tv_r/av_l/av_r/x/y/theta/tx/ty/ttheta: 0.42307 -0.57603 0.50593 0.37366 0.19099 0.06058 0.21097 0.12097 43.89616 23.37248 6.02445 44.25948 23.47075 5.16896
lin/ang/drive_left/drive_right/tv_l/tv_r/av_l/av_r/x/y/theta/tx/ty/ttheta: 0.40059 -0.69972 0.47156 0.25653 0.24599 -0.07087 0.19969 0.08300 44.21911 23.40534 5.73935 44.65863 23.50421 4.41802
lin/ang/drive_left/drive_right/tv_l/tv_r/av_l/av_r/x/y/theta/tx/ty/ttheta: 0.37926 -0.73206 0.47740 0.18219 0.18001 0.11096 0.22742 -0.02789 44.57366 23.43989 5.51460 44.85837 23.51899 4.04818
lin/ang/drive_left/drive_right/tv_l/tv_r/av_l/av_r/x/y/theta/tx/ty/ttheta: 0.35780 -0.82000 0.41300 0.18608 0.23603 0.05652 0.20053 0.07889 44.85560 23.46630 5.27965 45.15814 23.53876 3.50047
lin/ang/drive_left/drive_right/tv_l/tv_r/av_l/av_r/x/y/theta/tx/ty/ttheta: 0.33969 -0.77633 0.45687 0.31812 0.13179 0.06361 0.21817 0.08231 45.10136 23.48756 4.82680 45.35808 23.55036 3.14004
lin/ang/drive_left/drive_right/tv_l/tv_r/av_l/av_r/x/y/theta/tx/ty/ttheta: 0.31469 -0.80251 0.39052 0.25739 0.15063 -0.12564 0.16325 0.07647 45.38490 23.51000 4.42869 45.65814 23.56541 2.60646
lin/ang/drive_left/drive_right/tv_l/tv_r/av_l/av_r/x/y/theta/tx/ty/ttheta: 0.28810 -0.83245 0.31618 0.24507 0.16832 -0.16333 0.14783 -0.06092 45.64099 23.52857 4.05399 45.95830 23.57770 2.08138
lin/ang/drive_left/drive_right/tv_l/tv_r/av_l/av_r/x/y/theta/tx/ty/ttheta: 0.26618 -0.80739 0.25826 0.11886 0.17314 -0.05639 0.15417 -0.13364 45.85612 23.54279 3.67876 46.15847 23.58437 1.73603
lin/ang/drive_left/drive_right/tv_l/tv_r/av_l/av_r/x/y/theta/tx/ty/ttheta: 0.25319 -0.65463 0.22044 0.07413 0.13579 0.20765 0.16444 -0.07064 45.98944 23.55034 3.07005 46.25858 23.58725 1.56476
lin/ang/drive_left/drive_right/tv_l/tv_r/av_l/av_r/x/y/theta/tx/ty/ttheta: 0.23993 -0.44412 0.22649 0.12254 0.06490 0.24443 0.13417 0.12611 46.11528 23.55585 2.29427 46.35868 23.58984 1.39442
lin/ang/drive_left/drive_right/tv_l/tv_r/av_l/av_r/x/y/theta/tx/ty/ttheta: 0.22531 -0.24575 0.21590 0.38512 -0.06034 0.09162 0.08692 0.21322 46.25440 23.56007 1.55584 46.45879 23.59213 1.22503
lin/ang/drive_left/drive_right/tv_l/tv_r/av_l/av_r/x/y/theta/tx/ty/ttheta: 0.20991 -0.13291 0.17397 0.37777 0.06911 -0.08000 -0.02928 0.14392 46.39135 23.56292 1.09047 46.55892 23.59412 1.05656
lin/ang/drive_left/drive_right/tv_l/tv_r/av_l/av_r/x/y/theta/tx/ty/ttheta: 0.18283 -0.15738 0.09531 0.16641 0.12583 -0.16201 0.04417 -0.02086 46.51298 23.56499 0.96796 46.75917 23.59723 0.72241
lin/ang/drive_left/drive_right/tv_l/tv_r/av_l/av_r/x/y/theta/tx/ty/ttheta: 0.16513 -0.21673 0.07607 -0.02831 0.20677 0.04218 0.10317 -0.12506 46.60995 23.56675 1.06345 46.85931 23.59835 0.55673
lin/ang/drive_left/drive_right/tv_l/tv_r/av_l/av_r/x/y/theta/tx/ty/ttheta: 0.16133 -0.24571 0.23773 -0.14307 0.12340 0.23584 0.17197 0.00581 46.69009 23.56834 1.15668 46.85931 23.59835 0.55673
lin/ang/drive_left/drive_right/tv_l/tv_r/av_l/av_r/x/y/theta/tx/ty/ttheta: 0.14316 -0.24512 0.25372 0.16771 -0.09923 -0.08210 0.13742 0.17558 46.74421 23.56938 1.06592 46.95945 23.59918 0.39198
lin/ang/drive_left/drive_right/tv_l/tv_r/av_l/av_r/x/y/theta/tx/ty/ttheta: 0.11942 -0.18658 0.16684 0.31834 -0.15759 -0.20111 -0.04039 0.01678 46.83354 23.57074 0.80327 47.05959 23.59972 0.22815
lin/ang/drive_left/drive_right/tv_l/tv_r/av_l/av_r/x/y/theta/tx/ty/ttheta: 0.11579 -0.12744 -0.03134 0.02550 0.13027 0.12266 -0.12472 -0.15536 46.91008 23.57161 0.61339 47.05959 23.59972 0.22815
lin/ang/drive_left/drive_right/tv_l/tv_r/av_l/av_r/x/y/theta/tx/ty/ttheta: 0.11341 -0.12750 -0.09941 -0.22779 0.23984 0.26005 0.06128 0.02633 46.96046 23.57214 0.61375 47.05959 23.59972 0.22815
lin/ang/drive_left/drive_right/tv_l/tv_r/av_l/av_r/x/y/theta/tx/ty/ttheta: 0.11273 -0.15994 0.16576 0.17462 0.15474 0.05365 0.18856 0.20175 46.97479 23.57232 0.72412 47.05959 23.59972 0.22815
lin/ang/drive_left/drive_right/tv_l/tv_r/av_l/av_r/x/y/theta/tx/ty/ttheta: 0.11126 -0.18752 0.25199 0.36070 0.06078 -0.18414 0.16736 0.10761 47.00593 23.57275 0.81839 47.05959 23.59972 0.22815
lin/ang/drive_left/drive_right/tv_l/tv_r/av_l/av_r/x/y/theta/tx/ty/ttheta: 0.08115 -0.18996 0.16317 0.11454 -0.18520 -0.24545 0.08625 -0.11461 47.07190 23.57367 0.78367 47.15973 23.59998 0.06524
lin/ang/drive_left/drive_right/tv_l/tv_r/av_l/av_r/x/y/theta/tx/ty/ttheta: 0.00351 -0.09867 0.04171 -0.31034 -0.49973 -0.28496 -0.10572 -0.20908 47.12609 23.57436 0.70625 47.20000 23.60000 359.99998
lin/ang/drive_left/drive_right/tv_l/tv_r/av_l/av_r/x/y/theta/tx/ty/ttheta: 0.00274 -0.06867 -0.31596 -0.22562 0.15791 0.19196 -0.34000 -0.24792 47.14230 23.57454 0.60063 47.20000 23.60000 359.99998
lin/ang/drive_left/drive_right/tv_l/tv_r/av_l/av_r/x/y/theta/tx/ty/ttheta: 0.00266 -0.01070 -0.26690 -0.08234 0.19284 0.18574 -0.10081 0.05558 47.14409 23.57456 0.39594 47.20000 23.60000 359.99998
lin/ang/drive_left/drive_right/tv_l/tv_r/av_l/av_r/x/y/theta/tx/ty/ttheta: 0.00269 -0.03257 0.07996 0.29046 0.07603 -0.17831 0.14903 0.16769 47.14341 23.57455 0.47320 47.20000 23.60000 359.99998
lin/ang/drive_left/drive_right/tv_l/tv_r/av_l/av_r/x/y/theta/tx/ty/ttheta: 0.00274 -0.06368 0.21179 0.28311 -0.12194 -0.22829 0.10144 -0.05544 47.14245 23.57454 0.58301 47.20000 23.60000 359.99998
lin/ang/drive_left/drive_right/tv_l/tv_r/av_l/av_r/x/y/theta/tx/ty/ttheta: 0.00277 -0.08338 -0.01599 -0.17268 -0.07241 0.09040 -0.07425 -0.18942 47.14185 23.57454 0.65255 47.20000 23.60000 359.99998
lin/ang/drive_left/drive_right/tv_l/tv_r/av_l/av_r/x/y/theta/tx/ty/ttheta: 0.00289 -0.06660 -0.15668 -0.30472 0.12124 0.20123 -0.08333 0.00750 47.13924 23.57451 0.59334 47.20000 23.60000 359.99998
lin/ang/drive_left/drive_right/tv_l/tv_r/av_l/av_r/x/y/theta/tx/ty/ttheta: 0.00282 -0.02438 -0.15020 0.06764 0.12545 0.08279 0.07922 0.15775 47.14054 23.57452 0.44440 47.20000 23.60000 359.99998
lin/ang/drive_left/drive_right/tv_l/tv_r/av_l/av_r/x/y/theta/tx/ty/ttheta: 0.00386 0.00031 0.08320 0.27425 -0.07251 -0.17829 0.11478 0.11122 47.11853 23.57438 0.35735 47.20000 23.60000 359.99998
lin/ang/drive_left/drive_right/tv_l/tv_r/av_l/av_r/x/y/theta/tx/ty/ttheta: 0.00403 -0.01358 0.12167 0.06116 -0.10433 -0.13491 -0.03867 -0.09803 47.11498 23.57435 0.40608 47.20000 23.60000 359.99998
lin/ang/drive_left/drive_right/tv_l/tv_r/av_l/av_r/x/y/theta/tx/ty/ttheta: 0.00408 -0.04647 -0.01837 -0.25675 0.09153 0.13170 -0.09086 -0.13431 47.11398 23.57435 0.52140 47.20000 23.60000 359.99998
lin/ang/drive_left/drive_right/tv_l/tv_r/av_l/av_r/x/y/theta/tx/ty/ttheta: 0.00413 -0.07707 -0.11454 -0.17592 0.14426 0.13836 0.05525 0.05664 47.11304 23.57434 0.62865 47.20000 23.60000 359.99998
lin/ang/drive_left/drive_right/tv_l/tv_r/av_l/av_r/x/y/theta/tx/ty/ttheta: 0.00428 -0.07864 0.04992 0.15063 0.07257 -0.11286 0.11822 0.12097 47.10986 23.57430 0.63417 47.20000 23.60000 359.99998
lin/ang/drive_left/drive_right/tv_l/tv_r/av_l/av_r/x/y/theta/tx/ty/ttheta: 0.00427 -0.06917 0.15366 0.22411 -0.12322 -0.16753 0.08297 -0.05731 47.11015 23.57430 0.60098 47.20000 23.60000 359.99998
lin/ang/drive_left/drive_right/tv_l/tv_r/av_l/av_r/x/y/theta/tx/ty/ttheta: 0.00422 -0.03795 0.05835 -0.06678 -0.12068 0.08830 -0.08094 -0.13533 47.11111 23.57431 0.49162 47.20000 23.60000 359.99998
lin/ang/drive_left/drive_right/tv_l/tv_r/av_l/av_r/x/y/theta/tx/ty/ttheta: 0.00418 -0.01358 -0.12794 -0.18888 0.09528 0.16703 -0.11328 0.02122 47.11185 23.57432 0.40626 47.20000 23.60000 359.99998
lin/ang/drive_left/drive_right/tv_l/tv_r/av_l/av_r/x/y/theta/tx/ty/ttheta: 0.00415 0.00683 -0.12513 0.04582 0.12150 0.06056 0.05422 0.12658 47.11248 23.57432 0.33474 47.20000 23.60000 359.99998
lin/ang/drive_left/drive_right/tv_l/tv_r/av_l/av_r/x/y/theta/tx/ty/ttheta: 0.00424 -0.00714 0.00584 0.24832 0.08836 -0.18646 0.10661 0.09242 47.11066 23.57431 0.38366 47.20000 23.60000 359.99998
lin/ang/drive_left/drive_right/tv_l/tv_r/av_l/av_r/x/y/theta/tx/ty/ttheta: 0.00427 -0.02761 0.12362 0.13161 -0.08851 -0.17097 0.09289 -0.10369 47.11003 23.57431 0.45536 47.20000 23.60000 359.99998
lin/ang/drive_left/drive_right/tv_l/tv_r/av_l/av_r/x/y/theta/tx/ty/ttheta: 0.07937 -0.11920 0.09185 -0.24896 0.48288 0.50635 -0.04672 -0.16000 47.10933 23.57430 0.53582 47.15973 23.59998 0.06524
lin/ang/drive_left/drive_right/tv_l/tv_r/av_l/av_r/x/y/theta/tx/ty/ttheta: 0.07936 -0.11497 0.07694 -0.17116 0.09530 0.24654 0.22225 0.13775 47.10946 23.57430 0.52110 47.15973 23.59998 0.06524
lin/ang/drive_left/drive_right/tv_l/tv_r/av_l/av_r/x/y/theta/tx/ty/ttheta: 0.00423 -0.00414 0.22195 0.51889 -0.57081 -0.56243 0.14564 0.27994 47.11075 23.57431 0.37316 47.20000 23.60000 359.99998
lin/ang/drive_left/drive_right/tv_l/tv_r/av_l/av_r/x/y/theta/tx/ty/ttheta: 0.00418 0.08314 0.01210 0.20228 -0.15743 -0.13226 -0.17881 -0.03322 47.11186 23.57432 0.06733 47.20000 23.60000 359.99998
lin/ang/drive_left/drive_right/tv_l/tv_r/av_l/av_r/x/y/theta/tx/ty/ttheta: 0.00215 0.08139 -0.32461 -0.41494 0.15465 0.18653 -0.24075 -0.17556 47.15454 23.57437 0.07360 47.20000 23.60000 359.99998
lin/ang/drive_left/drive_right/tv_l/tv_r/av_l/av_r/x/y/theta/tx/ty/ttheta: 0.00172 -0.00835 -0.14696 -0.18391 0.21968 0.13508 0.03883 0.08436 47.16393 23.57442 0.39153 47.20000 23.60000 359.99998
lin/ang/drive_left/drive_right/tv_l/tv_r/av_l/av_r/x/y/theta/tx/ty/ttheta: 0.00184 -0.08831 0.21612 0.23902 0.06907 -0.18921 0.17436 0.13517 47.16146 23.57439 0.67523 47.20000 23.60000 359.99998
lin/ang/drive_left/drive_right/tv_l/tv_r/av_l/av_r/x/y/theta/tx/ty/ttheta: 0.00188 -0.11554 0.23405 0.25329 -0.13841 -0.20843 0.10814 -0.08694 47.16061 23.57438 0.77178 47.20000 23.60000 359.99998
lin/ang/drive_left/drive_right/tv_l/tv_r/av_l/av_r/x/y/theta/tx/ty/ttheta: 0.00165 -0.05856 0.10006 -0.23859 -0.17719 0.15988 -0.06914 -0.17847 47.16551 23.57444 0.56963 47.20000 23.60000 359.99998
lin/ang/drive_left/drive_right/tv_l/tv_r/av_l/av_r/x/y/theta/tx/ty/ttheta: 0.00127 -0.00331 -0.15906 -0.31056 0.07966 0.26791 -0.14628 0.03678 47.17330 23.57450 0.37337 47.20000 23.60000 359.99998
lin/ang/drive_left/drive_right/tv_l/tv_r/av_l/av_r/x/y/theta/tx/ty/ttheta: 0.00090 0.04995 -0.22649 0.16360 0.12524 0.07057 0.00667 0.20636 47.18103 23.57453 0.18383 47.20000 23.60000 359.99998
lin/ang/drive_left/drive_right/tv_l/tv_r/av_l/av_r/x/y/theta/tx/ty/ttheta: 0.00090 0.05228 -0.00130 0.35248 0.10852 -0.19585 0.09842 0.12972 47.18111 23.57453 0.17550 47.20000 23.60000 359.99998
lin/ang/drive_left/drive_right/tv_l/tv_r/av_l/av_r/x/y/theta/tx/ty/ttheta: 0.00077 -0.00180 0.13161 0.21006 -0.03794 -0.25831 0.10389 -0.10642 47.18394 23.57455 0.36828 47.20000 23.60000 359.99998
lin/ang/drive_left/drive_right/tv_l/tv_r/av_l/av_r/x/y/theta/tx/ty/ttheta: 0.00089 -0.07898 0.16857 -0.33563 -0.08607 0.10507 0.00583 -0.21492 47.18154 23.57452 0.64349 47.20000 23.60000 359.99998
lin/ang/drive_left/drive_right/tv_l/tv_r/av_l/av_r/x/y/theta/tx/ty/ttheta: 0.00091 -0.09436 0.07715 -0.34514 -0.11060 0.19713 -0.06844 -0.01503 47.18106 23.57452 0.69828 47.20000 23.60000 359.99998
lin/ang/drive_left/drive_right/tv_l/tv_r/av_l/av_r/x/y/theta/tx/ty/ttheta: 0.00085 -0.05194 -0.08472 0.06700 -0.06699 0.09835 -0.09978 0.14833 47.18238 23.57453 0.54710 47.20000 23.60000 359.99998
lin/ang/drive_left/drive_right/tv_l/tv_r/av_l/av_r/x/y/theta/tx/ty/ttheta: 0.00077 -0.00301 -0.15712 0.30191 0.11094 -0.16613 -0.08075 0.12233 47.18390 23.57455 0.37259 47.20000 23.60000 359.99998
lin/ang/drive_left/drive_right/tv_l/tv_r/av_l/av_r/x/y/theta/tx/ty/ttheta: 0.00078 -0.01257 -0.07261 0.12708 0.13179 -0.16760 0.06006 -0.08725 47.18361 23.57454 0.40670 47.20000 23.60000 359.99998
lin/ang/drive_left/drive_right/tv_l/tv_r/av_l/av_r/x/y/theta/tx/ty/ttheta: 0.00089 -0.07997 0.09898 -0.25955 0.10386 0.09368 0.11450 -0.14803 47.18151 23.57452 0.64701 47.20000 23.60000 359.99998
lin/ang/drive_left/drive_right/tv_l/tv_r/av_l/av_r/x/y/theta/tx/ty/ttheta: 0.00094 -0.10973 0.17095 -0.27663 -0.10754 0.15852 0.10764 0.03919 47.18058 23.57451 0.75307 47.20000 23.60000 359.99998
lin/ang/drive_left/drive_right/tv_l/tv_r/av_l/av_r/x/y/theta/tx/ty/ttheta: 0.00085 -0.05667 0.11584 0.04949 -0.16549 0.10486 -0.05150 0.12406 47.18223 23.57453 0.56394 47.20000 23.60000 359.99998
lin/ang/drive_left/drive_right/tv_l/tv_r/av_l/av_r/x/y/theta/tx/ty/ttheta: 0.00073 0.01982 -0.15884 0.24443 -0.05894 -0.11062 -0.13433 0.11394 47.18461 23.57455 0.29116 47.20000 23.60000 359.99998
lin/ang/drive_left/drive_right/tv_l/tv_r/av_l/av_r/x/y/theta/tx/ty/ttheta: 0.00068 0.05289 -0.20488 0.09833 0.13004 -0.11696 -0.08439 -0.06436 47.18564 23.57455 0.17320 47.20000 23.60000 359.99998
lin/ang/drive_left/drive_right/tv_l/tv_r/av_l/av_r/x/y/theta/tx/ty/ttheta: 0.00078 -0.01048 -0.08277 -0.14220 0.17827 -0.03248 0.07342 -0.10747 47.18367 23.57454 0.39924 47.20000 23.60000 359.99998
lin/ang/drive_left/drive_right/tv_l/tv_r/av_l/av_r/x/y/theta/tx/ty/ttheta: 0.00088 -0.07108 0.15020 -0.19494 0.07806 0.10871 0.14817 -0.05664 47.18179 23.57453 0.61533 47.20000 23.60000 359.99998
lin/ang/drive_left/drive_right/tv_l/tv_r/av_l/av_r/x/y/theta/tx/ty/ttheta: 0.00089 -0.08246 0.22001 -0.07564 -0.14219 0.12129 0.09922 0.06983 47.18143 23.57452 0.65589 47.20000 23.60000 359.99998
lin/ang/drive_left/drive_right/tv_l/tv_r/av_l/av_r/x/y/theta/tx/ty/ttheta: 0.00079 -0.01352 0.07737 0.14372 -0.17638 0.04052 -0.08436 0.11156 47.18358 23.57454 0.41010 47.20000 23.60000 359.99998
lin/ang/drive_left/drive_right/tv_l/tv_r/av_l/av_r/x/y/theta/tx/ty/ttheta: 0.00067 0.05828 -0.20963 0.20617 0.08099 -0.10642 -0.15058 0.06914 47.18581 23.57455 0.15396 47.20000 23.60000 359.99998
lin/ang/drive_left/drive_right/tv_l/tv_r/av_l/av_r/x/y/theta/tx/ty/ttheta: 0.00065 0.07399 -0.17073 0.06073 0.13152 -0.11587 0.03014 -0.06997 47.18630 23.57456 0.09788 47.20000 23.60000 359.99998
lin/ang/drive_left/drive_right/tv_l/tv_r/av_l/av_r/x/y/theta/tx/ty/ttheta: 0.00075 0.01138 0.05230 -0.16187 0.09831 0.08289 0.11036 -0.10900 47.18435 23.57455 0.32126 47.20000 23.60000 359.99998
lin/ang/drive_left/drive_right/tv_l/tv_r/av_l/av_r/x/y/theta/tx/ty/ttheta: 0.00082 -0.03745 0.16727 -0.19969 -0.09844 0.12510 0.10164 0.04142 47.18283 23.57454 0.49543 47.20000 23.60000 359.99998
lin/ang/drive_left/drive_right/tv_l/tv_r/av_l/av_r/x/y/theta/tx/ty/ttheta: 0.00083 -0.04238 0.09725 0.01534 -0.12279 0.10123 -0.06039 0.10300 47.18268 23.57454 0.51301 47.20000 23.60000 359.99998
lin/ang/drive_left/drive_right/tv_l/tv_r/av_l/av_r/x/y/theta/tx/ty/ttheta: 0.00078 -0.00846 -0.03782 0.20185 -0.07694 -0.11869 -0.10522 0.10797 47.18373 23.57454 0.39204 47.20000 23.60000 359.99998
lin/ang/drive_left/drive_right/tv_l/tv_r/av_l/av_r/x/y/theta/tx/ty/ttheta: 0.00074 0.01829 -0.18910 0.21071 0.12405 -0.15083 -0.08742 -0.05200 47.18457 23.57455 0.29662 47.20000 23.60000 359.99998
lin/ang/drive_left/drive_right/tv_l/tv_r/av_l/av_r/x/y/theta/tx/ty/ttheta: 0.00078 -0.01191 -0.10179 -0.13831 0.15662 0.08195 0.06022 -0.13092 47.18363 23.57454 0.40434 47.20000 23.60000 359.99998
lin/ang/drive_left/drive_right/tv_l/tv_r/av_l/av_r/x/y/theta/tx/ty/ttheta: 0.00083 -0.04016 0.07737 -0.24097 0.06969 0.14603 0.13125 0.02189 47.18275 23.57454 0.50509 47.20000 23.60000 359.99998
lin/ang/drive_left/drive_right/tv_l/tv_r/av_l/av_r/x/y/theta/tx/ty/ttheta: 0.00083 -0.04102 0.18888 0.00195 -0.13749 0.11087 0.09292 0.11156 47.18272 23.57454 0.50815 47.20000 23.60000 359.99998
lin/ang/drive_left/drive_right/tv_l/tv_r/av_l/av_r/x/y/theta/tx/ty/ttheta: 0.00076 0.00461 0.09034 0.21590 -0.15986 -0.11722 -0.07000 0.11722 47.18414 23.57455 0.34542 47.20000 23.60000 359.99998
lin/ang/drive_left/drive_right/tv_l/tv_r/av_l/av_r/x/y/theta/tx/ty/ttheta: 0.00070 0.04079 -0.14566 0.16814 0.08611 -0.12574 -0.13381 -0.05389 47.18527 23.57455 0.21635 47.20000 23.60000 359.99998
lin/ang/drive_left/drive_right/tv_l/tv_r/av_l/av_r/x/y/theta/tx/ty/ttheta: 0.00073 0.02010 -0.19061 -0.16252 0.16358 0.10309 0.01900 -0.11344 47.18462 23.57455 0.29018 47.20000 23.60000 359.99998
lin/ang/drive_left/drive_right/tv_l/tv_r/av_l/av_r/x/y/theta/tx/ty/ttheta: 0.00080 -0.02046 0.01513 -0.22022 0.12813 0.13991 0.13142 0.04467 47.18336 23.57454 0.43483 47.20000 23.60000 359.99998
lin/ang/drive_left/drive_right/tv_l/tv_r/av_l/av_r/x/y/theta/tx/ty/ttheta: 0.00082 -0.03264 0.19796 0.03263 -0.12101 -0.06592 0.12558 0.11228 47.18298 23.57454 0.47826 47.20000 23.60000 359.99998
lin/ang/drive_left/drive_right/tv_l/tv_r/av_l/av_r/x/y/theta/tx/ty/ttheta: 0.00077 -0.00560 0.11649 0.19364 -0.14964 -0.12652 -0.06314 -0.01472 47.18382 23.57454 0.38184 47.20000 23.60000 359.99998
lin/ang/drive_left/drive_right/tv_l/tv_r/av_l/av_r/x/y/theta/tx/ty/ttheta: 0.00070 0.04472 -0.14156 0.04863 -0.06846 -0.08358 -0.12522 -0.09908 47.18539 23.57455 0.20234 47.20000 23.60000 359.99998
lin/ang/drive_left/drive_right/tv_l/tv_r/av_l/av_r/x/y/theta/tx/ty/ttheta: 0.00068 0.05753 -0.19947 -0.18629 0.13806 0.13966 -0.08367 -0.09375 47.18579 23.57455 0.15662 47.20000 23.60000 359.99998
lin/ang/drive_left/drive_right/tv_l/tv_r/av_l/av_r/x/y/theta/tx/ty/ttheta: 0.00074 0.01493 -0.08882 -0.18348 0.16303 0.13539 0.07803 0.06483 47.18446 23.57455 0.30860 47.20000 23.60000 359.99998
lin/ang/drive_left/drive_right/tv_l/tv_r/av_l/av_r/x/y/theta/tx/ty/ttheta: 0.00079 -0.01520 0.12211 0.12211 -0.08210 -0.11673 0.14167 0.11942 47.18352 23.57454 0.41609 47.20000 23.60000 359.99998
lin/ang/drive_left/drive_right/tv_l/tv_r/av_l/av_r/x/y/theta/tx/ty/ttheta: 0.00080 -0.02251 0.17678 0.22498 -0.13752 -0.16880 -0.02842 -0.05853 47.18330 23.57454 0.44215 47.20000 23.60000 359.99998
lin/ang/drive_left/drive_right/tv_l/tv_r/av_l/av_r/x/y/theta/tx/ty/ttheta: 0.00075 0.00820 -0.04863 -0.07197 -0.07750 0.09451 -0.10831 -0.13789 47.18425 23.57455 0.33263 47.20000 23.60000 359.99998
lin/ang/drive_left/drive_right/tv_l/tv_r/av_l/av_r/x/y/theta/tx/ty/ttheta: 0.00073 0.02379 -0.17008 -0.23232 0.12263 0.17155 -0.08897 0.03150 47.18474 23.57455 0.27700 47.20000 23.60000 359.99998
lin/ang/drive_left/drive_right/tv_l/tv_r/av_l/av_r/x/y/theta/tx/ty/ttheta: 0.00074 0.01471 -0.11886 0.00000 0.14401 0.10406 0.06811 0.13569 47.18446 23.57455 0.30940 47.20000 23.60000 359.99998
lin/ang/drive_left/drive_right/tv_l/tv_r/av_l/av_r/x/y/theta/tx/ty/ttheta: 0.00078 -0.00677 0.11973 0.26604 -0.08340 -0.17652 0.12592 0.12489 47.18379 23.57454 0.38603 47.20000 23.60000 359.99998
lin/ang/drive_left/drive_right/tv_l/tv_r/av_l/av_r/x/y/theta/tx/ty/ttheta: 0.00081 -0.03051 0.18089 0.03112 -0.12679 -0.12776 -0.02394 -0.08317 47.18305 23.57454 0.47066 47.20000 23.60000 359.99998
lin/ang/drive_left/drive_right/tv_l/tv_r/av_l/av_r/x/y/theta/tx/ty/ttheta: 0.00085 -0.05795 0.01426 -0.25804 -0.08696 0.12447 -0.10061 -0.12833 47.18219 23.57453 0.56852 47.20000 23.60000 359.99998
lin/ang/drive_left/drive_right/tv_l/tv_r/av_l/av_r/x/y/theta/tx/ty/ttheta: 0.00085 -0.05499 -0.14696 -0.17959 0.12066 0.15561 -0.09256 0.06417 47.18229 23.57453 0.55795 47.20000 23.60000 359.99998
lin/ang/drive_left/drive_right/tv_l/tv_r/av_l/av_r/x/y/theta/tx/ty/ttheta: 0.00079 -0.01698 -0.14869 0.12643 0.11988 -0.07784 0.05717 0.13364 47.18347 23.57454 0.42242 47.20000 23.60000 359.99998
lin/ang/drive_left/drive_right/tv_l/tv_r/av_l/av_r/x/y/theta/tx/ty/ttheta: 0.00077 -0.00332 0.04538 0.23816 -0.06716 -0.17292 0.10539 -0.01558 47.18389 23.57455 0.37371 47.20000 23.60000 359.99998
lin/ang/drive_left/drive_right/tv_l/tv_r/av_l/av_r/x/y/theta/tx/ty/ttheta: 0.00078 -0.01128 0.15387 0.01599 -0.12232 -0.12105 -0.02314 -0.13108 47.18365 23.57454 0.40209 47.20000 23.60000 359.99998
lin/ang/drive_left/drive_right/tv_l/tv_r/av_l/av_r/x/y/theta/tx/ty/ttheta: 0.00080 -0.02551 0.01621 -0.26453 -0.08830 0.14151 -0.09633 -0.13122 47.18320 23.57454 0.45285 47.20000 23.60000 359.99998
lin/ang/drive_left/drive_right/tv_l/tv_r/av_l/av_r/x/y/theta/tx/ty/ttheta: 0.00080 -0.02163 -0.13702 -0.11065 0.11375 0.13879 -0.09119 0.07356 47.18332 23.57454 0.43900 47.20000 23.60000 359.99998
lin/ang/drive_left/drive_right/tv_l/tv_r/av_l/av_r/x/y/theta/tx/ty/ttheta: 0.00075 0.01055 -0.13983 0.20617 0.11630 -0.10952 0.05422 0.12406 47.18433 23.57455 0.32425 47.20000 23.60000 359.99998
lin/ang/drive_left/drive_right/tv_l/tv_r/av_l/av_r/x/y/theta/tx/ty/ttheta: 0.00076 0.00604 0.03069 0.18932 0.07026 -0.16688 0.10247 -0.05031 47.18419 23.57455 0.34033 47.20000 23.60000 359.99998
lin/ang/drive_left/drive_right/tv_l/tv_r/av_l/av_r/x/y/theta/tx/ty/ttheta: 0.00079 -0.01875 0.15647 -0.07564 -0.10929 -0.05475 0.08589 -0.13619 47.18341 23.57454 0.42875 47.20000 23.60000 359.99998
lin/ang/drive_left/drive_right/tv_l/tv_r/av_l/av_r/x/y/theta/tx/ty/ttheta: 0.00080 -0.02342 0.14609 -0.24745 -0.13904 0.16044 -0.05047 -0.08539 47.18327 23.57454 0.44539 47.20000 23.60000 359.99998
lin/ang/drive_left/drive_right/tv_l/tv_r/av_l/av_r/x/y/theta/tx/ty/ttheta: 0.00077 -0.00241 -0.05316 -0.08688 -0.05435 0.15284 -0.11053 0.09328 47.18392 23.57455 0.37046 47.20000 23.60000 359.99998
lin/ang/drive_left/drive_right/tv_l/tv_r/av_l/av_r/x/y/theta/tx/ty/ttheta: 0.00073 0.02089 -0.17354 0.24270 0.12062 -0.12518 -0.07836 0.14219 47.18465 23.57455 0.28737 47.20000 23.60000 359.99998
lin/ang/drive_left/drive_right/tv_l/tv_r/av_l/av_r/x/y/theta/tx/ty/ttheta: 0.00077 -0.00489 -0.10654 0.15841 0.15307 -0.17312 0.06486 -0.05511 47.18385 23.57454 0.37932 47.20000 23.60000 359.99998
lin/ang/drive_left/drive_right/tv_l/tv_r/av_l/av_r/x/y/theta/tx/ty/ttheta: 0.00083 -0.04331 0.10136 -0.17052 0.07031 0.08889 0.13311 -0.14697 47.18265 23.57454 0.51633 47.20000 23.60000 359.99998
lin/ang/drive_left/drive_right/tv_l/tv_r/av_l/av_r/x/y/theta/tx/ty/ttheta: 0.00086 -0.05856 0.18953 -0.20747 -0.12863 0.14314 0.09514 0.02978 47.18218 23.57453 0.57068 47.20000 23.60000 359.99998
lin/ang/drive_left/drive_right/tv_l/tv_r/av_l/av_r/x/y/theta/tx/ty/ttheta: 0.00078 -0.00710 0.12102 0.04279 -0.17687 0.10046 -0.07136 0.11189 47.18378 23.57454 0.38721 47.20000 23.60000 359.99998
lin/ang/drive_left/drive_right/tv_l/tv_r/av_l/av_r/x/y/theta/tx/ty/ttheta: 0.00071 0.03817 -0.15063 0.22217 0.08079 -0.11802 -0.14511 0.11258 47.18519 23.57455 0.22571 47.20000 23.60000 359.99998
lin/ang/drive_left/drive_right/tv_l/tv_r/av_l/av_r/x/y/theta/tx/ty/ttheta: 0.00071 0.03834 -0.17354 0.16987 0.14103 -0.15854 0.02703 -0.05783 47.18519 23.57455 0.22509 47.20000 23.60000 359.99998
lin/ang/drive_left/drive_right/tv_l/tv_r/av_l/av_r/x/y/theta/tx/ty/ttheta: 0.00079 -0.01862 0.06440 -0.06700 0.09745 -0.09521 0.11464 -0.12833 47.18342 23.57454 0.42826 47.20000 23.60000 359.99998
lin/ang/drive_left/drive_right/tv_l/tv_r/av_l/av_r/x/y/theta/tx/ty/ttheta: 0.00085 -0.05351 0.17938 -0.23751 -0.10985 0.13202 0.10556 -0.10642 47.18233 23.57453 0.55269 47.20000 23.60000 359.99998
lin/ang/drive_left/drive_right/tv_l/tv_r/av_l/av_r/x/y/theta/tx/ty/ttheta: 0.00080 -0.02495 0.16511 -0.12621 -0.17111 0.16891 -0.05458 0.07236 47.18322 23.57454 0.45084 47.20000 23.60000 359.99998
lin/ang/drive_left/drive_right/tv_l/tv_r/av_l/av_r/x/y/theta/tx/ty/ttheta: 0.00071 0.03723 -0.15733 0.17376 -0.06941 0.06352 -0.14303 0.13964 47.18516 23.57455 0.22907 47.20000 23.60000 359.99998
lin/ang/drive_left/drive_right/tv_l/tv_r/av_l/av_r/x/y/theta/tx/ty/ttheta: 0.00068 0.05429 -0.22390 0.20963 0.14470 -0.14234 -0.09583 0.09239 47.18569 23.57455 0.16819 47.20000 23.60000 359.99998
lin/ang/drive_left/drive_right/tv_l/tv_r/av_l/av_r/x/y/theta/tx/ty/ttheta: 0.00079 -0.01846 -0.08212 0.09293 0.18717 -0.18996 0.07497 -0.07803 47.18342 23.57454 0.42769 47.20000 23.60000 359.99998
lin/ang/drive_left/drive_right/tv_l/tv_r/av_l/av_r/x/y/theta/tx/ty/ttheta: 0.00091 -0.09051 0.14998 -0.21525 0.08950 -0.06947 0.15417 -0.15606 47.18118 23.57452 0.68458 47.20000 23.60000 359.99998
lin/ang/drive_left/drive_right/tv_l/tv_r/av_l/av_r/x/y/theta/tx/ty/ttheta: 0.00093 -0.10512 0.22930 -0.28441 -0.14006 0.16695 0.11036 -0.09256 47.18073 23.57451 0.73662 47.20000 23.60000 359.99998
lin/ang/drive_left/drive_right/tv_l/tv_r/av_l/av_r/x/y/theta/tx/ty/ttheta: 0.00077 0.00012 0.08320 -0.09509 -0.20092 0.22283 -0.07000 0.10233 47.18400 23.57455 0.36143 47.20000 23.60000 359.99998
lin/ang/drive_left/drive_right/tv_l/tv_r/av_l/av_r/x/y/theta/tx/ty/ttheta: 0.00062 0.09514 -0.21071 0.29003 -0.08998 -0.08331 -0.16872 0.18786 47.18696 23.57456 0.02240 47.20000 23.60000 359.99998
lin/ang/drive_left/drive_right/tv_l/tv_r/av_l/av_r/x/y/theta/tx/ty/ttheta: 0.00060 0.10703 -0.25847 0.28635 0.15670 -0.17338 -0.11294 0.01386 47.18733 23.57456 -0.02004 47.20000 23.60000 359.99998
lin/ang/drive_left/drive_right/tv_l/tv_r/av_l/av_r/x/y/theta/tx/ty/ttheta: 0.00078 -0.01107 -0.07737 -0.06700 0.21988 -0.14371 0.07872 -0.13364 47.18365 23.57454 0.40137 47.20000 23.60000 359.99998
lin/ang/drive_left/drive_right/tv_l/tv_r/av_l/av_r/x/y/theta/tx/ty/ttheta: 0.00093 -0.10662 0.16273 -0.28333 0.10335 0.10123 0.17744 -0.14150 47.18068 23.57451 0.74199 47.20000 23.60000 359.99998
lin/ang/drive_left/drive_right/tv_l/tv_r/av_l/av_r/x/y/theta/tx/ty/ttheta: 0.00094 -0.11488 0.25177 -0.19191 -0.15080 0.16127 0.12936 0.03953 47.18042 23.57451 0.77143 47.20000 23.60000 359.99998
lin/ang/drive_left/drive_right/tv_l/tv_r/av_l/av_r/x/y/theta/tx/ty/ttheta: 0.00076 0.00102 0.06073 0.10827 -0.20020 0.08510 -0.07289 0.13331 47.18403 23.57455 0.35824 47.20000 23.60000 359.99998
lin/ang/drive_left/drive_right/tv_l/tv_r/av_l/av_r/x/y/theta/tx/ty/ttheta: 0.00062 0.09564 -0.22130 0.26323 -0.08622 -0.10061 -0.17144 0.10611 47.18698 23.57456 0.02062 47.20000 23.60000 359.99998
lin/ang/drive_left/drive_right/tv_l/tv_r/av_l/av_r/x/y/theta/tx/ty/ttheta: 0.00061 0.09936 -0.24097 0.15452 0.15846 -0.15371 -0.11139 -0.05597 47.18709 23.57456 0.00735 47.20000 23.60000 359.99998
lin/ang/drive_left/drive_right/tv_l/tv_r/av_l/av_r/x/y/theta/tx/ty/ttheta: 0.00078 -0.01098 -0.16511 -0.13767 0.24867 -0.09546 0.06144 -0.12714 47.18366 23.57454 0.40104 47.20000 23.60000 359.99998
lin/ang/drive_left/drive_right/tv_l/tv_r/av_l/av_r/x/y/theta/tx/ty/ttheta: 0.00091 -0.09546 0.19883 -0.25048 0.08833 0.10798 0.19761 -0.10883 47.18103 23.57452 0.70221 47.20000 23.60000 359.99998
lin/ang/drive_left/drive_right/tv_l/tv_r/av_l/av_r/x/y/theta/tx/ty/ttheta: 0.00089 -0.08305 0.24810 -0.22822 -0.16859 0.19139 0.11994 0.05100 47.18141 23.57452 0.65800 47.20000 23.60000 359.99998
lin/ang/drive_left/drive_right/tv_l/tv_r/av_l/av_r/x/y/theta/tx/ty/ttheta: 0.00071 0.03741 0.05122 0.14804 -0.21189 0.12070 -0.09583 0.15314 47.18516 23.57455 0.22841 47.20000 23.60000 359.99998
lin/ang/drive_left/drive_right/tv_l/tv_r/av_l/av_r/x/y/theta/tx/ty/ttheta: 0.00058 0.11926 -0.25069 0.29910 -0.07466 -0.11941 -0.18342 0.14014 47.18771 23.57456 -0.06369 47.20000 23.60000 359.99998
lin/ang/drive_left/drive_right/tv_l/tv_r/av_l/av_r/x/y/theta/tx/ty/ttheta: 0.00062 0.09351 -0.18219 0.06829 0.16142 -0.15148 -0.10061 -0.04994 47.18691 23.57456 0.02821 47.20000 23.60000 359.99998
lin/ang/drive_left/drive_right/tv_l/tv_r/av_l/av_r/x/y/theta/tx/ty/ttheta: 0.00096 -0.03495 -0.03933 -0.17289 0.20910 -0.09127 0.10864 -0.13072 47.17996 23.57452 0.48641 47.20000 23.60000 359.99998
lin/ang/drive_left/drive_right/tv_l/tv_r/av_l/av_r/x/y/theta/tx/ty/ttheta: 0.00095 -0.11996 0.20272 -0.25177 0.08560 0.10874 0.17967 -0.10917 47.18027 23.57453 0.78925 47.20000 23.60000 359.99998
lin/ang/drive_left/drive_right/tv_l/tv_r/av_l/av_r/x/y/theta/tx/ty/ttheta: 0.00091 -0.09328 0.22584 -0.05965 -0.17088 0.14712 0.10333 0.05133 47.18110 23.57454 0.69417 47.20000 23.60000 359.99998
lin/ang/drive_left/drive_right/tv_l/tv_r/av_l/av_r/x/y/theta/tx/ty/ttheta: 0.00072 0.02940 0.04690 0.12621 -0.20869 0.11752 -0.10592 0.11842 47.18491 23.57457 0.25676 47.20000 23.60000 359.99998
lin/ang/drive_left/drive_right/tv_l/tv_r/av_l/av_r/x/y/theta/tx/ty/ttheta: 0.00060 0.10980 -0.25696 0.24270 0.08363 -0.10422 -0.18136 0.11858 47.18742 23.57457 -0.03020 47.20000 23.60000 359.99998
lin/ang/drive_left/drive_right/tv_l/tv_r/av_l/av_r/x/y/theta/tx/ty/ttheta: 0.00063 0.08503 -0.19321 0.11670 0.16612 -0.15959 0.02822 -0.04706 47.18665 23.57457 0.05822 47.20000 23.60000 359.99998
lin/ang/drive_left/drive_right/tv_l/tv_r/av_l/av_r/x/y/theta/tx/ty/ttheta: 0.00093 -0.01669 0.10460 -0.14069 0.11142 -0.09031 0.13192 -0.12744 47.18053 23.57454 0.42108 47.20000 23.60000 359.99998
lin/ang/drive_left/drive_right/tv_l/tv_r/av_l/av_r/x/y/theta/tx/ty/ttheta: 0.00088 -0.07725 0.19861 -0.24183 -0.10128 0.12206 0.11994 -0.10883 47.18160 23.57456 0.63685 47.20000 23.60000 359.99998
lin/ang/drive_left/drive_right/tv_l/tv_r/av_l/av_r/x/y/theta/tx/ty/ttheta: 0.00081 -0.02769 0.13529 -0.05770 -0.17740 0.16256 -0.04242 0.06006 47.18314 23.57457 0.46016 47.20000 23.60000 359.99998
lin/ang/drive_left/drive_right/tv_l/tv_r/av_l/av_r/x/y/theta/tx/ty/ttheta: 0.00067 0.05854 -0.11368 0.18132 -0.11056 0.08216 -0.14047 0.13811 47.18582 23.57459 0.15257 47.20000 23.60000 359.99998
lin/ang/drive_left/drive_right/tv_l/tv_r/av_l/av_r/x/y/theta/tx/ty/ttheta: 0.00063 0.09026 -0.22822 0.26280 0.12824 -0.14707 -0.12289 0.10694 47.18681 23.57459 0.03938 47.20000 23.60000 359.99998
lin/ang/drive_left/drive_right/tv_l/tv_r/av_l/av_r/x/y/theta/tx/ty/ttheta: 0.00075 0.01043 -0.09790 0.18067 0.19128 -0.23443 0.05236 -0.07411 47.18433 23.57458 0.32422 47.20000 23.60000 359.99998
lin/ang/drive_left/drive_right/tv_l/tv_r/av_l/av_r/x/y/theta/tx/ty/ttheta: 0.00090 -0.08570 0.12102 -0.24875 0.11766 -0.07764 0.15606 -0.18839 47.18134 23.57455 0.66697 47.20000 23.60000 359.99998
lin/ang/drive_left/drive_right/tv_l/tv_r/av_l/av_r/x/y/theta/tx/ty/ttheta: 0.00094 -0.11196 0.24227 -0.34146 -0.13337 0.17916 0.12903 -0.11958 47.18052 23.57454 0.76058 47.20000 23.60000 359.99998
lin/ang/drive_left/drive_right/tv_l/tv_r/av_l/av_r/x/y/theta/tx/ty/ttheta: 0.00076 0.00317 0.08709 -0.05749 -0.21040 0.22132 -0.06533 0.09633 47.18410 23.57458 0.35011 47.20000 23.60000 359.99998
lin/ang/drive_left/drive_right/tv_l/tv_r/av_l/av_r/x/y/theta/tx/ty/ttheta: 0.00059 0.11059 -0.20012 0.28830 -0.10349 0.07900 -0.17317 0.19147 47.18745 23.57459 -0.03318 47.20000 23.60000 359.99998
lin/ang/drive_left/drive_right/tv_l/tv_r/av_l/av_r/x/y/theta/tx/ty/ttheta: 0.00071 0.12561 -0.24270 0.30343 0.14744 -0.17422 -0.12594 0.11378 47.18496 23.57459 -0.08684 47.20000 23.60000 359.99998
WARNING - pros.serial.terminal.terminal:reader - Connection to /dev/ttyACM1 broken - pros-cli version:3.5.6
WARNING - pros.serial.terminal.terminal:stop - Stopping terminal - pros-cli version:3.5.6

[tomas@nixbtw:~/projects/Robotics/current/libs/lyfast]$

