[tomas@nixbtw:~/projects/Robotics/current/libs/lyfast]$ t
Not sending analytics for this command.

ERROR - pros.cli.common:resolve_v5_port - No v5 ports were found! If you think you have a v5 plugged in, run this command again with the --debug flag - pros-cli version:3.5.6
Sentry is attempting to send 1 pending events
Waiting up to 2 seconds
Press Ctrl-C to quit

[tomas@nixbtw:~/projects/Robotics/current/libs/lyfast]$ t
Not sending analytics for this command.

Established terminal connection



         _+=+_
      .-`  .  `-.          8888888b.  8888888b.   .d88888b.   .d8888b.
   _+`     "     `+_       888   Y88b 888   Y88b d88P" "Y88b d88P  Y88b
  \\\sssssssssssss///      888    888 888    888 888     888 Y88b.
     .ss\  *  /ss.         888   d88P 888   d88P 888     888  "Y888b.
 .+bm  .s  *  s.  md+.     8888888P"  8888888P"  888     888     "Y88b.
.hMMMMs .  *  . sMMMMh.    888        888 T88b   888     888       "888
 `\hMMMb \ | / dMMMh:      888        888  T88b  Y88b. .d88P Y88b  d88P
   -SNMNo  -  oNMNs-       888        888   T88b  "Y88888P"   "Y8888P"
     `+dMh\./dMd/
        `:yNy:`                      Powered by PROS for VEX V5
           "                Copyright (c) Purdue University ACM SIGBots
Version:        4.2.1     Platform:  V1.1.5 (b18)     Uptime:    0.000 s
Compiled:   Jan  1 1980 00:00:00     Directory:


total distance: 54.536701
delta_distance: 0.100000
allocated for points 555
adding points:1002
isolated constraints:1418
forwards pass:1725
backwards pass:3924
travel times:3996
final time:4006
a_{kin}=\left[46.02,45.7615,45.5051,45.251,44.9991,44.7494,44.5019,44.2566,44.0136,43.7728,43.5342,43.2979,43.0638,42.832,42.6024,42.3751,42.15,41.9272,41.7067,41.4885,41.2725,41.0588,40.8475,40.6384,40.4316,40.2271,40.025,39.8251,39.6276,39.4324,39.2396,39.0491,38.8609,38.6751,38.4917,38.3106,38.1319,37.9555,37.7816,37.61,37.4408,37.2741,37.1097,36.9477,36.7882,36.6311,36.4764,36.3242,36.1744,36.0271,35.8822,35.7399,35.5999,35.4625,35.3276,35.1951,35.0652,34.9378,34.8129,34.6906,34.5708,34.4536,34.3389,34.2268,34.1172,34.0103,33.9059,33.8042,33.7051,33.6086,33.5148,33.4236,33.335,33.2492,33.166,33.0855,33.0078,32.9327,32.8604,32.7909,32.724,32.66,32.5988,32.5403,32.4847,32.4319,32.3819,32.3348,32.2906,32.2492,32.2108,32.1753,32.1427,32.1131,32.0864,32.0628,32.0422,32.0246,32.01,31.9986,31.9902,31.9849,31.9828,31.9838,31.9881,31.9955,32.0062,32.0201,32.0373,32.0578,32.0817,32.1089,32.1395,32.1735,32.211,32.252,32.2965,32.3446,32.3962,32.4515,32.5104,32.573,32.6393,32.7095,32.7834,32.8612,32.9429,33.0285,33.1181,33.2118,33.3095,33.4114,33.5175,33.6278,33.7424,33.8614,33.9847,34.1126,34.245,34.382,34.5237,34.6701,34.8213,34.9774,35.1384,35.3045,35.4757,35.6522,35.8339,36.021,36.2136,36.4117,36.6156,36.8252,37.0407,37.2622,37.4898,37.7237,37.9639,38.2106,38.4639,38.724,38.991,39.265,39.5463,39.8349,40.1311,40.435,40.7468,41.0667,41.3949,41.7315,42.0769,42.4312,42.7946,43.1675,43.55,43.9424,44.345,44.7581,45.1819,45.6168,46.0632,46.5213,46.9915,47.4741,47.9697,48.4785,49.0011,49.5378,50.0891,50.6556,51.2377,51.8361,52.4512,53.0837,53.7342,54.4034,55.092,55.8008,56.5305,57.282,58.0561,58.8538,59.6761,60.524,61.3987,62.3012,63.2329,64.1951,65.1892,66.2167,67.2792,68.3784,69.5162,70.6945,71.9154,73.1811,74.4942,75.857,77.2725,78.7437,80.2738,81.8662,83.5249,85.2538,87.0574,88.9407,90.9088,92.9675,95.1232,97.3827,99.7536,102.244,104.864,107.623,110.532,113.604,116.853,120.295,123.946,127.828,131.961,136.372,141.089,146.145,151.578,157.431,163.756,170.61,178.065,186.202,195.118,204.933,215.788,227.858,241.358,256.56,273.806,293.539,316.337,342.975,374.513,412.437,458.909,517.182,592.41,693.246,835.451,1051.06,1416.65,2172.21,4654.93,9997.9,3620.03,1916.55,1303.26,987.324,794.679,664.936,571.614,501.262,446.331,402.249,366.093,335.901,310.309,288.341,269.279,252.581,237.833,224.714,212.966,202.386,192.809,184.097,176.14,168.842,162.126,155.925,150.181,144.846,139.878,135.241,130.901,126.833,123.011,119.414,116.022,112.819,109.789,106.918,104.195,101.609,99.1487,96.8064,94.5735,92.4426,90.4071,88.4607,86.5978,84.8132,83.1022,81.4605,79.884,78.3689,76.9119,75.5098,74.1596,72.8585,71.6042,70.3941,69.226,68.098,67.0081,65.9544,64.9354,63.9493,62.9948,62.0705,61.175,60.3071,59.4656,58.6495,57.8577,57.0892,56.3432,55.6187,54.915,54.2313,53.5667,52.9207,52.2925,51.6816,51.0873,50.5091,49.9464,49.3987,48.8655,48.3464,47.8408,47.3485,46.8689,46.4017,45.9465,45.503,45.0708,44.6496,44.2391,43.839,43.4491,43.0689,42.6984,42.3372,41.9851,41.6419,41.3073,40.9812,40.6633,40.3534,40.0514,39.7571,39.4702,39.1908,38.9184,38.6531,38.3947,38.143,37.8979,37.6593,37.4269,37.2009,36.9808,36.7668,36.5586,36.3562,36.1594,35.9682,35.7825,35.6021,35.427,35.257,35.0922,34.9324,34.7776,34.6276,34.4824,34.3419,34.2061,34.0749,33.9482,33.826,33.7082,33.5947,33.4856,33.3806,33.2798,33.1832,33.0906,33.0021,32.9176,32.837,32.7603,32.6874,32.6184,32.5531,32.4915,32.4337,32.3795,32.3289,32.2819,32.2385,32.1986,32.1621,32.1292,32.0996,32.0735,32.0507,32.0312,32.0151,32.0022,31.9926,31.9863,31.9831,31.9832,31.9864,31.9927,32.0022,32.0148,32.0304,32.0491,32.0709,32.0956,32.1234,32.1541,32.1878,32.2245,32.2641,32.3066,32.352,32.4002,32.4514,32.5054,32.5622,32.6219,32.6843,32.7496,32.8176,32.8884,32.962,33.0383,33.1173,33.199,33.2835,33.3706,33.4605,33.5529,33.6481,33.7459,33.8464,33.9494,34.0552,34.1635,34.2744,34.3879,34.5039,34.6226,34.7438,34.8676,34.9939,35.1227,35.2541,35.388,35.5244,35.6633,35.8047,35.9487,36.095,36.2439,36.3952,36.549,36.7052,36.8639,37.025,37.1886,37.3546,37.523,37.6938,37.867,38.0426,38.2206,38.401,38.5838,38.7689,38.9564,39.1463,39.3385,39.5331,39.7301,39.9293,40.1309,40.3349,40.5411,40.7497,40.9606,41.1738,41.3893,41.6071,41.8272,42.0496,42.2743,42.5012,42.7305,42.962,43.1957,43.4318,43.67,43.9105,44.1533,44.3983,44.6456,44.8951,45.1468,45.4007,45.6569,45.9153,46.02\right]
a_{turn}=\left[\right]
d_{kin}=\left[46.02,45.7615,45.5051,45.251,44.9991,44.7494,44.5019,44.2566,44.0136,43.7728,43.5342,43.2979,43.0638,42.832,42.6024,42.3751,42.15,41.9272,41.7067,41.4885,41.2725,41.0588,40.8475,40.6384,40.4316,40.2271,40.025,39.8251,39.6276,39.4324,39.2396,39.0491,38.8609,38.6751,38.4917,38.3106,38.1319,37.9555,37.7816,37.61,37.4408,37.2741,37.1097,36.9477,36.7882,36.6311,36.4764,36.3242,36.1744,36.0271,35.8822,35.7399,35.5999,35.4625,35.3276,35.1951,35.0652,34.9378,34.8129,34.6906,34.5708,34.4536,34.3389,34.2268,34.1172,34.0103,33.9059,33.8042,33.7051,33.6086,33.5148,33.4236,33.335,33.2492,33.166,33.0855,33.0078,32.9327,32.8604,32.7909,32.724,32.66,32.5988,32.5403,32.4847,32.4319,32.3819,32.3348,32.2906,32.2492,32.2108,32.1753,32.1427,32.1131,32.0864,32.0628,32.0422,32.0246,32.01,31.9986,31.9902,31.9849,31.9828,31.9838,31.9881,31.9955,32.0062,32.0201,32.0373,32.0578,32.0817,32.1089,32.1395,32.1735,32.211,32.252,32.2965,32.3446,32.3962,32.4515,32.5104,32.573,32.6393,32.7095,32.7834,32.8612,32.9429,33.0285,33.1181,33.2118,33.3095,33.4114,33.5175,33.6278,33.7424,33.8614,33.9847,34.1126,34.245,34.382,34.5237,34.6701,34.8213,34.9774,35.1384,35.3045,35.4757,35.6522,35.8339,36.021,36.2136,36.4117,36.6156,36.8252,37.0407,37.2622,37.4898,37.7237,37.9639,38.2106,38.4639,38.724,38.991,39.265,39.5463,39.8349,40.1311,40.435,40.7468,41.0667,41.3949,41.7315,42.0769,42.4312,42.7946,43.1675,43.55,43.9424,44.345,44.7581,45.1819,45.6168,46.0632,46.5213,46.9915,47.4741,47.9697,48.4785,49.0011,49.5378,50.0891,50.6556,51.2377,51.8361,52.4512,53.0837,53.7342,54.4034,55.092,55.8008,56.5305,57.282,58.0561,58.8538,59.6761,60.524,61.3987,62.3012,63.2329,64.1951,65.1892,66.2167,67.2792,68.3784,69.5162,70.6945,71.9154,73.1811,74.4942,75.857,77.2725,78.7437,80.2738,81.8662,83.5249,85.2538,87.0574,88.9407,90.9088,92.9675,93.3054,93.4506,93.5963,93.7425,93.8893,94.0366,94.1844,94.3328,94.4816,94.631,94.781,94.9314,95.0824,95.2338,95.3858,95.5383,95.6914,95.8449,95.999,96.1535,96.3086,96.4642,96.6203,96.777,96.9341,97.0918,97.25,97.4087,97.568,97.7278,97.8881,98.0489,98.2102,98.3721,98.5346,98.6975,98.8611,99.0251,99.1897,99.3548,99.5205,99.6868,99.8536,99.979,99.8118,99.6452,99.479,99.3135,99.1485,98.984,98.8201,98.6567,98.4939,98.3316,98.1698,98.0086,97.8479,97.6877,97.5281,97.369,97.2104,97.0523,96.8948,96.7377,96.5812,96.4252,96.2698,96.1148,95.9604,95.8064,95.653,95.5001,95.3477,95.1959,95.0445,94.8937,94.7434,94.5936,94.4443,94.2956,94.1473,93.9996,93.8525,93.7058,93.5597,93.4142,93.2691,92.4426,90.4071,88.4607,86.5978,84.8132,83.1022,81.4605,79.884,78.3689,76.9119,75.5098,74.1596,72.8585,71.6042,70.3941,69.226,68.098,67.0081,65.9544,64.9354,63.9493,62.9948,62.0705,61.175,60.3071,59.4656,58.6495,57.8577,57.0892,56.3432,55.6187,54.915,54.2313,53.5667,52.9207,52.2925,51.6816,51.0873,50.5091,49.9464,49.3987,48.8655,48.3464,47.8408,47.3485,46.8689,46.4017,45.9465,45.503,45.0708,44.6496,44.2391,43.839,43.4491,43.0689,42.6984,42.3372,41.9851,41.6419,41.3073,40.9812,40.6633,40.3534,40.0514,39.7571,39.4702,39.1908,38.9184,38.6531,38.3947,38.143,37.8979,37.6593,37.4269,37.2009,36.9808,36.7668,36.5586,36.3562,36.1594,35.9682,35.7825,35.6021,35.427,35.257,35.0922,34.9324,34.7776,34.6276,34.4824,34.3419,34.2061,34.0749,33.9482,33.826,33.7082,33.5947,33.4856,33.3806,33.2798,33.1832,33.0906,33.0021,32.9176,32.837,32.7603,32.6874,32.6184,32.5531,32.4915,32.4337,32.3795,32.3289,32.2819,32.2385,32.1986,32.1621,32.1292,32.0996,32.0735,32.0507,32.0312,32.0151,32.0022,31.9926,31.9863,31.9831,31.9832,31.9864,31.9927,32.0022,32.0148,32.0304,32.0491,32.0709,32.0956,32.1234,32.1541,32.1878,32.2245,32.2641,32.3066,32.352,32.4002,32.4514,32.5054,32.5622,32.6219,32.6843,32.7496,32.8176,32.8884,32.962,33.0383,33.1173,33.199,33.2835,33.3706,33.4605,33.5529,33.6481,33.7459,33.8464,33.9494,34.0552,34.1635,34.2744,34.3879,34.5039,34.6226,34.7438,34.8676,34.9939,35.1227,35.2541,35.388,35.5244,35.6633,35.8047,35.9487,36.095,36.2439,36.3952,36.549,36.7052,36.8639,37.025,37.1886,37.3546,37.523,37.6938,37.867,38.0426,38.2206,38.401,38.5838,38.7689,38.9564,39.1463,39.3385,39.5331,39.7301,39.9293,40.1309,40.3349,40.5411,40.7497,40.9606,41.1738,41.3893,41.6071,41.8272,42.0496,42.2743,42.5012,42.7305,42.962,43.1957,43.4318,43.67,43.9105,44.1533,44.3983,44.6456,44.8951,45.1468,45.4007,45.6569,45.9153,46.02\right]
d_{turn}=\left[\right]
v_{kin}=\left[52.2509,52.2128,52.1747,52.1365,52.0983,52.06,52.0217,51.9834,51.9451,51.9068,51.8684,51.8301,51.7917,51.7534,51.7151,51.6768,51.6386,51.6004,51.5622,51.5241,51.486,51.4481,51.4101,51.3723,51.3345,51.2969,51.2593,51.2219,51.1846,51.1474,51.1103,51.0734,51.0366,51,50.9636,50.9273,50.8913,50.8554,50.8197,50.7843,50.7491,50.7141,50.6793,50.6449,50.6106,50.5767,50.543,50.5097,50.4766,50.4439,50.4115,50.3794,50.3477,50.3163,50.2853,50.2547,50.2245,50.1946,50.1652,50.1362,50.1077,50.0796,50.052,50.0248,49.9981,49.9719,49.9462,49.921,49.8964,49.8723,49.8487,49.8257,49.8033,49.7815,49.7602,49.7396,49.7195,49.7001,49.6814,49.6632,49.6458,49.629,49.6129,49.5974,49.5827,49.5687,49.5554,49.5428,49.531,49.5199,49.5096,49.5001,49.4913,49.4833,49.4761,49.4697,49.4641,49.4593,49.4554,49.4523,49.45,49.4486,49.448,49.4483,49.4494,49.4515,49.4543,49.4581,49.4628,49.4684,49.4748,49.4822,49.4904,49.4996,49.5097,49.5207,49.5326,49.5455,49.5592,49.5739,49.5895,49.6061,49.6235,49.6419,49.6613,49.6815,49.7027,49.7249,49.7479,49.7719,49.7968,49.8227,49.8494,49.8771,49.9057,49.9352,49.9656,49.997,50.0292,50.0624,50.0964,50.1314,50.1672,50.2039,50.2415,50.28,50.3193,50.3595,50.4006,50.4425,50.4853,50.5289,50.5733,50.6186,50.6647,50.7116,50.7593,50.8078,50.8571,50.9072,50.958,51.0097,51.0621,51.1152,51.1691,51.2237,51.2791,51.3352,51.392,51.4495,51.5076,51.5665,51.6261,51.6863,51.7472,51.8088,51.871,51.9338,51.9973,52.0613,52.126,52.1913,52.2573,52.3237,52.3908,52.4584,52.5266,52.5954,52.6647,52.7346,52.805,52.8759,52.9473,53.0192,53.0917,53.1646,53.238,53.3119,53.3863,53.4612,53.5365,53.6122,53.6885,53.7651,53.8422,53.9197,53.9977,54.0761,54.1548,54.234,54.3136,54.3936,54.474,54.5548,54.6359,54.7175,54.7994,54.8816,54.9643,55.0473,55.1307,55.2144,55.2984,55.3829,55.4676,55.5527,55.6382,55.7239,55.81,55.8965,55.9833,56.0703,56.1578,56.2455,56.3336,56.422,56.5106,56.5997,56.689,56.7786,56.8686,56.9588,57.0494,57.1403,57.2315,57.323,57.4148,57.5069,57.5994,57.6921,57.7852,57.8785,57.9722,58.0662,58.1605,58.2551,58.35,58.4452,58.5408,58.6367,58.7328,58.8293,58.9261,59.0233,59.1207,59.2185,59.3166,59.4151,59.5138,59.6129,59.7123,59.8121,59.9122,59.9874,59.8871,59.7871,59.6874,59.5881,59.4891,59.3904,59.2921,59.194,59.0963,58.999,58.9019,58.8052,58.7088,58.6126,58.5169,58.4214,58.3262,58.2314,58.1369,58.0427,57.9487,57.8552,57.7619,57.6689,57.5762,57.4839,57.3918,57.3001,57.2086,57.1175,57.0267,56.9362,56.846,56.7562,56.6666,56.5773,56.4884,56.3998,56.3115,56.2235,56.1358,56.0485,55.9615,55.8748,55.7884,55.7024,55.6167,55.5313,55.4463,55.3616,55.2773,55.1933,55.1097,55.0264,54.9435,54.8609,54.7787,54.6969,54.6155,54.5344,54.4537,54.3734,54.2935,54.214,54.1349,54.0562,53.9779,53.9001,53.8227,53.7457,53.6691,53.593,53.5173,53.4421,53.3674,53.2931,53.2193,53.146,53.0731,53.0008,52.929,52.8577,52.7869,52.7166,52.6469,52.5777,52.509,52.441,52.3734,52.3065,52.2401,52.1744,52.1092,52.0446,51.9807,51.9173,51.8546,51.7926,51.7312,51.6704,51.6103,51.5509,51.4922,51.4342,51.3768,51.3202,51.2643,51.2091,51.1546,51.1009,51.0479,50.9957,50.9442,50.8935,50.8436,50.7945,50.7462,50.6987,50.6519,50.606,50.561,50.5167,50.4733,50.4307,50.389,50.3481,50.3081,50.269,50.2307,50.1934,50.1569,50.1212,50.0865,50.0527,50.0198,49.9878,49.9566,49.9265,49.8972,49.8688,49.8414,49.8149,49.7893,49.7646,49.7409,49.7181,49.6962,49.6752,49.6552,49.6362,49.618,49.6008,49.5845,49.5692,49.5548,49.5413,49.5287,49.5171,49.5063,49.4965,49.4876,49.4797,49.4726,49.4664,49.4611,49.4568,49.4533,49.4507,49.4489,49.4481,49.4481,49.449,49.4507,49.4533,49.4567,49.4609,49.466,49.4719,49.4786,49.4861,49.4944,49.5035,49.5133,49.5239,49.5353,49.5474,49.5603,49.5739,49.5882,49.6032,49.619,49.6354,49.6524,49.6702,49.6886,49.7077,49.7274,49.7477,49.7687,49.7902,49.8123,49.835,49.8583,49.8822,49.9066,49.9315,49.9569,49.9829,50.0094,50.0363,50.0638,50.0917,50.12,50.1489,50.1781,50.2078,50.2379,50.2683,50.2992,50.3304,50.3621,50.394,50.4263,50.459,50.492,50.5253,50.5589,50.5927,50.6269,50.6614,50.6961,50.731,50.7662,50.8016,50.8373,50.8731,50.9092,50.9455,50.9819,51.0185,51.0553,51.0923,51.1294,51.1666,51.204,51.2415,51.2791,51.3168,51.3546,51.3925,51.4305,51.4685,51.5067,51.5449,51.5831,51.6214,51.6598,51.6981,51.7365,51.775,51.8134,51.8518,51.8903,51.9287,51.9672,52.0056,52.044,52.0824,52.1207,52.159,52.1973,52.2355,52.2509\right]
v_{turn}=\left[70.8,70.4023,70.0079,69.6169,69.2294,68.8452,68.4645,68.0871,67.7132,67.3428,66.9757,66.6121,66.252,65.8954,65.5422,65.1924,64.8462,64.5034,64.1642,63.8284,63.4962,63.1674,62.8423,62.5206,62.2025,61.8879,61.5769,61.2695,60.9656,60.6653,60.3686,60.0755,59.7861,59.5002,59.218,58.9394,58.6644,58.3931,58.1255,57.8616,57.6013,57.3447,57.0918,56.8427,56.5973,56.3555,56.1176,55.8834,55.653,55.4263,55.2034,54.9844,54.7691,54.5577,54.3501,54.1464,53.9465,53.7505,53.5584,53.3702,53.1859,53.0055,52.829,52.6566,52.4881,52.3235,52.163,52.0065,51.854,51.7056,51.5612,51.4209,51.2847,51.1526,51.0246,50.9008,50.7812,50.6657,50.5545,50.4475,50.3447,50.2462,50.1519,50.062,49.9764,49.8952,49.8183,49.7458,49.6778,49.6142,49.555,49.5004,49.4503,49.4047,49.3638,49.3274,49.2957,49.2686,49.2462,49.2286,49.2157,49.2076,49.2043,49.2059,49.2124,49.2239,49.2403,49.2617,49.2881,49.3197,49.3564,49.3983,49.4454,49.4978,49.5554,49.6185,49.6869,49.7609,49.8403,49.9253,50.016,50.1123,50.2144,50.3222,50.436,50.5557,50.6813,50.8131,50.951,51.095,51.2454,51.4022,51.5653,51.7351,51.9114,52.0944,52.2842,52.4809,52.6846,52.8954,53.1133,53.3385,53.5712,53.8113,54.0591,54.3147,54.5781,54.8495,55.1291,55.4169,55.7132,56.0181,56.3316,56.6541,56.9857,57.3265,57.6766,58.0364,58.406,58.7855,59.1752,59.5754,59.9861,60.4077,60.8405,61.2845,61.7402,62.2077,62.6874,63.1795,63.6844,64.2024,64.7337,65.2788,65.8379,66.4115,67,67.6037,68.2231,68.8586,69.5106,70.1798,70.8664,71.5712,72.2945,73.0372,73.7995,74.5824,75.3863,76.212,77.0602,77.9317,78.8273,79.7478,80.6941,81.6672,82.668,83.6976,84.757,85.8474,86.97,88.1261,89.3171,90.5444,91.8094,93.1139,94.4595,95.8481,97.2814,98.7617,100.291,101.872,103.506,105.198,106.948,108.761,110.639,112.586,114.606,116.703,118.881,121.144,123.498,125.948,128.5,131.16,133.935,136.832,139.86,143.027,146.343,149.82,153.467,157.299,161.329,165.573,170.049,174.775,179.774,185.068,190.686,196.658,203.017,209.803,217.06,224.838,233.197,242.202,251.932,262.478,273.946,286.464,300.182,315.282,331.981,350.55,371.321,394.708,421.241,451.599,486.673,527.654,576.173,634.519,706.013,795.665,911.4,1066.53,1285.31,1617.01,2179.46,3341.86,7161.43,50097.7,5569.28,2948.53,2005.01,1518.96,1222.58,1022.98,879.405,771.173,686.662,618.844,563.22,516.77,477.398,443.602,414.275,388.586,365.898,345.713,327.64,311.363,296.629,283.227,270.984,259.757,249.425,239.884,231.047,222.84,215.197,208.062,201.387,195.128,189.248,183.714,178.496,173.567,168.905,164.489,160.3,156.321,152.536,148.933,145.498,142.219,139.088,136.093,133.227,130.482,127.85,125.324,122.898,120.568,118.326,116.169,114.092,112.09,110.16,108.299,106.502,104.766,103.089,101.468,99.9006,98.3836,96.9151,95.493,94.1153,92.7801,91.4855,90.23,89.0118,87.8295,86.6818,85.5673,84.4847,83.4327,82.4103,81.4165,80.4501,79.5102,78.5959,77.7063,76.8406,75.998,75.1777,74.379,73.6013,72.8438,72.106,71.3872,70.6869,70.0046,69.3396,68.6917,68.0602,67.4446,66.8447,66.2599,65.6898,65.1341,64.5925,64.0644,63.5497,63.048,62.5589,62.0822,61.6175,61.1647,60.7235,60.2935,59.8745,59.4664,59.0688,58.6816,58.3045,57.9373,57.5799,57.2321,56.8936,56.5643,56.244,55.9326,55.6299,55.3357,55.0499,54.7724,54.503,54.2416,53.988,53.7422,53.5039,53.2732,53.0498,52.8337,52.6248,52.423,52.228,52.04,51.8588,51.6842,51.5162,51.3548,51.1998,51.0511,50.9087,50.7725,50.6424,50.5184,50.4004,50.2883,50.1821,50.0817,49.987,49.898,49.8146,49.7368,49.6645,49.5977,49.5363,49.4802,49.4295,49.384,49.3438,49.3087,49.2788,49.254,49.2342,49.2194,49.2097,49.2048,49.2049,49.2098,49.2196,49.2342,49.2535,49.2776,49.3063,49.3398,49.3779,49.4206,49.4679,49.5198,49.5761,49.6371,49.7024,49.7723,49.8465,49.9252,50.0083,50.0957,50.1875,50.2836,50.384,50.4886,50.5976,50.7107,50.8281,50.9497,51.0754,51.2054,51.3394,51.4776,51.6199,51.7663,51.9168,52.0714,52.2299,52.3925,52.5592,52.7298,52.9044,53.083,53.2655,53.452,53.6424,53.8368,54.035,54.2371,54.4431,54.6529,54.8667,55.0842,55.3056,55.5308,55.7598,55.9927,56.2292,56.4696,56.7137,56.9616,57.2132,57.4685,57.7276,57.9904,58.2569,58.5271,58.8009,59.0784,59.3596,59.6445,59.933,60.2251,60.5208,60.8202,61.1232,61.4297,61.7399,62.0537,62.371,62.6919,63.0163,63.3443,63.6759,64.011,64.3496,64.6917,65.0374,65.3865,65.7392,66.0953,66.455,66.8181,67.1847,67.5547,67.9282,68.3051,68.6855,69.0693,69.4566,69.8473,70.2414,70.6389,70.8\right]
v_{friction}=\left[52.2509,52.2128,52.1747,52.1365,52.0983,52.06,52.0217,51.9834,51.9451,51.9068,51.8684,51.8301,51.7917,51.7534,51.7151,51.6768,51.6386,51.6004,51.5622,51.5241,51.486,51.4481,51.4101,51.3723,51.3345,51.2969,51.2593,51.2219,51.1846,51.1474,51.1103,51.0734,51.0366,51,50.9636,50.9273,50.8913,50.8554,50.8197,50.7843,50.7491,50.7141,50.6793,50.6449,50.6106,50.5767,50.543,50.5097,50.4766,50.4439,50.4115,50.3794,50.3477,50.3163,50.2853,50.2547,50.2245,50.1946,50.1652,50.1362,50.1077,50.0796,50.052,50.0248,49.9981,49.9719,49.9462,49.921,49.8964,49.8723,49.8487,49.8257,49.8033,49.7815,49.7602,49.7396,49.7195,49.7001,49.6814,49.6632,49.6458,49.629,49.6129,49.5974,49.5827,49.5687,49.5554,49.5428,49.531,49.5199,49.5096,49.5001,49.4503,49.4047,49.3638,49.3274,49.2957,49.2686,49.2462,49.2286,49.2157,49.2076,49.2043,49.2059,49.2124,49.2239,49.2403,49.2617,49.2881,49.3197,49.3564,49.3983,49.4454,49.4978,49.5097,49.5207,49.5326,49.5455,49.5592,49.5739,49.5895,49.6061,49.6235,49.6419,49.6613,49.6815,49.7027,49.7249,49.7479,49.7719,49.7968,49.8227,49.8494,49.8771,49.9057,49.9352,49.9656,49.997,50.0292,50.0624,50.0964,50.1314,50.1672,50.2039,50.2415,50.28,50.3193,50.3595,50.4006,50.4425,50.4853,50.5289,50.5733,50.6186,50.6647,50.7116,50.7593,50.8078,50.8571,50.9072,50.958,51.0097,51.0621,51.1152,51.1691,51.2237,51.2791,51.3352,51.392,51.4495,51.5076,51.5665,51.6261,51.6863,51.7472,51.8088,51.871,51.9338,51.9973,52.0613,52.126,52.1913,52.2573,52.3237,52.3908,52.4584,52.5266,52.5954,52.6647,52.7346,52.805,52.8759,52.9473,53.0192,53.0917,53.1646,53.238,53.3119,53.3863,53.4612,53.5365,53.6122,53.6885,53.7651,53.8422,53.9197,53.9977,54.0761,54.1548,54.234,54.3136,54.3936,54.474,54.5548,54.6359,54.7175,54.7994,54.8816,54.9643,55.0473,55.1307,55.2144,55.2984,55.3829,55.4676,55.5527,55.6382,55.7239,55.81,55.8965,55.9833,56.0703,56.1578,56.2455,56.3336,56.422,56.5106,56.5997,56.689,56.7786,56.8686,56.9588,57.0494,57.1403,57.2315,57.323,57.4148,57.5069,57.5994,57.6921,57.7852,57.8785,57.9722,58.0662,58.1605,58.2551,58.35,58.4452,58.5408,58.6367,58.7328,58.8293,58.9261,59.0233,59.1207,59.2185,59.3166,59.4151,59.5138,59.6129,59.7123,59.8121,59.9122,59.9874,59.8871,59.7871,59.6874,59.5881,59.4891,59.3904,59.2921,59.194,59.0963,58.999,58.9019,58.8052,58.7088,58.6126,58.5169,58.4214,58.3262,58.2314,58.1369,58.0427,57.9487,57.8552,57.7619,57.6689,57.5762,57.4839,57.3918,57.3001,57.2086,57.1175,57.0267,56.9362,56.846,56.7562,56.6666,56.5773,56.4884,56.3998,56.3115,56.2235,56.1358,56.0485,55.9615,55.8748,55.7884,55.7024,55.6167,55.5313,55.4463,55.3616,55.2773,55.1933,55.1097,55.0264,54.9435,54.8609,54.7787,54.6969,54.6155,54.5344,54.4537,54.3734,54.2935,54.214,54.1349,54.0562,53.9779,53.9001,53.8227,53.7457,53.6691,53.593,53.5173,53.4421,53.3674,53.2931,53.2193,53.146,53.0731,53.0008,52.929,52.8577,52.7869,52.7166,52.6469,52.5777,52.509,52.441,52.3734,52.3065,52.2401,52.1744,52.1092,52.0446,51.9807,51.9173,51.8546,51.7926,51.7312,51.6704,51.6103,51.5509,51.4922,51.4342,51.3768,51.3202,51.2643,51.2091,51.1546,51.1009,51.0479,50.9957,50.9442,50.8935,50.8436,50.7945,50.7462,50.6987,50.6519,50.606,50.561,50.5167,50.4733,50.4307,50.389,50.3481,50.3081,50.269,50.2307,50.1934,50.1569,50.1212,50.0865,50.0527,50.0198,49.9878,49.9566,49.9265,49.8972,49.8688,49.8414,49.8149,49.7893,49.7646,49.7409,49.7181,49.6962,49.6752,49.6552,49.6362,49.618,49.6008,49.5845,49.5692,49.5548,49.5413,49.5287,49.5171,49.5063,49.4802,49.4295,49.384,49.3438,49.3087,49.2788,49.254,49.2342,49.2194,49.2097,49.2048,49.2049,49.2098,49.2196,49.2342,49.2535,49.2776,49.3063,49.3398,49.3779,49.4206,49.4679,49.5035,49.5133,49.5239,49.5353,49.5474,49.5603,49.5739,49.5882,49.6032,49.619,49.6354,49.6524,49.6702,49.6886,49.7077,49.7274,49.7477,49.7687,49.7902,49.8123,49.835,49.8583,49.8822,49.9066,49.9315,49.9569,49.9829,50.0094,50.0363,50.0638,50.0917,50.12,50.1489,50.1781,50.2078,50.2379,50.2683,50.2992,50.3304,50.3621,50.394,50.4263,50.459,50.492,50.5253,50.5589,50.5927,50.6269,50.6614,50.6961,50.731,50.7662,50.8016,50.8373,50.8731,50.9092,50.9455,50.9819,51.0185,51.0553,51.0923,51.1294,51.1666,51.204,51.2415,51.2791,51.3168,51.3546,51.3925,51.4305,51.4685,51.5067,51.5449,51.5831,51.6214,51.6598,51.6981,51.7365,51.775,51.8134,51.8518,51.8903,51.9287,51.9672,52.0056,52.044,52.0824,52.1207,52.159,52.1973,52.2355,52.2509\right]
v_{forward}=\left[1,3.19437,4.39958,5.33454,6.12434,6.81963,7.44696,8.02232,8.55622,9.05603,9.52713,9.97362,10.3987,10.8049,11.1943,11.5686,11.9293,12.2775,12.6144,12.9408,13.2575,13.5653,13.8646,14.1562,14.4404,14.7177,14.9886,15.2533,15.5122,15.7655,16.0137,16.2569,16.4954,16.7293,16.9589,17.1844,17.4059,17.6236,17.8377,18.0482,18.2554,18.4594,18.6602,18.858,19.0529,19.2451,19.4345,19.6213,19.8055,19.9873,20.1668,20.3439,20.5189,20.6916,20.8623,21.031,21.1976,21.3624,21.5254,21.6865,21.8459,22.0035,22.1596,22.314,22.4669,22.6182,22.7681,22.9165,23.0635,23.2092,23.3536,23.4967,23.6385,23.7791,23.9185,24.0568,24.1939,24.3299,24.4649,24.5989,24.7318,24.8638,24.9948,25.1249,25.2541,25.3824,25.5098,25.6364,25.7623,25.8873,26.0116,26.1351,26.2579,26.3801,26.5015,26.6223,26.7425,26.862,26.981,27.0994,27.2172,27.3345,27.4512,27.5675,27.6833,27.7986,27.9134,28.0279,28.1419,28.2555,28.3687,28.4816,28.5941,28.7063,28.8181,28.9297,29.041,29.152,29.2627,29.3732,29.4835,29.5935,29.7034,29.8131,29.9226,30.032,30.1412,30.2503,30.3593,30.4682,30.577,30.6857,30.7944,30.9031,31.0117,31.1203,31.2289,31.3375,31.4462,31.5549,31.6637,31.7725,31.8815,31.9905,32.0997,32.2089,32.3184,32.4279,32.5377,32.6477,32.7578,32.8682,32.9788,33.0896,33.2007,33.3121,33.4238,33.5357,33.648,33.7607,33.8737,33.987,34.1008,34.2149,34.3295,34.4445,34.5599,34.6759,34.7923,34.9092,35.0266,35.1446,35.2632,35.3823,35.502,35.6223,35.7433,35.865,35.9873,36.1103,36.234,36.3585,36.4837,36.6098,36.7366,36.8643,36.9929,37.1223,37.2527,37.384,37.5163,37.6496,37.7839,37.9192,38.0557,38.1933,38.332,38.4719,38.6131,38.7555,38.8992,39.0443,39.1907,39.3385,39.4879,39.6387,39.7911,39.9451,40.1008,40.2582,40.4173,40.5783,40.7411,40.9059,41.0728,41.2416,41.4127,41.586,41.7616,41.9396,42.1201,42.3032,42.4889,42.6774,42.8688,43.0632,43.2607,43.4615,43.6656,43.8733,44.0847,44.3,44.5193,44.7428,44.9707,45.2033,45.4408,45.6834,45.9314,46.1851,46.4448,46.7109,46.9838,47.2638,47.5514,47.8472,48.1517,48.4655,48.7892,49.1124,49.4285,49.7378,50.0406,50.337,50.6272,50.9115,51.19,51.463,51.7305,51.9928,52.2499,52.5022,52.7496,52.9923,53.2305,53.4642,53.6937,53.919,54.1402,54.3574,54.5708,54.7804,54.9863,55.1886,55.3875,55.5829,55.775,55.9639,56.1496,56.3322,56.5118,56.6884,56.8621,57.033,57.2011,57.3666,57.5294,57.6896,57.8472,58.0024,58.1552,58.2314,58.1369,58.0427,57.9487,57.8552,57.7619,57.6689,57.5762,57.4839,57.3918,57.3001,57.2086,57.1175,57.0267,56.9362,56.846,56.7562,56.6666,56.5773,56.4884,56.3998,56.3115,56.2235,56.1358,56.0485,55.9615,55.8748,55.7884,55.7024,55.6167,55.5313,55.4463,55.3616,55.2773,55.1933,55.1097,55.0264,54.9435,54.8609,54.7787,54.6969,54.6155,54.5344,54.4537,54.3734,54.2935,54.214,54.1349,54.0562,53.9779,53.9001,53.8227,53.7457,53.6691,53.593,53.5173,53.4421,53.3674,53.2931,53.2193,53.146,53.0731,53.0008,52.929,52.8577,52.7869,52.7166,52.6469,52.5777,52.509,52.441,52.3734,52.3065,52.2401,52.1744,52.1092,52.0446,51.9807,51.9173,51.8546,51.7926,51.7312,51.6704,51.6103,51.5509,51.4922,51.4342,51.3768,51.3202,51.2643,51.2091,51.1546,51.1009,51.0479,50.9957,50.9442,50.8935,50.8436,50.7945,50.7462,50.6987,50.6519,50.606,50.561,50.5167,50.4733,50.4307,50.389,50.3481,50.3081,50.269,50.2307,50.1934,50.1569,50.1212,50.0865,50.0527,50.0198,49.9878,49.9566,49.9265,49.8972,49.8688,49.8414,49.8149,49.7893,49.7646,49.7409,49.7181,49.6962,49.6752,49.6552,49.6362,49.618,49.6008,49.5845,49.5692,49.5548,49.5413,49.5287,49.5171,49.5063,49.4802,49.4295,49.384,49.3438,49.3087,49.2788,49.254,49.2342,49.2194,49.2097,49.2048,49.2049,49.2098,49.2196,49.2342,49.2535,49.2776,49.3063,49.3398,49.3779,49.4206,49.4679,49.5035,49.5133,49.5239,49.5353,49.5474,49.5603,49.5739,49.5882,49.6032,49.619,49.6354,49.6524,49.6702,49.6886,49.7077,49.7274,49.7477,49.7687,49.7902,49.8123,49.835,49.8583,49.8822,49.9066,49.9315,49.9569,49.9829,50.0094,50.0363,50.0638,50.0917,50.12,50.1489,50.1781,50.2078,50.2379,50.2683,50.2992,50.3304,50.3621,50.394,50.4263,50.459,50.492,50.5253,50.5589,50.5927,50.6269,50.6614,50.6961,50.731,50.7662,50.8016,50.8373,50.8731,50.9092,50.9455,50.9819,51.0185,51.0553,51.0923,51.1294,51.1666,51.204,51.2415,51.2791,51.3168,51.3546,51.3925,51.4305,51.4685,51.5067,51.5449,51.5831,51.6214,51.6598,51.6981,51.7365,51.775,51.8134,51.8518,51.8903,51.9287,51.9672,52.0056,52.044,52.0824,52.1207,52.159,52.1973,52.2355,0\right]
v_{backward}=\left[1,3.19437,4.39958,5.33454,6.12434,6.81963,7.44696,8.02232,8.55622,9.05603,9.52713,9.97362,10.3987,10.8049,11.1943,11.5686,11.9293,12.2775,12.6144,12.9408,13.2575,13.5653,13.8646,14.1562,14.4404,14.7177,14.9886,15.2533,15.5122,15.7655,16.0137,16.2569,16.4954,16.7293,16.9589,17.1844,17.4059,17.6236,17.8377,18.0482,18.2554,18.4594,18.6602,18.858,19.0529,19.2451,19.4345,19.6213,19.8055,19.9873,20.1668,20.3439,20.5189,20.6916,20.8623,21.031,21.1976,21.3624,21.5254,21.6865,21.8459,22.0035,22.1596,22.314,22.4669,22.6182,22.7681,22.9165,23.0635,23.2092,23.3536,23.4967,23.6385,23.7791,23.9185,24.0568,24.1939,24.3299,24.4649,24.5989,24.7318,24.8638,24.9948,25.1249,25.2541,25.3824,25.5098,25.6364,25.7623,25.8873,26.0116,26.1351,26.2579,26.3801,26.5015,26.6223,26.7425,26.862,26.981,27.0994,27.2172,27.3345,27.4512,27.5675,27.6833,27.7986,27.9134,28.0279,28.1419,28.2555,28.3687,28.4816,28.5941,28.7063,28.8181,28.9297,29.041,29.152,29.2627,29.3732,29.4835,29.5935,29.7034,29.8131,29.9226,30.032,30.1412,30.2503,30.3593,30.4682,30.577,30.6857,30.7944,30.9031,31.0117,31.1203,31.2289,31.3375,31.4462,31.5549,31.6637,31.7725,31.8815,31.9905,32.0997,32.2089,32.3184,32.4279,32.5377,32.6477,32.7578,32.8682,32.9788,33.0896,33.2007,33.3121,33.4238,33.5357,33.648,33.7607,33.8737,33.987,34.1008,34.2149,34.3295,34.4445,34.5599,34.6759,34.7923,34.9092,35.0266,35.1446,35.2632,35.3823,35.502,35.6223,35.7433,35.865,35.9873,36.1103,36.234,36.3585,36.4837,36.6098,36.7366,36.8643,36.9929,37.1223,37.2527,37.384,37.5163,37.6496,37.7839,37.9192,38.0557,38.1933,38.332,38.4719,38.6131,38.7555,38.8992,39.0443,39.1907,39.3385,39.4879,39.6387,39.7911,39.9451,40.1008,40.2582,40.4173,40.5783,40.7411,40.9059,41.0728,41.2416,41.4127,41.586,41.7616,41.9396,42.1201,42.3032,42.4889,42.6774,42.8688,43.0632,43.2607,43.4615,43.6656,43.8733,44.0847,44.3,44.5193,44.7428,44.9707,45.2033,45.4408,45.6834,45.9314,46.1851,46.4448,46.7109,46.9838,47.2638,47.5514,47.8472,48.1517,48.4655,48.7892,49.1124,49.4285,49.7378,50.0406,50.337,50.6272,50.9115,51.19,51.463,51.7305,51.9928,52.2499,52.5022,52.7496,52.9923,53.2305,53.4642,53.6937,53.8554,53.6712,53.4861,53.3,53.1129,52.9249,52.7359,52.546,52.3557,52.165,51.974,51.7825,51.5907,51.3985,51.2059,51.0128,50.8194,50.6255,50.4312,50.2365,50.0414,49.8458,49.6497,49.4532,49.2563,49.0588,48.8609,48.6625,48.4637,48.2643,48.0644,47.864,47.6631,47.4617,47.2597,47.0572,46.8541,46.6505,46.4463,46.2416,46.0362,45.8303,45.6238,45.4166,45.2088,45.0004,44.7914,44.5817,44.3713,44.1603,43.9486,43.7377,43.5305,43.3269,43.1265,42.9294,42.7354,42.5443,42.3562,42.1707,41.988,41.8077,41.63,41.4546,41.2815,41.1106,40.9419,40.7752,40.6106,40.4478,40.287,40.1279,39.9706,39.815,39.6611,39.5087,39.3579,39.2086,39.0608,38.9144,38.7693,38.6256,38.4831,38.342,38.202,38.0632,37.9256,37.7891,37.6536,37.5193,37.3859,37.2535,37.1221,36.9917,36.8621,36.7334,36.6056,36.4786,36.3525,36.2271,36.1025,35.9786,35.8554,35.7329,35.6111,35.49,35.3695,35.2496,35.1302,35.0115,34.8933,34.7757,34.6586,34.5419,34.4258,34.3101,34.1949,34.0801,33.9657,33.8517,33.7381,33.6248,33.5119,33.3994,33.2871,33.1752,33.0635,32.9521,32.841,32.7301,32.6194,32.509,32.3987,32.2887,32.1787,32.069,31.9594,31.8499,31.7405,31.6312,31.522,31.4129,31.3038,31.1948,31.0858,30.9767,30.8677,30.7587,30.6497,30.5406,30.4314,30.3221,30.2128,30.1034,29.9938,29.8842,29.7743,29.6644,29.5542,29.4438,29.3333,29.2225,29.1115,29.0002,28.8887,28.7769,28.6648,28.5523,28.4396,28.3265,28.213,28.0992,27.985,27.8703,27.7553,27.6398,27.5238,27.4074,27.2904,27.173,27.055,26.9364,26.8173,26.6976,26.5773,26.4563,26.3347,26.2125,26.0895,25.9658,25.8414,25.7163,25.5903,25.4636,25.3361,25.2076,25.0784,24.9482,24.8171,24.685,24.552,24.418,24.2829,24.1468,24.0096,23.8712,23.7318,23.5911,23.4492,23.3061,23.1617,23.0159,22.8688,22.7204,22.5704,22.4191,22.2661,22.1117,21.9556,21.7979,21.6385,21.4773,21.3143,21.1495,20.9828,20.8141,20.6434,20.4706,20.2956,20.1184,19.9389,19.7571,19.5728,19.3859,19.1965,19.0043,18.8093,18.6114,18.4105,18.2065,17.9992,17.7886,17.5744,17.3566,17.135,16.9094,16.6797,16.4456,16.207,15.9636,15.7152,15.4616,15.2025,14.9376,14.6664,14.3888,14.1042,13.8123,13.5125,13.2043,12.887,12.56,12.2224,11.8734,11.5119,11.1365,10.746,10.3385,9.91185,9.46354,8.99024,8.48778,7.95058,7.37103,6.73817,6.03522,5.23398,4.27954,3.03035,0\right]
v_{final}=\left[1,3.19437,4.39958,5.33454,6.12434,6.81963,7.44696,8.02232,8.55622,9.05603,9.52713,9.97362,10.3987,10.8049,11.1943,11.5686,11.9293,12.2775,12.6144,12.9408,13.2575,13.5653,13.8646,14.1562,14.4404,14.7177,14.9886,15.2533,15.5122,15.7655,16.0137,16.2569,16.4954,16.7293,16.9589,17.1844,17.4059,17.6236,17.8377,18.0482,18.2554,18.4594,18.6602,18.858,19.0529,19.2451,19.4345,19.6213,19.8055,19.9873,20.1668,20.3439,20.5189,20.6916,20.8623,21.031,21.1976,21.3624,21.5254,21.6865,21.8459,22.0035,22.1596,22.314,22.4669,22.6182,22.7681,22.9165,23.0635,23.2092,23.3536,23.4967,23.6385,23.7791,23.9185,24.0568,24.1939,24.3299,24.4649,24.5989,24.7318,24.8638,24.9948,25.1249,25.2541,25.3824,25.5098,25.6364,25.7623,25.8873,26.0116,26.1351,26.2579,26.3801,26.5015,26.6223,26.7425,26.862,26.981,27.0994,27.2172,27.3345,27.4512,27.5675,27.6833,27.7986,27.9134,28.0279,28.1419,28.2555,28.3687,28.4816,28.5941,28.7063,28.8181,28.9297,29.041,29.152,29.2627,29.3732,29.4835,29.5935,29.7034,29.8131,29.9226,30.032,30.1412,30.2503,30.3593,30.4682,30.577,30.6857,30.7944,30.9031,31.0117,31.1203,31.2289,31.3375,31.4462,31.5549,31.6637,31.7725,31.8815,31.9905,32.0997,32.2089,32.3184,32.4279,32.5377,32.6477,32.7578,32.8682,32.9788,33.0896,33.2007,33.3121,33.4238,33.5357,33.648,33.7607,33.8737,33.987,34.1008,34.2149,34.3295,34.4445,34.5599,34.6759,34.7923,34.9092,35.0266,35.1446,35.2632,35.3823,35.502,35.6223,35.7433,35.865,35.9873,36.1103,36.234,36.3585,36.4837,36.6098,36.7366,36.8643,36.9929,37.1223,37.2527,37.384,37.5163,37.6496,37.7839,37.9192,38.0557,38.1933,38.332,38.4719,38.6131,38.7555,38.8992,39.0443,39.1907,39.3385,39.4879,39.6387,39.7911,39.9451,40.1008,40.2582,40.4173,40.5783,40.7411,40.9059,41.0728,41.2416,41.4127,41.586,41.7616,41.9396,42.1201,42.3032,42.4889,42.6774,42.8688,43.0632,43.2607,43.4615,43.6656,43.8733,44.0847,44.3,44.5193,44.7428,44.9707,45.2033,45.4408,45.6834,45.9314,46.1851,46.4448,46.7109,46.9838,47.2638,47.5514,47.8472,48.1517,48.4655,48.7892,49.1124,49.4285,49.7378,50.0406,50.337,50.6272,50.9115,51.19,51.463,51.7305,51.9928,52.2499,52.5022,52.7496,52.9923,53.2305,53.4642,53.6937,53.8554,53.6712,53.4861,53.3,53.1129,52.9249,52.7359,52.546,52.3557,52.165,51.974,51.7825,51.5907,51.3985,51.2059,51.0128,50.8194,50.6255,50.4312,50.2365,50.0414,49.8458,49.6497,49.4532,49.2563,49.0588,48.8609,48.6625,48.4637,48.2643,48.0644,47.864,47.6631,47.4617,47.2597,47.0572,46.8541,46.6505,46.4463,46.2416,46.0362,45.8303,45.6238,45.4166,45.2088,45.0004,44.7914,44.5817,44.3713,44.1603,43.9486,43.7377,43.5305,43.3269,43.1265,42.9294,42.7354,42.5443,42.3562,42.1707,41.988,41.8077,41.63,41.4546,41.2815,41.1106,40.9419,40.7752,40.6106,40.4478,40.287,40.1279,39.9706,39.815,39.6611,39.5087,39.3579,39.2086,39.0608,38.9144,38.7693,38.6256,38.4831,38.342,38.202,38.0632,37.9256,37.7891,37.6536,37.5193,37.3859,37.2535,37.1221,36.9917,36.8621,36.7334,36.6056,36.4786,36.3525,36.2271,36.1025,35.9786,35.8554,35.7329,35.6111,35.49,35.3695,35.2496,35.1302,35.0115,34.8933,34.7757,34.6586,34.5419,34.4258,34.3101,34.1949,34.0801,33.9657,33.8517,33.7381,33.6248,33.5119,33.3994,33.2871,33.1752,33.0635,32.9521,32.841,32.7301,32.6194,32.509,32.3987,32.2887,32.1787,32.069,31.9594,31.8499,31.7405,31.6312,31.522,31.4129,31.3038,31.1948,31.0858,30.9767,30.8677,30.7587,30.6497,30.5406,30.4314,30.3221,30.2128,30.1034,29.9938,29.8842,29.7743,29.6644,29.5542,29.4438,29.3333,29.2225,29.1115,29.0002,28.8887,28.7769,28.6648,28.5523,28.4396,28.3265,28.213,28.0992,27.985,27.8703,27.7553,27.6398,27.5238,27.4074,27.2904,27.173,27.055,26.9364,26.8173,26.6976,26.5773,26.4563,26.3347,26.2125,26.0895,25.9658,25.8414,25.7163,25.5903,25.4636,25.3361,25.2076,25.0784,24.9482,24.8171,24.685,24.552,24.418,24.2829,24.1468,24.0096,23.8712,23.7318,23.5911,23.4492,23.3061,23.1617,23.0159,22.8688,22.7204,22.5704,22.4191,22.2661,22.1117,21.9556,21.7979,21.6385,21.4773,21.3143,21.1495,20.9828,20.8141,20.6434,20.4706,20.2956,20.1184,19.9389,19.7571,19.5728,19.3859,19.1965,19.0043,18.8093,18.6114,18.4105,18.2065,17.9992,17.7886,17.5744,17.3566,17.135,16.9094,16.6797,16.4456,16.207,15.9636,15.7152,15.4616,15.2025,14.9376,14.6664,14.3888,14.1042,13.8123,13.5125,13.2043,12.887,12.56,12.2224,11.8734,11.5119,11.1365,10.746,10.3385,9.91185,9.46354,8.99024,8.48778,7.95058,7.37103,6.73817,6.03522,5.23398,4.27954,3.03035,0\right]
l_{times}=\left[0,0.047683,0.0740197,0.094566,0.11202,0.127471,0.14149,0.154419,0.166482,0.177838,0.188601,0.198857,0.208674,0.218106,0.227197,0.235984,0.244495,0.252757,0.260792,0.268618,0.276252,0.283709,0.291,0.298138,0.305131,0.31199,0.318723,0.325336,0.331837,0.338232,0.344525,0.350723,0.356829,0.362849,0.368785,0.374643,0.380425,0.386135,0.391775,0.397348,0.402857,0.408304,0.413692,0.419023,0.424298,0.429521,0.434691,0.439812,0.444885,0.449911,0.454892,0.459829,0.464723,0.469576,0.474389,0.479163,0.4839,0.488599,0.493262,0.49789,0.502485,0.507046,0.511574,0.516071,0.520538,0.524974,0.52938,0.533758,0.538108,0.54243,0.546725,0.550994,0.555237,0.559455,0.563648,0.567817,0.571962,0.576084,0.580183,0.584259,0.588313,0.592346,0.596357,0.600348,0.604318,0.608267,0.612197,0.616107,0.619999,0.623871,0.627725,0.63156,0.635377,0.639177,0.642959,0.646724,0.650471,0.654202,0.657917,0.661615,0.665297,0.668963,0.672614,0.676249,0.679869,0.683474,0.687064,0.690639,0.694199,0.697746,0.701278,0.704796,0.7083,0.71179,0.715267,0.71873,0.72218,0.725617,0.729041,0.732452,0.73585,0.739235,0.742608,0.745969,0.749317,0.752653,0.755976,0.759288,0.762588,0.765876,0.769152,0.772417,0.77567,0.778911,0.782142,0.785361,0.788568,0.791765,0.794951,0.798125,0.801289,0.804442,0.807584,0.810715,0.813835,0.816945,0.820045,0.823134,0.826212,0.82928,0.832338,0.835386,0.838423,0.84145,0.844467,0.847474,0.850471,0.853458,0.856435,0.859402,0.862359,0.865306,0.868244,0.871171,0.874089,0.876997,0.879895,0.882784,0.885663,0.888533,0.891392,0.894242,0.897083,0.899914,0.902736,0.905548,0.90835,0.911143,0.913926,0.9167,0.919465,0.92222,0.924966,0.927702,0.930429,0.933146,0.935854,0.938553,0.941242,0.943921,0.946592,0.949252,0.951904,0.954546,0.957178,0.959801,0.962415,0.965019,0.967613,0.970198,0.972774,0.97534,0.977896,0.980443,0.98298,0.985508,0.988026,0.990534,0.993032,0.995521,0.998,1.00047,1.00293,1.00538,1.00782,1.01025,1.01267,1.01508,1.01748,1.01987,1.02225,1.02461,1.02697,1.02932,1.03166,1.03399,1.0363,1.03861,1.04091,1.04319,1.04546,1.04773,1.04998,1.05222,1.05445,1.05667,1.05887,1.06107,1.06325,1.06542,1.06758,1.06973,1.07186,1.07398,1.07609,1.07819,1.08027,1.08234,1.0844,1.08644,1.08847,1.09049,1.09249,1.09449,1.09647,1.09844,1.1004,1.10234,1.10428,1.10621,1.10813,1.11004,1.11194,1.11383,1.11571,1.11759,1.11945,1.12131,1.12317,1.12504,1.12691,1.12879,1.13068,1.13257,1.13447,1.13638,1.13829,1.14021,1.14214,1.14407,1.14602,1.14796,1.14992,1.15189,1.15386,1.15584,1.15782,1.15982,1.16182,1.16383,1.16585,1.16787,1.16991,1.17195,1.174,1.17606,1.17813,1.1802,1.18229,1.18438,1.18649,1.1886,1.19072,1.19285,1.19499,1.19713,1.19929,1.20146,1.20364,1.20582,1.20802,1.21023,1.21244,1.21467,1.21691,1.21916,1.22142,1.22369,1.22597,1.22826,1.23056,1.23288,1.2352,1.23753,1.23988,1.24224,1.2446,1.24698,1.24936,1.25176,1.25417,1.25659,1.25901,1.26145,1.2639,1.26636,1.26882,1.2713,1.27379,1.27628,1.27879,1.28131,1.28383,1.28637,1.28892,1.29147,1.29404,1.29661,1.29919,1.30179,1.30439,1.307,1.30963,1.31226,1.3149,1.31755,1.32021,1.32288,1.32556,1.32825,1.33095,1.33366,1.33637,1.3391,1.34184,1.34458,1.34734,1.35011,1.35288,1.35566,1.35846,1.36126,1.36407,1.3669,1.36973,1.37257,1.37542,1.37828,1.38115,1.38403,1.38692,1.38982,1.39273,1.39565,1.39858,1.40152,1.40447,1.40743,1.4104,1.41338,1.41637,1.41937,1.42238,1.42539,1.42842,1.43146,1.43451,1.43757,1.44065,1.44373,1.44682,1.44992,1.45303,1.45616,1.45929,1.46244,1.46559,1.46876,1.47194,1.47513,1.47833,1.48154,1.48476,1.48799,1.49124,1.4945,1.49776,1.50105,1.50434,1.50764,1.51096,1.51428,1.51762,1.52098,1.52434,1.52772,1.53111,1.53451,1.53793,1.54136,1.5448,1.54825,1.55172,1.5552,1.5587,1.56221,1.56573,1.56927,1.57282,1.57639,1.57997,1.58356,1.58717,1.5908,1.59444,1.5981,1.60177,1.60546,1.60916,1.61288,1.61662,1.62037,1.62414,1.62793,1.63174,1.63556,1.6394,1.64326,1.64714,1.65104,1.65496,1.6589,1.66285,1.66683,1.67083,1.67485,1.67889,1.68295,1.68703,1.69114,1.69527,1.69942,1.7036,1.7078,1.71203,1.71628,1.72056,1.72486,1.72919,1.73355,1.73794,1.74235,1.7468,1.75128,1.75578,1.76032,1.76489,1.7695,1.77413,1.77881,1.78352,1.78827,1.79305,1.79787,1.80274,1.80765,1.81259,1.81759,1.82262,1.82771,1.83284,1.83803,1.84326,1.84855,1.8539,1.8593,1.86476,1.87028,1.87587,1.88153,1.88725,1.89305,1.89893,1.90488,1.91092,1.91704,1.92326,1.92958,1.93599,1.94251,1.94915,1.9559,1.96279,1.96981,1.97697,1.98429,1.99178,1.99944,2.0073,2.01537,2.02367,2.03222,2.04105,2.05019,2.05968,2.06956,2.07988,2.09072,2.10216,2.11433,2.12738,2.14155,2.15721,2.17496,2.19598,2.22334,2.28934,\right]
l_{points}=\left[\left(0,0\right),\left(0.0998589,0.00014111\right),\left(0.199717,0.0005655\right),\left(0.299573,0.00127476\right),\left(0.399428,0.00227049\right),\left(0.499278,0.00355429\right),\left(0.599125,0.00512774\right),\left(0.698967,0.00699245\right),\left(0.798803,0.00915002\right),\left(0.898632,0.011602\right),\left(0.998453,0.0143501\right),\left(1.09827,0.0173958\right),\left(1.19807,0.0207408\right),\left(1.29786,0.0243867\right),\left(1.39764,0.0283349\right),\left(1.49741,0.0325872\right),\left(1.59717,0.0371452\right),\left(1.69691,0.0420103\right),\left(1.79664,0.0471843\right),\left(1.89635,0.0526687\right),\left(1.99604,0.058465\right),\left(2.09571,0.0645749\right),\left(2.19536,0.0709999\right),\left(2.295,0.0777417\right),\left(2.39461,0.0848016\right),\left(2.4942,0.0921814\right),\left(2.59376,0.0998826\right),\left(2.6933,0.107907\right),\left(2.79281,0.116255\right),\left(2.8923,0.12493\right),\left(2.99175,0.133932\right),\left(3.09118,0.143263\right),\left(3.19057,0.152924\right),\left(3.28994,0.162918\right),\left(3.38926,0.173245\right),\left(3.48856,0.183907\right),\left(3.58781,0.194905\right),\left(3.68703,0.206242\right),\left(3.78621,0.217917\right),\left(3.88535,0.229934\right),\left(3.98445,0.242292\right),\left(4.0835,0.254995\right),\left(4.18251,0.268042\right),\left(4.28148,0.281435\right),\left(4.38039,0.295177\right),\left(4.47926,0.309267\right),\left(4.57808,0.323708\right),\left(4.67685,0.3385\right),\left(4.77556,0.353645\right),\left(4.87422,0.369145\right),\left(4.97282,0.385\right),\left(5.07137,0.401212\right),\left(5.16985,0.417782\right),\left(5.26828,0.434711\right),\left(5.36664,0.452\right),\left(5.46494,0.469651\right),\left(5.56318,0.487664\right),\left(5.66134,0.506041\right),\left(5.75944,0.524783\right),\left(5.85747,0.543891\right),\left(5.95543,0.563365\right),\left(6.05331,0.583208\right),\left(6.15112,0.603419\right),\left(6.24886,0.624\right),\left(6.34651,0.644952\right),\left(6.44409,0.666275\right),\left(6.54158,0.687971\right),\left(6.63899,0.710041\right),\left(6.73631,0.732484\right),\left(6.83355,0.755302\right),\left(6.9307,0.778496\right),\left(7.02776,0.802067\right),\left(7.12473,0.826014\right),\left(7.22161,0.850339\right),\left(7.31839,0.875043\right),\left(7.41507,0.900125\right),\left(7.51166,0.925587\right),\left(7.60814,0.951428\right),\left(7.70453,0.977651\right),\left(7.80081,1.00425\right),\left(7.89698,1.03124\right),\left(7.99305,1.0586\right),\left(8.08901,1.08635\right),\left(8.18486,1.11448\right),\left(8.28059,1.14299\right),\left(8.37621,1.17189\right),\left(8.47172,1.20117\right),\left(8.56711,1.23083\right),\left(8.66238,1.26087\right),\left(8.75753,1.2913\right),\left(8.85256,1.32211\right),\left(8.94746,1.35331\right),\left(9.04224,1.38488\right),\left(9.13689,1.41684\right),\left(9.23141,1.44919\right),\left(9.3258,1.48191\right),\left(9.42005,1.51502\right),\left(9.51418,1.54851\right),\left(9.60816,1.58238\right),\left(9.70201,1.61664\right),\left(9.79572,1.65127\right),\left(9.88929,1.68628\right),\left(9.98272,1.72168\right),\left(10.076,1.75745\right),\left(10.1691,1.79361\right),\left(10.2621,1.83014\right),\left(10.355,1.86705\right),\left(10.4477,1.90433\right),\left(10.5402,1.94199\right),\left(10.6326,1.98003\right),\left(10.7249,2.01844\right),\left(10.8169,2.05723\right),\left(10.9089,2.09638\right),\left(11.0006,2.13591\right),\left(11.0922,2.17581\right),\left(11.1837,2.21608\right),\left(11.275,2.25672\right),\left(11.3661,2.29773\right),\left(11.4571,2.3391\right),\left(11.5478,2.38083\right),\left(11.6385,2.42293\right),\left(11.7289,2.46539\right),\left(11.8192,2.50822\right),\left(11.9093,2.5514\right),\left(11.9993,2.59494\right),\left(12.0891,2.63883\right),\left(12.1787,2.68309\right),\left(12.2681,2.72769\right),\left(12.3573,2.77265\right),\left(12.4464,2.81795\right),\left(12.5353,2.86361\right),\left(12.624,2.90961\right),\left(12.7126,2.95596\right),\left(12.8009,3.00265\right),\left(12.8891,3.04968\right),\left(12.9771,3.09706\right),\left(13.0649,3.14477\right),\left(13.1526,3.19281\right),\left(13.24,3.24119\right),\left(13.3273,3.2899\right),\left(13.4144,3.33894\right),\left(13.5013,3.38831\right),\left(13.588,3.43801\right),\left(13.6746,3.48803\right),\left(13.7609,3.53837\right),\left(13.8471,3.58903\right),\left(13.933,3.64001\right),\left(14.0188,3.6913\right),\left(14.1044,3.7429\right),\left(14.1898,3.79482\right),\left(14.2751,3.84704\right),\left(14.3601,3.89957\right),\left(14.445,3.95241\right),\left(14.5296,4.00554\right),\left(14.6141,4.05898\right),\left(14.6984,4.11271\right),\left(14.7825,4.16673\right),\left(14.8664,4.22105\right),\left(14.9502,4.27565\right),\left(15.0337,4.33054\right),\left(15.1171,4.38572\right),\left(15.2002,4.44118\right),\left(15.2832,4.49692\right),\left(15.366,4.55293\right),\left(15.4486,4.60922\right),\left(15.5311,4.66578\right),\left(15.6133,4.72261\right),\left(15.6954,4.7797\right),\left(15.7773,4.83706\right),\left(15.859,4.89468\right),\left(15.9405,4.95256\right),\left(16.0218,5.0107\right),\left(16.103,5.06909\right),\left(16.1839,5.12773\right),\left(16.2647,5.18661\right),\left(16.3453,5.24575\right),\left(16.4258,5.30512\right),\left(16.506,5.36474\right),\left(16.5861,5.42459\right),\left(16.666,5.48468\right),\left(16.7458,5.545\right),\left(16.8253,5.60555\right),\left(16.9047,5.66633\right),\left(16.9839,5.72733\right),\left(17.063,5.78855\right),\left(17.1418,5.85\right),\left(17.2206,5.91165\right),\left(17.2991,5.97352\right),\left(17.3775,6.03561\right),\left(17.4557,6.0979\right),\left(17.5337,6.16039\right),\left(17.6116,6.22309\right),\left(17.6893,6.28598\right),\left(17.7669,6.34908\right),\left(17.8443,6.41237\right),\left(17.9216,6.47585\right),\left(17.9987,6.53952\right),\left(18.0756,6.60338\right),\left(18.1524,6.66742\right),\left(18.229,6.73164\right),\left(18.3055,6.79604\right),\left(18.3819,6.86062\right),\left(18.458,6.92537\right),\left(18.5341,6.99029\right),\left(18.61,7.05538\right),\left(18.6858,7.12063\right),\left(18.7614,7.18605\right),\left(18.8369,7.25163\right),\left(18.9122,7.31736\right),\left(18.9874,7.38325\right),\left(19.0625,7.44929\right),\left(19.1375,7.51549\right),\left(19.2123,7.58183\right),\left(19.287,7.64831\right),\left(19.3615,7.71493\right),\left(19.436,7.7817\right),\left(19.5103,7.8486\right),\left(19.5845,7.91564\right),\left(19.6586,7.98281\right),\left(19.7325,8.05011\right),\left(19.8064,8.11753\right),\left(19.8801,8.18508\right),\left(19.9537,8.25275\right),\left(20.0272,8.32054\right),\left(20.1007,8.38845\right),\left(20.1739,8.45647\right),\left(20.2471,8.5246\right),\left(20.3202,8.59284\right),\left(20.3932,8.66119\right),\left(20.4661,8.72965\right),\left(20.5389,8.7982\right),\left(20.6116,8.86686\right),\left(20.6842,8.93561\right),\left(20.7568,9.00445\right),\left(20.8292,9.07339\right),\left(20.9016,9.14242\right),\left(20.9738,9.21154\right),\left(21.046,9.28074\right),\left(21.1181,9.35002\right),\left(21.1901,9.41939\right),\left(21.2621,9.48883\right),\left(21.334,9.55835\right),\left(21.4058,9.62794\right),\left(21.4775,9.6976\right),\left(21.5492,9.76733\right),\left(21.6208,9.83712\right),\left(21.6924,9.90698\right),\left(21.7639,9.9769\right),\left(21.8353,10.0469\right),\left(21.9067,10.1169\right),\left(21.978,10.187\right),\left(22.0493,10.2572\right),\left(22.1205,10.3273\right),\left(22.1917,10.3976\right),\left(22.2628,10.4679\right),\left(22.3339,10.5382\right),\left(22.405,10.6086\right),\left(22.476,10.679\right),\left(22.5469,10.7494\right),\left(22.6179,10.8199\right),\left(22.6888,10.8904\right),\left(22.7597,10.9609\right),\left(22.8305,11.0315\right),\left(22.9014,11.1021\right),\left(22.9722,11.1727\right),\left(23.043,11.2433\right),\left(23.1137,11.314\right),\left(23.1845,11.3847\right),\left(23.2552,11.4553\right),\left(23.326,11.526\right),\left(23.3967,11.5967\right),\left(23.4674,11.6674\right),\left(23.5381,11.7381\right),\left(23.6088,11.8088\right),\left(23.6796,11.8796\right),\left(23.7503,11.9503\right),\left(23.821,12.021\right),\left(23.8917,12.0917\right),\left(23.9624,12.1623\right),\left(24.0332,12.233\right),\left(24.104,12.3037\right),\left(24.1747,12.3743\right),\left(24.2455,12.445\right),\left(24.3163,12.5156\right),\left(24.3872,12.5861\right),\left(24.458,12.6567\right),\left(24.5289,12.7272\right),\left(24.5998,12.7977\right),\left(24.6708,12.8682\right),\left(24.7418,12.9386\right),\left(24.8128,13.009\right),\left(24.8839,13.0794\right),\left(24.955,13.1497\right),\left(25.0261,13.22\right),\left(25.0973,13.2902\right),\left(25.1685,13.3604\right),\left(25.2398,13.4305\right),\left(25.3112,13.5006\right),\left(25.3826,13.5706\right),\left(25.454,13.6406\right),\left(25.5255,13.7105\right),\left(25.5971,13.7803\right),\left(25.6687,13.8501\right),\left(25.7404,13.9198\right),\left(25.8122,13.9895\right),\left(25.884,14.0591\right),\left(25.9559,14.1286\right),\left(26.0279,14.198\right),\left(26.0999,14.2673\right),\left(26.1721,14.3366\right),\left(26.2443,14.4058\right),\left(26.3166,14.4749\right),\left(26.3889,14.5439\right),\left(26.4614,14.6128\right),\left(26.5339,14.6816\right),\left(26.6066,14.7504\right),\left(26.6793,14.819\right),\left(26.7521,14.8875\right),\left(26.8251,14.956\right),\left(26.8981,15.0243\right),\left(26.9712,15.0925\right),\left(27.0444,15.1606\right),\left(27.1178,15.2286\right),\left(27.1912,15.2965\right),\left(27.2647,15.3642\right),\left(27.3384,15.4319\right),\left(27.4122,15.4994\right),\left(27.486,15.5668\right),\left(27.56,15.6341\right),\left(27.6341,15.7012\right),\left(27.7084,15.7682\right),\left(27.7827,15.8351\right),\left(27.8572,15.9018\right),\left(27.9318,15.9684\right),\left(28.0065,16.0349\right),\left(28.0814,16.1012\right),\left(28.1564,16.1674\right),\left(28.2315,16.2334\right),\left(28.3068,16.2992\right),\left(28.3822,16.365\right),\left(28.4577,16.4305\right),\left(28.5334,16.4959\right),\left(28.6092,16.5611\right),\left(28.6851,16.6262\right),\left(28.7612,16.6911\right),\left(28.8375,16.7558\right),\left(28.9139,16.8203\right),\left(28.9904,16.8847\right),\left(29.0671,16.9489\right),\left(29.144,17.0129\right),\left(29.221,17.0767\right),\left(29.2981,17.1404\right),\left(29.3754,17.2038\right),\left(29.4529,17.2671\right),\left(29.5305,17.3301\right),\left(29.6083,17.393\right),\left(29.6863,17.4556\right),\left(29.7644,17.5181\right),\left(29.8426,17.5804\right),\left(29.9211,17.6424\right),\left(29.9997,17.7042\right),\left(30.0785,17.7659\right),\left(30.1574,17.8273\right),\left(30.2365,17.8885\right),\left(30.3158,17.9494\right),\left(30.3953,18.0102\right),\left(30.4749,18.0707\right),\left(30.5547,18.131\right),\left(30.6347,18.191\right),\left(30.7149,18.2508\right),\left(30.7952,18.3104\right),\left(30.8757,18.3698\right),\left(30.9564,18.4289\right),\left(31.0373,18.4877\right),\left(31.1184,18.5463\right),\left(31.1996,18.6047\right),\left(31.281,18.6628\right),\left(31.3627,18.7206\right),\left(31.4444,18.7782\right),\left(31.5264,18.8355\right),\left(31.6086,18.8926\right),\left(31.6909,18.9494\right),\left(31.7735,19.0059\right),\left(31.8562,19.0621\right),\left(31.9391,19.1181\right),\left(32.0222,19.1738\right),\left(32.1055,19.2292\right),\left(32.1889,19.2844\right),\left(32.2726,19.3392\right),\left(32.3564,19.3938\right),\left(32.4405,19.4481\right),\left(32.5247,19.5021\right),\left(32.6091,19.5557\right),\left(32.6937,19.6091\right),\left(32.7785,19.6622\right),\left(32.8634,19.715\right),\left(32.9486,19.7675\right),\left(33.034,19.8197\right),\left(33.1195,19.8716\right),\left(33.2052,19.9231\right),\left(33.2912,19.9744\right),\left(33.3773,20.0253\right),\left(33.4636,20.0759\right),\left(33.5501,20.1262\right),\left(33.6367,20.1762\right),\left(33.7236,20.2259\right),\left(33.8106,20.2752\right),\left(33.8979,20.3242\right),\left(33.9853,20.3729\right),\left(34.0729,20.4212\right),\left(34.1607,20.4692\right),\left(34.2487,20.5169\right),\left(34.3368,20.5642\right),\left(34.4252,20.6112\right),\left(34.5137,20.6578\right),\left(34.6024,20.7041\right),\left(34.6913,20.7501\right),\left(34.7803,20.7957\right),\left(34.8696,20.841\right),\left(34.959,20.8859\right),\left(35.0486,20.9304\right),\left(35.1384,20.9746\right),\left(35.2283,21.0185\right),\left(35.3184,21.062\right),\left(35.4087,21.1051\right),\left(35.4992,21.1479\right),\left(35.5899,21.1903\right),\left(35.6807,21.2323\right),\left(35.7717,21.274\right),\left(35.8628,21.3153\right),\left(35.9541,21.3563\right),\left(36.0456,21.3969\right),\left(36.1372,21.4371\right),\left(36.229,21.4769\right),\left(36.321,21.5164\right),\left(36.4131,21.5555\right),\left(36.5054,21.5942\right),\left(36.5979,21.6326\right),\left(36.6905,21.6705\right),\left(36.7832,21.7081\right),\left(36.8761,21.7454\right),\left(36.9692,21.7822\right),\left(37.0624,21.8187\right),\left(37.1558,21.8548\right),\left(37.2493,21.8905\right),\left(37.3429,21.9258\right),\left(37.4367,21.9608\right),\left(37.5306,21.9953\right),\left(37.6247,22.0295\right),\left(37.7189,22.0633\right),\left(37.8133,22.0967\right),\left(37.9078,22.1298\right),\left(38.0024,22.1624\right),\left(38.0971,22.1947\right),\left(38.192,22.2266\right),\left(38.287,22.2581\right),\left(38.3822,22.2892\right),\left(38.4775,22.3199\right),\left(38.5728,22.3503\right),\left(38.6684,22.3803\right),\left(38.764,22.4098\right),\left(38.8598,22.439\right),\left(38.9556,22.4678\right),\left(39.0516,22.4963\right),\left(39.1477,22.5243\right),\left(39.2439,22.552\right),\left(39.3402,22.5793\right),\left(39.4367,22.6062\right),\left(39.5332,22.6327\right),\left(39.6299,22.6588\right),\left(39.7266,22.6845\right),\left(39.8234,22.7099\right),\left(39.9204,22.7349\right),\left(40.0174,22.7595\right),\left(40.1146,22.7837\right),\left(40.2118,22.8076\right),\left(40.3091,22.8311\right),\left(40.4066,22.8542\right),\left(40.5041,22.8769\right),\left(40.6017,22.8992\right),\left(40.6994,22.9212\right),\left(40.7971,22.9428\right),\left(40.895,22.964\right),\left(40.9929,22.9848\right),\left(41.0909,23.0053\right),\left(41.189,23.0254\right),\left(41.2872,23.0451\right),\left(41.3854,23.0645\right),\left(41.4837,23.0835\right),\left(41.5821,23.1021\right),\left(41.6805,23.1204\right),\left(41.779,23.1383\right),\left(41.8776,23.1558\right),\left(41.9763,23.173\right),\left(42.075,23.1898\right),\left(42.1738,23.2063\right),\left(42.2726,23.2223\right),\left(42.3715,23.2381\right),\left(42.4704,23.2535\right),\left(42.5694,23.2685\right),\left(42.6685,23.2831\right),\left(42.7676,23.2975\right),\left(42.8667,23.3114\right),\left(42.9659,23.325\right),\left(43.0652,23.3383\right),\left(43.1645,23.3512\right),\left(43.2638,23.3638\right),\left(43.3632,23.376\right),\left(43.4626,23.3879\right),\left(43.5621,23.3994\right),\left(43.6616,23.4106\right),\left(43.7612,23.4215\right),\left(43.8607,23.432\right),\left(43.9604,23.4422\right),\left(44.06,23.452\right),\left(44.1597,23.4616\right),\left(44.2594,23.4707\right),\left(44.3592,23.4796\right),\left(44.4589,23.4881\right),\left(44.5587,23.4963\right),\left(44.6586,23.5042\right),\left(44.7584,23.5118\right),\left(44.8583,23.519\right),\left(44.9582,23.5259\right),\left(45.0581,23.5325\right),\left(45.1581,23.5388\right),\left(45.258,23.5447\right),\left(45.358,23.5504\right),\left(45.458,23.5557\right),\left(45.558,23.5607\right),\left(45.658,23.5654\right),\left(45.7581,23.5698\right),\left(45.8581,23.5739\right),\left(45.9582,23.5777\right),\left(46.0583,23.5812\right),\left(46.1584,23.5844\right),\left(46.2585,23.5873\right),\left(46.3586,23.5898\right),\left(46.4587,23.5921\right),\left(46.5588,23.5941\right),\left(46.659,23.5958\right),\left(46.7591,23.5972\right),\left(46.8592,23.5983\right),\left(46.9594,23.5992\right),\left(47.0595,23.5997\right),\left(47.1596,23.6\right),\left(47.2,23.6\right),\right]
l_{headings}=\left[0,0.00282884,0.00567364,0.00853444,0.0114113,0.0143042,0.0172132,0.0201384,0.0230798,0.0260374,0.0290112,0.0320013,0.0350077,0.0380304,0.0410694,0.0441248,0.0471965,0.0502846,0.0533891,0.0565099,0.0596471,0.0628007,0.0659706,0.069157,0.0723596,0.0755787,0.078814,0.0820656,0.0853335,0.0886176,0.0919179,0.0952344,0.0985671,0.101916,0.105281,0.108661,0.112058,0.11547,0.118899,0.122343,0.125802,0.129278,0.132768,0.136275,0.139796,0.143333,0.146884,0.150451,0.154033,0.157629,0.16124,0.164865,0.168505,0.172159,0.175827,0.179509,0.183205,0.186915,0.190638,0.194374,0.198123,0.201885,0.20566,0.209447,0.213247,0.217059,0.220882,0.224717,0.228564,0.232422,0.236291,0.240171,0.244061,0.247961,0.251871,0.255791,0.25972,0.263659,0.267606,0.271562,0.275526,0.279498,0.283478,0.287465,0.29146,0.29546,0.299468,0.303481,0.3075,0.311524,0.315554,0.319588,0.323626,0.327668,0.331714,0.335763,0.339815,0.34387,0.347926,0.351984,0.356044,0.360104,0.364165,0.368226,0.372287,0.376347,0.380405,0.384463,0.388518,0.392571,0.396622,0.400669,0.404712,0.408752,0.412787,0.416817,0.420842,0.424861,0.428874,0.432881,0.43688,0.440872,0.444856,0.448832,0.452799,0.456757,0.460706,0.464645,0.468573,0.47249,0.476396,0.480291,0.484173,0.488043,0.4919,0.495744,0.499574,0.50339,0.507191,0.510978,0.514749,0.518505,0.522244,0.525968,0.529674,0.533363,0.537035,0.540689,0.544324,0.547941,0.551539,0.555117,0.558676,0.562215,0.565734,0.569232,0.572709,0.576164,0.579598,0.58301,0.5864,0.589767,0.593112,0.596433,0.599731,0.603006,0.606256,0.609483,0.612684,0.615862,0.619014,0.622141,0.625242,0.628318,0.631368,0.634392,0.63739,0.640361,0.643305,0.646223,0.649113,0.651976,0.654812,0.65762,0.660399,0.663151,0.665875,0.66857,0.671237,0.673876,0.676485,0.679066,0.681617,0.684139,0.686632,0.689096,0.69153,0.693934,0.696308,0.698653,0.700967,0.703251,0.705505,0.707729,0.709923,0.712086,0.714218,0.71632,0.718391,0.720431,0.722441,0.72442,0.726367,0.728284,0.730169,0.732024,0.733847,0.735639,0.7374,0.739129,0.740827,0.742494,0.744129,0.745732,0.747304,0.748845,0.750354,0.751832,0.753277,0.754691,0.756074,0.757425,0.758744,0.760031,0.761287,0.76251,0.763702,0.764863,0.765991,0.767088,0.768152,0.769185,0.770186,0.771156,0.772093,0.772998,0.773872,0.774714,0.775523,0.776301,0.777047,0.777762,0.778444,0.779094,0.779712,0.780299,0.780853,0.781376,0.781867,0.782326,0.782753,0.783148,0.783511,0.783842,0.784141,0.784408,0.784644,0.784847,0.785019,0.785159,0.785266,0.785342,0.785386,0.785398,0.785378,0.785326,0.785242,0.785127,0.784979,0.784799,0.784588,0.784345,0.784069,0.783762,0.783423,0.783052,0.782649,0.782214,0.781747,0.781248,0.780718,0.780155,0.779561,0.778934,0.778276,0.777586,0.776864,0.77611,0.775324,0.774506,0.773656,0.772775,0.771861,0.770916,0.769939,0.76893,0.767889,0.766816,0.765712,0.764575,0.763407,0.762207,0.760975,0.759712,0.758416,0.757089,0.75573,0.75434,0.752918,0.751464,0.749979,0.748462,0.746913,0.745333,0.743721,0.742078,0.740403,0.738697,0.73696,0.735191,0.733391,0.73156,0.729698,0.727804,0.725879,0.723924,0.721937,0.719919,0.717871,0.715792,0.713682,0.711541,0.70937,0.707169,0.704937,0.702675,0.700382,0.69806,0.695707,0.693325,0.690912,0.68847,0.685999,0.683498,0.680967,0.678408,0.675819,0.673201,0.670555,0.66788,0.665176,0.662444,0.659684,0.656896,0.65408,0.651236,0.648365,0.645467,0.642541,0.639588,0.636609,0.633603,0.630571,0.627512,0.624428,0.621318,0.618183,0.615022,0.611837,0.608627,0.605392,0.602133,0.59885,0.595544,0.592214,0.588861,0.585485,0.582087,0.578667,0.575224,0.57176,0.568275,0.564768,0.561241,0.557694,0.554127,0.55054,0.546933,0.543308,0.539664,0.536002,0.532322,0.528624,0.524909,0.521178,0.51743,0.513665,0.509886,0.506091,0.502281,0.498456,0.494618,0.490766,0.4869,0.483022,0.479131,0.475228,0.471314,0.467388,0.463452,0.459505,0.455548,0.451582,0.447606,0.443622,0.43963,0.43563,0.431622,0.427608,0.423586,0.419559,0.415526,0.411488,0.407445,0.403398,0.399347,0.395291,0.391233,0.387173,0.38311,0.379045,0.374978,0.370911,0.366843,0.362774,0.358706,0.354638,0.350572,0.346506,0.342443,0.338381,0.334322,0.330266,0.326214,0.322165,0.31812,0.314079,0.310043,0.306012,0.301987,0.297967,0.293954,0.289947,0.285947,0.281954,0.277968,0.27399,0.27002,0.266059,0.262106,0.258162,0.254227,0.250302,0.246387,0.242482,0.238587,0.234702,0.230828,0.226966,0.223114,0.219275,0.215447,0.211631,0.207827,0.204035,0.200257,0.196491,0.192738,0.188998,0.185271,0.181559,0.177859,0.174174,0.170503,0.166846,0.163203,0.159575,0.155961,0.152362,0.148778,0.145209,0.141655,0.138116,0.134593,0.131085,0.127592,0.124115,0.120653,0.117208,0.113778,0.110364,0.106966,0.103584,0.100218,0.0968685,0.0935351,0.0902178,0.0869167,0.0836319,0.0803635,0.0771116,0.0738757,0.0706565,0.0674537,0.0642672,0.0610972,0.0579437,0.0548066,0.0516861,0.048582,0.0454942,0.0424229,0.0393682,0.0363298,0.0333079,0.030302,0.0273129,0.0243399,0.0213833,0.018443,0.0155189,0.0126111,0.00971939,0.00684385,0.0039844,0.00114108,6.28319,\right]
running path!
lin/ang/drive_left/drive_right/tv_l/tv_r/av_l/av_r/x/y/theta/tx/ty/ttheta: 2.28337 0.11649 0.00000 0.00000 1.00000 1.00000 0.00000 -0.00033 -23.59998 -0.00008 -0.00182 0.00000 0.00000 0.00000
lin/ang/drive_left/drive_right/tv_l/tv_r/av_l/av_r/x/y/theta/tx/ty/ttheta: 2.28337 0.11755 0.05489 0.07737 1.00000 1.00000 0.20122 0.20653 -23.59997 -0.00015 -0.00323 0.00000 0.00000 0.00000
lin/ang/drive_left/drive_right/tv_l/tv_r/av_l/av_r/x/y/theta/tx/ty/ttheta: 2.28339 0.09568 0.56471 0.54396 1.00000 1.00000 0.57647 0.58347 -23.60023 0.00117 0.02576 0.00000 0.00000 0.00000
lin/ang/drive_left/drive_right/tv_l/tv_r/av_l/av_r/x/y/theta/tx/ty/ttheta: 2.26967 0.05097 0.48799 0.49987 1.00000 1.00000 0.69194 0.69386 -23.45254 0.00404 0.08512 0.00000 0.00000 0.00000
lin/ang/drive_left/drive_right/tv_l/tv_r/av_l/av_r/x/y/theta/tx/ty/ttheta: 2.24117 -0.01078 0.45665 0.44887 1.00000 1.00000 0.64372 0.65450 -23.14590 0.04350 0.10020 0.00000 0.00000 0.00000
lin/ang/drive_left/drive_right/tv_l/tv_r/av_l/av_r/x/y/theta/tx/ty/ttheta: 2.20879 0.03741 0.64489 0.66801 1.00000 1.00000 0.70839 0.70308 -22.79738 0.02549 0.06525 0.00000 0.00000 0.00000
lin/ang/drive_left/drive_right/tv_l/tv_r/av_l/av_r/x/y/theta/tx/ty/ttheta: 2.17088 0.11777 0.69438 0.76202 1.00000 1.00000 0.73714 0.74311 -22.38941 -0.02805 0.05148 0.00000 0.00000 0.00000
lin/ang/drive_left/drive_right/tv_l/tv_r/av_l/av_r/x/y/theta/tx/ty/ttheta: 2.12200 0.22980 0.73285 0.66283 1.00000 1.00000 0.73969 0.75269 -21.86338 -0.06885 -0.03656 0.00000 0.00000 0.00000
lin/ang/drive_left/drive_right/tv_l/tv_r/av_l/av_r/x/y/theta/tx/ty/ttheta: 2.07056 0.35185 0.93643 0.79876 1.00000 1.00000 0.77647 0.74247 -21.30999 -0.12918 -0.10352 0.00000 0.00000 0.00000
lin/ang/drive_left/drive_right/tv_l/tv_r/av_l/av_r/x/y/theta/tx/ty/ttheta: 2.02205 0.51707 1.10349 0.95112 1.00000 1.00000 0.82936 0.82014 -20.78862 -0.20998 -0.19870 0.00000 0.00000 0.00000
lin/ang/drive_left/drive_right/tv_l/tv_r/av_l/av_r/x/y/theta/tx/ty/ttheta: 1.96070 0.66226 0.93794 0.87159 1.00000 1.00000 0.81858 0.81656 -20.12938 -0.25511 -0.34305 0.00000 0.00000 0.00000
lin/ang/drive_left/drive_right/tv_l/tv_r/av_l/av_r/x/y/theta/tx/ty/ttheta: 1.88920 0.88050 1.12942 1.14325 0.89539 1.00000 0.83569 0.83825 -19.36234 -0.30898 -0.59983 0.00000 0.00000 0.00000
lin/ang/drive_left/drive_right/tv_l/tv_r/av_l/av_r/x/y/theta/tx/ty/ttheta: 1.80953 1.22833 0.81605 1.43522 0.86298 1.00000 0.57422 0.91303 -18.51025 -0.43066 -0.94493 0.00000 0.00000 0.00000
lin/ang/drive_left/drive_right/tv_l/tv_r/av_l/av_r/x/y/theta/tx/ty/ttheta: 1.72959 1.35729 1.36758 1.31636 0.76343 1.00000 0.77236 0.91067 -17.65282 -0.47678 -1.10066 0.00000 0.00000 0.00000
lin/ang/drive_left/drive_right/tv_l/tv_r/av_l/av_r/x/y/theta/tx/ty/ttheta: 1.64355 1.33179 1.27659 1.37147 0.86309 0.97438 0.76075 0.91283 -16.72595 -0.51633 -0.99964 0.00000 0.00000 0.00000
lin/ang/drive_left/drive_right/tv_l/tv_r/av_l/av_r/x/y/theta/tx/ty/ttheta: 1.54656 1.33857 1.44949 1.25109 0.35866 0.91150 0.82233 0.71967 -15.68167 -0.58027 -0.89520 0.00000 0.00000 0.00000
lin/ang/drive_left/drive_right/tv_l/tv_r/av_l/av_r/x/y/theta/tx/ty/ttheta: 1.45439 1.37054 1.08036 1.30512 0.31209 0.69427 0.55525 0.71867 -14.68932 -0.65462 -0.80200 0.00000 0.00000 0.00000
lin/ang/drive_left/drive_right/tv_l/tv_r/av_l/av_r/x/y/theta/tx/ty/ttheta: 1.36634 1.34924 0.96755 1.26752 0.37220 0.62401 0.37456 0.69403 -13.74073 -0.68410 -0.71072 0.00000 0.00000 0.00000
lin/ang/drive_left/drive_right/tv_l/tv_r/av_l/av_r/x/y/theta/tx/ty/ttheta: 1.27581 1.28832 1.06005 1.26579 0.27452 0.50498 0.36686 0.63239 -12.76461 -0.69461 -0.57857 0.00000 0.00000 0.00000
lin/ang/drive_left/drive_right/tv_l/tv_r/av_l/av_r/x/y/theta/tx/ty/ttheta: 1.18535 1.11446 1.16054 1.22084 0.18167 0.34923 0.38686 0.53986 -11.78512 -0.71558 -0.13255 0.00000 0.00000 0.00000
lin/ang/drive_left/drive_right/tv_l/tv_r/av_l/av_r/x/y/theta/tx/ty/ttheta: 1.09887 0.87060 1.01445 1.11926 0.23533 0.25885 0.28011 0.43375 -10.84697 -0.72034 0.48395 0.00000 0.00000 0.00000
lin/ang/drive_left/drive_right/tv_l/tv_r/av_l/av_r/x/y/theta/tx/ty/ttheta: 1.01452 0.49062 1.03757 0.96150 0.27347 0.13609 0.27942 0.33228 -9.93139 -0.68302 1.38074 0.00000 0.00000 0.00000
lin/ang/drive_left/drive_right/tv_l/tv_r/av_l/av_r/x/y/theta/tx/ty/ttheta: 0.93252 0.09292 0.74668 0.86792 0.43110 -0.10275 0.29328 0.22278 -9.04354 -0.64218 2.41448 0.00000 0.00000 0.00000
lin/ang/drive_left/drive_right/tv_l/tv_r/av_l/av_r/x/y/theta/tx/ty/ttheta: 0.85812 -0.14657 0.93772 0.75986 0.25609 0.14451 0.32133 -0.00272 -8.24115 -0.60707 3.11074 0.00000 0.00000 0.00000
lin/ang/drive_left/drive_right/tv_l/tv_r/av_l/av_r/x/y/theta/tx/ty/ttheta: 0.79569 -0.08155 0.73998 0.88823 0.15694 0.11832 0.31517 0.17675 -7.56974 -0.58887 2.98515 0.00000 0.00000 0.00000
lin/ang/drive_left/drive_right/tv_l/tv_r/av_l/av_r/x/y/theta/tx/ty/ttheta: 0.73537 0.24984 0.77196 0.72852 -0.25196 0.34789 0.23408 0.14664 -6.92038 -0.64773 2.31260 0.00000 0.00000 0.00000
lin/ang/drive_left/drive_right/tv_l/tv_r/av_l/av_r/x/y/theta/tx/ty/ttheta: 0.67990 0.49404 0.44779 0.74668 -0.10763 0.29875 -0.08144 0.27822 -6.32743 -0.66169 1.65966 0.00000 0.00000 0.00000
lin/ang/drive_left/drive_right/tv_l/tv_r/av_l/av_r/x/y/theta/tx/ty/ttheta: 0.62669 0.46529 0.28009 0.79293 0.29241 -0.09079 -0.10781 0.30558 -5.75818 -0.58238 1.46961 0.00000 0.00000 0.00000
lin/ang/drive_left/drive_right/tv_l/tv_r/av_l/av_r/x/y/theta/tx/ty/ttheta: 0.58806 0.20077 0.61420 0.42359 0.32873 0.09459 0.17250 -0.00106 -5.34124 -0.49442 2.06193 0.00000 0.00000 0.00000
lin/ang/drive_left/drive_right/tv_l/tv_r/av_l/av_r/x/y/theta/tx/ty/ttheta: 0.55220 -0.04634 0.67493 0.38188 0.23846 0.11424 0.29672 0.08725 -4.95395 -0.44273 2.80452 0.00000 0.00000 0.00000
lin/ang/drive_left/drive_right/tv_l/tv_r/av_l/av_r/x/y/theta/tx/ty/ttheta: 0.52349 -0.05395 0.52278 0.51284 0.17543 0.20319 0.25172 0.12406 -4.64284 -0.46289 3.01408 0.00000 0.00000 0.00000
lin/ang/drive_left/drive_right/tv_l/tv_r/av_l/av_r/x/y/theta/tx/ty/ttheta: 0.49087 0.01721 0.36005 0.43396 0.18021 0.24146 0.18361 0.18428 -4.29261 -0.45560 2.78879 0.00000 0.00000 0.00000
lin/ang/drive_left/drive_right/tv_l/tv_r/av_l/av_r/x/y/theta/tx/ty/ttheta: 0.46298 0.10893 0.36977 0.49166 0.16486 0.21210 0.17761 0.22689 -3.99345 -0.45570 2.49180 0.00000 0.00000 0.00000
lin/ang/drive_left/drive_right/tv_l/tv_r/av_l/av_r/x/y/theta/tx/ty/ttheta: 0.43490 0.15384 0.31207 0.49901 0.19242 0.14805 0.16650 0.21594 -3.69287 -0.43799 2.27635 0.00000 0.00000 0.00000
lin/ang/drive_left/drive_right/tv_l/tv_r/av_l/av_r/x/y/theta/tx/ty/ttheta: 0.40824 0.17773 0.30861 0.39614 0.19159 0.17201 0.18344 0.15894 -3.40657 -0.42832 2.18236 0.00000 0.00000 0.00000
lin/ang/drive_left/drive_right/tv_l/tv_r/av_l/av_r/x/y/theta/tx/ty/ttheta: 0.38028 0.18177 0.40608 0.35594 0.09456 0.15857 0.18839 0.16631 -3.10588 -0.41756 2.16837 0.00000 0.00000 0.00000
lin/ang/drive_left/drive_right/tv_l/tv_r/av_l/av_r/x/y/theta/tx/ty/ttheta: 0.35418 0.16473 0.33519 0.34924 0.11369 0.13543 0.12575 0.15294 -2.82551 -0.39809 2.19320 0.00000 0.00000 0.00000
lin/ang/drive_left/drive_right/tv_l/tv_r/av_l/av_r/x/y/theta/tx/ty/ttheta: 0.32929 0.14337 0.27252 0.32309 0.13799 0.12532 0.11192 0.13794 -2.55784 -0.37938 2.24168 0.00000 0.00000 0.00000
lin/ang/drive_left/drive_right/tv_l/tv_r/av_l/av_r/x/y/theta/tx/ty/ttheta: 0.30392 0.13457 0.21547 0.29435 0.14482 0.12174 0.12319 0.12269 -2.28492 -0.36709 2.27440 0.00000 0.00000 0.00000
lin/ang/drive_left/drive_right/tv_l/tv_r/av_l/av_r/x/y/theta/tx/ty/ttheta: 0.27710 0.13190 0.29500 0.26950 -0.09208 0.10767 0.13656 0.11842 -1.99664 -0.35395 2.27661 0.00000 0.00000 0.00000
lin/ang/drive_left/drive_right/tv_l/tv_r/av_l/av_r/x/y/theta/tx/ty/ttheta: 0.25278 0.14231 0.25502 0.26258 -0.10456 0.10970 -0.03200 0.10933 -1.73527 -0.34554 2.23592 0.00000 0.00000 0.00000
lin/ang/drive_left/drive_right/tv_l/tv_r/av_l/av_r/x/y/theta/tx/ty/ttheta: 0.23424 0.07762 0.11865 0.24291 0.18726 -0.09849 -0.08317 0.10661 -1.53630 -0.31061 2.39047 0.00000 0.00000 0.00000
lin/ang/drive_left/drive_right/tv_l/tv_r/av_l/av_r/x/y/theta/tx/ty/ttheta: 0.22032 -0.03644 0.27014 0.20639 0.16590 -0.11761 0.11772 -0.05303 -1.38580 -0.28237 2.85412 0.00000 0.00000 0.00000
lin/ang/drive_left/drive_right/tv_l/tv_r/av_l/av_r/x/y/theta/tx/ty/ttheta: 0.20722 -0.09970 0.36048 0.11670 -0.08070 0.10844 0.15944 -0.10011 -1.24394 -0.27197 3.18050 0.00000 0.00000 0.00000
lin/ang/drive_left/drive_right/tv_l/tv_r/av_l/av_r/x/y/theta/tx/ty/ttheta: 0.19903 -0.04879 0.23449 0.12362 -0.09977 0.20983 -0.03475 0.06469 -1.15605 -0.27914 2.98410 0.00000 0.00000 0.00000
lin/ang/drive_left/drive_right/tv_l/tv_r/av_l/av_r/x/y/theta/tx/ty/ttheta: 0.19111 0.05810 0.00000 0.26431 0.15898 0.16841 -0.08469 0.16908 -1.07181 -0.29464 2.52669 0.00000 0.00000 0.00000
lin/ang/drive_left/drive_right/tv_l/tv_r/av_l/av_r/x/y/theta/tx/ty/ttheta: 0.18461 0.07011 -0.01578 0.33390 0.25505 -0.09913 0.10317 0.16478 -1.00372 -0.27016 2.29625 0.00000 0.00000 0.00000
lin/ang/drive_left/drive_right/tv_l/tv_r/av_l/av_r/x/y/theta/tx/ty/ttheta: 0.17905 0.03172 0.29068 0.13594 0.11221 0.11902 0.21594 -0.04861 -0.94415 -0.25237 2.40056 0.00000 0.00000 0.00000
lin/ang/drive_left/drive_right/tv_l/tv_r/av_l/av_r/x/y/theta/tx/ty/ttheta: 0.17452 -0.00177 0.32331 -0.04668 -0.10528 0.24606 0.14372 0.07411 -0.89531 -0.24253 2.53536 0.00000 0.00000 0.00000
lin/ang/drive_left/drive_right/tv_l/tv_r/av_l/av_r/x/y/theta/tx/ty/ttheta: 0.16858 0.02350 0.07867 0.18953 0.14113 0.17233 -0.05594 0.19778 -0.83166 -0.24475 2.42628 0.00000 0.00000 0.00000
lin/ang/drive_left/drive_right/tv_l/tv_r/av_l/av_r/x/y/theta/tx/ty/ttheta: 0.16239 0.04169 -0.04279 0.25005 0.23422 0.09267 0.08519 0.17469 -0.76520 -0.24560 2.34739 0.00000 0.00000 0.00000
lin/ang/drive_left/drive_right/tv_l/tv_r/av_l/av_r/x/y/theta/tx/ty/ttheta: 0.15415 0.01295 0.26366 0.11584 0.08705 0.10475 0.19472 0.10797 -0.67644 -0.23612 2.47320 0.00000 0.00000 0.00000
lin/ang/drive_left/drive_right/tv_l/tv_r/av_l/av_r/x/y/theta/tx/ty/ttheta: 0.14578 -0.01401 0.29521 0.08818 -0.13515 0.12236 0.11550 0.10028 -0.58624 -0.22666 2.59202 0.00000 0.00000 0.00000
lin/ang/drive_left/drive_right/tv_l/tv_r/av_l/av_r/x/y/theta/tx/ty/ttheta: 0.13585 -0.01334 0.16943 0.14242 -0.11433 0.09806 -0.07444 0.11072 -0.47947 -0.22197 2.58906 0.00000 0.00000 0.00000
lin/ang/drive_left/drive_right/tv_l/tv_r/av_l/av_r/x/y/theta/tx/ty/ttheta: 0.12748 -0.01683 -0.14977 0.12729 0.24950 0.09193 -0.10472 0.09581 -0.38955 -0.21717 2.60479 0.00000 0.00000 0.00000
lin/ang/drive_left/drive_right/tv_l/tv_r/av_l/av_r/x/y/theta/tx/ty/ttheta: 0.12057 -0.05084 0.04755 0.11281 0.20878 -0.07550 0.13089 0.09000 -0.31504 -0.20662 2.75945 0.00000 0.00000 0.00000
lin/ang/drive_left/drive_right/tv_l/tv_r/av_l/av_r/x/y/theta/tx/ty/ttheta: 0.11398 -0.08324 0.39592 0.12232 -0.16683 -0.09758 0.19983 -0.02653 -0.24360 -0.20294 2.96336 0.00000 0.00000 0.00000
lin/ang/drive_left/drive_right/tv_l/tv_r/av_l/av_r/x/y/theta/tx/ty/ttheta: 0.10611 -0.09229 0.18089 -0.00195 -0.12801 0.12693 -0.04878 -0.08144 -0.15874 -0.19870 3.02297 0.00000 0.00000 0.00000
lin/ang/drive_left/drive_right/tv_l/tv_r/av_l/av_r/x/y/theta/tx/ty/ttheta: 0.09932 -0.07145 -0.13053 -0.08385 0.20198 0.21168 -0.11500 0.06006 -0.08583 -0.19935 2.92589 0.00000 0.00000 0.00000
lin/ang/drive_left/drive_right/tv_l/tv_r/av_l/av_r/x/y/theta/tx/ty/ttheta: 0.09519 -0.06592 -0.03544 0.17160 0.21400 -0.07009 0.12747 0.17250 -0.04147 -0.19828 2.90002 0.00000 0.00000 0.00000
lin/ang/drive_left/drive_right/tv_l/tv_r/av_l/av_r/x/y/theta/tx/ty/ttheta: 0.09082 -0.07339 0.29197 0.28030 -0.13389 -0.18907 0.19731 -0.00222 0.00551 -0.19428 2.93521 0.00000 0.00000 0.00000
lin/ang/drive_left/drive_right/tv_l/tv_r/av_l/av_r/x/y/theta/tx/ty/ttheta: 0.12430 -0.03116 0.19018 0.00346 0.19093 0.35437 -0.04911 -0.14425 0.07424 -0.19156 2.91771 0.09986 0.00014 0.16208
lin/ang/drive_left/drive_right/tv_l/tv_r/av_l/av_r/x/y/theta/tx/ty/ttheta: 0.11910 -0.01466 0.02485 -0.12254 0.14412 0.26990 0.12233 0.14289 0.13009 -0.19222 2.84166 0.09986 0.00014 0.16208
lin/ang/drive_left/drive_right/tv_l/tv_r/av_l/av_r/x/y/theta/tx/ty/ttheta: 0.14944 0.04995 0.19061 0.45427 0.21285 0.19279 0.14031 0.25358 0.15872 -0.19586 2.73118 0.19972 0.00057 0.32508
lin/ang/drive_left/drive_right/tv_l/tv_r/av_l/av_r/x/y/theta/tx/ty/ttheta: 0.14215 0.06256 0.12146 0.25826 0.10298 -0.13806 0.18308 0.19386 0.23709 -0.19479 2.67385 0.19972 0.00057 0.32508
lin/ang/drive_left/drive_right/tv_l/tv_r/av_l/av_r/x/y/theta/tx/ty/ttheta: 0.18837 0.14072 0.11778 0.19904 0.33178 0.40144 0.11550 -0.04669 0.34514 -0.18867 2.69677 0.29957 0.00127 0.48899
lin/ang/drive_left/drive_right/tv_l/tv_r/av_l/av_r/x/y/theta/tx/ty/ttheta: 0.20573 0.18480 0.19883 0.03155 0.20216 0.39172 0.26522 0.19933 0.42941 -0.18583 2.67240 0.39943 0.00227 0.65382
lin/ang/drive_left/drive_right/tv_l/tv_r/av_l/av_r/x/y/theta/tx/ty/ttheta: 0.21863 0.26609 0.18283 0.44412 0.16667 0.22301 0.21150 0.36050 0.54736 -0.18906 2.48611 0.49928 0.00355 0.81957
lin/ang/drive_left/drive_right/tv_l/tv_r/av_l/av_r/x/y/theta/tx/ty/ttheta: 0.24687 0.34274 0.19558 0.22454 0.24497 0.40612 0.16458 0.24125 0.72562 -0.18182 2.50966 0.69897 0.00699 1.15385
lin/ang/drive_left/drive_right/tv_l/tv_r/av_l/av_r/x/y/theta/tx/ty/ttheta: 0.27241 0.39648 0.26366 0.33390 0.22976 0.37602 0.21286 0.34581 0.90123 -0.16851 2.62733 0.89863 0.01160 1.49183
lin/ang/drive_left/drive_right/tv_l/tv_r/av_l/av_r/x/y/theta/tx/ty/ttheta: 0.30966 0.46330 0.22433 0.32007 0.31362 0.48747 0.21047 0.35847 1.13355 -0.14610 2.87030 1.09827 0.01740 1.83354
lin/ang/drive_left/drive_right/tv_l/tv_r/av_l/av_r/x/y/theta/tx/ty/ttheta: 0.34431 0.55267 0.29370 0.41084 0.28241 0.49615 0.27906 0.43122 1.35603 -0.12763 3.02463 1.39764 0.02833 2.35310
lin/ang/drive_left/drive_right/tv_l/tv_r/av_l/av_r/x/y/theta/tx/ty/ttheta: 0.35256 0.55314 0.31315 0.46119 0.21361 0.29047 0.27600 0.46475 1.64781 -0.09480 3.37820 1.59717 0.03715 2.70416
lin/ang/drive_left/drive_right/tv_l/tv_r/av_l/av_r/x/y/theta/tx/ty/ttheta: 0.38990 0.62287 0.34924 0.41408 0.30046 0.52993 0.21800 0.32272 1.97660 -0.05399 3.80884 1.99604 0.05847 3.41753
lin/ang/drive_left/drive_right/tv_l/tv_r/av_l/av_r/x/y/theta/tx/ty/ttheta: 0.41026 0.63656 0.40522 0.59410 0.24418 0.35555 0.27292 0.44539 2.28304 -0.00935 4.29766 2.29500 0.07774 3.96240
lin/ang/drive_left/drive_right/tv_l/tv_r/av_l/av_r/x/y/theta/tx/ty/ttheta: 0.45427 0.74719 0.29089 0.50982 0.37931 0.60859 0.24381 0.37933 2.65315 0.04245 4.77415 2.69330 0.10791 4.70201
lin/ang/drive_left/drive_right/tv_l/tv_r/av_l/av_r/x/y/theta/tx/ty/ttheta: 0.46567 0.75851 0.53510 0.69157 0.19716 0.32911 0.32939 0.51008 3.01924 0.09463 5.32377 2.99175 0.13393 5.26651
lin/ang/drive_left/drive_right/tv_l/tv_r/av_l/av_r/x/y/theta/tx/ty/ttheta: 0.49989 0.87041 0.40003 0.56017 0.29581 0.59418 0.22294 0.37969 3.44408 0.15832 5.85602 3.48856 0.18391 6.22583
lin/ang/drive_left/drive_right/tv_l/tv_r/av_l/av_r/x/y/theta/tx/ty/ttheta: 0.51763 0.91794 0.43526 0.76894 0.26384 0.41179 0.26456 0.49964 3.86856 0.23262 6.45525 3.88535 0.22993 7.00972
lin/ang/drive_left/drive_right/tv_l/tv_r/av_l/av_r/x/y/theta/tx/ty/ttheta: 0.53132 0.97889 0.44196 0.61550 0.23774 0.48334 0.26556 0.44194 4.32307 0.31103 7.03567 4.28148 0.28144 7.80796
lin/ang/drive_left/drive_right/tv_l/tv_r/av_l/av_r/x/y/theta/tx/ty/ttheta: 0.57432 1.12443 0.46314 0.73350 0.32217 0.68621 0.23392 0.45533 4.74585 0.38264 7.80154 4.77556 0.35365 8.82542
lin/ang/drive_left/drive_right/tv_l/tv_r/av_l/av_r/x/y/theta/tx/ty/ttheta: 0.58457 1.17337 0.55088 0.79747 0.19305 0.45639 0.28678 0.59342 5.20960 0.47302 8.49625 5.16985 0.41778 9.65464
lin/ang/drive_left/drive_right/tv_l/tv_r/av_l/av_r/x/y/theta/tx/ty/ttheta: 0.61448 1.29835 0.46897 0.75251 0.27183 0.65411 0.22808 0.49914 5.73424 0.58944 9.33207 5.75944 0.52478 10.92273
lin/ang/drive_left/drive_right/tv_l/tv_r/av_l/av_r/x/y/theta/tx/ty/ttheta: 0.63303 1.34468 0.52538 0.89104 0.25510 0.51630 0.24592 0.58400 6.22426 0.70856 10.30211 6.24886 0.62400 12.00044
lin/ang/drive_left/drive_right/tv_l/tv_r/av_l/av_r/x/y/theta/tx/ty/ttheta: 0.64830 1.36628 0.57465 0.80589 0.23274 0.53500 0.25256 0.53181 6.73436 0.85516 11.31693 6.73631 0.73248 13.09576
lin/ang/drive_left/drive_right/tv_l/tv_r/av_l/av_r/x/y/theta/tx/ty/ttheta: 0.67495 1.43257 0.45795 0.86943 0.36515 0.62562 0.23664 0.51947 7.24828 1.00386 12.46668 7.31839 0.87504 14.43116
lin/ang/drive_left/drive_right/tv_l/tv_r/av_l/av_r/x/y/theta/tx/ty/ttheta: 0.68655 1.43542 0.65526 0.90941 0.26241 0.50677 0.32425 0.58092 7.77495 1.16877 13.62752 7.80081 1.00425 15.55937
lin/ang/drive_left/drive_right/tv_l/tv_r/av_l/av_r/x/y/theta/tx/ty/ttheta: 0.72156 1.56175 0.63668 0.93556 0.29209 0.72298 0.27958 0.52544 8.30800 1.34154 14.80558 8.37621 1.17189 16.92864
lin/ang/drive_left/drive_right/tv_l/tv_r/av_l/av_r/x/y/theta/tx/ty/ttheta: 0.73950 1.60581 0.59972 1.02395 0.28771 0.57425 0.28047 0.64031 8.87315 1.55066 16.00332 8.94746 1.35331 18.31103
lin/ang/drive_left/drive_right/tv_l/tv_r/av_l/av_r/x/y/theta/tx/ty/ttheta: 0.75712 1.64706 0.63624 0.95220 0.27847 0.62260 0.28164 0.59342 9.43013 1.77317 17.19658 9.51418 1.54851 19.70229
lin/ang/drive_left/drive_right/tv_l/tv_r/av_l/av_r/x/y/theta/tx/ty/ttheta: 0.77133 1.66794 0.52905 1.00623 0.34164 0.59138 0.27294 0.60281 10.01335 2.01140 18.51028 10.07601 1.75745 21.09780
lin/ang/drive_left/drive_right/tv_l/tv_r/av_l/av_r/x/y/theta/tx/ty/ttheta: 0.78742 1.68183 0.68703 0.98289 0.29675 0.62167 0.31878 0.58142 10.56772 2.25543 19.83279 10.63262 1.98003 22.49268
lin/ang/drive_left/drive_right/tv_l/tv_r/av_l/av_r/x/y/theta/tx/ty/ttheta: 0.81411 1.76560 0.70324 1.04600 0.28822 0.72337 0.30219 0.60556 11.13156 2.50698 21.13783 11.27497 2.25672 24.11247
lin/ang/drive_left/drive_right/tv_l/tv_r/av_l/av_r/x/y/theta/tx/ty/ttheta: 0.83602 1.83784 0.66412 1.08922 0.29470 0.70127 0.28164 0.68306 11.73329 2.79329 22.42830 11.81922 2.50822 25.48839
lin/ang/drive_left/drive_right/tv_l/tv_r/av_l/av_r/x/y/theta/tx/ty/ttheta: 0.85636 1.86105 0.65526 1.05832 0.33468 0.70063 0.28711 0.66972 12.33346 3.11977 23.77020 12.44641 2.81795 27.07168
lin/ang/drive_left/drive_right/tv_l/tv_r/av_l/av_r/x/y/theta/tx/ty/ttheta: 0.87926 1.84944 0.56276 1.08944 0.48457 0.70383 0.31689 0.68564 12.90010 3.44768 25.21254 13.06494 3.14477 28.62347
lin/ang/drive_left/drive_right/tv_l/tv_r/av_l/av_r/x/y/theta/tx/ty/ttheta: 0.90046 1.79694 0.88197 1.10392 0.38011 0.68001 0.42914 0.68594 13.47445 3.79982 26.74714 13.67455 3.48803 30.13573
lin/ang/drive_left/drive_right/tv_l/tv_r/av_l/av_r/x/y/theta/tx/ty/ttheta: 0.92002 1.72319 0.64878 1.12250 0.50196 0.66178 0.39492 0.66936 14.05768 4.17459 28.29565 14.27508 3.84704 31.60085
lin/ang/drive_left/drive_right/tv_l/tv_r/av_l/av_r/x/y/theta/tx/ty/ttheta: 0.94572 1.68434 0.88067 1.16875 0.44089 0.70822 0.46475 0.65536 14.68848 4.60359 29.77189 14.95017 4.27565 33.20853
lin/ang/drive_left/drive_right/tv_l/tv_r/av_l/av_r/x/y/theta/tx/ty/ttheta: 0.96050 1.60030 0.65397 1.18518 0.54224 0.60661 0.43875 0.67811 15.30475 5.04112 31.16146 15.53108 4.66578 34.54968
lin/ang/drive_left/drive_right/tv_l/tv_r/av_l/av_r/x/y/theta/tx/ty/ttheta: 1.00149 1.59691 0.91957 1.11732 0.53319 0.84767 0.50017 0.61239 15.90525 5.48824 32.46385 16.18393 5.12773 35.99998
lin/ang/drive_left/drive_right/tv_l/tv_r/av_l/av_r/x/y/theta/tx/ty/ttheta: 1.02150 1.51170 0.89731 1.26363 0.50622 0.64486 0.50869 0.75289 16.47480 5.92931 33.67248 16.74576 5.54500 37.19144
lin/ang/drive_left/drive_right/tv_l/tv_r/av_l/av_r/x/y/theta/tx/ty/ttheta: 1.05649 1.50795 0.95458 1.19728 0.52214 0.81839 0.50103 0.65567 17.14388 6.44896 34.76251 17.45568 6.09790 38.61023
lin/ang/drive_left/drive_right/tv_l/tv_r/av_l/av_r/x/y/theta/tx/ty/ttheta: 1.07687 1.41161 0.99154 1.29907 0.51457 0.65641 0.50269 0.75219 17.72468 6.92325 35.84361 17.99866 6.53952 39.62172
lin/ang/drive_left/drive_right/tv_l/tv_r/av_l/av_r/x/y/theta/tx/ty/ttheta: 1.13741 1.43132 0.77326 1.20830 0.80517 1.00000 0.50631 0.67125 18.43658 7.50275 36.81963 18.76139 7.18605 40.92169
lin/ang/drive_left/drive_right/tv_l/tv_r/av_l/av_r/x/y/theta/tx/ty/ttheta: 1.16966 1.16517 1.15816 1.38141 0.73717 0.62579 0.65775 0.82850 18.99792 8.14317 37.83167 19.36155 7.71493 41.83562
lin/ang/drive_left/drive_right/tv_l/tv_r/av_l/av_r/x/y/theta/tx/ty/ttheta: 1.21480 1.05077 1.13028 1.22948 0.74509 0.87035 0.71692 0.65944 19.67527 8.74848 38.74006 20.02725 8.32054 42.72732
lin/ang/drive_left/drive_right/tv_l/tv_r/av_l/av_r/x/y/theta/tx/ty/ttheta: 1.28747 0.96817 0.99002 1.41577 1.00000 0.99567 0.68100 0.77889 20.33930 9.32987 39.50720 20.68424 8.93561 43.47281
lin/ang/drive_left/drive_right/tv_l/tv_r/av_l/av_r/x/y/theta/tx/ty/ttheta: 1.37779 0.91841 1.23034 1.26795 1.00000 1.00000 0.74861 0.74706 21.12179 10.01116 40.00585 21.47754 9.69760 44.18396
lin/ang/drive_left/drive_right/tv_l/tv_r/av_l/av_r/x/y/theta/tx/ty/ttheta: 1.44673 0.79491 1.41296 1.31549 0.96808 1.00000 0.89150 0.71333 21.85260 10.66105 40.48251 22.12050 10.32735 44.60154
lin/ang/drive_left/drive_right/tv_l/tv_r/av_l/av_r/x/y/theta/tx/ty/ttheta: 1.44330 0.67005 1.21911 1.46872 0.77707 0.73608 0.66408 0.90669 22.60662 11.33411 40.70298 22.90137 11.10210 44.91083
lin/ang/drive_left/drive_right/tv_l/tv_r/av_l/av_r/x/y/theta/tx/ty/ttheta: 1.38816 0.46011 1.42074 1.32695 0.49012 0.42749 0.73919 0.72756 23.42321 12.08927 40.89001 23.67955 11.87955 44.99884
lin/ang/drive_left/drive_right/tv_l/tv_r/av_l/av_r/x/y/theta/tx/ty/ttheta: 1.33202 0.22587 1.28718 1.30037 0.52220 0.34281 0.59339 0.55714 24.17643 12.77415 41.15253 24.38717 12.58614 44.88682
lin/ang/drive_left/drive_right/tv_l/tv_r/av_l/av_r/x/y/theta/tx/ty/ttheta: 1.27898 -0.02348 0.91546 1.13720 0.74104 0.35231 0.51931 0.43550 24.93174 13.45804 41.30085 25.09731 13.29021 44.59193
lin/ang/drive_left/drive_right/tv_l/tv_r/av_l/av_r/x/y/theta/tx/ty/ttheta: 1.21639 -0.31694 1.42485 1.05680 0.46142 0.24115 0.67381 0.37919 25.78507 14.22818 41.37606 25.88400 14.05906 44.05642
lin/ang/drive_left/drive_right/tv_l/tv_r/av_l/av_r/x/y/theta/tx/ty/ttheta: 1.15672 -0.56673 1.45943 1.22883 0.34624 -0.10045 0.58503 0.37031 26.60549 14.94752 41.27819 26.67931 14.81899 43.30016
lin/ang/drive_left/drive_right/tv_l/tv_r/av_l/av_r/x/y/theta/tx/ty/ttheta: 1.11331 -0.76133 1.23402 0.94097 0.46292 0.21987 0.47808 0.11792 27.35284 15.59804 40.78192 27.41215 15.49941 42.42199
lin/ang/drive_left/drive_right/tv_l/tv_r/av_l/av_r/x/y/theta/tx/ty/ttheta: 1.06978 -0.85660 1.13007 0.84480 0.47506 0.30023 0.41031 0.17078 28.06202 16.19524 40.05047 28.08141 16.10121 41.47778
lin/ang/drive_left/drive_right/tv_l/tv_r/av_l/av_r/x/y/theta/tx/ty/ttheta: 1.03948 -0.87205 0.96431 1.02223 0.56523 0.28953 0.44778 0.29603 28.74579 16.73876 38.79085 28.76125 16.69106 40.38992
lin/ang/drive_left/drive_right/tv_l/tv_r/av_l/av_r/x/y/theta/tx/ty/ttheta: 1.01037 -0.88351 1.22429 0.96971 0.41353 0.27002 0.53114 0.31108 29.44943 17.27609 37.41163 29.45289 17.26706 39.16153
lin/ang/drive_left/drive_right/tv_l/tv_r/av_l/av_r/x/y/theta/tx/ty/ttheta: 0.98497 -0.99259 1.22818 0.86079 0.43923 0.24041 0.47464 0.28353 30.11211 17.83433 36.02838 30.15742 17.82727 37.79713
lin/ang/drive_left/drive_right/tv_l/tv_r/av_l/av_r/x/y/theta/tx/ty/ttheta: 0.96145 -1.12264 0.91330 0.87397 0.61801 0.19365 0.43544 0.27994 30.71238 18.35814 34.69135 30.79523 18.31042 36.47500
lin/ang/drive_left/drive_right/tv_l/tv_r/av_l/av_r/x/y/theta/tx/ty/ttheta: 0.93440 -1.18599 1.21457 0.74754 0.42310 0.26134 0.55919 0.23717 31.26156 18.80089 33.51052 31.36266 18.72060 35.23819
lin/ang/drive_left/drive_right/tv_l/tv_r/av_l/av_r/x/y/theta/tx/ty/ttheta: 0.91134 -1.19150 1.17264 0.68746 0.37420 0.33464 0.48167 0.24208 31.90583 19.15461 32.46162 31.93908 19.11811 33.93136
lin/ang/drive_left/drive_right/tv_l/tv_r/av_l/av_r/x/y/theta/tx/ty/ttheta: 0.89212 -1.22329 0.97706 0.78990 0.49581 0.26483 0.39819 0.31056 32.51843 19.48494 31.42544 32.52467 19.50205 32.55974
lin/ang/drive_left/drive_right/tv_l/tv_r/av_l/av_r/x/y/theta/tx/ty/ttheta: 0.87342 -1.30858 0.88737 0.78385 0.59215 0.19254 0.46061 0.29189 33.12195 19.82212 30.45618 33.11951 19.87158 31.12926
lin/ang/drive_left/drive_right/tv_l/tv_r/av_l/av_r/x/y/theta/tx/ty/ttheta: 0.85446 -1.40950 1.12877 0.74409 0.47706 0.16016 0.55492 0.23817 33.74227 20.13687 29.60727 33.72360 20.22587 29.64653
lin/ang/drive_left/drive_right/tv_l/tv_r/av_l/av_r/x/y/theta/tx/ty/ttheta: 0.83449 -1.47240 0.74236 0.69135 0.61336 0.17264 0.48817 0.20278 34.38750 20.42632 28.68335 34.33682 20.56420 28.11881
lin/ang/drive_left/drive_right/tv_l/tv_r/av_l/av_r/x/y/theta/tx/ty/ttheta: 0.80796 -1.39678 1.04708 0.64532 0.35295 0.23341 0.56722 0.18136 34.97694 20.66545 27.60362 34.86958 20.84096 26.77937
lin/ang/drive_left/drive_right/tv_l/tv_r/av_l/av_r/x/y/theta/tx/ty/ttheta: 0.78831 -1.32902 0.84588 0.64338 0.43305 0.25195 0.40758 0.23050 35.56449 20.88894 26.32685 35.40874 21.10509 25.41769
lin/ang/drive_left/drive_right/tv_l/tv_r/av_l/av_r/x/y/theta/tx/ty/ttheta: 0.77643 -1.28649 0.78234 0.62760 0.51736 0.27171 0.41150 0.25325 36.13963 21.09132 24.94525 36.04559 21.39686 23.80791
lin/ang/drive_left/drive_right/tv_l/tv_r/av_l/av_r/x/y/theta/tx/ty/ttheta: 0.75659 -1.24174 1.01531 0.64057 0.33792 0.21452 0.48097 0.26983 36.72681 21.29338 23.74163 36.59787 21.63257 22.41602
lin/ang/drive_left/drive_right/tv_l/tv_r/av_l/av_r/x/y/theta/tx/ty/ttheta: 0.73728 -1.21867 0.63560 0.61204 0.49887 0.19625 0.37233 0.23117 37.31130 21.47243 22.68952 37.15575 21.85477 21.01854
lin/ang/drive_left/drive_right/tv_l/tv_r/av_l/av_r/x/y/theta/tx/ty/ttheta: 0.71955 -1.21654 0.89018 0.61290 0.41208 0.17025 0.44897 0.20944 37.87408 21.64024 21.68928 37.71893 22.06332 19.62053
lin/ang/drive_left/drive_right/tv_l/tv_r/av_l/av_r/x/y/theta/tx/ty/ttheta: 0.70178 -1.22266 0.67406 0.58438 0.49660 0.15572 0.41528 0.19008 38.43502 21.79116 20.76621 38.28704 22.25809 18.22692
lin/ang/drive_left/drive_right/tv_l/tv_r/av_l/av_r/x/y/theta/tx/ty/ttheta: 0.68263 -1.22308 0.86770 0.56017 0.39501 0.14344 0.46250 0.17161 39.00033 21.94286 19.77477 38.85976 22.43903 16.84231
lin/ang/drive_left/drive_right/tv_l/tv_r/av_l/av_r/x/y/theta/tx/ty/ttheta: 0.65522 -1.12276 0.68833 0.54742 0.34173 0.15705 0.40519 0.15861 39.52464 22.07115 18.75115 39.34025 22.57926 15.69848
lin/ang/drive_left/drive_right/tv_l/tv_r/av_l/av_r/x/y/theta/tx/ty/ttheta: 0.63990 -1.07749 0.77067 0.52754 0.37649 0.17687 0.35314 0.16647 40.03744 22.18143 17.59228 39.92039 22.73491 14.34126
lin/ang/drive_left/drive_right/tv_l/tv_r/av_l/av_r/x/y/theta/tx/ty/ttheta: 0.61795 -0.98842 0.62328 0.51046 0.36406 0.17069 0.35986 0.18000 40.55199 22.28245 16.45710 40.40657 22.85416 13.22549
lin/ang/drive_left/drive_right/tv_l/tv_r/av_l/av_r/x/y/theta/tx/ty/ttheta: 0.59483 -0.91465 0.77088 0.50463 0.23327 0.14440 0.35592 0.18156 41.06912 22.37990 15.38218 40.89497 22.96400 12.12554
lin/ang/drive_left/drive_right/tv_l/tv_r/av_l/av_r/x/y/theta/tx/ty/ttheta: 0.57613 -0.86017 0.54050 0.48561 0.33946 0.14850 0.28472 0.15808 41.52976 22.45719 14.39837 41.38539 23.06452 11.04306
lin/ang/drive_left/drive_right/tv_l/tv_r/av_l/av_r/x/y/theta/tx/ty/ttheta: 0.55558 -0.79367 0.64057 0.46054 0.26970 0.14780 0.30186 0.15367 42.00006 22.51793 13.44935 41.87763 23.15582 9.97945
lin/ang/drive_left/drive_right/tv_l/tv_r/av_l/av_r/x/y/theta/tx/ty/ttheta: 0.52948 -0.67326 0.68919 0.44995 0.13563 0.15145 0.28472 0.15244 42.41954 22.56709 12.59108 42.27259 23.22235 9.14296
lin/ang/drive_left/drive_right/tv_l/tv_r/av_l/av_r/x/y/theta/tx/ty/ttheta: 0.51006 -0.65462 0.55909 0.44606 0.25568 0.10423 0.19081 0.15964 42.85031 22.62270 11.81493 42.76757 23.29745 8.11623
lin/ang/drive_left/drive_right/tv_l/tv_r/av_l/av_r/x/y/theta/tx/ty/ttheta: 0.49224 -0.62948 0.47372 0.38447 0.29603 0.20047 0.22708 0.12403 43.20444 22.66375 11.16978 43.16448 23.35120 7.31048
lin/ang/drive_left/drive_right/tv_l/tv_r/av_l/av_r/x/y/theta/tx/ty/ttheta: 0.46888 -0.62771 0.55520 0.44001 0.23384 0.11458 0.27328 0.18394 43.60298 22.70989 10.65893 43.56211 23.39941 6.51900
lin/ang/drive_left/drive_right/tv_l/tv_r/av_l/av_r/x/y/theta/tx/ty/ttheta: 0.44445 -0.55852 0.59842 0.42596 0.12051 0.13200 0.24881 0.13978 43.96682 22.72366 10.13387 43.86074 23.43199 5.93494
lin/ang/drive_left/drive_right/tv_l/tv_r/av_l/av_r/x/y/theta/tx/ty/ttheta: 0.41901 -0.55031 0.49361 0.38274 0.16609 -0.05284 0.16544 0.13828 44.35528 22.74911 9.69971 44.25941 23.47074 5.16910
lin/ang/drive_left/drive_right/tv_l/tv_r/av_l/av_r/x/y/theta/tx/ty/ttheta: 0.39472 -0.52686 0.37453 0.28570 0.20759 0.13796 0.15931 -0.00942 44.68219 22.77978 9.26201 44.65856 23.50421 4.41817
lin/ang/drive_left/drive_right/tv_l/tv_r/av_l/av_r/x/y/theta/tx/ty/ttheta: 0.37131 -0.48563 0.33909 0.33563 0.20910 0.11832 0.18908 0.10764 44.98202 22.79794 8.76864 44.95819 23.52589 3.86481
lin/ang/drive_left/drive_right/tv_l/tv_r/av_l/av_r/x/y/theta/tx/ty/ttheta: 0.34777 -0.42659 0.42877 0.34276 0.11919 0.10157 0.19986 0.12097 45.25996 22.81202 8.18830 45.25802 23.54472 3.31993
lin/ang/drive_left/drive_right/tv_l/tv_r/av_l/av_r/x/y/theta/tx/ty/ttheta: 0.31904 -0.39368 0.40284 0.31531 -0.05683 -0.11522 0.14236 0.11189 45.56640 22.83121 7.74983 45.55801 23.56070 2.78354
lin/ang/drive_left/drive_right/tv_l/tv_r/av_l/av_r/x/y/theta/tx/ty/ttheta: 0.29011 -0.38326 0.26755 0.22649 0.13222 -0.11323 0.00136 -0.06639 45.83801 22.84908 7.42746 45.85814 23.57391 2.25563
lin/ang/drive_left/drive_right/tv_l/tv_r/av_l/av_r/x/y/theta/tx/ty/ttheta: 0.27117 -0.28066 0.11930 0.12081 0.18818 0.21572 0.09083 -0.10217 46.01766 22.83160 7.02398 45.95821 23.57770 2.08155
lin/ang/drive_left/drive_right/tv_l/tv_r/av_l/av_r/x/y/theta/tx/ty/ttheta: 0.25598 -0.17161 0.27425 0.23060 0.11281 0.19553 0.16150 0.15725 46.14823 22.81602 6.55159 46.15838 23.58437 1.73618
lin/ang/drive_left/drive_right/tv_l/tv_r/av_l/av_r/x/y/theta/tx/ty/ttheta: 0.23607 -0.09714 0.34449 0.39311 -0.14702 -0.11133 0.13483 0.18531 46.32065 22.81686 6.15669 46.25848 23.58725 1.56491
lin/ang/drive_left/drive_right/tv_l/tv_r/av_l/av_r/x/y/theta/tx/ty/ttheta: 0.20959 -0.09168 0.27728 0.29305 -0.14568 -0.19398 -0.07014 -0.06006 46.49729 22.82934 5.98760 46.45870 23.59213 1.22518
lin/ang/drive_left/drive_right/tv_l/tv_r/av_l/av_r/x/y/theta/tx/ty/ttheta: 0.19148 -0.11110 -0.01751 -0.05252 0.21440 0.16947 -0.12386 -0.16017 46.61857 22.84333 6.01489 46.55882 23.59413 1.05671
lin/ang/drive_left/drive_right/tv_l/tv_r/av_l/av_r/x/y/theta/tx/ty/ttheta: 0.18150 -0.14320 0.03393 0.00519 0.26482 0.20173 0.10986 0.07358 46.63577 22.84140 6.16938 46.65895 23.59582 0.88917
lin/ang/drive_left/drive_right/tv_l/tv_r/av_l/av_r/x/y/theta/tx/ty/ttheta: 0.17693 -0.14082 0.40846 0.32698 -0.09325 -0.08501 0.23186 0.17967 46.68638 22.83735 6.22809 46.65895 23.59582 0.88917
lin/ang/drive_left/drive_right/tv_l/tv_r/av_l/av_r/x/y/theta/tx/ty/ttheta: 0.15698 -0.15392 0.40651 0.30472 -0.23344 -0.23419 0.00803 -0.02911 46.78180 22.84681 6.27080 46.75909 23.59723 0.72256
lin/ang/drive_left/drive_right/tv_l/tv_r/av_l/av_r/x/y/theta/tx/ty/ttheta: 0.13444 -0.13535 -0.08450 -0.07867 0.13668 0.11935 -0.17967 -0.18650 46.86195 22.85147 6.18190 46.85923 23.59834 0.55688
lin/ang/drive_left/drive_right/tv_l/tv_r/av_l/av_r/x/y/theta/tx/ty/ttheta: 0.13268 -0.12769 -0.20207 -0.19796 0.35409 0.32392 0.02786 0.04686 46.88055 22.85193 6.14810 46.85923 23.59834 0.55688
lin/ang/drive_left/drive_right/tv_l/tv_r/av_l/av_r/x/y/theta/tx/ty/ttheta: 0.13232 -0.11839 0.23557 0.30905 0.13042 -0.07399 0.26522 0.25836 46.88426 22.84930 6.11608 46.85923 23.59834 0.55688
lin/ang/drive_left/drive_right/tv_l/tv_r/av_l/av_r/x/y/theta/tx/ty/ttheta: 0.12735 -0.10083 0.33844 0.36502 -0.16397 -0.20250 0.18600 -0.00156 46.93772 22.85155 6.10889 46.95937 23.59918 0.39212
lin/ang/drive_left/drive_right/tv_l/tv_r/av_l/av_r/x/y/theta/tx/ty/ttheta: 0.09627 -0.06453 0.15452 -0.09790 -0.25026 -0.09352 -0.07117 -0.16067 47.02892 22.85603 5.99585 47.05950 23.59972 0.22829
lin/ang/drive_left/drive_right/tv_l/tv_r/av_l/av_r/x/y/theta/tx/ty/ttheta: 0.09352 -0.04230 -0.25869 -0.29068 0.28169 0.35515 -0.21508 -0.11567 47.05757 22.85441 5.89535 47.05950 23.59972 0.22829
lin/ang/drive_left/drive_right/tv_l/tv_r/av_l/av_r/x/y/theta/tx/ty/ttheta: 0.09300 -0.01717 -0.09963 0.03047 0.26821 0.24468 0.10867 0.20978 47.06220 22.84969 5.78145 47.05950 23.59972 0.22829
lin/ang/drive_left/drive_right/tv_l/tv_r/av_l/av_r/x/y/theta/tx/ty/ttheta: 0.09312 -0.00593 0.31812 0.45233 -0.14213 -0.21768 0.24317 0.25083 47.06328 22.83409 5.83902 47.05950 23.59972 0.22829
lin/ang/drive_left/drive_right/tv_l/tv_r/av_l/av_r/x/y/theta/tx/ty/ttheta: 0.01431 0.05644 0.24162 0.23859 -0.58850 -0.54582 -0.03508 -0.08347 47.12386 22.84598 5.96171 47.15965 23.59998 0.06538
lin/ang/drive_left/drive_right/tv_l/tv_r/av_l/av_r/x/y/theta/tx/ty/ttheta: 0.01012 0.02150 -0.39138 -0.54634 0.25374 0.29177 -0.39747 -0.40894 47.17028 22.85714 6.13218 47.15965 23.59998 0.06538
lin/ang/drive_left/drive_right/tv_l/tv_r/av_l/av_r/x/y/theta/tx/ty/ttheta: 0.00938 0.01337 -0.42661 -0.32374 0.36942 0.32961 0.03731 -0.01608 47.17900 22.85752 6.18877 47.15965 23.59998 0.06538
lin/ang/drive_left/drive_right/tv_l/tv_r/av_l/av_r/x/y/theta/tx/ty/ttheta: 0.00932 0.03530 0.35810 0.40889 -0.20885 -0.20368 0.28283 0.26264 47.18068 22.84422 6.16126 47.15965 23.59998 0.06538
lin/ang/drive_left/drive_right/tv_l/tv_r/av_l/av_r/x/y/theta/tx/ty/ttheta: 0.00948 0.04143 0.30364 0.26950 -0.25931 -0.23284 -0.05478 -0.07597 47.17966 22.83838 6.16989 47.15965 23.59998 0.06538
lin/ang/drive_left/drive_right/tv_l/tv_r/av_l/av_r/x/y/theta/tx/ty/ttheta: 0.00953 0.02482 -0.26042 -0.29197 0.18810 0.19312 -0.21544 -0.20481 47.17839 22.84846 6.19071 47.15965 23.59998 0.06538
lin/ang/drive_left/drive_right/tv_l/tv_r/av_l/av_r/x/y/theta/tx/ty/ttheta: 0.00963 0.01788 -0.23081 -0.26755 0.24206 0.26471 0.05458 0.08897 47.17804 22.84761 6.24189 47.15965 23.59998 0.06538
lin/ang/drive_left/drive_right/tv_l/tv_r/av_l/av_r/x/y/theta/tx/ty/ttheta: 0.00960 0.02144 0.26085 0.32266 -0.17742 -0.19341 0.20789 0.22808 47.17826 22.84688 6.22540 47.15965 23.59998 0.06538
lin/ang/drive_left/drive_right/tv_l/tv_r/av_l/av_r/x/y/theta/tx/ty/ttheta: 0.00968 0.01256 0.16187 0.13529 -0.18392 -0.18316 -0.03406 -0.08436 47.17770 22.84869 6.26647 47.15965 23.59998 0.06538
lin/ang/drive_left/drive_right/tv_l/tv_r/av_l/av_r/x/y/theta/tx/ty/ttheta: 0.01002 0.00784 -0.18262 -0.24767 0.16934 0.20274 -0.16117 -0.16819 47.17451 22.84820 6.29781 47.15965 23.59998 0.06538
lin/ang/drive_left/drive_right/tv_l/tv_r/av_l/av_r/x/y/theta/tx/ty/ttheta: 0.01002 0.00714 -0.14977 -0.14372 0.19655 0.20470 0.04072 0.11344 47.17446 22.84834 6.30107 47.15965 23.59998 0.06538
lin/ang/drive_left/drive_right/tv_l/tv_r/av_l/av_r/x/y/theta/tx/ty/ttheta: 0.00991 0.01947 0.21568 0.27728 -0.16950 -0.17974 0.16617 0.18444 47.17524 22.84583 6.24405 47.15965 23.59998 0.06538
lin/ang/drive_left/drive_right/tv_l/tv_r/av_l/av_r/x/y/theta/tx/ty/ttheta: 0.01000 0.00918 0.27684 0.07153 -0.24486 -0.14729 -0.03592 -0.08933 47.17459 22.84793 6.29163 47.15965 23.59998 0.06538
lin/ang/drive_left/drive_right/tv_l/tv_r/av_l/av_r/x/y/theta/tx/ty/ttheta: 0.01018 -0.00934 -0.11195 -0.23254 0.12955 0.18951 -0.20414 -0.13503 47.17342 22.85171 6.37727 47.15965 23.59998 0.06538
lin/ang/drive_left/drive_right/tv_l/tv_r/av_l/av_r/x/y/theta/tx/ty/ttheta: 0.01019 -0.01115 -0.25415 -0.14566 0.24275 0.19997 -0.00906 0.10761 47.17331 22.85208 6.38564 47.15965 23.59998 0.06538
lin/ang/drive_left/drive_right/tv_l/tv_r/av_l/av_r/x/y/theta/tx/ty/ttheta: 0.01013 -0.00440 0.11973 0.27706 -0.10862 -0.19595 0.19233 0.17419 47.17373 22.85070 6.35442 47.15965 23.59998 0.06538
lin/ang/drive_left/drive_right/tv_l/tv_r/av_l/av_r/x/y/theta/tx/ty/ttheta: 0.01015 -0.00650 0.22887 0.13810 -0.20590 -0.18379 0.04536 -0.09497 47.17360 22.85113 6.36412 47.15965 23.59998 0.06538
lin/ang/drive_left/drive_right/tv_l/tv_r/av_l/av_r/x/y/theta/tx/ty/ttheta: 0.01016 -0.00790 0.01470 -0.29997 -0.11876 0.22909 -0.15811 -0.16853 47.17351 22.85141 6.37062 47.15965 23.59998 0.06538
lin/ang/drive_left/drive_right/tv_l/tv_r/av_l/av_r/x/y/theta/tx/ty/ttheta: 0.01025 -0.00186 -0.31747 -0.13442 0.25735 0.21386 -0.13500 0.11617 47.17234 22.85001 6.34270 47.15965 23.59998 0.06538
lin/ang/drive_left/drive_right/tv_l/tv_r/av_l/av_r/x/y/theta/tx/ty/ttheta: 0.01018 0.00561 -0.03847 0.33563 0.15344 -0.22473 0.11447 0.19744 47.17281 22.84848 6.30816 47.15965 23.59998 0.06538
lin/ang/drive_left/drive_right/tv_l/tv_r/av_l/av_r/x/y/theta/tx/ty/ttheta: 0.01039 -0.00885 0.31142 0.16468 -0.21318 -0.21264 0.16458 -0.10522 47.17207 22.84702 6.41194 47.15965 23.59998 0.06538
lin/ang/drive_left/drive_right/tv_l/tv_r/av_l/av_r/x/y/theta/tx/ty/ttheta: 0.01052 -0.02281 0.08450 -0.33087 -0.14099 0.22143 -0.14611 -0.19642 47.17118 22.84987 6.47647 47.15965 23.59998 0.06538
lin/ang/drive_left/drive_right/tv_l/tv_r/av_l/av_r/x/y/theta/tx/ty/ttheta: 0.01036 -0.00580 -0.30343 -0.14437 0.23068 0.22530 -0.14236 0.10403 47.17226 22.84640 6.39786 47.15965 23.59998 0.06538
lin/ang/drive_left/drive_right/tv_l/tv_r/av_l/av_r/x/y/theta/tx/ty/ttheta: 0.01001 0.03187 -0.03220 0.33152 0.11700 -0.18190 0.16308 0.20086 47.17464 22.83871 6.22368 47.15965 23.59998 0.06538
lin/ang/drive_left/drive_right/tv_l/tv_r/av_l/av_r/x/y/theta/tx/ty/ttheta: 0.01005 0.02811 0.27382 0.13161 -0.19408 -0.17367 0.13483 -0.05631 47.17440 22.83948 6.24105 47.15965 23.59998 0.06538
lin/ang/drive_left/drive_right/tv_l/tv_r/av_l/av_r/x/y/theta/tx/ty/ttheta: 0.01026 0.00503 0.12794 -0.24443 -0.16659 0.19117 -0.11431 -0.15708 47.17295 22.84419 6.34776 47.15965 23.59998 0.06538
lin/ang/drive_left/drive_right/tv_l/tv_r/av_l/av_r/x/y/theta/tx/ty/ttheta: 0.01029 0.00190 -0.23211 -0.18975 0.20149 0.23275 -0.15383 0.08672 47.17275 22.84483 6.36226 47.15965 23.59998 0.06538
lin/ang/drive_left/drive_right/tv_l/tv_r/av_l/av_r/x/y/theta/tx/ty/ttheta: 0.01009 0.02353 -0.09509 0.30559 0.15173 -0.18136 0.10644 0.20361 47.17412 22.84041 6.26224 47.15965 23.59998 0.06538
lin/ang/drive_left/drive_right/tv_l/tv_r/av_l/av_r/x/y/theta/tx/ty/ttheta: 0.01024 0.00734 0.26863 0.21028 -0.18970 -0.23267 0.14853 -0.05972 47.17309 22.84372 6.33711 47.15965 23.59998 0.06538
lin/ang/drive_left/drive_right/tv_l/tv_r/av_l/av_r/x/y/theta/tx/ty/ttheta: 0.01058 -0.02885 0.12729 -0.29478 -0.14075 0.18379 -0.10367 -0.20056 47.17079 22.85110 6.50438 47.15965 23.59998 0.06538
lin/ang/drive_left/drive_right/tv_l/tv_r/av_l/av_r/x/y/theta/tx/ty/ttheta: 0.01059 -0.03028 -0.14934 -0.15560 0.15090 0.19918 -0.13500 0.05750 47.17070 22.85139 6.51102 47.15965 23.59998 0.06538
lin/ang/drive_left/drive_right/tv_l/tv_r/av_l/av_r/x/y/theta/tx/ty/ttheta: 0.01030 0.01632 -0.14112 0.24097 0.15538 -0.14197 0.10025 0.17111 47.17211 22.84171 6.29557 47.15965 23.59998 0.06538
lin/ang/drive_left/drive_right/tv_l/tv_r/av_l/av_r/x/y/theta/tx/ty/ttheta: 0.01012 0.03615 0.17354 0.21871 -0.15214 -0.18828 0.14014 -0.05167 47.17336 22.83766 6.20389 47.15965 23.59998 0.06538
lin/ang/drive_left/drive_right/tv_l/tv_r/av_l/av_r/x/y/theta/tx/ty/ttheta: 0.01024 0.02282 0.17830 -0.17959 -0.17705 0.14999 -0.09889 -0.15606 47.17252 22.84039 6.26552 47.15965 23.59998 0.06538
lin/ang/drive_left/drive_right/tv_l/tv_r/av_l/av_r/x/y/theta/tx/ty/ttheta: 0.01040 0.00581 -0.18608 -0.21914 0.17856 0.22800 -0.15450 0.04706 47.17144 22.84386 6.34419 47.15965 23.59998 0.06538
lin/ang/drive_left/drive_right/tv_l/tv_r/av_l/av_r/x/y/theta/tx/ty/ttheta: 0.01033 0.01332 -0.19040 0.18932 0.21064 -0.13557 0.11531 0.18308 47.17192 22.84232 6.30945 47.15965 23.59998 0.06538
lin/ang/drive_left/drive_right/tv_l/tv_r/av_l/av_r/x/y/theta/tx/ty/ttheta: 0.01034 0.01285 0.24810 0.22303 -0.17644 -0.20921 0.19147 -0.03522 47.17189 22.84242 6.31163 47.15965 23.59998 0.06538
lin/ang/drive_left/drive_right/tv_l/tv_r/av_l/av_r/x/y/theta/tx/ty/ttheta: 0.01041 0.00468 0.09207 -0.14523 -0.14682 0.13945 -0.10864 -0.16856 47.17137 22.84409 6.34939 47.15965 23.59998 0.06538
lin/ang/drive_left/drive_right/tv_l/tv_r/av_l/av_r/x/y/theta/tx/ty/ttheta: 0.01039 0.00671 -0.18845 -0.22065 0.17610 0.23400 -0.13503 0.04069 47.17150 22.84367 6.34000 47.15965 23.59998 0.06538
lin/ang/drive_left/drive_right/tv_l/tv_r/av_l/av_r/x/y/theta/tx/ty/ttheta: 0.01027 0.02018 -0.20293 0.14631 0.21092 -0.10832 0.11892 0.18806 47.17235 22.84092 6.27774 47.15965 23.59998 0.06538
lin/ang/drive_left/drive_right/tv_l/tv_r/av_l/av_r/x/y/theta/tx/ty/ttheta: 0.01026 0.02103 0.22498 0.25242 -0.16139 -0.21219 0.19008 -0.00547 47.17240 22.84075 6.27381 47.15965 23.59998 0.06538
lin/ang/drive_left/drive_right/tv_l/tv_r/av_l/av_r/x/y/theta/tx/ty/ttheta: 0.01041 0.00468 0.11951 -0.11368 -0.15409 0.11549 -0.07183 -0.16819 47.17137 22.84409 6.34940 47.15965 23.59998 0.06538
lin/ang/drive_left/drive_right/tv_l/tv_r/av_l/av_r/x/y/theta/tx/ty/ttheta: 0.01032 0.01464 -0.19364 -0.20401 0.16664 0.21966 -0.13981 0.04106 47.17200 22.84206 6.30337 47.15965 23.59998 0.06538
lin/ang/drive_left/drive_right/tv_l/tv_r/av_l/av_r/x/y/theta/tx/ty/ttheta: 0.01012 0.03568 -0.20466 0.16987 0.19692 -0.11262 0.08864 0.17606 47.17333 22.83776 6.20609 47.15965 23.59998 0.06538
lin/ang/drive_left/drive_right/tv_l/tv_r/av_l/av_r/x/y/theta/tx/ty/ttheta: 0.01013 0.03500 0.17008 0.28419 -0.13200 -0.22331 0.17094 -0.04397 47.17328 22.83790 6.20922 47.15965 23.59998 0.06538
lin/ang/drive_left/drive_right/tv_l/tv_r/av_l/av_r/x/y/theta/tx/ty/ttheta: 0.01028 0.01837 0.14674 -0.15323 -0.15725 0.13082 -0.05628 -0.18464 47.17224 22.84129 6.28609 47.15965 23.59998 0.06538
lin/ang/drive_left/drive_right/tv_l/tv_r/av_l/av_r/x/y/theta/tx/ty/ttheta: 0.01037 0.00955 -0.09747 -0.27771 0.12848 0.25771 -0.13417 0.04669 47.17168 22.84309 6.32686 47.15965 23.59998 0.06538
lin/ang/drive_left/drive_right/tv_l/tv_r/av_l/av_r/x/y/theta/tx/ty/ttheta: 0.01025 0.02144 -0.18435 0.23924 0.18760 -0.14926 0.05492 0.20892 47.17243 22.84067 6.27190 47.15965 23.59998 0.06538
lin/ang/drive_left/drive_right/tv_l/tv_r/av_l/av_r/x/y/theta/tx/ty/ttheta: 0.01022 0.02542 0.07694 0.33519 -0.09410 -0.26151 0.15281 -0.04056 47.17268 22.83986 6.25352 47.15965 23.59998 0.06538
lin/ang/drive_left/drive_right/tv_l/tv_r/av_l/av_r/x/y/theta/tx/ty/ttheta: 0.01039 0.00669 0.14696 -0.29132 -0.14728 0.19871 -0.02261 -0.21867 47.17150 22.84368 6.34011 47.15965 23.59998 0.06538
lin/ang/drive_left/drive_right/tv_l/tv_r/av_l/av_r/x/y/theta/tx/ty/ttheta: 0.01032 0.01480 -0.11043 -0.26344 0.12512 0.27334 -0.11722 0.07972 47.17201 22.84202 6.30262 47.15965 23.59998 0.06538
lin/ang/drive_left/drive_right/tv_l/tv_r/av_l/av_r/x/y/theta/tx/ty/ttheta: 0.01008 0.04016 -0.13313 0.36264 0.14590 -0.18860 0.05939 0.23511 47.17361 22.83684 6.18534 47.15965 23.59998 0.06538
lin/ang/drive_left/drive_right/tv_l/tv_r/av_l/av_r/x/y/theta/tx/ty/ttheta: 0.01011 0.03691 0.11065 0.21655 -0.11071 -0.21296 0.12542 -0.09342 47.17340 22.83751 6.20038 47.15965 23.59998 0.06538
lin/ang/drive_left/drive_right/tv_l/tv_r/av_l/av_r/x/y/theta/tx/ty/ttheta: 0.01045 0.00075 0.12535 -0.32115 -0.13313 0.21982 -0.06058 -0.19200 47.17112 22.84489 6.36755 47.15965 23.59998 0.06538
lin/ang/drive_left/drive_right/tv_l/tv_r/av_l/av_r/x/y/theta/tx/ty/ttheta: 0.01055 -0.01062 -0.07283 -0.19148 0.12306 0.22953 -0.11481 0.12594 47.17040 22.84721 6.42014 47.15965 23.59998 0.06538
lin/ang/drive_left/drive_right/tv_l/tv_r/av_l/av_r/x/y/theta/tx/ty/ttheta: 0.01037 0.00950 -0.15841 0.33044 0.17425 -0.20476 0.05919 0.20358 47.17168 22.84310 6.32712 47.15965 23.59998 0.06538
lin/ang/drive_left/drive_right/tv_l/tv_r/av_l/av_r/x/y/theta/tx/ty/ttheta: 0.01034 0.01231 0.09596 0.13939 -0.10499 -0.18175 0.14783 -0.11839 47.17185 22.84253 6.31412 47.15965 23.59998 0.06538
lin/ang/drive_left/drive_right/tv_l/tv_r/av_l/av_r/x/y/theta/tx/ty/ttheta: 0.01049 -0.00378 0.14393 -0.29910 -0.15035 0.22423 -0.05236 -0.16906 47.17084 22.84581 6.38849 47.15965 23.59998 0.06538
lin/ang/drive_left/drive_right/tv_l/tv_r/av_l/av_r/x/y/theta/tx/ty/ttheta: 0.01035 0.01097 -0.11757 -0.17289 0.12633 0.23550 -0.12969 0.12097 47.17177 22.84280 6.32031 47.15965 23.59998 0.06538
lin/ang/drive_left/drive_right/tv_l/tv_r/av_l/av_r/x/y/theta/tx/ty/ttheta: 0.01014 0.03340 -0.19386 0.34427 0.18205 -0.19334 0.04106 0.21150 47.17318 22.83823 6.21663 47.15965 23.59998 0.06538
lin/ang/drive_left/drive_right/tv_l/tv_r/av_l/av_r/x/y/theta/tx/ty/ttheta: 0.01027 0.02002 0.03393 0.18608 0.11818 -0.21332 0.14836 -0.06125 47.17234 22.84096 6.27848 47.15965 23.59998 0.06538
lin/ang/drive_left/drive_right/tv_l/tv_r/av_l/av_r/x/y/theta/tx/ty/ttheta: 0.01070 -0.02634 0.23124 -0.31661 -0.14943 0.19212 0.12525 -0.18958 47.16940 22.85041 6.49277 47.15965 23.59998 0.06538
lin/ang/drive_left/drive_right/tv_l/tv_r/av_l/av_r/x/y/theta/tx/ty/ttheta: 0.01056 -0.01082 0.04884 -0.16338 -0.13499 0.22880 -0.07856 0.06897 47.17039 22.84725 6.42106 47.15965 23.59998 0.06538
lin/ang/drive_left/drive_right/tv_l/tv_r/av_l/av_r/x/y/theta/tx/ty/ttheta: 0.01002 0.04623 -0.18910 0.26561 0.12583 -0.13193 -0.12197 0.19625 47.17399 22.83561 6.15730 47.15965 23.59998 0.06538
lin/ang/drive_left/drive_right/tv_l/tv_r/av_l/av_r/x/y/theta/tx/ty/ttheta: 0.00986 0.06345 -0.20531 0.22779 0.18581 -0.18346 0.05853 -0.02994 47.17506 22.83208 6.07761 47.15965 23.59998 0.06538
lin/ang/drive_left/drive_right/tv_l/tv_r/av_l/av_r/x/y/theta/tx/ty/ttheta: 0.01021 0.02650 0.09034 -0.13118 0.08735 0.11160 0.15247 -0.15281 47.17275 22.83963 6.24851 47.15965 23.59998 0.06538
lin/ang/drive_left/drive_right/tv_l/tv_r/av_l/av_r/x/y/theta/tx/ty/ttheta: 0.01047 -0.00116 0.23449 -0.15366 -0.19583 0.17895 0.10917 0.04381 47.17100 22.84528 6.37638 47.15965 23.59998 0.06538
lin/ang/drive_left/drive_right/tv_l/tv_r/av_l/av_r/x/y/theta/tx/ty/ttheta: 0.01019 0.02854 0.05965 0.11822 -0.16265 -0.04633 -0.11842 0.14303 47.17288 22.83922 6.23908 47.15965 23.59998 0.06538
lin/ang/drive_left/drive_right/tv_l/tv_r/av_l/av_r/x/y/theta/tx/ty/ttheta: 0.00987 0.06258 -0.33844 0.22843 0.19488 -0.15761 -0.15606 0.00375 47.17501 22.83226 6.08165 47.15965 23.59998 0.06538
lin/ang/drive_left/drive_right/tv_l/tv_r/av_l/av_r/x/y/theta/tx/ty/ttheta: 0.00996 0.05265 -0.13248 -0.00951 0.19112 -0.10488 0.09700 -0.11481 47.17439 22.83429 6.12759 47.15965 23.59998 0.06538
lin/ang/drive_left/drive_right/tv_l/tv_r/av_l/av_r/x/y/theta/tx/ty/ttheta: 0.01040 0.00575 0.22238 -0.22130 -0.14140 0.18129 0.17725 -0.11053 47.17144 22.84387 6.34447 47.15965 23.59998 0.06538
lin/ang/drive_left/drive_right/tv_l/tv_r/av_l/av_r/x/y/theta/tx/ty/ttheta: 0.01046 -0.00089 0.11389 -0.13205 -0.15807 0.19851 -0.05322 0.10247 47.17102 22.84523 6.37517 47.15965 23.59998 0.06538
lin/ang/drive_left/drive_right/tv_l/tv_r/av_l/av_r/x/y/theta/tx/ty/ttheta: 0.01011 0.03638 -0.16252 0.26064 0.12493 -0.14894 -0.13689 0.17419 47.17337 22.83762 6.20285 47.15965 23.59998 0.06538
lin/ang/drive_left/drive_right/tv_l/tv_r/av_l/av_r/x/y/theta/tx/ty/ttheta: 0.00999 0.04915 -0.15344 0.19364 0.16604 -0.17661 0.05597 -0.04911 47.17417 22.83501 6.14376 47.15965 23.59998 0.06538
lin/ang/drive_left/drive_right/tv_l/tv_r/av_l/av_r/x/y/theta/tx/ty/ttheta: 0.01036 0.01025 0.08904 -0.22887 0.08413 0.16645 0.13828 -0.15006 47.17172 22.84295 6.32364 47.15965 23.59998 0.06538
lin/ang/drive_left/drive_right/tv_l/tv_r/av_l/av_r/x/y/theta/tx/ty/ttheta: 0.01053 -0.00780 0.20553 -0.27814 -0.18014 0.26504 0.10492 0.05767 47.17058 22.84663 6.40711 47.15965 23.59998 0.06538
lin/ang/drive_left/drive_right/tv_l/tv_r/av_l/av_r/x/y/theta/tx/ty/ttheta: 0.01019 0.02833 0.04344 0.30170 -0.15373 -0.16060 -0.11517 0.22314 47.17286 22.83926 6.24007 47.15965 23.59998 0.06538
lin/ang/drive_left/drive_right/tv_l/tv_r/av_l/av_r/x/y/theta/tx/ty/ttheta: 0.00992 0.05722 -0.21763 0.25631 0.15108 -0.19532 -0.14661 -0.04875 47.17468 22.83336 6.10643 47.15965 23.59998 0.06538
lin/ang/drive_left/drive_right/tv_l/tv_r/av_l/av_r/x/y/theta/tx/ty/ttheta: 0.01023 0.02405 -0.13788 -0.28938 0.20642 0.18791 0.08469 -0.17092 47.17259 22.84013 6.25986 47.15965 23.59998 0.06538
lin/ang/drive_left/drive_right/tv_l/tv_r/av_l/av_r/x/y/theta/tx/ty/ttheta: 0.01060 -0.01175 0.19299 -0.18975 -0.12830 0.20907 0.17672 0.09103 47.17042 22.84517 6.44435 47.15965 23.59998 0.06538
lin/ang/drive_left/drive_right/tv_l/tv_r/av_l/av_r/x/y/theta/tx/ty/ttheta: 0.01054 -0.00124 0.15928 0.24961 -0.19012 -0.17481 -0.05014 0.18156 47.17117 22.84088 6.41371 47.15965 23.59998 0.06538
WARNING - pros.serial.terminal.terminal:reader - Connection to /dev/ttyACM1 broken - pros-cli version:3.5.6
WARNING - pros.serial.terminal.terminal:stop - Stopping terminal - pros-cli version:3.5.6

[tomas@nixbtw:~/projects/Robotics/current/libs/lyfast]$

[tomas@nixbtw:~/projects/Robotics/current/libs/lyfast]$

