
[tomas@nixbtw:~/projects/Robotics/current/libs/lyfast]$ mu
Not sending analytics for this command.

Compiled src/main.cpp [WARNINGS]
In file included from ./include/blazing/api.hpp:19,
                 from src/main.cpp:2:
./include/blazing/trackers/arc_odom.hpp: In member function 'void blazing::ArcOdomTracker::update()':
./include/blazing/trackers/arc_odom.hpp:318:20: warning: variable 'delta_time' set but not used [-Wunused-but-set-variable]
  318 |         const Time delta_time = deltaTime(last_time);
      |                    ^~~~~~~~~~
In file included from ./include/lyfast/ramsete.hpp:9,
                 from ./include/lyfast/api.hpp:13,
                 from src/main.cpp:6:
./include/lyfast/vel_controller.hpp: In constructor 'blazing::lyfast::DifferentialVelocityController::DifferentialVelocityController(blazing::lyfast::VelocityControllerParams, LinearVelocity, Length, double, bool, std::reference_wrapper<blazing::DifferentialDrivetrain>)':
./include/lyfast/vel_controller.hpp:235:10: warning: 'blazing::lyfast::DifferentialVelocityController::m_prioritize_angular' will be initialized after [-Wreorder]
  235 |     bool m_prioritize_angular = false;
      |          ^~~~~~~~~~~~~~~~~~~~
./include/lyfast/vel_controller.hpp:231:52: warning:   'std::reference_wrapper<blazing::DifferentialDrivetrain> blazing::lyfast::DifferentialVelocityController::drivetrain' [-Wreorder]
  231 |     std::reference_wrapper<DifferentialDrivetrain> drivetrain;
      |                                                    ^~~~~~~~~~
./include/lyfast/vel_controller.hpp:344:5: warning:   when initialized here [-Wreorder]
  344 |     DifferentialVelocityController(
      |     ^~~~~~~~~~~~~~~~~~~~~~~~~~~~~~
./include/lyfast/vel_controller.hpp: In constructor 'blazing::lyfast::DifferentialVelocityController::DifferentialVelocityController(blazing::lyfast::SimpleVelocityControllerParams<LinearVelocity>, LinearVelocity, Length, double, bool, std::reference_wrapper<blazing::DifferentialDrivetrain>)':
./include/lyfast/vel_controller.hpp:235:10: warning: 'blazing::lyfast::DifferentialVelocityController::m_prioritize_angular' will be initialized after [-Wreorder]
  235 |     bool m_prioritize_angular = false;
      |          ^~~~~~~~~~~~~~~~~~~~
./include/lyfast/vel_controller.hpp:231:52: warning:   'std::reference_wrapper<blazing::DifferentialDrivetrain> blazing::lyfast::DifferentialVelocityController::drivetrain' [-Wreorder]
  231 |     std::reference_wrapper<DifferentialDrivetrain> drivetrain;
      |                                                    ^~~~~~~~~~
./include/lyfast/vel_controller.hpp:376:5: warning:   when initialized here [-Wreorder]
  376 |     DifferentialVelocityController(
      |     ^~~~~~~~~~~~~~~~~~~~~~~~~~~~~~
In file included from ./include/api.h:68,
                 from ./include/main.h:37,
                 from src/main.cpp:1:
./include/pros/imu.hpp: At global scope:
./include/pros/imu.hpp:145:30: warning: 'virtual int32_t pros::v5::Imu::reset(bool) const' was hidden [-Woverloaded-virtual=]
  145 |         virtual std::int32_t reset(bool blocking = false) const;
      |                              ^~~~~
src/main.cpp:53:13: note:   by 'int32_t ScaledIMU::reset(bool)'
   53 |     int32_t reset(bool blocking = false) {
      |             ^~~~~
./include/pros/imu.hpp:786:30: warning: 'virtual int32_t pros::v5::Imu::set_rotation(double) const' was hidden [-Woverloaded-virtual=]
  786 |         virtual std::int32_t set_rotation(const double target) const;
      |                              ^~~~~~~~~~~~
src/main.cpp:68:17: note:   by 'virtual int ScaledIMU::set_rotation(double)'
   68 |     virtual int set_rotation(double new_rotation) {
      |                 ^~~~~~~~~~~~
src/main.cpp: In function 'void manual_mp_test()':
src/main.cpp:839:28: warning: unused variable 'desired_target' [-Wunused-variable]
  839 |         DifferentialSpeeds desired_target { .linear_velocity =
      |                            ^~~~~~~~~~~~~~
src/main.cpp:848:24: warning: variable 'curr_lin_vel' set but not used [-Wunused-but-set-variable]
  848 |         LinearVelocity curr_lin_vel = (curr_left_vel + curr_right_vel) / 2.0;
      |                        ^~~~~~~~~~~~
src/main.cpp: In function 'void simple_mp_test()':
src/main.cpp:940:28: warning: unused variable 'desired_target' [-Wunused-variable]
  940 |         DifferentialSpeeds desired_target { .linear_velocity =
      |                            ^~~~~~~~~~~~~~
Adding timestamp [OK]
Linking hot project with ./bin/cold.package.elf and blazing,Eigen,float_units,libc,liblvgl,libm,libpros,lyfast [OK]
Section sizes:
   text    data     bss   total     hex filename
96.52KB 452.00B  46.02MB  46.12MB 2e1c48d bin/hot.package.elf
Creating bin/hot.package.bin for VEX EDR V5 [DONE]
Uploading program "lyfast" (lyfast) to V5 slot 1 on /dev/ttyACM0 (compressed)
Compressing library [####################################] 100%
Library is already onboard V5
Uploading slot_1.ini [####################################] 100%
Compressing binary [####################################] 100%
Uploading slot_1.bin (hot.package.bin) [####################################] 100%
Finished uploading "lyfast" (lyfast) to V5

[tomas@nixbtw:~/projects/Robotics/current/libs/lyfast]$ mu
Not sending analytics for this command.

Compiled src/main.cpp [WARNINGS]
In file included from ./include/blazing/api.hpp:19,
                 from src/main.cpp:2:
./include/blazing/trackers/arc_odom.hpp: In member function 'void blazing::ArcOdomTracker::update()':
./include/blazing/trackers/arc_odom.hpp:318:20: warning: variable 'delta_time' set but not used [-Wunused-but-set-variable]
  318 |         const Time delta_time = deltaTime(last_time);
      |                    ^~~~~~~~~~
In file included from ./include/lyfast/ramsete.hpp:9,
                 from ./include/lyfast/api.hpp:13,
                 from src/main.cpp:6:
./include/lyfast/vel_controller.hpp: In constructor 'blazing::lyfast::DifferentialVelocityController::DifferentialVelocityController(blazing::lyfast::VelocityControllerParams, LinearVelocity, Length, double, bool, std::reference_wrapper<blazing::DifferentialDrivetrain>)':
./include/lyfast/vel_controller.hpp:235:10: warning: 'blazing::lyfast::DifferentialVelocityController::m_prioritize_angular' will be initialized after [-Wreorder]
  235 |     bool m_prioritize_angular = false;
      |          ^~~~~~~~~~~~~~~~~~~~
./include/lyfast/vel_controller.hpp:231:52: warning:   'std::reference_wrapper<blazing::DifferentialDrivetrain> blazing::lyfast::DifferentialVelocityController::drivetrain' [-Wreorder]
  231 |     std::reference_wrapper<DifferentialDrivetrain> drivetrain;
      |                                                    ^~~~~~~~~~
./include/lyfast/vel_controller.hpp:344:5: warning:   when initialized here [-Wreorder]
  344 |     DifferentialVelocityController(
      |     ^~~~~~~~~~~~~~~~~~~~~~~~~~~~~~
./include/lyfast/vel_controller.hpp: In constructor 'blazing::lyfast::DifferentialVelocityController::DifferentialVelocityController(blazing::lyfast::SimpleVelocityControllerParams<LinearVelocity>, LinearVelocity, Length, double, bool, std::reference_wrapper<blazing::DifferentialDrivetrain>)':
./include/lyfast/vel_controller.hpp:235:10: warning: 'blazing::lyfast::DifferentialVelocityController::m_prioritize_angular' will be initialized after [-Wreorder]
  235 |     bool m_prioritize_angular = false;
      |          ^~~~~~~~~~~~~~~~~~~~
./include/lyfast/vel_controller.hpp:231:52: warning:   'std::reference_wrapper<blazing::DifferentialDrivetrain> blazing::lyfast::DifferentialVelocityController::drivetrain' [-Wreorder]
  231 |     std::reference_wrapper<DifferentialDrivetrain> drivetrain;
      |                                                    ^~~~~~~~~~
./include/lyfast/vel_controller.hpp:376:5: warning:   when initialized here [-Wreorder]
  376 |     DifferentialVelocityController(
      |     ^~~~~~~~~~~~~~~~~~~~~~~~~~~~~~
In file included from ./include/api.h:68,
                 from ./include/main.h:37,
                 from src/main.cpp:1:
./include/pros/imu.hpp: At global scope:
./include/pros/imu.hpp:145:30: warning: 'virtual int32_t pros::v5::Imu::reset(bool) const' was hidden [-Woverloaded-virtual=]
  145 |         virtual std::int32_t reset(bool blocking = false) const;
      |                              ^~~~~
src/main.cpp:53:13: note:   by 'int32_t ScaledIMU::reset(bool)'
   53 |     int32_t reset(bool blocking = false) {
      |             ^~~~~
./include/pros/imu.hpp:786:30: warning: 'virtual int32_t pros::v5::Imu::set_rotation(double) const' was hidden [-Woverloaded-virtual=]
  786 |         virtual std::int32_t set_rotation(const double target) const;
      |                              ^~~~~~~~~~~~
src/main.cpp:68:17: note:   by 'virtual int ScaledIMU::set_rotation(double)'
   68 |     virtual int set_rotation(double new_rotation) {
      |                 ^~~~~~~~~~~~
src/main.cpp: In function 'void manual_mp_test()':
src/main.cpp:839:28: warning: unused variable 'desired_target' [-Wunused-variable]
  839 |         DifferentialSpeeds desired_target { .linear_velocity =
      |                            ^~~~~~~~~~~~~~
src/main.cpp:848:24: warning: variable 'curr_lin_vel' set but not used [-Wunused-but-set-variable]
  848 |         LinearVelocity curr_lin_vel = (curr_left_vel + curr_right_vel) / 2.0;
      |                        ^~~~~~~~~~~~
src/main.cpp: In function 'void simple_mp_test()':
src/main.cpp:940:28: warning: unused variable 'desired_target' [-Wunused-variable]
  940 |         DifferentialSpeeds desired_target { .linear_velocity =
      |                            ^~~~~~~~~~~~~~
Adding timestamp [OK]
Linking hot project with ./bin/cold.package.elf and blazing,Eigen,float_units,libc,liblvgl,libm,libpros,lyfast [OK]
Section sizes:
   text    data     bss   total     hex filename
96.52KB 452.00B  46.02MB  46.12MB 2e1c48d bin/hot.package.elf
Creating bin/hot.package.bin for VEX EDR V5 [DONE]
Uploading program "lyfast" (lyfast) to V5 slot 1 on /dev/ttyACM0 (compressed)
Compressing library [####################################] 100%
Library is already onboard V5
Uploading slot_1.ini [####################################] 100%
Compressing binary [####################################] 100%
Uploading slot_1.bin (hot.package.bin) [####################################] 100%
^C
Aborted.

[tomas@nixbtw:~/projects/Robotics/current/libs/lyfast]$ mu
Not sending analytics for this command.

^Cmake: *** [common.mk:288: bin/main.cpp.o] Interrupt

Aborted.
m
[tomas@nixbtw:~/projects/Robotics/current/libs/lyfast]$ mu
Not sending analytics for this command.

Compiled src/main.cpp [WARNINGS]
In file included from ./include/blazing/api.hpp:19,
                 from src/main.cpp:2:
./include/blazing/trackers/arc_odom.hpp: In member function 'void blazing::ArcOdomTracker::update()':
./include/blazing/trackers/arc_odom.hpp:318:20: warning: variable 'delta_time' set but not used [-Wunused-but-set-variable]
  318 |         const Time delta_time = deltaTime(last_time);
      |                    ^~~~~~~~~~
In file included from ./include/lyfast/ramsete.hpp:9,
                 from ./include/lyfast/api.hpp:13,
                 from src/main.cpp:6:
./include/lyfast/vel_controller.hpp: In constructor 'blazing::lyfast::DifferentialVelocityController::DifferentialVelocityController(blazing::lyfast::VelocityControllerParams, LinearVelocity, Length, double, bool, std::reference_wrapper<blazing::DifferentialDrivetrain>)':
./include/lyfast/vel_controller.hpp:235:10: warning: 'blazing::lyfast::DifferentialVelocityController::m_prioritize_angular' will be initialized after [-Wreorder]
  235 |     bool m_prioritize_angular = false;
      |          ^~~~~~~~~~~~~~~~~~~~
./include/lyfast/vel_controller.hpp:231:52: warning:   'std::reference_wrapper<blazing::DifferentialDrivetrain> blazing::lyfast::DifferentialVelocityController::drivetrain' [-Wreorder]
  231 |     std::reference_wrapper<DifferentialDrivetrain> drivetrain;
      |                                                    ^~~~~~~~~~
./include/lyfast/vel_controller.hpp:344:5: warning:   when initialized here [-Wreorder]
  344 |     DifferentialVelocityController(
      |     ^~~~~~~~~~~~~~~~~~~~~~~~~~~~~~
./include/lyfast/vel_controller.hpp: In constructor 'blazing::lyfast::DifferentialVelocityController::DifferentialVelocityController(blazing::lyfast::SimpleVelocityControllerParams<LinearVelocity>, LinearVelocity, Length, double, bool, std::reference_wrapper<blazing::DifferentialDrivetrain>)':
./include/lyfast/vel_controller.hpp:235:10: warning: 'blazing::lyfast::DifferentialVelocityController::m_prioritize_angular' will be initialized after [-Wreorder]
  235 |     bool m_prioritize_angular = false;
      |          ^~~~~~~~~~~~~~~~~~~~
./include/lyfast/vel_controller.hpp:231:52: warning:   'std::reference_wrapper<blazing::DifferentialDrivetrain> blazing::lyfast::DifferentialVelocityController::drivetrain' [-Wreorder]
  231 |     std::reference_wrapper<DifferentialDrivetrain> drivetrain;
      |                                                    ^~~~~~~~~~
./include/lyfast/vel_controller.hpp:376:5: warning:   when initialized here [-Wreorder]
  376 |     DifferentialVelocityController(
      |     ^~~~~~~~~~~~~~~~~~~~~~~~~~~~~~
In file included from ./include/api.h:68,
                 from ./include/main.h:37,
                 from src/main.cpp:1:
./include/pros/imu.hpp: At global scope:
./include/pros/imu.hpp:145:30: warning: 'virtual int32_t pros::v5::Imu::reset(bool) const' was hidden [-Woverloaded-virtual=]
  145 |         virtual std::int32_t reset(bool blocking = false) const;
      |                              ^~~~~
src/main.cpp:53:13: note:   by 'int32_t ScaledIMU::reset(bool)'
   53 |     int32_t reset(bool blocking = false) {
      |             ^~~~~
./include/pros/imu.hpp:786:30: warning: 'virtual int32_t pros::v5::Imu::set_rotation(double) const' was hidden [-Woverloaded-virtual=]
  786 |         virtual std::int32_t set_rotation(const double target) const;
      |                              ^~~~~~~~~~~~
src/main.cpp:68:17: note:   by 'virtual int ScaledIMU::set_rotation(double)'
   68 |     virtual int set_rotation(double new_rotation) {
      |                 ^~~~~~~~~~~~
src/main.cpp: In function 'void manual_mp_test()':
src/main.cpp:839:28: warning: unused variable 'desired_target' [-Wunused-variable]
  839 |         DifferentialSpeeds desired_target { .linear_velocity =
      |                            ^~~~~~~~~~~~~~
src/main.cpp:848:24: warning: variable 'curr_lin_vel' set but not used [-Wunused-but-set-variable]
  848 |         LinearVelocity curr_lin_vel = (curr_left_vel + curr_right_vel) / 2.0;
      |                        ^~~~~~~~~~~~
src/main.cpp: In function 'void simple_mp_test()':
src/main.cpp:940:28: warning: unused variable 'desired_target' [-Wunused-variable]
  940 |         DifferentialSpeeds desired_target { .linear_velocity =
      |                            ^~~~~~~~~~~~~~
Adding timestamp [OK]
Linking hot project with ./bin/cold.package.elf and blazing,Eigen,float_units,libc,liblvgl,libm,libpros,lyfast [OK]
Section sizes:
   text    data     bss   total     hex filename
96.52KB 452.00B  46.02MB  46.12MB 2e1c48d bin/hot.package.elf
Creating bin/hot.package.bin for VEX EDR V5 [DONE]
Uploading program "lyfast" (lyfast) to V5 slot 1 on /dev/ttyACM0 (compressed)
Compressing library [####################################] 100%
Library is already onboard V5
Uploading slot_1.ini [####################################] 100%
Compressing binary [####################################] 100%
Uploading slot_1.bin (hot.package.bin) [####################################] 100%
Finished uploading "lyfast" (lyfast) to V5

[tomas@nixbtw:~/projects/Robotics/current/libs/lyfast]$ t
Not sending analytics for this command.

Established terminal connection



         _+=+_
      .-`  .  `-.          8888888b.  8888888b.   .d88888b.   .d8888b.
   _+`     "     `+_       888   Y88b 888   Y88b d88P" "Y88b d88P  Y88b
  \\\sssssssssssss///      888    888 888    888 888     888 Y88b.
     .ss\  *  /ss.         888   d88P 888   d88P 888     888  "Y888b.
 .+bm  .s  *  s.  md+.     8888888P"  8888888P"  888     888     "Y88b.
.hMMMMs .  *  . sMMMMh.    888        888 T88b   888     888       "888
 `\hMMMb \ | / dMMMh:      888        888  T88b  Y88b. .d88P Y88b  d88P
   -SNMNo  -  oNMNs-       888        888   T88b  "Y88888P"   "Y8888P"
     `+dMh\./dMd/
        `:yNy:`                      Powered by PROS for VEX V5
           "                Copyright (c) Purdue University ACM SIGBots
Version:        4.2.1     Platform:  V1.1.5 (b18)     Uptime:    0.000 s
Compiled:   Jan  1 1980 00:00:00     Directory:


total distance: 54.536701
delta_distance: 0.100000
allocated for points 555
adding points:1057
isolated constraints:1471
forwards pass:1779
backwards pass:3929
travel times:4000
final time:4010
a_{kin}=\left[70.8,70.4023,70.0079,69.6169,69.2294,68.8452,68.4645,68.0871,67.7132,67.3428,66.9757,66.6121,66.252,65.8954,65.5422,65.1924,64.8462,64.5034,64.1642,63.8284,63.4962,63.1674,62.8423,62.5206,62.2025,61.8879,61.5769,61.2695,60.9656,60.6653,60.3686,60.0755,59.7861,59.5002,59.218,58.9394,58.6644,58.3931,58.1255,57.8616,57.6013,57.3447,57.0918,56.8427,56.5973,56.3555,56.1176,55.8834,55.653,55.4263,55.2034,54.9844,54.7691,54.5577,54.3501,54.1464,53.9465,53.7505,53.5584,53.3702,53.1859,53.0055,52.829,52.6566,52.4881,52.3235,52.163,52.0065,51.854,51.7056,51.5612,51.4209,51.2847,51.1526,51.0246,50.9008,50.7812,50.6657,50.5545,50.4475,50.3447,50.2462,50.1519,50.062,49.9764,49.8952,49.8183,49.7458,49.6778,49.6142,49.555,49.5004,49.4503,49.4047,49.3638,49.3274,49.2957,49.2686,49.2462,49.2286,49.2157,49.2076,49.2043,49.2059,49.2124,49.2239,49.2403,49.2617,49.2881,49.3197,49.3564,49.3983,49.4454,49.4978,49.5554,49.6185,49.6869,49.7609,49.8403,49.9253,50.016,50.1123,50.2144,50.3222,50.436,50.5557,50.6813,50.8131,50.951,51.095,51.2454,51.4022,51.5653,51.7351,51.9114,52.0944,52.2842,52.4809,52.6846,52.8954,53.1133,53.3385,53.5712,53.8113,54.0591,54.3147,54.5781,54.8495,55.1291,55.4169,55.7132,56.0181,56.3316,56.6541,56.9857,57.3265,57.6766,58.0364,58.406,58.7855,59.1752,59.5754,59.9861,60.4077,60.8405,61.2845,61.7402,62.2077,62.6874,63.1795,63.6844,64.2024,64.7337,65.2788,65.8379,66.4115,67,67.6037,68.2231,68.8586,69.5106,70.1798,70.8664,71.5712,72.2945,73.0372,73.7995,74.5824,75.3863,76.212,77.0602,77.9317,78.8273,79.7478,80.6941,81.6672,82.668,83.6976,84.757,85.8474,86.97,88.1261,89.3171,90.5444,91.8094,93.1139,94.4595,95.8481,97.2814,98.7617,100.291,101.872,103.506,105.198,106.948,108.761,110.639,112.586,114.606,116.703,118.881,121.144,123.498,125.948,128.5,131.16,133.935,136.832,139.86,143.027,146.343,149.82,153.467,157.299,161.329,165.573,170.049,174.775,179.774,185.068,190.686,196.658,203.017,209.803,217.06,224.838,233.197,242.202,251.932,262.478,273.946,286.464,300.182,315.282,331.981,350.55,371.321,394.708,421.241,451.599,486.673,527.654,576.173,634.519,706.013,795.665,911.4,1066.53,1285.31,1617.01,2179.46,3341.86,7161.43,9997.9,5569.28,2948.53,2005.01,1518.96,1222.58,1022.98,879.405,771.173,686.662,618.844,563.22,516.77,477.398,443.602,414.275,388.586,365.898,345.713,327.64,311.363,296.629,283.227,270.984,259.757,249.425,239.884,231.047,222.84,215.197,208.062,201.387,195.128,189.248,183.714,178.496,173.567,168.905,164.489,160.3,156.321,152.536,148.933,145.498,142.219,139.088,136.093,133.227,130.482,127.85,125.324,122.898,120.568,118.326,116.169,114.092,112.09,110.16,108.299,106.502,104.766,103.089,101.468,99.9006,98.3836,96.9151,95.493,94.1153,92.7801,91.4855,90.23,89.0118,87.8295,86.6818,85.5673,84.4847,83.4327,82.4103,81.4165,80.4501,79.5102,78.5959,77.7063,76.8406,75.998,75.1777,74.379,73.6013,72.8438,72.106,71.3872,70.6869,70.0046,69.3396,68.6917,68.0602,67.4446,66.8447,66.2599,65.6898,65.1341,64.5925,64.0644,63.5497,63.048,62.5589,62.0822,61.6175,61.1647,60.7235,60.2935,59.8745,59.4664,59.0688,58.6816,58.3045,57.9373,57.5799,57.2321,56.8936,56.5643,56.244,55.9326,55.6299,55.3357,55.0499,54.7724,54.503,54.2416,53.988,53.7422,53.5039,53.2732,53.0498,52.8337,52.6248,52.423,52.228,52.04,51.8588,51.6842,51.5162,51.3548,51.1998,51.0511,50.9087,50.7725,50.6424,50.5184,50.4004,50.2883,50.1821,50.0817,49.987,49.898,49.8146,49.7368,49.6645,49.5977,49.5363,49.4802,49.4295,49.384,49.3438,49.3087,49.2788,49.254,49.2342,49.2194,49.2097,49.2048,49.2049,49.2098,49.2196,49.2342,49.2535,49.2776,49.3063,49.3398,49.3779,49.4206,49.4679,49.5198,49.5761,49.6371,49.7024,49.7723,49.8465,49.9252,50.0083,50.0957,50.1875,50.2836,50.384,50.4886,50.5976,50.7107,50.8281,50.9497,51.0754,51.2054,51.3394,51.4776,51.6199,51.7663,51.9168,52.0714,52.2299,52.3925,52.5592,52.7298,52.9044,53.083,53.2655,53.452,53.6424,53.8368,54.035,54.2371,54.4431,54.6529,54.8667,55.0842,55.3056,55.5308,55.7598,55.9927,56.2292,56.4696,56.7137,56.9616,57.2132,57.4685,57.7276,57.9904,58.2569,58.5271,58.8009,59.0784,59.3596,59.6445,59.933,60.2251,60.5208,60.8202,61.1232,61.4297,61.7399,62.0537,62.371,62.6919,63.0163,63.3443,63.6759,64.011,64.3496,64.6917,65.0374,65.3865,65.7392,66.0953,66.455,66.8181,67.1847,67.5547,67.9282,68.3051,68.6855,69.0693,69.4566,69.8473,70.2414,70.6389,70.8\right]
a_{turn}=\left[\right]
d_{kin}=\left[87.0849,87.0214,86.9578,86.8942,86.8305,86.7667,86.7029,86.639,86.5752,86.5113,86.4474,86.3835,86.3196,86.2557,86.1919,86.1281,86.0643,86.0006,85.937,85.8735,85.8101,85.7468,85.6836,85.6205,85.5576,85.4948,85.4322,85.3698,85.3076,85.2456,85.1839,85.1223,85.0611,85,84.9393,84.8789,84.8188,84.759,84.6996,84.6405,84.5818,84.5235,84.4656,84.4081,84.3511,84.2945,84.2384,84.1828,84.1277,84.0731,84.0191,83.9656,83.9128,83.8605,83.8088,83.7578,83.7074,83.6577,83.6087,83.5604,83.5128,83.466,83.4199,83.3746,83.3302,83.2865,83.2437,83.2017,83.1607,83.1205,83.0812,83.0429,83.0055,82.9691,82.9337,82.8993,82.8659,82.8335,82.8022,82.772,82.743,82.715,82.6881,82.6624,82.6379,82.6145,82.5923,82.5714,82.5517,82.5332,82.516,82.5001,82.4855,82.4722,82.4602,82.4495,82.4402,82.4322,82.4257,82.4205,82.4167,82.4143,82.4133,82.4138,82.4157,82.4191,82.4239,82.4302,82.438,82.4473,82.458,82.4703,82.4841,82.4994,82.5162,82.5345,82.5544,82.5758,82.5987,82.6232,82.6492,82.6768,82.7059,82.7366,82.7688,82.8026,82.8379,82.8748,82.9132,82.9532,82.9947,83.0378,83.0823,83.1285,83.1762,83.2253,83.2761,83.3283,83.382,83.4373,83.494,83.5523,83.612,83.6732,83.7358,83.8,83.8655,83.9325,84.001,84.0709,84.1421,84.2148,84.2889,84.3643,84.4411,84.5193,84.5988,84.6797,84.7618,84.8453,84.9301,85.0161,85.1035,85.192,85.2818,85.3729,85.4651,85.5586,85.6533,85.7491,85.8461,85.9442,86.0435,86.1439,86.2454,86.348,86.4516,86.5563,86.6621,86.7689,86.8767,86.9856,87.0954,87.2062,87.318,87.4307,87.5444,87.659,87.7745,87.8909,88.0083,88.1264,88.2455,88.3654,88.4861,88.6077,88.73,88.8532,88.9772,89.1019,89.2275,89.3537,89.4808,89.6085,89.737,89.8662,89.9961,90.1268,90.2581,90.39,90.5227,90.656,90.79,90.9246,91.0599,91.1958,91.3323,91.4694,91.6071,91.7455,91.8844,92.024,92.1641,92.3048,92.446,92.5879,92.7303,92.8732,93.0167,93.1608,93.3054,93.4506,93.5963,93.7425,93.8893,94.0366,94.1844,94.3328,94.4816,94.631,94.781,94.9314,95.0824,95.2338,95.3858,95.5383,95.6914,95.8449,95.999,96.1535,96.3086,96.4642,96.6203,96.777,96.9341,97.0918,97.25,97.4087,97.568,97.7278,97.8881,98.0489,98.2102,98.3721,98.5346,98.6975,98.8611,99.0251,99.1897,99.3548,99.5205,99.6868,99.8536,99.979,99.8118,99.6452,99.479,99.3135,99.1485,98.984,98.8201,98.6567,98.4939,98.3316,98.1698,98.0086,97.8479,97.6877,97.5281,97.369,97.2104,97.0523,96.8948,96.7377,96.5812,96.4252,96.2698,96.1148,95.9604,95.8064,95.653,95.5001,95.3477,95.1959,95.0445,94.8937,94.7434,94.5936,94.4443,94.2956,94.1473,93.9996,93.8525,93.7058,93.5597,93.4142,93.2691,93.1246,92.9807,92.8373,92.6945,92.5522,92.4105,92.2694,92.1288,91.9889,91.8495,91.7107,91.5725,91.4349,91.2979,91.1615,91.0258,90.8907,90.7562,90.6224,90.4892,90.3567,90.2248,90.0937,89.9632,89.8335,89.7044,89.5761,89.4485,89.3216,89.1955,89.0702,88.9456,88.8218,88.6988,88.5766,88.4552,88.3347,88.215,88.0961,87.9781,87.861,87.7448,87.6295,87.5151,87.4016,87.2891,87.1775,87.0669,86.9573,86.8486,86.741,86.6344,86.5289,86.4244,86.321,86.2186,86.1174,86.0173,85.9182,85.8203,85.7236,85.628,85.5336,85.4404,85.3484,85.2577,85.1681,85.0798,84.9928,84.907,84.8225,84.7394,84.6575,84.577,84.4977,84.4199,84.3434,84.2683,84.1945,84.1221,84.0512,83.9817,83.9136,83.8469,83.7817,83.7179,83.6556,83.5948,83.5354,83.4775,83.4212,83.3663,83.3129,83.2611,83.2108,83.1619,83.1147,83.0689,83.0248,82.9821,82.941,82.9014,82.8634,82.827,82.7921,82.7587,82.727,82.6967,82.668,82.6409,82.6153,82.5913,82.5688,82.5479,82.5285,82.5106,82.4942,82.4794,82.4661,82.4543,82.444,82.4352,82.4279,82.4221,82.4178,82.4149,82.4135,82.4135,82.415,82.4178,82.4221,82.4278,82.4349,82.4433,82.4532,82.4643,82.4768,82.4906,82.5058,82.5222,82.5399,82.5588,82.5791,82.6005,82.6232,82.647,82.6721,82.6983,82.7256,82.7541,82.7837,82.8144,82.8461,82.879,82.9128,82.9477,82.9837,83.0206,83.0584,83.0972,83.137,83.1776,83.2192,83.2616,83.3049,83.349,83.3939,83.4396,83.4862,83.5334,83.5814,83.6302,83.6796,83.7298,83.7806,83.832,83.8841,83.9368,83.9901,84.0439,84.0983,84.1533,84.2088,84.2648,84.3212,84.3782,84.4356,84.4934,84.5517,84.6103,84.6694,84.7288,84.7886,84.8487,84.9091,84.9699,85.0309,85.0922,85.1538,85.2156,85.2777,85.3399,85.4024,85.4651,85.528,85.591,85.6541,85.7175,85.7809,85.8445,85.9081,85.9719,86.0357,86.0996,86.1636,86.2276,86.2916,86.3557,86.4197,86.4838,86.5479,86.612,86.676,86.74,86.804,86.8679,86.9317,86.9955,87.0592,87.0849\right]
d_{turn}=\left[\right]
v_{kin}=\left[52.2509,52.2128,52.1747,52.1365,52.0983,52.06,52.0217,51.9834,51.9451,51.9068,51.8684,51.8301,51.7917,51.7534,51.7151,51.6768,51.6386,51.6004,51.5622,51.5241,51.486,51.4481,51.4101,51.3723,51.3345,51.2969,51.2593,51.2219,51.1846,51.1474,51.1103,51.0734,51.0366,51,50.9636,50.9273,50.8913,50.8554,50.8197,50.7843,50.7491,50.7141,50.6793,50.6449,50.6106,50.5767,50.543,50.5097,50.4766,50.4439,50.4115,50.3794,50.3477,50.3163,50.2853,50.2547,50.2245,50.1946,50.1652,50.1362,50.1077,50.0796,50.052,50.0248,49.9981,49.9719,49.9462,49.921,49.8964,49.8723,49.8487,49.8257,49.8033,49.7815,49.7602,49.7396,49.7195,49.7001,49.6814,49.6632,49.6458,49.629,49.6129,49.5974,49.5827,49.5687,49.5554,49.5428,49.531,49.5199,49.5096,49.5001,49.4913,49.4833,49.4761,49.4697,49.4641,49.4593,49.4554,49.4523,49.45,49.4486,49.448,49.4483,49.4494,49.4515,49.4543,49.4581,49.4628,49.4684,49.4748,49.4822,49.4904,49.4996,49.5097,49.5207,49.5326,49.5455,49.5592,49.5739,49.5895,49.6061,49.6235,49.6419,49.6613,49.6815,49.7027,49.7249,49.7479,49.7719,49.7968,49.8227,49.8494,49.8771,49.9057,49.9352,49.9656,49.997,50.0292,50.0624,50.0964,50.1314,50.1672,50.2039,50.2415,50.28,50.3193,50.3595,50.4006,50.4425,50.4853,50.5289,50.5733,50.6186,50.6647,50.7116,50.7593,50.8078,50.8571,50.9072,50.958,51.0097,51.0621,51.1152,51.1691,51.2237,51.2791,51.3352,51.392,51.4495,51.5076,51.5665,51.6261,51.6863,51.7472,51.8088,51.871,51.9338,51.9973,52.0613,52.126,52.1913,52.2573,52.3237,52.3908,52.4584,52.5266,52.5954,52.6647,52.7346,52.805,52.8759,52.9473,53.0192,53.0917,53.1646,53.238,53.3119,53.3863,53.4612,53.5365,53.6122,53.6885,53.7651,53.8422,53.9197,53.9977,54.0761,54.1548,54.234,54.3136,54.3936,54.474,54.5548,54.6359,54.7175,54.7994,54.8816,54.9643,55.0473,55.1307,55.2144,55.2984,55.3829,55.4676,55.5527,55.6382,55.7239,55.81,55.8965,55.9833,56.0703,56.1578,56.2455,56.3336,56.422,56.5106,56.5997,56.689,56.7786,56.8686,56.9588,57.0494,57.1403,57.2315,57.323,57.4148,57.5069,57.5994,57.6921,57.7852,57.8785,57.9722,58.0662,58.1605,58.2551,58.35,58.4452,58.5408,58.6367,58.7328,58.8293,58.9261,59.0233,59.1207,59.2185,59.3166,59.4151,59.5138,59.6129,59.7123,59.8121,59.9122,59.9874,59.8871,59.7871,59.6874,59.5881,59.4891,59.3904,59.2921,59.194,59.0963,58.999,58.9019,58.8052,58.7088,58.6126,58.5169,58.4214,58.3262,58.2314,58.1369,58.0427,57.9487,57.8552,57.7619,57.6689,57.5762,57.4839,57.3918,57.3001,57.2086,57.1175,57.0267,56.9362,56.846,56.7562,56.6666,56.5773,56.4884,56.3998,56.3115,56.2235,56.1358,56.0485,55.9615,55.8748,55.7884,55.7024,55.6167,55.5313,55.4463,55.3616,55.2773,55.1933,55.1097,55.0264,54.9435,54.8609,54.7787,54.6969,54.6155,54.5344,54.4537,54.3734,54.2935,54.214,54.1349,54.0562,53.9779,53.9001,53.8227,53.7457,53.6691,53.593,53.5173,53.4421,53.3674,53.2931,53.2193,53.146,53.0731,53.0008,52.929,52.8577,52.7869,52.7166,52.6469,52.5777,52.509,52.441,52.3734,52.3065,52.2401,52.1744,52.1092,52.0446,51.9807,51.9173,51.8546,51.7926,51.7312,51.6704,51.6103,51.5509,51.4922,51.4342,51.3768,51.3202,51.2643,51.2091,51.1546,51.1009,51.0479,50.9957,50.9442,50.8935,50.8436,50.7945,50.7462,50.6987,50.6519,50.606,50.561,50.5167,50.4733,50.4307,50.389,50.3481,50.3081,50.269,50.2307,50.1934,50.1569,50.1212,50.0865,50.0527,50.0198,49.9878,49.9566,49.9265,49.8972,49.8688,49.8414,49.8149,49.7893,49.7646,49.7409,49.7181,49.6962,49.6752,49.6552,49.6362,49.618,49.6008,49.5845,49.5692,49.5548,49.5413,49.5287,49.5171,49.5063,49.4965,49.4876,49.4797,49.4726,49.4664,49.4611,49.4568,49.4533,49.4507,49.4489,49.4481,49.4481,49.449,49.4507,49.4533,49.4567,49.4609,49.466,49.4719,49.4786,49.4861,49.4944,49.5035,49.5133,49.5239,49.5353,49.5474,49.5603,49.5739,49.5882,49.6032,49.619,49.6354,49.6524,49.6702,49.6886,49.7077,49.7274,49.7477,49.7687,49.7902,49.8123,49.835,49.8583,49.8822,49.9066,49.9315,49.9569,49.9829,50.0094,50.0363,50.0638,50.0917,50.12,50.1489,50.1781,50.2078,50.2379,50.2683,50.2992,50.3304,50.3621,50.394,50.4263,50.459,50.492,50.5253,50.5589,50.5927,50.6269,50.6614,50.6961,50.731,50.7662,50.8016,50.8373,50.8731,50.9092,50.9455,50.9819,51.0185,51.0553,51.0923,51.1294,51.1666,51.204,51.2415,51.2791,51.3168,51.3546,51.3925,51.4305,51.4685,51.5067,51.5449,51.5831,51.6214,51.6598,51.6981,51.7365,51.775,51.8134,51.8518,51.8903,51.9287,51.9672,52.0056,52.044,52.0824,52.1207,52.159,52.1973,52.2355,52.2509\right]
v_{turn}=\left[35.4,35.2011,35.004,34.8085,34.6147,34.4226,34.2322,34.0436,33.8566,33.6714,33.4879,33.3061,33.126,32.9477,32.7711,32.5962,32.4231,32.2517,32.0821,31.9142,31.7481,31.5837,31.4211,31.2603,31.1012,30.944,30.7885,30.6347,30.4828,30.3327,30.1843,30.0378,29.893,29.7501,29.609,29.4697,29.3322,29.1966,29.0628,28.9308,28.8006,28.6724,28.5459,28.4213,28.2986,28.1778,28.0588,27.9417,27.8265,27.7132,27.6017,27.4922,27.3846,27.2789,27.1751,27.0732,26.9733,26.8752,26.7792,26.6851,26.5929,26.5027,26.4145,26.3283,26.244,26.1618,26.0815,26.0032,25.927,25.8528,25.7806,25.7105,25.6423,25.5763,25.5123,25.4504,25.3906,25.3329,25.2773,25.2237,25.1723,25.1231,25.076,25.031,24.9882,24.9476,24.9091,24.8729,24.8389,24.8071,24.7775,24.7502,24.7252,24.7024,24.6819,24.6637,24.6478,24.6343,24.6231,24.6143,24.6078,24.6038,24.6022,24.603,24.6062,24.6119,24.6201,24.6308,24.6441,24.6599,24.6782,24.6991,24.7227,24.7489,24.7777,24.8092,24.8435,24.8804,24.9202,24.9627,25.008,25.0561,25.1072,25.1611,25.218,25.2778,25.3407,25.4065,25.4755,25.5475,25.6227,25.7011,25.7827,25.8675,25.9557,26.0472,26.1421,26.2405,26.3423,26.4477,26.5567,26.6693,26.7856,26.9057,27.0296,27.1573,27.289,27.4247,27.5645,27.7085,27.8566,28.009,28.1658,28.3271,28.4928,28.6632,28.8383,29.0182,29.203,29.3927,29.5876,29.7877,29.9931,30.2039,30.4202,30.6423,30.8701,31.1039,31.3437,31.5898,31.8422,32.1012,32.3669,32.6394,32.919,33.2058,33.5,33.8018,34.1115,34.4293,34.7553,35.0899,35.4332,35.7856,36.1473,36.5186,36.8998,37.2912,37.6931,38.106,38.5301,38.9659,39.4136,39.8739,40.3471,40.8336,41.334,41.8488,42.3785,42.9237,43.485,44.0631,44.6586,45.2722,45.9047,46.557,47.2297,47.924,48.6407,49.3809,50.1455,50.9359,51.7532,52.5988,53.474,54.3804,55.3195,56.2932,57.3032,58.3516,59.4404,60.5721,61.7491,62.974,64.2499,65.5798,66.9673,68.4159,69.9298,71.5135,73.1717,74.9098,76.7336,78.6494,80.6646,82.7867,85.0245,87.3877,89.8869,92.5342,95.3432,98.3289,101.508,104.901,108.53,112.419,116.598,121.101,125.966,131.239,136.973,143.232,150.091,157.641,165.991,175.275,185.66,197.354,210.62,225.799,243.336,263.827,288.087,317.26,353.007,397.833,455.7,533.266,642.654,808.505,1089.73,1670.93,3580.71,25048.8,2784.64,1474.27,1002.51,759.48,611.292,511.489,439.703,385.586,343.331,309.422,281.61,258.385,238.699,221.801,207.138,194.293,182.949,172.857,163.82,155.682,148.314,141.613,135.492,129.879,124.712,119.942,115.524,111.42,107.599,104.031,100.693,97.5641,94.6241,91.8569,89.2478,86.7836,84.4527,82.2447,80.1501,78.1605,76.2682,74.4664,72.7488,71.1097,69.5439,68.0467,66.6137,65.241,63.9248,62.662,61.4492,60.2838,59.163,58.0845,57.0458,56.045,55.0801,54.1493,53.2508,52.3831,51.5447,50.7342,49.9503,49.1918,48.4576,47.7465,47.0577,46.3901,45.7427,45.115,44.5059,43.9148,43.3409,42.7836,42.2423,41.7164,41.2052,40.7082,40.225,39.7551,39.2979,38.8532,38.4203,37.999,37.5889,37.1895,36.8006,36.4219,36.053,35.6936,35.3435,35.0023,34.6698,34.3458,34.0301,33.7223,33.4224,33.13,32.8449,32.5671,32.2962,32.0322,31.7749,31.524,31.2794,31.0411,30.8088,30.5824,30.3617,30.1467,29.9373,29.7332,29.5344,29.3408,29.1522,28.9687,28.79,28.616,28.4468,28.2821,28.122,27.9663,27.8149,27.6679,27.525,27.3862,27.2515,27.1208,26.994,26.8711,26.752,26.6366,26.5249,26.4169,26.3124,26.2115,26.114,26.02,25.9294,25.8421,25.7581,25.6774,25.5999,25.5255,25.4543,25.3862,25.3212,25.2592,25.2002,25.1442,25.0911,25.0408,24.9935,24.949,24.9073,24.8684,24.8323,24.7988,24.7681,24.7401,24.7147,24.692,24.6719,24.6544,24.6394,24.627,24.6171,24.6097,24.6048,24.6024,24.6024,24.6049,24.6098,24.6171,24.6267,24.6388,24.6532,24.6699,24.6889,24.7103,24.7339,24.7599,24.7881,24.8185,24.8512,24.8861,24.9233,24.9626,25.0042,25.0479,25.0937,25.1418,25.192,25.2443,25.2988,25.3554,25.4141,25.4748,25.5377,25.6027,25.6697,25.7388,25.81,25.8832,25.9584,26.0357,26.115,26.1963,26.2796,26.3649,26.4522,26.5415,26.6328,26.726,26.8212,26.9184,27.0175,27.1186,27.2215,27.3265,27.4333,27.5421,27.6528,27.7654,27.8799,27.9963,28.1146,28.2348,28.3569,28.4808,28.6066,28.7343,28.8638,28.9952,29.1284,29.2635,29.4005,29.5392,29.6798,29.8222,29.9665,30.1125,30.2604,30.4101,30.5616,30.7149,30.8699,31.0268,31.1855,31.3459,31.5082,31.6722,31.838,32.0055,32.1748,32.3459,32.5187,32.6933,32.8696,33.0477,33.2275,33.409,33.5923,33.7773,33.9641,34.1526,34.3428,34.5347,34.7283,34.9236,35.1207,35.3194,35.4\right]
v_{friction}=\left[35.4,35.2011,35.004,34.8085,34.6147,34.4226,34.2322,34.0436,33.8566,33.6714,33.4879,33.3061,33.126,32.9477,32.7711,32.5962,32.4231,32.2517,32.0821,31.9142,31.7481,31.5837,31.4211,31.2603,31.1012,30.944,30.7885,30.6347,30.4828,30.3327,30.1843,30.0378,29.893,29.7501,29.609,29.4697,29.3322,29.1966,29.0628,28.9308,28.8006,28.6724,28.5459,28.4213,28.2986,28.1778,28.0588,27.9417,27.8265,27.7132,27.6017,27.4922,27.3846,27.2789,27.1751,27.0732,26.9733,26.8752,26.7792,26.6851,26.5929,26.5027,26.4145,26.3283,26.244,26.1618,26.0815,26.0032,25.927,25.8528,25.7806,25.7105,25.6423,25.5763,25.5123,25.4504,25.3906,25.3329,25.2773,25.2237,25.1723,25.1231,25.076,25.031,24.9882,24.9476,24.9091,24.8729,24.8389,24.8071,24.7775,24.7502,24.7252,24.7024,24.6819,24.6637,24.6478,24.6343,24.6231,24.6143,24.6078,24.6038,24.6022,24.603,24.6062,24.6119,24.6201,24.6308,24.6441,24.6599,24.6782,24.6991,24.7227,24.7489,24.7777,24.8092,24.8435,24.8804,24.9202,24.9627,25.008,25.0561,25.1072,25.1611,25.218,25.2778,25.3407,25.4065,25.4755,25.5475,25.6227,25.7011,25.7827,25.8675,25.9557,26.0472,26.1421,26.2405,26.3423,26.4477,26.5567,26.6693,26.7856,26.9057,27.0296,27.1573,27.289,27.4247,27.5645,27.7085,27.8566,28.009,28.1658,28.3271,28.4928,28.6632,28.8383,29.0182,29.203,29.3927,29.5876,29.7877,29.9931,30.2039,30.4202,30.6423,30.8701,31.1039,31.3437,31.5898,31.8422,32.1012,32.3669,32.6394,32.919,33.2058,33.5,33.8018,34.1115,34.4293,34.7553,35.0899,35.4332,35.7856,36.1473,36.5186,36.8998,37.2912,37.6931,38.106,38.5301,38.9659,39.4136,39.8739,40.3471,40.8336,41.334,41.8488,42.3785,42.9237,43.485,44.0631,44.6586,45.2722,45.9047,46.557,47.2297,47.924,48.6407,49.3809,50.1455,50.9359,51.7532,52.5988,53.474,54.3804,54.7994,54.8816,54.9643,55.0473,55.1307,55.2144,55.2984,55.3829,55.4676,55.5527,55.6382,55.7239,55.81,55.8965,55.9833,56.0703,56.1578,56.2455,56.3336,56.422,56.5106,56.5997,56.689,56.7786,56.8686,56.9588,57.0494,57.1403,57.2315,57.323,57.4148,57.5069,57.5994,57.6921,57.7852,57.8785,57.9722,58.0662,58.1605,58.2551,58.35,58.4452,58.5408,58.6367,58.7328,58.8293,58.9261,59.0233,59.1207,59.2185,59.3166,59.4151,59.5138,59.6129,59.7123,59.8121,59.9122,59.9874,59.8871,59.7871,59.6874,59.5881,59.4891,59.3904,59.2921,59.194,59.0963,58.999,58.9019,58.8052,58.7088,58.6126,58.5169,58.4214,58.3262,58.2314,58.1369,58.0427,57.9487,57.8552,57.7619,57.6689,57.5762,57.4839,57.3918,57.3001,57.2086,57.1175,57.0267,56.9362,56.846,56.7562,56.6666,56.5773,56.4884,56.3998,56.3115,56.2235,56.1358,56.0485,55.9615,55.8748,55.7884,55.7024,55.6167,55.5313,55.4463,55.3616,55.2773,55.1933,55.1097,55.0264,54.9435,54.8609,54.7787,54.1493,53.2508,52.3831,51.5447,50.7342,49.9503,49.1918,48.4576,47.7465,47.0577,46.3901,45.7427,45.115,44.5059,43.9148,43.3409,42.7836,42.2423,41.7164,41.2052,40.7082,40.225,39.7551,39.2979,38.8532,38.4203,37.999,37.5889,37.1895,36.8006,36.4219,36.053,35.6936,35.3435,35.0023,34.6698,34.3458,34.0301,33.7223,33.4224,33.13,32.8449,32.5671,32.2962,32.0322,31.7749,31.524,31.2794,31.0411,30.8088,30.5824,30.3617,30.1467,29.9373,29.7332,29.5344,29.3408,29.1522,28.9687,28.79,28.616,28.4468,28.2821,28.122,27.9663,27.8149,27.6679,27.525,27.3862,27.2515,27.1208,26.994,26.8711,26.752,26.6366,26.5249,26.4169,26.3124,26.2115,26.114,26.02,25.9294,25.8421,25.7581,25.6774,25.5999,25.5255,25.4543,25.3862,25.3212,25.2592,25.2002,25.1442,25.0911,25.0408,24.9935,24.949,24.9073,24.8684,24.8323,24.7988,24.7681,24.7401,24.7147,24.692,24.6719,24.6544,24.6394,24.627,24.6171,24.6097,24.6048,24.6024,24.6024,24.6049,24.6098,24.6171,24.6267,24.6388,24.6532,24.6699,24.6889,24.7103,24.7339,24.7599,24.7881,24.8185,24.8512,24.8861,24.9233,24.9626,25.0042,25.0479,25.0937,25.1418,25.192,25.2443,25.2988,25.3554,25.4141,25.4748,25.5377,25.6027,25.6697,25.7388,25.81,25.8832,25.9584,26.0357,26.115,26.1963,26.2796,26.3649,26.4522,26.5415,26.6328,26.726,26.8212,26.9184,27.0175,27.1186,27.2215,27.3265,27.4333,27.5421,27.6528,27.7654,27.8799,27.9963,28.1146,28.2348,28.3569,28.4808,28.6066,28.7343,28.8638,28.9952,29.1284,29.2635,29.4005,29.5392,29.6798,29.8222,29.9665,30.1125,30.2604,30.4101,30.5616,30.7149,30.8699,31.0268,31.1855,31.3459,31.5082,31.6722,31.838,32.0055,32.1748,32.3459,32.5187,32.6933,32.8696,33.0477,33.2275,33.409,33.5923,33.7773,33.9641,34.1526,34.3428,34.5347,34.7283,34.9236,35.1207,35.3194,35.4\right]
v_{forward}=\left[0,3.76298,5.31417,6.49939,7.49436,8.36728,9.15316,9.87285,10.54,11.1639,11.7517,12.3084,12.8382,13.3443,13.8293,14.2954,14.7444,15.1778,15.597,16.0031,16.3971,16.7799,17.1522,17.5147,17.8681,18.2129,18.5496,18.8786,19.2004,19.5154,19.8238,20.126,20.4223,20.713,20.9983,21.2785,21.5537,21.8242,22.0901,22.3517,22.6091,22.8624,23.1119,23.3576,23.5997,23.8383,24.0736,24.3055,24.5344,24.7602,24.983,25.203,25.4203,25.6348,25.8468,26.0562,26.2632,26.4678,26.6701,26.6851,26.5929,26.5027,26.4145,26.3283,26.244,26.1618,26.0815,26.0032,25.927,25.8528,25.7806,25.7105,25.6423,25.5763,25.5123,25.4504,25.3906,25.3329,25.2773,25.2237,25.1723,25.1231,25.076,25.031,24.9882,24.9476,24.9091,24.8729,24.8389,24.8071,24.7775,24.7502,24.7252,24.7024,24.6819,24.6637,24.6478,24.6343,24.6231,24.6143,24.6078,24.6038,24.6022,24.603,24.6062,24.6119,24.6201,24.6308,24.6441,24.6599,24.6782,24.6991,24.7227,24.7489,24.7777,24.8092,24.8435,24.8804,24.9202,24.9627,25.008,25.0561,25.1072,25.1611,25.218,25.2778,25.3407,25.4065,25.4755,25.5475,25.6227,25.7011,25.7827,25.8675,25.9557,26.0472,26.1421,26.2405,26.3423,26.4477,26.5567,26.6693,26.7856,26.9057,27.0296,27.1573,27.289,27.4247,27.5645,27.7085,27.8566,28.009,28.1658,28.3271,28.4928,28.6632,28.8383,29.0182,29.203,29.3927,29.5876,29.7869,29.9863,30.1857,30.3851,30.5847,30.7844,30.9843,31.1845,31.3848,31.5855,31.7865,31.9878,32.1896,32.3917,32.5943,32.7975,33.0011,33.2053,33.4102,33.6156,33.8218,34.0286,34.2363,34.4447,34.6539,34.8641,35.0751,35.2871,35.5001,35.7141,35.9292,36.1455,36.3629,36.5816,36.8015,37.0228,37.2454,37.4694,37.695,37.922,38.1507,38.381,38.613,38.8468,39.0824,39.3199,39.5594,39.801,40.0446,40.2905,40.5387,40.7892,41.0422,41.2977,41.5558,41.8167,42.0805,42.3472,42.617,42.8899,43.1662,43.446,43.7293,44.0164,44.3073,44.6024,44.9017,45.2054,45.5137,45.8269,46.1451,46.4687,46.7977,47.1327,47.4737,47.8212,48.166,48.5031,48.8325,49.1548,49.47,49.7784,50.0803,50.3759,50.6653,50.9488,51.2266,51.4988,51.7656,52.0272,52.2837,52.5353,52.782,53.0242,53.2618,53.4949,53.7238,53.9486,54.1692,54.3859,54.5988,54.8079,55.0134,55.2152,55.4136,55.6086,55.8003,55.9888,56.174,56.3562,56.5354,56.7116,56.885,57.0555,57.2233,57.3884,57.5508,57.7107,57.868,58.0229,58.1753,58.3254,58.4731,58.6186,58.7619,58.7088,58.6126,58.5169,58.4214,58.3262,58.2314,58.1369,58.0427,57.9487,57.8552,57.7619,57.6689,57.5762,57.4839,57.3918,57.3001,57.2086,57.1175,57.0267,56.9362,56.846,56.7562,56.6666,56.5773,56.4884,56.3998,56.3115,56.2235,56.1358,56.0485,55.9615,55.8748,55.7884,55.7024,55.6167,55.5313,55.4463,55.3616,55.2773,55.1933,55.1097,55.0264,54.9435,54.8609,54.7787,54.1493,53.2508,52.3831,51.5447,50.7342,49.9503,49.1918,48.4576,47.7465,47.0577,46.3901,45.7427,45.115,44.5059,43.9148,43.3409,42.7836,42.2423,41.7164,41.2052,40.7082,40.225,39.7551,39.2979,38.8532,38.4203,37.999,37.5889,37.1895,36.8006,36.4219,36.053,35.6936,35.3435,35.0023,34.6698,34.3458,34.0301,33.7223,33.4224,33.13,32.8449,32.5671,32.2962,32.0322,31.7749,31.524,31.2794,31.0411,30.8088,30.5824,30.3617,30.1467,29.9373,29.7332,29.5344,29.3408,29.1522,28.9687,28.79,28.616,28.4468,28.2821,28.122,27.9663,27.8149,27.6679,27.525,27.3862,27.2515,27.1208,26.994,26.8711,26.752,26.6366,26.5249,26.4169,26.3124,26.2115,26.114,26.02,25.9294,25.8421,25.7581,25.6774,25.5999,25.5255,25.4543,25.3862,25.3212,25.2592,25.2002,25.1442,25.0911,25.0408,24.9935,24.949,24.9073,24.8684,24.8323,24.7988,24.7681,24.7401,24.7147,24.692,24.6719,24.6544,24.6394,24.627,24.6171,24.6097,24.6048,24.6024,24.6024,24.6049,24.6098,24.6171,24.6267,24.6388,24.6532,24.6699,24.6889,24.7103,24.7339,24.7599,24.7881,24.8185,24.8512,24.8861,24.9233,24.9626,25.0042,25.0479,25.0937,25.1418,25.192,25.2443,25.2988,25.3554,25.4141,25.4748,25.5377,25.6027,25.6697,25.7388,25.81,25.8832,25.9584,26.0357,26.115,26.1963,26.2796,26.3649,26.4522,26.5415,26.6328,26.726,26.8212,26.9184,27.0175,27.1186,27.2215,27.3265,27.4333,27.5421,27.6528,27.7654,27.8799,27.9963,28.1146,28.2348,28.3569,28.4808,28.6066,28.7343,28.8638,28.9952,29.1284,29.2635,29.4005,29.5392,29.6798,29.8222,29.9665,30.1125,30.2604,30.4101,30.5616,30.7149,30.8699,31.0268,31.1855,31.3459,31.5082,31.6722,31.838,32.0055,32.1748,32.3459,32.5187,32.6933,32.8696,33.0477,33.2275,33.409,33.5923,33.7773,33.9641,34.1526,34.3428,34.5347,34.7283,34.9236,35.1207,35.3194,0\right]
v_{backward}=\left[0,3.76298,5.31417,6.49939,7.49436,8.36728,9.15316,9.87285,10.54,11.1639,11.7517,12.3084,12.8382,13.3443,13.8293,14.2954,14.7444,15.1778,15.597,16.0031,16.3971,16.7799,17.1522,17.5147,17.8681,18.2129,18.5496,18.8786,19.2004,19.5154,19.8238,20.126,20.4223,20.713,20.9983,21.2785,21.5537,21.8242,22.0901,22.3517,22.6091,22.8624,23.1119,23.3576,23.5997,23.8383,24.0736,24.3055,24.5344,24.7602,24.983,25.203,25.4203,25.6348,25.8468,26.0562,26.2632,26.4678,26.6701,26.6851,26.5929,26.5027,26.4145,26.3283,26.244,26.1618,26.0815,26.0032,25.927,25.8528,25.7806,25.7105,25.6423,25.5763,25.5123,25.4504,25.3906,25.3329,25.2773,25.2237,25.1723,25.1231,25.076,25.031,24.9882,24.9476,24.9091,24.8729,24.8389,24.8071,24.7775,24.7502,24.7252,24.7024,24.6819,24.6637,24.6478,24.6343,24.6231,24.6143,24.6078,24.6038,24.6022,24.603,24.6062,24.6119,24.6201,24.6308,24.6441,24.6599,24.6782,24.6991,24.7227,24.7489,24.7777,24.8092,24.8435,24.8804,24.9202,24.9627,25.008,25.0561,25.1072,25.1611,25.218,25.2778,25.3407,25.4065,25.4755,25.5475,25.6227,25.7011,25.7827,25.8675,25.9557,26.0472,26.1421,26.2405,26.3423,26.4477,26.5567,26.6693,26.7856,26.9057,27.0296,27.1573,27.289,27.4247,27.5645,27.7085,27.8566,28.009,28.1658,28.3271,28.4928,28.6632,28.8383,29.0182,29.203,29.3927,29.5876,29.7869,29.9863,30.1857,30.3851,30.5847,30.7844,30.9843,31.1845,31.3848,31.5855,31.7865,31.9878,32.1896,32.3917,32.5943,32.7975,33.0011,33.2053,33.4102,33.6156,33.8218,34.0286,34.2363,34.4447,34.6539,34.8641,35.0751,35.2871,35.5001,35.7141,35.9292,36.1455,36.3629,36.5816,36.8015,37.0228,37.2454,37.4694,37.695,37.922,38.1507,38.381,38.613,38.8468,39.0824,39.3199,39.5594,39.801,40.0446,40.2905,40.5387,40.7892,41.0422,41.2977,41.5558,41.8167,42.0805,42.3472,42.617,42.8899,43.1662,43.446,43.7293,44.0164,44.3073,44.6024,44.9017,45.2054,45.5137,45.8269,46.1451,46.4687,46.7977,47.1327,47.4737,47.8212,48.166,48.5031,48.8325,49.1548,49.47,49.7784,50.0803,50.3759,50.6653,50.9488,51.2266,51.4988,51.7656,52.0272,52.2837,52.5353,52.782,53.0242,53.2618,53.4949,53.7238,53.9486,54.1692,54.3859,54.5988,54.8079,55.0134,55.2152,55.4136,55.2375,55.0582,54.8781,54.6971,54.5151,54.3322,54.1484,53.9637,53.7781,53.5922,53.406,53.2194,53.0324,52.8451,52.6575,52.4695,52.2811,52.0924,51.9033,51.7138,51.5239,51.3337,51.143,50.952,50.7605,50.5686,50.3763,50.1836,49.9905,49.7969,49.6029,49.4084,49.2135,49.0181,48.8223,48.626,48.4292,48.2319,48.0341,47.8359,47.6371,47.4378,47.2379,47.0376,46.8367,46.6352,46.4332,46.2307,46.0275,45.8238,45.6195,45.4146,45.2091,45.0029,44.7962,44.5888,44.3807,44.172,43.9626,43.7526,43.5418,43.3303,43.1182,42.9053,42.6916,42.4772,42.2621,42.0461,41.8294,41.6119,41.3935,41.1743,40.9543,40.7334,40.5116,40.2889,40.0653,39.8408,39.6153,39.3889,39.1615,38.933,38.7036,38.4731,38.2415,38.0089,37.7751,37.5402,37.3042,37.0669,36.8285,36.5888,36.3479,36.1057,35.8622,35.6173,35.3711,35.1234,34.8743,34.6238,34.3717,34.1181,33.8629,33.6061,33.3476,33.0874,32.8255,32.5618,32.2962,32.0322,31.7749,31.524,31.2794,31.0411,30.8088,30.5824,30.3617,30.1467,29.9373,29.7332,29.5344,29.3408,29.1522,28.9687,28.79,28.616,28.4468,28.2821,28.122,27.9663,27.8149,27.6679,27.525,27.3862,27.2515,27.1208,26.994,26.8711,26.752,26.6366,26.5249,26.4169,26.3124,26.2115,26.114,26.02,25.9294,25.8421,25.7581,25.6774,25.5999,25.5255,25.4543,25.3862,25.3212,25.2592,25.2002,25.1442,25.0911,25.0408,24.9935,24.949,24.9073,24.8684,24.8323,24.7988,24.7681,24.7401,24.7147,24.692,24.6719,24.6544,24.6394,24.627,24.6171,24.6097,24.6048,24.6024,24.6024,24.6049,24.6098,24.6171,24.6267,24.6388,24.6532,24.6699,24.6889,24.7103,24.7339,24.7599,24.7881,24.8185,24.8512,24.8861,24.9233,24.9626,25.0042,25.0479,25.0937,25.1418,25.192,25.2443,25.2988,25.3554,25.4141,25.4748,25.5377,25.6027,25.6697,25.7388,25.81,25.8832,25.9584,26.0357,26.115,26.1963,26.2796,26.3649,26.4522,26.5415,26.6328,26.726,26.8212,26.9184,27.0175,27.1186,27.2215,27.3265,27.4333,27.5421,27.6528,27.7654,27.8799,27.9963,28.0687,27.7668,27.4615,27.1525,26.8397,26.523,26.2023,25.8774,25.5481,25.2143,24.8757,24.5323,24.1837,23.8297,23.4702,23.1048,22.7333,22.3553,21.9705,21.5786,21.1791,20.7716,20.3557,19.9308,19.4963,19.0516,18.5959,18.1284,17.6481,17.1541,16.645,16.1194,15.5757,15.0119,14.4256,13.814,13.1736,12.4999,11.7872,11.0279,10.2117,9.32372,8.34091,7.22477,5.90008,4.17275,0\right]
v_{final}=\left[0,3.76298,5.31417,6.49939,7.49436,8.36728,9.15316,9.87285,10.54,11.1639,11.7517,12.3084,12.8382,13.3443,13.8293,14.2954,14.7444,15.1778,15.597,16.0031,16.3971,16.7799,17.1522,17.5147,17.8681,18.2129,18.5496,18.8786,19.2004,19.5154,19.8238,20.126,20.4223,20.713,20.9983,21.2785,21.5537,21.8242,22.0901,22.3517,22.6091,22.8624,23.1119,23.3576,23.5997,23.8383,24.0736,24.3055,24.5344,24.7602,24.983,25.203,25.4203,25.6348,25.8468,26.0562,26.2632,26.4678,26.6701,26.6851,26.5929,26.5027,26.4145,26.3283,26.244,26.1618,26.0815,26.0032,25.927,25.8528,25.7806,25.7105,25.6423,25.5763,25.5123,25.4504,25.3906,25.3329,25.2773,25.2237,25.1723,25.1231,25.076,25.031,24.9882,24.9476,24.9091,24.8729,24.8389,24.8071,24.7775,24.7502,24.7252,24.7024,24.6819,24.6637,24.6478,24.6343,24.6231,24.6143,24.6078,24.6038,24.6022,24.603,24.6062,24.6119,24.6201,24.6308,24.6441,24.6599,24.6782,24.6991,24.7227,24.7489,24.7777,24.8092,24.8435,24.8804,24.9202,24.9627,25.008,25.0561,25.1072,25.1611,25.218,25.2778,25.3407,25.4065,25.4755,25.5475,25.6227,25.7011,25.7827,25.8675,25.9557,26.0472,26.1421,26.2405,26.3423,26.4477,26.5567,26.6693,26.7856,26.9057,27.0296,27.1573,27.289,27.4247,27.5645,27.7085,27.8566,28.009,28.1658,28.3271,28.4928,28.6632,28.8383,29.0182,29.203,29.3927,29.5876,29.7869,29.9863,30.1857,30.3851,30.5847,30.7844,30.9843,31.1845,31.3848,31.5855,31.7865,31.9878,32.1896,32.3917,32.5943,32.7975,33.0011,33.2053,33.4102,33.6156,33.8218,34.0286,34.2363,34.4447,34.6539,34.8641,35.0751,35.2871,35.5001,35.7141,35.9292,36.1455,36.3629,36.5816,36.8015,37.0228,37.2454,37.4694,37.695,37.922,38.1507,38.381,38.613,38.8468,39.0824,39.3199,39.5594,39.801,40.0446,40.2905,40.5387,40.7892,41.0422,41.2977,41.5558,41.8167,42.0805,42.3472,42.617,42.8899,43.1662,43.446,43.7293,44.0164,44.3073,44.6024,44.9017,45.2054,45.5137,45.8269,46.1451,46.4687,46.7977,47.1327,47.4737,47.8212,48.166,48.5031,48.8325,49.1548,49.47,49.7784,50.0803,50.3759,50.6653,50.9488,51.2266,51.4988,51.7656,52.0272,52.2837,52.5353,52.782,53.0242,53.2618,53.4949,53.7238,53.9486,54.1692,54.3859,54.5988,54.8079,55.0134,55.2152,55.4136,55.2375,55.0582,54.8781,54.6971,54.5151,54.3322,54.1484,53.9637,53.7781,53.5922,53.406,53.2194,53.0324,52.8451,52.6575,52.4695,52.2811,52.0924,51.9033,51.7138,51.5239,51.3337,51.143,50.952,50.7605,50.5686,50.3763,50.1836,49.9905,49.7969,49.6029,49.4084,49.2135,49.0181,48.8223,48.626,48.4292,48.2319,48.0341,47.8359,47.6371,47.4378,47.2379,47.0376,46.8367,46.6352,46.4332,46.2307,46.0275,45.8238,45.6195,45.4146,45.2091,45.0029,44.7962,44.5888,44.3807,44.172,43.9626,43.7526,43.5418,43.3303,43.1182,42.9053,42.6916,42.4772,42.2621,42.0461,41.8294,41.6119,41.3935,41.1743,40.9543,40.7334,40.5116,40.2889,40.0653,39.8408,39.6153,39.3889,39.1615,38.933,38.7036,38.4731,38.2415,38.0089,37.7751,37.5402,37.3042,37.0669,36.8285,36.5888,36.3479,36.1057,35.8622,35.6173,35.3711,35.1234,34.8743,34.6238,34.3717,34.1181,33.8629,33.6061,33.3476,33.0874,32.8255,32.5618,32.2962,32.0322,31.7749,31.524,31.2794,31.0411,30.8088,30.5824,30.3617,30.1467,29.9373,29.7332,29.5344,29.3408,29.1522,28.9687,28.79,28.616,28.4468,28.2821,28.122,27.9663,27.8149,27.6679,27.525,27.3862,27.2515,27.1208,26.994,26.8711,26.752,26.6366,26.5249,26.4169,26.3124,26.2115,26.114,26.02,25.9294,25.8421,25.7581,25.6774,25.5999,25.5255,25.4543,25.3862,25.3212,25.2592,25.2002,25.1442,25.0911,25.0408,24.9935,24.949,24.9073,24.8684,24.8323,24.7988,24.7681,24.7401,24.7147,24.692,24.6719,24.6544,24.6394,24.627,24.6171,24.6097,24.6048,24.6024,24.6024,24.6049,24.6098,24.6171,24.6267,24.6388,24.6532,24.6699,24.6889,24.7103,24.7339,24.7599,24.7881,24.8185,24.8512,24.8861,24.9233,24.9626,25.0042,25.0479,25.0937,25.1418,25.192,25.2443,25.2988,25.3554,25.4141,25.4748,25.5377,25.6027,25.6697,25.7388,25.81,25.8832,25.9584,26.0357,26.115,26.1963,26.2796,26.3649,26.4522,26.5415,26.6328,26.726,26.8212,26.9184,27.0175,27.1186,27.2215,27.3265,27.4333,27.5421,27.6528,27.7654,27.8799,27.9963,28.0687,27.7668,27.4615,27.1525,26.8397,26.523,26.2023,25.8774,25.5481,25.2143,24.8757,24.5323,24.1837,23.8297,23.4702,23.1048,22.7333,22.3553,21.9705,21.5786,21.1791,20.7716,20.3557,19.9308,19.4963,19.0516,18.5959,18.1284,17.6481,17.1541,16.645,16.1194,15.5757,15.0119,14.4256,13.814,13.1736,12.4999,11.7872,11.0279,10.2117,9.32372,8.34091,7.22477,5.90008,4.17275,0\right]
l_{times}=\left[0,0.0531494,0.0751827,0.0921124,0.106405,0.119014,0.130429,0.140941,0.150739,0.159953,0.168681,0.176994,0.184947,0.192586,0.199946,0.207057,0.213944,0.220628,0.227127,0.233456,0.239629,0.245657,0.251551,0.25732,0.262973,0.268516,0.273956,0.2793,0.284552,0.289718,0.294802,0.299808,0.304741,0.309603,0.314398,0.319128,0.323798,0.328408,0.332963,0.337463,0.341911,0.34631,0.35066,0.354964,0.359223,0.363439,0.367613,0.371747,0.375842,0.3799,0.38392,0.387905,0.391856,0.395773,0.399658,0.403512,0.407334,0.411127,0.414891,0.41864,0.422393,0.42616,0.42994,0.433732,0.437536,0.441352,0.445181,0.44902,0.452872,0.456734,0.460608,0.464492,0.468387,0.472291,0.476206,0.480131,0.484064,0.488007,0.491959,0.495919,0.499888,0.503865,0.507849,0.51184,0.515839,0.519844,0.523855,0.527873,0.531896,0.535924,0.539958,0.543996,0.548039,0.552085,0.556135,0.560188,0.564244,0.568302,0.572362,0.576424,0.580487,0.584552,0.588616,0.592681,0.596745,0.600809,0.604871,0.608932,0.612991,0.617047,0.621101,0.625151,0.629198,0.633241,0.637279,0.641312,0.64534,0.649362,0.653378,0.657388,0.66139,0.665385,0.669372,0.673351,0.677321,0.681281,0.685232,0.689174,0.693104,0.697024,0.700933,0.704829,0.708714,0.712586,0.716446,0.720291,0.724124,0.727942,0.731745,0.735534,0.739307,0.743065,0.746806,0.750531,0.754239,0.75793,0.761604,0.765259,0.768896,0.772515,0.776114,0.779694,0.783254,0.786795,0.790314,0.793814,0.797292,0.800749,0.804184,0.807597,0.810988,0.814356,0.817702,0.821026,0.824328,0.827608,0.830867,0.834105,0.837322,0.840519,0.843695,0.846851,0.849987,0.853103,0.8562,0.859278,0.862336,0.865376,0.868397,0.871399,0.874383,0.877349,0.880296,0.883226,0.886138,0.889032,0.891909,0.894769,0.897611,0.900437,0.903245,0.906037,0.908812,0.91157,0.914312,0.917037,0.919746,0.922439,0.925116,0.927777,0.930422,0.933051,0.935664,0.938262,0.940844,0.94341,0.945961,0.948497,0.951017,0.953522,0.956011,0.958486,0.960945,0.963389,0.965818,0.968232,0.970631,0.973015,0.975383,0.977737,0.980076,0.9824,0.98471,0.987004,0.989283,0.991547,0.993797,0.996031,0.998251,1.00046,1.00265,1.00482,1.00698,1.00912,1.01125,1.01337,1.01547,1.01755,1.01962,1.02167,1.02371,1.02574,1.02776,1.02976,1.03175,1.03373,1.0357,1.03766,1.0396,1.04154,1.04347,1.04538,1.04729,1.04919,1.05108,1.05296,1.05484,1.0567,1.05856,1.06041,1.06225,1.06409,1.06591,1.06774,1.06955,1.07136,1.07317,1.07498,1.0768,1.07862,1.08045,1.08229,1.08414,1.08599,1.08784,1.0897,1.09157,1.09345,1.09533,1.09722,1.09912,1.10102,1.10293,1.10484,1.10677,1.1087,1.11064,1.11258,1.11453,1.11649,1.11846,1.12043,1.12241,1.1244,1.1264,1.1284,1.13041,1.13243,1.13446,1.1365,1.13854,1.14059,1.14265,1.14472,1.1468,1.14889,1.15098,1.15309,1.1552,1.15732,1.15945,1.16159,1.16374,1.1659,1.16807,1.17024,1.17243,1.17463,1.17683,1.17905,1.18128,1.18352,1.18576,1.18802,1.19029,1.19257,1.19486,1.19716,1.19948,1.2018,1.20414,1.20649,1.20885,1.21122,1.21361,1.216,1.21841,1.22083,1.22327,1.22572,1.22818,1.23065,1.23314,1.23565,1.23816,1.24069,1.24324,1.2458,1.24838,1.25097,1.25358,1.2562,1.25884,1.26149,1.26417,1.26686,1.26956,1.27229,1.27503,1.27779,1.28057,1.28337,1.28618,1.28902,1.29188,1.29476,1.29765,1.30057,1.30352,1.30648,1.30947,1.31248,1.31551,1.31857,1.32165,1.32476,1.3279,1.33106,1.33424,1.33745,1.34069,1.34394,1.34722,1.35053,1.35386,1.35721,1.36059,1.36398,1.3674,1.37084,1.37431,1.37779,1.38129,1.38482,1.38837,1.39193,1.39552,1.39912,1.40274,1.40639,1.41005,1.41373,1.41742,1.42113,1.42486,1.42861,1.43237,1.43615,1.43994,1.44375,1.44757,1.45141,1.45526,1.45912,1.463,1.46689,1.47079,1.4747,1.47862,1.48256,1.4865,1.49045,1.49442,1.49839,1.50237,1.50636,1.51036,1.51436,1.51837,1.52239,1.52642,1.53045,1.53448,1.53852,1.54257,1.54661,1.55067,1.55472,1.55878,1.56284,1.5669,1.57096,1.57502,1.57909,1.58315,1.58722,1.59128,1.59534,1.59941,1.60347,1.60752,1.61158,1.61563,1.61968,1.62372,1.62776,1.6318,1.63583,1.63986,1.64388,1.6479,1.65191,1.65591,1.6599,1.66389,1.66787,1.67185,1.67581,1.67977,1.68372,1.68766,1.69159,1.69551,1.69942,1.70332,1.70721,1.71109,1.71496,1.71882,1.72266,1.7265,1.73032,1.73413,1.73793,1.74172,1.74549,1.74925,1.753,1.75674,1.76046,1.76417,1.76786,1.77154,1.77521,1.77886,1.7825,1.78612,1.78973,1.79333,1.7969,1.80047,1.80405,1.80768,1.81134,1.81504,1.81879,1.82258,1.82642,1.83031,1.83425,1.83824,1.84229,1.8464,1.85056,1.85479,1.85909,1.86345,1.86788,1.8724,1.87699,1.88167,1.88643,1.8913,1.89626,1.90133,1.90652,1.91184,1.91728,1.92287,1.92862,1.93454,1.94064,1.94695,1.95349,1.96028,1.96736,1.97478,1.98257,1.9908,1.99957,2.00898,2.01922,2.03054,2.04339,2.05863,2.07849,2.12642,\right]
l_{points}=\left[\left(0,0\right),\left(0.0998589,0.00014111\right),\left(0.199717,0.0005655\right),\left(0.299573,0.00127476\right),\left(0.399428,0.00227049\right),\left(0.499278,0.00355429\right),\left(0.599125,0.00512774\right),\left(0.698967,0.00699245\right),\left(0.798803,0.00915002\right),\left(0.898632,0.011602\right),\left(0.998453,0.0143501\right),\left(1.09827,0.0173958\right),\left(1.19807,0.0207408\right),\left(1.29786,0.0243867\right),\left(1.39764,0.0283349\right),\left(1.49741,0.0325872\right),\left(1.59717,0.0371452\right),\left(1.69691,0.0420103\right),\left(1.79664,0.0471843\right),\left(1.89635,0.0526687\right),\left(1.99604,0.058465\right),\left(2.09571,0.0645749\right),\left(2.19536,0.0709999\right),\left(2.295,0.0777417\right),\left(2.39461,0.0848016\right),\left(2.4942,0.0921814\right),\left(2.59376,0.0998826\right),\left(2.6933,0.107907\right),\left(2.79281,0.116255\right),\left(2.8923,0.12493\right),\left(2.99175,0.133932\right),\left(3.09118,0.143263\right),\left(3.19057,0.152924\right),\left(3.28994,0.162918\right),\left(3.38926,0.173245\right),\left(3.48856,0.183907\right),\left(3.58781,0.194905\right),\left(3.68703,0.206242\right),\left(3.78621,0.217917\right),\left(3.88535,0.229934\right),\left(3.98445,0.242292\right),\left(4.0835,0.254995\right),\left(4.18251,0.268042\right),\left(4.28148,0.281435\right),\left(4.38039,0.295177\right),\left(4.47926,0.309267\right),\left(4.57808,0.323708\right),\left(4.67685,0.3385\right),\left(4.77556,0.353645\right),\left(4.87422,0.369145\right),\left(4.97282,0.385\right),\left(5.07137,0.401212\right),\left(5.16985,0.417782\right),\left(5.26828,0.434711\right),\left(5.36664,0.452\right),\left(5.46494,0.469651\right),\left(5.56318,0.487664\right),\left(5.66134,0.506041\right),\left(5.75944,0.524783\right),\left(5.85747,0.543891\right),\left(5.95543,0.563365\right),\left(6.05331,0.583208\right),\left(6.15112,0.603419\right),\left(6.24886,0.624\right),\left(6.34651,0.644952\right),\left(6.44409,0.666275\right),\left(6.54158,0.687971\right),\left(6.63899,0.710041\right),\left(6.73631,0.732484\right),\left(6.83355,0.755302\right),\left(6.9307,0.778496\right),\left(7.02776,0.802067\right),\left(7.12473,0.826014\right),\left(7.22161,0.850339\right),\left(7.31839,0.875043\right),\left(7.41507,0.900125\right),\left(7.51166,0.925587\right),\left(7.60814,0.951428\right),\left(7.70453,0.977651\right),\left(7.80081,1.00425\right),\left(7.89698,1.03124\right),\left(7.99305,1.0586\right),\left(8.08901,1.08635\right),\left(8.18486,1.11448\right),\left(8.28059,1.14299\right),\left(8.37621,1.17189\right),\left(8.47172,1.20117\right),\left(8.56711,1.23083\right),\left(8.66238,1.26087\right),\left(8.75753,1.2913\right),\left(8.85256,1.32211\right),\left(8.94746,1.35331\right),\left(9.04224,1.38488\right),\left(9.13689,1.41684\right),\left(9.23141,1.44919\right),\left(9.3258,1.48191\right),\left(9.42005,1.51502\right),\left(9.51418,1.54851\right),\left(9.60816,1.58238\right),\left(9.70201,1.61664\right),\left(9.79572,1.65127\right),\left(9.88929,1.68628\right),\left(9.98272,1.72168\right),\left(10.076,1.75745\right),\left(10.1691,1.79361\right),\left(10.2621,1.83014\right),\left(10.355,1.86705\right),\left(10.4477,1.90433\right),\left(10.5402,1.94199\right),\left(10.6326,1.98003\right),\left(10.7249,2.01844\right),\left(10.8169,2.05723\right),\left(10.9089,2.09638\right),\left(11.0006,2.13591\right),\left(11.0922,2.17581\right),\left(11.1837,2.21608\right),\left(11.275,2.25672\right),\left(11.3661,2.29773\right),\left(11.4571,2.3391\right),\left(11.5478,2.38083\right),\left(11.6385,2.42293\right),\left(11.7289,2.46539\right),\left(11.8192,2.50822\right),\left(11.9093,2.5514\right),\left(11.9993,2.59494\right),\left(12.0891,2.63883\right),\left(12.1787,2.68309\right),\left(12.2681,2.72769\right),\left(12.3573,2.77265\right),\left(12.4464,2.81795\right),\left(12.5353,2.86361\right),\left(12.624,2.90961\right),\left(12.7126,2.95596\right),\left(12.8009,3.00265\right),\left(12.8891,3.04968\right),\left(12.9771,3.09706\right),\left(13.0649,3.14477\right),\left(13.1526,3.19281\right),\left(13.24,3.24119\right),\left(13.3273,3.2899\right),\left(13.4144,3.33894\right),\left(13.5013,3.38831\right),\left(13.588,3.43801\right),\left(13.6746,3.48803\right),\left(13.7609,3.53837\right),\left(13.8471,3.58903\right),\left(13.933,3.64001\right),\left(14.0188,3.6913\right),\left(14.1044,3.7429\right),\left(14.1898,3.79482\right),\left(14.2751,3.84704\right),\left(14.3601,3.89957\right),\left(14.445,3.95241\right),\left(14.5296,4.00554\right),\left(14.6141,4.05898\right),\left(14.6984,4.11271\right),\left(14.7825,4.16673\right),\left(14.8664,4.22105\right),\left(14.9502,4.27565\right),\left(15.0337,4.33054\right),\left(15.1171,4.38572\right),\left(15.2002,4.44118\right),\left(15.2832,4.49692\right),\left(15.366,4.55293\right),\left(15.4486,4.60922\right),\left(15.5311,4.66578\right),\left(15.6133,4.72261\right),\left(15.6954,4.7797\right),\left(15.7773,4.83706\right),\left(15.859,4.89468\right),\left(15.9405,4.95256\right),\left(16.0218,5.0107\right),\left(16.103,5.06909\right),\left(16.1839,5.12773\right),\left(16.2647,5.18661\right),\left(16.3453,5.24575\right),\left(16.4258,5.30512\right),\left(16.506,5.36474\right),\left(16.5861,5.42459\right),\left(16.666,5.48468\right),\left(16.7458,5.545\right),\left(16.8253,5.60555\right),\left(16.9047,5.66633\right),\left(16.9839,5.72733\right),\left(17.063,5.78855\right),\left(17.1418,5.85\right),\left(17.2206,5.91165\right),\left(17.2991,5.97352\right),\left(17.3775,6.03561\right),\left(17.4557,6.0979\right),\left(17.5337,6.16039\right),\left(17.6116,6.22309\right),\left(17.6893,6.28598\right),\left(17.7669,6.34908\right),\left(17.8443,6.41237\right),\left(17.9216,6.47585\right),\left(17.9987,6.53952\right),\left(18.0756,6.60338\right),\left(18.1524,6.66742\right),\left(18.229,6.73164\right),\left(18.3055,6.79604\right),\left(18.3819,6.86062\right),\left(18.458,6.92537\right),\left(18.5341,6.99029\right),\left(18.61,7.05538\right),\left(18.6858,7.12063\right),\left(18.7614,7.18605\right),\left(18.8369,7.25163\right),\left(18.9122,7.31736\right),\left(18.9874,7.38325\right),\left(19.0625,7.44929\right),\left(19.1375,7.51549\right),\left(19.2123,7.58183\right),\left(19.287,7.64831\right),\left(19.3615,7.71493\right),\left(19.436,7.7817\right),\left(19.5103,7.8486\right),\left(19.5845,7.91564\right),\left(19.6586,7.98281\right),\left(19.7325,8.05011\right),\left(19.8064,8.11753\right),\left(19.8801,8.18508\right),\left(19.9537,8.25275\right),\left(20.0272,8.32054\right),\left(20.1007,8.38845\right),\left(20.1739,8.45647\right),\left(20.2471,8.5246\right),\left(20.3202,8.59284\right),\left(20.3932,8.66119\right),\left(20.4661,8.72965\right),\left(20.5389,8.7982\right),\left(20.6116,8.86686\right),\left(20.6842,8.93561\right),\left(20.7568,9.00445\right),\left(20.8292,9.07339\right),\left(20.9016,9.14242\right),\left(20.9738,9.21154\right),\left(21.046,9.28074\right),\left(21.1181,9.35002\right),\left(21.1901,9.41939\right),\left(21.2621,9.48883\right),\left(21.334,9.55835\right),\left(21.4058,9.62794\right),\left(21.4775,9.6976\right),\left(21.5492,9.76733\right),\left(21.6208,9.83712\right),\left(21.6924,9.90698\right),\left(21.7639,9.9769\right),\left(21.8353,10.0469\right),\left(21.9067,10.1169\right),\left(21.978,10.187\right),\left(22.0493,10.2572\right),\left(22.1205,10.3273\right),\left(22.1917,10.3976\right),\left(22.2628,10.4679\right),\left(22.3339,10.5382\right),\left(22.405,10.6086\right),\left(22.476,10.679\right),\left(22.5469,10.7494\right),\left(22.6179,10.8199\right),\left(22.6888,10.8904\right),\left(22.7597,10.9609\right),\left(22.8305,11.0315\right),\left(22.9014,11.1021\right),\left(22.9722,11.1727\right),\left(23.043,11.2433\right),\left(23.1137,11.314\right),\left(23.1845,11.3847\right),\left(23.2552,11.4553\right),\left(23.326,11.526\right),\left(23.3967,11.5967\right),\left(23.4674,11.6674\right),\left(23.5381,11.7381\right),\left(23.6088,11.8088\right),\left(23.6796,11.8796\right),\left(23.7503,11.9503\right),\left(23.821,12.021\right),\left(23.8917,12.0917\right),\left(23.9624,12.1623\right),\left(24.0332,12.233\right),\left(24.104,12.3037\right),\left(24.1747,12.3743\right),\left(24.2455,12.445\right),\left(24.3163,12.5156\right),\left(24.3872,12.5861\right),\left(24.458,12.6567\right),\left(24.5289,12.7272\right),\left(24.5998,12.7977\right),\left(24.6708,12.8682\right),\left(24.7418,12.9386\right),\left(24.8128,13.009\right),\left(24.8839,13.0794\right),\left(24.955,13.1497\right),\left(25.0261,13.22\right),\left(25.0973,13.2902\right),\left(25.1685,13.3604\right),\left(25.2398,13.4305\right),\left(25.3112,13.5006\right),\left(25.3826,13.5706\right),\left(25.454,13.6406\right),\left(25.5255,13.7105\right),\left(25.5971,13.7803\right),\left(25.6687,13.8501\right),\left(25.7404,13.9198\right),\left(25.8122,13.9895\right),\left(25.884,14.0591\right),\left(25.9559,14.1286\right),\left(26.0279,14.198\right),\left(26.0999,14.2673\right),\left(26.1721,14.3366\right),\left(26.2443,14.4058\right),\left(26.3166,14.4749\right),\left(26.3889,14.5439\right),\left(26.4614,14.6128\right),\left(26.5339,14.6816\right),\left(26.6066,14.7504\right),\left(26.6793,14.819\right),\left(26.7521,14.8875\right),\left(26.8251,14.956\right),\left(26.8981,15.0243\right),\left(26.9712,15.0925\right),\left(27.0444,15.1606\right),\left(27.1178,15.2286\right),\left(27.1912,15.2965\right),\left(27.2647,15.3642\right),\left(27.3384,15.4319\right),\left(27.4122,15.4994\right),\left(27.486,15.5668\right),\left(27.56,15.6341\right),\left(27.6341,15.7012\right),\left(27.7084,15.7682\right),\left(27.7827,15.8351\right),\left(27.8572,15.9018\right),\left(27.9318,15.9684\right),\left(28.0065,16.0349\right),\left(28.0814,16.1012\right),\left(28.1564,16.1674\right),\left(28.2315,16.2334\right),\left(28.3068,16.2992\right),\left(28.3822,16.365\right),\left(28.4577,16.4305\right),\left(28.5334,16.4959\right),\left(28.6092,16.5611\right),\left(28.6851,16.6262\right),\left(28.7612,16.6911\right),\left(28.8375,16.7558\right),\left(28.9139,16.8203\right),\left(28.9904,16.8847\right),\left(29.0671,16.9489\right),\left(29.144,17.0129\right),\left(29.221,17.0767\right),\left(29.2981,17.1404\right),\left(29.3754,17.2038\right),\left(29.4529,17.2671\right),\left(29.5305,17.3301\right),\left(29.6083,17.393\right),\left(29.6863,17.4556\right),\left(29.7644,17.5181\right),\left(29.8426,17.5804\right),\left(29.9211,17.6424\right),\left(29.9997,17.7042\right),\left(30.0785,17.7659\right),\left(30.1574,17.8273\right),\left(30.2365,17.8885\right),\left(30.3158,17.9494\right),\left(30.3953,18.0102\right),\left(30.4749,18.0707\right),\left(30.5547,18.131\right),\left(30.6347,18.191\right),\left(30.7149,18.2508\right),\left(30.7952,18.3104\right),\left(30.8757,18.3698\right),\left(30.9564,18.4289\right),\left(31.0373,18.4877\right),\left(31.1184,18.5463\right),\left(31.1996,18.6047\right),\left(31.281,18.6628\right),\left(31.3627,18.7206\right),\left(31.4444,18.7782\right),\left(31.5264,18.8355\right),\left(31.6086,18.8926\right),\left(31.6909,18.9494\right),\left(31.7735,19.0059\right),\left(31.8562,19.0621\right),\left(31.9391,19.1181\right),\left(32.0222,19.1738\right),\left(32.1055,19.2292\right),\left(32.1889,19.2844\right),\left(32.2726,19.3392\right),\left(32.3564,19.3938\right),\left(32.4405,19.4481\right),\left(32.5247,19.5021\right),\left(32.6091,19.5557\right),\left(32.6937,19.6091\right),\left(32.7785,19.6622\right),\left(32.8634,19.715\right),\left(32.9486,19.7675\right),\left(33.034,19.8197\right),\left(33.1195,19.8716\right),\left(33.2052,19.9231\right),\left(33.2912,19.9744\right),\left(33.3773,20.0253\right),\left(33.4636,20.0759\right),\left(33.5501,20.1262\right),\left(33.6367,20.1762\right),\left(33.7236,20.2259\right),\left(33.8106,20.2752\right),\left(33.8979,20.3242\right),\left(33.9853,20.3729\right),\left(34.0729,20.4212\right),\left(34.1607,20.4692\right),\left(34.2487,20.5169\right),\left(34.3368,20.5642\right),\left(34.4252,20.6112\right),\left(34.5137,20.6578\right),\left(34.6024,20.7041\right),\left(34.6913,20.7501\right),\left(34.7803,20.7957\right),\left(34.8696,20.841\right),\left(34.959,20.8859\right),\left(35.0486,20.9304\right),\left(35.1384,20.9746\right),\left(35.2283,21.0185\right),\left(35.3184,21.062\right),\left(35.4087,21.1051\right),\left(35.4992,21.1479\right),\left(35.5899,21.1903\right),\left(35.6807,21.2323\right),\left(35.7717,21.274\right),\left(35.8628,21.3153\right),\left(35.9541,21.3563\right),\left(36.0456,21.3969\right),\left(36.1372,21.4371\right),\left(36.229,21.4769\right),\left(36.321,21.5164\right),\left(36.4131,21.5555\right),\left(36.5054,21.5942\right),\left(36.5979,21.6326\right),\left(36.6905,21.6705\right),\left(36.7832,21.7081\right),\left(36.8761,21.7454\right),\left(36.9692,21.7822\right),\left(37.0624,21.8187\right),\left(37.1558,21.8548\right),\left(37.2493,21.8905\right),\left(37.3429,21.9258\right),\left(37.4367,21.9608\right),\left(37.5306,21.9953\right),\left(37.6247,22.0295\right),\left(37.7189,22.0633\right),\left(37.8133,22.0967\right),\left(37.9078,22.1298\right),\left(38.0024,22.1624\right),\left(38.0971,22.1947\right),\left(38.192,22.2266\right),\left(38.287,22.2581\right),\left(38.3822,22.2892\right),\left(38.4775,22.3199\right),\left(38.5728,22.3503\right),\left(38.6684,22.3803\right),\left(38.764,22.4098\right),\left(38.8598,22.439\right),\left(38.9556,22.4678\right),\left(39.0516,22.4963\right),\left(39.1477,22.5243\right),\left(39.2439,22.552\right),\left(39.3402,22.5793\right),\left(39.4367,22.6062\right),\left(39.5332,22.6327\right),\left(39.6299,22.6588\right),\left(39.7266,22.6845\right),\left(39.8234,22.7099\right),\left(39.9204,22.7349\right),\left(40.0174,22.7595\right),\left(40.1146,22.7837\right),\left(40.2118,22.8076\right),\left(40.3091,22.8311\right),\left(40.4066,22.8542\right),\left(40.5041,22.8769\right),\left(40.6017,22.8992\right),\left(40.6994,22.9212\right),\left(40.7971,22.9428\right),\left(40.895,22.964\right),\left(40.9929,22.9848\right),\left(41.0909,23.0053\right),\left(41.189,23.0254\right),\left(41.2872,23.0451\right),\left(41.3854,23.0645\right),\left(41.4837,23.0835\right),\left(41.5821,23.1021\right),\left(41.6805,23.1204\right),\left(41.779,23.1383\right),\left(41.8776,23.1558\right),\left(41.9763,23.173\right),\left(42.075,23.1898\right),\left(42.1738,23.2063\right),\left(42.2726,23.2223\right),\left(42.3715,23.2381\right),\left(42.4704,23.2535\right),\left(42.5694,23.2685\right),\left(42.6685,23.2831\right),\left(42.7676,23.2975\right),\left(42.8667,23.3114\right),\left(42.9659,23.325\right),\left(43.0652,23.3383\right),\left(43.1645,23.3512\right),\left(43.2638,23.3638\right),\left(43.3632,23.376\right),\left(43.4626,23.3879\right),\left(43.5621,23.3994\right),\left(43.6616,23.4106\right),\left(43.7612,23.4215\right),\left(43.8607,23.432\right),\left(43.9604,23.4422\right),\left(44.06,23.452\right),\left(44.1597,23.4616\right),\left(44.2594,23.4707\right),\left(44.3592,23.4796\right),\left(44.4589,23.4881\right),\left(44.5587,23.4963\right),\left(44.6586,23.5042\right),\left(44.7584,23.5118\right),\left(44.8583,23.519\right),\left(44.9582,23.5259\right),\left(45.0581,23.5325\right),\left(45.1581,23.5388\right),\left(45.258,23.5447\right),\left(45.358,23.5504\right),\left(45.458,23.5557\right),\left(45.558,23.5607\right),\left(45.658,23.5654\right),\left(45.7581,23.5698\right),\left(45.8581,23.5739\right),\left(45.9582,23.5777\right),\left(46.0583,23.5812\right),\left(46.1584,23.5844\right),\left(46.2585,23.5873\right),\left(46.3586,23.5898\right),\left(46.4587,23.5921\right),\left(46.5588,23.5941\right),\left(46.659,23.5958\right),\left(46.7591,23.5972\right),\left(46.8592,23.5983\right),\left(46.9594,23.5992\right),\left(47.0595,23.5997\right),\left(47.1596,23.6\right),\left(47.2,23.6\right),\right]
l_{headings}=\left[0,0.00282884,0.00567364,0.00853444,0.0114113,0.0143042,0.0172132,0.0201384,0.0230798,0.0260374,0.0290112,0.0320013,0.0350077,0.0380304,0.0410694,0.0441248,0.0471965,0.0502846,0.0533891,0.0565099,0.0596471,0.0628007,0.0659706,0.069157,0.0723596,0.0755787,0.078814,0.0820656,0.0853335,0.0886176,0.0919179,0.0952344,0.0985671,0.101916,0.105281,0.108661,0.112058,0.11547,0.118899,0.122343,0.125802,0.129278,0.132768,0.136275,0.139796,0.143333,0.146884,0.150451,0.154033,0.157629,0.16124,0.164865,0.168505,0.172159,0.175827,0.179509,0.183205,0.186915,0.190638,0.194374,0.198123,0.201885,0.20566,0.209447,0.213247,0.217059,0.220882,0.224717,0.228564,0.232422,0.236291,0.240171,0.244061,0.247961,0.251871,0.255791,0.25972,0.263659,0.267606,0.271562,0.275526,0.279498,0.283478,0.287465,0.29146,0.29546,0.299468,0.303481,0.3075,0.311524,0.315554,0.319588,0.323626,0.327668,0.331714,0.335763,0.339815,0.34387,0.347926,0.351984,0.356044,0.360104,0.364165,0.368226,0.372287,0.376347,0.380405,0.384463,0.388518,0.392571,0.396622,0.400669,0.404712,0.408752,0.412787,0.416817,0.420842,0.424861,0.428874,0.432881,0.43688,0.440872,0.444856,0.448832,0.452799,0.456757,0.460706,0.464645,0.468573,0.47249,0.476396,0.480291,0.484173,0.488043,0.4919,0.495744,0.499574,0.50339,0.507191,0.510978,0.514749,0.518505,0.522244,0.525968,0.529674,0.533363,0.537035,0.540689,0.544324,0.547941,0.551539,0.555117,0.558676,0.562215,0.565734,0.569232,0.572709,0.576164,0.579598,0.58301,0.5864,0.589767,0.593112,0.596433,0.599731,0.603006,0.606256,0.609483,0.612684,0.615862,0.619014,0.622141,0.625242,0.628318,0.631368,0.634392,0.63739,0.640361,0.643305,0.646223,0.649113,0.651976,0.654812,0.65762,0.660399,0.663151,0.665875,0.66857,0.671237,0.673876,0.676485,0.679066,0.681617,0.684139,0.686632,0.689096,0.69153,0.693934,0.696308,0.698653,0.700967,0.703251,0.705505,0.707729,0.709923,0.712086,0.714218,0.71632,0.718391,0.720431,0.722441,0.72442,0.726367,0.728284,0.730169,0.732024,0.733847,0.735639,0.7374,0.739129,0.740827,0.742494,0.744129,0.745732,0.747304,0.748845,0.750354,0.751832,0.753277,0.754691,0.756074,0.757425,0.758744,0.760031,0.761287,0.76251,0.763702,0.764863,0.765991,0.767088,0.768152,0.769185,0.770186,0.771156,0.772093,0.772998,0.773872,0.774714,0.775523,0.776301,0.777047,0.777762,0.778444,0.779094,0.779712,0.780299,0.780853,0.781376,0.781867,0.782326,0.782753,0.783148,0.783511,0.783842,0.784141,0.784408,0.784644,0.784847,0.785019,0.785159,0.785266,0.785342,0.785386,0.785398,0.785378,0.785326,0.785242,0.785127,0.784979,0.784799,0.784588,0.784345,0.784069,0.783762,0.783423,0.783052,0.782649,0.782214,0.781747,0.781248,0.780718,0.780155,0.779561,0.778934,0.778276,0.777586,0.776864,0.77611,0.775324,0.774506,0.773656,0.772775,0.771861,0.770916,0.769939,0.76893,0.767889,0.766816,0.765712,0.764575,0.763407,0.762207,0.760975,0.759712,0.758416,0.757089,0.75573,0.75434,0.752918,0.751464,0.749979,0.748462,0.746913,0.745333,0.743721,0.742078,0.740403,0.738697,0.73696,0.735191,0.733391,0.73156,0.729698,0.727804,0.725879,0.723924,0.721937,0.719919,0.717871,0.715792,0.713682,0.711541,0.70937,0.707169,0.704937,0.702675,0.700382,0.69806,0.695707,0.693325,0.690912,0.68847,0.685999,0.683498,0.680967,0.678408,0.675819,0.673201,0.670555,0.66788,0.665176,0.662444,0.659684,0.656896,0.65408,0.651236,0.648365,0.645467,0.642541,0.639588,0.636609,0.633603,0.630571,0.627512,0.624428,0.621318,0.618183,0.615022,0.611837,0.608627,0.605392,0.602133,0.59885,0.595544,0.592214,0.588861,0.585485,0.582087,0.578667,0.575224,0.57176,0.568275,0.564768,0.561241,0.557694,0.554127,0.55054,0.546933,0.543308,0.539664,0.536002,0.532322,0.528624,0.524909,0.521178,0.51743,0.513665,0.509886,0.506091,0.502281,0.498456,0.494618,0.490766,0.4869,0.483022,0.479131,0.475228,0.471314,0.467388,0.463452,0.459505,0.455548,0.451582,0.447606,0.443622,0.43963,0.43563,0.431622,0.427608,0.423586,0.419559,0.415526,0.411488,0.407445,0.403398,0.399347,0.395291,0.391233,0.387173,0.38311,0.379045,0.374978,0.370911,0.366843,0.362774,0.358706,0.354638,0.350572,0.346506,0.342443,0.338381,0.334322,0.330266,0.326214,0.322165,0.31812,0.314079,0.310043,0.306012,0.301987,0.297967,0.293954,0.289947,0.285947,0.281954,0.277968,0.27399,0.27002,0.266059,0.262106,0.258162,0.254227,0.250302,0.246387,0.242482,0.238587,0.234702,0.230828,0.226966,0.223114,0.219275,0.215447,0.211631,0.207827,0.204035,0.200257,0.196491,0.192738,0.188998,0.185271,0.181559,0.177859,0.174174,0.170503,0.166846,0.163203,0.159575,0.155961,0.152362,0.148778,0.145209,0.141655,0.138116,0.134593,0.131085,0.127592,0.124115,0.120653,0.117208,0.113778,0.110364,0.106966,0.103584,0.100218,0.0968685,0.0935351,0.0902178,0.0869167,0.0836319,0.0803635,0.0771116,0.0738757,0.0706565,0.0674537,0.0642672,0.0610972,0.0579437,0.0548066,0.0516861,0.048582,0.0454942,0.0424229,0.0393682,0.0363298,0.0333079,0.030302,0.0273129,0.0243399,0.0213833,0.018443,0.0155189,0.0126111,0.00971939,0.00684385,0.0039844,0.00114108,6.28319,\right]
running path!
lin/ang/drive_left/drive_right/tv_l/tv_r/av_l/av_r/x/y/theta/tx/ty/ttheta: 0.39305 0.67269 0.00000 0.00000 1.00000 1.00000 0.00017 -0.00033 0.00000 -0.00001 -0.00030 0.99845 0.01435 1.66222
lin/ang/drive_left/drive_right/tv_l/tv_r/av_l/av_r/x/y/theta/tx/ty/ttheta: 0.39305 0.67299 0.03955 0.06592 0.40405 0.59982 0.16561 0.21044 0.00001 -0.00006 -0.00141 0.99845 0.01435 1.66222
lin/ang/drive_left/drive_right/tv_l/tv_r/av_l/av_r/x/y/theta/tx/ty/ttheta: 0.39305 0.67267 0.56276 0.59950 0.11306 0.28525 0.37917 0.50717 0.00000 -0.00001 -0.00022 0.99845 0.01435 1.66222
lin/ang/drive_left/drive_right/tv_l/tv_r/av_l/av_r/x/y/theta/tx/ty/ttheta: 0.39305 0.67340 0.29068 0.35443 0.18961 0.35559 0.20156 0.35506 0.00003 -0.00013 -0.00292 0.99845 0.01435 1.66222
lin/ang/drive_left/drive_right/tv_l/tv_r/av_l/av_r/x/y/theta/tx/ty/ttheta: 0.39306 0.66950 0.13334 0.21006 0.29598 0.45327 0.16342 0.33092 -0.00010 0.00053 0.01162 0.99845 0.01435 1.66222
lin/ang/drive_left/drive_right/tv_l/tv_r/av_l/av_r/x/y/theta/tx/ty/ttheta: 0.40494 0.67824 0.16446 0.22800 0.36399 0.55777 0.24108 0.40022 0.12362 0.00863 0.18768 1.09827 0.01740 1.83354
lin/ang/drive_left/drive_right/tv_l/tv_r/av_l/av_r/x/y/theta/tx/ty/ttheta: 0.41807 0.67011 0.19364 0.30278 0.39158 0.55093 0.31314 0.47842 0.22679 0.01980 0.42424 1.19807 0.02074 2.00579
lin/ang/drive_left/drive_right/tv_l/tv_r/av_l/av_r/x/y/theta/tx/ty/ttheta: 0.44789 0.73040 0.32785 0.46249 0.38279 0.63378 0.36139 0.52458 0.37739 0.02007 0.66989 1.39764 0.02833 2.35310
lin/ang/drive_left/drive_right/tv_l/tv_r/av_l/av_r/x/y/theta/tx/ty/ttheta: 0.46750 0.81239 0.39268 0.52797 0.26007 0.59120 0.36414 0.54772 0.61552 0.01250 0.87362 1.59717 0.03715 2.70416
lin/ang/drive_left/drive_right/tv_l/tv_r/av_l/av_r/x/y/theta/tx/ty/ttheta: 0.49966 0.94708 0.37042 0.51025 0.30017 0.73974 0.28353 0.54053 0.91309 0.00620 1.09968 1.89635 0.05267 3.23778
lin/ang/drive_left/drive_right/tv_l/tv_r/av_l/av_r/x/y/theta/tx/ty/ttheta: 0.52740 1.06987 0.37302 0.60858 0.30035 0.71894 0.28336 0.60161 1.22824 -0.00207 1.41492 2.19536 0.07100 3.77984
lin/ang/drive_left/drive_right/tv_l/tv_r/av_l/av_r/x/y/theta/tx/ty/ttheta: 0.56914 1.24419 0.45298 0.59129 0.30916 0.89031 0.29364 0.53300 1.56259 -0.02199 1.85744 2.59376 0.09988 4.51571
lin/ang/drive_left/drive_right/tv_l/tv_r/av_l/av_r/x/y/theta/tx/ty/ttheta: 0.60236 1.37834 0.49534 0.72809 0.27980 0.82437 0.29431 0.56517 1.95379 -0.02310 2.41049 2.99175 0.13393 5.26651
lin/ang/drive_left/drive_right/tv_l/tv_r/av_l/av_r/x/y/theta/tx/ty/ttheta: 0.63006 1.50095 0.42078 0.63127 0.30336 0.88481 0.27769 0.44250 2.37637 -0.01061 2.97956 3.38926 0.17324 6.03213
lin/ang/drive_left/drive_right/tv_l/tv_r/av_l/av_r/x/y/theta/tx/ty/ttheta: 0.65269 1.58264 0.54699 0.80049 0.25820 0.80908 0.28747 0.59256 2.82883 0.03062 3.61080 3.78621 0.21792 6.81240
lin/ang/drive_left/drive_right/tv_l/tv_r/av_l/av_r/x/y/theta/tx/ty/ttheta: 0.68754 1.71842 0.54807 0.71988 0.27799 0.98791 0.26950 0.47467 3.29869 0.07777 4.30191 4.28148 0.28144 7.80796
lin/ang/drive_left/drive_right/tv_l/tv_r/av_l/av_r/x/y/theta/tx/ty/ttheta: 0.71843 1.85315 0.45795 0.84263 0.32024 0.97720 0.26353 0.59239 3.78634 0.12248 5.08310 4.77556 0.35365 8.82542
lin/ang/drive_left/drive_right/tv_l/tv_r/av_l/av_r/x/y/theta/tx/ty/ttheta: 0.74396 1.97702 0.61571 0.72939 0.24258 1.00000 0.31006 0.46133 4.30873 0.18358 5.89989 5.26828 0.43471 9.86400
lin/ang/drive_left/drive_right/tv_l/tv_r/av_l/av_r/x/y/theta/tx/ty/ttheta: 0.76941 2.07084 0.55217 0.97727 0.28220 0.96114 0.25733 0.63806 4.81358 0.25463 6.84449 5.75944 0.52478 10.92273
lin/ang/drive_left/drive_right/tv_l/tv_r/av_l/av_r/x/y/theta/tx/ty/ttheta: 0.75945 2.08249 0.46465 0.78385 0.21529 0.83012 0.28111 0.47517 5.31895 0.35421 7.78328 6.24886 0.62400 12.00044
lin/ang/drive_left/drive_right/tv_l/tv_r/av_l/av_r/x/y/theta/tx/ty/ttheta: 0.74813 2.11375 0.59000 0.89666 0.12917 0.80488 0.23631 0.59647 5.82375 0.44344 8.75049 6.73631 0.73248 13.09576
lin/ang/drive_left/drive_right/tv_l/tv_r/av_l/av_r/x/y/theta/tx/ty/ttheta: 0.74362 2.25658 0.49209 1.02136 0.10240 0.86036 0.16872 0.65533 6.43154 0.56428 9.72712 7.41507 0.90012 14.65575
lin/ang/drive_left/drive_right/tv_l/tv_r/av_l/av_r/x/y/theta/tx/ty/ttheta: 0.73357 2.25669 0.31185 0.95609 0.27486 0.76309 0.12339 0.68889 6.94718 0.70119 10.73171 7.89698 1.03124 15.78650
lin/ang/drive_left/drive_right/tv_l/tv_r/av_l/av_r/x/y/theta/tx/ty/ttheta: 0.72822 2.30149 0.56190 0.91503 0.15818 0.84292 0.23047 0.57219 7.51451 0.85140 11.86422 8.47172 1.20117 17.15824
lin/ang/drive_left/drive_right/tv_l/tv_r/av_l/av_r/x/y/theta/tx/ty/ttheta: 0.72232 2.31514 0.58697 1.09938 0.12326 0.49875 0.19678 0.69386 8.11144 0.99424 13.30733 9.04224 1.38488 18.54241
lin/ang/drive_left/drive_right/tv_l/tv_r/av_l/av_r/x/y/theta/tx/ty/ttheta: 0.71989 2.25349 0.42251 0.92951 0.24783 0.52203 0.15178 0.58483 8.68549 1.17155 14.94593 9.60816 1.58238 19.93471
lin/ang/drive_left/drive_right/tv_l/tv_r/av_l/av_r/x/y/theta/tx/ty/ttheta: 0.72312 2.13335 0.54828 0.99089 0.27180 0.48628 0.21183 0.51350 9.21543 1.36724 16.75151 10.16915 1.79361 21.33046
lin/ang/drive_left/drive_right/tv_l/tv_r/av_l/av_r/x/y/theta/tx/ty/ttheta: 0.72103 1.96615 0.59561 0.98657 0.25466 0.40313 0.25614 0.48661 9.72132 1.55375 18.58990 10.63262 1.98003 22.49268
lin/ang/drive_left/drive_right/tv_l/tv_r/av_l/av_r/x/y/theta/tx/ty/ttheta: 0.72189 1.88878 0.50139 0.95847 0.26020 0.47344 0.25597 0.43222 10.31471 1.77339 20.35137 11.18369 2.21608 23.88186
lin/ang/drive_left/drive_right/tv_l/tv_r/av_l/av_r/x/y/theta/tx/ty/ttheta: 0.73533 1.81708 0.61053 0.94464 0.28077 0.54804 0.26092 0.44592 10.89007 2.05678 22.03131 11.81922 2.50822 25.48839
lin/ang/drive_left/drive_right/tv_l/tv_r/av_l/av_r/x/y/theta/tx/ty/ttheta: 0.74512 1.72458 0.60642 0.93816 0.28456 0.52393 0.27189 0.50597 11.41443 2.34484 23.49578 12.35734 2.77265 26.84723
lin/ang/drive_left/drive_right/tv_l/tv_r/av_l/av_r/x/y/theta/tx/ty/ttheta: 0.75206 1.61715 0.51695 0.90531 0.40029 0.51504 0.27603 0.51231 11.87653 2.61102 24.81755 12.80094 3.00265 27.96280
lin/ang/drive_left/drive_right/tv_l/tv_r/av_l/av_r/x/y/theta/tx/ty/ttheta: 0.76067 1.53170 0.70432 0.91049 0.33110 0.53804 0.34992 0.50031 12.33919 2.88230 26.06909 13.24004 3.24119 29.05992
lin/ang/drive_left/drive_right/tv_l/tv_r/av_l/av_r/x/y/theta/tx/ty/ttheta: 0.78802 1.55829 0.66499 0.94659 0.36597 0.70923 0.34583 0.51436 12.87629 3.20862 27.25520 13.84706 3.58903 30.55947
lin/ang/drive_left/drive_right/tv_l/tv_r/av_l/av_r/x/y/theta/tx/ty/ttheta: 0.80891 1.54821 0.78342 1.04838 0.31369 0.60658 0.34531 0.62131 13.38845 3.53253 28.36845 14.36012 3.89957 31.80588
lin/ang/drive_left/drive_right/tv_l/tv_r/av_l/av_r/x/y/theta/tx/ty/ttheta: 0.82334 1.47569 0.57249 1.00234 0.45870 0.55696 0.32336 0.61669 13.86039 3.84861 29.49556 14.78252 4.16673 32.81378
lin/ang/drive_left/drive_right/tv_l/tv_r/av_l/av_r/x/y/theta/tx/ty/ttheta: 0.86211 1.47837 0.75619 0.95912 0.48359 0.78165 0.39900 0.55594 14.38944 4.22523 30.63802 15.36603 4.55293 34.17311
lin/ang/drive_left/drive_right/tv_l/tv_r/av_l/av_r/x/y/theta/tx/ty/ttheta: 0.88875 1.42109 0.69935 1.14131 0.51356 0.61928 0.44589 0.69181 14.90467 4.59883 31.80027 15.85896 4.89468 35.28627
lin/ang/drive_left/drive_right/tv_l/tv_r/av_l/av_r/x/y/theta/tx/ty/ttheta: 0.92902 1.42346 0.79120 0.99824 0.53316 0.81499 0.48219 0.62383 15.42708 4.98364 32.87318 16.42577 5.30512 36.51975
lin/ang/drive_left/drive_right/tv_l/tv_r/av_l/av_r/x/y/theta/tx/ty/ttheta: 0.95632 1.37679 0.83312 1.12164 0.50840 0.70345 0.50117 0.72569 15.93384 5.36958 33.89351 16.90470 5.66633 37.51794
lin/ang/drive_left/drive_right/tv_l/tv_r/av_l/av_r/x/y/theta/tx/ty/ttheta: 0.99683 1.52388 0.88283 1.06999 0.44311 0.96678 0.49328 0.67400 16.51623 5.68949 34.81380 17.45568 6.09790 38.61023
lin/ang/drive_left/drive_right/tv_l/tv_r/av_l/av_r/x/y/theta/tx/ty/ttheta: 1.04427 1.50359 0.66866 1.20830 0.73190 0.88585 0.43972 0.77700 17.09524 6.18998 35.71253 18.07560 6.60338 39.75947
lin/ang/drive_left/drive_right/tv_l/tv_r/av_l/av_r/x/y/theta/tx/ty/ttheta: 1.08376 1.43262 1.02179 0.88478 0.61790 0.99592 0.59922 0.47361 17.62653 6.66077 36.60228 18.61000 7.05538 40.67558
lin/ang/drive_left/drive_right/tv_l/tv_r/av_l/av_r/x/y/theta/tx/ty/ttheta: 1.12305 1.36137 0.80481 1.11127 0.74897 0.97614 0.60589 0.66833 18.18461 7.13764 37.50937 19.13747 7.51549 41.50618
lin/ang/drive_left/drive_right/tv_l/tv_r/av_l/av_r/x/y/theta/tx/ty/ttheta: 1.18197 1.36135 1.10305 1.28113 0.71414 1.00000 0.66064 0.60572 18.74095 7.61127 38.20488 19.73254 8.05011 42.34897
lin/ang/drive_left/drive_right/tv_l/tv_r/av_l/av_r/x/y/theta/tx/ty/ttheta: 1.23619 1.35712 1.11624 1.26968 0.71731 1.00000 0.64953 0.79156 19.35955 8.17617 38.67382 20.32023 8.59284 43.07677
lin/ang/drive_left/drive_right/tv_l/tv_r/av_l/av_r/x/y/theta/tx/ty/ttheta: 1.29966 1.31288 1.01207 1.34489 0.90228 1.00000 0.68975 0.88308 19.93747 8.75851 39.02094 20.90155 9.14242 43.68863
lin/ang/drive_left/drive_right/tv_l/tv_r/av_l/av_r/x/y/theta/tx/ty/ttheta: 1.37499 1.31844 1.22105 1.32284 0.90793 1.00000 0.72142 0.88819 20.59444 9.34216 39.36934 21.54922 9.76733 44.23766
lin/ang/drive_left/drive_right/tv_l/tv_r/av_l/av_r/x/y/theta/tx/ty/ttheta: 1.44109 1.25456 1.33797 1.34813 0.90165 1.00000 0.84339 0.86700 21.22461 9.90181 39.79055 22.19168 10.39759 44.63880
lin/ang/drive_left/drive_right/tv_l/tv_r/av_l/av_r/x/y/theta/tx/ty/ttheta: 1.48640 1.11783 1.38076 1.41707 0.88309 1.00000 0.86853 0.87694 21.92869 10.55659 40.17068 22.83054 11.03151 44.89186
lin/ang/drive_left/drive_right/tv_l/tv_r/av_l/av_r/x/y/theta/tx/ty/ttheta: 1.47290 0.97546 1.26838 1.48255 0.70836 0.78004 0.67383 0.91250 22.64597 11.19745 40.40442 23.53813 11.73813 44.99930
lin/ang/drive_left/drive_right/tv_l/tv_r/av_l/av_r/x/y/theta/tx/ty/ttheta: 1.42452 0.79058 1.22235 1.34337 0.60482 0.59477 0.70583 0.73867 23.38784 11.87879 40.55179 24.24552 12.44495 44.92386
lin/ang/drive_left/drive_right/tv_l/tv_r/av_l/av_r/x/y/theta/tx/ty/ttheta: 1.37197 0.54305 1.17891 1.34402 0.63828 0.46577 0.63142 0.63072 24.15441 12.58392 40.78399 24.95497 13.14971 44.66554
lin/ang/drive_left/drive_right/tv_l/tv_r/av_l/av_r/x/y/theta/tx/ty/ttheta: 1.31674 0.28929 1.34359 1.27897 0.50880 0.39339 0.61925 0.52564 24.98619 13.31244 40.94805 25.74040 13.91984 44.17023
lin/ang/drive_left/drive_right/tv_l/tv_r/av_l/av_r/x/y/theta/tx/ty/ttheta: 1.26479 -0.00391 1.32371 1.13698 0.51704 0.37264 0.55011 0.45158 25.77489 14.01474 41.03275 26.53394 14.68163 43.45405
lin/ang/drive_left/drive_right/tv_l/tv_r/av_l/av_r/x/y/theta/tx/ty/ttheta: 1.21270 -0.30942 1.24115 1.10997 0.55513 0.30131 0.51625 0.40431 26.51174 14.68455 41.03445 27.26473 15.36424 42.61209
lin/ang/drive_left/drive_right/tv_l/tv_r/av_l/av_r/x/y/theta/tx/ty/ttheta: 1.15414 -0.67031 1.25131 1.08901 0.55261 0.04061 0.54003 0.38072 27.32349 15.40863 40.99269 28.08141 16.10121 41.47778
lin/ang/drive_left/drive_right/tv_l/tv_r/av_l/av_r/x/y/theta/tx/ty/ttheta: 1.09623 -1.01610 1.15579 0.99370 0.59353 -0.00851 0.54703 0.20500 28.08070 16.08521 40.84051 28.83750 16.75578 40.26029
lin/ang/drive_left/drive_right/tv_l/tv_r/av_l/av_r/x/y/theta/tx/ty/ttheta: 1.03303 -1.32162 1.31074 0.92714 0.45726 -0.07913 0.57544 0.26264 28.87687 16.76124 40.49785 29.60831 17.39298 38.86991
lin/ang/drive_left/drive_right/tv_l/tv_r/av_l/av_r/x/y/theta/tx/ty/ttheta: 0.97399 -1.58864 1.27638 0.80611 0.42791 -0.07285 0.50886 0.07325 29.61660 17.38521 39.84997 30.39529 18.01017 37.31310
lin/ang/drive_left/drive_right/tv_l/tv_r/av_l/av_r/x/y/theta/tx/ty/ttheta: 0.91135 -1.74464 1.16875 0.56990 0.35913 0.03809 0.44761 -0.04894 30.34917 17.96906 38.92294 31.11839 18.54631 35.77710
lin/ang/drive_left/drive_right/tv_l/tv_r/av_l/av_r/x/y/theta/tx/ty/ttheta: 0.85929 -1.82848 0.93319 0.60858 0.46086 0.07174 0.40467 0.03303 31.04476 18.49645 37.62566 31.85618 19.06213 34.12216
lin/ang/drive_left/drive_right/tv_l/tv_r/av_l/av_r/x/y/theta/tx/ty/ttheta: 0.82087 -1.72838 1.04665 0.61096 0.33662 0.21423 0.42658 0.09239 31.70461 18.94187 35.78376 32.52467 19.50205 32.55974
lin/ang/drive_left/drive_right/tv_l/tv_r/av_l/av_r/x/y/theta/tx/ty/ttheta: 0.79296 -1.51354 1.06869 0.57789 0.23432 0.34708 0.40192 0.18053 32.30294 19.31043 33.63133 33.11951 19.87158 31.12926
lin/ang/drive_left/drive_right/tv_l/tv_r/av_l/av_r/x/y/theta/tx/ty/ttheta: 0.77519 -1.45450 0.75295 0.67536 0.48826 0.24328 0.32753 0.29414 32.80787 19.72730 31.45605 33.72360 20.22587 29.64653
lin/ang/drive_left/drive_right/tv_l/tv_r/av_l/av_r/x/y/theta/tx/ty/ttheta: 0.75540 -1.47453 0.97252 0.69200 0.43302 0.13747 0.35489 0.27481 33.28544 20.19412 29.36068 34.24866 20.51687 28.33952
lin/ang/drive_left/drive_right/tv_l/tv_r/av_l/av_r/x/y/theta/tx/ty/ttheta: 0.74438 -1.78745 0.85495 0.57422 0.71050 -0.00674 0.43425 0.18581 33.64956 20.77164 27.51213 34.78033 20.79570 27.00429
lin/ang/drive_left/drive_right/tv_l/tv_r/av_l/av_r/x/y/theta/tx/ty/ttheta: 0.73938 -1.93436 1.17351 0.43374 0.50173 0.19168 0.58450 0.13894 34.07701 21.18459 25.87477 35.31845 21.06196 25.64596
lin/ang/drive_left/drive_right/tv_l/tv_r/av_l/av_r/x/y/theta/tx/ty/ttheta: 0.72747 -2.03275 0.96841 0.41753 0.51906 0.18888 0.55081 0.17797 34.54092 21.56270 24.42083 35.77165 21.27401 24.50012
lin/ang/drive_left/drive_right/tv_l/tv_r/av_l/av_r/x/y/theta/tx/ty/ttheta: 0.73077 -2.13671 0.72183 0.44196 0.74409 0.23763 0.50014 0.18756 34.98595 21.87790 22.99277 36.32101 21.51639 23.11299
lin/ang/drive_left/drive_right/tv_l/tv_r/av_l/av_r/x/y/theta/tx/ty/ttheta: 0.72586 -2.10137 1.03606 0.50290 0.51055 0.24985 0.63669 0.21336 35.47514 22.13852 21.49367 36.78322 21.70815 21.95056
lin/ang/drive_left/drive_right/tv_l/tv_r/av_l/av_r/x/y/theta/tx/ty/ttheta: 0.72665 -2.01922 0.94572 0.54591 0.51934 0.28356 0.57100 0.23819 35.94238 22.33972 20.00227 37.24926 21.89048 20.78543
lin/ang/drive_left/drive_right/tv_l/tv_r/av_l/av_r/x/y/theta/tx/ty/ttheta: 0.72237 -1.93652 0.93945 0.56644 0.49229 0.24505 0.50544 0.26675 36.47468 22.57454 18.38512 37.71893 22.06332 19.62053
lin/ang/drive_left/drive_right/tv_l/tv_r/av_l/av_r/x/y/theta/tx/ty/ttheta: 0.73323 -1.88196 0.92778 0.59691 0.58450 0.28802 0.49022 0.25069 36.97945 22.78127 16.73178 38.28704 22.25809 18.22692
lin/ang/drive_left/drive_right/tv_l/tv_r/av_l/av_r/x/y/theta/tx/ty/ttheta: 0.73960 -1.78771 0.79898 0.57876 0.61016 0.30798 0.54278 0.26675 37.56324 22.96575 15.10183 38.85976 22.43903 16.84231
lin/ang/drive_left/drive_right/tv_l/tv_r/av_l/av_r/x/y/theta/tx/ty/ttheta: 0.74182 -1.61629 0.96755 0.63451 0.46632 0.32706 0.58469 0.29156 38.10965 23.09211 13.53103 39.34025 22.57926 15.69848
lin/ang/drive_left/drive_right/tv_l/tv_r/av_l/av_r/x/y/theta/tx/ty/ttheta: 0.74780 -1.44948 0.77326 0.65526 0.55569 0.34628 0.49331 0.31228 38.63174 23.20042 11.99248 39.82345 22.70992 14.56616
lin/ang/drive_left/drive_right/tv_l/tv_r/av_l/av_r/x/y/theta/tx/ty/ttheta: 0.75192 -1.24054 0.94421 0.64078 0.42253 0.39387 0.51228 0.32817 39.19292 23.27308 10.46973 40.30915 22.83106 13.44744
lin/ang/drive_left/drive_right/tv_l/tv_r/av_l/av_r/x/y/theta/tx/ty/ttheta: 0.76459 -1.06913 0.83982 0.67795 0.50890 0.42469 0.45378 0.36669 39.79994 23.32011 9.07719 40.89497 22.96400 12.12554
lin/ang/drive_left/drive_right/tv_l/tv_r/av_l/av_r/x/y/theta/tx/ty/ttheta: 0.77956 -0.91950 0.80978 0.69092 0.55463 0.44555 0.46936 0.39819 40.39913 23.35335 7.79467 41.48371 23.08351 10.82878
lin/ang/drive_left/drive_right/tv_l/tv_r/av_l/av_r/x/y/theta/tx/ty/ttheta: 0.78875 -0.79573 0.90250 0.71383 0.49801 0.41524 0.51775 0.42075 40.94565 23.37737 6.74461 41.97628 23.17300 9.76910
lin/ang/drive_left/drive_right/tv_l/tv_r/av_l/av_r/x/y/theta/tx/ty/ttheta: 0.80775 -0.76057 0.70562 0.70043 0.70348 0.49668 0.49669 0.40828 41.52959 23.40438 5.87579 42.56942 23.26848 8.52435
lin/ang/drive_left/drive_right/tv_l/tv_r/av_l/av_r/x/y/theta/tx/ty/ttheta: 0.77197 -0.65115 0.99802 0.76678 0.18267 0.23700 0.60778 0.44847 42.11784 23.40412 5.08994 43.16448 23.35120 7.31048
lin/ang/drive_left/drive_right/tv_l/tv_r/av_l/av_r/x/y/theta/tx/ty/ttheta: 0.71949 -0.51377 0.67968 0.68271 0.16496 0.17352 0.39164 0.31947 42.74336 23.38511 4.33762 43.76116 23.42147 6.12871
lin/ang/drive_left/drive_right/tv_l/tv_r/av_l/av_r/x/y/theta/tx/ty/ttheta: 0.66143 -0.39997 0.53445 0.55390 0.18974 0.16786 0.20172 0.21131 43.37471 23.38462 3.55887 44.35916 23.47960 4.97996
lin/ang/drive_left/drive_right/tv_l/tv_r/av_l/av_r/x/y/theta/tx/ty/ttheta: 0.59364 -0.29542 0.58243 0.45773 0.06956 0.13002 0.19181 0.17656 44.02581 23.36480 2.84916 45.05811 23.53249 3.68224
lin/ang/drive_left/drive_right/tv_l/tv_r/av_l/av_r/x/y/theta/tx/ty/ttheta: 0.52530 -0.15598 0.67320 0.45125 -0.11342 0.11494 0.13569 0.15144 44.62115 23.31616 2.30687 45.55801 23.56070 2.78354
lin/ang/drive_left/drive_right/tv_l/tv_r/av_l/av_r/x/y/theta/tx/ty/ttheta: 0.43212 -0.12154 0.46486 0.51241 -0.16760 -0.19777 -0.03078 0.13911 45.24002 23.27108 2.15776 46.25848 23.58725 1.56491
lin/ang/drive_left/drive_right/tv_l/tv_r/av_l/av_r/x/y/theta/tx/ty/ttheta: 0.33468 -0.03774 0.25804 0.39052 -0.18956 -0.23062 -0.12764 -0.09000 45.74052 23.19642 2.21766 46.75909 23.59723 0.72256
lin/ang/drive_left/drive_right/tv_l/tv_r/av_l/av_r/x/y/theta/tx/ty/ttheta: 0.20125 0.06668 0.14674 0.15949 -0.42003 -0.36685 -0.16069 -0.19728 46.17205 23.14436 2.41197 47.15965 23.59998 0.06538
lin/ang/drive_left/drive_right/tv_l/tv_r/av_l/av_r/x/y/theta/tx/ty/ttheta: 0.06249 0.28006 0.13896 0.15949 -0.67573 -0.40966 -0.30681 -0.29467 46.56309 23.07938 2.59835 47.20000 23.60000 360.00000
lin/ang/drive_left/drive_right/tv_l/tv_r/av_l/av_r/x/y/theta/tx/ty/ttheta: 0.04307 0.42006 0.09293 0.14653 -0.31450 0.09164 -0.40469 -0.34942 46.77485 22.97045 2.74251 47.20000 23.60000 360.00000
lin/ang/drive_left/drive_right/tv_l/tv_r/av_l/av_r/x/y/theta/tx/ty/ttheta: 0.03542 0.60971 0.00540 0.06700 -0.29263 0.22802 -0.27083 -0.02211 46.86376 22.82718 2.82927 47.20000 23.60000 360.00000
lin/ang/drive_left/drive_right/tv_l/tv_r/av_l/av_r/x/y/theta/tx/ty/ttheta: 0.03444 0.71130 -0.04927 0.24032 -0.20476 0.16244 -0.26847 0.17075 46.87937 22.74459 2.91266 47.20000 23.60000 360.00000
lin/ang/drive_left/drive_right/tv_l/tv_r/av_l/av_r/x/y/theta/tx/ty/ttheta: 0.03458 0.69460 -0.11865 0.37907 -0.07723 0.02237 -0.21319 0.17539 46.88138 22.73376 3.10847 47.20000 23.60000 360.00000
lin/ang/drive_left/drive_right/tv_l/tv_r/av_l/av_r/x/y/theta/tx/ty/ttheta: 0.03539 0.65869 -0.11692 0.27706 -0.04842 0.01415 -0.10319 0.06722 46.87922 22.71664 3.47369 47.20000 23.60000 360.00000
lin/ang/drive_left/drive_right/tv_l/tv_r/av_l/av_r/x/y/theta/tx/ty/ttheta: 0.03647 0.43611 -0.11562 0.20099 0.09769 -0.10990 -0.05064 0.01781 46.86808 22.81936 3.96423 47.20000 23.60000 360.00000
lin/ang/drive_left/drive_right/tv_l/tv_r/av_l/av_r/x/y/theta/tx/ty/ttheta: 0.03772 0.14572 -0.05446 0.03544 0.32152 -0.12116 0.06022 -0.07133 46.84924 22.97261 4.43737 47.20000 23.60000 360.00000
lin/ang/drive_left/drive_right/tv_l/tv_r/av_l/av_r/x/y/theta/tx/ty/ttheta: 0.03810 0.11034 0.19191 -0.14328 0.04139 0.17495 0.23372 -0.11175 46.84736 22.97304 4.64916 47.20000 23.60000 360.00000
lin/ang/drive_left/drive_right/tv_l/tv_r/av_l/av_r/x/y/theta/tx/ty/ttheta: 0.04469 0.10396 0.12448 -0.17830 0.05598 0.28252 0.10850 0.08350 46.78011 22.95770 4.77029 47.20000 23.60000 360.00000
lin/ang/drive_left/drive_right/tv_l/tv_r/av_l/av_r/x/y/theta/tx/ty/ttheta: 0.05230 0.16348 -0.00519 0.17549 0.09783 0.16178 0.04944 0.22792 46.69813 22.93910 4.51090 47.20000 23.60000 360.00000
lin/ang/drive_left/drive_right/tv_l/tv_r/av_l/av_r/x/y/theta/tx/ty/ttheta: 0.05300 0.24966 0.00195 0.19926 0.05238 0.11458 0.07786 0.18308 46.68742 22.92450 4.10883 47.20000 23.60000 360.00000
lin/ang/drive_left/drive_right/tv_l/tv_r/av_l/av_r/x/y/theta/tx/ty/ttheta: 0.05423 0.27595 0.06116 0.09142 0.06024 0.12092 0.05922 0.12183 46.67353 22.91831 3.99452 47.20000 23.60000 360.00000
lin/ang/drive_left/drive_right/tv_l/tv_r/av_l/av_r/x/y/theta/tx/ty/ttheta: 0.05508 0.23826 0.06872 0.06981 0.08822 0.10531 0.05594 0.11414 46.66551 22.92747 4.13940 47.20000 23.60000 360.00000
lin/ang/drive_left/drive_right/tv_l/tv_r/av_l/av_r/x/y/theta/tx/ty/ttheta: 0.05527 0.21519 0.07564 0.06700 0.07148 0.11399 0.07514 0.10231 46.66431 22.93194 4.23953 47.20000 23.60000 360.00000
lin/ang/drive_left/drive_right/tv_l/tv_r/av_l/av_r/x/y/theta/tx/ty/ttheta: 0.05535 0.20564 0.06894 0.07218 0.06293 0.12013 0.07392 0.10572 46.66381 22.93379 4.28093 47.20000 23.60000 360.00000
lin/ang/drive_left/drive_right/tv_l/tv_r/av_l/av_r/x/y/theta/tx/ty/ttheta: 0.05092 0.21544 0.06808 0.07629 0.02503 0.10696 0.06553 0.11483 46.71007 22.93530 4.23823 47.20000 23.60000 360.00000
lin/ang/drive_left/drive_right/tv_l/tv_r/av_l/av_r/x/y/theta/tx/ty/ttheta: 0.04515 0.23137 0.06937 0.07110 0.00385 0.10336 0.03661 0.10094 46.77034 22.93657 4.16844 47.20000 23.60000 360.00000
lin/ang/drive_left/drive_right/tv_l/tv_r/av_l/av_r/x/y/theta/tx/ty/ttheta: 0.04020 0.23646 0.06527 0.05857 0.00512 0.10291 0.01028 0.09892 46.82225 22.93933 4.14606 47.20000 23.60000 360.00000
lin/ang/drive_left/drive_right/tv_l/tv_r/av_l/av_r/x/y/theta/tx/ty/ttheta: 0.03602 0.23537 0.06527 0.06246 0.00330 0.09864 -0.00514 0.09892 46.86638 22.94275 4.15086 47.20000 23.60000 360.00000
lin/ang/drive_left/drive_right/tv_l/tv_r/av_l/av_r/x/y/theta/tx/ty/ttheta: 0.03153 0.23470 0.06678 0.06397 -0.00822 0.08742 -0.00069 0.08864 46.91365 22.94632 4.15388 47.20000 23.60000 360.00000
lin/ang/drive_left/drive_right/tv_l/tv_r/av_l/av_r/x/y/theta/tx/ty/ttheta: 0.02660 0.23648 0.06678 0.06008 -0.18211 0.08386 0.00000 0.08006 46.96556 22.94972 4.14591 47.20000 23.60000 360.00000
lin/ang/drive_left/drive_right/tv_l/tv_r/av_l/av_r/x/y/theta/tx/ty/ttheta: 0.02327 0.23705 -0.00324 0.05208 -0.15435 0.09096 -0.12047 0.07803 47.00060 22.95215 4.14333 47.20000 23.60000 360.00000
lin/ang/drive_left/drive_right/tv_l/tv_r/av_l/av_r/x/y/theta/tx/ty/ttheta: 0.02025 0.23549 -0.15258 0.04171 -0.04583 0.09315 -0.14578 0.08486 47.03240 22.95477 4.15037 47.20000 23.60000 360.00000
lin/ang/drive_left/drive_right/tv_l/tv_r/av_l/av_r/x/y/theta/tx/ty/ttheta: 0.01839 0.21684 -0.14653 0.04020 -0.01053 0.08616 -0.06244 0.08589 47.05270 22.96009 4.23474 47.20000 23.60000 360.00000
lin/ang/drive_left/drive_right/tv_l/tv_r/av_l/av_r/x/y/theta/tx/ty/ttheta: 0.01815 0.18354 -0.09098 0.04387 0.00121 0.07804 -0.01675 0.07872 47.05710 22.96278 4.42458 47.20000 23.60000 360.00000
lin/ang/drive_left/drive_right/tv_l/tv_r/av_l/av_r/x/y/theta/tx/ty/ttheta: 0.01841 0.15620 -0.08472 0.04409 0.00693 0.08003 0.00050 0.07050 47.05559 22.96617 4.56675 47.20000 23.60000 360.00000
lin/ang/drive_left/drive_right/tv_l/tv_r/av_l/av_r/x/y/theta/tx/ty/ttheta: 0.01842 0.15508 -0.03696 0.04409 -0.02319 0.09396 0.00222 0.07444 47.05553 22.96640 4.57181 47.20000 23.60000 360.00000
lin/ang/drive_left/drive_right/tv_l/tv_r/av_l/av_r/x/y/theta/tx/ty/ttheta: 0.01835 0.16311 -0.10568 0.04992 -0.00024 0.09711 -0.01847 0.08333 47.05598 22.96478 4.53548 47.20000 23.60000 360.00000
lin/ang/drive_left/drive_right/tv_l/tv_r/av_l/av_r/x/y/theta/tx/ty/ttheta: 0.01837 0.16146 0.01124 0.05770 -0.03164 0.08675 -0.00153 0.08522 47.05588 22.96511 4.54293 47.20000 23.60000 360.00000
lin/ang/drive_left/drive_right/tv_l/tv_r/av_l/av_r/x/y/theta/tx/ty/ttheta: 0.01838 0.16045 0.01124 0.08061 -0.08590 0.07470 -0.02481 0.07925 47.05583 22.96531 4.54749 47.20000 23.60000 360.00000
lin/ang/drive_left/drive_right/tv_l/tv_r/av_l/av_r/x/y/theta/tx/ty/ttheta: 0.01835 0.16399 0.00000 0.06073 -0.08681 0.08092 -0.06878 0.06967 47.05603 22.96460 4.53151 47.20000 23.60000 360.00000
lin/ang/drive_left/drive_right/tv_l/tv_r/av_l/av_r/x/y/theta/tx/ty/ttheta: 0.01834 0.16501 0.00000 0.05035 -0.08529 0.08311 -0.07614 0.07478 47.05608 22.96439 4.52687 47.20000 23.60000 360.00000
lin/ang/drive_left/drive_right/tv_l/tv_r/av_l/av_r/x/y/theta/tx/ty/ttheta: 0.01829 0.15474 -0.03220 0.00000 -0.06373 0.10556 -0.07717 0.07617 47.05690 22.96657 4.57336 47.20000 23.60000 360.00000
lin/ang/drive_left/drive_right/tv_l/tv_r/av_l/av_r/x/y/theta/tx/ty/ttheta: 0.01837 0.14603 -0.08364 0.00000 -0.03527 0.11322 -0.06197 0.09017 47.05641 22.96833 4.61276 47.20000 23.60000 360.00000
lin/ang/drive_left/drive_right/tv_l/tv_r/av_l/av_r/x/y/theta/tx/ty/ttheta: 0.01842 0.13916 -0.04819 0.00000 -0.03955 0.11782 -0.03764 0.10350 47.05603 22.96971 4.64382 47.20000 23.60000 360.00000
lin/ang/drive_left/drive_right/tv_l/tv_r/av_l/av_r/x/y/theta/tx/ty/ttheta: 0.01848 0.13259 -0.04819 0.00000 0.12415 0.12094 -0.03219 0.10575 47.05566 22.97103 4.67354 47.20000 23.60000 360.00000
lin/ang/drive_left/drive_right/tv_l/tv_r/av_l/av_r/x/y/theta/tx/ty/ttheta: 0.01849 0.13158 -0.00497 0.07672 0.10571 0.08234 0.07872 0.11292 47.05560 22.97124 4.67814 47.20000 23.60000 360.00000
lin/ang/drive_left/drive_right/tv_l/tv_r/av_l/av_r/x/y/theta/tx/ty/ttheta: 0.01846 0.13452 0.14112 0.08537 0.02214 0.07217 0.10575 0.08539 47.05577 22.97065 4.66481 47.20000 23.60000 360.00000
lin/ang/drive_left/drive_right/tv_l/tv_r/av_l/av_r/x/y/theta/tx/ty/ttheta: 0.01838 0.14410 0.16554 0.08537 -0.17611 0.07122 0.05406 0.07117 47.05630 22.96872 4.62147 47.20000 23.60000 360.00000
lin/ang/drive_left/drive_right/tv_l/tv_r/av_l/av_r/x/y/theta/tx/ty/ttheta: 0.01813 0.15668 0.08818 0.08537 -0.16407 0.06918 -0.10575 0.06808 47.05856 22.96631 4.56458 47.20000 23.60000 360.00000
lin/ang/drive_left/drive_right/tv_l/tv_r/av_l/av_r/x/y/theta/tx/ty/ttheta: 0.01744 0.17011 -0.22022 0.04755 -0.01879 0.08090 -0.15022 0.06006 47.06537 22.96408 4.50377 47.20000 23.60000 360.00000
lin/ang/drive_left/drive_right/tv_l/tv_r/av_l/av_r/x/y/theta/tx/ty/ttheta: 0.01597 0.17301 -0.22368 0.04755 0.02108 0.07157 -0.04861 0.07339 47.08078 22.96469 4.49059 47.20000 23.60000 360.00000
lin/ang/drive_left/drive_right/tv_l/tv_r/av_l/av_r/x/y/theta/tx/ty/ttheta: 0.01531 0.14712 -0.02939 0.04755 -0.01313 0.05354 0.01558 0.06967 47.08851 22.97065 4.60814 47.20000 23.60000 360.00000
lin/ang/drive_left/drive_right/tv_l/tv_r/av_l/av_r/x/y/theta/tx/ty/ttheta: 0.01556 0.12242 -0.01729 0.04776 -0.02050 0.05398 -0.00289 0.05217 47.08713 22.97340 4.73990 47.20000 23.60000 360.00000
lin/ang/drive_left/drive_right/tv_l/tv_r/av_l/av_r/x/y/theta/tx/ty/ttheta: 0.01558 0.11999 -0.01729 0.04776 -0.03526 0.06451 -0.01967 0.04808 47.08699 22.97389 4.75094 47.20000 23.60000 360.00000
lin/ang/drive_left/drive_right/tv_l/tv_r/av_l/av_r/x/y/theta/tx/ty/ttheta: 0.01543 0.13759 0.00216 0.03155 -0.09255 0.08347 -0.02978 0.05475 47.08799 22.97034 4.67104 47.20000 23.60000 360.00000
lin/ang/drive_left/drive_right/tv_l/tv_r/av_l/av_r/x/y/theta/tx/ty/ttheta: 0.01542 0.13892 0.02075 0.08839 -0.09269 0.05103 -0.07392 0.07256 47.08806 22.97007 4.66501 47.20000 23.60000 360.00000
lin/ang/drive_left/drive_right/tv_l/tv_r/av_l/av_r/x/y/theta/tx/ty/ttheta: 0.01534 0.12585 -0.04279 0.08839 -0.05859 0.03138 -0.08539 0.05203 47.08887 22.97508 4.70469 47.20000 23.60000 360.00000
lin/ang/drive_left/drive_right/tv_l/tv_r/av_l/av_r/x/y/theta/tx/ty/ttheta: 0.01547 0.11535 -0.10287 0.08839 0.13700 0.02617 -0.05714 0.03542 47.08829 22.97496 4.77202 47.20000 23.60000 360.00000
lin/ang/drive_left/drive_right/tv_l/tv_r/av_l/av_r/x/y/theta/tx/ty/ttheta: 0.01557 0.10355 -0.05446 0.07694 0.13238 0.02307 0.07856 0.02292 47.08762 22.97734 4.82557 47.20000 23.60000 360.00000
lin/ang/drive_left/drive_right/tv_l/tv_r/av_l/av_r/x/y/theta/tx/ty/ttheta: 0.01556 0.10455 0.18067 0.07261 0.01161 0.02862 0.12286 0.02125 47.08768 22.97714 4.82103 47.20000 23.60000 360.00000
lin/ang/drive_left/drive_right/tv_l/tv_r/av_l/av_r/x/y/theta/tx/ty/ttheta: 0.01541 0.12170 0.19472 -0.03609 -0.19681 0.12747 0.05286 0.02108 47.08865 22.97368 4.74318 47.20000 23.60000 360.00000
lin/ang/drive_left/drive_right/tv_l/tv_r/av_l/av_r/x/y/theta/tx/ty/ttheta: 0.01529 0.13686 0.03285 0.00000 -0.14737 0.12548 -0.12389 0.09172 47.08951 22.97061 4.67434 47.20000 23.60000 360.00000
lin/ang/drive_left/drive_right/tv_l/tv_r/av_l/av_r/x/y/theta/tx/ty/ttheta: 0.01519 0.14806 -0.24594 0.00497 -0.00091 0.12458 -0.14747 0.11414 47.09014 22.96835 4.62348 47.20000 23.60000 360.00000
lin/ang/drive_left/drive_right/tv_l/tv_r/av_l/av_r/x/y/theta/tx/ty/ttheta: 0.01410 0.14109 -0.15798 0.02053 0.00826 0.10297 -0.03697 0.11567 47.10187 22.97074 4.65520 47.20000 23.60000 360.00000
lin/ang/drive_left/drive_right/tv_l/tv_r/av_l/av_r/x/y/theta/tx/ty/ttheta: 0.01300 0.09562 0.03371 0.03090 0.11285 0.05807 0.02311 0.10217 47.11452 22.98344 4.84246 47.20000 23.60000 360.00000
lin/ang/drive_left/drive_right/tv_l/tv_r/av_l/av_r/x/y/theta/tx/ty/ttheta: 0.01331 0.07650 0.07132 0.04193 0.06361 0.07130 0.08503 0.06022 47.11350 22.97748 5.01586 47.20000 23.60000 360.00000
lin/ang/drive_left/drive_right/tv_l/tv_r/av_l/av_r/x/y/theta/tx/ty/ttheta: 0.01224 0.06773 0.13702 0.04193 0.00967 0.06617 0.07614 0.06450 47.12511 22.98032 5.05580 47.20000 23.60000 360.00000
lin/ang/drive_left/drive_right/tv_l/tv_r/av_l/av_r/x/y/theta/tx/ty/ttheta: 0.01150 0.08732 0.11778 0.04322 -0.17401 0.08449 0.04742 0.05833 47.13230 22.97688 4.96646 47.20000 23.60000 360.00000
lin/ang/drive_left/drive_right/tv_l/tv_r/av_l/av_r/x/y/theta/tx/ty/ttheta: 0.01106 0.10401 0.05144 0.04366 -0.15383 0.08399 -0.11669 0.07306 47.13638 22.97377 4.89036 47.20000 23.60000 360.00000
lin/ang/drive_left/drive_right/tv_l/tv_r/av_l/av_r/x/y/theta/tx/ty/ttheta: 0.00955 0.11173 -0.21871 0.03782 -0.01921 0.07417 -0.14425 0.07717 47.15205 22.97350 4.85509 47.20000 23.60000 360.00000
lin/ang/drive_left/drive_right/tv_l/tv_r/av_l/av_r/x/y/theta/tx/ty/ttheta: 0.00843 0.10707 -0.15236 0.18759 -0.00302 0.00457 -0.03747 0.07050 47.16390 22.97548 4.87642 47.20000 23.60000 360.00000
lin/ang/drive_left/drive_right/tv_l/tv_r/av_l/av_r/x/y/theta/tx/ty/ttheta: 0.00751 0.07969 0.00000 0.14566 -0.03541 -0.02197 0.01147 0.00856 47.17444 22.98209 5.00185 47.20000 23.60000 360.00000
lin/ang/drive_left/drive_right/tv_l/tv_r/av_l/av_r/x/y/theta/tx/ty/ttheta: 0.00772 0.05486 0.00000 0.13010 0.12144 -0.02691 -0.02686 -0.01867 47.17300 22.98715 5.11559 47.20000 23.60000 360.00000
lin/ang/drive_left/drive_right/tv_l/tv_r/av_l/av_r/x/y/theta/tx/ty/ttheta: 0.00766 0.06197 0.04041 0.00000 -0.10060 0.04061 0.09000 -0.02208 47.17341 22.98570 5.08299 47.20000 23.60000 360.00000
lin/ang/drive_left/drive_right/tv_l/tv_r/av_l/av_r/x/y/theta/tx/ty/ttheta: 0.00732 0.08776 0.10806 -0.01405 -0.14936 0.11449 -0.06161 0.02550 47.17648 22.97947 4.97475 47.20000 23.60000 360.00000
lin/ang/drive_left/drive_right/tv_l/tv_r/av_l/av_r/x/y/theta/tx/ty/ttheta: 0.00717 0.10430 -0.05705 -0.02334 -0.08297 0.12057 -0.12492 0.08761 47.17743 22.97610 4.89894 47.20000 23.60000 360.00000
lin/ang/drive_left/drive_right/tv_l/tv_r/av_l/av_r/x/y/theta/tx/ty/ttheta: 0.00706 0.10089 -0.13053 0.00000 -0.02868 0.10417 -0.08469 0.11206 47.17880 22.97693 4.91457 47.20000 23.60000 360.00000
lin/ang/drive_left/drive_right/tv_l/tv_r/av_l/av_r/x/y/theta/tx/ty/ttheta: 0.00729 0.05605 -0.14242 0.00000 0.03132 0.07681 -0.03353 0.10150 47.17775 22.98620 5.12008 47.20000 23.60000 360.00000
lin/ang/drive_left/drive_right/tv_l/tv_r/av_l/av_r/x/y/theta/tx/ty/ttheta: 0.00766 0.01140 -0.14955 0.02161 0.23292 0.05381 0.02086 0.07458 47.17513 22.99528 5.32466 47.20000 23.60000 360.00000
lin/ang/drive_left/drive_right/tv_l/tv_r/av_l/av_r/x/y/theta/tx/ty/ttheta: 0.00764 -0.00160 0.07759 0.02161 0.07296 0.06528 0.17008 0.05217 47.17593 22.99695 5.39412 47.20000 23.60000 360.00000
lin/ang/drive_left/drive_right/tv_l/tv_r/av_l/av_r/x/y/theta/tx/ty/ttheta: 0.00752 0.01267 0.29629 0.03350 -0.08684 0.07597 0.11806 0.05458 47.17678 22.99405 5.32877 47.20000 23.60000 360.00000
lin/ang/drive_left/drive_right/tv_l/tv_r/av_l/av_r/x/y/theta/tx/ty/ttheta: 0.00723 0.02911 0.11541 0.06743 -0.03420 0.05999 -0.03850 0.06589 47.17911 22.99195 5.24353 47.20000 23.60000 360.00000
lin/ang/drive_left/drive_right/tv_l/tv_r/av_l/av_r/x/y/theta/tx/ty/ttheta: 0.00696 0.06160 -0.08839 0.05922 -0.07832 0.07285 -0.04775 0.05269 47.18102 22.98534 5.09462 47.20000 23.60000 360.00000
lin/ang/drive_left/drive_right/tv_l/tv_r/av_l/av_r/x/y/theta/tx/ty/ttheta: 0.00589 0.08035 -0.09250 0.07802 -0.05630 0.05196 -0.06556 0.06450 47.19126 22.98456 4.98872 47.20000 23.60000 360.00000
lin/ang/drive_left/drive_right/tv_l/tv_r/av_l/av_r/x/y/theta/tx/ty/ttheta: 0.00392 0.09609 -0.09444 0.06743 -0.05450 0.04506 -0.05733 0.05286 47.21192 22.98083 4.93623 47.20000 23.60000 360.00000
lin/ang/drive_left/drive_right/tv_l/tv_r/av_l/av_r/x/y/theta/tx/ty/ttheta: 0.00225 0.08745 -0.09401 0.03890 -0.03286 0.03520 -0.04911 0.04294 47.22977 22.98419 4.97609 47.20000 23.60000 360.00000
lin/ang/drive_left/drive_right/tv_l/tv_r/av_l/av_r/x/y/theta/tx/ty/ttheta: 0.00189 0.06251 -0.09250 0.03890 -0.00646 0.02652 -0.03678 0.03425 47.23437 22.98983 5.09110 47.20000 23.60000 360.00000
lin/ang/drive_left/drive_right/tv_l/tv_r/av_l/av_r/x/y/theta/tx/ty/ttheta: 0.00198 0.05086 -0.09466 0.03890 -0.00059 0.03238 -0.00583 0.02361 47.23368 22.99221 5.14481 47.20000 23.60000 360.00000
lin/ang/drive_left/drive_right/tv_l/tv_r/av_l/av_r/x/y/theta/tx/ty/ttheta: 0.00195 0.05456 -0.08666 0.02896 -0.00505 0.04196 -0.00017 0.03081 47.23390 22.99146 5.12776 47.20000 23.60000 360.00000
lin/ang/drive_left/drive_right/tv_l/tv_r/av_l/av_r/x/y/theta/tx/ty/ttheta: 0.00190 0.06102 -0.14372 0.02853 0.01973 0.04270 0.00000 0.03850 47.23428 22.99013 5.09794 47.20000 23.60000 360.00000
lin/ang/drive_left/drive_right/tv_l/tv_r/av_l/av_r/x/y/theta/tx/ty/ttheta: 0.00191 0.05921 -0.14307 0.01318 0.04097 0.04152 0.00806 0.04003 47.23418 22.99050 5.10632 47.20000 23.60000 360.00000
lin/ang/drive_left/drive_right/tv_l/tv_r/av_l/av_r/x/y/theta/tx/ty/ttheta: 0.00192 0.05798 0.02572 0.00821 -0.07065 0.07780 0.03542 0.04036 47.23410 22.99075 5.11196 47.20000 23.60000 360.00000
lin/ang/drive_left/drive_right/tv_l/tv_r/av_l/av_r/x/y/theta/tx/ty/ttheta: 0.00190 0.06046 0.00000 0.00000 -0.08704 0.08959 -0.04381 0.06467 47.23425 22.99025 5.10056 47.20000 23.60000 360.00000
lin/ang/drive_left/drive_right/tv_l/tv_r/av_l/av_r/x/y/theta/tx/ty/ttheta: 0.00174 0.06447 -0.04906 0.01664 -0.07371 0.08510 -0.07511 0.07567 47.23605 22.98845 5.09202 47.20000 23.60000 360.00000
lin/ang/drive_left/drive_right/tv_l/tv_r/av_l/av_r/x/y/theta/tx/ty/ttheta: 0.00184 0.05255 -0.05684 0.01664 -0.05212 0.07401 -0.07053 0.07700 47.23535 22.99089 5.14699 47.20000 23.60000 360.00000
lin/ang/drive_left/drive_right/tv_l/tv_r/av_l/av_r/x/y/theta/tx/ty/ttheta: 0.00197 0.03759 -0.05273 0.01664 -0.04281 0.06942 -0.05219 0.06981 47.23447 22.99396 5.21599 47.20000 23.60000 360.00000
lin/ang/drive_left/drive_right/tv_l/tv_r/av_l/av_r/x/y/theta/tx/ty/ttheta: 0.00202 0.02939 -0.05273 0.01664 -0.04037 0.07094 -0.04211 0.05869 47.23397 22.99675 5.24381 47.20000 23.60000 360.00000
lin/ang/drive_left/drive_right/tv_l/tv_r/av_l/av_r/x/y/theta/tx/ty/ttheta: 0.00201 0.03289 -0.06721 0.01664 -0.03781 0.07712 -0.04003 0.06656 47.23419 22.99492 5.23763 47.20000 23.60000 360.00000
lin/ang/drive_left/drive_right/tv_l/tv_r/av_l/av_r/x/y/theta/tx/ty/ttheta: 0.00201 0.03050 -0.06721 0.01664 -0.02680 0.07225 -0.03386 0.06792 47.23404 22.99652 5.23868 47.20000 23.60000 360.00000
lin/ang/drive_left/drive_right/tv_l/tv_r/av_l/av_r/x/y/theta/tx/ty/ttheta: 0.00202 0.03142 -0.22930 0.01664 0.04127 0.07335 -0.02328 0.06792 47.23411 22.99522 5.24445 47.20000 23.60000 360.00000
lin/ang/drive_left/drive_right/tv_l/tv_r/av_l/av_r/x/y/theta/tx/ty/ttheta: 0.00202 0.02655 0.03220 0.00000 -0.02776 0.08080 0.02858 0.06792 47.23379 22.99844 5.24696 47.20000 23.60000 360.00000
lin/ang/drive_left/drive_right/tv_l/tv_r/av_l/av_r/x/y/theta/tx/ty/ttheta: 0.00201 0.03290 0.03415 0.00000 -0.09712 0.08962 -0.00703 0.07531 47.23419 22.99491 5.23761 47.20000 23.60000 360.00000
lin/ang/drive_left/drive_right/tv_l/tv_r/av_l/av_r/x/y/theta/tx/ty/ttheta: 0.00194 0.04020 0.01686 0.00000 -0.09749 0.09155 -0.07222 0.07700 47.23463 22.99342 5.20395 47.20000 23.60000 360.00000
lin/ang/drive_left/drive_right/tv_l/tv_r/av_l/av_r/x/y/theta/tx/ty/ttheta: 0.00192 0.04322 0.00000 0.00000 -0.09034 0.09024 -0.08556 0.08403 47.23480 22.99280 5.19001 47.20000 23.60000 360.00000
lin/ang/drive_left/drive_right/tv_l/tv_r/av_l/av_r/x/y/theta/tx/ty/ttheta: 0.00205 0.02776 -0.02161 0.01772 -0.06441 0.07005 -0.08608 0.08556 47.23389 22.99597 5.26131 47.20000 23.60000 360.00000
lin/ang/drive_left/drive_right/tv_l/tv_r/av_l/av_r/x/y/theta/tx/ty/ttheta: 0.00221 0.00919 -0.03004 0.04733 0.10925 0.04799 -0.06656 0.07169 47.23279 22.99977 5.34694 47.20000 23.60000 360.00000
lin/ang/drive_left/drive_right/tv_l/tv_r/av_l/av_r/x/y/theta/tx/ty/ttheta: 0.00229 -0.00072 -0.05424 0.04733 0.12669 0.04025 0.06211 0.04619 47.23220 23.00179 5.39261 47.20000 23.60000 360.00000
lin/ang/drive_left/drive_right/tv_l/tv_r/av_l/av_r/x/y/theta/tx/ty/ttheta: 0.00227 0.00103 0.09358 0.04733 0.03715 0.04296 0.11036 0.04056 47.23230 23.00144 5.38455 47.20000 23.60000 360.00000
lin/ang/drive_left/drive_right/tv_l/tv_r/av_l/av_r/x/y/theta/tx/ty/ttheta: 0.00218 0.01170 0.18845 0.04733 -0.02439 0.05021 0.06744 0.04019 47.23294 22.99925 5.33537 47.20000 23.60000 360.00000
lin/ang/drive_left/drive_right/tv_l/tv_r/av_l/av_r/x/y/theta/tx/ty/ttheta: 0.00208 0.02423 0.15949 0.04733 -0.18846 0.05085 -0.00550 0.04636 47.23368 22.99669 5.27756 47.20000 23.60000 360.00000
lin/ang/drive_left/drive_right/tv_l/tv_r/av_l/av_r/x/y/theta/tx/ty/ttheta: 0.00193 0.04147 0.04927 0.04733 -0.15997 0.05254 -0.12817 0.04825 47.23470 22.99316 5.19810 47.20000 23.60000 360.00000
lin/ang/drive_left/drive_right/tv_l/tv_r/av_l/av_r/x/y/theta/tx/ty/ttheta: 0.00182 0.05438 -0.27576 0.02961 -0.00977 0.05426 -0.14819 0.04861 47.23546 22.99052 5.13856 47.20000 23.60000 360.00000
lin/ang/drive_left/drive_right/tv_l/tv_r/av_l/av_r/x/y/theta/tx/ty/ttheta: 0.00096 0.05398 -0.12275 0.00000 -0.02335 0.08069 -0.03183 0.04808 47.24461 22.99142 5.14039 47.20000 23.60000 360.00000
lin/ang/drive_left/drive_right/tv_l/tv_r/av_l/av_r/x/y/theta/tx/ty/ttheta: 0.00096 0.02083 -0.01599 0.00000 -0.02258 0.06324 -0.01131 0.07100 47.24559 22.99848 5.29345 47.20000 23.60000 360.00000
lin/ang/drive_left/drive_right/tv_l/tv_r/av_l/av_r/x/y/theta/tx/ty/ttheta: 0.00086 -0.00267 -0.01599 0.00908 0.13034 0.06155 -0.02261 0.06333 47.24730 23.00359 5.40197 47.20000 23.60000 360.00000
lin/ang/drive_left/drive_right/tv_l/tv_r/av_l/av_r/x/y/theta/tx/ty/ttheta: 0.00084 -0.00522 -0.00043 0.00908 0.11172 0.07323 0.08164 0.05714 47.24711 23.00634 5.39378 47.20000 23.60000 360.00000
lin/ang/drive_left/drive_right/tv_l/tv_r/av_l/av_r/x/y/theta/tx/ty/ttheta: 0.00078 0.00651 0.14934 0.00908 -0.14628 0.08236 0.11381 0.06606 47.24785 23.00171 5.35956 47.20000 23.60000 360.00000
lin/ang/drive_left/drive_right/tv_l/tv_r/av_l/av_r/x/y/theta/tx/ty/ttheta: 0.00077 0.00348 0.20661 0.01729 -0.03635 0.06825 -0.06811 0.07478 47.24763 23.00456 5.35358 47.20000 23.60000 360.00000
lin/ang/drive_left/drive_right/tv_l/tv_r/av_l/av_r/x/y/theta/tx/ty/ttheta: 0.00073 0.01270 -0.12081 0.03004 -0.05856 0.07111 -0.06383 0.06383 47.24822 23.00044 5.33099 47.20000 23.60000 360.00000
lin/ang/drive_left/drive_right/tv_l/tv_r/av_l/av_r/x/y/theta/tx/ty/ttheta: 0.00067 0.01928 -0.10093 0.03588 -0.04125 0.06534 -0.05269 0.06656 47.24861 22.99909 5.30059 47.20000 23.60000 360.00000
lin/ang/drive_left/drive_right/tv_l/tv_r/av_l/av_r/x/y/theta/tx/ty/ttheta: -0.00021 0.02290 -0.09012 0.03890 -0.04148 0.05607 -0.04606 0.06006 47.25782 22.99918 5.28387 47.20000 23.60000 360.00000
lin/ang/drive_left/drive_right/tv_l/tv_r/av_l/av_r/x/y/theta/tx/ty/ttheta: -0.00071 0.01147 -0.08645 0.04992 -0.01576 0.03603 -0.04125 0.05014 47.26337 23.00211 5.33677 47.20000 23.60000 360.00000
lin/ang/drive_left/drive_right/tv_l/tv_r/av_l/av_r/x/y/theta/tx/ty/ttheta: -0.00089 -0.00058 -0.11346 0.04992 0.02555 -0.13836 -0.01658 0.03558 47.26559 23.00486 5.39251 47.20000 23.60000 360.00000
lin/ang/drive_left/drive_right/tv_l/tv_r/av_l/av_r/x/y/theta/tx/ty/ttheta: -0.00089 -0.00014 -0.10957 0.00000 0.03091 -0.10592 0.01522 -0.08453 47.26561 23.00476 5.39046 47.20000 23.60000 360.00000
lin/ang/drive_left/drive_right/tv_l/tv_r/av_l/av_r/x/y/theta/tx/ty/ttheta: -0.00098 0.01034 -0.04755 -0.17916 -0.01064 0.15387 0.03078 -0.10781 47.26624 23.00261 5.34196 47.20000 23.60000 360.00000
lin/ang/drive_left/drive_right/tv_l/tv_r/av_l/av_r/x/y/theta/tx/ty/ttheta: -0.00105 0.01878 -0.07521 -0.19883 -0.00009 0.18269 -0.00289 0.08967 47.26675 23.00088 5.30290 47.20000 23.60000 360.00000
WARNING - pros.serial.terminal.terminal:stop - Stopping terminal - pros-cli version:3.5.6

[tomas@nixbtw:~/projects/Robotics/current/libs/lyfast]$

