
[tomas@nixbtw:~/projects/Robotics/current/libs/lyfast]$ t
Not sending analytics for this command.

Established terminal connection



         _+=+_
      .-`  .  `-.          8888888b.  8888888b.   .d88888b.   .d8888b.
   _+`     "     `+_       888   Y88b 888   Y88b d88P" "Y88b d88P  Y88b
  \\\sssssssssssss///      888    888 888    888 888     888 Y88b.
     .ss\  *  /ss.         888   d88P 888   d88P 888     888  "Y888b.
 .+bm  .s  *  s.  md+.     8888888P"  8888888P"  888     888     "Y88b.
.hMMMMs .  *  . sMMMMh.    888        888 T88b   888     888       "888
 `\hMMMb \ | / dMMMh:      888        888  T88b  Y88b. .d88P Y88b  d88P
   -SNMNo  -  oNMNs-       888        888   T88b  "Y88888P"   "Y8888P"
     `+dMh\./dMd/
        `:yNy:`                      Powered by PROS for VEX V5
           "                Copyright (c) Purdue University ACM SIGBots
Version:        4.2.1     Platform:  V1.1.5 (b18)     Uptime:    0.000 s
Compiled:   Jan  1 1980 00:00:00     Directory:


total distance: 78.136703
delta_distance: 0.100000
allocated for points 791
adding points:1580
isolated constraints:2187
forwards pass:2614
backwards pass:6802
travel times:6896
final time:6908
a_{kin}=\left[9999.99,9999.99,9999.99,9999.99,9999.99,9999.99,9999.99,9999.99,9999.99,9999.99,9999.99,9999.99,9999.99,9999.99,9999.99,9999.99,9999.99,9999.99,9999.99,9999.99,9999.99,9999.99,9999.99,9999.99,9999.99,9999.99,9999.99,9999.99,9999.99,9999.99,9999.99,9999.99,9999.99,9999.99,9999.99,9999.99,9999.99,9999.99,9999.99,9999.99,9999.99,9999.99,9999.99,9999.99,9999.99,9999.99,9999.99,9999.99,9999.99,9999.99,9999.99,9999.99,9999.99,9999.99,9999.99,9999.99,9999.99,9999.99,9999.99,9999.99,9999.99,9999.99,9999.99,9999.99,9999.99,9999.99,9999.99,9999.99,9999.99,9999.99,9999.99,9999.99,9999.99,9999.99,9999.99,9999.99,9999.99,9999.99,9999.99,9999.99,9999.99,9999.99,9999.99,9999.99,9999.99,9999.99,9999.99,9999.99,9999.99,9999.99,9999.99,9999.99,9999.99,9999.99,9999.99,9999.99,9999.99,9999.99,9999.99,9999.99,9999.99,9999.99,9999.99,9999.99,9999.99,9999.99,9999.99,9999.99,9999.99,9999.99,9999.99,9999.99,9999.99,9999.99,9999.99,9999.99,9999.99,9999.99,9999.99,9999.99,9999.99,9999.99,9999.99,9999.99,9999.99,9999.99,9999.99,9999.99,9999.99,9999.99,9999.99,9999.99,9999.99,9999.99,9999.99,9999.99,9999.99,9999.99,9999.99,9999.99,9999.99,9999.99,9999.99,9999.99,9999.99,9999.99,9999.99,9999.99,9999.99,9999.99,9999.99,9999.99,9999.99,9999.99,9999.99,9999.99,9999.99,9999.99,9999.99,9999.99,9999.99,9999.99,9999.99,9999.99,9999.99,9999.99,9999.99,9999.99,9999.99,9999.99,9999.99,9999.99,9999.99,9999.99,9999.99,9999.99,9999.99,9999.99,9999.99,9999.99,9999.99,9999.99,9999.99,9999.99,9999.99,9999.99,9999.99,9999.99,9999.99,9999.99,9999.99,9999.99,9999.99,9999.99,9999.99,9999.99,9999.99,9999.99,9999.99,9999.99,9999.99,9999.99,9999.99,9999.99,9999.99,9999.99,9999.99,9999.99,9999.99,9999.99,9999.99,9999.99,9999.99,9999.99,9999.99,9999.99,9999.99,9999.99,9999.99,9999.99,9999.99,9999.99,9999.99,9999.99,9999.99,9999.99,9999.99,9999.99,9999.99,9999.99,9999.99,9999.99,9999.99,9999.99,9999.99,9999.99,46.0198,45.7612,45.5049,45.2508,44.9989,44.7492,44.5017,44.2564,44.0134,43.7726,43.534,43.2977,43.0636,42.8318,42.6022,42.3749,42.1498,41.927,41.7065,41.4883,41.2723,41.0586,40.8473,40.6382,40.4314,40.2269,40.0248,39.8249,39.6274,39.4323,39.2394,39.0489,38.8608,38.6749,38.4915,38.3104,38.1317,37.9554,37.7814,37.6098,37.4407,37.2739,37.1095,36.9476,36.7881,36.6309,36.4763,36.324,36.1743,36.027,35.8821,35.7397,35.5998,35.4624,35.3275,35.195,35.0651,34.9377,34.8128,34.6905,34.5707,34.4534,34.3387,34.2267,34.1171,34.0102,33.9058,33.8041,33.705,33.6085,33.5147,33.4235,33.335,33.2491,33.1659,33.0855,33.0077,32.9326,32.8603,32.7908,32.724,32.6599,32.5987,32.5402,32.4846,32.4318,32.3818,32.3347,32.2905,32.2492,32.2107,32.1752,32.1427,32.113,32.0864,32.0628,32.0422,32.0246,32.01,31.9985,31.9902,31.9849,31.9828,31.9839,31.9881,31.9955,32.0062,32.0201,32.0373,32.0578,32.0817,32.1089,32.1395,32.1736,32.2111,32.2521,32.2966,32.3446,32.3963,32.4515,32.5105,32.5731,32.6394,32.7095,32.7835,32.8613,32.943,33.0286,33.1182,33.2119,33.3096,33.4115,33.5176,33.6279,33.7425,33.8615,33.9849,34.1128,34.2451,34.3821,34.5238,34.6702,34.8214,34.9775,35.1386,35.3047,35.4759,35.6524,35.8341,36.0212,36.2138,36.412,36.6158,36.8254,37.0409,37.2624,37.4901,37.7239,37.9641,38.2108,38.4642,38.7243,38.9913,39.2653,39.5466,39.8352,40.1314,40.4353,40.7471,41.067,41.3952,41.7319,42.0773,42.4316,42.795,43.1679,43.5504,43.9428,44.3454,44.7585,45.1824,45.6173,46.0637,46.5217,46.9919,47.4746,47.9702,48.479,49.0016,49.5383,50.0897,50.6562,51.2383,51.8367,52.4518,53.0843,53.7348,54.4041,55.0927,55.8015,56.5312,57.2827,58.0569,58.8546,59.677,60.5249,61.3996,62.3022,63.2339,64.1961,65.1902,66.2178,67.2803,68.3796,69.5174,70.6958,71.9167,73.1826,74.4956,75.8586,77.2741,78.7453,80.2755,81.868,83.5267,85.2557,87.0595,88.9428,90.9111,92.9699,95.1257,97.3853,99.7563,102.247,104.867,107.626,110.535,113.607,116.857,120.299,123.95,127.832,131.966,136.377,141.095,146.151,151.585,157.438,163.764,170.619,178.074,186.212,195.129,204.945,215.802,227.873,241.376,256.58,273.829,293.565,316.368,343.011,374.555,412.489,458.973,517.264,592.516,693.393,835.664,1051.39,1417.26,2173.65,4661.47,9997.88,3616.09,1915.44,1302.75,987.031,794.489,664.805,571.515,501.187,446.27,402.2,366.052,335.866,310.28,288.316,269.257,252.562,237.816,224.698,212.952,202.374,192.797,184.087,176.13,168.833,162.118,155.917,150.174,144.84,139.872,135.235,130.896,126.828,123.007,119.41,116.018,112.815,109.785,106.915,104.192,101.605,99.1456,96.8034,94.5707,92.44,90.4045,88.4582,86.5955,84.811,83.1001,81.4584,79.8819,78.3669,76.91,75.508,74.1578,72.8569,71.6026,70.3926,69.2246,68.0966,67.0068,65.9532,64.9342,63.9482,62.9938,62.0695,61.174,60.3061,59.4647,58.6486,57.8568,57.0884,56.3424,55.6179,54.9142,54.2305,53.566,52.92,52.2919,51.681,51.0867,50.5085,49.9458,49.3981,48.8649,48.3458,47.8402,47.3479,46.8683,46.4011,45.946,45.5025,45.0703,44.6491,44.2386,43.8386,43.4486,43.0685,42.698,42.3368,41.9847,41.6415,41.307,40.9808,40.6629,40.3531,40.0511,39.7568,39.47,39.1905,38.9182,38.6529,38.3945,38.1428,37.8977,37.6591,37.4268,37.2007,36.9807,36.7666,36.5585,36.356,36.1593,35.9681,35.7823,35.6019,35.4268,35.2569,35.0921,34.9323,34.7774,34.6274,34.4823,34.3418,34.206,34.0748,33.9481,33.8259,33.7081,33.5946,33.4854,33.3805,33.2797,33.1831,33.0906,33.002,32.9175,32.8369,32.7602,32.6874,32.6183,32.553,32.4915,32.4336,32.3795,32.3289,32.2819,32.2385,32.1986,32.1621,32.1291,32.0996,32.0734,32.0506,32.0312,32.0151,32.0022,31.9926,31.9863,31.9831,31.9832,31.9864,31.9927,32.0022,32.0148,32.0304,32.0491,32.0709,32.0957,32.1234,32.1541,32.1879,32.2245,32.2641,32.3066,32.352,32.4003,32.4514,32.5054,32.5623,32.6219,32.6844,32.7496,32.8177,32.8885,32.962,33.0383,33.1174,33.1991,33.2836,33.3707,33.4605,33.553,33.6482,33.746,33.8465,33.9495,34.0553,34.1635,34.2745,34.388,34.504,34.6227,34.7439,34.8677,34.994,35.1228,35.2542,35.3881,35.5245,35.6634,35.8049,35.9488,36.0951,36.244,36.3953,36.5491,36.7053,36.864,37.0251,37.1887,37.3547,37.5231,37.6939,37.8671,38.0427,38.2207,38.4011,38.5839,38.769,38.9566,39.1464,39.3387,39.5333,39.7302,39.9295,40.1311,40.335,40.5413,40.7499,40.9608,41.174,41.3895,41.6073,41.8274,42.0498,42.2745,42.5015,42.7307,42.9622,43.1959,43.432,43.6702,43.9108,44.1535,44.3985,44.6458,44.8953,45.147,45.4009,45.6571,45.9155,46.02\right]
a_{turn}=\left[\right]
d_{kin}=\left[99.9999,99.9999,99.9999,99.9999,99.9999,99.9999,99.9999,99.9999,99.9999,99.9999,99.9999,99.9999,99.9999,99.9999,99.9999,99.9999,99.9999,99.9999,99.9999,99.9999,99.9999,99.9999,99.9999,99.9999,99.9999,99.9999,99.9999,99.9999,99.9999,99.9999,99.9999,99.9999,99.9999,99.9999,99.9999,99.9999,99.9999,99.9999,99.9999,99.9999,99.9999,99.9999,99.9999,99.9999,99.9999,99.9999,99.9999,99.9999,99.9999,99.9999,99.9999,99.9999,99.9999,99.9999,99.9999,99.9999,99.9999,99.9999,99.9999,99.9999,99.9999,99.9999,99.9999,99.9999,99.9999,99.9999,99.9999,99.9999,99.9999,99.9999,99.9999,99.9999,99.9999,99.9999,99.9999,99.9999,99.9999,99.9999,99.9999,99.9999,99.9999,99.9999,99.9999,99.9999,99.9999,99.9999,99.9999,99.9999,99.9999,99.9999,99.9999,99.9999,99.9999,99.9999,99.9999,99.9999,99.9999,99.9999,99.9999,99.9999,99.9999,99.9999,99.9999,99.9999,99.9999,99.9999,99.9999,99.9999,99.9999,99.9999,99.9999,99.9999,99.9999,99.9999,99.9999,99.9999,99.9999,99.9999,99.9999,99.9999,99.9999,99.9999,99.9999,99.9999,99.9999,99.9999,99.9999,99.9999,99.9999,99.9999,99.9999,99.9999,99.9999,99.9999,99.9999,99.9999,99.9999,99.9999,99.9999,99.9999,99.9999,99.9999,99.9999,99.9999,99.9999,99.9999,99.9999,99.9999,99.9999,99.9999,99.9999,99.9999,99.9999,99.9999,99.9999,99.9999,99.9999,99.9999,99.9999,99.9999,99.9999,99.9999,99.9999,99.9999,99.9999,99.9999,99.9999,99.9999,99.9999,99.9999,99.9999,99.9999,99.9999,99.9999,99.9999,99.9999,99.9999,99.9999,99.9999,99.9999,99.9999,99.9999,99.9999,99.9999,99.9999,99.9999,99.9999,99.9999,99.9999,99.9999,99.9999,99.9999,99.9999,99.9999,99.9999,99.9999,99.9999,99.9999,99.9999,99.9999,99.9999,99.9999,99.9999,99.9999,99.9999,99.9999,99.9999,99.9999,99.9999,99.9999,99.9999,99.9999,99.9999,99.9999,99.9999,99.9999,99.9999,99.9999,99.9999,99.9999,99.9999,99.9999,99.9999,99.9999,99.9999,99.9999,99.9999,99.9999,99.9999,99.9999,99.9999,99.9999,99.9999,99.9999,99.9999,99.9999,46.0198,45.7612,45.5049,45.2508,44.9989,44.7492,44.5017,44.2564,44.0134,43.7726,43.534,43.2977,43.0636,42.8318,42.6022,42.3749,42.1498,41.927,41.7065,41.4883,41.2723,41.0586,40.8473,40.6382,40.4314,40.2269,40.0248,39.8249,39.6274,39.4323,39.2394,39.0489,38.8608,38.6749,38.4915,38.3104,38.1317,37.9554,37.7814,37.6098,37.4407,37.2739,37.1095,36.9476,36.7881,36.6309,36.4763,36.324,36.1743,36.027,35.8821,35.7397,35.5998,35.4624,35.3275,35.195,35.0651,34.9377,34.8128,34.6905,34.5707,34.4534,34.3387,34.2267,34.1171,34.0102,33.9058,33.8041,33.705,33.6085,33.5147,33.4235,33.335,33.2491,33.1659,33.0855,33.0077,32.9326,32.8603,32.7908,32.724,32.6599,32.5987,32.5402,32.4846,32.4318,32.3818,32.3347,32.2905,32.2492,32.2107,32.1752,32.1427,32.113,32.0864,32.0628,32.0422,32.0246,32.01,31.9985,31.9902,31.9849,31.9828,31.9839,31.9881,31.9955,32.0062,32.0201,32.0373,32.0578,32.0817,32.1089,32.1395,32.1736,32.2111,32.2521,32.2966,32.3446,32.3963,32.4515,32.5105,32.5731,32.6394,32.7095,32.7835,32.8613,32.943,33.0286,33.1182,33.2119,33.3096,33.4115,33.5176,33.6279,33.7425,33.8615,33.9849,34.1128,34.2451,34.3821,34.5238,34.6702,34.8214,34.9775,35.1386,35.3047,35.4759,35.6524,35.8341,36.0212,36.2138,36.412,36.6158,36.8254,37.0409,37.2624,37.4901,37.7239,37.9641,38.2108,38.4642,38.7243,38.9913,39.2653,39.5466,39.8352,40.1314,40.4353,40.7471,41.067,41.3952,41.7319,42.0773,42.4316,42.795,43.1679,43.5504,43.9428,44.3454,44.7585,45.1824,45.6173,46.0637,46.5217,46.9919,47.4746,47.9702,48.479,49.0016,49.5383,50.0897,50.6562,51.2383,51.8367,52.4518,53.0843,53.7348,54.4041,55.0927,55.8015,56.5312,57.2827,58.0569,58.8546,59.677,60.5249,61.3996,62.3022,63.2339,64.1961,65.1902,66.2178,67.2803,68.3796,69.5174,70.6958,71.9167,73.1826,74.4956,75.8586,77.2741,78.7453,80.2755,81.868,83.5267,85.2557,87.0595,88.9428,90.9111,92.9699,93.3056,93.4507,93.5964,93.7427,93.8894,94.0367,94.1846,94.3329,94.4818,94.6312,94.7811,94.9316,95.0825,95.234,95.386,95.5385,95.6915,95.8451,95.9991,96.1537,96.3088,96.4644,96.6205,96.7772,96.9343,97.092,97.2502,97.4089,97.5682,97.728,97.8883,98.0491,98.2104,98.3723,98.5348,98.6977,98.8613,99.0253,99.1899,99.355,99.5207,99.687,99.8538,99.9788,99.8116,99.645,99.4788,99.3133,99.1483,98.9838,98.8199,98.6565,98.4937,98.3314,98.1696,98.0084,97.8477,97.6875,97.5279,97.3688,97.2102,97.0521,96.8946,96.7376,96.581,96.4251,96.2696,96.1146,95.9602,95.8062,95.6528,95.4999,95.3475,95.1957,95.0443,94.8935,94.7432,94.5934,94.4441,94.2954,94.1472,93.9995,93.8523,93.7056,93.5595,93.414,93.2689,92.44,90.4045,88.4582,86.5955,84.811,83.1001,81.4584,79.8819,78.3669,76.91,75.508,74.1578,72.8569,71.6026,70.3926,69.2246,68.0966,67.0068,65.9532,64.9342,63.9482,62.9938,62.0695,61.174,60.3061,59.4647,58.6486,57.8568,57.0884,56.3424,55.6179,54.9142,54.2305,53.566,52.92,52.2919,51.681,51.0867,50.5085,49.9458,49.3981,48.8649,48.3458,47.8402,47.3479,46.8683,46.4011,45.946,45.5025,45.0703,44.6491,44.2386,43.8386,43.4486,43.0685,42.698,42.3368,41.9847,41.6415,41.307,40.9808,40.6629,40.3531,40.0511,39.7568,39.47,39.1905,38.9182,38.6529,38.3945,38.1428,37.8977,37.6591,37.4268,37.2007,36.9807,36.7666,36.5585,36.356,36.1593,35.9681,35.7823,35.6019,35.4268,35.2569,35.0921,34.9323,34.7774,34.6274,34.4823,34.3418,34.206,34.0748,33.9481,33.8259,33.7081,33.5946,33.4854,33.3805,33.2797,33.1831,33.0906,33.002,32.9175,32.8369,32.7602,32.6874,32.6183,32.553,32.4915,32.4336,32.3795,32.3289,32.2819,32.2385,32.1986,32.1621,32.1291,32.0996,32.0734,32.0506,32.0312,32.0151,32.0022,31.9926,31.9863,31.9831,31.9832,31.9864,31.9927,32.0022,32.0148,32.0304,32.0491,32.0709,32.0957,32.1234,32.1541,32.1879,32.2245,32.2641,32.3066,32.352,32.4003,32.4514,32.5054,32.5623,32.6219,32.6844,32.7496,32.8177,32.8885,32.962,33.0383,33.1174,33.1991,33.2836,33.3707,33.4605,33.553,33.6482,33.746,33.8465,33.9495,34.0553,34.1635,34.2745,34.388,34.504,34.6227,34.7439,34.8677,34.994,35.1228,35.2542,35.3881,35.5245,35.6634,35.8049,35.9488,36.0951,36.244,36.3953,36.5491,36.7053,36.864,37.0251,37.1887,37.3547,37.5231,37.6939,37.8671,38.0427,38.2207,38.4011,38.5839,38.769,38.9566,39.1464,39.3387,39.5333,39.7302,39.9295,40.1311,40.335,40.5413,40.7499,40.9608,41.174,41.3895,41.6073,41.8274,42.0498,42.2745,42.5015,42.7307,42.9622,43.1959,43.432,43.6702,43.9108,44.1535,44.3985,44.6458,44.8953,45.147,45.4009,45.6571,45.9155,46.02\right]
d_{turn}=\left[\right]
v_{kin}=\left[59.9999,59.9999,59.9999,59.9999,59.9999,59.9999,59.9999,59.9999,59.9999,59.9999,59.9999,59.9999,59.9999,59.9999,59.9999,59.9999,59.9999,59.9999,59.9999,59.9999,59.9999,59.9999,59.9999,59.9999,59.9999,59.9999,59.9999,59.9999,59.9999,59.9999,59.9999,59.9999,59.9999,59.9999,59.9999,59.9999,59.9999,59.9999,59.9999,59.9999,59.9999,59.9999,59.9999,59.9999,59.9999,59.9999,59.9999,59.9999,59.9999,59.9999,59.9999,59.9999,59.9999,59.9999,59.9999,59.9999,59.9999,59.9999,59.9999,59.9999,59.9999,59.9999,59.9999,59.9999,59.9999,59.9999,59.9999,59.9999,59.9999,59.9999,59.9999,59.9999,59.9999,59.9999,59.9999,59.9999,59.9999,59.9999,59.9999,59.9999,59.9999,59.9999,59.9999,59.9999,59.9999,59.9999,59.9999,59.9999,59.9999,59.9999,59.9999,59.9999,59.9999,59.9999,59.9999,59.9999,59.9999,59.9999,59.9999,59.9999,59.9999,59.9999,59.9999,59.9999,59.9999,59.9999,59.9999,59.9999,59.9999,59.9999,59.9999,59.9999,59.9999,59.9999,59.9999,59.9999,59.9999,59.9999,59.9999,59.9999,59.9999,59.9999,59.9999,59.9999,59.9999,59.9999,59.9999,59.9999,59.9999,59.9999,59.9999,59.9999,59.9999,59.9999,59.9999,59.9999,59.9999,59.9999,59.9999,59.9999,59.9999,59.9999,59.9999,59.9999,59.9999,59.9999,59.9999,59.9999,59.9999,59.9999,59.9999,59.9999,59.9999,59.9999,59.9999,59.9999,59.9999,59.9999,59.9999,59.9999,59.9999,59.9999,59.9999,59.9999,59.9999,59.9999,59.9999,59.9999,59.9999,59.9999,59.9999,59.9999,59.9999,59.9999,59.9999,59.9999,59.9999,59.9999,59.9999,59.9999,59.9999,59.9999,59.9999,59.9999,59.9999,59.9999,59.9999,59.9999,59.9999,59.9999,59.9999,59.9999,59.9999,59.9999,59.9999,59.9999,59.9999,59.9999,59.9999,59.9999,59.9999,59.9999,59.9999,59.9999,59.9999,59.9999,59.9999,59.9999,59.9999,59.9999,59.9999,59.9999,59.9999,59.9999,59.9999,59.9999,59.9999,59.9999,59.9999,59.9999,59.9999,59.9999,59.9999,59.9999,59.9999,59.9999,59.9999,59.9999,59.9999,59.9999,59.9999,59.9999,59.9999,59.9999,59.9999,59.9999,52.2509,52.2128,52.1746,52.1365,52.0982,52.06,52.0217,51.9834,51.9451,51.9067,51.8684,51.83,51.7917,51.7534,51.7151,51.6768,51.6386,51.6003,51.5622,51.5241,51.486,51.448,51.4101,51.3723,51.3345,51.2969,51.2593,51.2219,51.1845,51.1473,51.1103,51.0734,51.0366,51,50.9636,50.9273,50.8912,50.8554,50.8197,50.7843,50.749,50.7141,50.6793,50.6448,50.6106,50.5767,50.543,50.5096,50.4766,50.4438,50.4114,50.3794,50.3476,50.3163,50.2853,50.2546,50.2244,50.1946,50.1652,50.1362,50.1077,50.0796,50.0519,50.0248,49.9981,49.9719,49.9462,49.921,49.8964,49.8723,49.8487,49.8257,49.8033,49.7814,49.7602,49.7395,49.7195,49.7001,49.6813,49.6632,49.6457,49.629,49.6128,49.5974,49.5827,49.5687,49.5554,49.5428,49.531,49.5199,49.5096,49.5001,49.4913,49.4833,49.4761,49.4697,49.4641,49.4593,49.4554,49.4523,49.45,49.4486,49.448,49.4483,49.4494,49.4515,49.4544,49.4581,49.4628,49.4684,49.4748,49.4822,49.4904,49.4996,49.5097,49.5207,49.5326,49.5455,49.5592,49.5739,49.5895,49.6061,49.6236,49.642,49.6613,49.6816,49.7028,49.7249,49.748,49.7719,49.7968,49.8227,49.8494,49.8771,49.9057,49.9352,49.9657,49.997,50.0293,50.0624,50.0965,50.1314,50.1672,50.2039,50.2415,50.28,50.3194,50.3596,50.4006,50.4426,50.4853,50.5289,50.5734,50.6186,50.6647,50.7116,50.7593,50.8079,50.8572,50.9072,50.9581,51.0097,51.0621,51.1153,51.1692,51.2238,51.2791,51.3352,51.392,51.4495,51.5077,51.5666,51.6262,51.6864,51.7473,51.8088,51.871,51.9339,51.9973,52.0614,52.1261,52.1914,52.2573,52.3238,52.3909,52.4585,52.5267,52.5955,52.6648,52.7346,52.805,52.8759,52.9474,53.0193,53.0917,53.1647,53.2381,53.312,53.3864,53.4612,53.5365,53.6123,53.6885,53.7652,53.8423,53.9198,53.9978,54.0761,54.1549,54.2341,54.3137,54.3937,54.4741,54.5549,54.636,54.7175,54.7995,54.8817,54.9644,55.0474,55.1307,55.2145,55.2985,55.3829,55.4677,55.5528,55.6383,55.724,55.8101,55.8966,55.9834,56.0704,56.1579,56.2456,56.3337,56.422,56.5107,56.5998,56.6891,56.7787,56.8687,56.959,57.0495,57.1404,57.2316,57.3231,57.4149,57.5071,57.5995,57.6922,57.7853,57.8786,57.9723,58.0663,58.1606,58.2552,58.3501,58.4454,58.5409,58.6368,58.733,58.8295,58.9263,59.0234,59.1209,59.2186,59.3167,59.4152,59.5139,59.613,59.7124,59.8122,59.9123,59.9873,59.887,59.787,59.6873,59.588,59.489,59.3903,59.2919,59.1939,59.0962,58.9988,58.9018,58.805,58.7086,58.6125,58.5167,58.4213,58.3261,58.2313,58.1368,58.0425,57.9486,57.855,57.7617,57.6688,57.5761,57.4837,57.3917,57.3,57.2085,57.1174,57.0266,56.9361,56.8459,56.756,56.6665,56.5772,56.4883,56.3997,56.3114,56.2234,56.1357,56.0484,55.9614,55.8747,55.7883,55.7023,55.6166,55.5312,55.4462,55.3615,55.2772,55.1932,55.1096,55.0263,54.9434,54.8608,54.7786,54.6968,54.6154,54.5343,54.4536,54.3733,54.2934,54.2139,54.1348,54.0561,53.9778,53.9,53.8226,53.7456,53.669,53.5929,53.5172,53.442,53.3673,53.293,53.2192,53.1459,53.073,53.0007,52.9289,52.8576,52.7868,52.7165,52.6468,52.5776,52.509,52.4409,52.3734,52.3064,52.2401,52.1743,52.1091,52.0445,51.9806,51.9173,51.8546,51.7925,51.7311,51.6704,51.6103,51.5509,51.4921,51.4341,51.3768,51.3201,51.2642,51.209,51.1545,51.1008,51.0478,50.9956,50.9442,50.8935,50.8436,50.7945,50.7461,50.6986,50.6519,50.606,50.5609,50.5167,50.4733,50.4307,50.389,50.3481,50.3081,50.269,50.2307,50.1933,50.1568,50.1212,50.0865,50.0527,50.0197,49.9877,49.9566,49.9264,49.8971,49.8688,49.8413,49.8148,49.7892,49.7646,49.7408,49.718,49.6962,49.6752,49.6552,49.6362,49.618,49.6008,49.5845,49.5692,49.5548,49.5413,49.5287,49.5171,49.5063,49.4965,49.4876,49.4797,49.4726,49.4664,49.4611,49.4568,49.4533,49.4507,49.4489,49.4481,49.4481,49.449,49.4507,49.4533,49.4567,49.4609,49.466,49.4719,49.4786,49.4861,49.4944,49.5035,49.5133,49.5239,49.5353,49.5474,49.5603,49.5739,49.5882,49.6032,49.619,49.6354,49.6525,49.6702,49.6886,49.7077,49.7274,49.7477,49.7687,49.7902,49.8123,49.8351,49.8584,49.8822,49.9066,49.9315,49.957,49.9829,50.0094,50.0364,50.0638,50.0917,50.1201,50.1489,50.1781,50.2078,50.2379,50.2684,50.2992,50.3305,50.3621,50.3941,50.4264,50.459,50.492,50.5253,50.5589,50.5928,50.6269,50.6614,50.6961,50.731,50.7662,50.8017,50.8373,50.8732,50.9092,50.9455,50.9819,51.0186,51.0554,51.0923,51.1294,51.1666,51.204,51.2415,51.2791,51.3168,51.3546,51.3925,51.4305,51.4686,51.5067,51.5449,51.5832,51.6215,51.6598,51.6982,51.7366,51.775,51.8134,51.8519,51.8903,51.9288,51.9672,52.0056,52.044,52.0824,52.1208,52.1591,52.1973,52.2356,52.2509\right]
v_{turn}=\left[7.87402e+06,7.87402e+06,7.87402e+06,7.87402e+06,7.87402e+06,7.87402e+06,7.87402e+06,7.87402e+06,7.87402e+06,7.87402e+06,7.87402e+06,7.87402e+06,7.87402e+06,7.87402e+06,7.87402e+06,7.87402e+06,7.87402e+06,7.87402e+06,7.87402e+06,7.87402e+06,7.87402e+06,7.87402e+06,7.87402e+06,7.87402e+06,7.87402e+06,7.87402e+06,7.87402e+06,7.87402e+06,7.87402e+06,7.87402e+06,7.87402e+06,7.87402e+06,7.87402e+06,7.87402e+06,7.87402e+06,7.87402e+06,7.87402e+06,7.87402e+06,7.87402e+06,7.87402e+06,7.87402e+06,7.87402e+06,7.87402e+06,7.87402e+06,7.87402e+06,7.87402e+06,7.87402e+06,7.87402e+06,7.87402e+06,7.87402e+06,7.87402e+06,7.87402e+06,7.87402e+06,7.87402e+06,7.87402e+06,7.87402e+06,7.87402e+06,7.87402e+06,7.87402e+06,7.87402e+06,7.87402e+06,7.87402e+06,7.87402e+06,7.87402e+06,7.87402e+06,7.87402e+06,7.87402e+06,7.87402e+06,7.87402e+06,7.87402e+06,7.87402e+06,7.87402e+06,7.87402e+06,7.87402e+06,7.87402e+06,7.87402e+06,7.87402e+06,7.87402e+06,7.87402e+06,7.87402e+06,7.87402e+06,7.87402e+06,7.87402e+06,7.87402e+06,7.87402e+06,7.87402e+06,7.87402e+06,7.87402e+06,7.87402e+06,7.87402e+06,7.87402e+06,7.87402e+06,7.87402e+06,7.87402e+06,7.87402e+06,7.87402e+06,7.87402e+06,7.87402e+06,7.87402e+06,7.87402e+06,7.87402e+06,7.87402e+06,7.87402e+06,7.87402e+06,7.87402e+06,7.87402e+06,7.87402e+06,7.87402e+06,7.87402e+06,7.87402e+06,7.87402e+06,7.87402e+06,7.87402e+06,7.87402e+06,7.87402e+06,7.87402e+06,7.87402e+06,7.87402e+06,7.87402e+06,7.87402e+06,7.87402e+06,7.87402e+06,7.87402e+06,7.87402e+06,7.87402e+06,7.87402e+06,7.87402e+06,7.87402e+06,7.87402e+06,7.87402e+06,7.87402e+06,7.87402e+06,7.87402e+06,7.87402e+06,7.87402e+06,7.87402e+06,7.87402e+06,7.87402e+06,7.87402e+06,7.87402e+06,7.87402e+06,7.87402e+06,7.87402e+06,7.87402e+06,7.87402e+06,7.87402e+06,7.87402e+06,7.87402e+06,7.87402e+06,7.87402e+06,7.87402e+06,7.87402e+06,7.87402e+06,7.87402e+06,7.87402e+06,7.87402e+06,7.87402e+06,7.87402e+06,7.87402e+06,7.87402e+06,7.87402e+06,7.87402e+06,7.87402e+06,7.87402e+06,7.87402e+06,7.87402e+06,7.87402e+06,7.87402e+06,7.87402e+06,7.87402e+06,7.87402e+06,7.87402e+06,7.87402e+06,7.87402e+06,7.87402e+06,7.87402e+06,7.87402e+06,7.87402e+06,7.87402e+06,7.87402e+06,7.87402e+06,7.87402e+06,7.87402e+06,7.87402e+06,7.87402e+06,7.87402e+06,7.87402e+06,7.87402e+06,7.87402e+06,7.87402e+06,7.87402e+06,7.87402e+06,7.87402e+06,7.87402e+06,7.87402e+06,7.87402e+06,7.87402e+06,7.87402e+06,7.87402e+06,7.87402e+06,7.87402e+06,7.87402e+06,7.87402e+06,7.87402e+06,7.87402e+06,7.87402e+06,7.87402e+06,7.87402e+06,7.87402e+06,7.87402e+06,7.87402e+06,7.87402e+06,7.87402e+06,7.87402e+06,7.87402e+06,7.87402e+06,7.87402e+06,7.87402e+06,7.87402e+06,7.87402e+06,7.87402e+06,7.87402e+06,7.87402e+06,7.87402e+06,7.87402e+06,7.87402e+06,7.87402e+06,7.87402e+06,7.87402e+06,7.87402e+06,7.87402e+06,7.87402e+06,7.87402e+06,7.87402e+06,7.87402e+06,7.87402e+06,70.7997,70.4019,70.0076,69.6166,69.229,68.8449,68.4641,68.0868,67.7129,67.3424,66.9754,66.6118,66.2517,65.895,65.5418,65.1921,64.8459,64.5031,64.1639,63.8281,63.4959,63.1671,62.8419,62.5203,62.2021,61.8876,61.5766,61.2691,60.9653,60.665,60.3683,60.0752,59.7858,59.4999,59.2177,58.9391,58.6642,58.3929,58.1252,57.8613,57.601,57.3445,57.0916,56.8424,56.597,56.3553,56.1173,55.8832,55.6527,55.4261,55.2032,54.9842,54.7689,54.5575,54.3499,54.1462,53.9463,53.7503,53.5582,53.37,53.1857,53.0053,52.8288,52.6564,52.4879,52.3234,52.1628,52.0063,51.8538,51.7054,51.561,51.4207,51.2845,51.1525,51.0245,50.9007,50.7811,50.6656,50.5544,50.4473,50.3446,50.246,50.1518,50.0619,49.9763,49.8951,49.8182,49.7458,49.6777,49.6141,49.555,49.5004,49.4502,49.4047,49.3637,49.3273,49.2956,49.2686,49.2462,49.2285,49.2157,49.2076,49.2043,49.2059,49.2124,49.2239,49.2403,49.2617,49.2882,49.3198,49.3565,49.3983,49.4454,49.4978,49.5555,49.6186,49.687,49.761,49.8404,49.9254,50.0161,50.1124,50.2145,50.3224,50.4361,50.5558,50.6815,50.8132,50.9511,51.0952,51.2456,51.4023,51.5655,51.7353,51.9116,52.0946,52.2845,52.4812,52.6848,52.8956,53.1136,53.3388,53.5714,53.8116,54.0594,54.3149,54.5784,54.8498,55.1294,55.4173,55.7135,56.0184,56.332,56.6545,56.9861,57.3268,57.677,58.0368,58.4064,58.7859,59.1757,59.5758,59.9866,60.4082,60.8409,61.285,61.7406,62.2082,62.6879,63.18,63.6849,64.2029,64.7343,65.2793,65.8385,66.4121,67.0006,67.6043,68.2237,68.8592,69.5113,70.1805,70.8672,71.5719,72.2953,73.0379,73.8003,74.5831,75.3871,76.2128,77.0611,77.9326,78.8282,79.7488,80.6951,81.6682,82.669,83.6985,84.758,85.8484,86.9711,88.1272,89.3182,90.5456,91.8107,93.1152,94.4609,95.8495,97.2829,98.7632,100.293,101.873,103.508,105.199,106.95,108.763,110.641,112.589,114.609,116.705,118.883,121.147,123.501,125.951,128.503,131.163,133.938,136.835,139.863,143.031,146.347,149.824,153.471,157.303,161.334,165.578,170.054,174.781,179.78,185.075,190.693,196.665,203.025,209.811,217.068,224.848,233.207,242.213,251.944,262.491,273.96,286.479,300.199,315.301,332.003,350.574,371.348,394.739,421.276,451.639,486.72,527.709,576.239,634.598,706.112,795.791,911.563,1066.76,1285.64,1617.52,2180.4,3344.08,7171.49,49617.2,5563.21,2946.83,2004.24,1518.51,1222.29,1022.78,879.254,771.056,686.57,618.77,563.157,516.718,477.354,443.564,414.242,388.557,365.871,345.69,327.619,311.345,296.611,283.21,270.969,259.743,249.412,239.872,231.037,222.83,215.188,208.053,201.379,195.12,189.241,183.707,178.489,173.561,168.9,164.484,160.295,156.316,152.532,148.928,145.493,142.215,139.084,136.09,133.224,130.478,127.846,125.321,122.895,120.565,118.323,116.166,114.089,112.088,110.158,108.296,106.499,104.764,103.087,101.466,99.8988,98.3819,96.9135,95.4915,94.1138,92.7786,91.4841,90.2286,89.0104,87.8283,86.6806,85.566,84.4834,83.4315,82.4092,81.4154,80.449,79.5092,78.5949,77.7054,76.8397,75.9971,75.1768,74.3781,73.6004,72.8429,72.1051,71.3863,70.6861,70.0038,69.3389,68.691,68.0594,67.444,66.844,66.2593,65.6893,65.1336,64.5919,64.0639,63.5492,63.0474,62.5584,62.0817,61.6171,61.1643,60.723,60.2931,59.8741,59.466,59.0685,58.6813,58.3042,57.937,57.5797,57.2318,56.8933,56.564,56.2438,55.9323,55.6297,55.3355,55.0497,54.7722,54.5028,54.2413,53.9878,53.742,53.5037,53.273,53.0496,52.8335,52.6246,52.4228,52.2279,52.0399,51.8586,51.684,51.5161,51.3546,51.1996,51.0509,50.9086,50.7724,50.6423,50.5183,50.4003,50.2882,50.182,50.0816,49.9869,49.8979,49.8146,49.7368,49.6645,49.5976,49.5362,49.4802,49.4295,49.384,49.3438,49.3087,49.2788,49.254,49.2342,49.2194,49.2097,49.2048,49.2049,49.2098,49.2196,49.2342,49.2535,49.2776,49.3064,49.3398,49.3779,49.4206,49.4679,49.5198,49.5762,49.6371,49.7025,49.7723,49.8466,49.9253,50.0084,50.0958,50.1876,50.2837,50.3841,50.4887,50.5977,50.7108,50.8282,50.9498,51.0756,51.2055,51.3396,51.4778,51.6201,51.7665,51.9169,52.0715,52.2301,52.3927,52.5593,52.7299,52.9045,53.0831,53.2657,53.4521,53.6426,53.8369,54.0351,54.2372,54.4433,54.6531,54.8668,55.0844,55.3058,55.531,55.76,55.9928,56.2294,56.4698,56.7139,56.9618,57.2134,57.4687,57.7278,57.9906,58.2571,58.5272,58.8011,59.0786,59.3598,59.6447,59.9332,60.2253,60.521,60.8204,61.1234,61.43,61.7401,62.0539,62.3712,62.6921,63.0166,63.3446,63.6762,64.0113,64.3499,64.6921,65.0377,65.3869,65.7395,66.0957,66.4553,66.8184,67.185,67.555,67.9285,68.3055,68.6859,69.0697,69.4569,69.8476,70.2417,70.6392,70.8\right]
v_{friction}=\left[59.9999,59.9999,59.9999,59.9999,59.9999,59.9999,59.9999,59.9999,59.9999,59.9999,59.9999,59.9999,59.9999,59.9999,59.9999,59.9999,59.9999,59.9999,59.9999,59.9999,59.9999,59.9999,59.9999,59.9999,59.9999,59.9999,59.9999,59.9999,59.9999,59.9999,59.9999,59.9999,59.9999,59.9999,59.9999,59.9999,59.9999,59.9999,59.9999,59.9999,59.9999,59.9999,59.9999,59.9999,59.9999,59.9999,59.9999,59.9999,59.9999,59.9999,59.9999,59.9999,59.9999,59.9999,59.9999,59.9999,59.9999,59.9999,59.9999,59.9999,59.9999,59.9999,59.9999,59.9999,59.9999,59.9999,59.9999,59.9999,59.9999,59.9999,59.9999,59.9999,59.9999,59.9999,59.9999,59.9999,59.9999,59.9999,59.9999,59.9999,59.9999,59.9999,59.9999,59.9999,59.9999,59.9999,59.9999,59.9999,59.9999,59.9999,59.9999,59.9999,59.9999,59.9999,59.9999,59.9999,59.9999,59.9999,59.9999,59.9999,59.9999,59.9999,59.9999,59.9999,59.9999,59.9999,59.9999,59.9999,59.9999,59.9999,59.9999,59.9999,59.9999,59.9999,59.9999,59.9999,59.9999,59.9999,59.9999,59.9999,59.9999,59.9999,59.9999,59.9999,59.9999,59.9999,59.9999,59.9999,59.9999,59.9999,59.9999,59.9999,59.9999,59.9999,59.9999,59.9999,59.9999,59.9999,59.9999,59.9999,59.9999,59.9999,59.9999,59.9999,59.9999,59.9999,59.9999,59.9999,59.9999,59.9999,59.9999,59.9999,59.9999,59.9999,59.9999,59.9999,59.9999,59.9999,59.9999,59.9999,59.9999,59.9999,59.9999,59.9999,59.9999,59.9999,59.9999,59.9999,59.9999,59.9999,59.9999,59.9999,59.9999,59.9999,59.9999,59.9999,59.9999,59.9999,59.9999,59.9999,59.9999,59.9999,59.9999,59.9999,59.9999,59.9999,59.9999,59.9999,59.9999,59.9999,59.9999,59.9999,59.9999,59.9999,59.9999,59.9999,59.9999,59.9999,59.9999,59.9999,59.9999,59.9999,59.9999,59.9999,59.9999,59.9999,59.9999,59.9999,59.9999,59.9999,59.9999,59.9999,59.9999,59.9999,59.9999,59.9999,59.9999,59.9999,59.9999,59.9999,59.9999,59.9999,59.9999,59.9999,59.9999,59.9999,59.9999,59.9999,59.9999,59.9999,59.9999,59.9999,59.9999,59.9999,59.9999,59.9999,52.2509,52.2128,52.1746,52.1365,52.0982,52.06,52.0217,51.9834,51.9451,51.9067,51.8684,51.83,51.7917,51.7534,51.7151,51.6768,51.6386,51.6003,51.5622,51.5241,51.486,51.448,51.4101,51.3723,51.3345,51.2969,51.2593,51.2219,51.1845,51.1473,51.1103,51.0734,51.0366,51,50.9636,50.9273,50.8912,50.8554,50.8197,50.7843,50.749,50.7141,50.6793,50.6448,50.6106,50.5767,50.543,50.5096,50.4766,50.4438,50.4114,50.3794,50.3476,50.3163,50.2853,50.2546,50.2244,50.1946,50.1652,50.1362,50.1077,50.0796,50.0519,50.0248,49.9981,49.9719,49.9462,49.921,49.8964,49.8723,49.8487,49.8257,49.8033,49.7814,49.7602,49.7395,49.7195,49.7001,49.6813,49.6632,49.6457,49.629,49.6128,49.5974,49.5827,49.5687,49.5554,49.5428,49.531,49.5199,49.5096,49.5001,49.4502,49.4047,49.3637,49.3273,49.2956,49.2686,49.2462,49.2285,49.2157,49.2076,49.2043,49.2059,49.2124,49.2239,49.2403,49.2617,49.2882,49.3198,49.3565,49.3983,49.4454,49.4978,49.5097,49.5207,49.5326,49.5455,49.5592,49.5739,49.5895,49.6061,49.6236,49.642,49.6613,49.6816,49.7028,49.7249,49.748,49.7719,49.7968,49.8227,49.8494,49.8771,49.9057,49.9352,49.9657,49.997,50.0293,50.0624,50.0965,50.1314,50.1672,50.2039,50.2415,50.28,50.3194,50.3596,50.4006,50.4426,50.4853,50.5289,50.5734,50.6186,50.6647,50.7116,50.7593,50.8079,50.8572,50.9072,50.9581,51.0097,51.0621,51.1153,51.1692,51.2238,51.2791,51.3352,51.392,51.4495,51.5077,51.5666,51.6262,51.6864,51.7473,51.8088,51.871,51.9339,51.9973,52.0614,52.1261,52.1914,52.2573,52.3238,52.3909,52.4585,52.5267,52.5955,52.6648,52.7346,52.805,52.8759,52.9474,53.0193,53.0917,53.1647,53.2381,53.312,53.3864,53.4612,53.5365,53.6123,53.6885,53.7652,53.8423,53.9198,53.9978,54.0761,54.1549,54.2341,54.3137,54.3937,54.4741,54.5549,54.636,54.7175,54.7995,54.8817,54.9644,55.0474,55.1307,55.2145,55.2985,55.3829,55.4677,55.5528,55.6383,55.724,55.8101,55.8966,55.9834,56.0704,56.1579,56.2456,56.3337,56.422,56.5107,56.5998,56.6891,56.7787,56.8687,56.959,57.0495,57.1404,57.2316,57.3231,57.4149,57.5071,57.5995,57.6922,57.7853,57.8786,57.9723,58.0663,58.1606,58.2552,58.3501,58.4454,58.5409,58.6368,58.733,58.8295,58.9263,59.0234,59.1209,59.2186,59.3167,59.4152,59.5139,59.613,59.7124,59.8122,59.9123,59.9873,59.887,59.787,59.6873,59.588,59.489,59.3903,59.2919,59.1939,59.0962,58.9988,58.9018,58.805,58.7086,58.6125,58.5167,58.4213,58.3261,58.2313,58.1368,58.0425,57.9486,57.855,57.7617,57.6688,57.5761,57.4837,57.3917,57.3,57.2085,57.1174,57.0266,56.9361,56.8459,56.756,56.6665,56.5772,56.4883,56.3997,56.3114,56.2234,56.1357,56.0484,55.9614,55.8747,55.7883,55.7023,55.6166,55.5312,55.4462,55.3615,55.2772,55.1932,55.1096,55.0263,54.9434,54.8608,54.7786,54.6968,54.6154,54.5343,54.4536,54.3733,54.2934,54.2139,54.1348,54.0561,53.9778,53.9,53.8226,53.7456,53.669,53.5929,53.5172,53.442,53.3673,53.293,53.2192,53.1459,53.073,53.0007,52.9289,52.8576,52.7868,52.7165,52.6468,52.5776,52.509,52.4409,52.3734,52.3064,52.2401,52.1743,52.1091,52.0445,51.9806,51.9173,51.8546,51.7925,51.7311,51.6704,51.6103,51.5509,51.4921,51.4341,51.3768,51.3201,51.2642,51.209,51.1545,51.1008,51.0478,50.9956,50.9442,50.8935,50.8436,50.7945,50.7461,50.6986,50.6519,50.606,50.5609,50.5167,50.4733,50.4307,50.389,50.3481,50.3081,50.269,50.2307,50.1933,50.1568,50.1212,50.0865,50.0527,50.0197,49.9877,49.9566,49.9264,49.8971,49.8688,49.8413,49.8148,49.7892,49.7646,49.7408,49.718,49.6962,49.6752,49.6552,49.6362,49.618,49.6008,49.5845,49.5692,49.5548,49.5413,49.5287,49.5171,49.5063,49.4802,49.4295,49.384,49.3438,49.3087,49.2788,49.254,49.2342,49.2194,49.2097,49.2048,49.2049,49.2098,49.2196,49.2342,49.2535,49.2776,49.3064,49.3398,49.3779,49.4206,49.4679,49.5035,49.5133,49.5239,49.5353,49.5474,49.5603,49.5739,49.5882,49.6032,49.619,49.6354,49.6525,49.6702,49.6886,49.7077,49.7274,49.7477,49.7687,49.7902,49.8123,49.8351,49.8584,49.8822,49.9066,49.9315,49.957,49.9829,50.0094,50.0364,50.0638,50.0917,50.1201,50.1489,50.1781,50.2078,50.2379,50.2684,50.2992,50.3305,50.3621,50.3941,50.4264,50.459,50.492,50.5253,50.5589,50.5928,50.6269,50.6614,50.6961,50.731,50.7662,50.8017,50.8373,50.8732,50.9092,50.9455,50.9819,51.0186,51.0554,51.0923,51.1294,51.1666,51.204,51.2415,51.2791,51.3168,51.3546,51.3925,51.4305,51.4686,51.5067,51.5449,51.5832,51.6215,51.6598,51.6982,51.7366,51.775,51.8134,51.8519,51.8903,51.9288,51.9672,52.0056,52.044,52.0824,52.1208,52.1591,52.1973,52.2356,52.2509\right]
v_{forward}=\left[0,10.2574,13.9628,16.7068,18.9509,20.8751,22.5722,24.0973,25.4863,26.7644,27.9497,29.056,30.094,31.0721,31.9974,32.8754,33.711,34.5081,35.2701,36.0001,36.7006,37.3738,38.0218,38.6462,39.2488,39.8308,40.3936,40.9382,41.4659,41.9774,42.4736,42.9555,43.4236,43.8787,44.3214,44.7522,45.1717,45.5805,45.9789,46.3674,46.7464,47.1163,47.4774,47.8301,48.1748,48.5116,48.8409,49.1629,49.4779,49.7862,50.0879,50.3833,50.6726,50.956,51.2336,51.5057,51.7724,52.0338,52.2902,52.5416,52.7883,53.0303,53.2678,53.5008,53.7296,53.9543,54.1748,54.3914,54.6042,54.8132,55.0186,55.2204,55.4187,55.6136,55.8052,55.9935,56.1787,56.3608,56.5399,56.7161,56.8894,57.0598,57.2275,57.3925,57.5549,57.7147,57.872,58.0268,58.1792,58.3292,58.4769,58.6223,58.7655,58.9065,59.0454,59.1822,59.3169,59.4497,59.5804,59.7092,59.8361,59.9612,59.9999,59.9999,59.9999,59.9999,59.9999,59.9999,59.9999,59.9999,59.9999,59.9999,59.9999,59.9999,59.9999,59.9999,59.9999,59.9999,59.9999,59.9999,59.9999,59.9999,59.9999,59.9999,59.9999,59.9999,59.9999,59.9999,59.9999,59.9999,59.9999,59.9999,59.9999,59.9999,59.9999,59.9999,59.9999,59.9999,59.9999,59.9999,59.9999,59.9999,59.9999,59.9999,59.9999,59.9999,59.9999,59.9999,59.9999,59.9999,59.9999,59.9999,59.9999,59.9999,59.9999,59.9999,59.9999,59.9999,59.9999,59.9999,59.9999,59.9999,59.9999,59.9999,59.9999,59.9999,59.9999,59.9999,59.9999,59.9999,59.9999,59.9999,59.9999,59.9999,59.9999,59.9999,59.9999,59.9999,59.9999,59.9999,59.9999,59.9999,59.9999,59.9999,59.9999,59.9999,59.9999,59.9999,59.9999,59.9999,59.9999,59.9999,59.9999,59.9999,59.9999,59.9999,59.9999,59.9999,59.9999,59.9999,59.9999,59.9999,59.9999,59.9999,59.9999,59.9999,59.9999,59.9999,59.9999,59.9999,59.9999,59.9999,59.9999,59.9999,59.9999,59.9999,59.9999,59.9999,59.9999,59.9999,59.9999,59.9999,59.9999,59.9999,59.9999,59.9999,59.9999,59.9999,59.9999,59.9999,59.9999,59.9999,59.9999,59.9999,59.9999,59.9999,52.2509,52.2128,52.1746,52.1365,52.0982,52.06,52.0217,51.9834,51.9451,51.9067,51.8684,51.83,51.7917,51.7534,51.7151,51.6768,51.6386,51.6003,51.5622,51.5241,51.486,51.448,51.4101,51.3723,51.3345,51.2969,51.2593,51.2219,51.1845,51.1473,51.1103,51.0734,51.0366,51,50.9636,50.9273,50.8912,50.8554,50.8197,50.7843,50.749,50.7141,50.6793,50.6448,50.6106,50.5767,50.543,50.5096,50.4766,50.4438,50.4114,50.3794,50.3476,50.3163,50.2853,50.2546,50.2244,50.1946,50.1652,50.1362,50.1077,50.0796,50.0519,50.0248,49.9981,49.9719,49.9462,49.921,49.8964,49.8723,49.8487,49.8257,49.8033,49.7814,49.7602,49.7395,49.7195,49.7001,49.6813,49.6632,49.6457,49.629,49.6128,49.5974,49.5827,49.5687,49.5554,49.5428,49.531,49.5199,49.5096,49.5001,49.4502,49.4047,49.3637,49.3273,49.2956,49.2686,49.2462,49.2285,49.2157,49.2076,49.2043,49.2059,49.2124,49.2239,49.2403,49.2617,49.2882,49.3198,49.3565,49.3983,49.4454,49.4978,49.5097,49.5207,49.5326,49.5455,49.5592,49.5739,49.5895,49.6061,49.6236,49.642,49.6613,49.6816,49.7028,49.7249,49.748,49.7719,49.7968,49.8227,49.8494,49.8771,49.9057,49.9352,49.9657,49.997,50.0293,50.0624,50.0965,50.1314,50.1672,50.2039,50.2415,50.28,50.3194,50.3596,50.4006,50.4426,50.4853,50.5289,50.5734,50.6186,50.6647,50.7116,50.7593,50.8079,50.8572,50.9072,50.9581,51.0097,51.0621,51.1153,51.1692,51.2238,51.2791,51.3352,51.392,51.4495,51.5077,51.5666,51.6262,51.6864,51.7473,51.8088,51.871,51.9339,51.9973,52.0614,52.1261,52.1914,52.2573,52.3238,52.3909,52.4585,52.5267,52.5955,52.6648,52.7346,52.805,52.8759,52.9474,53.0193,53.0917,53.1647,53.2381,53.312,53.3864,53.4612,53.5365,53.6123,53.6885,53.7652,53.8423,53.9198,53.9978,54.0761,54.1549,54.2341,54.3137,54.3937,54.4741,54.5549,54.636,54.7175,54.7995,54.8817,54.9644,55.0474,55.1307,55.2145,55.2985,55.3829,55.4677,55.5528,55.6383,55.724,55.8101,55.8966,55.9834,56.0704,56.1579,56.2456,56.3337,56.422,56.5107,56.5998,56.6891,56.7787,56.8687,56.959,57.0495,57.1404,57.2316,57.3231,57.4149,57.5071,57.5995,57.6922,57.7853,57.8786,57.9723,58.0663,58.1606,58.2552,58.3501,58.4454,58.5409,58.6368,58.733,58.8295,58.9263,59.0234,59.1209,59.2186,59.3167,59.4152,59.5139,59.613,59.7124,59.8122,59.9123,59.9873,59.887,59.787,59.6873,59.588,59.489,59.3903,59.2919,59.1939,59.0962,58.9988,58.9018,58.805,58.7086,58.6125,58.5167,58.4213,58.3261,58.2313,58.1368,58.0425,57.9486,57.855,57.7617,57.6688,57.5761,57.4837,57.3917,57.3,57.2085,57.1174,57.0266,56.9361,56.8459,56.756,56.6665,56.5772,56.4883,56.3997,56.3114,56.2234,56.1357,56.0484,55.9614,55.8747,55.7883,55.7023,55.6166,55.5312,55.4462,55.3615,55.2772,55.1932,55.1096,55.0263,54.9434,54.8608,54.7786,54.6968,54.6154,54.5343,54.4536,54.3733,54.2934,54.2139,54.1348,54.0561,53.9778,53.9,53.8226,53.7456,53.669,53.5929,53.5172,53.442,53.3673,53.293,53.2192,53.1459,53.073,53.0007,52.9289,52.8576,52.7868,52.7165,52.6468,52.5776,52.509,52.4409,52.3734,52.3064,52.2401,52.1743,52.1091,52.0445,51.9806,51.9173,51.8546,51.7925,51.7311,51.6704,51.6103,51.5509,51.4921,51.4341,51.3768,51.3201,51.2642,51.209,51.1545,51.1008,51.0478,50.9956,50.9442,50.8935,50.8436,50.7945,50.7461,50.6986,50.6519,50.606,50.5609,50.5167,50.4733,50.4307,50.389,50.3481,50.3081,50.269,50.2307,50.1933,50.1568,50.1212,50.0865,50.0527,50.0197,49.9877,49.9566,49.9264,49.8971,49.8688,49.8413,49.8148,49.7892,49.7646,49.7408,49.718,49.6962,49.6752,49.6552,49.6362,49.618,49.6008,49.5845,49.5692,49.5548,49.5413,49.5287,49.5171,49.5063,49.4802,49.4295,49.384,49.3438,49.3087,49.2788,49.254,49.2342,49.2194,49.2097,49.2048,49.2049,49.2098,49.2196,49.2342,49.2535,49.2776,49.3064,49.3398,49.3779,49.4206,49.4679,49.5035,49.5133,49.5239,49.5353,49.5474,49.5603,49.5739,49.5882,49.6032,49.619,49.6354,49.6525,49.6702,49.6886,49.7077,49.7274,49.7477,49.7687,49.7902,49.8123,49.8351,49.8584,49.8822,49.9066,49.9315,49.957,49.9829,50.0094,50.0364,50.0638,50.0917,50.1201,50.1489,50.1781,50.2078,50.2379,50.2684,50.2992,50.3305,50.3621,50.3941,50.4264,50.459,50.492,50.5253,50.5589,50.5928,50.6269,50.6614,50.6961,50.731,50.7662,50.8017,50.8373,50.8732,50.9092,50.9455,50.9819,51.0186,51.0554,51.0923,51.1294,51.1666,51.204,51.2415,51.2791,51.3168,51.3546,51.3925,51.4305,51.4686,51.5067,51.5449,51.5832,51.6215,51.6598,51.6982,51.7366,51.775,51.8134,51.8519,51.8903,51.9288,51.9672,52.0056,52.044,52.0824,52.1208,52.1591,52.1973,52.2356,0\right]
v_{backward}=\left[0,10.2574,13.9628,16.7068,18.9509,20.8751,22.5722,24.0973,25.4863,26.7644,27.9497,29.056,30.094,31.0721,31.9974,32.8754,33.711,34.5081,35.2701,36.0001,36.7006,37.3738,38.0218,38.6462,39.2488,39.8308,40.3936,40.9382,41.4659,41.9774,42.4736,42.9555,43.4236,43.8787,44.3214,44.7522,45.1717,45.5805,45.9789,46.3674,46.7464,47.1163,47.4774,47.8301,48.1748,48.5116,48.8409,49.1629,49.4779,49.7862,50.0879,50.3833,50.6726,50.956,51.2336,51.5057,51.7724,52.0338,52.2902,52.5416,52.7883,53.0303,53.2678,53.5008,53.7296,53.9543,54.1748,54.3914,54.6042,54.8132,55.0186,55.2204,55.4187,55.6136,55.8052,55.9935,56.1787,56.3608,56.5399,56.7161,56.8894,57.0598,57.2275,57.3925,57.5549,57.7147,57.872,58.0268,58.1792,58.3292,58.4769,58.6223,58.7655,58.9065,59.0454,59.1822,59.3169,59.4497,59.5804,59.7092,59.8361,59.9612,59.9999,59.9999,59.9999,59.9999,59.9999,59.9999,59.9999,59.9999,59.9999,59.9999,59.9999,59.9999,59.9999,59.9999,59.9999,59.9999,59.9999,59.9999,59.9999,59.9999,59.9999,59.9999,59.9999,59.9999,59.9999,59.9999,59.9999,59.9999,59.9999,59.9999,59.9999,59.9999,59.9999,59.9999,59.9999,59.9999,59.9999,59.9999,59.9999,59.9999,59.9999,59.9999,59.9999,59.9999,59.9999,59.9999,59.9999,59.9999,59.9999,59.9999,59.9999,59.9999,59.9999,59.9999,59.9999,59.9999,59.9999,59.9999,59.9999,59.9999,59.9999,59.9999,59.9999,59.9999,59.9999,59.9999,59.9999,59.9999,59.9999,59.9999,59.9999,59.9999,59.9999,59.9999,59.9999,59.9999,59.9999,59.9999,59.9999,59.9999,59.9999,59.9999,59.9999,59.9999,59.9999,59.9999,59.9999,59.9999,59.9201,59.7944,59.6669,59.5374,59.4061,59.2727,59.1373,58.9998,58.8602,58.7185,58.5745,58.4284,58.2799,58.1291,57.9759,57.8203,57.6622,57.5016,57.3383,57.1724,57.0038,56.8324,56.6582,56.4815,56.3041,56.1262,55.9478,55.7688,55.5892,55.409,55.2282,55.0469,54.8649,54.6823,54.4991,54.3153,54.1309,53.9459,53.7602,53.5738,53.3869,53.1992,53.0109,52.8219,52.6323,52.4419,52.2509,52.2128,52.1746,52.1365,52.0982,52.06,52.0217,51.9834,51.9451,51.9067,51.8684,51.83,51.7917,51.7534,51.7151,51.6768,51.6386,51.6003,51.5622,51.5241,51.486,51.448,51.4101,51.3723,51.3345,51.2969,51.2593,51.2219,51.1845,51.1473,51.1103,51.0734,51.0366,51,50.9636,50.9273,50.8912,50.8554,50.8197,50.7843,50.749,50.7141,50.6793,50.6448,50.6106,50.5767,50.543,50.5096,50.4766,50.4438,50.4114,50.3794,50.3476,50.3163,50.2853,50.2546,50.2244,50.1946,50.1652,50.1362,50.1077,50.0796,50.0519,50.0248,49.9981,49.9719,49.9462,49.921,49.8964,49.8723,49.8487,49.8257,49.8033,49.7814,49.7602,49.7395,49.7195,49.7001,49.6813,49.6632,49.6457,49.629,49.6128,49.5974,49.5827,49.5687,49.5554,49.5428,49.531,49.5199,49.5096,49.5001,49.4502,49.4047,49.3637,49.3273,49.2956,49.2686,49.2462,49.2285,49.2157,49.2076,49.2043,49.2059,49.2124,49.2239,49.2403,49.2617,49.2882,49.3198,49.3565,49.3983,49.4454,49.4978,49.5097,49.5207,49.5326,49.5455,49.5592,49.5739,49.5895,49.6061,49.6236,49.642,49.6613,49.6816,49.7028,49.7249,49.748,49.7719,49.7968,49.8227,49.8494,49.8771,49.9057,49.9352,49.9657,49.997,50.0293,50.0624,50.0965,50.1314,50.1672,50.2039,50.2415,50.28,50.3194,50.3596,50.4006,50.4426,50.4853,50.5289,50.5734,50.6186,50.6647,50.7116,50.7593,50.8079,50.8572,50.9072,50.9581,51.0097,51.0621,51.1153,51.1692,51.2238,51.2791,51.3352,51.392,51.4495,51.5077,51.5666,51.6262,51.6864,51.7473,51.8088,51.871,51.9339,51.9973,52.0614,52.1261,52.1914,52.2573,52.3238,52.3909,52.4585,52.5267,52.5955,52.6648,52.7346,52.805,52.8759,52.9474,53.0193,53.0917,53.1647,53.2381,53.312,53.3864,53.4612,53.5365,53.6123,53.6885,53.7652,53.8423,53.9198,53.9978,54.0761,54.1549,54.2341,54.3137,54.3937,54.4741,54.5549,54.636,54.7175,54.7995,54.8817,54.9644,55.0474,55.1307,55.2145,55.2985,55.3829,55.4677,55.5528,55.6383,55.724,55.8101,55.8966,55.9834,56.0704,56.1579,56.2456,56.3337,56.422,56.5107,56.5998,56.6891,56.7787,56.8687,56.959,57.0495,57.1404,57.2316,57.3231,57.4149,57.3546,57.1889,57.0208,56.852,56.6823,56.5119,56.3406,56.1686,55.9958,55.8221,55.6476,55.4723,55.2961,55.1191,54.9412,54.7625,54.5828,54.4023,54.2209,54.0385,53.8553,53.6711,53.486,53.2999,53.1128,52.9248,52.7358,52.5459,52.3556,52.1649,51.9739,51.7824,51.5906,51.3984,51.2058,51.0127,50.8193,50.6254,50.4311,50.2364,50.0413,49.8457,49.6496,49.4531,49.2562,49.0587,48.8608,48.6624,48.4636,48.2642,48.0643,47.8639,47.663,47.4616,47.2596,47.0571,46.854,46.6504,46.4462,46.2415,46.0361,45.8302,45.6236,45.4165,45.2087,45.0003,44.7913,44.5816,44.3712,44.1602,43.9485,43.7376,43.5304,43.3267,43.1264,42.9293,42.7353,42.5443,42.3561,42.1707,41.9879,41.8077,41.6299,41.4545,41.2814,41.1106,40.9418,40.7752,40.6105,40.4478,40.2869,40.1279,39.9706,39.815,39.661,39.5087,39.3579,39.2086,39.0608,38.9143,38.7693,38.6256,38.4831,38.3419,38.202,38.0632,37.9256,37.7891,37.6536,37.5193,37.3859,37.2535,37.1221,36.9917,36.8621,36.7334,36.6056,36.4786,36.3525,36.2271,36.1025,35.9786,35.8554,35.7329,35.6111,35.49,35.3695,35.2496,35.1303,35.0115,34.8933,34.7757,34.6586,34.542,34.4258,34.3101,34.1949,34.0801,33.9657,33.8517,33.7381,33.6249,33.512,33.3994,33.2872,33.1752,33.0635,32.9522,32.841,32.7301,32.6195,32.509,32.3988,32.2887,32.1788,32.069,31.9594,31.8499,31.7406,31.6313,31.5221,31.4129,31.3039,31.1948,31.0858,30.9768,30.8678,30.7588,30.6497,30.5406,30.4314,30.3222,30.2129,30.1034,29.9939,29.8842,29.7744,29.6644,29.5542,29.4439,29.3333,29.2225,29.1115,29.0003,28.8887,28.7769,28.6648,28.5524,28.4396,28.3265,28.2131,28.0993,27.985,27.8704,27.7553,27.6398,27.5239,27.4074,27.2905,27.173,27.055,26.9365,26.8174,26.6976,26.5773,26.4564,26.3348,26.2125,26.0896,25.9659,25.8415,25.7163,25.5904,25.4637,25.3361,25.2077,25.0784,24.9482,24.8171,24.6851,24.5521,24.418,24.283,24.1468,24.0096,23.8713,23.7318,23.5911,23.4493,23.3061,23.1617,23.016,22.8689,22.7204,22.5705,22.4191,22.2662,22.1117,21.9557,21.7979,21.6385,21.4774,21.3144,21.1496,20.9828,20.8142,20.6434,20.4706,20.2957,20.1185,19.939,19.7571,19.5728,19.386,19.1965,19.0043,18.8094,18.6115,18.4106,18.2066,17.9993,17.7886,17.5745,17.3567,17.135,16.9094,16.6797,16.4456,16.207,15.9636,15.7153,15.4617,15.2025,14.9376,14.6665,14.3888,14.1043,13.8123,13.5125,13.2043,12.887,12.56,12.2224,11.8734,11.5119,11.1366,10.746,10.3385,9.91188,9.46356,8.99027,8.4878,7.9506,7.37105,6.73819,6.03524,5.234,4.27955,3.03036,0\right]
v_{final}=\left[0,10.2574,13.9628,16.7068,18.9509,20.8751,22.5722,24.0973,25.4863,26.7644,27.9497,29.056,30.094,31.0721,31.9974,32.8754,33.711,34.5081,35.2701,36.0001,36.7006,37.3738,38.0218,38.6462,39.2488,39.8308,40.3936,40.9382,41.4659,41.9774,42.4736,42.9555,43.4236,43.8787,44.3214,44.7522,45.1717,45.5805,45.9789,46.3674,46.7464,47.1163,47.4774,47.8301,48.1748,48.5116,48.8409,49.1629,49.4779,49.7862,50.0879,50.3833,50.6726,50.956,51.2336,51.5057,51.7724,52.0338,52.2902,52.5416,52.7883,53.0303,53.2678,53.5008,53.7296,53.9543,54.1748,54.3914,54.6042,54.8132,55.0186,55.2204,55.4187,55.6136,55.8052,55.9935,56.1787,56.3608,56.5399,56.7161,56.8894,57.0598,57.2275,57.3925,57.5549,57.7147,57.872,58.0268,58.1792,58.3292,58.4769,58.6223,58.7655,58.9065,59.0454,59.1822,59.3169,59.4497,59.5804,59.7092,59.8361,59.9612,59.9999,59.9999,59.9999,59.9999,59.9999,59.9999,59.9999,59.9999,59.9999,59.9999,59.9999,59.9999,59.9999,59.9999,59.9999,59.9999,59.9999,59.9999,59.9999,59.9999,59.9999,59.9999,59.9999,59.9999,59.9999,59.9999,59.9999,59.9999,59.9999,59.9999,59.9999,59.9999,59.9999,59.9999,59.9999,59.9999,59.9999,59.9999,59.9999,59.9999,59.9999,59.9999,59.9999,59.9999,59.9999,59.9999,59.9999,59.9999,59.9999,59.9999,59.9999,59.9999,59.9999,59.9999,59.9999,59.9999,59.9999,59.9999,59.9999,59.9999,59.9999,59.9999,59.9999,59.9999,59.9999,59.9999,59.9999,59.9999,59.9999,59.9999,59.9999,59.9999,59.9999,59.9999,59.9999,59.9999,59.9999,59.9999,59.9999,59.9999,59.9999,59.9999,59.9999,59.9999,59.9999,59.9999,59.9999,59.9999,59.9201,59.7944,59.6669,59.5374,59.4061,59.2727,59.1373,58.9998,58.8602,58.7185,58.5745,58.4284,58.2799,58.1291,57.9759,57.8203,57.6622,57.5016,57.3383,57.1724,57.0038,56.8324,56.6582,56.4815,56.3041,56.1262,55.9478,55.7688,55.5892,55.409,55.2282,55.0469,54.8649,54.6823,54.4991,54.3153,54.1309,53.9459,53.7602,53.5738,53.3869,53.1992,53.0109,52.8219,52.6323,52.4419,52.2509,52.2128,52.1746,52.1365,52.0982,52.06,52.0217,51.9834,51.9451,51.9067,51.8684,51.83,51.7917,51.7534,51.7151,51.6768,51.6386,51.6003,51.5622,51.5241,51.486,51.448,51.4101,51.3723,51.3345,51.2969,51.2593,51.2219,51.1845,51.1473,51.1103,51.0734,51.0366,51,50.9636,50.9273,50.8912,50.8554,50.8197,50.7843,50.749,50.7141,50.6793,50.6448,50.6106,50.5767,50.543,50.5096,50.4766,50.4438,50.4114,50.3794,50.3476,50.3163,50.2853,50.2546,50.2244,50.1946,50.1652,50.1362,50.1077,50.0796,50.0519,50.0248,49.9981,49.9719,49.9462,49.921,49.8964,49.8723,49.8487,49.8257,49.8033,49.7814,49.7602,49.7395,49.7195,49.7001,49.6813,49.6632,49.6457,49.629,49.6128,49.5974,49.5827,49.5687,49.5554,49.5428,49.531,49.5199,49.5096,49.5001,49.4502,49.4047,49.3637,49.3273,49.2956,49.2686,49.2462,49.2285,49.2157,49.2076,49.2043,49.2059,49.2124,49.2239,49.2403,49.2617,49.2882,49.3198,49.3565,49.3983,49.4454,49.4978,49.5097,49.5207,49.5326,49.5455,49.5592,49.5739,49.5895,49.6061,49.6236,49.642,49.6613,49.6816,49.7028,49.7249,49.748,49.7719,49.7968,49.8227,49.8494,49.8771,49.9057,49.9352,49.9657,49.997,50.0293,50.0624,50.0965,50.1314,50.1672,50.2039,50.2415,50.28,50.3194,50.3596,50.4006,50.4426,50.4853,50.5289,50.5734,50.6186,50.6647,50.7116,50.7593,50.8079,50.8572,50.9072,50.9581,51.0097,51.0621,51.1153,51.1692,51.2238,51.2791,51.3352,51.392,51.4495,51.5077,51.5666,51.6262,51.6864,51.7473,51.8088,51.871,51.9339,51.9973,52.0614,52.1261,52.1914,52.2573,52.3238,52.3909,52.4585,52.5267,52.5955,52.6648,52.7346,52.805,52.8759,52.9474,53.0193,53.0917,53.1647,53.2381,53.312,53.3864,53.4612,53.5365,53.6123,53.6885,53.7652,53.8423,53.9198,53.9978,54.0761,54.1549,54.2341,54.3137,54.3937,54.4741,54.5549,54.636,54.7175,54.7995,54.8817,54.9644,55.0474,55.1307,55.2145,55.2985,55.3829,55.4677,55.5528,55.6383,55.724,55.8101,55.8966,55.9834,56.0704,56.1579,56.2456,56.3337,56.422,56.5107,56.5998,56.6891,56.7787,56.8687,56.959,57.0495,57.1404,57.2316,57.3231,57.4149,57.3546,57.1889,57.0208,56.852,56.6823,56.5119,56.3406,56.1686,55.9958,55.8221,55.6476,55.4723,55.2961,55.1191,54.9412,54.7625,54.5828,54.4023,54.2209,54.0385,53.8553,53.6711,53.486,53.2999,53.1128,52.9248,52.7358,52.5459,52.3556,52.1649,51.9739,51.7824,51.5906,51.3984,51.2058,51.0127,50.8193,50.6254,50.4311,50.2364,50.0413,49.8457,49.6496,49.4531,49.2562,49.0587,48.8608,48.6624,48.4636,48.2642,48.0643,47.8639,47.663,47.4616,47.2596,47.0571,46.854,46.6504,46.4462,46.2415,46.0361,45.8302,45.6236,45.4165,45.2087,45.0003,44.7913,44.5816,44.3712,44.1602,43.9485,43.7376,43.5304,43.3267,43.1264,42.9293,42.7353,42.5443,42.3561,42.1707,41.9879,41.8077,41.6299,41.4545,41.2814,41.1106,40.9418,40.7752,40.6105,40.4478,40.2869,40.1279,39.9706,39.815,39.661,39.5087,39.3579,39.2086,39.0608,38.9143,38.7693,38.6256,38.4831,38.3419,38.202,38.0632,37.9256,37.7891,37.6536,37.5193,37.3859,37.2535,37.1221,36.9917,36.8621,36.7334,36.6056,36.4786,36.3525,36.2271,36.1025,35.9786,35.8554,35.7329,35.6111,35.49,35.3695,35.2496,35.1303,35.0115,34.8933,34.7757,34.6586,34.542,34.4258,34.3101,34.1949,34.0801,33.9657,33.8517,33.7381,33.6249,33.512,33.3994,33.2872,33.1752,33.0635,32.9522,32.841,32.7301,32.6195,32.509,32.3988,32.2887,32.1788,32.069,31.9594,31.8499,31.7406,31.6313,31.5221,31.4129,31.3039,31.1948,31.0858,30.9768,30.8678,30.7588,30.6497,30.5406,30.4314,30.3222,30.2129,30.1034,29.9939,29.8842,29.7744,29.6644,29.5542,29.4439,29.3333,29.2225,29.1115,29.0003,28.8887,28.7769,28.6648,28.5524,28.4396,28.3265,28.2131,28.0993,27.985,27.8704,27.7553,27.6398,27.5239,27.4074,27.2905,27.173,27.055,26.9365,26.8174,26.6976,26.5773,26.4564,26.3348,26.2125,26.0896,25.9659,25.8415,25.7163,25.5904,25.4637,25.3361,25.2077,25.0784,24.9482,24.8171,24.6851,24.5521,24.418,24.283,24.1468,24.0096,23.8713,23.7318,23.5911,23.4493,23.3061,23.1617,23.016,22.8689,22.7204,22.5705,22.4191,22.2662,22.1117,21.9557,21.7979,21.6385,21.4774,21.3144,21.1496,20.9828,20.8142,20.6434,20.4706,20.2957,20.1185,19.939,19.7571,19.5728,19.386,19.1965,19.0043,18.8094,18.6115,18.4106,18.2066,17.9993,17.7886,17.5745,17.3567,17.135,16.9094,16.6797,16.4456,16.207,15.9636,15.7153,15.4617,15.2025,14.9376,14.6665,14.3888,14.1043,13.8123,13.5125,13.2043,12.887,12.56,12.2224,11.8734,11.5119,11.1366,10.746,10.3385,9.91188,9.46356,8.99027,8.4878,7.9506,7.37105,6.73819,6.03524,5.234,4.27955,3.03036,0\right]
l_{times}=\left[0,0.0194982,0.0277558,0.0342769,0.0398858,0.0449077,0.0495109,0.0537964,0.05783,0.0616577,0.0653131,0.0688215,0.0722027,0.0754725,0.0786436,0.0817266,0.0847302,0.0876619,0.0905281,0.0933343,0.0960853,0.0987853,0.101438,0.104047,0.106614,0.109143,0.111636,0.114095,0.116522,0.118919,0.121288,0.123629,0.125944,0.128235,0.130502,0.132748,0.134972,0.137176,0.13936,0.141526,0.143674,0.145805,0.147919,0.150017,0.152101,0.154169,0.156224,0.158264,0.160292,0.162307,0.164309,0.1663,0.168279,0.170247,0.172204,0.174151,0.176087,0.178014,0.179931,0.181839,0.183738,0.185628,0.187509,0.189382,0.191247,0.193105,0.194954,0.196797,0.198631,0.200459,0.20228,0.204095,0.205902,0.207704,0.209499,0.211287,0.21307,0.214848,0.216619,0.218385,0.220145,0.221901,0.223651,0.225395,0.227135,0.22887,0.230601,0.232326,0.234047,0.235764,0.237476,0.239184,0.240888,0.242588,0.244283,0.245975,0.247663,0.249347,0.251027,0.252704,0.254377,0.256046,0.257713,0.25938,0.261047,0.262713,0.26438,0.266047,0.267713,0.26938,0.271047,0.272713,0.27438,0.276047,0.277713,0.27938,0.281047,0.282713,0.28438,0.286047,0.287713,0.28938,0.291047,0.292713,0.29438,0.296047,0.297713,0.29938,0.301047,0.302713,0.30438,0.306047,0.307713,0.30938,0.311047,0.312713,0.31438,0.316047,0.317713,0.31938,0.321047,0.322713,0.32438,0.326047,0.327713,0.32938,0.331047,0.332713,0.33438,0.336047,0.337713,0.33938,0.341047,0.342713,0.34438,0.346047,0.347713,0.34938,0.351047,0.352713,0.35438,0.356046,0.357713,0.35938,0.361046,0.362713,0.36438,0.366046,0.367713,0.36938,0.371046,0.372713,0.37438,0.376046,0.377713,0.37938,0.381046,0.382713,0.38438,0.386046,0.387713,0.38938,0.391046,0.392713,0.39438,0.396046,0.397713,0.39938,0.401046,0.402713,0.404381,0.406052,0.407726,0.409403,0.411085,0.41277,0.414459,0.416152,0.417849,0.41955,0.421255,0.422965,0.424678,0.426396,0.428119,0.429846,0.431578,0.433315,0.435056,0.436803,0.438554,0.440311,0.442074,0.443841,0.445615,0.447393,0.449178,0.450968,0.452764,0.454566,0.456374,0.458187,0.460007,0.461833,0.463665,0.465503,0.467347,0.469197,0.471054,0.472918,0.474787,0.476664,0.478547,0.480437,0.482333,0.484237,0.486147,0.488062,0.489977,0.491895,0.493814,0.495734,0.497655,0.499578,0.501503,0.503429,0.505356,0.507284,0.509215,0.511146,0.513079,0.515014,0.516949,0.518887,0.520825,0.522765,0.524707,0.52665,0.528594,0.53054,0.532488,0.534436,0.536386,0.538338,0.540291,0.542245,0.544201,0.546159,0.548117,0.550077,0.552039,0.554002,0.555966,0.557932,0.559899,0.561867,0.563837,0.565808,0.567781,0.569754,0.57173,0.573706,0.575684,0.577663,0.579644,0.581625,0.583609,0.585593,0.587578,0.589565,0.591553,0.593542,0.595533,0.597525,0.599517,0.601511,0.603507,0.605503,0.6075,0.609499,0.611498,0.613499,0.6155,0.617503,0.619507,0.621511,0.623517,0.625524,0.627531,0.629539,0.631548,0.633559,0.635569,0.637581,0.639593,0.641607,0.643621,0.645635,0.647651,0.649666,0.651683,0.6537,0.655718,0.657736,0.659755,0.661774,0.663794,0.665814,0.667835,0.669858,0.671883,0.673909,0.675937,0.677966,0.679996,0.682027,0.684059,0.686091,0.688123,0.690156,0.692188,0.69422,0.696251,0.698281,0.700311,0.702339,0.704366,0.706391,0.708414,0.710436,0.712456,0.714475,0.716495,0.718513,0.720531,0.722549,0.724566,0.726582,0.728597,0.730612,0.732626,0.734639,0.736652,0.738663,0.740674,0.742684,0.744692,0.7467,0.748706,0.750712,0.752716,0.754719,0.756721,0.758722,0.760722,0.76272,0.764717,0.766712,0.768706,0.770699,0.77269,0.77468,0.776668,0.778654,0.780639,0.782622,0.784604,0.786584,0.788562,0.790539,0.792513,0.794486,0.796457,0.798426,0.800393,0.802359,0.804322,0.806284,0.808243,0.8102,0.812156,0.814109,0.81606,0.818009,0.819956,0.821901,0.823843,0.825784,0.827722,0.829658,0.831591,0.833523,0.835452,0.837378,0.839303,0.841225,0.843144,0.845062,0.846976,0.848889,0.850799,0.852706,0.854611,0.856514,0.858414,0.860311,0.862206,0.864099,0.865989,0.867876,0.869761,0.871643,0.873523,0.8754,0.877275,0.879146,0.881016,0.882882,0.884746,0.886607,0.888466,0.890322,0.892175,0.894026,0.895874,0.897719,0.899561,0.901401,0.903238,0.905073,0.906904,0.908733,0.910559,0.912383,0.914204,0.916022,0.917837,0.919649,0.921459,0.923266,0.92507,0.926872,0.928671,0.930466,0.93226,0.93405,0.935838,0.937622,0.939405,0.941184,0.94296,0.944734,0.946505,0.948273,0.950039,0.951801,0.953561,0.955318,0.957072,0.958824,0.960573,0.962318,0.964062,0.965804,0.96755,0.969301,0.971058,0.972819,0.974586,0.976358,0.978136,0.979919,0.981708,0.983502,0.985302,0.987107,0.988919,0.990736,0.992559,0.994388,0.996223,0.998064,0.999912,1.00177,1.00363,1.00549,1.00736,1.00924,1.01113,1.01302,1.01492,1.01683,1.01874,1.02066,1.02259,1.02453,1.02647,1.02842,1.03037,1.03234,1.03431,1.03629,1.03827,1.04027,1.04227,1.04428,1.0463,1.04833,1.05036,1.0524,1.05445,1.05651,1.05858,1.06066,1.06274,1.06484,1.06694,1.06905,1.07117,1.0733,1.07544,1.07759,1.07974,1.08191,1.08409,1.08628,1.08847,1.09068,1.0929,1.09512,1.09736,1.09961,1.10187,1.10414,1.10642,1.10871,1.11101,1.11333,1.11565,1.11799,1.12033,1.12269,1.12505,1.12743,1.12982,1.13221,1.13462,1.13704,1.13947,1.1419,1.14435,1.14681,1.14928,1.15175,1.15424,1.15674,1.15924,1.16176,1.16429,1.16682,1.16937,1.17192,1.17449,1.17706,1.17965,1.18224,1.18484,1.18746,1.19008,1.19271,1.19535,1.198,1.20066,1.20333,1.20601,1.2087,1.2114,1.21411,1.21683,1.21955,1.22229,1.22504,1.22779,1.23056,1.23333,1.23612,1.23891,1.24171,1.24453,1.24735,1.25018,1.25302,1.25587,1.25874,1.26161,1.26449,1.26738,1.27028,1.27319,1.27611,1.27903,1.28197,1.28492,1.28788,1.29085,1.29383,1.29682,1.29982,1.30283,1.30585,1.30888,1.31192,1.31497,1.31803,1.3211,1.32418,1.32727,1.33037,1.33349,1.33661,1.33974,1.34289,1.34604,1.34921,1.35239,1.35558,1.35878,1.36199,1.36521,1.36845,1.37169,1.37495,1.37822,1.3815,1.38479,1.38809,1.39141,1.39474,1.39808,1.40143,1.40479,1.40817,1.41156,1.41496,1.41838,1.42181,1.42525,1.42871,1.43217,1.43566,1.43915,1.44266,1.44618,1.44972,1.45327,1.45684,1.46042,1.46401,1.46762,1.47125,1.47489,1.47855,1.48222,1.48591,1.48961,1.49333,1.49707,1.50082,1.5046,1.50838,1.51219,1.51601,1.51986,1.52372,1.5276,1.53149,1.53541,1.53935,1.54331,1.54728,1.55128,1.5553,1.55934,1.5634,1.56749,1.57159,1.57572,1.57987,1.58405,1.58825,1.59248,1.59673,1.60101,1.60531,1.60964,1.614,1.61839,1.62281,1.62725,1.63173,1.63623,1.64077,1.64534,1.64995,1.65459,1.65926,1.66397,1.66872,1.6735,1.67833,1.68319,1.6881,1.69305,1.69804,1.70308,1.70816,1.7133,1.71848,1.72371,1.729,1.73435,1.73975,1.74521,1.75074,1.75633,1.76198,1.76771,1.7735,1.77938,1.78533,1.79137,1.7975,1.80371,1.81003,1.81644,1.82296,1.8296,1.83636,1.84324,1.85026,1.85742,1.86474,1.87223,1.87989,1.88775,1.89582,1.90412,1.91268,1.92151,1.93065,1.94013,1.95001,1.96033,1.97117,1.98261,1.99478,2.00783,2.02201,2.03766,2.05541,2.07643,2.10379,2.16979,\right]
l_{points}=\left[\left(-23.6,0\right),\left(-23.5,0\right),\left(-23.4,0\right),\left(-23.3,0\right),\left(-23.2,0\right),\left(-23.1,0\right),\left(-23,0\right),\left(-22.9,0\right),\left(-22.8,0\right),\left(-22.7,0\right),\left(-22.6,0\right),\left(-22.5,0\right),\left(-22.4,0\right),\left(-22.3,0\right),\left(-22.2,0\right),\left(-22.1,0\right),\left(-22,0\right),\left(-21.9,0\right),\left(-21.8,0\right),\left(-21.7,0\right),\left(-21.6,0\right),\left(-21.5,0\right),\left(-21.4,0\right),\left(-21.3,0\right),\left(-21.2,0\right),\left(-21.1,0\right),\left(-21,0\right),\left(-20.9,0\right),\left(-20.8,0\right),\left(-20.7,0\right),\left(-20.6,0\right),\left(-20.5,0\right),\left(-20.4,0\right),\left(-20.3,0\right),\left(-20.2,0\right),\left(-20.1,0\right),\left(-20,0\right),\left(-19.9,0\right),\left(-19.8,0\right),\left(-19.7,0\right),\left(-19.6,0\right),\left(-19.5,0\right),\left(-19.4,0\right),\left(-19.3,0\right),\left(-19.2,0\right),\left(-19.1,0\right),\left(-19,0\right),\left(-18.9,0\right),\left(-18.8,0\right),\left(-18.7,0\right),\left(-18.6,0\right),\left(-18.5,0\right),\left(-18.4,0\right),\left(-18.3,0\right),\left(-18.2,0\right),\left(-18.1,0\right),\left(-18,0\right),\left(-17.9,0\right),\left(-17.8,0\right),\left(-17.7,0\right),\left(-17.6,0\right),\left(-17.5,0\right),\left(-17.4,0\right),\left(-17.3,0\right),\left(-17.2,0\right),\left(-17.1,0\right),\left(-17,0\right),\left(-16.9,0\right),\left(-16.8,0\right),\left(-16.7,0\right),\left(-16.6,0\right),\left(-16.5,0\right),\left(-16.4,0\right),\left(-16.3,0\right),\left(-16.2,0\right),\left(-16.1,0\right),\left(-16,0\right),\left(-15.9,0\right),\left(-15.8,0\right),\left(-15.7,0\right),\left(-15.6,0\right),\left(-15.5,0\right),\left(-15.4,0\right),\left(-15.3,0\right),\left(-15.2,0\right),\left(-15.1,0\right),\left(-15,0\right),\left(-14.9,0\right),\left(-14.8,0\right),\left(-14.7,0\right),\left(-14.6,0\right),\left(-14.5,0\right),\left(-14.4,0\right),\left(-14.3,0\right),\left(-14.2,0\right),\left(-14.1,0\right),\left(-14,0\right),\left(-13.9,0\right),\left(-13.8,0\right),\left(-13.7,0\right),\left(-13.6,0\right),\left(-13.5,0\right),\left(-13.4,0\right),\left(-13.3,0\right),\left(-13.2,0\right),\left(-13.1,0\right),\left(-13,0\right),\left(-12.9,0\right),\left(-12.8,0\right),\left(-12.7,0\right),\left(-12.6,0\right),\left(-12.5,0\right),\left(-12.4,0\right),\left(-12.3,0\right),\left(-12.2,0\right),\left(-12.1,0\right),\left(-12,0\right),\left(-11.9,0\right),\left(-11.8,0\right),\left(-11.7,0\right),\left(-11.6,0\right),\left(-11.5,0\right),\left(-11.4,0\right),\left(-11.3,0\right),\left(-11.2,0\right),\left(-11.1,0\right),\left(-11,0\right),\left(-10.9,0\right),\left(-10.8,0\right),\left(-10.7,0\right),\left(-10.6,0\right),\left(-10.5,0\right),\left(-10.4,0\right),\left(-10.3,0\right),\left(-10.2,0\right),\left(-10.1,0\right),\left(-9.99999,0\right),\left(-9.89999,0\right),\left(-9.79999,0\right),\left(-9.69999,0\right),\left(-9.59999,0\right),\left(-9.49999,0\right),\left(-9.39998,0\right),\left(-9.29998,0\right),\left(-9.19999,0\right),\left(-9.09998,0\right),\left(-8.99998,0\right),\left(-8.89999,0\right),\left(-8.79998,0\right),\left(-8.69998,0\right),\left(-8.59998,0\right),\left(-8.49998,0\right),\left(-8.39998,0\right),\left(-8.29998,0\right),\left(-8.19998,0\right),\left(-8.09998,0\right),\left(-7.99998,0\right),\left(-7.89998,0\right),\left(-7.79998,0\right),\left(-7.69998,0\right),\left(-7.59998,0\right),\left(-7.49998,0\right),\left(-7.39998,0\right),\left(-7.29998,0\right),\left(-7.19998,0\right),\left(-7.09998,0\right),\left(-6.99998,0\right),\left(-6.89998,0\right),\left(-6.79998,0\right),\left(-6.69998,0\right),\left(-6.59998,0\right),\left(-6.49998,0\right),\left(-6.39998,0\right),\left(-6.29998,0\right),\left(-6.19998,0\right),\left(-6.09998,0\right),\left(-5.99998,0\right),\left(-5.89998,0\right),\left(-5.79998,0\right),\left(-5.69998,0\right),\left(-5.59998,0\right),\left(-5.49998,0\right),\left(-5.39998,0\right),\left(-5.29998,0\right),\left(-5.19998,0\right),\left(-5.09998,0\right),\left(-4.99998,0\right),\left(-4.89998,0\right),\left(-4.79998,0\right),\left(-4.69998,0\right),\left(-4.59998,0\right),\left(-4.49998,0\right),\left(-4.39998,0\right),\left(-4.29998,0\right),\left(-4.19998,0\right),\left(-4.09998,0\right),\left(-3.99998,0\right),\left(-3.89998,0\right),\left(-3.79998,0\right),\left(-3.69998,0\right),\left(-3.59998,0\right),\left(-3.49998,0\right),\left(-3.39998,0\right),\left(-3.29998,0\right),\left(-3.19998,0\right),\left(-3.09998,0\right),\left(-2.99998,0\right),\left(-2.89997,0\right),\left(-2.79998,0\right),\left(-2.69998,0\right),\left(-2.59998,0\right),\left(-2.49998,0\right),\left(-2.39998,0\right),\left(-2.29997,0\right),\left(-2.19997,0\right),\left(-2.09997,0\right),\left(-1.99998,0\right),\left(-1.89998,0\right),\left(-1.79997,0\right),\left(-1.69997,0\right),\left(-1.59997,0\right),\left(-1.49997,0\right),\left(-1.39997,0\right),\left(-1.29997,0\right),\left(-1.19997,0\right),\left(-1.09997,0\right),\left(-0.999974,0\right),\left(-0.899974,0\right),\left(-0.799974,0\right),\left(-0.699972,0\right),\left(-0.599972,0\right),\left(-0.499973,0\right),\left(-0.399973,0\right),\left(-0.299973,0\right),\left(-0.199971,0\right),\left(-0.0999715,0\right),\left(8.44001e-05,1.00613e-10\right),\left(0.0999404,0.000141341\right),\left(0.1998,0.000565972\right),\left(0.299653,0.00127545\right),\left(0.399507,0.0022714\right),\left(0.49936,0.00355545\right),\left(0.59921,0.0051292\right),\left(0.699055,0.00699424\right),\left(0.798895,0.00915215\right),\left(0.898727,0.0116045\right),\left(0.99855,0.0143529\right),\left(1.09836,0.0173989\right),\left(1.19816,0.0207441\right),\left(1.29796,0.0243903\right),\left(1.39774,0.0283388\right),\left(1.49751,0.0325914\right),\left(1.59726,0.0371495\right),\left(1.697,0.0420149\right),\left(1.79673,0.0471892\right),\left(1.89644,0.0526739\right),\left(1.99613,0.0584707\right),\left(2.09581,0.0645812\right),\left(2.19547,0.0710067\right),\left(2.2951,0.0777489\right),\left(2.39472,0.0848093\right),\left(2.4943,0.0921895\right),\left(2.59387,0.0998909\right),\left(2.6934,0.107915\right),\left(2.79292,0.116264\right),\left(2.8924,0.124939\right),\left(2.99185,0.133941\right),\left(3.09128,0.143272\right),\left(3.19067,0.152934\right),\left(3.29004,0.162928\right),\left(3.38936,0.173255\right),\left(3.48865,0.183917\right),\left(3.58791,0.194916\right),\left(3.68713,0.206253\right),\left(3.78631,0.217929\right),\left(3.88545,0.229946\right),\left(3.98455,0.242305\right),\left(4.0836,0.255007\right),\left(4.18261,0.268055\right),\left(4.28158,0.281449\right),\left(4.38049,0.295191\right),\left(4.47936,0.309282\right),\left(4.57818,0.323723\right),\left(4.67695,0.338515\right),\left(4.77566,0.353661\right),\left(4.87432,0.369161\right),\left(4.97292,0.385016\right),\left(5.07147,0.401228\right),\left(5.16995,0.417798\right),\left(5.26838,0.434728\right),\left(5.36674,0.452018\right),\left(5.46504,0.469669\right),\left(5.56327,0.487682\right),\left(5.66144,0.50606\right),\left(5.75954,0.524802\right),\left(5.85757,0.543911\right),\left(5.95553,0.563386\right),\left(6.05342,0.583229\right),\left(6.15123,0.603442\right),\left(6.24896,0.624023\right),\left(6.34662,0.644975\right),\left(6.44419,0.666298\right),\left(6.54168,0.687995\right),\left(6.63909,0.710064\right),\left(6.73642,0.732508\right),\left(6.83366,0.755327\right),\left(6.93081,0.778522\right),\left(7.02787,0.802093\right),\left(7.12484,0.826041\right),\left(7.22172,0.850366\right),\left(7.3185,0.87507\right),\left(7.41518,0.900153\right),\left(7.51177,0.925616\right),\left(7.60826,0.951458\right),\left(7.70464,0.977681\right),\left(7.80092,1.00429\right),\left(7.8971,1.03127\right),\left(7.99316,1.05864\right),\left(8.08912,1.08638\right),\left(8.18497,1.11451\right),\left(8.2807,1.14303\right),\left(8.37632,1.17192\right),\left(8.47183,1.2012\right),\left(8.56721,1.23086\right),\left(8.66249,1.26091\right),\left(8.75764,1.29134\right),\left(8.85266,1.32215\right),\left(8.94756,1.35334\right),\left(9.04234,1.38492\right),\left(9.13699,1.41688\right),\left(9.23151,1.44922\right),\left(9.3259,1.48195\right),\left(9.42016,1.51506\right),\left(9.51428,1.54855\right),\left(9.60827,1.58242\right),\left(9.70212,1.61667\right),\left(9.79583,1.65131\right),\left(9.8894,1.68632\right),\left(9.98282,1.72172\right),\left(10.0761,1.75749\right),\left(10.1692,1.79364\right),\left(10.2622,1.83018\right),\left(10.3551,1.86708\right),\left(10.4478,1.90437\right),\left(10.5403,1.94203\right),\left(10.6327,1.98007\right),\left(10.725,2.01848\right),\left(10.817,2.05727\right),\left(10.909,2.09643\right),\left(11.0007,2.13596\right),\left(11.0923,2.17586\right),\left(11.1838,2.21613\right),\left(11.2751,2.25677\right),\left(11.3662,2.29777\right),\left(11.4572,2.33915\right),\left(11.548,2.38088\right),\left(11.6386,2.42298\right),\left(11.729,2.46544\right),\left(11.8193,2.50827\right),\left(11.9094,2.55145\right),\left(11.9994,2.59499\right),\left(12.0892,2.63889\right),\left(12.1788,2.68314\right),\left(12.2682,2.72774\right),\left(12.3574,2.7727\right),\left(12.4465,2.81801\right),\left(12.5354,2.86366\right),\left(12.6241,2.90966\right),\left(12.7127,2.95601\right),\left(12.801,3.0027\right),\left(12.8892,3.04974\right),\left(12.9772,3.09711\right),\left(13.065,3.14482\right),\left(13.1527,3.19287\right),\left(13.2401,3.24125\right),\left(13.3274,3.28996\right),\left(13.4145,3.339\right),\left(13.5014,3.38837\right),\left(13.5881,3.43807\right),\left(13.6746,3.48808\right),\left(13.761,3.53842\right),\left(13.8472,3.58908\right),\left(13.9331,3.64006\right),\left(14.0189,3.69136\right),\left(14.1045,3.74296\right),\left(14.1899,3.79488\right),\left(14.2752,3.8471\right),\left(14.3602,3.89963\right),\left(14.4451,3.95247\right),\left(14.5297,4.0056\right),\left(14.6142,4.05904\right),\left(14.6985,4.11277\right),\left(14.7826,4.16679\right),\left(14.8665,4.2211\right),\left(14.9503,4.27571\right),\left(15.0338,4.3306\right),\left(15.1172,4.38578\right),\left(15.2003,4.44124\right),\left(15.2833,4.49697\right),\left(15.3661,4.55299\right),\left(15.4487,4.60928\right),\left(15.5312,4.66584\right),\left(15.6134,4.72266\right),\left(15.6955,4.77976\right),\left(15.7773,4.83712\right),\left(15.859,4.89474\right),\left(15.9406,4.95262\right),\left(16.0219,5.01076\right),\left(16.103,5.06915\right),\left(16.184,5.12779\right),\left(16.2648,5.18668\right),\left(16.3454,5.24581\right),\left(16.4259,5.30519\right),\left(16.5061,5.3648\right),\left(16.5862,5.42466\right),\left(16.6661,5.48474\right),\left(16.7458,5.54507\right),\left(16.8254,5.60562\right),\left(16.9048,5.66639\right),\left(16.984,5.72739\right),\left(17.063,5.78862\right),\left(17.1419,5.85006\right),\left(17.2206,5.91171\right),\left(17.2992,5.97359\right),\left(17.3775,6.03567\right),\left(17.4558,6.09796\right),\left(17.5338,6.16045\right),\left(17.6117,6.22315\right),\left(17.6894,6.28605\right),\left(17.767,6.34914\right),\left(17.8444,6.41243\right),\left(17.9216,6.47591\right),\left(17.9987,6.53958\right),\left(18.0757,6.60344\right),\left(18.1525,6.66748\right),\left(18.2291,6.7317\right),\left(18.3056,6.7961\right),\left(18.3819,6.86068\right),\left(18.4581,6.92543\right),\left(18.5342,6.99035\right),\left(18.6101,7.05545\right),\left(18.6858,7.1207\right),\left(18.7615,7.18612\right),\left(18.837,7.25169\right),\left(18.9123,7.31743\right),\left(18.9875,7.38332\right),\left(19.0626,7.44936\right),\left(19.1375,7.51555\right),\left(19.2124,7.58189\right),\left(19.2871,7.64838\right),\left(19.3616,7.71501\right),\left(19.4361,7.78177\right),\left(19.5104,7.84868\right),\left(19.5846,7.91571\right),\left(19.6587,7.98288\right),\left(19.7326,8.05018\right),\left(19.8065,8.1176\right),\left(19.8802,8.18515\right),\left(19.9538,8.25282\right),\left(20.0273,8.32062\right),\left(20.1007,8.38852\right),\left(20.174,8.45654\right),\left(20.2472,8.52468\right),\left(20.3203,8.59292\right),\left(20.3933,8.66127\right),\left(20.4662,8.72972\right),\left(20.539,8.79828\right),\left(20.6117,8.86693\right),\left(20.6843,8.93569\right),\left(20.7568,9.00453\right),\left(20.8293,9.07347\right),\left(20.9016,9.1425\right),\left(20.9739,9.21162\right),\left(21.0461,9.28082\right),\left(21.1182,9.3501\right),\left(21.1902,9.41947\right),\left(21.2622,9.48891\right),\left(21.3341,9.55843\right),\left(21.4059,9.62802\right),\left(21.4776,9.69768\right),\left(21.5493,9.76741\right),\left(21.6209,9.83721\right),\left(21.6925,9.90707\right),\left(21.764,9.97699\right),\left(21.8354,10.047\right),\left(21.9068,10.117\right),\left(21.9781,10.1871\right),\left(22.0494,10.2572\right),\left(22.1206,10.3274\right),\left(22.1918,10.3977\right),\left(22.2629,10.468\right),\left(22.334,10.5383\right),\left(22.405,10.6087\right),\left(22.4761,10.6791\right),\left(22.547,10.7495\right),\left(22.618,10.82\right),\left(22.6889,10.8905\right),\left(22.7598,10.961\right),\left(22.8306,11.0316\right),\left(22.9015,11.1022\right),\left(22.9723,11.1728\right),\left(23.0431,11.2434\right),\left(23.1138,11.3141\right),\left(23.1846,11.3847\right),\left(23.2553,11.4554\right),\left(23.3261,11.5261\right),\left(23.3968,11.5968\right),\left(23.4675,11.6675\right),\left(23.5382,11.7382\right),\left(23.6089,11.8089\right),\left(23.6796,11.8796\right),\left(23.7504,11.9503\right),\left(23.8211,12.021\right),\left(23.8918,12.0917\right),\left(23.9625,12.1624\right),\left(24.0333,12.2331\right),\left(24.104,12.3038\right),\left(24.1748,12.3744\right),\left(24.2456,12.445\right),\left(24.3164,12.5156\right),\left(24.3873,12.5862\right),\left(24.4581,12.6568\right),\left(24.529,12.7273\right),\left(24.5999,12.7978\right),\left(24.6709,12.8683\right),\left(24.7419,12.9387\right),\left(24.8129,13.0091\right),\left(24.884,13.0795\right),\left(24.9551,13.1498\right),\left(25.0262,13.2201\right),\left(25.0974,13.2903\right),\left(25.1686,13.3605\right),\left(25.2399,13.4306\right),\left(25.3113,13.5007\right),\left(25.3827,13.5707\right),\left(25.4541,13.6407\right),\left(25.5256,13.7106\right),\left(25.5972,13.7804\right),\left(25.6688,13.8502\right),\left(25.7405,13.9199\right),\left(25.8123,13.9896\right),\left(25.8841,14.0591\right),\left(25.956,14.1286\right),\left(26.028,14.1981\right),\left(26.1,14.2674\right),\left(26.1721,14.3367\right),\left(26.2444,14.4059\right),\left(26.3166,14.475\right),\left(26.389,14.544\right),\left(26.4615,14.6129\right),\left(26.534,14.6817\right),\left(26.6067,14.7504\right),\left(26.6794,14.8191\right),\left(26.7522,14.8876\right),\left(26.8252,14.956\right),\left(26.8982,15.0244\right),\left(26.9713,15.0926\right),\left(27.0445,15.1607\right),\left(27.1179,15.2287\right),\left(27.1913,15.2966\right),\left(27.2648,15.3643\right),\left(27.3385,15.432\right),\left(27.4122,15.4995\right),\left(27.4861,15.5669\right),\left(27.5601,15.6342\right),\left(27.6342,15.7013\right),\left(27.7085,15.7683\right),\left(27.7828,15.8352\right),\left(27.8573,15.9019\right),\left(27.9319,15.9685\right),\left(28.0066,16.035\right),\left(28.0815,16.1013\right),\left(28.1565,16.1675\right),\left(28.2316,16.2335\right),\left(28.3069,16.2993\right),\left(28.3823,16.365\right),\left(28.4578,16.4306\right),\left(28.5335,16.496\right),\left(28.6093,16.5612\right),\left(28.6852,16.6262\right),\left(28.7613,16.6911\right),\left(28.8376,16.7558\right),\left(28.914,16.8204\right),\left(28.9905,16.8848\right),\left(29.0672,16.949\right),\left(29.1441,17.013\right),\left(29.2211,17.0768\right),\left(29.2982,17.1404\right),\left(29.3755,17.2039\right),\left(29.453,17.2671\right),\left(29.5306,17.3302\right),\left(29.6084,17.3931\right),\left(29.6863,17.4557\right),\left(29.7645,17.5182\right),\left(29.8427,17.5804\right),\left(29.9212,17.6425\right),\left(29.9998,17.7043\right),\left(30.0786,17.7659\right),\left(30.1575,17.8273\right),\left(30.2366,17.8885\right),\left(30.3159,17.9495\right),\left(30.3954,18.0102\right),\left(30.475,18.0708\right),\left(30.5548,18.131\right),\left(30.6348,18.1911\right),\left(30.715,18.2509\right),\left(30.7953,18.3105\right),\left(30.8758,18.3698\right),\left(30.9565,18.4289\right),\left(31.0374,18.4878\right),\left(31.1185,18.5464\right),\left(31.1997,18.6047\right),\left(31.2811,18.6628\right),\left(31.3627,18.7207\right),\left(31.4445,18.7782\right),\left(31.5265,18.8356\right),\left(31.6087,18.8926\right),\left(31.691,18.9494\right),\left(31.7735,19.0059\right),\left(31.8563,19.0622\right),\left(31.9392,19.1182\right),\left(32.0222,19.1739\right),\left(32.1055,19.2293\right),\left(32.189,19.2844\right),\left(32.2726,19.3393\right),\left(32.3565,19.3938\right),\left(32.4405,19.4481\right),\left(32.5247,19.5021\right),\left(32.6092,19.5558\right),\left(32.6938,19.6092\right),\left(32.7785,19.6623\right),\left(32.8635,19.7151\right),\left(32.9487,19.7676\right),\left(33.034,19.8197\right),\left(33.1196,19.8716\right),\left(33.2053,19.9232\right),\left(33.2912,19.9744\right),\left(33.3774,20.0254\right),\left(33.4636,20.076\right),\left(33.5501,20.1263\right),\left(33.6368,20.1763\right),\left(33.7237,20.2259\right),\left(33.8107,20.2752\right),\left(33.898,20.3242\right),\left(33.9854,20.3729\right),\left(34.073,20.4212\right),\left(34.1608,20.4693\right),\left(34.2487,20.5169\right),\left(34.3369,20.5642\right),\left(34.4252,20.6112\right),\left(34.5138,20.6579\right),\left(34.6025,20.7042\right),\left(34.6914,20.7501\right),\left(34.7804,20.7957\right),\left(34.8697,20.841\right),\left(34.9591,20.8859\right),\left(35.0487,20.9305\right),\left(35.1385,20.9747\right),\left(35.2284,21.0185\right),\left(35.3185,21.062\right),\left(35.4088,21.1051\right),\left(35.4993,21.1479\right),\left(35.5899,21.1903\right),\left(35.6807,21.2324\right),\left(35.7717,21.274\right),\left(35.8629,21.3154\right),\left(35.9542,21.3563\right),\left(36.0457,21.3969\right),\left(36.1373,21.4371\right),\left(36.2291,21.4769\right),\left(36.3211,21.5164\right),\left(36.4132,21.5555\right),\left(36.5055,21.5942\right),\left(36.5979,21.6326\right),\left(36.6905,21.6706\right),\left(36.7833,21.7082\right),\left(36.8762,21.7454\right),\left(36.9693,21.7822\right),\left(37.0625,21.8187\right),\left(37.1558,21.8548\right),\left(37.2493,21.8905\right),\left(37.343,21.9258\right),\left(37.4368,21.9608\right),\left(37.5307,21.9954\right),\left(37.6248,22.0295\right),\left(37.719,22.0633\right),\left(37.8134,22.0968\right),\left(37.9078,22.1298\right),\left(38.0025,22.1625\right),\left(38.0972,22.1947\right),\left(38.1921,22.2266\right),\left(38.2871,22.2581\right),\left(38.3823,22.2892\right),\left(38.4775,22.32\right),\left(38.5729,22.3503\right),\left(38.6684,22.3803\right),\left(38.7641,22.4099\right),\left(38.8598,22.4391\right),\left(38.9557,22.4679\right),\left(39.0517,22.4963\right),\left(39.1478,22.5243\right),\left(39.244,22.552\right),\left(39.3403,22.5793\right),\left(39.4368,22.6062\right),\left(39.5333,22.6327\right),\left(39.6299,22.6588\right),\left(39.7267,22.6846\right),\left(39.8235,22.7099\right),\left(39.9205,22.7349\right),\left(40.0175,22.7595\right),\left(40.1147,22.7838\right),\left(40.2119,22.8076\right),\left(40.3092,22.8311\right),\left(40.4067,22.8542\right),\left(40.5042,22.8769\right),\left(40.6018,22.8992\right),\left(40.6994,22.9212\right),\left(40.7972,22.9428\right),\left(40.8951,22.964\right),\left(40.993,22.9849\right),\left(41.091,23.0053\right),\left(41.1891,23.0254\right),\left(41.2872,23.0452\right),\left(41.3855,23.0645\right),\left(41.4838,23.0835\right),\left(41.5822,23.1021\right),\left(41.6806,23.1204\right),\left(41.7791,23.1383\right),\left(41.8777,23.1558\right),\left(41.9763,23.173\right),\left(42.0751,23.1898\right),\left(42.1738,23.2063\right),\left(42.2727,23.2224\right),\left(42.3715,23.2381\right),\left(42.4705,23.2535\right),\left(42.5695,23.2685\right),\left(42.6685,23.2831\right),\left(42.7676,23.2975\right),\left(42.8668,23.3114\right),\left(42.966,23.325\right),\left(43.0652,23.3383\right),\left(43.1645,23.3512\right),\left(43.2639,23.3638\right),\left(43.3633,23.376\right),\left(43.4627,23.3879\right),\left(43.5622,23.3994\right),\left(43.6617,23.4106\right),\left(43.7612,23.4215\right),\left(43.8608,23.432\right),\left(43.9604,23.4422\right),\left(44.0601,23.452\right),\left(44.1598,23.4616\right),\left(44.2595,23.4707\right),\left(44.3592,23.4796\right),\left(44.459,23.4881\right),\left(44.5588,23.4963\right),\left(44.6586,23.5042\right),\left(44.7585,23.5118\right),\left(44.8584,23.519\right),\left(44.9583,23.5259\right),\left(45.0582,23.5325\right),\left(45.1581,23.5388\right),\left(45.2581,23.5447\right),\left(45.3581,23.5504\right),\left(45.4581,23.5557\right),\left(45.5581,23.5607\right),\left(45.6581,23.5654\right),\left(45.7582,23.5698\right),\left(45.8582,23.5739\right),\left(45.9583,23.5777\right),\left(46.0584,23.5812\right),\left(46.1585,23.5844\right),\left(46.2586,23.5873\right),\left(46.3587,23.5898\right),\left(46.4588,23.5921\right),\left(46.5589,23.5941\right),\left(46.659,23.5958\right),\left(46.7592,23.5972\right),\left(46.8593,23.5984\right),\left(46.9594,23.5992\right),\left(47.0596,23.5997\right),\left(47.1597,23.6\right),\left(47.2,23.6\right),\right]
l_{headings}=\left[0,0,0,0,0,0,0,0,0,0,0,0,0,0,0,0,0,0,0,0,0,0,0,0,0,0,0,0,0,0,0,0,0,0,0,0,0,0,0,0,0,0,0,0,0,0,0,0,0,0,0,0,0,0,0,0,0,0,0,0,0,0,0,0,0,0,0,0,0,0,0,0,0,0,0,0,0,0,0,0,0,0,0,0,0,0,0,0,0,0,0,0,0,0,0,0,0,0,0,0,0,0,0,0,0,0,0,0,0,0,0,0,0,0,0,0,0,0,0,0,0,0,0,0,0,0,0,0,0,0,0,0,0,0,0,0,0,0,0,0,0,0,0,0,0,0,0,0,0,0,0,0,0,0,0,0,0,0,0,0,0,0,0,0,0,0,0,0,0,0,0,0,0,0,0,0,0,0,0,0,0,0,0,0,0,0,0,0,0,0,0,0,0,0,0,0,0,0,0,0,0,0,0,0,0,0,0,0,0,0,0,0,0,0,0,0,0,0,0,0,0,0,0,0,0,0,0,0,0,0,0,0,0,0,0,0,2.38419e-06,0.00283116,0.00567601,0.00853674,0.0114136,0.0143066,0.0172157,0.020141,0.0230825,0.0260402,0.0290141,0.0320042,0.0350105,0.0380333,0.0410723,0.0441277,0.0471993,0.0502874,0.0533919,0.0565128,0.0596501,0.0628038,0.0659739,0.0691603,0.0723631,0.0755821,0.0788174,0.0820689,0.0853369,0.0886211,0.0919213,0.0952378,0.0985704,0.101919,0.105284,0.108665,0.112061,0.115474,0.118902,0.122346,0.125806,0.129281,0.132772,0.136278,0.1398,0.143336,0.146888,0.150455,0.154036,0.157633,0.161243,0.164869,0.168509,0.172163,0.175831,0.179513,0.183209,0.186918,0.190641,0.194378,0.198127,0.201889,0.205664,0.209451,0.213251,0.217063,0.220886,0.224721,0.228568,0.232426,0.236295,0.240175,0.244065,0.247965,0.251876,0.255795,0.259725,0.263663,0.267611,0.271567,0.275531,0.279503,0.283483,0.28747,0.291464,0.295465,0.299472,0.303485,0.307504,0.311529,0.315558,0.319592,0.323631,0.327673,0.331719,0.335768,0.33982,0.343874,0.347931,0.351989,0.356048,0.360109,0.364169,0.36823,0.372291,0.376351,0.38041,0.384467,0.388523,0.392576,0.396626,0.400673,0.404717,0.408756,0.412792,0.416822,0.420847,0.424866,0.428879,0.432885,0.436885,0.440877,0.444861,0.448837,0.452804,0.456762,0.460711,0.464649,0.468577,0.472495,0.476401,0.480295,0.484177,0.488047,0.491904,0.495748,0.499578,0.503394,0.507196,0.510982,0.514753,0.518509,0.522249,0.525972,0.529678,0.533367,0.537039,0.540693,0.544328,0.547945,0.551543,0.555122,0.558681,0.562219,0.565738,0.569236,0.572712,0.576168,0.579602,0.583014,0.586404,0.589771,0.593115,0.596437,0.599735,0.603009,0.606259,0.609486,0.612687,0.615865,0.619017,0.622144,0.625246,0.628321,0.631372,0.634396,0.637393,0.640364,0.643309,0.646226,0.649116,0.651979,0.654815,0.657622,0.660402,0.663154,0.665878,0.668573,0.67124,0.673878,0.676488,0.679068,0.68162,0.684142,0.686635,0.689098,0.691532,0.693936,0.69631,0.698655,0.700969,0.703253,0.705508,0.707731,0.709925,0.712088,0.71422,0.716322,0.718393,0.720433,0.722443,0.724422,0.726369,0.728286,0.730171,0.732026,0.733849,0.735641,0.737402,0.739131,0.740829,0.742495,0.74413,0.745734,0.747306,0.748847,0.750356,0.751833,0.753279,0.754693,0.756075,0.757426,0.758745,0.760033,0.761288,0.762512,0.763704,0.764864,0.765992,0.767089,0.768154,0.769186,0.770187,0.771157,0.772094,0.772999,0.773873,0.774715,0.775524,0.776302,0.777048,0.777762,0.778444,0.779095,0.779713,0.7803,0.780854,0.781377,0.781867,0.782326,0.782753,0.783148,0.783511,0.783842,0.784141,0.784409,0.784644,0.784848,0.785019,0.785159,0.785266,0.785342,0.785386,0.785398,0.785378,0.785326,0.785242,0.785126,0.784979,0.784799,0.784588,0.784344,0.784069,0.783762,0.783422,0.783051,0.782648,0.782213,0.781747,0.781248,0.780717,0.780154,0.77956,0.778933,0.778275,0.777585,0.776863,0.776109,0.775323,0.774505,0.773655,0.772774,0.77186,0.770915,0.769938,0.768929,0.767888,0.766815,0.76571,0.764574,0.763405,0.762205,0.760974,0.75971,0.758415,0.757088,0.755729,0.754338,0.752916,0.751462,0.749977,0.74846,0.746911,0.745331,0.743719,0.742076,0.740401,0.738695,0.736958,0.735189,0.733389,0.731558,0.729695,0.727802,0.725877,0.723921,0.721935,0.719917,0.717869,0.715789,0.71368,0.711539,0.709368,0.707166,0.704934,0.702672,0.70038,0.698057,0.695704,0.693322,0.690909,0.688468,0.685996,0.683495,0.680965,0.678405,0.675816,0.673199,0.670552,0.667877,0.665173,0.662441,0.659681,0.656893,0.654077,0.651233,0.648362,0.645463,0.642538,0.639585,0.636606,0.6336,0.630567,0.627509,0.624425,0.621315,0.618179,0.615019,0.611834,0.608623,0.605389,0.60213,0.598847,0.595541,0.592211,0.588858,0.585482,0.582084,0.578664,0.575221,0.571757,0.568272,0.564766,0.561239,0.557691,0.554124,0.550537,0.54693,0.543305,0.539661,0.535999,0.532319,0.528621,0.524906,0.521174,0.517426,0.513662,0.509882,0.506087,0.502277,0.498453,0.494614,0.490762,0.486896,0.483018,0.479127,0.475225,0.47131,0.467385,0.463448,0.459501,0.455544,0.451578,0.447603,0.443619,0.439626,0.435626,0.431619,0.427604,0.423583,0.419556,0.415523,0.411485,0.407442,0.403395,0.399343,0.395289,0.39123,0.38717,0.383106,0.379042,0.374975,0.370908,0.36684,0.362771,0.358703,0.354635,0.350569,0.346503,0.34244,0.338378,0.334319,0.330263,0.326211,0.322162,0.318117,0.314076,0.31004,0.306009,0.301984,0.297965,0.293951,0.289944,0.285944,0.281951,0.277965,0.273987,0.270017,0.266056,0.262103,0.258159,0.254224,0.250299,0.246383,0.242478,0.238583,0.234699,0.230825,0.226962,0.223111,0.219271,0.215443,0.211627,0.207824,0.204032,0.200254,0.196488,0.192735,0.188995,0.185269,0.181556,0.177857,0.174172,0.1705,0.166843,0.163201,0.159572,0.155959,0.15236,0.148776,0.145207,0.141653,0.138114,0.13459,0.131082,0.12759,0.124113,0.120651,0.117206,0.113776,0.110362,0.106964,0.103582,0.100216,0.0968663,0.0935329,0.0902154,0.0869142,0.0836295,0.080361,0.077109,0.0738733,0.070654,0.0674513,0.0642648,0.0610948,0.0579412,0.054804,0.0516833,0.048579,0.0454913,0.0424201,0.0393653,0.036327,0.0333049,0.0302994,0.0273102,0.0243373,0.0213809,0.0184405,0.0155163,0.0126085,0.00971682,0.00684129,0.00398199,0.00113869,6.28319,\right]
running path!
lin/ang/drive_left/drive_right/tv_l/tv_r/av_l/av_r/x/y/theta/tx/ty/ttheta: 0.36412 -0.00053 0.00000 0.00000 1.00000 1.00000 0.00000 -0.00017 -23.60001 0.00005 0.00114 -23.40000 0.00000 0.00000
lin/ang/drive_left/drive_right/tv_l/tv_r/av_l/av_r/x/y/theta/tx/ty/ttheta: 0.36412 0.00017 0.04711 0.06937 0.45225 0.43996 0.16358 0.17056 -23.60000 -0.00002 -0.00036 -23.40000 0.00000 0.00000
lin/ang/drive_left/drive_right/tv_l/tv_r/av_l/av_r/x/y/theta/tx/ty/ttheta: 0.36415 -0.02885 0.55304 0.26647 0.15922 0.31771 0.40844 0.39869 -23.60054 0.00282 0.06215 -23.40000 0.00000 0.00000
lin/ang/drive_left/drive_right/tv_l/tv_r/av_l/av_r/x/y/theta/tx/ty/ttheta: 0.36335 -0.10568 0.25610 0.18197 0.30351 0.30864 0.22692 0.33264 -23.58376 0.01039 0.22775 -23.40000 0.00000 0.00000
lin/ang/drive_left/drive_right/tv_l/tv_r/av_l/av_r/x/y/theta/tx/ty/ttheta: 0.59444 -0.18484 0.17332 0.21525 1.00000 1.00000 0.25544 0.29328 -23.44584 0.01657 0.34750 -23.00000 0.00000 0.00000
lin/ang/drive_left/drive_right/tv_l/tv_r/av_l/av_r/x/y/theta/tx/ty/ttheta: 0.67156 -0.28407 0.42143 0.37691 0.99760 0.88446 0.52786 0.53469 -23.31152 0.02541 0.51735 -22.80000 0.00000 0.00000
lin/ang/drive_left/drive_right/tv_l/tv_r/av_l/av_r/x/y/theta/tx/ty/ttheta: 0.73364 -0.32436 0.36134 0.38922 0.99346 0.91488 0.29003 0.26078 -23.10123 0.02974 0.56759 -22.60000 0.00000 0.00000
lin/ang/drive_left/drive_right/tv_l/tv_r/av_l/av_r/x/y/theta/tx/ty/ttheta: 0.84282 -0.35311 0.51500 0.65591 1.00000 1.00000 0.44422 0.56450 -22.83570 0.03305 0.58028 -22.20000 0.00000 0.00000
lin/ang/drive_left/drive_right/tv_l/tv_r/av_l/av_r/x/y/theta/tx/ty/ttheta: 0.93133 -0.32185 0.62004 0.48259 1.00000 1.00000 0.56789 0.29567 -22.54928 0.03172 0.49433 -21.80000 0.00000 0.00000
lin/ang/drive_left/drive_right/tv_l/tv_r/av_l/av_r/x/y/theta/tx/ty/ttheta: 0.98011 -0.24028 0.52041 0.65526 0.99966 1.00000 0.64133 0.47500 -22.15085 0.02733 0.33607 -21.50000 0.00000 0.00000
lin/ang/drive_left/drive_right/tv_l/tv_r/av_l/av_r/x/y/theta/tx/ty/ttheta: 1.07963 0.03351 0.62457 0.93016 1.00000 1.00000 0.46283 0.78694 -21.74052 0.00612 -0.13004 -20.90000 0.00000 0.00000
lin/ang/drive_left/drive_right/tv_l/tv_r/av_l/av_r/x/y/theta/tx/ty/ttheta: 1.15918 0.22747 0.69222 0.99348 1.00000 1.00000 0.58947 0.83125 -21.24320 -0.01038 -0.42315 -20.30000 0.00000 0.00000
lin/ang/drive_left/drive_right/tv_l/tv_r/av_l/av_r/x/y/theta/tx/ty/ttheta: 1.20948 0.29679 0.94723 1.13525 0.98144 1.00000 0.76658 0.85006 -20.67907 -0.01894 -0.50574 -19.80000 0.00000 0.00000
lin/ang/drive_left/drive_right/tv_l/tv_r/av_l/av_r/x/y/theta/tx/ty/ttheta: 1.27909 0.36449 0.58416 1.16054 1.00000 1.00000 0.44214 0.89558 -20.09060 -0.02757 -0.56996 -19.10000 0.00000 0.00000
lin/ang/drive_left/drive_right/tv_l/tv_r/av_l/av_r/x/y/theta/tx/ty/ttheta: 1.33539 0.44641 1.04124 1.12294 1.00000 1.00000 0.64661 0.87144 -19.42071 -0.07323 -0.38196 -18.40000 0.00000 0.00000
lin/ang/drive_left/drive_right/tv_l/tv_r/av_l/av_r/x/y/theta/tx/ty/ttheta: 1.39330 0.34579 1.24288 1.19750 1.00000 1.00000 0.84750 0.87214 -18.70820 -0.10071 0.04097 -17.60000 0.00000 0.00000
lin/ang/drive_left/drive_right/tv_l/tv_r/av_l/av_r/x/y/theta/tx/ty/ttheta: 1.43244 0.07845 1.05205 1.22689 1.00000 0.95941 0.86133 0.86836 -17.97423 -0.08091 0.44360 -16.89999 0.00000 0.00000
lin/ang/drive_left/drive_right/tv_l/tv_r/av_l/av_r/x/y/theta/tx/ty/ttheta: 1.48761 -0.10314 1.33105 1.15687 1.00000 1.00000 0.90019 0.69367 -17.08301 -0.06159 0.65784 -15.89999 0.00000 0.00000
lin/ang/drive_left/drive_right/tv_l/tv_r/av_l/av_r/x/y/theta/tx/ty/ttheta: 1.52819 -0.15029 1.36801 1.26449 1.00000 1.00000 0.90736 0.72739 -16.22936 -0.05104 0.66624 -14.99999 0.00000 0.00000
lin/ang/drive_left/drive_right/tv_l/tv_r/av_l/av_r/x/y/theta/tx/ty/ttheta: 1.56567 -0.06946 1.47520 1.43890 0.99660 1.00000 0.90417 0.88444 -15.24594 -0.04976 0.49022 -13.99999 0.00000 0.00000
lin/ang/drive_left/drive_right/tv_l/tv_r/av_l/av_r/x/y/theta/tx/ty/ttheta: 1.58196 0.06769 1.24980 1.44754 0.99377 1.00000 0.67572 0.93067 -14.22375 -0.05492 0.25378 -12.99999 0.00000 0.00000
lin/ang/drive_left/drive_right/tv_l/tv_r/av_l/av_r/x/y/theta/tx/ty/ttheta: 1.58762 0.10819 1.54155 1.48061 0.87878 1.00000 0.84322 0.92192 -13.14336 -0.05526 0.17253 -11.79999 0.00000 0.00000
lin/ang/drive_left/drive_right/tv_l/tv_r/av_l/av_r/x/y/theta/tx/ty/ttheta: 1.58646 0.08868 1.37601 1.62022 0.95994 0.84675 0.70464 0.95700 -12.11888 -0.05146 0.18456 -10.79999 0.00000 0.00000
lin/ang/drive_left/drive_right/tv_l/tv_r/av_l/av_r/x/y/theta/tx/ty/ttheta: 1.58472 -0.00499 1.26622 1.47801 1.00000 0.85044 0.77100 0.77275 -10.98220 -0.04131 0.29751 -9.69999 0.00000 0.00000
lin/ang/drive_left/drive_right/tv_l/tv_r/av_l/av_r/x/y/theta/tx/ty/ttheta: 1.58455 -0.13783 1.25606 1.55020 1.00000 0.78997 0.75750 0.80764 -9.77865 -0.02565 0.44782 -8.49998 0.00000 0.00000
lin/ang/drive_left/drive_right/tv_l/tv_r/av_l/av_r/x/y/theta/tx/ty/ttheta: 1.58608 -0.20206 1.44884 1.50632 1.00000 0.85242 0.92350 0.76642 -8.61097 -0.01397 0.48992 -7.29998 0.00000 0.00000
lin/ang/drive_left/drive_right/tv_l/tv_r/av_l/av_r/x/y/theta/tx/ty/ttheta: 1.58769 -0.17259 1.48471 1.59969 0.94815 0.72701 0.95222 0.81636 -7.44502 -0.00924 0.39812 -6.09998 0.00000 0.00000
lin/ang/drive_left/drive_right/tv_l/tv_r/av_l/av_r/x/y/theta/tx/ty/ttheta: 1.58593 0.00364 1.27962 1.55344 0.93862 0.83904 0.79908 0.74708 -6.30778 -0.01806 0.11836 -4.99998 0.00000 0.00000
lin/ang/drive_left/drive_right/tv_l/tv_r/av_l/av_r/x/y/theta/tx/ty/ttheta: 1.55489 0.26467 1.36952 1.57635 0.67097 0.75695 0.82578 0.79822 -5.08903 -0.03829 -0.25268 -3.89998 0.00000 0.00000
lin/ang/drive_left/drive_right/tv_l/tv_r/av_l/av_r/x/y/theta/tx/ty/ttheta: 1.51119 0.49627 1.25304 1.56251 0.62113 0.67703 0.74689 0.76367 -3.95793 -0.05924 -0.56571 -2.79998 0.00000 0.00000
lin/ang/drive_left/drive_right/tv_l/tv_r/av_l/av_r/x/y/theta/tx/ty/ttheta: 1.46155 0.77219 1.19750 1.55387 0.52775 0.67187 0.65003 0.70003 -2.84234 -0.09196 -0.87696 -1.59997 0.00000 0.00000
lin/ang/drive_left/drive_right/tv_l/tv_r/av_l/av_r/x/y/theta/tx/ty/ttheta: 1.40633 0.97934 1.20506 1.54479 0.46698 0.57925 0.58025 0.67467 -1.66488 -0.12328 -1.09485 -0.59997 0.00000 0.00000
lin/ang/drive_left/drive_right/tv_l/tv_r/av_l/av_r/x/y/theta/tx/ty/ttheta: 1.37457 3.25406 1.09095 1.50978 -1.00000 1.00000 0.51964 0.62061 -0.44952 -0.15985 -1.31192 0.69906 0.00699 1.15400
lin/ang/drive_left/drive_right/tv_l/tv_r/av_l/av_r/x/y/theta/tx/ty/ttheta: 1.35894 4.38017 1.09398 1.61460 -0.48811 1.00000 0.14100 0.80300 0.75063 -0.18956 -1.34200 1.79673 0.04719 3.05913
lin/ang/drive_left/drive_right/tv_l/tv_r/av_l/av_r/x/y/theta/tx/ty/ttheta: 1.34927 5.38023 0.56017 1.84109 -0.47467 0.99084 -0.15433 0.96456 1.82843 -0.19079 -0.92754 2.89240 0.12494 5.07761
lin/ang/drive_left/drive_right/tv_l/tv_r/av_l/av_r/x/y/theta/tx/ty/ttheta: 1.33952 6.31808 0.26388 1.58888 -0.48198 1.00000 -0.30797 0.86322 2.91978 -0.21875 0.19742 3.98455 0.24231 7.20815
lin/ang/drive_left/drive_right/tv_l/tv_r/av_l/av_r/x/y/theta/tx/ty/ttheta: 1.33083 7.05057 -0.01621 1.66452 -0.22492 1.00000 -0.32750 0.86017 4.01098 -0.22308 1.96252 5.07146 0.40123 9.44630
lin/ang/drive_left/drive_right/tv_l/tv_r/av_l/av_r/x/y/theta/tx/ty/ttheta: 1.32200 7.44612 0.01513 1.72827 0.02691 1.00000 -0.25375 0.96539 5.05369 -0.19896 4.28666 6.05342 0.58323 11.56739
lin/ang/drive_left/drive_right/tv_l/tv_r/av_l/av_r/x/y/theta/tx/ty/ttheta: 1.31269 7.34981 0.04949 1.76177 0.39589 1.00000 -0.03472 0.98561 5.97218 -0.16351 7.22210 6.83366 0.75533 13.31704
lin/ang/drive_left/drive_right/tv_l/tv_r/av_l/av_r/x/y/theta/tx/ty/ttheta: 1.30917 7.08936 0.50722 1.75226 0.27977 1.00000 0.25803 0.98542 6.88576 -0.07092 10.62940 7.70464 0.97768 15.33297
lin/ang/drive_left/drive_right/tv_l/tv_r/av_l/av_r/x/y/theta/tx/ty/ttheta: 1.30462 6.62092 0.78277 1.70277 0.29048 1.00000 0.30200 0.98728 7.77182 0.02781 14.38708 8.47183 1.20120 17.15849
lin/ang/drive_left/drive_right/tv_l/tv_r/av_l/av_r/x/y/theta/tx/ty/ttheta: 1.30275 6.86934 0.71405 1.74254 -0.32160 1.00000 0.29311 0.99125 8.70697 -0.00681 18.17682 9.32590 1.48195 19.23808
lin/ang/drive_left/drive_right/tv_l/tv_r/av_l/av_r/x/y/theta/tx/ty/ttheta: 1.29874 6.73250 0.42013 1.69845 0.14428 1.00000 -0.06175 0.98200 9.63852 0.07779 21.91180 10.07611 1.75749 21.09804
lin/ang/drive_left/drive_right/tv_l/tv_r/av_l/av_r/x/y/theta/tx/ty/ttheta: 1.30667 6.33894 0.09920 1.69326 0.64899 1.00000 0.05217 0.98269 10.48302 0.22325 25.73167 10.81704 2.05727 22.95689
lin/ang/drive_left/drive_right/tv_l/tv_r/av_l/av_r/x/y/theta/tx/ty/ttheta: 1.31626 6.07322 0.53294 1.63491 0.46400 1.00000 0.43122 0.96028 11.34090 0.31648 29.79650 11.54795 2.38088 24.80250
lin/ang/drive_left/drive_right/tv_l/tv_r/av_l/av_r/x/y/theta/tx/ty/ttheta: 1.32541 5.82634 0.99413 1.66560 0.24299 1.00000 0.49142 0.97533 12.23285 0.42076 33.95389 12.26819 2.72774 26.62244
lin/ang/drive_left/drive_right/tv_l/tv_r/av_l/av_r/x/y/theta/tx/ty/ttheta: 1.33489 5.16785 0.62328 1.64464 0.76163 1.00000 0.33983 0.98403 13.00793 0.59224 38.04295 12.88922 3.04974 28.18404
lin/ang/drive_left/drive_right/tv_l/tv_r/av_l/av_r/x/y/theta/tx/ty/ttheta: 1.35624 4.72840 0.85236 1.61157 0.65690 1.00000 0.52272 0.95392 13.91159 0.84123 41.96554 13.76100 3.53842 30.34832
lin/ang/drive_left/drive_right/tv_l/tv_r/av_l/av_r/x/y/theta/tx/ty/ttheta: 1.36596 4.15592 0.88737 1.63426 0.80172 1.00000 0.62711 0.95925 14.73455 1.09909 45.69932 14.36022 3.89963 31.80613
lin/ang/drive_left/drive_right/tv_l/tv_r/av_l/av_r/x/y/theta/tx/ty/ttheta: 1.38409 3.33362 1.11018 1.61892 0.90350 0.60520 0.71078 0.94811 15.55468 1.50307 49.17832 15.11716 4.38578 33.59846
lin/ang/drive_left/drive_right/tv_l/tv_r/av_l/av_r/x/y/theta/tx/ty/ttheta: 1.39920 3.01268 1.01898 1.45835 0.66339 0.96558 0.69094 0.72908 16.42352 1.83575 52.35350 15.77734 4.83712 35.10441
lin/ang/drive_left/drive_right/tv_l/tv_r/av_l/av_r/x/y/theta/tx/ty/ttheta: 1.41733 2.25256 0.80417 1.60747 1.00000 0.58652 0.50800 0.82783 17.19144 2.35221 54.98594 16.50612 5.36480 36.69016
lin/ang/drive_left/drive_right/tv_l/tv_r/av_l/av_r/x/y/theta/tx/ty/ttheta: 1.42609 1.64883 1.21651 1.34359 0.96261 0.69918 0.73131 0.69008 17.89977 2.85828 57.30273 17.06305 5.78862 37.83826
lin/ang/drive_left/drive_right/tv_l/tv_r/av_l/av_r/x/y/theta/tx/ty/ttheta: 1.44709 1.34916 1.15470 1.42269 0.90229 0.91825 0.59256 0.67981 18.77698 3.44133 59.37117 17.84439 6.41243 39.34127
lin/ang/drive_left/drive_right/tv_l/tv_r/av_l/av_r/x/y/theta/tx/ty/ttheta: 1.46211 0.93395 1.17502 1.52642 1.00000 0.72914 0.70839 0.79003 19.48362 3.98575 61.11428 18.45812 6.92543 40.42261
lin/ang/drive_left/drive_right/tv_l/tv_r/av_l/av_r/x/y/theta/tx/ty/ttheta: 1.47979 0.30761 1.05637 1.43717 1.00000 0.57880 0.68647 0.76831 20.17473 4.64328 62.62412 19.13755 7.51555 41.50630
lin/ang/drive_left/drive_right/tv_l/tv_r/av_l/av_r/x/y/theta/tx/ty/ttheta: 1.50190 -0.47365 1.51519 1.33624 1.00000 0.48431 0.88533 0.62283 20.85671 5.36981 63.94225 19.88020 8.18515 42.54185
lin/ang/drive_left/drive_right/tv_l/tv_r/av_l/av_r/x/y/theta/tx/ty/ttheta: 1.52738 -0.85853 1.80413 1.26752 1.00000 0.76960 0.95906 0.53267 21.56162 6.01409 64.86251 20.61171 8.86693 43.39732
lin/ang/drive_left/drive_right/tv_l/tv_r/av_l/av_r/x/y/theta/tx/ty/ttheta: 1.54678 -1.48032 1.48925 1.38681 1.00000 0.33442 0.97039 0.67211 22.23778 6.82531 65.50322 21.33407 9.55843 44.07114
lin/ang/drive_left/drive_right/tv_l/tv_r/av_l/av_r/x/y/theta/tx/ty/ttheta: 1.54165 -2.04515 1.33322 1.23856 1.00000 0.24153 0.96917 0.52822 22.79674 7.55611 65.71522 21.97809 10.18709 44.52158
lin/ang/drive_left/drive_right/tv_l/tv_r/av_l/av_r/x/y/theta/tx/ty/ttheta: 1.49390 -2.68323 1.28048 1.01401 1.00000 -0.09796 0.95600 0.35608 23.30834 8.42581 65.33391 22.61798 10.81999 44.82399
lin/ang/drive_left/drive_right/tv_l/tv_r/av_l/av_r/x/y/theta/tx/ty/ttheta: 1.44210 -3.08442 1.39178 0.60923 1.00000 0.25382 0.96403 0.06758 23.80976 9.34431 64.43874 23.25533 11.45542 44.97828
lin/ang/drive_left/drive_right/tv_l/tv_r/av_l/av_r/x/y/theta/tx/ty/ttheta: 1.39073 -3.33662 1.39978 0.72723 1.00000 0.26583 0.97139 0.19422 24.30102 10.20095 62.97501 23.96253 12.16243 44.97597
lin/ang/drive_left/drive_right/tv_l/tv_r/av_l/av_r/x/y/theta/tx/ty/ttheta: 1.33550 -3.33205 1.35720 0.98246 0.86768 0.17297 0.97139 0.29944 24.80064 11.11416 60.69010 24.67089 12.86828 44.79078
lin/ang/drive_left/drive_right/tv_l/tv_r/av_l/av_r/x/y/theta/tx/ty/ttheta: 1.28393 -2.98445 1.21046 0.87592 0.68825 0.41399 0.80678 0.25494 25.26083 11.97099 57.88766 25.23992 13.43062 44.51096
lin/ang/drive_left/drive_right/tv_l/tv_r/av_l/av_r/x/y/theta/tx/ty/ttheta: 1.22566 -2.83849 1.28394 0.85971 0.70947 0.23459 0.73286 0.28283 25.81163 12.91122 54.95706 25.95599 14.12865 43.99672
lin/ang/drive_left/drive_right/tv_l/tv_r/av_l/av_r/x/y/theta/tx/ty/ttheta: 1.17284 -2.66740 1.31096 0.92908 0.64602 0.20606 0.69692 0.31672 26.32206 13.72649 51.96918 26.67940 14.81907 43.30006
lin/ang/drive_left/drive_right/tv_l/tv_r/av_l/av_r/x/y/theta/tx/ty/ttheta: 1.12285 -2.08334 1.16746 0.76613 0.36040 0.57509 0.66339 0.23594 26.91858 14.48390 49.01145 27.26483 15.36434 42.61195
lin/ang/drive_left/drive_right/tv_l/tv_r/av_l/av_r/x/y/theta/tx/ty/ttheta: 1.07959 -1.55021 1.10910 0.82621 0.35552 0.59118 0.56517 0.38069 27.56240 15.17568 46.09462 28.00664 16.03498 41.58969
lin/ang/drive_left/drive_right/tv_l/tv_r/av_l/av_r/x/y/theta/tx/ty/ttheta: 1.04241 -1.05590 1.14973 1.15903 0.28678 0.44224 0.43494 0.55047 28.19459 15.83130 43.28009 28.68523 16.62624 40.51765
lin/ang/drive_left/drive_right/tv_l/tv_r/av_l/av_r/x/y/theta/tx/ty/ttheta: 1.00858 -1.08942 1.02439 1.14195 0.65650 -0.01513 0.34753 0.49072 28.74855 16.54080 40.75000 29.29821 17.14043 39.44629
lin/ang/drive_left/drive_right/tv_l/tv_r/av_l/av_r/x/y/theta/tx/ty/ttheta: 0.97948 -1.76349 0.97965 0.64035 1.00000 -0.25174 0.40808 0.10111 29.24964 17.29339 38.66223 29.99979 17.70431 38.11162
lin/ang/drive_left/drive_right/tv_l/tv_r/av_l/av_r/x/y/theta/tx/ty/ttheta: 0.95337 -2.24115 1.58045 0.22822 0.63959 0.14710 0.75358 -0.15125 29.79230 17.92193 37.06796 30.63482 18.19109 36.81469
lin/ang/drive_left/drive_right/tv_l/tv_r/av_l/av_r/x/y/theta/tx/ty/ttheta: 0.93224 -2.41920 1.18777 0.07629 0.62241 0.45844 0.73250 0.00478 30.30283 18.40968 35.53282 31.19972 18.60472 35.59871
lin/ang/drive_left/drive_right/tv_l/tv_r/av_l/av_r/x/y/theta/tx/ty/ttheta: 0.90553 -2.31641 1.21154 0.54893 0.40106 0.41101 0.61856 0.30303 30.94846 18.95068 33.42272 31.77354 19.00593 34.31142
lin/ang/drive_left/drive_right/tv_l/tv_r/av_l/av_r/x/y/theta/tx/ty/ttheta: 0.88723 -2.20988 1.14930 0.87505 0.43538 0.17098 0.49536 0.40586 31.46078 19.40627 31.05866 32.35649 19.39383 32.95776
lin/ang/drive_left/drive_right/tv_l/tv_r/av_l/av_r/x/y/theta/tx/ty/ttheta: 0.86652 -1.83066 0.88759 0.82383 0.32724 0.31955 0.43703 0.29039 32.08048 19.80547 28.77114 32.94869 19.76756 31.54344
lin/ang/drive_left/drive_right/tv_l/tv_r/av_l/av_r/x/y/theta/tx/ty/ttheta: 0.84507 -1.76712 0.98786 0.60728 0.47034 0.20686 0.38003 0.25872 32.70417 20.24259 26.73741 33.55014 20.12629 30.07491
lin/ang/drive_left/drive_right/tv_l/tv_r/av_l/av_r/x/y/theta/tx/ty/ttheta: 0.82754 -2.08780 0.96452 0.62609 0.76367 -0.16092 0.42917 0.23700 33.23893 20.68723 25.00766 34.16077 20.46925 28.55924
lin/ang/drive_left/drive_right/tv_l/tv_r/av_l/av_r/x/y/theta/tx/ty/ttheta: 0.81003 -2.35614 1.26557 0.43050 0.58009 -0.01108 0.62714 -0.00292 33.75883 21.07748 23.51894 34.69136 20.75013 27.22836
lin/ang/drive_left/drive_right/tv_l/tv_r/av_l/av_r/x/y/theta/tx/ty/ttheta: 0.79447 -2.43555 1.21457 0.16511 0.46081 0.29809 0.62867 -0.02992 34.31716 21.38264 22.12839 35.31853 21.06200 25.64575
lin/ang/drive_left/drive_right/tv_l/tv_r/av_l/av_r/x/y/theta/tx/ty/ttheta: 0.77204 -1.87684 0.94075 0.48842 0.08050 0.59176 0.50206 0.18428 34.97167 21.62881 20.12794 35.77172 21.27404 24.49992
lin/ang/drive_left/drive_right/tv_l/tv_r/av_l/av_r/x/y/theta/tx/ty/ttheta: 0.75779 -1.44958 0.84609 0.84458 0.19595 0.36419 0.29122 0.44317 35.48909 21.85560 17.89027 36.32108 21.51642 23.11281
lin/ang/drive_left/drive_right/tv_l/tv_r/av_l/av_r/x/y/theta/tx/ty/ttheta: 0.74219 -1.01516 0.53229 0.84091 0.29479 0.34412 0.18567 0.41819 36.03388 22.06396 15.76566 36.87619 21.74540 21.71748
lin/ang/drive_left/drive_right/tv_l/tv_r/av_l/av_r/x/y/theta/tx/ty/ttheta: 0.72541 -0.73792 0.84134 0.59626 0.21245 0.37175 0.26453 0.34256 36.56345 22.22451 14.40849 37.34297 21.92584 20.55217
lin/ang/drive_left/drive_right/tv_l/tv_r/av_l/av_r/x/y/theta/tx/ty/ttheta: 0.70836 -0.52234 0.71707 0.60275 0.23981 0.39219 0.25428 0.35572 37.09987 22.32924 13.62653 37.81336 22.09676 19.38765
lin/ang/drive_left/drive_right/tv_l/tv_r/av_l/av_r/x/y/theta/tx/ty/ttheta: 0.69347 -0.54493 0.64251 0.64921 0.43368 0.21912 0.23836 0.37319 37.57846 22.42922 13.27300 38.28712 22.25811 18.22674
lin/ang/drive_left/drive_right/tv_l/tv_r/av_l/av_r/x/y/theta/tx/ty/ttheta: 0.67813 -0.74547 0.60080 0.57897 0.59438 0.09835 0.36789 0.26367 38.05429 22.53582 13.22586 38.76407 22.40985 17.07211
lin/ang/drive_left/drive_right/tv_l/tv_r/av_l/av_r/x/y/theta/tx/ty/ttheta: 0.66102 -0.85994 1.06264 0.45255 0.24852 0.18140 0.52086 0.15108 38.56551 22.60768 13.29152 39.24400 22.55200 15.92623
lin/ang/drive_left/drive_right/tv_l/tv_r/av_l/av_r/x/y/theta/tx/ty/ttheta: 0.64311 -0.92024 0.60058 0.36048 0.39472 0.25267 0.36633 0.16664 39.05447 22.67711 13.27829 39.62994 22.65882 15.01738
lin/ang/drive_left/drive_right/tv_l/tv_r/av_l/av_r/x/y/theta/tx/ty/ttheta: 0.62421 -0.97482 0.62976 0.57919 0.40597 0.11594 0.34511 0.23203 39.57908 22.75714 13.01650 40.11467 22.78376 13.89298
lin/ang/drive_left/drive_right/tv_l/tv_r/av_l/av_r/x/y/theta/tx/ty/ttheta: 0.60648 -0.93884 0.64035 0.52862 0.34050 0.16373 0.38447 0.16117 40.06562 22.81911 12.53760 40.60176 22.89924 12.78332
lin/ang/drive_left/drive_right/tv_l/tv_r/av_l/av_r/x/y/theta/tx/ty/ttheta: 0.58980 -0.76354 0.64316 0.45471 0.22182 0.30082 0.34839 0.16275 40.49758 22.85361 11.95745 40.99299 22.98486 11.90741
lin/ang/drive_left/drive_right/tv_l/tv_r/av_l/av_r/x/y/theta/tx/ty/ttheta: 0.56800 -0.70433 0.63776 0.59453 0.24159 0.12830 0.26728 0.26181 41.03142 22.92496 11.29418 41.48378 23.08352 10.82863
lin/ang/drive_left/drive_right/tv_l/tv_r/av_l/av_r/x/y/theta/tx/ty/ttheta: 0.54903 -0.69051 0.45644 0.56579 0.36052 0.08897 0.24589 0.17778 41.48172 22.98185 10.66357 41.97635 23.17301 9.76895
lin/ang/drive_left/drive_right/tv_l/tv_r/av_l/av_r/x/y/theta/tx/ty/ttheta: 0.52919 -0.65234 0.65958 0.38771 0.19509 0.18461 0.32236 0.11533 41.92172 23.02655 10.20022 42.37153 23.23809 8.93578
lin/ang/drive_left/drive_right/tv_l/tv_r/av_l/av_r/x/y/theta/tx/ty/ttheta: 0.50867 -0.58270 0.53813 0.47156 0.18639 0.16258 0.24553 0.16939 42.35768 23.05482 9.76927 42.76764 23.29746 8.11610
lin/ang/drive_left/drive_right/tv_l/tv_r/av_l/av_r/x/y/theta/tx/ty/ttheta: 0.48851 -0.53642 0.49296 0.47891 0.20938 0.12206 0.19950 0.17453 42.76097 23.08616 9.26837 43.16454 23.35121 7.31035
lin/ang/drive_left/drive_right/tv_l/tv_r/av_l/av_r/x/y/theta/tx/ty/ttheta: 0.46615 -0.52573 0.46292 0.42921 0.22225 0.08826 0.20175 0.14131 43.18323 23.12005 8.83196 43.56217 23.39942 6.51887
lin/ang/drive_left/drive_right/tv_l/tv_r/av_l/av_r/x/y/theta/tx/ty/ttheta: 0.44431 -0.51346 0.47740 0.40068 0.19936 0.08628 0.21611 0.11122 43.56327 23.14628 8.36698 43.96043 23.44219 5.74196
lin/ang/drive_left/drive_right/tv_l/tv_r/av_l/av_r/x/y/theta/tx/ty/ttheta: 0.42291 -0.52111 0.38793 0.38015 0.24250 0.06437 0.20447 0.10542 43.93061 23.16948 8.13364 44.25948 23.47075 5.16896
lin/ang/drive_left/drive_right/tv_l/tv_r/av_l/av_r/x/y/theta/tx/ty/ttheta: 0.40014 -0.50533 0.49145 0.34924 0.13308 0.06660 0.22928 0.08728 44.25972 23.18545 7.63640 44.65863 23.50421 4.41802
lin/ang/drive_left/drive_right/tv_l/tv_r/av_l/av_r/x/y/theta/tx/ty/ttheta: 0.37881 -0.36793 0.49080 0.34017 -0.06054 0.14801 0.17419 0.08417 44.61390 23.20535 7.15242 44.85837 23.51899 4.04818
lin/ang/drive_left/drive_right/tv_l/tv_r/av_l/av_r/x/y/theta/tx/ty/ttheta: 0.35612 -0.31265 0.27339 0.34427 0.13568 0.07307 0.01367 0.13022 44.92105 23.22001 6.67231 45.15814 23.53876 3.50047
lin/ang/drive_left/drive_right/tv_l/tv_r/av_l/av_r/x/y/theta/tx/ty/ttheta: 0.32762 -0.33910 0.11605 0.32785 0.24868 -0.12045 0.08419 0.10233 45.22907 23.23437 6.23719 45.55810 23.56071 2.78337
lin/ang/drive_left/drive_right/tv_l/tv_r/av_l/av_r/x/y/theta/tx/ty/ttheta: 0.30719 -0.30896 0.42877 0.21936 0.06886 0.10272 0.20089 -0.06128 45.48061 23.23066 6.13421 45.75818 23.56982 2.43049
lin/ang/drive_left/drive_right/tv_l/tv_r/av_l/av_r/x/y/theta/tx/ty/ttheta: 0.28792 -0.37344 0.44563 0.16598 0.07977 0.06477 0.13056 0.06006 45.67658 23.23839 6.11068 45.95830 23.57770 2.08138
lin/ang/drive_left/drive_right/tv_l/tv_r/av_l/av_r/x/y/theta/tx/ty/ttheta: 0.26765 -0.38043 0.27231 0.27036 0.10771 -0.06977 0.08864 0.08144 45.85587 23.24681 5.88526 46.15847 23.58437 1.73603
lin/ang/drive_left/drive_right/tv_l/tv_r/av_l/av_r/x/y/theta/tx/ty/ttheta: 0.25188 -0.31767 0.17830 0.19299 0.12843 0.10694 0.09650 -0.02878 46.04733 23.25557 5.65773 46.25858 23.58725 1.56476
lin/ang/drive_left/drive_right/tv_l/tv_r/av_l/av_r/x/y/theta/tx/ty/ttheta: 0.22829 -0.36171 0.18867 0.13788 0.15367 -0.08091 0.11106 0.06175 46.22088 23.26608 5.51823 46.45879 23.59213 1.22503
lin/ang/drive_left/drive_right/tv_l/tv_r/av_l/av_r/x/y/theta/tx/ty/ttheta: 0.21368 -0.30958 0.25177 0.20358 0.08635 0.07412 0.13858 -0.03561 46.34058 23.26655 5.31620 46.55892 23.59412 1.05656
lin/ang/drive_left/drive_right/tv_l/tv_r/av_l/av_r/x/y/theta/tx/ty/ttheta: 0.19799 -0.28570 0.23600 0.09012 0.06412 0.09157 0.10644 0.04175 46.46117 23.26467 5.23470 46.65904 23.59582 0.88902
lin/ang/drive_left/drive_right/tv_l/tv_r/av_l/av_r/x/y/theta/tx/ty/ttheta: 0.18143 -0.21312 0.15150 0.19213 0.02390 0.06630 0.07481 0.08881 46.57074 23.26117 5.00910 46.75917 23.59723 0.72241
lin/ang/drive_left/drive_right/tv_l/tv_r/av_l/av_r/x/y/theta/tx/ty/ttheta: 0.16340 -0.16296 0.12362 0.19602 0.03346 -0.07008 0.04672 0.07631 46.67363 23.26091 4.81173 46.85931 23.59835 0.55673
lin/ang/drive_left/drive_right/tv_l/tv_r/av_l/av_r/x/y/theta/tx/ty/ttheta: 0.14415 -0.14932 0.09985 0.15971 0.06755 -0.10340 0.03817 -0.03969 46.74970 23.26196 4.69673 46.95945 23.59918 0.39198
lin/ang/drive_left/drive_right/tv_l/tv_r/av_l/av_r/x/y/theta/tx/ty/ttheta: 0.14122 -0.12319 0.07175 -0.01340 0.14989 0.16852 0.05525 -0.08383 46.81132 23.26453 4.64311 46.95945 23.59918 0.39198
lin/ang/drive_left/drive_right/tv_l/tv_r/av_l/av_r/x/y/theta/tx/ty/ttheta: 0.11880 -0.15117 0.09898 0.03912 0.06994 -0.07297 0.11086 0.10128 46.87233 23.26865 4.62486 47.05959 23.59972 0.22815
lin/ang/drive_left/drive_right/tv_l/tv_r/av_l/av_r/x/y/theta/tx/ty/ttheta: 0.11647 -0.07493 0.15452 0.23081 -0.05549 0.06732 0.07958 -0.02550 46.92119 23.26671 4.49729 47.05959 23.59972 0.22815
lin/ang/drive_left/drive_right/tv_l/tv_r/av_l/av_r/x/y/theta/tx/ty/ttheta: 0.11370 -0.00383 0.13983 0.16641 -0.06618 0.07258 -0.02686 0.03850 46.97930 23.26439 4.34838 47.05959 23.59972 0.22815
lin/ang/drive_left/drive_right/tv_l/tv_r/av_l/av_r/x/y/theta/tx/ty/ttheta: 0.08498 0.01628 0.08169 0.11022 -0.15708 -0.15451 -0.05989 0.06931 47.01534 23.26209 4.27287 47.15973 23.59998 0.06524
lin/ang/drive_left/drive_right/tv_l/tv_r/av_l/av_r/x/y/theta/tx/ty/ttheta: 0.08397 0.01794 -0.10676 0.08774 0.17297 0.05770 -0.11706 -0.09683 47.03669 23.26352 4.26939 47.15973 23.59998 0.06524
lin/ang/drive_left/drive_right/tv_l/tv_r/av_l/av_r/x/y/theta/tx/ty/ttheta: 0.08328 -0.01101 -0.15106 -0.09120 0.25805 0.14969 0.06794 0.01456 47.05120 23.26740 4.33046 47.15973 23.59998 0.06524
lin/ang/drive_left/drive_right/tv_l/tv_r/av_l/av_r/x/y/theta/tx/ty/ttheta: 0.08321 -0.02867 0.25048 -0.03328 -0.04620 0.15512 0.20806 0.10522 47.05353 23.26550 4.41882 47.15973 23.59998 0.06524
lin/ang/drive_left/drive_right/tv_l/tv_r/av_l/av_r/x/y/theta/tx/ty/ttheta: 0.08291 -0.03175 0.30472 0.22562 -0.14545 -0.06772 0.05047 0.13875 47.05969 23.26627 4.42532 47.15973 23.59998 0.06524
lin/ang/drive_left/drive_right/tv_l/tv_r/av_l/av_r/x/y/theta/tx/ty/ttheta: 0.08172 0.05037 -0.00735 0.18089 -0.04807 0.05666 -0.10161 -0.00819 47.08450 23.26022 4.25143 47.15973 23.59998 0.06524
lin/ang/drive_left/drive_right/tv_l/tv_r/av_l/av_r/x/y/theta/tx/ty/ttheta: 0.08087 0.09109 -0.17397 -0.01794 0.18503 0.15307 -0.07392 0.02619 47.10230 23.25663 4.17816 47.15973 23.59998 0.06524
lin/ang/drive_left/drive_right/tv_l/tv_r/av_l/av_r/x/y/theta/tx/ty/ttheta: 0.08071 0.09500 -0.18089 0.00951 0.25394 0.14703 0.10694 0.11344 47.10552 23.25648 4.16984 47.15973 23.59998 0.06524
lin/ang/drive_left/drive_right/tv_l/tv_r/av_l/av_r/x/y/theta/tx/ty/ttheta: 0.00499 0.12762 0.25113 0.07348 -0.51140 -0.39784 0.21286 0.13039 47.11958 23.26202 4.26868 47.20000 23.60000 359.99998
lin/ang/drive_left/drive_right/tv_l/tv_r/av_l/av_r/x/y/theta/tx/ty/ttheta: 0.00360 0.04488 0.23686 0.02356 -0.14510 -0.12898 -0.05117 -0.14375 47.14930 23.27237 4.44584 47.20000 23.60000 359.99998
lin/ang/drive_left/drive_right/tv_l/tv_r/av_l/av_r/x/y/theta/tx/ty/ttheta: 0.00154 0.07137 -0.42056 -0.41862 0.15464 0.21299 -0.21150 -0.18719 47.19257 23.27217 4.40216 47.20000 23.60000 359.99998
lin/ang/drive_left/drive_right/tv_l/tv_r/av_l/av_r/x/y/theta/tx/ty/ttheta: 0.00088 0.12401 -0.18370 -0.18716 0.12196 0.22072 0.04586 0.06983 47.20625 23.26802 4.28826 47.20000 23.60000 359.99998
lin/ang/drive_left/drive_right/tv_l/tv_r/av_l/av_r/x/y/theta/tx/ty/ttheta: 0.00082 0.21273 0.14220 0.33498 -0.18160 -0.08117 0.11636 0.20003 47.20820 23.25200 4.20104 47.20000 23.60000 359.99998
lin/ang/drive_left/drive_right/tv_l/tv_r/av_l/av_r/x/y/theta/tx/ty/ttheta: 0.00077 0.20050 0.12794 0.21828 -0.14340 -0.15742 -0.07767 0.02019 47.20927 23.25328 4.22755 47.20000 23.60000 359.99998
lin/ang/drive_left/drive_right/tv_l/tv_r/av_l/av_r/x/y/theta/tx/ty/ttheta: 0.00080 0.14407 -0.16771 -0.07867 0.13683 -0.08298 -0.13978 -0.12353 47.20925 23.25694 4.37690 47.20000 23.60000 359.99998
lin/ang/drive_left/drive_right/tv_l/tv_r/av_l/av_r/x/y/theta/tx/ty/ttheta: 0.00088 0.08960 -0.24205 -0.24767 0.19055 0.14041 0.04656 -0.10250 47.20781 23.26220 4.49496 47.20000 23.60000 359.99998
lin/ang/drive_left/drive_right/tv_l/tv_r/av_l/av_r/x/y/theta/tx/ty/ttheta: 0.00082 0.08343 0.08947 -0.14156 -0.09524 0.16951 0.15725 0.08075 47.20921 23.26292 4.50833 47.20000 23.60000 359.99998
lin/ang/drive_left/drive_right/tv_l/tv_r/av_l/av_r/x/y/theta/tx/ty/ttheta: 0.00077 0.11725 0.23881 0.19558 -0.19058 -0.09018 -0.00875 0.14372 47.21010 23.25965 4.43500 47.20000 23.60000 359.99998
lin/ang/drive_left/drive_right/tv_l/tv_r/av_l/av_r/x/y/theta/tx/ty/ttheta: 0.00068 0.18122 0.00994 0.18478 -0.17709 -0.09229 -0.14803 -0.03661 47.21174 23.25251 4.30983 47.20000 23.60000 359.99998
lin/ang/drive_left/drive_right/tv_l/tv_r/av_l/av_r/x/y/theta/tx/ty/ttheta: 0.00066 0.19457 -0.32244 -0.06937 0.13396 0.11756 -0.16889 -0.08831 47.21210 23.25122 4.28087 47.20000 23.60000 359.99998
lin/ang/drive_left/drive_right/tv_l/tv_r/av_l/av_r/x/y/theta/tx/ty/ttheta: 0.00073 0.15152 -0.22346 -0.15690 0.18461 0.12469 0.03986 0.05114 47.21096 23.25539 4.37422 47.20000 23.60000 359.99998
lin/ang/drive_left/drive_right/tv_l/tv_r/av_l/av_r/x/y/theta/tx/ty/ttheta: 0.00088 0.07640 0.21676 0.09531 -0.08695 -0.13179 0.15092 0.10608 47.20881 23.25892 4.58961 47.20000 23.60000 359.99998
lin/ang/drive_left/drive_right/tv_l/tv_r/av_l/av_r/x/y/theta/tx/ty/ttheta: 0.00093 0.06221 0.27468 0.14220 -0.18042 -0.12963 -0.00819 -0.06178 47.20827 23.25657 4.67289 47.20000 23.60000 359.99998
lin/ang/drive_left/drive_right/tv_l/tv_r/av_l/av_r/x/y/theta/tx/ty/ttheta: 0.00086 0.12168 -0.03112 -0.15582 -0.16623 0.16260 -0.14133 -0.11172 47.20979 23.24902 4.56954 47.20000 23.60000 359.99998
lin/ang/drive_left/drive_right/tv_l/tv_r/av_l/av_r/x/y/theta/tx/ty/ttheta: 0.00074 0.20239 -0.29889 -0.22433 0.08751 0.23304 -0.15792 0.07186 47.21193 23.24123 4.39458 47.20000 23.60000 359.99998
lin/ang/drive_left/drive_right/tv_l/tv_r/av_l/av_r/x/y/theta/tx/ty/ttheta: 0.00069 0.23269 -0.14026 0.14112 0.10353 0.09475 0.02311 0.19419 47.21273 23.23830 4.32889 47.20000 23.60000 359.99998
lin/ang/drive_left/drive_right/tv_l/tv_r/av_l/av_r/x/y/theta/tx/ty/ttheta: 0.00079 0.16632 0.09034 0.28895 0.08301 -0.19693 0.08608 0.13244 47.21097 23.24471 4.47278 47.20000 23.60000 359.99998
lin/ang/drive_left/drive_right/tv_l/tv_r/av_l/av_r/x/y/theta/tx/ty/ttheta: 0.00094 0.06844 0.15193 0.17505 0.06490 -0.22769 0.08794 -0.09736 47.20836 23.25416 4.68491 47.20000 23.60000 359.99998
lin/ang/drive_left/drive_right/tv_l/tv_r/av_l/av_r/x/y/theta/tx/ty/ttheta: 0.00108 -0.01782 0.14393 -0.32288 -0.09601 0.11426 0.07017 -0.19764 47.20599 23.26152 4.88528 47.20000 23.60000 359.99998
lin/ang/drive_left/drive_right/tv_l/tv_r/av_l/av_r/x/y/theta/tx/ty/ttheta: 0.00104 0.01246 0.09379 -0.30083 -0.16445 0.24199 -0.04689 -0.00392 47.20681 23.25860 4.81968 47.20000 23.60000 359.99998
lin/ang/drive_left/drive_right/tv_l/tv_r/av_l/av_r/x/y/theta/tx/ty/ttheta: 0.00073 0.16469 -0.05727 0.18521 -0.17773 0.15151 -0.13092 0.18600 47.21245 23.24404 4.48979 47.20000 23.60000 359.99998
lin/ang/drive_left/drive_right/tv_l/tv_r/av_l/av_r/x/y/theta/tx/ty/ttheta: 0.00051 0.31107 -0.26712 0.36761 -0.11819 -0.08121 -0.15794 0.16958 47.21630 23.22988 4.17231 47.20000 23.60000 359.99998
lin/ang/drive_left/drive_right/tv_l/tv_r/av_l/av_r/x/y/theta/tx/ty/ttheta: 0.00058 0.26420 -0.26344 0.16036 0.19155 -0.18127 -0.11481 -0.02222 47.21508 23.23442 4.27400 47.20000 23.60000 359.99998
lin/ang/drive_left/drive_right/tv_l/tv_r/av_l/av_r/x/y/theta/tx/ty/ttheta: 0.00095 0.02095 -0.12556 -0.13010 0.32250 -0.18067 0.08642 -0.14631 47.20860 23.25791 4.80135 47.20000 23.60000 359.99998
lin/ang/drive_left/drive_right/tv_l/tv_r/av_l/av_r/x/y/theta/tx/ty/ttheta: 0.00119 -0.14176 0.32417 -0.32050 0.10640 -0.07270 0.24078 -0.17178 47.20415 23.27357 5.15376 47.20000 23.60000 359.99998
lin/ang/drive_left/drive_right/tv_l/tv_r/av_l/av_r/x/y/theta/tx/ty/ttheta: 0.00120 -0.14896 0.33217 -0.19386 -0.18653 0.16983 0.16189 -0.09222 47.20395 23.27426 5.16933 47.20000 23.60000 359.99998
lin/ang/drive_left/drive_right/tv_l/tv_r/av_l/av_r/x/y/theta/tx/ty/ttheta: 0.00077 0.13816 0.15776 -0.06851 -0.37631 0.35311 -0.09669 0.10025 47.21175 23.24660 4.54731 47.20000 23.60000 359.99998
lin/ang/drive_left/drive_right/tv_l/tv_r/av_l/av_r/x/y/theta/tx/ty/ttheta: 0.00036 0.40589 -0.41343 0.40867 -0.18586 0.17993 -0.29072 0.28422 47.21876 23.22069 3.96652 47.20000 23.60000 359.99998
lin/ang/drive_left/drive_right/tv_l/tv_r/av_l/av_r/x/y/theta/tx/ty/ttheta: 0.00032 0.51969 -0.27620 0.25869 -0.09091 0.09353 -0.22228 0.19489 47.21854 23.20945 3.71943 47.20000 23.60000 359.99998
lin/ang/drive_left/drive_right/tv_l/tv_r/av_l/av_r/x/y/theta/tx/ty/ttheta: 0.00071 0.27646 -0.21266 0.16338 0.31248 -0.29476 -0.11258 0.10933 47.21228 23.23301 4.24716 47.20000 23.60000 359.99998
lin/ang/drive_left/drive_right/tv_l/tv_r/av_l/av_r/x/y/theta/tx/ty/ttheta: 0.00121 0.04679 -0.02226 0.05057 0.28471 -0.28361 0.16975 -0.15072 47.20547 23.24113 4.94286 47.20000 23.60000 359.99998
lin/ang/drive_left/drive_right/tv_l/tv_r/av_l/av_r/x/y/theta/tx/ty/ttheta: 0.00154 -0.17642 0.46443 -0.45644 0.10354 -0.10120 0.26914 -0.26506 47.19930 23.26258 5.42583 47.20000 23.60000 359.99998
lin/ang/drive_left/drive_right/tv_l/tv_r/av_l/av_r/x/y/theta/tx/ty/ttheta: 0.00157 -0.19492 0.26561 -0.27533 -0.16738 0.17507 0.14975 -0.15142 47.19878 23.26435 5.46582 47.20000 23.60000 359.99998
lin/ang/drive_left/drive_right/tv_l/tv_r/av_l/av_r/x/y/theta/tx/ty/ttheta: 0.00115 0.05757 0.13529 -0.08256 -0.34101 0.32670 -0.07358 0.08214 47.20586 23.24381 4.86702 47.20000 23.60000 359.99998
lin/ang/drive_left/drive_right/tv_l/tv_r/av_l/av_r/x/y/theta/tx/ty/ttheta: 0.00071 0.33253 -0.31812 0.34773 -0.20492 0.19250 -0.25958 0.24897 47.21327 23.21919 4.24422 47.20000 23.60000 359.99998
lin/ang/drive_left/drive_right/tv_l/tv_r/av_l/av_r/x/y/theta/tx/ty/ttheta: 0.00064 0.45923 -0.28657 0.28009 -0.09521 0.09258 -0.22228 0.21442 47.21365 23.20757 3.95740 47.20000 23.60000 359.99998
lin/ang/drive_left/drive_right/tv_l/tv_r/av_l/av_r/x/y/theta/tx/ty/ttheta: 0.00097 0.25012 -0.10049 0.15539 0.25777 -0.27479 -0.12181 0.11756 47.20820 23.22779 4.41068 47.20000 23.60000 359.99998
lin/ang/drive_left/drive_right/tv_l/tv_r/av_l/av_r/x/y/theta/tx/ty/ttheta: 0.00152 -0.01229 -0.08234 0.06656 0.31075 -0.30795 0.09600 -0.14389 47.19924 23.24548 5.08370 47.20000 23.60000 359.99998
lin/ang/drive_left/drive_right/tv_l/tv_r/av_l/av_r/x/y/theta/tx/ty/ttheta: 0.00169 -0.21809 0.42099 -0.46724 0.11205 -0.09510 0.27106 -0.27206 47.19644 23.26551 5.52860 47.20000 23.60000 359.99998
lin/ang/drive_left/drive_right/tv_l/tv_r/av_l/av_r/x/y/theta/tx/ty/ttheta: 0.00172 -0.23862 0.37993 -0.27122 -0.19179 0.16794 0.16683 -0.15092 47.19586 23.26748 5.57300 47.20000 23.60000 359.99998
lin/ang/drive_left/drive_right/tv_l/tv_r/av_l/av_r/x/y/theta/tx/ty/ttheta: 0.00128 0.01896 0.09271 -0.07672 -0.33900 0.32153 -0.09361 0.07919 47.20317 23.24839 4.93649 47.20000 23.60000 359.99998
lin/ang/drive_left/drive_right/tv_l/tv_r/av_l/av_r/x/y/theta/tx/ty/ttheta: 0.00083 0.24480 -0.39808 0.31704 -0.14131 0.16066 -0.26111 0.24656 47.20964 23.23777 4.28980 47.20000 23.60000 359.99998
lin/ang/drive_left/drive_right/tv_l/tv_r/av_l/av_r/x/y/theta/tx/ty/ttheta: 0.00079 0.35840 -0.29089 0.29457 0.09202 -0.08713 -0.18703 0.19847 47.20965 23.22657 4.04352 47.20000 23.60000 359.99998
lin/ang/drive_left/drive_right/tv_l/tv_r/av_l/av_r/x/y/theta/tx/ty/ttheta: 0.00127 0.15383 -0.09120 0.26842 0.27158 -0.32045 0.02447 -0.01592 47.20108 23.24429 4.51218 47.20000 23.60000 359.99998
lin/ang/drive_left/drive_right/tv_l/tv_r/av_l/av_r/x/y/theta/tx/ty/ttheta: 0.00150 -0.05240 0.14220 -0.18716 0.16861 -0.15928 0.19356 -0.22758 47.19838 23.25877 5.03777 47.20000 23.60000 359.99998
lin/ang/drive_left/drive_right/tv_l/tv_r/av_l/av_r/x/y/theta/tx/ty/ttheta: 0.00167 -0.16619 0.35162 -0.35313 -0.11071 0.11908 0.17983 -0.18872 47.19521 23.26873 5.29729 47.20000 23.60000 359.99998
lin/ang/drive_left/drive_right/tv_l/tv_r/av_l/av_r/x/y/theta/tx/ty/ttheta: 0.00144 -0.00983 0.11541 -0.08277 -0.26394 0.25339 -0.03458 0.03319 47.19952 23.25372 4.95915 47.20000 23.60000 359.99998
lin/ang/drive_left/drive_right/tv_l/tv_r/av_l/av_r/x/y/theta/tx/ty/ttheta: 0.00103 0.22776 -0.24486 0.17657 -0.18817 0.20305 -0.20364 0.19403 47.20607 23.23550 4.37887 47.20000 23.60000 359.99998
lin/ang/drive_left/drive_right/tv_l/tv_r/av_l/av_r/x/y/theta/tx/ty/ttheta: 0.00077 0.38011 -0.32677 0.32461 -0.09509 0.09915 -0.18514 0.20278 47.21013 23.22269 4.02172 47.20000 23.60000 359.99998
lin/ang/drive_left/drive_right/tv_l/tv_r/av_l/av_r/x/y/theta/tx/ty/ttheta: 0.00101 0.23188 -0.24270 0.19926 0.26923 -0.25086 -0.10783 0.11583 47.20627 23.23702 4.34295 47.20000 23.60000 359.99998
lin/ang/drive_left/drive_right/tv_l/tv_r/av_l/av_r/x/y/theta/tx/ty/ttheta: 0.00156 -0.01984 -0.17419 0.09293 0.36743 -0.31879 0.11856 -0.11875 47.19633 23.25910 4.91482 47.20000 23.60000 359.99998
lin/ang/drive_left/drive_right/tv_l/tv_r/av_l/av_r/x/y/theta/tx/ty/ttheta: 0.00182 -0.19783 0.46011 -0.44196 0.08578 -0.08181 0.30494 -0.27069 47.19143 23.27619 5.29957 47.20000 23.60000 359.99998
lin/ang/drive_left/drive_right/tv_l/tv_r/av_l/av_r/x/y/theta/tx/ty/ttheta: 0.00165 -0.18210 0.39311 -0.29889 -0.22818 0.20190 0.17950 -0.14478 47.19498 23.27497 5.26554 47.20000 23.60000 359.99998
lin/ang/drive_left/drive_right/tv_l/tv_r/av_l/av_r/x/y/theta/tx/ty/ttheta: 0.00115 0.15269 0.19710 -0.07110 -0.43471 0.38477 -0.09631 0.10197 47.20409 23.24277 4.54121 47.20000 23.60000 359.99998
lin/ang/drive_left/drive_right/tv_l/tv_r/av_l/av_r/x/y/theta/tx/ty/ttheta: 0.00062 0.41359 -0.47351 0.42618 -0.16784 0.17112 -0.32803 0.29567 47.21143 23.22965 3.80468 47.20000 23.60000 359.99998
lin/ang/drive_left/drive_right/tv_l/tv_r/av_l/av_r/x/y/theta/tx/ty/ttheta: 0.00055 0.49910 -0.27231 0.29846 0.09117 -0.09846 -0.22842 0.22142 47.21209 23.22221 3.60564 47.20000 23.60000 359.99998
lin/ang/drive_left/drive_right/tv_l/tv_r/av_l/av_r/x/y/theta/tx/ty/ttheta: 0.00113 0.22162 -0.17138 0.08904 0.33114 -0.30395 0.02550 -0.01506 47.20187 23.24887 4.20714 47.20000 23.60000 359.99998
lin/ang/drive_left/drive_right/tv_l/tv_r/av_l/av_r/x/y/theta/tx/ty/ttheta: 0.00164 -0.09125 0.26517 -0.14501 0.20999 -0.23412 0.24144 -0.21953 47.19336 23.27529 4.93653 47.20000 23.60000 359.99998
lin/ang/drive_left/drive_right/tv_l/tv_r/av_l/av_r/x/y/theta/tx/ty/ttheta: 0.00193 -0.29130 0.32785 -0.34578 0.10718 -0.10396 0.21611 -0.23597 47.18784 23.29449 5.36883 47.20000 23.60000 359.99998
lin/ang/drive_left/drive_right/tv_l/tv_r/av_l/av_r/x/y/theta/tx/ty/ttheta: 0.00169 -0.17479 0.23060 -0.22454 -0.25456 0.25310 0.12592 -0.13689 47.19260 23.28250 5.13056 47.20000 23.60000 359.99998
lin/ang/drive_left/drive_right/tv_l/tv_r/av_l/av_r/x/y/theta/tx/ty/ttheta: 0.00124 0.11922 0.08472 -0.04344 -0.36719 0.35270 -0.12967 0.12283 47.20061 23.25612 4.46761 47.20000 23.60000 359.99998
lin/ang/drive_left/drive_right/tv_l/tv_r/av_l/av_r/x/y/theta/tx/ty/ttheta: 0.00082 0.38179 -0.44023 0.47200 -0.16708 0.15491 -0.30267 0.29686 47.20752 23.23255 3.87334 47.20000 23.60000 359.99998
lin/ang/drive_left/drive_right/tv_l/tv_r/av_l/av_r/x/y/theta/tx/ty/ttheta: 0.00079 0.40366 -0.25739 0.28030 0.13510 -0.14673 -0.20653 0.19131 47.20808 23.23043 3.82594 47.20000 23.60000 359.99998
lin/ang/drive_left/drive_right/tv_l/tv_r/av_l/av_r/x/y/theta/tx/ty/ttheta: 0.00139 0.11550 -0.24529 0.10330 0.37327 -0.32892 0.02994 -0.06675 47.19755 23.25625 4.47558 47.20000 23.60000 359.99998
lin/ang/drive_left/drive_right/tv_l/tv_r/av_l/av_r/x/y/theta/tx/ty/ttheta: 0.00184 -0.11510 0.29759 -0.37885 0.15821 -0.11289 0.26489 -0.26078 47.19083 23.26714 5.13288 47.20000 23.60000 359.99998
lin/ang/drive_left/drive_right/tv_l/tv_r/av_l/av_r/x/y/theta/tx/ty/ttheta: 0.00190 -0.25072 0.36048 -0.24594 -0.10192 -0.07007 0.20275 -0.14731 47.19001 23.28042 5.42583 47.20000 23.60000 359.99998
lin/ang/drive_left/drive_right/tv_l/tv_r/av_l/av_r/x/y/theta/tx/ty/ttheta: 0.00161 -0.05553 0.08645 -0.12686 -0.27597 0.28477 -0.03644 -0.08147 47.19541 23.26169 5.00401 47.20000 23.60000 359.99998
lin/ang/drive_left/drive_right/tv_l/tv_r/av_l/av_r/x/y/theta/tx/ty/ttheta: 0.00122 0.16609 -0.25458 -0.02118 -0.16653 0.29974 -0.20672 0.15589 47.20161 23.24695 4.43162 47.20000 23.60000 359.99998
lin/ang/drive_left/drive_right/tv_l/tv_r/av_l/av_r/x/y/theta/tx/ty/ttheta: 0.00099 0.30359 -0.30732 0.47697 -0.07989 -0.08826 -0.17317 0.26997 47.20530 23.23547 4.10836 47.20000 23.60000 359.99998
lin/ang/drive_left/drive_right/tv_l/tv_r/av_l/av_r/x/y/theta/tx/ty/ttheta: 0.00130 0.19287 -0.30732 0.29565 0.27223 -0.25621 -0.08933 0.03217 47.19946 23.24595 4.34812 47.20000 23.60000 359.99998
lin/ang/drive_left/drive_right/tv_l/tv_r/av_l/av_r/x/y/theta/tx/ty/ttheta: 0.00166 -0.04693 0.04776 -0.09963 0.28906 -0.20622 0.16869 -0.18478 47.19306 23.26905 4.86680 47.20000 23.60000 359.99998
lin/ang/drive_left/drive_right/tv_l/tv_r/av_l/av_r/x/y/theta/tx/ty/ttheta: 0.00188 -0.18375 0.40695 -0.38447 -0.08524 0.10465 0.26283 -0.20378 47.18925 23.28038 5.18793 47.20000 23.60000 359.99998
lin/ang/drive_left/drive_right/tv_l/tv_r/av_l/av_r/x/y/theta/tx/ty/ttheta: 0.00172 -0.07614 0.04971 -0.14761 -0.18410 0.23774 0.01386 0.00053 47.19220 23.27005 4.95541 47.20000 23.60000 359.99998
lin/ang/drive_left/drive_right/tv_l/tv_r/av_l/av_r/x/y/theta/tx/ty/ttheta: 0.00131 0.19538 -0.17397 0.13615 -0.22016 0.23287 -0.14425 0.17592 47.19947 23.24390 4.36815 47.20000 23.60000 359.99998
lin/ang/drive_left/drive_right/tv_l/tv_r/av_l/av_r/x/y/theta/tx/ty/ttheta: 0.00102 0.35798 -0.27771 0.34730 -0.11771 0.09922 -0.19728 0.21694 47.20388 23.23191 3.96361 47.20000 23.60000 359.99998
lin/ang/drive_left/drive_right/tv_l/tv_r/av_l/av_r/x/y/theta/tx/ty/ttheta: 0.00118 0.25363 -0.17873 0.19148 0.21081 -0.22015 -0.13003 0.11908 47.20118 23.24200 4.18960 47.20000 23.60000 359.99998
lin/ang/drive_left/drive_right/tv_l/tv_r/av_l/av_r/x/y/theta/tx/ty/ttheta: 0.00161 -0.01944 -0.01016 0.13161 0.29466 -0.34627 0.12833 -0.10864 47.19385 23.26641 4.80739 47.20000 23.60000 359.99998
lin/ang/drive_left/drive_right/tv_l/tv_r/av_l/av_r/x/y/theta/tx/ty/ttheta: 0.00191 -0.20924 0.40241 -0.42510 0.10269 -0.09625 0.25172 -0.28181 47.18858 23.28282 5.24301 47.20000 23.60000 359.99998
lin/ang/drive_left/drive_right/tv_l/tv_r/av_l/av_r/x/y/theta/tx/ty/ttheta: 0.00191 -0.20635 0.32850 -0.29543 -0.19350 0.18911 0.14083 -0.16000 47.18866 23.28255 5.23676 47.20000 23.60000 359.99998
lin/ang/drive_left/drive_right/tv_l/tv_r/av_l/av_r/x/y/theta/tx/ty/ttheta: 0.00147 0.08576 0.11454 -0.05230 -0.36507 0.34332 -0.10542 0.09958 47.19661 23.25447 4.60533 47.20000 23.60000 359.99998
lin/ang/drive_left/drive_right/tv_l/tv_r/av_l/av_r/x/y/theta/tx/ty/ttheta: 0.00105 0.30182 -0.41473 0.40522 -0.13703 0.13490 -0.29158 0.27703 47.20268 23.24298 4.00574 47.20000 23.60000 359.99998
lin/ang/drive_left/drive_right/tv_l/tv_r/av_l/av_r/x/y/theta/tx/ty/ttheta: 0.00096 0.36393 -0.29824 0.29543 0.12549 -0.12608 -0.19386 0.17417 47.20428 23.23697 3.87119 47.20000 23.60000 359.99998
lin/ang/drive_left/drive_right/tv_l/tv_r/av_l/av_r/x/y/theta/tx/ty/ttheta: 0.00150 0.10423 -0.04387 0.05576 0.29671 -0.29608 0.05133 -0.04344 47.19442 23.26183 4.43345 47.20000 23.60000 359.99998
lin/ang/drive_left/drive_right/tv_l/tv_r/av_l/av_r/x/y/theta/tx/ty/ttheta: 0.00188 -0.12440 0.29846 -0.22368 0.14905 -0.16463 0.22072 -0.21886 47.18811 23.28009 4.98004 47.20000 23.60000 359.99998
lin/ang/drive_left/drive_right/tv_l/tv_r/av_l/av_r/x/y/theta/tx/ty/ttheta: 0.00188 -0.22754 0.28009 -0.30321 -0.10202 0.10734 0.16375 -0.18581 47.18839 23.29027 5.20282 47.20000 23.60000 359.99998
lin/ang/drive_left/drive_right/tv_l/tv_r/av_l/av_r/x/y/theta/tx/ty/ttheta: 0.00159 -0.03267 0.02658 -0.08688 -0.24686 0.27155 -0.04072 0.03014 47.19372 23.27155 4.78165 47.20000 23.60000 359.99998
lin/ang/drive_left/drive_right/tv_l/tv_r/av_l/av_r/x/y/theta/tx/ty/ttheta: 0.00122 0.19760 -0.21655 0.23621 -0.18289 0.17889 -0.19131 0.20892 47.19994 23.25212 4.24449 47.20000 23.60000 359.99998
lin/ang/drive_left/drive_right/tv_l/tv_r/av_l/av_r/x/y/theta/tx/ty/ttheta: 0.00101 0.33367 -0.32288 0.30580 -0.08045 0.08310 -0.18156 0.18408 47.20346 23.23897 3.94983 47.20000 23.60000 359.99998
lin/ang/drive_left/drive_right/tv_l/tv_r/av_l/av_r/x/y/theta/tx/ty/ttheta: 0.00128 0.15492 -0.23859 0.24248 0.29577 -0.29419 -0.10183 0.09992 47.19888 23.25720 4.32339 47.20000 23.60000 359.99998
lin/ang/drive_left/drive_right/tv_l/tv_r/av_l/av_r/x/y/theta/tx/ty/ttheta: 0.00173 -0.08664 -0.15863 0.02183 0.35813 -0.30849 0.14150 -0.16581 47.19079 23.27842 4.87285 47.20000 23.60000 359.99998
lin/ang/drive_left/drive_right/tv_l/tv_r/av_l/av_r/x/y/theta/tx/ty/ttheta: 0.00195 -0.22617 0.48972 -0.47870 -0.09260 0.10035 0.30611 -0.27600 47.18690 23.29001 5.19976 47.20000 23.60000 359.99998
lin/ang/drive_left/drive_right/tv_l/tv_r/av_l/av_r/x/y/theta/tx/ty/ttheta: 0.00180 -0.12231 0.09293 -0.22887 -0.19545 0.24535 0.02978 -0.00208 47.18975 23.28004 4.97539 47.20000 23.60000 359.99998
lin/ang/drive_left/drive_right/tv_l/tv_r/av_l/av_r/x/y/theta/tx/ty/ttheta: 0.00132 0.16917 -0.17830 0.20380 -0.23012 0.22693 -0.14714 0.18856 47.19772 23.25666 4.27916 47.20000 23.60000 359.99998
lin/ang/drive_left/drive_right/tv_l/tv_r/av_l/av_r/x/y/theta/tx/ty/ttheta: 0.00097 0.34451 -0.25653 0.30753 -0.13080 0.11214 -0.20450 0.21044 47.20265 23.24811 3.78101 47.20000 23.60000 359.99998
lin/ang/drive_left/drive_right/tv_l/tv_r/av_l/av_r/x/y/theta/tx/ty/ttheta: 0.00114 0.23723 -0.19148 0.16036 0.21562 -0.21251 -0.15108 0.13281 47.19992 23.25849 4.01339 47.20000 23.60000 359.99998
lin/ang/drive_left/drive_right/tv_l/tv_r/av_l/av_r/x/y/theta/tx/ty/ttheta: 0.00156 -0.04322 -0.05943 0.06246 0.32426 -0.32284 0.08522 -0.12747 47.19251 23.28459 4.63376 47.20000 23.60000 359.99998
lin/ang/drive_left/drive_right/tv_l/tv_r/av_l/av_r/x/y/theta/tx/ty/ttheta: 0.00194 -0.24470 0.40500 -0.43374 0.11708 -0.10287 0.26194 -0.27361 47.18541 23.30190 5.09616 47.20000 23.60000 359.99998
lin/ang/drive_left/drive_right/tv_l/tv_r/av_l/av_r/x/y/theta/tx/ty/ttheta: 0.00188 -0.25024 0.39657 -0.31250 -0.20367 0.18519 0.16736 -0.16667 47.18682 23.30258 5.10811 47.20000 23.60000 359.99998
lin/ang/drive_left/drive_right/tv_l/tv_r/av_l/av_r/x/y/theta/tx/ty/ttheta: 0.00144 0.05418 0.15279 -0.06764 -0.39130 0.35497 -0.09086 0.09739 47.19500 23.27244 4.46199 47.20000 23.60000 359.99998
lin/ang/drive_left/drive_right/tv_l/tv_r/av_l/av_r/x/y/theta/tx/ty/ttheta: 0.00101 0.29458 -0.43093 0.38339 -0.14873 0.15522 -0.29636 0.27994 47.20159 23.25666 3.83663 47.20000 23.60000 359.99998
lin/ang/drive_left/drive_right/tv_l/tv_r/av_l/av_r/x/y/theta/tx/ty/ttheta: 0.00093 0.35096 -0.27663 0.31855 0.12465 -0.13581 -0.20275 0.18994 47.20301 23.25120 3.71448 47.20000 23.60000 359.99998
lin/ang/drive_left/drive_right/tv_l/tv_r/av_l/av_r/x/y/theta/tx/ty/ttheta: 0.00134 0.07208 -0.06224 0.07759 0.31480 -0.32094 0.03303 -0.05200 47.19584 23.27817 4.31836 47.20000 23.60000 359.99998
lin/ang/drive_left/drive_right/tv_l/tv_r/av_l/av_r/x/y/theta/tx/ty/ttheta: 0.00181 -0.17435 0.27317 -0.26388 0.17643 -0.17295 0.22278 -0.23906 47.18753 23.29804 4.90369 47.20000 23.60000 359.99998
lin/ang/drive_left/drive_right/tv_l/tv_r/av_l/av_r/x/y/theta/tx/ty/ttheta: 0.00199 -0.29845 0.28052 -0.32590 0.07496 0.09739 0.19950 -0.20278 47.18413 23.30995 5.17176 47.20000 23.60000 359.99998
lin/ang/drive_left/drive_right/tv_l/tv_r/av_l/av_r/x/y/theta/tx/ty/ttheta: 0.00169 -0.09320 0.28052 -0.23016 -0.33047 0.32383 0.09892 0.01489 47.18972 23.29024 4.72832 47.20000 23.60000 359.99998
lin/ang/drive_left/drive_right/tv_l/tv_r/av_l/av_r/x/y/theta/tx/ty/ttheta: 0.00125 0.18342 0.05424 0.18586 -0.35789 0.22429 -0.14133 0.23064 47.19717 23.26729 4.07753 47.20000 23.60000 359.99998
lin/ang/drive_left/drive_right/tv_l/tv_r/av_l/av_r/x/y/theta/tx/ty/ttheta: 0.00096 0.36948 -0.48712 0.34081 -0.10534 0.11324 -0.31533 0.22639 47.20200 23.25109 3.64910 47.20000 23.60000 359.99998
lin/ang/drive_left/drive_right/tv_l/tv_r/av_l/av_r/x/y/theta/tx/ty/ttheta: 0.00113 0.25207 -0.23924 0.17311 0.23657 -0.22397 -0.17008 0.12731 47.19903 23.26246 3.90342 47.20000 23.60000 359.99998
lin/ang/drive_left/drive_right/tv_l/tv_r/av_l/av_r/x/y/theta/tx/ty/ttheta: 0.00160 -0.02328 -0.13983 0.13334 0.35447 -0.34717 0.08058 -0.11000 47.19149 23.28255 4.59062 47.20000 23.60000 359.99998
lin/ang/drive_left/drive_right/tv_l/tv_r/av_l/av_r/x/y/theta/tx/ty/ttheta: 0.00195 -0.19083 0.41148 -0.45211 0.08977 -0.07160 0.27192 -0.28867 47.18653 23.28831 5.09789 47.20000 23.60000 359.99998
lin/ang/drive_left/drive_right/tv_l/tv_r/av_l/av_r/x/y/theta/tx/ty/ttheta: 0.00200 -0.22825 0.30105 -0.32936 -0.15651 0.17620 0.15758 -0.13689 47.18550 23.29190 5.17870 47.20000 23.60000 359.99998
lin/ang/drive_left/drive_right/tv_l/tv_r/av_l/av_r/x/y/theta/tx/ty/ttheta: 0.00157 0.07373 0.10806 -0.04971 -0.36284 0.35352 -0.07219 0.10439 47.19362 23.26107 4.55159 47.20000 23.60000 359.99998
lin/ang/drive_left/drive_right/tv_l/tv_r/av_l/av_r/x/y/theta/tx/ty/ttheta: 0.00110 0.23501 -0.35940 0.41235 -0.10983 0.09122 -0.27053 0.28283 47.20015 23.26242 3.96580 47.20000 23.60000 359.99998
lin/ang/drive_left/drive_right/tv_l/tv_r/av_l/av_r/x/y/theta/tx/ty/ttheta: 0.00098 0.30759 -0.31834 0.32093 0.12735 -0.13537 -0.15808 0.15622 47.20206 23.25636 3.79509 47.20000 23.60000 359.99998
lin/ang/drive_left/drive_right/tv_l/tv_r/av_l/av_r/x/y/theta/tx/ty/ttheta: 0.00150 0.05846 -0.10914 0.15258 0.31787 -0.33355 0.05903 -0.07325 47.19251 23.28021 4.33444 47.20000 23.60000 359.99998
lin/ang/drive_left/drive_right/tv_l/tv_r/av_l/av_r/x/y/theta/tx/ty/ttheta: 0.00182 -0.11372 0.31812 -0.32698 0.10196 -0.09572 0.23647 -0.26231 47.18758 23.28922 4.81296 47.20000 23.60000 359.99998
lin/ang/drive_left/drive_right/tv_l/tv_r/av_l/av_r/x/y/theta/tx/ty/ttheta: 0.00193 -0.18939 0.30710 -0.31618 -0.13244 0.14206 0.14956 -0.14747 47.18552 23.29649 4.97644 47.20000 23.60000 359.99998
lin/ang/drive_left/drive_right/tv_l/tv_r/av_l/av_r/x/y/theta/tx/ty/ttheta: 0.00154 0.03687 0.04041 -0.14328 -0.28520 0.32784 -0.06792 0.07839 47.19310 23.27305 4.51289 47.20000 23.60000 359.99998
lin/ang/drive_left/drive_right/tv_l/tv_r/av_l/av_r/x/y/theta/tx/ty/ttheta: 0.00123 0.22625 -0.31812 0.27836 -0.13209 0.14933 -0.22056 0.24331 47.19823 23.25849 4.05069 47.20000 23.60000 359.99998
lin/ang/drive_left/drive_right/tv_l/tv_r/av_l/av_r/x/y/theta/tx/ty/ttheta: 0.00113 0.27959 -0.34557 0.32007 0.14823 -0.13609 -0.16325 0.17572 47.19969 23.25514 3.90970 47.20000 23.60000 359.99998
lin/ang/drive_left/drive_right/tv_l/tv_r/av_l/av_r/x/y/theta/tx/ty/ttheta: 0.00150 0.03056 -0.12880 0.12794 0.33132 -0.32010 0.05217 -0.04056 47.19322 23.27919 4.44865 47.20000 23.60000 359.99998
WARNING - pros.serial.terminal.terminal:stop - Stopping terminal - pros-cli version:3.5.6

[tomas@nixbtw:~/projects/Robotics/current/libs/lyfast]$

