
[tomas@nixbtw:~/projects/Robotics/current/libs/lyfast]$ t
Not sending analytics for this command.

Established terminal connection



         _+=+_
      .-`  .  `-.          8888888b.  8888888b.   .d88888b.   .d8888b.
   _+`     "     `+_       888   Y88b 888   Y88b d88P" "Y88b d88P  Y88b
  \\\sssssssssssss///      888    888 888    888 888     888 Y88b.
     .ss\  *  /ss.         888   d88P 888   d88P 888     888  "Y888b.
 .+bm  .s  *  s.  md+.     8888888P"  8888888P"  888     888     "Y88b.
.hMMMMs .  *  . sMMMMh.    888        888 T88b   888     888       "888
 `\hMMMb \ | / dMMMh:      888        888  T88b  Y88b. .d88P Y88b  d88P
   -SNMNo  -  oNMNs-       888        888   T88b  "Y88888P"   "Y8888P"
     `+dMh\./dMd/
        `:yNy:`                      Powered by PROS for VEX V5
           "                Copyright (c) Purdue University ACM SIGBots
Version:        4.2.1     Platform:  V1.1.5 (b18)     Uptime:    0.000 s
Compiled:   Jan  1 1980 00:00:00     Directory:


total distance: 78.136703
delta_distance: 0.100000
allocated for points 791
adding points:1588
isolated constraints:2191
forwards pass:2618
backwards pass:6805
travel times:6900
final time:6911
a_{kin}=\left[9999.99,9999.99,9999.99,9999.99,9999.99,9999.99,9999.99,9999.99,9999.99,9999.99,9999.99,9999.99,9999.99,9999.99,9999.99,9999.99,9999.99,9999.99,9999.99,9999.99,9999.99,9999.99,9999.99,9999.99,9999.99,9999.99,9999.99,9999.99,9999.99,9999.99,9999.99,9999.99,9999.99,9999.99,9999.99,9999.99,9999.99,9999.99,9999.99,9999.99,9999.99,9999.99,9999.99,9999.99,9999.99,9999.99,9999.99,9999.99,9999.99,9999.99,9999.99,9999.99,9999.99,9999.99,9999.99,9999.99,9999.99,9999.99,9999.99,9999.99,9999.99,9999.99,9999.99,9999.99,9999.99,9999.99,9999.99,9999.99,9999.99,9999.99,9999.99,9999.99,9999.99,9999.99,9999.99,9999.99,9999.99,9999.99,9999.99,9999.99,9999.99,9999.99,9999.99,9999.99,9999.99,9999.99,9999.99,9999.99,9999.99,9999.99,9999.99,9999.99,9999.99,9999.99,9999.99,9999.99,9999.99,9999.99,9999.99,9999.99,9999.99,9999.99,9999.99,9999.99,9999.99,9999.99,9999.99,9999.99,9999.99,9999.99,9999.99,9999.99,9999.99,9999.99,9999.99,9999.99,9999.99,9999.99,9999.99,9999.99,9999.99,9999.99,9999.99,9999.99,9999.99,9999.99,9999.99,9999.99,9999.99,9999.99,9999.99,9999.99,9999.99,9999.99,9999.99,9999.99,9999.99,9999.99,9999.99,9999.99,9999.99,9999.99,9999.99,9999.99,9999.99,9999.99,9999.99,9999.99,9999.99,9999.99,9999.99,9999.99,9999.99,9999.99,9999.99,9999.99,9999.99,9999.99,9999.99,9999.99,9999.99,9999.99,9999.99,9999.99,9999.99,9999.99,9999.99,9999.99,9999.99,9999.99,9999.99,9999.99,9999.99,9999.99,9999.99,9999.99,9999.99,9999.99,9999.99,9999.99,9999.99,9999.99,9999.99,9999.99,9999.99,9999.99,9999.99,9999.99,9999.99,9999.99,9999.99,9999.99,9999.99,9999.99,9999.99,9999.99,9999.99,9999.99,9999.99,9999.99,9999.99,9999.99,9999.99,9999.99,9999.99,9999.99,9999.99,9999.99,9999.99,9999.99,9999.99,9999.99,9999.99,9999.99,9999.99,9999.99,9999.99,9999.99,9999.99,9999.99,9999.99,9999.99,9999.99,9999.99,9999.99,9999.99,9999.99,9999.99,9999.99,9999.99,9999.99,9999.99,9999.99,9999.99,9999.99,9999.99,46.0198,45.7612,45.5049,45.2508,44.9989,44.7492,44.5017,44.2564,44.0134,43.7726,43.534,43.2977,43.0636,42.8318,42.6022,42.3749,42.1498,41.927,41.7065,41.4883,41.2723,41.0586,40.8473,40.6382,40.4314,40.2269,40.0248,39.8249,39.6274,39.4323,39.2394,39.0489,38.8608,38.6749,38.4915,38.3104,38.1317,37.9554,37.7814,37.6098,37.4407,37.2739,37.1095,36.9476,36.7881,36.6309,36.4763,36.324,36.1743,36.027,35.8821,35.7397,35.5998,35.4624,35.3275,35.195,35.0651,34.9377,34.8128,34.6905,34.5707,34.4534,34.3387,34.2267,34.1171,34.0102,33.9058,33.8041,33.705,33.6085,33.5147,33.4235,33.335,33.2491,33.1659,33.0855,33.0077,32.9326,32.8603,32.7908,32.724,32.6599,32.5987,32.5402,32.4846,32.4318,32.3818,32.3347,32.2905,32.2492,32.2107,32.1752,32.1427,32.113,32.0864,32.0628,32.0422,32.0246,32.01,31.9985,31.9902,31.9849,31.9828,31.9839,31.9881,31.9955,32.0062,32.0201,32.0373,32.0578,32.0817,32.1089,32.1395,32.1736,32.2111,32.2521,32.2966,32.3446,32.3963,32.4515,32.5105,32.5731,32.6394,32.7095,32.7835,32.8613,32.943,33.0286,33.1182,33.2119,33.3096,33.4115,33.5176,33.6279,33.7425,33.8615,33.9849,34.1128,34.2451,34.3821,34.5238,34.6702,34.8214,34.9775,35.1386,35.3047,35.4759,35.6524,35.8341,36.0212,36.2138,36.412,36.6158,36.8254,37.0409,37.2624,37.4901,37.7239,37.9641,38.2108,38.4642,38.7243,38.9913,39.2653,39.5466,39.8352,40.1314,40.4353,40.7471,41.067,41.3952,41.7319,42.0773,42.4316,42.795,43.1679,43.5504,43.9428,44.3454,44.7585,45.1824,45.6173,46.0637,46.5217,46.9919,47.4746,47.9702,48.479,49.0016,49.5383,50.0897,50.6562,51.2383,51.8367,52.4518,53.0843,53.7348,54.4041,55.0927,55.8015,56.5312,57.2827,58.0569,58.8546,59.677,60.5249,61.3996,62.3022,63.2339,64.1961,65.1902,66.2178,67.2803,68.3796,69.5174,70.6958,71.9167,73.1826,74.4956,75.8586,77.2741,78.7453,80.2755,81.868,83.5267,85.2557,87.0595,88.9428,90.9111,92.9699,95.1257,97.3853,99.7563,102.247,104.867,107.626,110.535,113.607,116.857,120.299,123.95,127.832,131.966,136.377,141.095,146.151,151.585,157.438,163.764,170.619,178.074,186.212,195.129,204.945,215.802,227.873,241.376,256.58,273.829,293.565,316.368,343.011,374.555,412.489,458.973,517.264,592.516,693.393,835.664,1051.39,1417.26,2173.65,4661.47,9997.88,3616.09,1915.44,1302.75,987.031,794.489,664.805,571.515,501.187,446.27,402.2,366.052,335.866,310.28,288.316,269.257,252.562,237.816,224.698,212.952,202.374,192.797,184.087,176.13,168.833,162.118,155.917,150.174,144.84,139.872,135.235,130.896,126.828,123.007,119.41,116.018,112.815,109.785,106.915,104.192,101.605,99.1456,96.8034,94.5707,92.44,90.4045,88.4582,86.5955,84.811,83.1001,81.4584,79.8819,78.3669,76.91,75.508,74.1578,72.8569,71.6026,70.3926,69.2246,68.0966,67.0068,65.9532,64.9342,63.9482,62.9938,62.0695,61.174,60.3061,59.4647,58.6486,57.8568,57.0884,56.3424,55.6179,54.9142,54.2305,53.566,52.92,52.2919,51.681,51.0867,50.5085,49.9458,49.3981,48.8649,48.3458,47.8402,47.3479,46.8683,46.4011,45.946,45.5025,45.0703,44.6491,44.2386,43.8386,43.4486,43.0685,42.698,42.3368,41.9847,41.6415,41.307,40.9808,40.6629,40.3531,40.0511,39.7568,39.47,39.1905,38.9182,38.6529,38.3945,38.1428,37.8977,37.6591,37.4268,37.2007,36.9807,36.7666,36.5585,36.356,36.1593,35.9681,35.7823,35.6019,35.4268,35.2569,35.0921,34.9323,34.7774,34.6274,34.4823,34.3418,34.206,34.0748,33.9481,33.8259,33.7081,33.5946,33.4854,33.3805,33.2797,33.1831,33.0906,33.002,32.9175,32.8369,32.7602,32.6874,32.6183,32.553,32.4915,32.4336,32.3795,32.3289,32.2819,32.2385,32.1986,32.1621,32.1291,32.0996,32.0734,32.0506,32.0312,32.0151,32.0022,31.9926,31.9863,31.9831,31.9832,31.9864,31.9927,32.0022,32.0148,32.0304,32.0491,32.0709,32.0957,32.1234,32.1541,32.1879,32.2245,32.2641,32.3066,32.352,32.4003,32.4514,32.5054,32.5623,32.6219,32.6844,32.7496,32.8177,32.8885,32.962,33.0383,33.1174,33.1991,33.2836,33.3707,33.4605,33.553,33.6482,33.746,33.8465,33.9495,34.0553,34.1635,34.2745,34.388,34.504,34.6227,34.7439,34.8677,34.994,35.1228,35.2542,35.3881,35.5245,35.6634,35.8049,35.9488,36.0951,36.244,36.3953,36.5491,36.7053,36.864,37.0251,37.1887,37.3547,37.5231,37.6939,37.8671,38.0427,38.2207,38.4011,38.5839,38.769,38.9566,39.1464,39.3387,39.5333,39.7302,39.9295,40.1311,40.335,40.5413,40.7499,40.9608,41.174,41.3895,41.6073,41.8274,42.0498,42.2745,42.5015,42.7307,42.9622,43.1959,43.432,43.6702,43.9108,44.1535,44.3985,44.6458,44.8953,45.147,45.4009,45.6571,45.9155,46.02\right]
a_{turn}=\left[\right]
d_{kin}=\left[99.9999,99.9999,99.9999,99.9999,99.9999,99.9999,99.9999,99.9999,99.9999,99.9999,99.9999,99.9999,99.9999,99.9999,99.9999,99.9999,99.9999,99.9999,99.9999,99.9999,99.9999,99.9999,99.9999,99.9999,99.9999,99.9999,99.9999,99.9999,99.9999,99.9999,99.9999,99.9999,99.9999,99.9999,99.9999,99.9999,99.9999,99.9999,99.9999,99.9999,99.9999,99.9999,99.9999,99.9999,99.9999,99.9999,99.9999,99.9999,99.9999,99.9999,99.9999,99.9999,99.9999,99.9999,99.9999,99.9999,99.9999,99.9999,99.9999,99.9999,99.9999,99.9999,99.9999,99.9999,99.9999,99.9999,99.9999,99.9999,99.9999,99.9999,99.9999,99.9999,99.9999,99.9999,99.9999,99.9999,99.9999,99.9999,99.9999,99.9999,99.9999,99.9999,99.9999,99.9999,99.9999,99.9999,99.9999,99.9999,99.9999,99.9999,99.9999,99.9999,99.9999,99.9999,99.9999,99.9999,99.9999,99.9999,99.9999,99.9999,99.9999,99.9999,99.9999,99.9999,99.9999,99.9999,99.9999,99.9999,99.9999,99.9999,99.9999,99.9999,99.9999,99.9999,99.9999,99.9999,99.9999,99.9999,99.9999,99.9999,99.9999,99.9999,99.9999,99.9999,99.9999,99.9999,99.9999,99.9999,99.9999,99.9999,99.9999,99.9999,99.9999,99.9999,99.9999,99.9999,99.9999,99.9999,99.9999,99.9999,99.9999,99.9999,99.9999,99.9999,99.9999,99.9999,99.9999,99.9999,99.9999,99.9999,99.9999,99.9999,99.9999,99.9999,99.9999,99.9999,99.9999,99.9999,99.9999,99.9999,99.9999,99.9999,99.9999,99.9999,99.9999,99.9999,99.9999,99.9999,99.9999,99.9999,99.9999,99.9999,99.9999,99.9999,99.9999,99.9999,99.9999,99.9999,99.9999,99.9999,99.9999,99.9999,99.9999,99.9999,99.9999,99.9999,99.9999,99.9999,99.9999,99.9999,99.9999,99.9999,99.9999,99.9999,99.9999,99.9999,99.9999,99.9999,99.9999,99.9999,99.9999,99.9999,99.9999,99.9999,99.9999,99.9999,99.9999,99.9999,99.9999,99.9999,99.9999,99.9999,99.9999,99.9999,99.9999,99.9999,99.9999,99.9999,99.9999,99.9999,99.9999,99.9999,99.9999,99.9999,99.9999,99.9999,99.9999,99.9999,99.9999,99.9999,99.9999,99.9999,99.9999,99.9999,99.9999,99.9999,46.0198,45.7612,45.5049,45.2508,44.9989,44.7492,44.5017,44.2564,44.0134,43.7726,43.534,43.2977,43.0636,42.8318,42.6022,42.3749,42.1498,41.927,41.7065,41.4883,41.2723,41.0586,40.8473,40.6382,40.4314,40.2269,40.0248,39.8249,39.6274,39.4323,39.2394,39.0489,38.8608,38.6749,38.4915,38.3104,38.1317,37.9554,37.7814,37.6098,37.4407,37.2739,37.1095,36.9476,36.7881,36.6309,36.4763,36.324,36.1743,36.027,35.8821,35.7397,35.5998,35.4624,35.3275,35.195,35.0651,34.9377,34.8128,34.6905,34.5707,34.4534,34.3387,34.2267,34.1171,34.0102,33.9058,33.8041,33.705,33.6085,33.5147,33.4235,33.335,33.2491,33.1659,33.0855,33.0077,32.9326,32.8603,32.7908,32.724,32.6599,32.5987,32.5402,32.4846,32.4318,32.3818,32.3347,32.2905,32.2492,32.2107,32.1752,32.1427,32.113,32.0864,32.0628,32.0422,32.0246,32.01,31.9985,31.9902,31.9849,31.9828,31.9839,31.9881,31.9955,32.0062,32.0201,32.0373,32.0578,32.0817,32.1089,32.1395,32.1736,32.2111,32.2521,32.2966,32.3446,32.3963,32.4515,32.5105,32.5731,32.6394,32.7095,32.7835,32.8613,32.943,33.0286,33.1182,33.2119,33.3096,33.4115,33.5176,33.6279,33.7425,33.8615,33.9849,34.1128,34.2451,34.3821,34.5238,34.6702,34.8214,34.9775,35.1386,35.3047,35.4759,35.6524,35.8341,36.0212,36.2138,36.412,36.6158,36.8254,37.0409,37.2624,37.4901,37.7239,37.9641,38.2108,38.4642,38.7243,38.9913,39.2653,39.5466,39.8352,40.1314,40.4353,40.7471,41.067,41.3952,41.7319,42.0773,42.4316,42.795,43.1679,43.5504,43.9428,44.3454,44.7585,45.1824,45.6173,46.0637,46.5217,46.9919,47.4746,47.9702,48.479,49.0016,49.5383,50.0897,50.6562,51.2383,51.8367,52.4518,53.0843,53.7348,54.4041,55.0927,55.8015,56.5312,57.2827,58.0569,58.8546,59.677,60.5249,61.3996,62.3022,63.2339,64.1961,65.1902,66.2178,67.2803,68.3796,69.5174,70.6958,71.9167,73.1826,74.4956,75.8586,77.2741,78.7453,80.2755,81.868,83.5267,85.2557,87.0595,88.9428,90.9111,92.9699,93.3056,93.4507,93.5964,93.7427,93.8894,94.0367,94.1846,94.3329,94.4818,94.6312,94.7811,94.9316,95.0825,95.234,95.386,95.5385,95.6915,95.8451,95.9991,96.1537,96.3088,96.4644,96.6205,96.7772,96.9343,97.092,97.2502,97.4089,97.5682,97.728,97.8883,98.0491,98.2104,98.3723,98.5348,98.6977,98.8613,99.0253,99.1899,99.355,99.5207,99.687,99.8538,99.9788,99.8116,99.645,99.4788,99.3133,99.1483,98.9838,98.8199,98.6565,98.4937,98.3314,98.1696,98.0084,97.8477,97.6875,97.5279,97.3688,97.2102,97.0521,96.8946,96.7376,96.581,96.4251,96.2696,96.1146,95.9602,95.8062,95.6528,95.4999,95.3475,95.1957,95.0443,94.8935,94.7432,94.5934,94.4441,94.2954,94.1472,93.9995,93.8523,93.7056,93.5595,93.414,93.2689,92.44,90.4045,88.4582,86.5955,84.811,83.1001,81.4584,79.8819,78.3669,76.91,75.508,74.1578,72.8569,71.6026,70.3926,69.2246,68.0966,67.0068,65.9532,64.9342,63.9482,62.9938,62.0695,61.174,60.3061,59.4647,58.6486,57.8568,57.0884,56.3424,55.6179,54.9142,54.2305,53.566,52.92,52.2919,51.681,51.0867,50.5085,49.9458,49.3981,48.8649,48.3458,47.8402,47.3479,46.8683,46.4011,45.946,45.5025,45.0703,44.6491,44.2386,43.8386,43.4486,43.0685,42.698,42.3368,41.9847,41.6415,41.307,40.9808,40.6629,40.3531,40.0511,39.7568,39.47,39.1905,38.9182,38.6529,38.3945,38.1428,37.8977,37.6591,37.4268,37.2007,36.9807,36.7666,36.5585,36.356,36.1593,35.9681,35.7823,35.6019,35.4268,35.2569,35.0921,34.9323,34.7774,34.6274,34.4823,34.3418,34.206,34.0748,33.9481,33.8259,33.7081,33.5946,33.4854,33.3805,33.2797,33.1831,33.0906,33.002,32.9175,32.8369,32.7602,32.6874,32.6183,32.553,32.4915,32.4336,32.3795,32.3289,32.2819,32.2385,32.1986,32.1621,32.1291,32.0996,32.0734,32.0506,32.0312,32.0151,32.0022,31.9926,31.9863,31.9831,31.9832,31.9864,31.9927,32.0022,32.0148,32.0304,32.0491,32.0709,32.0957,32.1234,32.1541,32.1879,32.2245,32.2641,32.3066,32.352,32.4003,32.4514,32.5054,32.5623,32.6219,32.6844,32.7496,32.8177,32.8885,32.962,33.0383,33.1174,33.1991,33.2836,33.3707,33.4605,33.553,33.6482,33.746,33.8465,33.9495,34.0553,34.1635,34.2745,34.388,34.504,34.6227,34.7439,34.8677,34.994,35.1228,35.2542,35.3881,35.5245,35.6634,35.8049,35.9488,36.0951,36.244,36.3953,36.5491,36.7053,36.864,37.0251,37.1887,37.3547,37.5231,37.6939,37.8671,38.0427,38.2207,38.4011,38.5839,38.769,38.9566,39.1464,39.3387,39.5333,39.7302,39.9295,40.1311,40.335,40.5413,40.7499,40.9608,41.174,41.3895,41.6073,41.8274,42.0498,42.2745,42.5015,42.7307,42.9622,43.1959,43.432,43.6702,43.9108,44.1535,44.3985,44.6458,44.8953,45.147,45.4009,45.6571,45.9155,46.02\right]
d_{turn}=\left[\right]
v_{kin}=\left[59.9999,59.9999,59.9999,59.9999,59.9999,59.9999,59.9999,59.9999,59.9999,59.9999,59.9999,59.9999,59.9999,59.9999,59.9999,59.9999,59.9999,59.9999,59.9999,59.9999,59.9999,59.9999,59.9999,59.9999,59.9999,59.9999,59.9999,59.9999,59.9999,59.9999,59.9999,59.9999,59.9999,59.9999,59.9999,59.9999,59.9999,59.9999,59.9999,59.9999,59.9999,59.9999,59.9999,59.9999,59.9999,59.9999,59.9999,59.9999,59.9999,59.9999,59.9999,59.9999,59.9999,59.9999,59.9999,59.9999,59.9999,59.9999,59.9999,59.9999,59.9999,59.9999,59.9999,59.9999,59.9999,59.9999,59.9999,59.9999,59.9999,59.9999,59.9999,59.9999,59.9999,59.9999,59.9999,59.9999,59.9999,59.9999,59.9999,59.9999,59.9999,59.9999,59.9999,59.9999,59.9999,59.9999,59.9999,59.9999,59.9999,59.9999,59.9999,59.9999,59.9999,59.9999,59.9999,59.9999,59.9999,59.9999,59.9999,59.9999,59.9999,59.9999,59.9999,59.9999,59.9999,59.9999,59.9999,59.9999,59.9999,59.9999,59.9999,59.9999,59.9999,59.9999,59.9999,59.9999,59.9999,59.9999,59.9999,59.9999,59.9999,59.9999,59.9999,59.9999,59.9999,59.9999,59.9999,59.9999,59.9999,59.9999,59.9999,59.9999,59.9999,59.9999,59.9999,59.9999,59.9999,59.9999,59.9999,59.9999,59.9999,59.9999,59.9999,59.9999,59.9999,59.9999,59.9999,59.9999,59.9999,59.9999,59.9999,59.9999,59.9999,59.9999,59.9999,59.9999,59.9999,59.9999,59.9999,59.9999,59.9999,59.9999,59.9999,59.9999,59.9999,59.9999,59.9999,59.9999,59.9999,59.9999,59.9999,59.9999,59.9999,59.9999,59.9999,59.9999,59.9999,59.9999,59.9999,59.9999,59.9999,59.9999,59.9999,59.9999,59.9999,59.9999,59.9999,59.9999,59.9999,59.9999,59.9999,59.9999,59.9999,59.9999,59.9999,59.9999,59.9999,59.9999,59.9999,59.9999,59.9999,59.9999,59.9999,59.9999,59.9999,59.9999,59.9999,59.9999,59.9999,59.9999,59.9999,59.9999,59.9999,59.9999,59.9999,59.9999,59.9999,59.9999,59.9999,59.9999,59.9999,59.9999,59.9999,59.9999,59.9999,59.9999,59.9999,59.9999,59.9999,59.9999,59.9999,59.9999,59.9999,59.9999,59.9999,59.9999,52.2509,52.2128,52.1746,52.1365,52.0982,52.06,52.0217,51.9834,51.9451,51.9067,51.8684,51.83,51.7917,51.7534,51.7151,51.6768,51.6386,51.6003,51.5622,51.5241,51.486,51.448,51.4101,51.3723,51.3345,51.2969,51.2593,51.2219,51.1845,51.1473,51.1103,51.0734,51.0366,51,50.9636,50.9273,50.8912,50.8554,50.8197,50.7843,50.749,50.7141,50.6793,50.6448,50.6106,50.5767,50.543,50.5096,50.4766,50.4438,50.4114,50.3794,50.3476,50.3163,50.2853,50.2546,50.2244,50.1946,50.1652,50.1362,50.1077,50.0796,50.0519,50.0248,49.9981,49.9719,49.9462,49.921,49.8964,49.8723,49.8487,49.8257,49.8033,49.7814,49.7602,49.7395,49.7195,49.7001,49.6813,49.6632,49.6457,49.629,49.6128,49.5974,49.5827,49.5687,49.5554,49.5428,49.531,49.5199,49.5096,49.5001,49.4913,49.4833,49.4761,49.4697,49.4641,49.4593,49.4554,49.4523,49.45,49.4486,49.448,49.4483,49.4494,49.4515,49.4544,49.4581,49.4628,49.4684,49.4748,49.4822,49.4904,49.4996,49.5097,49.5207,49.5326,49.5455,49.5592,49.5739,49.5895,49.6061,49.6236,49.642,49.6613,49.6816,49.7028,49.7249,49.748,49.7719,49.7968,49.8227,49.8494,49.8771,49.9057,49.9352,49.9657,49.997,50.0293,50.0624,50.0965,50.1314,50.1672,50.2039,50.2415,50.28,50.3194,50.3596,50.4006,50.4426,50.4853,50.5289,50.5734,50.6186,50.6647,50.7116,50.7593,50.8079,50.8572,50.9072,50.9581,51.0097,51.0621,51.1153,51.1692,51.2238,51.2791,51.3352,51.392,51.4495,51.5077,51.5666,51.6262,51.6864,51.7473,51.8088,51.871,51.9339,51.9973,52.0614,52.1261,52.1914,52.2573,52.3238,52.3909,52.4585,52.5267,52.5955,52.6648,52.7346,52.805,52.8759,52.9474,53.0193,53.0917,53.1647,53.2381,53.312,53.3864,53.4612,53.5365,53.6123,53.6885,53.7652,53.8423,53.9198,53.9978,54.0761,54.1549,54.2341,54.3137,54.3937,54.4741,54.5549,54.636,54.7175,54.7995,54.8817,54.9644,55.0474,55.1307,55.2145,55.2985,55.3829,55.4677,55.5528,55.6383,55.724,55.8101,55.8966,55.9834,56.0704,56.1579,56.2456,56.3337,56.422,56.5107,56.5998,56.6891,56.7787,56.8687,56.959,57.0495,57.1404,57.2316,57.3231,57.4149,57.5071,57.5995,57.6922,57.7853,57.8786,57.9723,58.0663,58.1606,58.2552,58.3501,58.4454,58.5409,58.6368,58.733,58.8295,58.9263,59.0234,59.1209,59.2186,59.3167,59.4152,59.5139,59.613,59.7124,59.8122,59.9123,59.9873,59.887,59.787,59.6873,59.588,59.489,59.3903,59.2919,59.1939,59.0962,58.9988,58.9018,58.805,58.7086,58.6125,58.5167,58.4213,58.3261,58.2313,58.1368,58.0425,57.9486,57.855,57.7617,57.6688,57.5761,57.4837,57.3917,57.3,57.2085,57.1174,57.0266,56.9361,56.8459,56.756,56.6665,56.5772,56.4883,56.3997,56.3114,56.2234,56.1357,56.0484,55.9614,55.8747,55.7883,55.7023,55.6166,55.5312,55.4462,55.3615,55.2772,55.1932,55.1096,55.0263,54.9434,54.8608,54.7786,54.6968,54.6154,54.5343,54.4536,54.3733,54.2934,54.2139,54.1348,54.0561,53.9778,53.9,53.8226,53.7456,53.669,53.5929,53.5172,53.442,53.3673,53.293,53.2192,53.1459,53.073,53.0007,52.9289,52.8576,52.7868,52.7165,52.6468,52.5776,52.509,52.4409,52.3734,52.3064,52.2401,52.1743,52.1091,52.0445,51.9806,51.9173,51.8546,51.7925,51.7311,51.6704,51.6103,51.5509,51.4921,51.4341,51.3768,51.3201,51.2642,51.209,51.1545,51.1008,51.0478,50.9956,50.9442,50.8935,50.8436,50.7945,50.7461,50.6986,50.6519,50.606,50.5609,50.5167,50.4733,50.4307,50.389,50.3481,50.3081,50.269,50.2307,50.1933,50.1568,50.1212,50.0865,50.0527,50.0197,49.9877,49.9566,49.9264,49.8971,49.8688,49.8413,49.8148,49.7892,49.7646,49.7408,49.718,49.6962,49.6752,49.6552,49.6362,49.618,49.6008,49.5845,49.5692,49.5548,49.5413,49.5287,49.5171,49.5063,49.4965,49.4876,49.4797,49.4726,49.4664,49.4611,49.4568,49.4533,49.4507,49.4489,49.4481,49.4481,49.449,49.4507,49.4533,49.4567,49.4609,49.466,49.4719,49.4786,49.4861,49.4944,49.5035,49.5133,49.5239,49.5353,49.5474,49.5603,49.5739,49.5882,49.6032,49.619,49.6354,49.6525,49.6702,49.6886,49.7077,49.7274,49.7477,49.7687,49.7902,49.8123,49.8351,49.8584,49.8822,49.9066,49.9315,49.957,49.9829,50.0094,50.0364,50.0638,50.0917,50.1201,50.1489,50.1781,50.2078,50.2379,50.2684,50.2992,50.3305,50.3621,50.3941,50.4264,50.459,50.492,50.5253,50.5589,50.5928,50.6269,50.6614,50.6961,50.731,50.7662,50.8017,50.8373,50.8732,50.9092,50.9455,50.9819,51.0186,51.0554,51.0923,51.1294,51.1666,51.204,51.2415,51.2791,51.3168,51.3546,51.3925,51.4305,51.4686,51.5067,51.5449,51.5832,51.6215,51.6598,51.6982,51.7366,51.775,51.8134,51.8519,51.8903,51.9288,51.9672,52.0056,52.044,52.0824,52.1208,52.1591,52.1973,52.2356,52.2509\right]
v_{turn}=\left[7.87402e+06,7.87402e+06,7.87402e+06,7.87402e+06,7.87402e+06,7.87402e+06,7.87402e+06,7.87402e+06,7.87402e+06,7.87402e+06,7.87402e+06,7.87402e+06,7.87402e+06,7.87402e+06,7.87402e+06,7.87402e+06,7.87402e+06,7.87402e+06,7.87402e+06,7.87402e+06,7.87402e+06,7.87402e+06,7.87402e+06,7.87402e+06,7.87402e+06,7.87402e+06,7.87402e+06,7.87402e+06,7.87402e+06,7.87402e+06,7.87402e+06,7.87402e+06,7.87402e+06,7.87402e+06,7.87402e+06,7.87402e+06,7.87402e+06,7.87402e+06,7.87402e+06,7.87402e+06,7.87402e+06,7.87402e+06,7.87402e+06,7.87402e+06,7.87402e+06,7.87402e+06,7.87402e+06,7.87402e+06,7.87402e+06,7.87402e+06,7.87402e+06,7.87402e+06,7.87402e+06,7.87402e+06,7.87402e+06,7.87402e+06,7.87402e+06,7.87402e+06,7.87402e+06,7.87402e+06,7.87402e+06,7.87402e+06,7.87402e+06,7.87402e+06,7.87402e+06,7.87402e+06,7.87402e+06,7.87402e+06,7.87402e+06,7.87402e+06,7.87402e+06,7.87402e+06,7.87402e+06,7.87402e+06,7.87402e+06,7.87402e+06,7.87402e+06,7.87402e+06,7.87402e+06,7.87402e+06,7.87402e+06,7.87402e+06,7.87402e+06,7.87402e+06,7.87402e+06,7.87402e+06,7.87402e+06,7.87402e+06,7.87402e+06,7.87402e+06,7.87402e+06,7.87402e+06,7.87402e+06,7.87402e+06,7.87402e+06,7.87402e+06,7.87402e+06,7.87402e+06,7.87402e+06,7.87402e+06,7.87402e+06,7.87402e+06,7.87402e+06,7.87402e+06,7.87402e+06,7.87402e+06,7.87402e+06,7.87402e+06,7.87402e+06,7.87402e+06,7.87402e+06,7.87402e+06,7.87402e+06,7.87402e+06,7.87402e+06,7.87402e+06,7.87402e+06,7.87402e+06,7.87402e+06,7.87402e+06,7.87402e+06,7.87402e+06,7.87402e+06,7.87402e+06,7.87402e+06,7.87402e+06,7.87402e+06,7.87402e+06,7.87402e+06,7.87402e+06,7.87402e+06,7.87402e+06,7.87402e+06,7.87402e+06,7.87402e+06,7.87402e+06,7.87402e+06,7.87402e+06,7.87402e+06,7.87402e+06,7.87402e+06,7.87402e+06,7.87402e+06,7.87402e+06,7.87402e+06,7.87402e+06,7.87402e+06,7.87402e+06,7.87402e+06,7.87402e+06,7.87402e+06,7.87402e+06,7.87402e+06,7.87402e+06,7.87402e+06,7.87402e+06,7.87402e+06,7.87402e+06,7.87402e+06,7.87402e+06,7.87402e+06,7.87402e+06,7.87402e+06,7.87402e+06,7.87402e+06,7.87402e+06,7.87402e+06,7.87402e+06,7.87402e+06,7.87402e+06,7.87402e+06,7.87402e+06,7.87402e+06,7.87402e+06,7.87402e+06,7.87402e+06,7.87402e+06,7.87402e+06,7.87402e+06,7.87402e+06,7.87402e+06,7.87402e+06,7.87402e+06,7.87402e+06,7.87402e+06,7.87402e+06,7.87402e+06,7.87402e+06,7.87402e+06,7.87402e+06,7.87402e+06,7.87402e+06,7.87402e+06,7.87402e+06,7.87402e+06,7.87402e+06,7.87402e+06,7.87402e+06,7.87402e+06,7.87402e+06,7.87402e+06,7.87402e+06,7.87402e+06,7.87402e+06,7.87402e+06,7.87402e+06,7.87402e+06,7.87402e+06,7.87402e+06,7.87402e+06,7.87402e+06,7.87402e+06,7.87402e+06,7.87402e+06,7.87402e+06,7.87402e+06,7.87402e+06,7.87402e+06,7.87402e+06,7.87402e+06,7.87402e+06,7.87402e+06,7.87402e+06,7.87402e+06,7.87402e+06,7.87402e+06,7.87402e+06,7.87402e+06,7.87402e+06,7.87402e+06,7.87402e+06,7.87402e+06,7.87402e+06,7.87402e+06,7.87402e+06,7.87402e+06,70.7997,70.4019,70.0076,69.6166,69.229,68.8449,68.4641,68.0868,67.7129,67.3424,66.9754,66.6118,66.2517,65.895,65.5418,65.1921,64.8459,64.5031,64.1639,63.8281,63.4959,63.1671,62.8419,62.5203,62.2021,61.8876,61.5766,61.2691,60.9653,60.665,60.3683,60.0752,59.7858,59.4999,59.2177,58.9391,58.6642,58.3929,58.1252,57.8613,57.601,57.3445,57.0916,56.8424,56.597,56.3553,56.1173,55.8832,55.6527,55.4261,55.2032,54.9842,54.7689,54.5575,54.3499,54.1462,53.9463,53.7503,53.5582,53.37,53.1857,53.0053,52.8288,52.6564,52.4879,52.3234,52.1628,52.0063,51.8538,51.7054,51.561,51.4207,51.2845,51.1525,51.0245,50.9007,50.7811,50.6656,50.5544,50.4473,50.3446,50.246,50.1518,50.0619,49.9763,49.8951,49.8182,49.7458,49.6777,49.6141,49.555,49.5004,49.4502,49.4047,49.3637,49.3273,49.2956,49.2686,49.2462,49.2285,49.2157,49.2076,49.2043,49.2059,49.2124,49.2239,49.2403,49.2617,49.2882,49.3198,49.3565,49.3983,49.4454,49.4978,49.5555,49.6186,49.687,49.761,49.8404,49.9254,50.0161,50.1124,50.2145,50.3224,50.4361,50.5558,50.6815,50.8132,50.9511,51.0952,51.2456,51.4023,51.5655,51.7353,51.9116,52.0946,52.2845,52.4812,52.6848,52.8956,53.1136,53.3388,53.5714,53.8116,54.0594,54.3149,54.5784,54.8498,55.1294,55.4173,55.7135,56.0184,56.332,56.6545,56.9861,57.3268,57.677,58.0368,58.4064,58.7859,59.1757,59.5758,59.9866,60.4082,60.8409,61.285,61.7406,62.2082,62.6879,63.18,63.6849,64.2029,64.7343,65.2793,65.8385,66.4121,67.0006,67.6043,68.2237,68.8592,69.5113,70.1805,70.8672,71.5719,72.2953,73.0379,73.8003,74.5831,75.3871,76.2128,77.0611,77.9326,78.8282,79.7488,80.6951,81.6682,82.669,83.6985,84.758,85.8484,86.9711,88.1272,89.3182,90.5456,91.8107,93.1152,94.4609,95.8495,97.2829,98.7632,100.293,101.873,103.508,105.199,106.95,108.763,110.641,112.589,114.609,116.705,118.883,121.147,123.501,125.951,128.503,131.163,133.938,136.835,139.863,143.031,146.347,149.824,153.471,157.303,161.334,165.578,170.054,174.781,179.78,185.075,190.693,196.665,203.025,209.811,217.068,224.848,233.207,242.213,251.944,262.491,273.96,286.479,300.199,315.301,332.003,350.574,371.348,394.739,421.276,451.639,486.72,527.709,576.239,634.598,706.112,795.791,911.563,1066.76,1285.64,1617.52,2180.4,3344.08,7171.49,49617.2,5563.21,2946.83,2004.24,1518.51,1222.29,1022.78,879.254,771.056,686.57,618.77,563.157,516.718,477.354,443.564,414.242,388.557,365.871,345.69,327.619,311.345,296.611,283.21,270.969,259.743,249.412,239.872,231.037,222.83,215.188,208.053,201.379,195.12,189.241,183.707,178.489,173.561,168.9,164.484,160.295,156.316,152.532,148.928,145.493,142.215,139.084,136.09,133.224,130.478,127.846,125.321,122.895,120.565,118.323,116.166,114.089,112.088,110.158,108.296,106.499,104.764,103.087,101.466,99.8988,98.3819,96.9135,95.4915,94.1138,92.7786,91.4841,90.2286,89.0104,87.8283,86.6806,85.566,84.4834,83.4315,82.4092,81.4154,80.449,79.5092,78.5949,77.7054,76.8397,75.9971,75.1768,74.3781,73.6004,72.8429,72.1051,71.3863,70.6861,70.0038,69.3389,68.691,68.0594,67.444,66.844,66.2593,65.6893,65.1336,64.5919,64.0639,63.5492,63.0474,62.5584,62.0817,61.6171,61.1643,60.723,60.2931,59.8741,59.466,59.0685,58.6813,58.3042,57.937,57.5797,57.2318,56.8933,56.564,56.2438,55.9323,55.6297,55.3355,55.0497,54.7722,54.5028,54.2413,53.9878,53.742,53.5037,53.273,53.0496,52.8335,52.6246,52.4228,52.2279,52.0399,51.8586,51.684,51.5161,51.3546,51.1996,51.0509,50.9086,50.7724,50.6423,50.5183,50.4003,50.2882,50.182,50.0816,49.9869,49.8979,49.8146,49.7368,49.6645,49.5976,49.5362,49.4802,49.4295,49.384,49.3438,49.3087,49.2788,49.254,49.2342,49.2194,49.2097,49.2048,49.2049,49.2098,49.2196,49.2342,49.2535,49.2776,49.3064,49.3398,49.3779,49.4206,49.4679,49.5198,49.5762,49.6371,49.7025,49.7723,49.8466,49.9253,50.0084,50.0958,50.1876,50.2837,50.3841,50.4887,50.5977,50.7108,50.8282,50.9498,51.0756,51.2055,51.3396,51.4778,51.6201,51.7665,51.9169,52.0715,52.2301,52.3927,52.5593,52.7299,52.9045,53.0831,53.2657,53.4521,53.6426,53.8369,54.0351,54.2372,54.4433,54.6531,54.8668,55.0844,55.3058,55.531,55.76,55.9928,56.2294,56.4698,56.7139,56.9618,57.2134,57.4687,57.7278,57.9906,58.2571,58.5272,58.8011,59.0786,59.3598,59.6447,59.9332,60.2253,60.521,60.8204,61.1234,61.43,61.7401,62.0539,62.3712,62.6921,63.0166,63.3446,63.6762,64.0113,64.3499,64.6921,65.0377,65.3869,65.7395,66.0957,66.4553,66.8184,67.185,67.555,67.9285,68.3055,68.6859,69.0697,69.4569,69.8476,70.2417,70.6392,70.8\right]
v_{friction}=\left[59.9999,59.9999,59.9999,59.9999,59.9999,59.9999,59.9999,59.9999,59.9999,59.9999,59.9999,59.9999,59.9999,59.9999,59.9999,59.9999,59.9999,59.9999,59.9999,59.9999,59.9999,59.9999,59.9999,59.9999,59.9999,59.9999,59.9999,59.9999,59.9999,59.9999,59.9999,59.9999,59.9999,59.9999,59.9999,59.9999,59.9999,59.9999,59.9999,59.9999,59.9999,59.9999,59.9999,59.9999,59.9999,59.9999,59.9999,59.9999,59.9999,59.9999,59.9999,59.9999,59.9999,59.9999,59.9999,59.9999,59.9999,59.9999,59.9999,59.9999,59.9999,59.9999,59.9999,59.9999,59.9999,59.9999,59.9999,59.9999,59.9999,59.9999,59.9999,59.9999,59.9999,59.9999,59.9999,59.9999,59.9999,59.9999,59.9999,59.9999,59.9999,59.9999,59.9999,59.9999,59.9999,59.9999,59.9999,59.9999,59.9999,59.9999,59.9999,59.9999,59.9999,59.9999,59.9999,59.9999,59.9999,59.9999,59.9999,59.9999,59.9999,59.9999,59.9999,59.9999,59.9999,59.9999,59.9999,59.9999,59.9999,59.9999,59.9999,59.9999,59.9999,59.9999,59.9999,59.9999,59.9999,59.9999,59.9999,59.9999,59.9999,59.9999,59.9999,59.9999,59.9999,59.9999,59.9999,59.9999,59.9999,59.9999,59.9999,59.9999,59.9999,59.9999,59.9999,59.9999,59.9999,59.9999,59.9999,59.9999,59.9999,59.9999,59.9999,59.9999,59.9999,59.9999,59.9999,59.9999,59.9999,59.9999,59.9999,59.9999,59.9999,59.9999,59.9999,59.9999,59.9999,59.9999,59.9999,59.9999,59.9999,59.9999,59.9999,59.9999,59.9999,59.9999,59.9999,59.9999,59.9999,59.9999,59.9999,59.9999,59.9999,59.9999,59.9999,59.9999,59.9999,59.9999,59.9999,59.9999,59.9999,59.9999,59.9999,59.9999,59.9999,59.9999,59.9999,59.9999,59.9999,59.9999,59.9999,59.9999,59.9999,59.9999,59.9999,59.9999,59.9999,59.9999,59.9999,59.9999,59.9999,59.9999,59.9999,59.9999,59.9999,59.9999,59.9999,59.9999,59.9999,59.9999,59.9999,59.9999,59.9999,59.9999,59.9999,59.9999,59.9999,59.9999,59.9999,59.9999,59.9999,59.9999,59.9999,59.9999,59.9999,59.9999,59.9999,59.9999,59.9999,59.9999,59.9999,59.9999,59.9999,59.9999,59.9999,59.9999,52.2509,52.2128,52.1746,52.1365,52.0982,52.06,52.0217,51.9834,51.9451,51.9067,51.8684,51.83,51.7917,51.7534,51.7151,51.6768,51.6386,51.6003,51.5622,51.5241,51.486,51.448,51.4101,51.3723,51.3345,51.2969,51.2593,51.2219,51.1845,51.1473,51.1103,51.0734,51.0366,51,50.9636,50.9273,50.8912,50.8554,50.8197,50.7843,50.749,50.7141,50.6793,50.6448,50.6106,50.5767,50.543,50.5096,50.4766,50.4438,50.4114,50.3794,50.3476,50.3163,50.2853,50.2546,50.2244,50.1946,50.1652,50.1362,50.1077,50.0796,50.0519,50.0248,49.9981,49.9719,49.9462,49.921,49.8964,49.8723,49.8487,49.8257,49.8033,49.7814,49.7602,49.7395,49.7195,49.7001,49.6813,49.6632,49.6457,49.629,49.6128,49.5974,49.5827,49.5687,49.5554,49.5428,49.531,49.5199,49.5096,49.5001,49.4502,49.4047,49.3637,49.3273,49.2956,49.2686,49.2462,49.2285,49.2157,49.2076,49.2043,49.2059,49.2124,49.2239,49.2403,49.2617,49.2882,49.3198,49.3565,49.3983,49.4454,49.4978,49.5097,49.5207,49.5326,49.5455,49.5592,49.5739,49.5895,49.6061,49.6236,49.642,49.6613,49.6816,49.7028,49.7249,49.748,49.7719,49.7968,49.8227,49.8494,49.8771,49.9057,49.9352,49.9657,49.997,50.0293,50.0624,50.0965,50.1314,50.1672,50.2039,50.2415,50.28,50.3194,50.3596,50.4006,50.4426,50.4853,50.5289,50.5734,50.6186,50.6647,50.7116,50.7593,50.8079,50.8572,50.9072,50.9581,51.0097,51.0621,51.1153,51.1692,51.2238,51.2791,51.3352,51.392,51.4495,51.5077,51.5666,51.6262,51.6864,51.7473,51.8088,51.871,51.9339,51.9973,52.0614,52.1261,52.1914,52.2573,52.3238,52.3909,52.4585,52.5267,52.5955,52.6648,52.7346,52.805,52.8759,52.9474,53.0193,53.0917,53.1647,53.2381,53.312,53.3864,53.4612,53.5365,53.6123,53.6885,53.7652,53.8423,53.9198,53.9978,54.0761,54.1549,54.2341,54.3137,54.3937,54.4741,54.5549,54.636,54.7175,54.7995,54.8817,54.9644,55.0474,55.1307,55.2145,55.2985,55.3829,55.4677,55.5528,55.6383,55.724,55.8101,55.8966,55.9834,56.0704,56.1579,56.2456,56.3337,56.422,56.5107,56.5998,56.6891,56.7787,56.8687,56.959,57.0495,57.1404,57.2316,57.3231,57.4149,57.5071,57.5995,57.6922,57.7853,57.8786,57.9723,58.0663,58.1606,58.2552,58.3501,58.4454,58.5409,58.6368,58.733,58.8295,58.9263,59.0234,59.1209,59.2186,59.3167,59.4152,59.5139,59.613,59.7124,59.8122,59.9123,59.9873,59.887,59.787,59.6873,59.588,59.489,59.3903,59.2919,59.1939,59.0962,58.9988,58.9018,58.805,58.7086,58.6125,58.5167,58.4213,58.3261,58.2313,58.1368,58.0425,57.9486,57.855,57.7617,57.6688,57.5761,57.4837,57.3917,57.3,57.2085,57.1174,57.0266,56.9361,56.8459,56.756,56.6665,56.5772,56.4883,56.3997,56.3114,56.2234,56.1357,56.0484,55.9614,55.8747,55.7883,55.7023,55.6166,55.5312,55.4462,55.3615,55.2772,55.1932,55.1096,55.0263,54.9434,54.8608,54.7786,54.6968,54.6154,54.5343,54.4536,54.3733,54.2934,54.2139,54.1348,54.0561,53.9778,53.9,53.8226,53.7456,53.669,53.5929,53.5172,53.442,53.3673,53.293,53.2192,53.1459,53.073,53.0007,52.9289,52.8576,52.7868,52.7165,52.6468,52.5776,52.509,52.4409,52.3734,52.3064,52.2401,52.1743,52.1091,52.0445,51.9806,51.9173,51.8546,51.7925,51.7311,51.6704,51.6103,51.5509,51.4921,51.4341,51.3768,51.3201,51.2642,51.209,51.1545,51.1008,51.0478,50.9956,50.9442,50.8935,50.8436,50.7945,50.7461,50.6986,50.6519,50.606,50.5609,50.5167,50.4733,50.4307,50.389,50.3481,50.3081,50.269,50.2307,50.1933,50.1568,50.1212,50.0865,50.0527,50.0197,49.9877,49.9566,49.9264,49.8971,49.8688,49.8413,49.8148,49.7892,49.7646,49.7408,49.718,49.6962,49.6752,49.6552,49.6362,49.618,49.6008,49.5845,49.5692,49.5548,49.5413,49.5287,49.5171,49.5063,49.4802,49.4295,49.384,49.3438,49.3087,49.2788,49.254,49.2342,49.2194,49.2097,49.2048,49.2049,49.2098,49.2196,49.2342,49.2535,49.2776,49.3064,49.3398,49.3779,49.4206,49.4679,49.5035,49.5133,49.5239,49.5353,49.5474,49.5603,49.5739,49.5882,49.6032,49.619,49.6354,49.6525,49.6702,49.6886,49.7077,49.7274,49.7477,49.7687,49.7902,49.8123,49.8351,49.8584,49.8822,49.9066,49.9315,49.957,49.9829,50.0094,50.0364,50.0638,50.0917,50.1201,50.1489,50.1781,50.2078,50.2379,50.2684,50.2992,50.3305,50.3621,50.3941,50.4264,50.459,50.492,50.5253,50.5589,50.5928,50.6269,50.6614,50.6961,50.731,50.7662,50.8017,50.8373,50.8732,50.9092,50.9455,50.9819,51.0186,51.0554,51.0923,51.1294,51.1666,51.204,51.2415,51.2791,51.3168,51.3546,51.3925,51.4305,51.4686,51.5067,51.5449,51.5832,51.6215,51.6598,51.6982,51.7366,51.775,51.8134,51.8519,51.8903,51.9288,51.9672,52.0056,52.044,52.0824,52.1208,52.1591,52.1973,52.2356,52.2509\right]
v_{forward}=\left[1,10.2326,13.9459,16.6934,18.9397,20.8653,22.5635,24.0894,25.4791,26.7577,27.9435,29.0502,30.0885,31.067,31.9925,32.8708,33.7066,34.5039,35.2661,35.9962,36.6969,37.3702,38.0183,38.6429,39.2455,39.8277,40.3905,40.9353,41.463,41.9746,42.471,42.9529,43.4211,43.8763,44.319,44.7499,45.1695,45.5783,45.9767,46.3653,46.7444,47.1143,47.4755,47.8283,48.1729,48.5098,48.8391,49.1612,49.4762,49.7845,50.0863,50.3818,50.6711,50.9545,51.2321,51.5042,51.771,52.0324,52.2888,52.5403,52.787,53.029,53.2665,53.4996,53.7284,53.953,54.1736,54.3903,54.6031,54.8121,55.0175,55.2193,55.4176,55.6125,55.8041,55.9925,56.1777,56.3599,56.539,56.7151,56.8884,57.0589,57.2266,57.3917,57.554,57.7139,57.8712,58.026,58.1784,58.3284,58.4761,58.6216,58.7648,58.9058,59.0447,59.1815,59.3162,59.449,59.5797,59.7085,59.8355,59.9605,59.9999,59.9999,59.9999,59.9999,59.9999,59.9999,59.9999,59.9999,59.9999,59.9999,59.9999,59.9999,59.9999,59.9999,59.9999,59.9999,59.9999,59.9999,59.9999,59.9999,59.9999,59.9999,59.9999,59.9999,59.9999,59.9999,59.9999,59.9999,59.9999,59.9999,59.9999,59.9999,59.9999,59.9999,59.9999,59.9999,59.9999,59.9999,59.9999,59.9999,59.9999,59.9999,59.9999,59.9999,59.9999,59.9999,59.9999,59.9999,59.9999,59.9999,59.9999,59.9999,59.9999,59.9999,59.9999,59.9999,59.9999,59.9999,59.9999,59.9999,59.9999,59.9999,59.9999,59.9999,59.9999,59.9999,59.9999,59.9999,59.9999,59.9999,59.9999,59.9999,59.9999,59.9999,59.9999,59.9999,59.9999,59.9999,59.9999,59.9999,59.9999,59.9999,59.9999,59.9999,59.9999,59.9999,59.9999,59.9999,59.9999,59.9999,59.9999,59.9999,59.9999,59.9999,59.9999,59.9999,59.9999,59.9999,59.9999,59.9999,59.9999,59.9999,59.9999,59.9999,59.9999,59.9999,59.9999,59.9999,59.9999,59.9999,59.9999,59.9999,59.9999,59.9999,59.9999,59.9999,59.9999,59.9999,59.9999,59.9999,59.9999,59.9999,59.9999,59.9999,59.9999,59.9999,59.9999,59.9999,59.9999,59.9999,59.9999,59.9999,59.9999,59.9999,52.2509,52.2128,52.1746,52.1365,52.0982,52.06,52.0217,51.9834,51.9451,51.9067,51.8684,51.83,51.7917,51.7534,51.7151,51.6768,51.6386,51.6003,51.5622,51.5241,51.486,51.448,51.4101,51.3723,51.3345,51.2969,51.2593,51.2219,51.1845,51.1473,51.1103,51.0734,51.0366,51,50.9636,50.9273,50.8912,50.8554,50.8197,50.7843,50.749,50.7141,50.6793,50.6448,50.6106,50.5767,50.543,50.5096,50.4766,50.4438,50.4114,50.3794,50.3476,50.3163,50.2853,50.2546,50.2244,50.1946,50.1652,50.1362,50.1077,50.0796,50.0519,50.0248,49.9981,49.9719,49.9462,49.921,49.8964,49.8723,49.8487,49.8257,49.8033,49.7814,49.7602,49.7395,49.7195,49.7001,49.6813,49.6632,49.6457,49.629,49.6128,49.5974,49.5827,49.5687,49.5554,49.5428,49.531,49.5199,49.5096,49.5001,49.4502,49.4047,49.3637,49.3273,49.2956,49.2686,49.2462,49.2285,49.2157,49.2076,49.2043,49.2059,49.2124,49.2239,49.2403,49.2617,49.2882,49.3198,49.3565,49.3983,49.4454,49.4978,49.5097,49.5207,49.5326,49.5455,49.5592,49.5739,49.5895,49.6061,49.6236,49.642,49.6613,49.6816,49.7028,49.7249,49.748,49.7719,49.7968,49.8227,49.8494,49.8771,49.9057,49.9352,49.9657,49.997,50.0293,50.0624,50.0965,50.1314,50.1672,50.2039,50.2415,50.28,50.3194,50.3596,50.4006,50.4426,50.4853,50.5289,50.5734,50.6186,50.6647,50.7116,50.7593,50.8079,50.8572,50.9072,50.9581,51.0097,51.0621,51.1153,51.1692,51.2238,51.2791,51.3352,51.392,51.4495,51.5077,51.5666,51.6262,51.6864,51.7473,51.8088,51.871,51.9339,51.9973,52.0614,52.1261,52.1914,52.2573,52.3238,52.3909,52.4585,52.5267,52.5955,52.6648,52.7346,52.805,52.8759,52.9474,53.0193,53.0917,53.1647,53.2381,53.312,53.3864,53.4612,53.5365,53.6123,53.6885,53.7652,53.8423,53.9198,53.9978,54.0761,54.1549,54.2341,54.3137,54.3937,54.4741,54.5549,54.636,54.7175,54.7995,54.8817,54.9644,55.0474,55.1307,55.2145,55.2985,55.3829,55.4677,55.5528,55.6383,55.724,55.8101,55.8966,55.9834,56.0704,56.1579,56.2456,56.3337,56.422,56.5107,56.5998,56.6891,56.7787,56.8687,56.959,57.0495,57.1404,57.2316,57.3231,57.4149,57.5071,57.5995,57.6922,57.7853,57.8786,57.9723,58.0663,58.1606,58.2552,58.3501,58.4454,58.5409,58.6368,58.733,58.8295,58.9263,59.0234,59.1209,59.2186,59.3167,59.4152,59.5139,59.613,59.7124,59.8122,59.9123,59.9873,59.887,59.787,59.6873,59.588,59.489,59.3903,59.2919,59.1939,59.0962,58.9988,58.9018,58.805,58.7086,58.6125,58.5167,58.4213,58.3261,58.2313,58.1368,58.0425,57.9486,57.855,57.7617,57.6688,57.5761,57.4837,57.3917,57.3,57.2085,57.1174,57.0266,56.9361,56.8459,56.756,56.6665,56.5772,56.4883,56.3997,56.3114,56.2234,56.1357,56.0484,55.9614,55.8747,55.7883,55.7023,55.6166,55.5312,55.4462,55.3615,55.2772,55.1932,55.1096,55.0263,54.9434,54.8608,54.7786,54.6968,54.6154,54.5343,54.4536,54.3733,54.2934,54.2139,54.1348,54.0561,53.9778,53.9,53.8226,53.7456,53.669,53.5929,53.5172,53.442,53.3673,53.293,53.2192,53.1459,53.073,53.0007,52.9289,52.8576,52.7868,52.7165,52.6468,52.5776,52.509,52.4409,52.3734,52.3064,52.2401,52.1743,52.1091,52.0445,51.9806,51.9173,51.8546,51.7925,51.7311,51.6704,51.6103,51.5509,51.4921,51.4341,51.3768,51.3201,51.2642,51.209,51.1545,51.1008,51.0478,50.9956,50.9442,50.8935,50.8436,50.7945,50.7461,50.6986,50.6519,50.606,50.5609,50.5167,50.4733,50.4307,50.389,50.3481,50.3081,50.269,50.2307,50.1933,50.1568,50.1212,50.0865,50.0527,50.0197,49.9877,49.9566,49.9264,49.8971,49.8688,49.8413,49.8148,49.7892,49.7646,49.7408,49.718,49.6962,49.6752,49.6552,49.6362,49.618,49.6008,49.5845,49.5692,49.5548,49.5413,49.5287,49.5171,49.5063,49.4802,49.4295,49.384,49.3438,49.3087,49.2788,49.254,49.2342,49.2194,49.2097,49.2048,49.2049,49.2098,49.2196,49.2342,49.2535,49.2776,49.3064,49.3398,49.3779,49.4206,49.4679,49.5035,49.5133,49.5239,49.5353,49.5474,49.5603,49.5739,49.5882,49.6032,49.619,49.6354,49.6525,49.6702,49.6886,49.7077,49.7274,49.7477,49.7687,49.7902,49.8123,49.8351,49.8584,49.8822,49.9066,49.9315,49.957,49.9829,50.0094,50.0364,50.0638,50.0917,50.1201,50.1489,50.1781,50.2078,50.2379,50.2684,50.2992,50.3305,50.3621,50.3941,50.4264,50.459,50.492,50.5253,50.5589,50.5928,50.6269,50.6614,50.6961,50.731,50.7662,50.8017,50.8373,50.8732,50.9092,50.9455,50.9819,51.0186,51.0554,51.0923,51.1294,51.1666,51.204,51.2415,51.2791,51.3168,51.3546,51.3925,51.4305,51.4686,51.5067,51.5449,51.5832,51.6215,51.6598,51.6982,51.7366,51.775,51.8134,51.8519,51.8903,51.9288,51.9672,52.0056,52.044,52.0824,52.1208,52.1591,52.1973,52.2356,0\right]
v_{backward}=\left[1,10.2326,13.9459,16.6934,18.9397,20.8653,22.5635,24.0894,25.4791,26.7577,27.9435,29.0502,30.0885,31.067,31.9925,32.8708,33.7066,34.5039,35.2661,35.9962,36.6969,37.3702,38.0183,38.6429,39.2455,39.8277,40.3905,40.9353,41.463,41.9746,42.471,42.9529,43.4211,43.8763,44.319,44.7499,45.1695,45.5783,45.9767,46.3653,46.7444,47.1143,47.4755,47.8283,48.1729,48.5098,48.8391,49.1612,49.4762,49.7845,50.0863,50.3818,50.6711,50.9545,51.2321,51.5042,51.771,52.0324,52.2888,52.5403,52.787,53.029,53.2665,53.4996,53.7284,53.953,54.1736,54.3903,54.6031,54.8121,55.0175,55.2193,55.4176,55.6125,55.8041,55.9925,56.1777,56.3599,56.539,56.7151,56.8884,57.0589,57.2266,57.3917,57.554,57.7139,57.8712,58.026,58.1784,58.3284,58.4761,58.6216,58.7648,58.9058,59.0447,59.1815,59.3162,59.449,59.5797,59.7085,59.8355,59.9605,59.9999,59.9999,59.9999,59.9999,59.9999,59.9999,59.9999,59.9999,59.9999,59.9999,59.9999,59.9999,59.9999,59.9999,59.9999,59.9999,59.9999,59.9999,59.9999,59.9999,59.9999,59.9999,59.9999,59.9999,59.9999,59.9999,59.9999,59.9999,59.9999,59.9999,59.9999,59.9999,59.9999,59.9999,59.9999,59.9999,59.9999,59.9999,59.9999,59.9999,59.9999,59.9999,59.9999,59.9999,59.9999,59.9999,59.9999,59.9999,59.9999,59.9999,59.9999,59.9999,59.9999,59.9999,59.9999,59.9999,59.9999,59.9999,59.9999,59.9999,59.9999,59.9999,59.9999,59.9999,59.9999,59.9999,59.9999,59.9999,59.9999,59.9999,59.9999,59.9999,59.9999,59.9999,59.9999,59.9999,59.9999,59.9999,59.9999,59.9999,59.9999,59.9999,59.9999,59.9999,59.9999,59.9999,59.9999,59.9999,59.9201,59.7944,59.6669,59.5374,59.4061,59.2727,59.1373,58.9998,58.8602,58.7185,58.5745,58.4284,58.2799,58.1291,57.9759,57.8203,57.6622,57.5016,57.3383,57.1724,57.0038,56.8324,56.6582,56.4815,56.3041,56.1262,55.9478,55.7688,55.5892,55.409,55.2282,55.0469,54.8649,54.6823,54.4991,54.3153,54.1309,53.9459,53.7602,53.5738,53.3869,53.1992,53.0109,52.8219,52.6323,52.4419,52.2509,52.2128,52.1746,52.1365,52.0982,52.06,52.0217,51.9834,51.9451,51.9067,51.8684,51.83,51.7917,51.7534,51.7151,51.6768,51.6386,51.6003,51.5622,51.5241,51.486,51.448,51.4101,51.3723,51.3345,51.2969,51.2593,51.2219,51.1845,51.1473,51.1103,51.0734,51.0366,51,50.9636,50.9273,50.8912,50.8554,50.8197,50.7843,50.749,50.7141,50.6793,50.6448,50.6106,50.5767,50.543,50.5096,50.4766,50.4438,50.4114,50.3794,50.3476,50.3163,50.2853,50.2546,50.2244,50.1946,50.1652,50.1362,50.1077,50.0796,50.0519,50.0248,49.9981,49.9719,49.9462,49.921,49.8964,49.8723,49.8487,49.8257,49.8033,49.7814,49.7602,49.7395,49.7195,49.7001,49.6813,49.6632,49.6457,49.629,49.6128,49.5974,49.5827,49.5687,49.5554,49.5428,49.531,49.5199,49.5096,49.5001,49.4502,49.4047,49.3637,49.3273,49.2956,49.2686,49.2462,49.2285,49.2157,49.2076,49.2043,49.2059,49.2124,49.2239,49.2403,49.2617,49.2882,49.3198,49.3565,49.3983,49.4454,49.4978,49.5097,49.5207,49.5326,49.5455,49.5592,49.5739,49.5895,49.6061,49.6236,49.642,49.6613,49.6816,49.7028,49.7249,49.748,49.7719,49.7968,49.8227,49.8494,49.8771,49.9057,49.9352,49.9657,49.997,50.0293,50.0624,50.0965,50.1314,50.1672,50.2039,50.2415,50.28,50.3194,50.3596,50.4006,50.4426,50.4853,50.5289,50.5734,50.6186,50.6647,50.7116,50.7593,50.8079,50.8572,50.9072,50.9581,51.0097,51.0621,51.1153,51.1692,51.2238,51.2791,51.3352,51.392,51.4495,51.5077,51.5666,51.6262,51.6864,51.7473,51.8088,51.871,51.9339,51.9973,52.0614,52.1261,52.1914,52.2573,52.3238,52.3909,52.4585,52.5267,52.5955,52.6648,52.7346,52.805,52.8759,52.9474,53.0193,53.0917,53.1647,53.2381,53.312,53.3864,53.4612,53.5365,53.6123,53.6885,53.7652,53.8423,53.9198,53.9978,54.0761,54.1549,54.2341,54.3137,54.3937,54.4741,54.5549,54.636,54.7175,54.7995,54.8817,54.9644,55.0474,55.1307,55.2145,55.2985,55.3829,55.4677,55.5528,55.6383,55.724,55.8101,55.8966,55.9834,56.0704,56.1579,56.2456,56.3337,56.422,56.5107,56.5998,56.6891,56.7787,56.8687,56.959,57.0495,57.1404,57.2316,57.3231,57.4149,57.3546,57.1889,57.0208,56.852,56.6823,56.5119,56.3406,56.1686,55.9958,55.8221,55.6476,55.4723,55.2961,55.1191,54.9412,54.7625,54.5828,54.4023,54.2209,54.0385,53.8553,53.6711,53.486,53.2999,53.1128,52.9248,52.7358,52.5459,52.3556,52.1649,51.9739,51.7824,51.5906,51.3984,51.2058,51.0127,50.8193,50.6254,50.4311,50.2364,50.0413,49.8457,49.6496,49.4531,49.2562,49.0587,48.8608,48.6624,48.4636,48.2642,48.0643,47.8639,47.663,47.4616,47.2596,47.0571,46.854,46.6504,46.4462,46.2415,46.0361,45.8302,45.6236,45.4165,45.2087,45.0003,44.7913,44.5816,44.3712,44.1602,43.9485,43.7376,43.5304,43.3267,43.1264,42.9293,42.7353,42.5443,42.3561,42.1707,41.9879,41.8077,41.6299,41.4545,41.2814,41.1106,40.9418,40.7752,40.6105,40.4478,40.2869,40.1279,39.9706,39.815,39.661,39.5087,39.3579,39.2086,39.0608,38.9143,38.7693,38.6256,38.4831,38.3419,38.202,38.0632,37.9256,37.7891,37.6536,37.5193,37.3859,37.2535,37.1221,36.9917,36.8621,36.7334,36.6056,36.4786,36.3525,36.2271,36.1025,35.9786,35.8554,35.7329,35.6111,35.49,35.3695,35.2496,35.1303,35.0115,34.8933,34.7757,34.6586,34.542,34.4258,34.3101,34.1949,34.0801,33.9657,33.8517,33.7381,33.6249,33.512,33.3994,33.2872,33.1752,33.0635,32.9522,32.841,32.7301,32.6195,32.509,32.3988,32.2887,32.1788,32.069,31.9594,31.8499,31.7406,31.6313,31.5221,31.4129,31.3039,31.1948,31.0858,30.9768,30.8678,30.7588,30.6497,30.5406,30.4314,30.3222,30.2129,30.1034,29.9939,29.8842,29.7744,29.6644,29.5542,29.4439,29.3333,29.2225,29.1115,29.0003,28.8887,28.7769,28.6648,28.5524,28.4396,28.3265,28.2131,28.0993,27.985,27.8704,27.7553,27.6398,27.5239,27.4074,27.2905,27.173,27.055,26.9365,26.8174,26.6976,26.5773,26.4564,26.3348,26.2125,26.0896,25.9659,25.8415,25.7163,25.5904,25.4637,25.3361,25.2077,25.0784,24.9482,24.8171,24.6851,24.5521,24.418,24.283,24.1468,24.0096,23.8713,23.7318,23.5911,23.4493,23.3061,23.1617,23.016,22.8689,22.7204,22.5705,22.4191,22.2662,22.1117,21.9557,21.7979,21.6385,21.4774,21.3144,21.1496,20.9828,20.8142,20.6434,20.4706,20.2957,20.1185,19.939,19.7571,19.5728,19.386,19.1965,19.0043,18.8094,18.6115,18.4106,18.2066,17.9993,17.7886,17.5745,17.3567,17.135,16.9094,16.6797,16.4456,16.207,15.9636,15.7153,15.4617,15.2025,14.9376,14.6665,14.3888,14.1043,13.8123,13.5125,13.2043,12.887,12.56,12.2224,11.8734,11.5119,11.1366,10.746,10.3385,9.91188,9.46356,8.99027,8.4878,7.9506,7.37105,6.73819,6.03524,5.234,4.27955,3.03036,0\right]
v_{final}=\left[1,10.2326,13.9459,16.6934,18.9397,20.8653,22.5635,24.0894,25.4791,26.7577,27.9435,29.0502,30.0885,31.067,31.9925,32.8708,33.7066,34.5039,35.2661,35.9962,36.6969,37.3702,38.0183,38.6429,39.2455,39.8277,40.3905,40.9353,41.463,41.9746,42.471,42.9529,43.4211,43.8763,44.319,44.7499,45.1695,45.5783,45.9767,46.3653,46.7444,47.1143,47.4755,47.8283,48.1729,48.5098,48.8391,49.1612,49.4762,49.7845,50.0863,50.3818,50.6711,50.9545,51.2321,51.5042,51.771,52.0324,52.2888,52.5403,52.787,53.029,53.2665,53.4996,53.7284,53.953,54.1736,54.3903,54.6031,54.8121,55.0175,55.2193,55.4176,55.6125,55.8041,55.9925,56.1777,56.3599,56.539,56.7151,56.8884,57.0589,57.2266,57.3917,57.554,57.7139,57.8712,58.026,58.1784,58.3284,58.4761,58.6216,58.7648,58.9058,59.0447,59.1815,59.3162,59.449,59.5797,59.7085,59.8355,59.9605,59.9999,59.9999,59.9999,59.9999,59.9999,59.9999,59.9999,59.9999,59.9999,59.9999,59.9999,59.9999,59.9999,59.9999,59.9999,59.9999,59.9999,59.9999,59.9999,59.9999,59.9999,59.9999,59.9999,59.9999,59.9999,59.9999,59.9999,59.9999,59.9999,59.9999,59.9999,59.9999,59.9999,59.9999,59.9999,59.9999,59.9999,59.9999,59.9999,59.9999,59.9999,59.9999,59.9999,59.9999,59.9999,59.9999,59.9999,59.9999,59.9999,59.9999,59.9999,59.9999,59.9999,59.9999,59.9999,59.9999,59.9999,59.9999,59.9999,59.9999,59.9999,59.9999,59.9999,59.9999,59.9999,59.9999,59.9999,59.9999,59.9999,59.9999,59.9999,59.9999,59.9999,59.9999,59.9999,59.9999,59.9999,59.9999,59.9999,59.9999,59.9999,59.9999,59.9999,59.9999,59.9999,59.9999,59.9999,59.9999,59.9201,59.7944,59.6669,59.5374,59.4061,59.2727,59.1373,58.9998,58.8602,58.7185,58.5745,58.4284,58.2799,58.1291,57.9759,57.8203,57.6622,57.5016,57.3383,57.1724,57.0038,56.8324,56.6582,56.4815,56.3041,56.1262,55.9478,55.7688,55.5892,55.409,55.2282,55.0469,54.8649,54.6823,54.4991,54.3153,54.1309,53.9459,53.7602,53.5738,53.3869,53.1992,53.0109,52.8219,52.6323,52.4419,52.2509,52.2128,52.1746,52.1365,52.0982,52.06,52.0217,51.9834,51.9451,51.9067,51.8684,51.83,51.7917,51.7534,51.7151,51.6768,51.6386,51.6003,51.5622,51.5241,51.486,51.448,51.4101,51.3723,51.3345,51.2969,51.2593,51.2219,51.1845,51.1473,51.1103,51.0734,51.0366,51,50.9636,50.9273,50.8912,50.8554,50.8197,50.7843,50.749,50.7141,50.6793,50.6448,50.6106,50.5767,50.543,50.5096,50.4766,50.4438,50.4114,50.3794,50.3476,50.3163,50.2853,50.2546,50.2244,50.1946,50.1652,50.1362,50.1077,50.0796,50.0519,50.0248,49.9981,49.9719,49.9462,49.921,49.8964,49.8723,49.8487,49.8257,49.8033,49.7814,49.7602,49.7395,49.7195,49.7001,49.6813,49.6632,49.6457,49.629,49.6128,49.5974,49.5827,49.5687,49.5554,49.5428,49.531,49.5199,49.5096,49.5001,49.4502,49.4047,49.3637,49.3273,49.2956,49.2686,49.2462,49.2285,49.2157,49.2076,49.2043,49.2059,49.2124,49.2239,49.2403,49.2617,49.2882,49.3198,49.3565,49.3983,49.4454,49.4978,49.5097,49.5207,49.5326,49.5455,49.5592,49.5739,49.5895,49.6061,49.6236,49.642,49.6613,49.6816,49.7028,49.7249,49.748,49.7719,49.7968,49.8227,49.8494,49.8771,49.9057,49.9352,49.9657,49.997,50.0293,50.0624,50.0965,50.1314,50.1672,50.2039,50.2415,50.28,50.3194,50.3596,50.4006,50.4426,50.4853,50.5289,50.5734,50.6186,50.6647,50.7116,50.7593,50.8079,50.8572,50.9072,50.9581,51.0097,51.0621,51.1153,51.1692,51.2238,51.2791,51.3352,51.392,51.4495,51.5077,51.5666,51.6262,51.6864,51.7473,51.8088,51.871,51.9339,51.9973,52.0614,52.1261,52.1914,52.2573,52.3238,52.3909,52.4585,52.5267,52.5955,52.6648,52.7346,52.805,52.8759,52.9474,53.0193,53.0917,53.1647,53.2381,53.312,53.3864,53.4612,53.5365,53.6123,53.6885,53.7652,53.8423,53.9198,53.9978,54.0761,54.1549,54.2341,54.3137,54.3937,54.4741,54.5549,54.636,54.7175,54.7995,54.8817,54.9644,55.0474,55.1307,55.2145,55.2985,55.3829,55.4677,55.5528,55.6383,55.724,55.8101,55.8966,55.9834,56.0704,56.1579,56.2456,56.3337,56.422,56.5107,56.5998,56.6891,56.7787,56.8687,56.959,57.0495,57.1404,57.2316,57.3231,57.4149,57.3546,57.1889,57.0208,56.852,56.6823,56.5119,56.3406,56.1686,55.9958,55.8221,55.6476,55.4723,55.2961,55.1191,54.9412,54.7625,54.5828,54.4023,54.2209,54.0385,53.8553,53.6711,53.486,53.2999,53.1128,52.9248,52.7358,52.5459,52.3556,52.1649,51.9739,51.7824,51.5906,51.3984,51.2058,51.0127,50.8193,50.6254,50.4311,50.2364,50.0413,49.8457,49.6496,49.4531,49.2562,49.0587,48.8608,48.6624,48.4636,48.2642,48.0643,47.8639,47.663,47.4616,47.2596,47.0571,46.854,46.6504,46.4462,46.2415,46.0361,45.8302,45.6236,45.4165,45.2087,45.0003,44.7913,44.5816,44.3712,44.1602,43.9485,43.7376,43.5304,43.3267,43.1264,42.9293,42.7353,42.5443,42.3561,42.1707,41.9879,41.8077,41.6299,41.4545,41.2814,41.1106,40.9418,40.7752,40.6105,40.4478,40.2869,40.1279,39.9706,39.815,39.661,39.5087,39.3579,39.2086,39.0608,38.9143,38.7693,38.6256,38.4831,38.3419,38.202,38.0632,37.9256,37.7891,37.6536,37.5193,37.3859,37.2535,37.1221,36.9917,36.8621,36.7334,36.6056,36.4786,36.3525,36.2271,36.1025,35.9786,35.8554,35.7329,35.6111,35.49,35.3695,35.2496,35.1303,35.0115,34.8933,34.7757,34.6586,34.542,34.4258,34.3101,34.1949,34.0801,33.9657,33.8517,33.7381,33.6249,33.512,33.3994,33.2872,33.1752,33.0635,32.9522,32.841,32.7301,32.6195,32.509,32.3988,32.2887,32.1788,32.069,31.9594,31.8499,31.7406,31.6313,31.5221,31.4129,31.3039,31.1948,31.0858,30.9768,30.8678,30.7588,30.6497,30.5406,30.4314,30.3222,30.2129,30.1034,29.9939,29.8842,29.7744,29.6644,29.5542,29.4439,29.3333,29.2225,29.1115,29.0003,28.8887,28.7769,28.6648,28.5524,28.4396,28.3265,28.2131,28.0993,27.985,27.8704,27.7553,27.6398,27.5239,27.4074,27.2905,27.173,27.055,26.9365,26.8174,26.6976,26.5773,26.4564,26.3348,26.2125,26.0896,25.9659,25.8415,25.7163,25.5904,25.4637,25.3361,25.2077,25.0784,24.9482,24.8171,24.6851,24.5521,24.418,24.283,24.1468,24.0096,23.8713,23.7318,23.5911,23.4493,23.3061,23.1617,23.016,22.8689,22.7204,22.5705,22.4191,22.2662,22.1117,21.9557,21.7979,21.6385,21.4774,21.3144,21.1496,20.9828,20.8142,20.6434,20.4706,20.2957,20.1185,19.939,19.7571,19.5728,19.386,19.1965,19.0043,18.8094,18.6115,18.4106,18.2066,17.9993,17.7886,17.5745,17.3567,17.135,16.9094,16.6797,16.4456,16.207,15.9636,15.7153,15.4617,15.2025,14.9376,14.6665,14.3888,14.1043,13.8123,13.5125,13.2043,12.887,12.56,12.2224,11.8734,11.5119,11.1366,10.746,10.3385,9.91188,9.46356,8.99027,8.4878,7.9506,7.37105,6.73819,6.03524,5.234,4.27955,3.03036,0\right]
l_{times}=\left[0,0.0178054,0.0260772,0.0326048,0.0382175,0.043242,0.0478472,0.0521342,0.056169,0.0599978,0.063654,0.0671632,0.070545,0.0738154,0.076987,0.0800704,0.0830744,0.0860065,0.0888731,0.0916796,0.0944309,0.0971312,0.0997841,0.102393,0.104961,0.10749,0.109983,0.112443,0.11487,0.117267,0.119635,0.121976,0.124292,0.126583,0.128851,0.131096,0.13332,0.135524,0.137709,0.139875,0.142023,0.144153,0.146268,0.148366,0.15045,0.152518,0.154573,0.156614,0.158641,0.160656,0.162659,0.164649,0.166629,0.168597,0.170554,0.1725,0.174437,0.176364,0.178281,0.180189,0.182088,0.183978,0.185859,0.187733,0.189598,0.191455,0.193305,0.195147,0.196982,0.19881,0.200631,0.202445,0.204253,0.206054,0.207849,0.209638,0.211421,0.213198,0.21497,0.216736,0.218496,0.220251,0.222001,0.223746,0.225486,0.227221,0.228952,0.230677,0.232399,0.234115,0.235827,0.237535,0.239239,0.240939,0.242634,0.244326,0.246014,0.247698,0.249378,0.251055,0.252728,0.254397,0.256065,0.257731,0.259398,0.261064,0.262731,0.264398,0.266064,0.267731,0.269398,0.271064,0.272731,0.274398,0.276064,0.277731,0.279398,0.281064,0.282731,0.284398,0.286064,0.287731,0.289398,0.291064,0.292731,0.294398,0.296064,0.297731,0.299398,0.301064,0.302731,0.304398,0.306064,0.307731,0.309398,0.311064,0.312731,0.314398,0.316064,0.317731,0.319398,0.321064,0.322731,0.324398,0.326064,0.327731,0.329398,0.331064,0.332731,0.334398,0.336064,0.337731,0.339398,0.341064,0.342731,0.344398,0.346064,0.347731,0.349398,0.351064,0.352731,0.354398,0.356064,0.357731,0.359398,0.361064,0.362731,0.364398,0.366064,0.367731,0.369398,0.371064,0.372731,0.374398,0.376064,0.377731,0.379398,0.381064,0.382731,0.384398,0.386064,0.387731,0.389398,0.391064,0.392731,0.394398,0.396064,0.397731,0.399398,0.401064,0.402732,0.404403,0.406077,0.407755,0.409436,0.411121,0.41281,0.414503,0.4162,0.417901,0.419606,0.421316,0.42303,0.424748,0.42647,0.428197,0.429929,0.431666,0.433407,0.435154,0.436906,0.438663,0.440425,0.442193,0.443966,0.445745,0.447529,0.44932,0.451116,0.452917,0.454725,0.456539,0.458358,0.460184,0.462016,0.463854,0.465698,0.467549,0.469406,0.471269,0.473139,0.475015,0.476898,0.478788,0.480684,0.482588,0.484498,0.486413,0.488329,0.490246,0.492165,0.494085,0.496007,0.49793,0.499854,0.50178,0.503707,0.505636,0.507566,0.509497,0.51143,0.513365,0.515301,0.517238,0.519177,0.521117,0.523058,0.525001,0.526946,0.528892,0.530839,0.532788,0.534738,0.536689,0.538642,0.540597,0.542553,0.54451,0.546468,0.548429,0.55039,0.552353,0.554317,0.556283,0.55825,0.560218,0.562188,0.564159,0.566132,0.568106,0.570081,0.572057,0.574035,0.576014,0.577995,0.579977,0.58196,0.583944,0.58593,0.587916,0.589904,0.591894,0.593884,0.595876,0.597869,0.599863,0.601858,0.603854,0.605851,0.60785,0.609849,0.61185,0.613852,0.615854,0.617858,0.619863,0.621868,0.623875,0.625882,0.62789,0.6299,0.63191,0.633921,0.635932,0.637945,0.639958,0.641972,0.643986,0.646002,0.648018,0.650034,0.652051,0.654069,0.656087,0.658106,0.660125,0.662145,0.664165,0.666186,0.668209,0.670234,0.672261,0.674288,0.676318,0.678348,0.680379,0.68241,0.684442,0.686475,0.688507,0.690539,0.692571,0.694602,0.696632,0.698662,0.70069,0.702717,0.704742,0.706766,0.708787,0.710807,0.712827,0.714846,0.716864,0.718882,0.7209,0.722917,0.724933,0.726949,0.728963,0.730977,0.732991,0.735003,0.737015,0.739025,0.741035,0.743043,0.745051,0.747058,0.749063,0.751067,0.753071,0.755073,0.757073,0.759073,0.761071,0.763068,0.765063,0.767057,0.76905,0.771041,0.773031,0.775019,0.777005,0.77899,0.780974,0.782955,0.784935,0.786913,0.78889,0.790864,0.792837,0.794808,0.796777,0.798745,0.80071,0.802673,0.804635,0.806594,0.808552,0.810507,0.81246,0.814411,0.81636,0.818307,0.820252,0.822195,0.824135,0.826073,0.828009,0.829943,0.831874,0.833803,0.83573,0.837654,0.839576,0.841496,0.843413,0.845328,0.84724,0.84915,0.851058,0.852963,0.854865,0.856765,0.858663,0.860558,0.86245,0.86434,0.866228,0.868112,0.869995,0.871874,0.873751,0.875626,0.877498,0.879367,0.881233,0.883097,0.884959,0.886817,0.888673,0.890526,0.892377,0.894225,0.89607,0.897913,0.899752,0.901589,0.903424,0.905255,0.907084,0.908911,0.910734,0.912555,0.914373,0.916188,0.918001,0.91981,0.921617,0.923422,0.925223,0.927022,0.928818,0.930611,0.932401,0.934189,0.935974,0.937756,0.939535,0.941312,0.943085,0.944856,0.946625,0.94839,0.950153,0.951912,0.953669,0.955424,0.957175,0.958924,0.96067,0.962413,0.964155,0.965901,0.967653,0.969409,0.971171,0.972937,0.97471,0.976487,0.97827,0.980059,0.981853,0.983653,0.985459,0.98727,0.989087,0.99091,0.992739,0.994574,0.996416,0.998263,1.00012,1.00198,1.00384,1.00572,1.0076,1.00948,1.01137,1.01327,1.01518,1.01709,1.01901,1.02094,1.02288,1.02482,1.02677,1.02872,1.03069,1.03266,1.03464,1.03663,1.03862,1.04062,1.04263,1.04465,1.04668,1.04871,1.05075,1.0528,1.05486,1.05693,1.05901,1.06109,1.06319,1.06529,1.0674,1.06952,1.07165,1.07379,1.07594,1.0781,1.08026,1.08244,1.08463,1.08682,1.08903,1.09125,1.09348,1.09571,1.09796,1.10022,1.10249,1.10477,1.10706,1.10937,1.11168,1.114,1.11634,1.11868,1.12104,1.1234,1.12578,1.12817,1.13057,1.13297,1.13539,1.13782,1.14025,1.1427,1.14516,1.14763,1.1501,1.15259,1.15509,1.1576,1.16011,1.16264,1.16517,1.16772,1.17027,1.17284,1.17541,1.178,1.18059,1.1832,1.18581,1.18843,1.19106,1.1937,1.19635,1.19902,1.20169,1.20437,1.20705,1.20975,1.21246,1.21518,1.21791,1.22064,1.22339,1.22614,1.22891,1.23168,1.23447,1.23726,1.24006,1.24288,1.2457,1.24853,1.25137,1.25423,1.25709,1.25996,1.26284,1.26573,1.26863,1.27154,1.27446,1.27739,1.28033,1.28327,1.28623,1.2892,1.29218,1.29517,1.29817,1.30118,1.3042,1.30723,1.31027,1.31332,1.31638,1.31945,1.32253,1.32562,1.32872,1.33184,1.33496,1.3381,1.34124,1.3444,1.34756,1.35074,1.35393,1.35713,1.36034,1.36356,1.3668,1.37004,1.3733,1.37657,1.37985,1.38314,1.38644,1.38976,1.39309,1.39643,1.39978,1.40315,1.40652,1.40991,1.41332,1.41673,1.42016,1.4236,1.42706,1.43052,1.43401,1.4375,1.44101,1.44453,1.44807,1.45162,1.45519,1.45877,1.46237,1.46598,1.4696,1.47324,1.4769,1.48057,1.48426,1.48796,1.49168,1.49542,1.49918,1.50295,1.50674,1.51054,1.51437,1.51821,1.52207,1.52595,1.52984,1.53376,1.5377,1.54166,1.54563,1.54963,1.55365,1.55769,1.56175,1.56584,1.56994,1.57407,1.57823,1.5824,1.5866,1.59083,1.59508,1.59936,1.60366,1.608,1.61235,1.61674,1.62116,1.6256,1.63008,1.63458,1.63912,1.64369,1.6483,1.65294,1.65761,1.66232,1.66707,1.67185,1.67668,1.68154,1.68645,1.6914,1.69639,1.70143,1.70651,1.71165,1.71683,1.72207,1.72736,1.7327,1.7381,1.74356,1.74909,1.75468,1.76033,1.76606,1.77186,1.77773,1.78368,1.78972,1.79585,1.80206,1.80838,1.81479,1.82132,1.82795,1.83471,1.84159,1.84861,1.85577,1.86309,1.87058,1.87824,1.8861,1.89417,1.90247,1.91103,1.91986,1.929,1.93848,1.94836,1.95868,1.96952,1.98096,1.99313,2.00618,2.02036,2.03601,2.05376,2.07478,2.10214,2.16814,\right]
l_{points}=\left[\left(-23.6,0\right),\left(-23.5,0\right),\left(-23.4,0\right),\left(-23.3,0\right),\left(-23.2,0\right),\left(-23.1,0\right),\left(-23,0\right),\left(-22.9,0\right),\left(-22.8,0\right),\left(-22.7,0\right),\left(-22.6,0\right),\left(-22.5,0\right),\left(-22.4,0\right),\left(-22.3,0\right),\left(-22.2,0\right),\left(-22.1,0\right),\left(-22,0\right),\left(-21.9,0\right),\left(-21.8,0\right),\left(-21.7,0\right),\left(-21.6,0\right),\left(-21.5,0\right),\left(-21.4,0\right),\left(-21.3,0\right),\left(-21.2,0\right),\left(-21.1,0\right),\left(-21,0\right),\left(-20.9,0\right),\left(-20.8,0\right),\left(-20.7,0\right),\left(-20.6,0\right),\left(-20.5,0\right),\left(-20.4,0\right),\left(-20.3,0\right),\left(-20.2,0\right),\left(-20.1,0\right),\left(-20,0\right),\left(-19.9,0\right),\left(-19.8,0\right),\left(-19.7,0\right),\left(-19.6,0\right),\left(-19.5,0\right),\left(-19.4,0\right),\left(-19.3,0\right),\left(-19.2,0\right),\left(-19.1,0\right),\left(-19,0\right),\left(-18.9,0\right),\left(-18.8,0\right),\left(-18.7,0\right),\left(-18.6,0\right),\left(-18.5,0\right),\left(-18.4,0\right),\left(-18.3,0\right),\left(-18.2,0\right),\left(-18.1,0\right),\left(-18,0\right),\left(-17.9,0\right),\left(-17.8,0\right),\left(-17.7,0\right),\left(-17.6,0\right),\left(-17.5,0\right),\left(-17.4,0\right),\left(-17.3,0\right),\left(-17.2,0\right),\left(-17.1,0\right),\left(-17,0\right),\left(-16.9,0\right),\left(-16.8,0\right),\left(-16.7,0\right),\left(-16.6,0\right),\left(-16.5,0\right),\left(-16.4,0\right),\left(-16.3,0\right),\left(-16.2,0\right),\left(-16.1,0\right),\left(-16,0\right),\left(-15.9,0\right),\left(-15.8,0\right),\left(-15.7,0\right),\left(-15.6,0\right),\left(-15.5,0\right),\left(-15.4,0\right),\left(-15.3,0\right),\left(-15.2,0\right),\left(-15.1,0\right),\left(-15,0\right),\left(-14.9,0\right),\left(-14.8,0\right),\left(-14.7,0\right),\left(-14.6,0\right),\left(-14.5,0\right),\left(-14.4,0\right),\left(-14.3,0\right),\left(-14.2,0\right),\left(-14.1,0\right),\left(-14,0\right),\left(-13.9,0\right),\left(-13.8,0\right),\left(-13.7,0\right),\left(-13.6,0\right),\left(-13.5,0\right),\left(-13.4,0\right),\left(-13.3,0\right),\left(-13.2,0\right),\left(-13.1,0\right),\left(-13,0\right),\left(-12.9,0\right),\left(-12.8,0\right),\left(-12.7,0\right),\left(-12.6,0\right),\left(-12.5,0\right),\left(-12.4,0\right),\left(-12.3,0\right),\left(-12.2,0\right),\left(-12.1,0\right),\left(-12,0\right),\left(-11.9,0\right),\left(-11.8,0\right),\left(-11.7,0\right),\left(-11.6,0\right),\left(-11.5,0\right),\left(-11.4,0\right),\left(-11.3,0\right),\left(-11.2,0\right),\left(-11.1,0\right),\left(-11,0\right),\left(-10.9,0\right),\left(-10.8,0\right),\left(-10.7,0\right),\left(-10.6,0\right),\left(-10.5,0\right),\left(-10.4,0\right),\left(-10.3,0\right),\left(-10.2,0\right),\left(-10.1,0\right),\left(-9.99999,0\right),\left(-9.89999,0\right),\left(-9.79999,0\right),\left(-9.69999,0\right),\left(-9.59999,0\right),\left(-9.49999,0\right),\left(-9.39998,0\right),\left(-9.29998,0\right),\left(-9.19999,0\right),\left(-9.09998,0\right),\left(-8.99998,0\right),\left(-8.89999,0\right),\left(-8.79998,0\right),\left(-8.69998,0\right),\left(-8.59998,0\right),\left(-8.49998,0\right),\left(-8.39998,0\right),\left(-8.29998,0\right),\left(-8.19998,0\right),\left(-8.09998,0\right),\left(-7.99998,0\right),\left(-7.89998,0\right),\left(-7.79998,0\right),\left(-7.69998,0\right),\left(-7.59998,0\right),\left(-7.49998,0\right),\left(-7.39998,0\right),\left(-7.29998,0\right),\left(-7.19998,0\right),\left(-7.09998,0\right),\left(-6.99998,0\right),\left(-6.89998,0\right),\left(-6.79998,0\right),\left(-6.69998,0\right),\left(-6.59998,0\right),\left(-6.49998,0\right),\left(-6.39998,0\right),\left(-6.29998,0\right),\left(-6.19998,0\right),\left(-6.09998,0\right),\left(-5.99998,0\right),\left(-5.89998,0\right),\left(-5.79998,0\right),\left(-5.69998,0\right),\left(-5.59998,0\right),\left(-5.49998,0\right),\left(-5.39998,0\right),\left(-5.29998,0\right),\left(-5.19998,0\right),\left(-5.09998,0\right),\left(-4.99998,0\right),\left(-4.89998,0\right),\left(-4.79998,0\right),\left(-4.69998,0\right),\left(-4.59998,0\right),\left(-4.49998,0\right),\left(-4.39998,0\right),\left(-4.29998,0\right),\left(-4.19998,0\right),\left(-4.09998,0\right),\left(-3.99998,0\right),\left(-3.89998,0\right),\left(-3.79998,0\right),\left(-3.69998,0\right),\left(-3.59998,0\right),\left(-3.49998,0\right),\left(-3.39998,0\right),\left(-3.29998,0\right),\left(-3.19998,0\right),\left(-3.09998,0\right),\left(-2.99998,0\right),\left(-2.89997,0\right),\left(-2.79998,0\right),\left(-2.69998,0\right),\left(-2.59998,0\right),\left(-2.49998,0\right),\left(-2.39998,0\right),\left(-2.29997,0\right),\left(-2.19997,0\right),\left(-2.09997,0\right),\left(-1.99998,0\right),\left(-1.89998,0\right),\left(-1.79997,0\right),\left(-1.69997,0\right),\left(-1.59997,0\right),\left(-1.49997,0\right),\left(-1.39997,0\right),\left(-1.29997,0\right),\left(-1.19997,0\right),\left(-1.09997,0\right),\left(-0.999974,0\right),\left(-0.899974,0\right),\left(-0.799974,0\right),\left(-0.699972,0\right),\left(-0.599972,0\right),\left(-0.499973,0\right),\left(-0.399973,0\right),\left(-0.299973,0\right),\left(-0.199971,0\right),\left(-0.0999715,0\right),\left(8.44001e-05,1.00613e-10\right),\left(0.0999404,0.000141341\right),\left(0.1998,0.000565972\right),\left(0.299653,0.00127545\right),\left(0.399507,0.0022714\right),\left(0.49936,0.00355545\right),\left(0.59921,0.0051292\right),\left(0.699055,0.00699424\right),\left(0.798895,0.00915215\right),\left(0.898727,0.0116045\right),\left(0.99855,0.0143529\right),\left(1.09836,0.0173989\right),\left(1.19816,0.0207441\right),\left(1.29796,0.0243903\right),\left(1.39774,0.0283388\right),\left(1.49751,0.0325914\right),\left(1.59726,0.0371495\right),\left(1.697,0.0420149\right),\left(1.79673,0.0471892\right),\left(1.89644,0.0526739\right),\left(1.99613,0.0584707\right),\left(2.09581,0.0645812\right),\left(2.19547,0.0710067\right),\left(2.2951,0.0777489\right),\left(2.39472,0.0848093\right),\left(2.4943,0.0921895\right),\left(2.59387,0.0998909\right),\left(2.6934,0.107915\right),\left(2.79292,0.116264\right),\left(2.8924,0.124939\right),\left(2.99185,0.133941\right),\left(3.09128,0.143272\right),\left(3.19067,0.152934\right),\left(3.29004,0.162928\right),\left(3.38936,0.173255\right),\left(3.48865,0.183917\right),\left(3.58791,0.194916\right),\left(3.68713,0.206253\right),\left(3.78631,0.217929\right),\left(3.88545,0.229946\right),\left(3.98455,0.242305\right),\left(4.0836,0.255007\right),\left(4.18261,0.268055\right),\left(4.28158,0.281449\right),\left(4.38049,0.295191\right),\left(4.47936,0.309282\right),\left(4.57818,0.323723\right),\left(4.67695,0.338515\right),\left(4.77566,0.353661\right),\left(4.87432,0.369161\right),\left(4.97292,0.385016\right),\left(5.07147,0.401228\right),\left(5.16995,0.417798\right),\left(5.26838,0.434728\right),\left(5.36674,0.452018\right),\left(5.46504,0.469669\right),\left(5.56327,0.487682\right),\left(5.66144,0.50606\right),\left(5.75954,0.524802\right),\left(5.85757,0.543911\right),\left(5.95553,0.563386\right),\left(6.05342,0.583229\right),\left(6.15123,0.603442\right),\left(6.24896,0.624023\right),\left(6.34662,0.644975\right),\left(6.44419,0.666298\right),\left(6.54168,0.687995\right),\left(6.63909,0.710064\right),\left(6.73642,0.732508\right),\left(6.83366,0.755327\right),\left(6.93081,0.778522\right),\left(7.02787,0.802093\right),\left(7.12484,0.826041\right),\left(7.22172,0.850366\right),\left(7.3185,0.87507\right),\left(7.41518,0.900153\right),\left(7.51177,0.925616\right),\left(7.60826,0.951458\right),\left(7.70464,0.977681\right),\left(7.80092,1.00429\right),\left(7.8971,1.03127\right),\left(7.99316,1.05864\right),\left(8.08912,1.08638\right),\left(8.18497,1.11451\right),\left(8.2807,1.14303\right),\left(8.37632,1.17192\right),\left(8.47183,1.2012\right),\left(8.56721,1.23086\right),\left(8.66249,1.26091\right),\left(8.75764,1.29134\right),\left(8.85266,1.32215\right),\left(8.94756,1.35334\right),\left(9.04234,1.38492\right),\left(9.13699,1.41688\right),\left(9.23151,1.44922\right),\left(9.3259,1.48195\right),\left(9.42016,1.51506\right),\left(9.51428,1.54855\right),\left(9.60827,1.58242\right),\left(9.70212,1.61667\right),\left(9.79583,1.65131\right),\left(9.8894,1.68632\right),\left(9.98282,1.72172\right),\left(10.0761,1.75749\right),\left(10.1692,1.79364\right),\left(10.2622,1.83018\right),\left(10.3551,1.86708\right),\left(10.4478,1.90437\right),\left(10.5403,1.94203\right),\left(10.6327,1.98007\right),\left(10.725,2.01848\right),\left(10.817,2.05727\right),\left(10.909,2.09643\right),\left(11.0007,2.13596\right),\left(11.0923,2.17586\right),\left(11.1838,2.21613\right),\left(11.2751,2.25677\right),\left(11.3662,2.29777\right),\left(11.4572,2.33915\right),\left(11.548,2.38088\right),\left(11.6386,2.42298\right),\left(11.729,2.46544\right),\left(11.8193,2.50827\right),\left(11.9094,2.55145\right),\left(11.9994,2.59499\right),\left(12.0892,2.63889\right),\left(12.1788,2.68314\right),\left(12.2682,2.72774\right),\left(12.3574,2.7727\right),\left(12.4465,2.81801\right),\left(12.5354,2.86366\right),\left(12.6241,2.90966\right),\left(12.7127,2.95601\right),\left(12.801,3.0027\right),\left(12.8892,3.04974\right),\left(12.9772,3.09711\right),\left(13.065,3.14482\right),\left(13.1527,3.19287\right),\left(13.2401,3.24125\right),\left(13.3274,3.28996\right),\left(13.4145,3.339\right),\left(13.5014,3.38837\right),\left(13.5881,3.43807\right),\left(13.6746,3.48808\right),\left(13.761,3.53842\right),\left(13.8472,3.58908\right),\left(13.9331,3.64006\right),\left(14.0189,3.69136\right),\left(14.1045,3.74296\right),\left(14.1899,3.79488\right),\left(14.2752,3.8471\right),\left(14.3602,3.89963\right),\left(14.4451,3.95247\right),\left(14.5297,4.0056\right),\left(14.6142,4.05904\right),\left(14.6985,4.11277\right),\left(14.7826,4.16679\right),\left(14.8665,4.2211\right),\left(14.9503,4.27571\right),\left(15.0338,4.3306\right),\left(15.1172,4.38578\right),\left(15.2003,4.44124\right),\left(15.2833,4.49697\right),\left(15.3661,4.55299\right),\left(15.4487,4.60928\right),\left(15.5312,4.66584\right),\left(15.6134,4.72266\right),\left(15.6955,4.77976\right),\left(15.7773,4.83712\right),\left(15.859,4.89474\right),\left(15.9406,4.95262\right),\left(16.0219,5.01076\right),\left(16.103,5.06915\right),\left(16.184,5.12779\right),\left(16.2648,5.18668\right),\left(16.3454,5.24581\right),\left(16.4259,5.30519\right),\left(16.5061,5.3648\right),\left(16.5862,5.42466\right),\left(16.6661,5.48474\right),\left(16.7458,5.54507\right),\left(16.8254,5.60562\right),\left(16.9048,5.66639\right),\left(16.984,5.72739\right),\left(17.063,5.78862\right),\left(17.1419,5.85006\right),\left(17.2206,5.91171\right),\left(17.2992,5.97359\right),\left(17.3775,6.03567\right),\left(17.4558,6.09796\right),\left(17.5338,6.16045\right),\left(17.6117,6.22315\right),\left(17.6894,6.28605\right),\left(17.767,6.34914\right),\left(17.8444,6.41243\right),\left(17.9216,6.47591\right),\left(17.9987,6.53958\right),\left(18.0757,6.60344\right),\left(18.1525,6.66748\right),\left(18.2291,6.7317\right),\left(18.3056,6.7961\right),\left(18.3819,6.86068\right),\left(18.4581,6.92543\right),\left(18.5342,6.99035\right),\left(18.6101,7.05545\right),\left(18.6858,7.1207\right),\left(18.7615,7.18612\right),\left(18.837,7.25169\right),\left(18.9123,7.31743\right),\left(18.9875,7.38332\right),\left(19.0626,7.44936\right),\left(19.1375,7.51555\right),\left(19.2124,7.58189\right),\left(19.2871,7.64838\right),\left(19.3616,7.71501\right),\left(19.4361,7.78177\right),\left(19.5104,7.84868\right),\left(19.5846,7.91571\right),\left(19.6587,7.98288\right),\left(19.7326,8.05018\right),\left(19.8065,8.1176\right),\left(19.8802,8.18515\right),\left(19.9538,8.25282\right),\left(20.0273,8.32062\right),\left(20.1007,8.38852\right),\left(20.174,8.45654\right),\left(20.2472,8.52468\right),\left(20.3203,8.59292\right),\left(20.3933,8.66127\right),\left(20.4662,8.72972\right),\left(20.539,8.79828\right),\left(20.6117,8.86693\right),\left(20.6843,8.93569\right),\left(20.7568,9.00453\right),\left(20.8293,9.07347\right),\left(20.9016,9.1425\right),\left(20.9739,9.21162\right),\left(21.0461,9.28082\right),\left(21.1182,9.3501\right),\left(21.1902,9.41947\right),\left(21.2622,9.48891\right),\left(21.3341,9.55843\right),\left(21.4059,9.62802\right),\left(21.4776,9.69768\right),\left(21.5493,9.76741\right),\left(21.6209,9.83721\right),\left(21.6925,9.90707\right),\left(21.764,9.97699\right),\left(21.8354,10.047\right),\left(21.9068,10.117\right),\left(21.9781,10.1871\right),\left(22.0494,10.2572\right),\left(22.1206,10.3274\right),\left(22.1918,10.3977\right),\left(22.2629,10.468\right),\left(22.334,10.5383\right),\left(22.405,10.6087\right),\left(22.4761,10.6791\right),\left(22.547,10.7495\right),\left(22.618,10.82\right),\left(22.6889,10.8905\right),\left(22.7598,10.961\right),\left(22.8306,11.0316\right),\left(22.9015,11.1022\right),\left(22.9723,11.1728\right),\left(23.0431,11.2434\right),\left(23.1138,11.3141\right),\left(23.1846,11.3847\right),\left(23.2553,11.4554\right),\left(23.3261,11.5261\right),\left(23.3968,11.5968\right),\left(23.4675,11.6675\right),\left(23.5382,11.7382\right),\left(23.6089,11.8089\right),\left(23.6796,11.8796\right),\left(23.7504,11.9503\right),\left(23.8211,12.021\right),\left(23.8918,12.0917\right),\left(23.9625,12.1624\right),\left(24.0333,12.2331\right),\left(24.104,12.3038\right),\left(24.1748,12.3744\right),\left(24.2456,12.445\right),\left(24.3164,12.5156\right),\left(24.3873,12.5862\right),\left(24.4581,12.6568\right),\left(24.529,12.7273\right),\left(24.5999,12.7978\right),\left(24.6709,12.8683\right),\left(24.7419,12.9387\right),\left(24.8129,13.0091\right),\left(24.884,13.0795\right),\left(24.9551,13.1498\right),\left(25.0262,13.2201\right),\left(25.0974,13.2903\right),\left(25.1686,13.3605\right),\left(25.2399,13.4306\right),\left(25.3113,13.5007\right),\left(25.3827,13.5707\right),\left(25.4541,13.6407\right),\left(25.5256,13.7106\right),\left(25.5972,13.7804\right),\left(25.6688,13.8502\right),\left(25.7405,13.9199\right),\left(25.8123,13.9896\right),\left(25.8841,14.0591\right),\left(25.956,14.1286\right),\left(26.028,14.1981\right),\left(26.1,14.2674\right),\left(26.1721,14.3367\right),\left(26.2444,14.4059\right),\left(26.3166,14.475\right),\left(26.389,14.544\right),\left(26.4615,14.6129\right),\left(26.534,14.6817\right),\left(26.6067,14.7504\right),\left(26.6794,14.8191\right),\left(26.7522,14.8876\right),\left(26.8252,14.956\right),\left(26.8982,15.0244\right),\left(26.9713,15.0926\right),\left(27.0445,15.1607\right),\left(27.1179,15.2287\right),\left(27.1913,15.2966\right),\left(27.2648,15.3643\right),\left(27.3385,15.432\right),\left(27.4122,15.4995\right),\left(27.4861,15.5669\right),\left(27.5601,15.6342\right),\left(27.6342,15.7013\right),\left(27.7085,15.7683\right),\left(27.7828,15.8352\right),\left(27.8573,15.9019\right),\left(27.9319,15.9685\right),\left(28.0066,16.035\right),\left(28.0815,16.1013\right),\left(28.1565,16.1675\right),\left(28.2316,16.2335\right),\left(28.3069,16.2993\right),\left(28.3823,16.365\right),\left(28.4578,16.4306\right),\left(28.5335,16.496\right),\left(28.6093,16.5612\right),\left(28.6852,16.6262\right),\left(28.7613,16.6911\right),\left(28.8376,16.7558\right),\left(28.914,16.8204\right),\left(28.9905,16.8848\right),\left(29.0672,16.949\right),\left(29.1441,17.013\right),\left(29.2211,17.0768\right),\left(29.2982,17.1404\right),\left(29.3755,17.2039\right),\left(29.453,17.2671\right),\left(29.5306,17.3302\right),\left(29.6084,17.3931\right),\left(29.6863,17.4557\right),\left(29.7645,17.5182\right),\left(29.8427,17.5804\right),\left(29.9212,17.6425\right),\left(29.9998,17.7043\right),\left(30.0786,17.7659\right),\left(30.1575,17.8273\right),\left(30.2366,17.8885\right),\left(30.3159,17.9495\right),\left(30.3954,18.0102\right),\left(30.475,18.0708\right),\left(30.5548,18.131\right),\left(30.6348,18.1911\right),\left(30.715,18.2509\right),\left(30.7953,18.3105\right),\left(30.8758,18.3698\right),\left(30.9565,18.4289\right),\left(31.0374,18.4878\right),\left(31.1185,18.5464\right),\left(31.1997,18.6047\right),\left(31.2811,18.6628\right),\left(31.3627,18.7207\right),\left(31.4445,18.7782\right),\left(31.5265,18.8356\right),\left(31.6087,18.8926\right),\left(31.691,18.9494\right),\left(31.7735,19.0059\right),\left(31.8563,19.0622\right),\left(31.9392,19.1182\right),\left(32.0222,19.1739\right),\left(32.1055,19.2293\right),\left(32.189,19.2844\right),\left(32.2726,19.3393\right),\left(32.3565,19.3938\right),\left(32.4405,19.4481\right),\left(32.5247,19.5021\right),\left(32.6092,19.5558\right),\left(32.6938,19.6092\right),\left(32.7785,19.6623\right),\left(32.8635,19.7151\right),\left(32.9487,19.7676\right),\left(33.034,19.8197\right),\left(33.1196,19.8716\right),\left(33.2053,19.9232\right),\left(33.2912,19.9744\right),\left(33.3774,20.0254\right),\left(33.4636,20.076\right),\left(33.5501,20.1263\right),\left(33.6368,20.1763\right),\left(33.7237,20.2259\right),\left(33.8107,20.2752\right),\left(33.898,20.3242\right),\left(33.9854,20.3729\right),\left(34.073,20.4212\right),\left(34.1608,20.4693\right),\left(34.2487,20.5169\right),\left(34.3369,20.5642\right),\left(34.4252,20.6112\right),\left(34.5138,20.6579\right),\left(34.6025,20.7042\right),\left(34.6914,20.7501\right),\left(34.7804,20.7957\right),\left(34.8697,20.841\right),\left(34.9591,20.8859\right),\left(35.0487,20.9305\right),\left(35.1385,20.9747\right),\left(35.2284,21.0185\right),\left(35.3185,21.062\right),\left(35.4088,21.1051\right),\left(35.4993,21.1479\right),\left(35.5899,21.1903\right),\left(35.6807,21.2324\right),\left(35.7717,21.274\right),\left(35.8629,21.3154\right),\left(35.9542,21.3563\right),\left(36.0457,21.3969\right),\left(36.1373,21.4371\right),\left(36.2291,21.4769\right),\left(36.3211,21.5164\right),\left(36.4132,21.5555\right),\left(36.5055,21.5942\right),\left(36.5979,21.6326\right),\left(36.6905,21.6706\right),\left(36.7833,21.7082\right),\left(36.8762,21.7454\right),\left(36.9693,21.7822\right),\left(37.0625,21.8187\right),\left(37.1558,21.8548\right),\left(37.2493,21.8905\right),\left(37.343,21.9258\right),\left(37.4368,21.9608\right),\left(37.5307,21.9954\right),\left(37.6248,22.0295\right),\left(37.719,22.0633\right),\left(37.8134,22.0968\right),\left(37.9078,22.1298\right),\left(38.0025,22.1625\right),\left(38.0972,22.1947\right),\left(38.1921,22.2266\right),\left(38.2871,22.2581\right),\left(38.3823,22.2892\right),\left(38.4775,22.32\right),\left(38.5729,22.3503\right),\left(38.6684,22.3803\right),\left(38.7641,22.4099\right),\left(38.8598,22.4391\right),\left(38.9557,22.4679\right),\left(39.0517,22.4963\right),\left(39.1478,22.5243\right),\left(39.244,22.552\right),\left(39.3403,22.5793\right),\left(39.4368,22.6062\right),\left(39.5333,22.6327\right),\left(39.6299,22.6588\right),\left(39.7267,22.6846\right),\left(39.8235,22.7099\right),\left(39.9205,22.7349\right),\left(40.0175,22.7595\right),\left(40.1147,22.7838\right),\left(40.2119,22.8076\right),\left(40.3092,22.8311\right),\left(40.4067,22.8542\right),\left(40.5042,22.8769\right),\left(40.6018,22.8992\right),\left(40.6994,22.9212\right),\left(40.7972,22.9428\right),\left(40.8951,22.964\right),\left(40.993,22.9849\right),\left(41.091,23.0053\right),\left(41.1891,23.0254\right),\left(41.2872,23.0452\right),\left(41.3855,23.0645\right),\left(41.4838,23.0835\right),\left(41.5822,23.1021\right),\left(41.6806,23.1204\right),\left(41.7791,23.1383\right),\left(41.8777,23.1558\right),\left(41.9763,23.173\right),\left(42.0751,23.1898\right),\left(42.1738,23.2063\right),\left(42.2727,23.2224\right),\left(42.3715,23.2381\right),\left(42.4705,23.2535\right),\left(42.5695,23.2685\right),\left(42.6685,23.2831\right),\left(42.7676,23.2975\right),\left(42.8668,23.3114\right),\left(42.966,23.325\right),\left(43.0652,23.3383\right),\left(43.1645,23.3512\right),\left(43.2639,23.3638\right),\left(43.3633,23.376\right),\left(43.4627,23.3879\right),\left(43.5622,23.3994\right),\left(43.6617,23.4106\right),\left(43.7612,23.4215\right),\left(43.8608,23.432\right),\left(43.9604,23.4422\right),\left(44.0601,23.452\right),\left(44.1598,23.4616\right),\left(44.2595,23.4707\right),\left(44.3592,23.4796\right),\left(44.459,23.4881\right),\left(44.5588,23.4963\right),\left(44.6586,23.5042\right),\left(44.7585,23.5118\right),\left(44.8584,23.519\right),\left(44.9583,23.5259\right),\left(45.0582,23.5325\right),\left(45.1581,23.5388\right),\left(45.2581,23.5447\right),\left(45.3581,23.5504\right),\left(45.4581,23.5557\right),\left(45.5581,23.5607\right),\left(45.6581,23.5654\right),\left(45.7582,23.5698\right),\left(45.8582,23.5739\right),\left(45.9583,23.5777\right),\left(46.0584,23.5812\right),\left(46.1585,23.5844\right),\left(46.2586,23.5873\right),\left(46.3587,23.5898\right),\left(46.4588,23.5921\right),\left(46.5589,23.5941\right),\left(46.659,23.5958\right),\left(46.7592,23.5972\right),\left(46.8593,23.5984\right),\left(46.9594,23.5992\right),\left(47.0596,23.5997\right),\left(47.1597,23.6\right),\left(47.2,23.6\right),\right]
l_{headings}=\left[0,0,0,0,0,0,0,0,0,0,0,0,0,0,0,0,0,0,0,0,0,0,0,0,0,0,0,0,0,0,0,0,0,0,0,0,0,0,0,0,0,0,0,0,0,0,0,0,0,0,0,0,0,0,0,0,0,0,0,0,0,0,0,0,0,0,0,0,0,0,0,0,0,0,0,0,0,0,0,0,0,0,0,0,0,0,0,0,0,0,0,0,0,0,0,0,0,0,0,0,0,0,0,0,0,0,0,0,0,0,0,0,0,0,0,0,0,0,0,0,0,0,0,0,0,0,0,0,0,0,0,0,0,0,0,0,0,0,0,0,0,0,0,0,0,0,0,0,0,0,0,0,0,0,0,0,0,0,0,0,0,0,0,0,0,0,0,0,0,0,0,0,0,0,0,0,0,0,0,0,0,0,0,0,0,0,0,0,0,0,0,0,0,0,0,0,0,0,0,0,0,0,0,0,0,0,0,0,0,0,0,0,0,0,0,0,0,0,0,0,0,0,0,0,0,0,0,0,0,0,0,0,0,0,0,0,2.38419e-06,0.00283116,0.00567601,0.00853674,0.0114136,0.0143066,0.0172157,0.020141,0.0230825,0.0260402,0.0290141,0.0320042,0.0350105,0.0380333,0.0410723,0.0441277,0.0471993,0.0502874,0.0533919,0.0565128,0.0596501,0.0628038,0.0659739,0.0691603,0.0723631,0.0755821,0.0788174,0.0820689,0.0853369,0.0886211,0.0919213,0.0952378,0.0985704,0.101919,0.105284,0.108665,0.112061,0.115474,0.118902,0.122346,0.125806,0.129281,0.132772,0.136278,0.1398,0.143336,0.146888,0.150455,0.154036,0.157633,0.161243,0.164869,0.168509,0.172163,0.175831,0.179513,0.183209,0.186918,0.190641,0.194378,0.198127,0.201889,0.205664,0.209451,0.213251,0.217063,0.220886,0.224721,0.228568,0.232426,0.236295,0.240175,0.244065,0.247965,0.251876,0.255795,0.259725,0.263663,0.267611,0.271567,0.275531,0.279503,0.283483,0.28747,0.291464,0.295465,0.299472,0.303485,0.307504,0.311529,0.315558,0.319592,0.323631,0.327673,0.331719,0.335768,0.33982,0.343874,0.347931,0.351989,0.356048,0.360109,0.364169,0.36823,0.372291,0.376351,0.38041,0.384467,0.388523,0.392576,0.396626,0.400673,0.404717,0.408756,0.412792,0.416822,0.420847,0.424866,0.428879,0.432885,0.436885,0.440877,0.444861,0.448837,0.452804,0.456762,0.460711,0.464649,0.468577,0.472495,0.476401,0.480295,0.484177,0.488047,0.491904,0.495748,0.499578,0.503394,0.507196,0.510982,0.514753,0.518509,0.522249,0.525972,0.529678,0.533367,0.537039,0.540693,0.544328,0.547945,0.551543,0.555122,0.558681,0.562219,0.565738,0.569236,0.572712,0.576168,0.579602,0.583014,0.586404,0.589771,0.593115,0.596437,0.599735,0.603009,0.606259,0.609486,0.612687,0.615865,0.619017,0.622144,0.625246,0.628321,0.631372,0.634396,0.637393,0.640364,0.643309,0.646226,0.649116,0.651979,0.654815,0.657622,0.660402,0.663154,0.665878,0.668573,0.67124,0.673878,0.676488,0.679068,0.68162,0.684142,0.686635,0.689098,0.691532,0.693936,0.69631,0.698655,0.700969,0.703253,0.705508,0.707731,0.709925,0.712088,0.71422,0.716322,0.718393,0.720433,0.722443,0.724422,0.726369,0.728286,0.730171,0.732026,0.733849,0.735641,0.737402,0.739131,0.740829,0.742495,0.74413,0.745734,0.747306,0.748847,0.750356,0.751833,0.753279,0.754693,0.756075,0.757426,0.758745,0.760033,0.761288,0.762512,0.763704,0.764864,0.765992,0.767089,0.768154,0.769186,0.770187,0.771157,0.772094,0.772999,0.773873,0.774715,0.775524,0.776302,0.777048,0.777762,0.778444,0.779095,0.779713,0.7803,0.780854,0.781377,0.781867,0.782326,0.782753,0.783148,0.783511,0.783842,0.784141,0.784409,0.784644,0.784848,0.785019,0.785159,0.785266,0.785342,0.785386,0.785398,0.785378,0.785326,0.785242,0.785126,0.784979,0.784799,0.784588,0.784344,0.784069,0.783762,0.783422,0.783051,0.782648,0.782213,0.781747,0.781248,0.780717,0.780154,0.77956,0.778933,0.778275,0.777585,0.776863,0.776109,0.775323,0.774505,0.773655,0.772774,0.77186,0.770915,0.769938,0.768929,0.767888,0.766815,0.76571,0.764574,0.763405,0.762205,0.760974,0.75971,0.758415,0.757088,0.755729,0.754338,0.752916,0.751462,0.749977,0.74846,0.746911,0.745331,0.743719,0.742076,0.740401,0.738695,0.736958,0.735189,0.733389,0.731558,0.729695,0.727802,0.725877,0.723921,0.721935,0.719917,0.717869,0.715789,0.71368,0.711539,0.709368,0.707166,0.704934,0.702672,0.70038,0.698057,0.695704,0.693322,0.690909,0.688468,0.685996,0.683495,0.680965,0.678405,0.675816,0.673199,0.670552,0.667877,0.665173,0.662441,0.659681,0.656893,0.654077,0.651233,0.648362,0.645463,0.642538,0.639585,0.636606,0.6336,0.630567,0.627509,0.624425,0.621315,0.618179,0.615019,0.611834,0.608623,0.605389,0.60213,0.598847,0.595541,0.592211,0.588858,0.585482,0.582084,0.578664,0.575221,0.571757,0.568272,0.564766,0.561239,0.557691,0.554124,0.550537,0.54693,0.543305,0.539661,0.535999,0.532319,0.528621,0.524906,0.521174,0.517426,0.513662,0.509882,0.506087,0.502277,0.498453,0.494614,0.490762,0.486896,0.483018,0.479127,0.475225,0.47131,0.467385,0.463448,0.459501,0.455544,0.451578,0.447603,0.443619,0.439626,0.435626,0.431619,0.427604,0.423583,0.419556,0.415523,0.411485,0.407442,0.403395,0.399343,0.395289,0.39123,0.38717,0.383106,0.379042,0.374975,0.370908,0.36684,0.362771,0.358703,0.354635,0.350569,0.346503,0.34244,0.338378,0.334319,0.330263,0.326211,0.322162,0.318117,0.314076,0.31004,0.306009,0.301984,0.297965,0.293951,0.289944,0.285944,0.281951,0.277965,0.273987,0.270017,0.266056,0.262103,0.258159,0.254224,0.250299,0.246383,0.242478,0.238583,0.234699,0.230825,0.226962,0.223111,0.219271,0.215443,0.211627,0.207824,0.204032,0.200254,0.196488,0.192735,0.188995,0.185269,0.181556,0.177857,0.174172,0.1705,0.166843,0.163201,0.159572,0.155959,0.15236,0.148776,0.145207,0.141653,0.138114,0.13459,0.131082,0.12759,0.124113,0.120651,0.117206,0.113776,0.110362,0.106964,0.103582,0.100216,0.0968663,0.0935329,0.0902154,0.0869142,0.0836295,0.080361,0.077109,0.0738733,0.070654,0.0674513,0.0642648,0.0610948,0.0579412,0.054804,0.0516833,0.048579,0.0454913,0.0424201,0.0393653,0.036327,0.0333049,0.0302994,0.0273102,0.0243373,0.0213809,0.0184405,0.0155163,0.0126085,0.00971682,0.00684129,0.00398199,0.00113869,6.28319,\right]
running path!
lin/ang/drive_left/drive_right/tv_l/tv_r/av_l/av_r/x/y/theta/tx/ty/ttheta: 0.57311 0.00000 0.00000 0.00000 1.00000 1.00000 0.00000 0.00000 -23.59843 -0.00003 -0.00063 -23.00000 0.00000 0.00000
lin/ang/drive_left/drive_right/tv_l/tv_r/av_l/av_r/x/y/theta/tx/ty/ttheta: 0.70976 0.00000 0.05878 0.05943 1.00000 1.00000 0.16461 0.16886 -23.59844 0.00001 0.00011 -22.60000 0.00000 0.00000
lin/ang/drive_left/drive_right/tv_l/tv_r/av_l/av_r/x/y/theta/tx/ty/ttheta: 0.87640 0.00000 0.36545 0.71232 1.00000 1.00000 0.54311 0.55644 -23.59789 -0.00283 -0.06235 -21.90000 0.00000 0.00000
lin/ang/drive_left/drive_right/tv_l/tv_r/av_l/av_r/x/y/theta/tx/ty/ttheta: 0.98153 0.00000 0.34773 0.77391 1.00000 1.00000 0.63722 0.76350 -23.49266 -0.01879 -0.40167 -21.30000 0.00000 0.00000
lin/ang/drive_left/drive_right/tv_l/tv_r/av_l/av_r/x/y/theta/tx/ty/ttheta: 1.10290 0.00000 0.64208 0.68898 1.00000 1.00000 0.67383 0.71797 -23.23912 0.03454 -0.71485 -20.40000 0.00000 0.00000
lin/ang/drive_left/drive_right/tv_l/tv_r/av_l/av_r/x/y/theta/tx/ty/ttheta: 1.18731 0.00000 0.79314 0.67774 1.00000 1.00000 0.75150 0.73919 -22.93092 0.08797 -0.94392 -19.60000 0.00000 0.00000
lin/ang/drive_left/drive_right/tv_l/tv_r/av_l/av_r/x/y/theta/tx/ty/ttheta: 1.27219 0.00000 0.93945 0.71080 1.00000 1.00000 0.77750 0.74281 -22.57100 0.07559 -1.07216 -18.60000 0.00000 0.00000
lin/ang/drive_left/drive_right/tv_l/tv_r/av_l/av_r/x/y/theta/tx/ty/ttheta: 1.34079 0.00000 0.68422 0.64467 1.00000 1.00000 0.77958 0.74656 -22.13222 0.04926 -1.18855 -17.60000 0.00000 0.00000
lin/ang/drive_left/drive_right/tv_l/tv_r/av_l/av_r/x/y/theta/tx/ty/ttheta: 1.39744 0.00000 0.90488 0.80114 1.00000 1.00000 0.78661 0.74861 -21.61753 -0.00277 -1.30859 -16.59999 0.00000 0.00000
lin/ang/drive_left/drive_right/tv_l/tv_r/av_l/av_r/x/y/theta/tx/ty/ttheta: 1.45356 0.00000 0.81648 1.02071 1.00000 1.00000 0.81158 0.80628 -21.07838 -0.07138 -1.47795 -15.39999 0.00000 0.00000
lin/ang/drive_left/drive_right/tv_l/tv_r/av_l/av_r/x/y/theta/tx/ty/ttheta: 1.49621 0.00000 0.99456 0.96906 1.00000 1.00000 0.81706 0.81772 -20.47632 -0.11796 -1.65892 -14.29999 0.00000 0.00000
lin/ang/drive_left/drive_right/tv_l/tv_r/av_l/av_r/x/y/theta/tx/ty/ttheta: 1.52400 0.00000 1.18410 1.17329 1.00000 1.00000 0.83567 0.83672 -19.71777 -0.19835 -1.83239 -13.09999 0.00000 0.00000
lin/ang/drive_left/drive_right/tv_l/tv_r/av_l/av_r/x/y/theta/tx/ty/ttheta: 1.52400 0.00000 1.15600 1.27919 0.98546 0.91384 0.86100 0.86272 -18.84480 -0.31824 -1.99718 -11.79999 0.00000 0.00000
lin/ang/drive_left/drive_right/tv_l/tv_r/av_l/av_r/x/y/theta/tx/ty/ttheta: 1.52400 0.00000 0.89580 1.10068 1.00000 1.00000 0.67603 0.66339 -17.97177 -0.42411 -2.14003 -10.59999 0.00000 0.00000
lin/ang/drive_left/drive_right/tv_l/tv_r/av_l/av_r/x/y/theta/tx/ty/ttheta: 1.52400 0.00000 1.30793 1.21543 0.96191 0.97859 0.73836 0.69472 -17.10057 -0.51942 -2.22553 -9.39998 0.00000 0.00000
lin/ang/drive_left/drive_right/tv_l/tv_r/av_l/av_r/x/y/theta/tx/ty/ttheta: 1.52400 0.00000 1.16227 1.13914 1.00000 1.00000 0.66836 0.63481 -16.20760 -0.69024 -2.35855 -8.19998 0.00000 0.00000
lin/ang/drive_left/drive_right/tv_l/tv_r/av_l/av_r/x/y/theta/tx/ty/ttheta: 1.52400 0.00000 1.34597 1.31506 0.93079 0.94452 0.72483 0.72500 -15.25291 -0.79390 -2.43877 -6.99998 0.00000 0.00000
lin/ang/drive_left/drive_right/tv_l/tv_r/av_l/av_r/x/y/theta/tx/ty/ttheta: 1.52400 0.00000 1.13850 1.31938 1.00000 0.94187 0.76008 0.69400 -14.25863 -0.86917 -2.55963 -5.79998 0.00000 0.00000
lin/ang/drive_left/drive_right/tv_l/tv_r/av_l/av_r/x/y/theta/tx/ty/ttheta: 1.52197 0.00000 1.43544 1.49379 0.88938 0.83969 0.79103 0.88856 -13.21256 -0.94119 -2.62382 -4.59998 0.00000 0.00000
lin/ang/drive_left/drive_right/tv_l/tv_r/av_l/av_r/x/y/theta/tx/ty/ttheta: 1.48408 0.00000 1.34705 1.33905 0.71607 0.70923 0.68169 0.74772 -12.16843 -1.04443 -2.65433 -3.49998 0.00000 0.00000
lin/ang/drive_left/drive_right/tv_l/tv_r/av_l/av_r/x/y/theta/tx/ty/ttheta: 1.43463 0.00000 1.39330 1.38249 0.59345 0.59735 0.69506 0.71247 -11.10500 -1.12925 -2.68722 -2.29997 0.00000 0.00000
lin/ang/drive_left/drive_right/tv_l/tv_r/av_l/av_r/x/y/theta/tx/ty/ttheta: 1.38428 0.00000 1.35353 1.34921 0.55334 0.55624 0.62556 0.61719 -10.04418 -1.19336 -2.66976 -1.19997 0.00000 0.00000
lin/ang/drive_left/drive_right/tv_l/tv_r/av_l/av_r/x/y/theta/tx/ty/ttheta: 1.33686 0.00000 1.35029 1.32911 0.39072 0.53166 0.56978 0.56742 -9.00865 -1.24781 -2.67181 -0.19997 0.00000 0.00000
lin/ang/drive_left/drive_right/tv_l/tv_r/av_l/av_r/x/y/theta/tx/ty/ttheta: 1.31843 1.54158 1.01877 1.30620 -0.55047 1.00000 0.49606 0.54514 -7.90165 -1.31723 -2.71264 0.89873 0.01160 1.49200
lin/ang/drive_left/drive_right/tv_l/tv_r/av_l/av_r/x/y/theta/tx/ty/ttheta: 1.30774 1.62171 0.76872 1.58910 0.60486 0.70395 0.08231 0.82028 -6.77139 -1.37627 -2.75247 1.99613 0.05847 3.41770
lin/ang/drive_left/drive_right/tv_l/tv_r/av_l/av_r/x/y/theta/tx/ty/ttheta: 1.29820 1.69328 0.41408 1.41556 0.84406 0.76593 0.08542 0.73936 -5.83679 -1.43764 -2.60623 2.99185 0.13394 5.26670
lin/ang/drive_left/drive_right/tv_l/tv_r/av_l/av_r/x/y/theta/tx/ty/ttheta: 1.28903 1.76209 1.27335 1.39157 0.38074 0.79952 0.52908 0.73031 -4.88224 -1.48868 -1.69206 3.98455 0.24231 7.20815
lin/ang/drive_left/drive_right/tv_l/tv_r/av_l/av_r/x/y/theta/tx/ty/ttheta: 1.28045 1.82639 1.50071 1.46829 0.15485 0.77357 0.61497 0.77169 -3.91610 -1.50198 -0.38063 4.97292 0.38502 9.23857
lin/ang/drive_left/drive_right/tv_l/tv_r/av_l/av_r/x/y/theta/tx/ty/ttheta: 1.27202 1.88961 0.99024 1.51043 0.34287 0.74978 0.35011 0.76675 -2.88290 -1.47397 0.91278 6.05342 0.58323 11.56739
lin/ang/drive_left/drive_right/tv_l/tv_r/av_l/av_r/x/y/theta/tx/ty/ttheta: 1.26616 1.93358 0.73998 1.44235 0.56243 0.78333 0.25394 0.73714 -1.91160 -1.40016 2.12080 6.93081 0.77852 13.53871
lin/ang/drive_left/drive_right/tv_l/tv_r/av_l/av_r/x/y/theta/tx/ty/ttheta: 1.26100 1.97224 1.03173 1.38292 0.45212 0.82794 0.44556 0.75033 -0.97453 -1.37757 3.29077 7.89710 1.03127 15.78676
lin/ang/drive_left/drive_right/tv_l/tv_r/av_l/av_r/x/y/theta/tx/ty/ttheta: 1.25754 1.99817 0.93232 1.43068 0.49061 0.82063 0.47603 0.77908 -0.12759 -1.30036 4.57919 8.85266 1.32215 18.08016
lin/ang/drive_left/drive_right/tv_l/tv_r/av_l/av_r/x/y/theta/tx/ty/ttheta: 1.25040 2.00000 1.11494 1.44149 0.38226 0.78113 0.47839 0.80744 0.83414 -1.16812 5.97358 9.70212 1.61667 20.16748
lin/ang/drive_left/drive_right/tv_l/tv_r/av_l/av_r/x/y/theta/tx/ty/ttheta: 1.25272 2.00000 1.10435 1.43933 0.40778 0.83120 0.43269 0.76589 1.82095 -0.98224 7.37540 10.63272 1.98007 22.49293
lin/ang/drive_left/drive_right/tv_l/tv_r/av_l/av_r/x/y/theta/tx/ty/ttheta: 1.25918 1.98592 0.84847 1.45856 0.57988 0.84260 0.40500 0.79069 2.76706 -0.79421 8.65357 11.54795 2.38088 24.80250
lin/ang/drive_left/drive_right/tv_l/tv_r/av_l/av_r/x/y/theta/tx/ty/ttheta: 1.26421 1.94820 1.10521 1.45057 0.49281 0.82983 0.50647 0.79086 3.69270 -0.60000 9.93726 12.44652 2.81801 27.07194
lin/ang/drive_left/drive_right/tv_l/tv_r/av_l/av_r/x/y/theta/tx/ty/ttheta: 1.27158 1.89288 1.18712 1.40497 0.45821 0.86075 0.51125 0.79478 4.59083 -0.37079 11.22123 13.32741 3.28996 29.27712
lin/ang/drive_left/drive_right/tv_l/tv_r/av_l/av_r/x/y/theta/tx/ty/ttheta: 1.28233 1.81232 0.94983 1.44905 0.62830 0.85033 0.47122 0.81653 5.54749 -0.10553 12.48876 14.27517 3.84710 31.60109
lin/ang/drive_left/drive_right/tv_l/tv_r/av_l/av_r/x/y/theta/tx/ty/ttheta: 1.29434 1.72227 1.20376 1.49919 0.55599 0.82516 0.55797 0.82319 6.47109 0.17461 13.76015 15.11716 4.38578 33.59846
lin/ang/drive_left/drive_right/tv_l/tv_r/av_l/av_r/x/y/theta/tx/ty/ttheta: 1.30830 1.61758 1.25196 1.52037 0.54616 0.80918 0.56331 0.79806 7.41827 0.48192 15.01291 15.94056 4.95262 35.46706
lin/ang/drive_left/drive_right/tv_l/tv_r/av_l/av_r/x/y/theta/tx/ty/ttheta: 1.32400 1.49979 1.21327 1.48558 0.59565 0.82433 0.54139 0.78864 8.40572 0.81943 16.19896 16.74584 5.54507 37.19162
lin/ang/drive_left/drive_right/tv_l/tv_r/av_l/av_r/x/y/theta/tx/ty/ttheta: 1.34305 1.35697 1.23683 1.48795 0.64868 0.82724 0.56861 0.79156 9.33958 1.15821 17.33668 17.61169 6.22315 38.90775
lin/ang/drive_left/drive_right/tv_l/tv_r/av_l/av_r/x/y/theta/tx/ty/ttheta: 1.36175 1.21670 0.93319 1.48039 0.86963 0.83320 0.61050 0.80661 10.20248 1.49949 18.47334 18.38193 6.86068 40.29345
lin/ang/drive_left/drive_right/tv_l/tv_r/av_l/av_r/x/y/theta/tx/ty/ttheta: 1.38364 1.05256 1.35137 1.50243 0.75528 0.82329 0.73372 0.80642 11.17972 1.88523 19.47347 19.21237 7.58189 41.61789
lin/ang/drive_left/drive_right/tv_l/tv_r/av_l/av_r/x/y/theta/tx/ty/ttheta: 1.40673 0.87944 1.32068 1.51562 0.79125 0.81352 0.72842 0.80456 12.18732 2.29322 20.28614 20.02733 8.32062 42.72742
lin/ang/drive_left/drive_right/tv_l/tv_r/av_l/av_r/x/y/theta/tx/ty/ttheta: 1.43312 0.68152 1.42139 1.51194 0.81561 0.81217 0.75114 0.79242 13.22940 2.72945 20.92794 20.90163 9.14250 43.68870
lin/ang/drive_left/drive_right/tv_l/tv_r/av_l/av_r/x/y/theta/tx/ty/ttheta: 1.45834 0.49239 1.18366 1.50092 0.98268 0.81721 0.76469 0.79736 14.24808 3.18182 21.44458 21.69247 9.90707 44.33965
lin/ang/drive_left/drive_right/tv_l/tv_r/av_l/av_r/x/y/theta/tx/ty/ttheta: 1.41345 0.28195 1.25714 1.50762 0.65590 0.29999 0.81328 0.79292 15.24239 3.61497 21.82455 22.47606 10.67907 44.76959
lin/ang/drive_left/drive_right/tv_l/tv_r/av_l/av_r/x/y/theta/tx/ty/ttheta: 1.36792 0.10097 1.16681 1.38681 0.66941 0.29767 0.69625 0.56842 16.26941 4.04775 22.05192 23.18459 11.38474 44.96845
lin/ang/drive_left/drive_right/tv_l/tv_r/av_l/av_r/x/y/theta/tx/ty/ttheta: 1.31527 -0.08473 1.44516 1.06783 0.43952 0.36995 0.65894 0.37525 17.37513 4.52525 22.12362 23.96253 12.16243 44.97597
lin/ang/drive_left/drive_right/tv_l/tv_r/av_l/av_r/x/y/theta/tx/ty/ttheta: 1.26110 -0.25556 1.42831 1.01596 0.36337 0.36718 0.56550 0.34581 18.41100 4.95155 22.04512 24.74187 12.93872 44.76220
lin/ang/drive_left/drive_right/tv_l/tv_r/av_l/av_r/x/y/theta/tx/ty/ttheta: 1.21574 -0.38381 1.21738 1.30879 0.46742 0.20140 0.46286 0.42181 19.39153 5.40673 21.71221 25.38265 13.57072 44.42272
lin/ang/drive_left/drive_right/tv_l/tv_r/av_l/av_r/x/y/theta/tx/ty/ttheta: 1.16409 -0.51353 1.11148 1.21392 0.48682 0.11111 0.41561 0.34308 20.34063 5.80813 21.09473 26.10002 14.26741 43.87196
lin/ang/drive_left/drive_right/tv_l/tv_r/av_l/av_r/x/y/theta/tx/ty/ttheta: 1.11629 -0.61806 1.05054 0.99197 0.51001 0.19722 0.48647 0.21422 21.33735 6.18695 20.54523 26.75223 14.88761 43.22039
lin/ang/drive_left/drive_right/tv_l/tv_r/av_l/av_r/x/y/theta/tx/ty/ttheta: 1.07584 -0.70263 1.32219 1.03952 0.35023 0.18319 0.51314 0.24367 22.20121 6.54115 19.86565 27.33848 15.43198 42.51781
lin/ang/drive_left/drive_right/tv_l/tv_r/av_l/av_r/x/y/theta/tx/ty/ttheta: 1.03569 -0.79108 1.08771 1.04168 0.42229 0.11840 0.46131 0.26128 23.04430 6.87949 18.95184 28.00664 16.03498 41.58969
lin/ang/drive_left/drive_right/tv_l/tv_r/av_l/av_r/x/y/theta/tx/ty/ttheta: 1.00352 -0.86373 1.15535 0.86468 0.40851 0.20777 0.41528 0.17589 23.87095 7.17397 17.86239 28.60928 16.56118 40.64380
lin/ang/drive_left/drive_right/tv_l/tv_r/av_l/av_r/x/y/theta/tx/ty/ttheta: 0.97747 -0.92251 1.09549 0.84328 0.43550 0.23845 0.41033 0.21267 24.63399 7.41589 16.64432 29.14406 17.01296 39.72441
lin/ang/drive_left/drive_right/tv_l/tv_r/av_l/av_r/x/y/theta/tx/ty/ttheta: 0.94960 -0.98388 0.84890 0.77413 0.54429 0.25777 0.42072 0.23169 25.35704 7.59168 15.44439 29.76446 17.51818 38.57144
lin/ang/drive_left/drive_right/tv_l/tv_r/av_l/av_r/x/y/theta/tx/ty/ttheta: 0.92335 -1.03859 1.12423 0.76829 0.41029 0.24633 0.50886 0.25344 26.01888 7.75764 14.29965 30.39539 18.01024 37.31291
lin/ang/drive_left/drive_right/tv_l/tv_r/av_l/av_r/x/y/theta/tx/ty/ttheta: 0.90145 -1.08054 1.11040 0.76591 0.38624 0.24575 0.45139 0.26008 26.73774 7.92625 13.18017 30.95653 18.42892 36.12886
lin/ang/drive_left/drive_right/tv_l/tv_r/av_l/av_r/x/y/theta/tx/ty/ttheta: 0.88033 -1.11655 0.84307 0.72939 0.50743 0.24433 0.40350 0.25289 27.43428 8.04601 12.10239 31.52650 18.83557 34.87155
lin/ang/drive_left/drive_right/tv_l/tv_r/av_l/av_r/x/y/theta/tx/ty/ttheta: 0.85983 -1.14619 1.02374 0.69740 0.42856 0.24601 0.47125 0.25153 28.09934 8.13623 11.12827 32.10553 19.22928 33.54567
lin/ang/drive_left/drive_right/tv_l/tv_r/av_l/av_r/x/y/theta/tx/ty/ttheta: 0.84265 -1.16622 0.94594 0.68055 0.45171 0.25846 0.43528 0.25119 28.71359 8.20877 10.24262 32.60915 19.55579 32.35869
lin/ang/drive_left/drive_right/tv_l/tv_r/av_l/av_r/x/y/theta/tx/ty/ttheta: 0.82293 -1.18304 0.88305 0.67990 0.46258 0.22839 0.43769 0.25581 29.32940 8.27674 9.38637 33.20532 19.92318 30.92031
lin/ang/drive_left/drive_right/tv_l/tv_r/av_l/av_r/x/y/theta/tx/ty/ttheta: 0.80343 -1.19252 0.90142 0.67298 0.44395 0.21403 0.44917 0.23922 29.95294 8.31863 8.57359 33.81072 20.27525 29.43066
lin/ang/drive_left/drive_right/tv_l/tv_r/av_l/av_r/x/y/theta/tx/ty/ttheta: 0.78681 -1.19466 0.86878 0.64748 0.45696 0.22492 0.43700 0.22725 30.54471 8.34113 7.73128 34.33690 20.56425 28.11859
lin/ang/drive_left/drive_right/tv_l/tv_r/av_l/av_r/x/y/theta/tx/ty/ttheta: 0.77018 -1.19124 0.85992 0.62328 0.44893 0.22432 0.43975 0.23017 31.16752 8.36115 6.82108 34.86966 20.84100 26.77916
lin/ang/drive_left/drive_right/tv_l/tv_r/av_l/av_r/x/y/theta/tx/ty/ttheta: 0.75348 -1.18227 0.86100 0.61960 0.43206 0.21382 0.43444 0.23081 31.73133 8.36676 5.88650 35.40883 21.10513 25.41748
lin/ang/drive_left/drive_right/tv_l/tv_r/av_l/av_r/x/y/theta/tx/ty/ttheta: 0.73661 -1.16785 0.81973 0.60923 0.43401 0.20431 0.42453 0.22367 32.31586 8.37045 4.94231 35.95419 21.35631 24.03878
lin/ang/drive_left/drive_right/tv_l/tv_r/av_l/av_r/x/y/theta/tx/ty/ttheta: 0.72237 -1.15178 0.66088 0.60296 0.52241 0.20583 0.42350 0.21764 32.90335 8.36758 3.98900 36.41320 21.55552 22.88069
lin/ang/drive_left/drive_right/tv_l/tv_r/av_l/av_r/x/y/theta/tx/ty/ttheta: 0.70499 -1.12782 0.89515 0.59994 0.37428 0.18020 0.48475 0.21508 33.46232 8.34687 3.03217 36.96926 21.78224 21.48449
lin/ang/drive_left/drive_right/tv_l/tv_r/av_l/av_r/x/y/theta/tx/ty/ttheta: 0.68720 -1.09903 0.64683 0.56882 0.45708 0.17916 0.40261 0.20431 34.02129 8.31894 1.99525 37.53070 21.99536 20.08610
lin/ang/drive_left/drive_right/tv_l/tv_r/av_l/av_r/x/y/theta/tx/ty/ttheta: 0.67199 -1.07159 0.84760 0.54915 0.31733 0.18823 0.42400 0.19181 34.59817 8.28189 0.94545 38.00247 22.16245 18.92270
lin/ang/drive_left/drive_right/tv_l/tv_r/av_l/av_r/x/y/theta/tx/ty/ttheta: 0.65320 -1.03481 0.60901 0.54915 0.37529 0.16279 0.35333 0.19761 35.13012 8.23485 -0.12253 38.57292 22.35030 17.53305
lin/ang/drive_left/drive_right/tv_l/tv_r/av_l/av_r/x/y/theta/tx/ty/ttheta: 0.63699 -1.00122 0.73544 0.53229 0.33135 0.16614 0.35042 0.18256 35.65770 8.17621 -1.16204 39.05168 22.49629 16.38338
lin/ang/drive_left/drive_right/tv_l/tv_r/av_l/av_r/x/y/theta/tx/ty/ttheta: 0.62362 -0.97258 0.79919 0.53229 0.27966 0.16437 0.34153 0.18036 36.17155 8.11201 -2.13751 39.43675 22.60617 15.47085
lin/ang/drive_left/drive_right/tv_l/tv_r/av_l/av_r/x/y/theta/tx/ty/ttheta: 0.60633 -0.93474 0.76116 0.53683 0.24108 0.13309 0.30269 0.17950 36.69010 8.04485 -3.05218 39.92048 22.73493 14.34107
lin/ang/drive_left/drive_right/tv_l/tv_r/av_l/av_r/x/y/theta/tx/ty/ttheta: 0.58831 -0.89485 0.66888 0.48885 0.26330 0.13777 0.26675 0.15933 37.16766 7.97521 -3.90596 40.40666 22.85418 13.22530
lin/ang/drive_left/drive_right/tv_l/tv_r/av_l/av_r/x/y/theta/tx/ty/ttheta: 0.56945 -0.85310 0.48215 0.46162 0.34448 0.13755 0.26181 0.15175 37.61149 7.90189 -4.68244 40.89506 22.96401 12.12536
lin/ang/drive_left/drive_right/tv_l/tv_r/av_l/av_r/x/y/theta/tx/ty/ttheta: 0.55367 -0.81846 0.66239 0.45319 0.27735 0.14201 0.31264 0.14989 38.04049 7.82570 -5.42249 41.28724 23.04516 11.25792
lin/ang/drive_left/drive_right/tv_l/tv_r/av_l/av_r/x/y/theta/tx/ty/ttheta: 0.53296 -0.77374 0.57271 0.46162 0.25551 0.10542 0.28850 0.15708 38.46211 7.74724 -6.11528 41.77911 23.13831 10.19045
lin/ang/drive_left/drive_right/tv_l/tv_r/av_l/av_r/x/y/theta/tx/ty/ttheta: 0.51551 -0.73689 0.60188 0.43547 0.24486 0.11228 0.26044 0.13331 38.89985 7.66760 -6.75101 42.17382 23.20626 9.35071
lin/ang/drive_left/drive_right/tv_l/tv_r/av_l/av_r/x/y/theta/tx/ty/ttheta: 0.49715 -0.69912 0.55369 0.40608 0.23975 0.11055 0.24347 0.13108 39.26526 7.59366 -7.35763 42.56948 23.26848 8.52423
lin/ang/drive_left/drive_right/tv_l/tv_r/av_l/av_r/x/y/theta/tx/ty/ttheta: 0.48271 -0.67018 0.42942 0.39333 0.31720 0.12091 0.23306 0.13092 39.62336 7.51545 -7.92724 42.86679 23.31142 7.91335
lin/ang/drive_left/drive_right/tv_l/tv_r/av_l/av_r/x/y/theta/tx/ty/ttheta: 0.46245 -0.63077 0.54245 0.38080 0.21837 0.09274 0.28386 0.13622 39.98173 7.43245 -8.45930 43.26389 23.36378 7.11113
lin/ang/drive_left/drive_right/tv_l/tv_r/av_l/av_r/x/y/theta/tx/ty/ttheta: 0.44086 -0.59035 0.48107 0.36567 0.20755 0.07875 0.23186 0.11583 40.33686 7.35119 -8.96190 43.66168 23.41063 6.32326
lin/ang/drive_left/drive_right/tv_l/tv_r/av_l/av_r/x/y/theta/tx/ty/ttheta: 0.42366 -0.55930 0.37712 0.34687 0.27321 0.08990 0.20550 0.09653 40.66602 7.27442 -9.45499 43.96043 23.44219 5.74196
lin/ang/drive_left/drive_right/tv_l/tv_r/av_l/av_r/x/y/theta/tx/ty/ttheta: 0.39917 -0.51678 0.47481 0.33563 0.16644 0.05116 0.24417 0.09906 40.97499 7.19984 -9.91563 44.35923 23.47961 4.97982
lin/ang/drive_left/drive_right/tv_l/tv_r/av_l/av_r/x/y/theta/tx/ty/ttheta: 0.37941 -0.48389 0.43374 0.31834 0.18149 0.05990 0.19575 0.07889 41.27873 7.12369 -10.37500 44.65863 23.50421 4.41802
lin/ang/drive_left/drive_right/tv_l/tv_r/av_l/av_r/x/y/theta/tx/ty/ttheta: 0.36548 -0.46139 0.36070 0.28895 0.23824 0.13462 0.17575 0.07203 41.54445 7.05049 -10.86853 44.85837 23.51899 4.04818
lin/ang/drive_left/drive_right/tv_l/tv_r/av_l/av_r/x/y/theta/tx/ty/ttheta: 0.34322 -0.42663 0.33347 0.30667 0.19090 0.07966 0.20894 0.12319 41.80156 6.97549 -11.35160 45.15814 23.53876 3.50047
lin/ang/drive_left/drive_right/tv_l/tv_r/av_l/av_r/x/y/theta/tx/ty/ttheta: 0.31902 -0.39037 0.43418 0.30148 -0.02109 0.05014 0.19847 0.09786 42.06307 6.90364 -11.73879 45.45809 23.55569 2.96123
lin/ang/drive_left/drive_right/tv_l/tv_r/av_l/av_r/x/y/theta/tx/ty/ttheta: 0.29240 -0.35212 0.27014 0.24507 0.07670 -0.02433 0.05661 0.07272 42.31537 6.83501 -12.06377 45.75818 23.56982 2.43049
lin/ang/drive_left/drive_right/tv_l/tv_r/av_l/av_r/x/y/theta/tx/ty/ttheta: 0.27295 -0.32517 0.16295 0.21179 0.16819 0.08008 0.05272 0.00531 42.52180 6.77179 -12.38674 45.95830 23.57770 2.08138
lin/ang/drive_left/drive_right/tv_l/tv_r/av_l/av_r/x/y/theta/tx/ty/ttheta: 0.24037 -0.28172 0.15863 0.18110 0.08385 -0.06749 0.12903 0.06725 42.69709 6.70853 -12.76577 46.25858 23.58725 1.56476
lin/ang/drive_left/drive_right/tv_l/tv_r/av_l/av_r/x/y/theta/tx/ty/ttheta: 0.22835 -0.26616 0.26474 0.20445 0.13140 0.07920 0.11158 -0.02139 42.85812 6.65421 -13.06885 46.35868 23.58984 1.39442
lin/ang/drive_left/drive_right/tv_l/tv_r/av_l/av_r/x/y/theta/tx/ty/ttheta: 0.20195 -0.23280 0.20963 0.11043 -0.02696 0.02723 0.12233 0.04981 43.01079 6.60491 -13.35362 46.55892 23.59412 1.05656
lin/ang/drive_left/drive_right/tv_l/tv_r/av_l/av_r/x/y/theta/tx/ty/ttheta: 0.18722 -0.21463 0.18997 0.20012 0.10089 -0.02801 0.02361 0.04636 43.13449 6.56062 -13.62848 46.65904 23.59582 0.88902
lin/ang/drive_left/drive_right/tv_l/tv_r/av_l/av_r/x/y/theta/tx/ty/ttheta: 0.15330 -0.17378 0.10352 0.13378 -0.08154 -0.12747 0.07700 -0.00408 43.26461 6.52180 -13.77798 46.85931 23.59835 0.55673
lin/ang/drive_left/drive_right/tv_l/tv_r/av_l/av_r/x/y/theta/tx/ty/ttheta: 0.13294 -0.14987 0.14048 0.10330 0.04784 -0.07217 -0.04056 -0.09325 43.35580 6.49058 -13.92927 46.95945 23.59918 0.39198
lin/ang/drive_left/drive_right/tv_l/tv_r/av_l/av_r/x/y/theta/tx/ty/ttheta: 0.10870 -0.12185 0.08364 0.10330 -0.06327 -0.10525 0.02481 -0.07408 43.39671 6.47022 -14.14483 47.05959 23.59972 0.22815
lin/ang/drive_left/drive_right/tv_l/tv_r/av_l/av_r/x/y/theta/tx/ty/ttheta: 0.07697 -0.08580 0.11389 0.09920 -0.18511 -0.16230 -0.03386 -0.08897 43.40888 6.45485 -14.33803 47.15973 23.59998 0.06524
lin/ang/drive_left/drive_right/tv_l/tv_r/av_l/av_r/x/y/theta/tx/ty/ttheta: 0.00000 -0.00000 0.07045 0.09055 -0.49670 -0.40663 -0.13553 -0.13944 43.41439 6.44714 -14.47240 47.20000 23.60000 359.99998
lin/ang/drive_left/drive_right/tv_l/tv_r/av_l/av_r/x/y/theta/tx/ty/ttheta: 0.00000 -0.00000 -0.08731 -0.07845 0.07792 0.07098 -0.32850 -0.30953 43.41786 6.45153 -14.39407 47.20000 23.60000 359.99998
lin/ang/drive_left/drive_right/tv_l/tv_r/av_l/av_r/x/y/theta/tx/ty/ttheta: 0.00000 -0.00000 -0.17721 -0.10654 0.15510 0.11140 -0.06453 -0.00428 43.41848 6.46183 -14.17069 47.20000 23.60000 359.99998
lin/ang/drive_left/drive_right/tv_l/tv_r/av_l/av_r/x/y/theta/tx/ty/ttheta: 0.00000 -0.00000 -0.06051 0.09985 0.11278 -0.08274 0.11156 0.09617 43.33382 6.48285 -13.97007 47.20000 23.60000 359.99998
lin/ang/drive_left/drive_right/tv_l/tv_r/av_l/av_r/x/y/theta/tx/ty/ttheta: 0.00000 -0.00000 0.20553 0.09509 -0.14404 -0.10777 0.11464 -0.04400 43.27618 6.50109 -13.88497 47.20000 23.60000 359.99998
lin/ang/drive_left/drive_right/tv_l/tv_r/av_l/av_r/x/y/theta/tx/ty/ttheta: 0.00000 -0.00000 0.01275 -0.11108 -0.07549 0.08985 -0.07186 -0.09547 43.25797 6.49622 -14.08631 47.20000 23.60000 359.99998
lin/ang/drive_left/drive_right/tv_l/tv_r/av_l/av_r/x/y/theta/tx/ty/ttheta: 0.00000 -0.00000 -0.20639 -0.17592 0.14999 0.15753 -0.09222 0.04228 43.19549 6.50605 -14.21442 47.20000 23.60000 359.99998
lin/ang/drive_left/drive_right/tv_l/tv_r/av_l/av_r/x/y/theta/tx/ty/ttheta: 0.00000 -0.00000 -0.16057 -0.03307 0.16460 0.09776 0.07700 0.12611 43.12259 6.51875 -14.34133 47.20000 23.60000 359.99998
lin/ang/drive_left/drive_right/tv_l/tv_r/av_l/av_r/x/y/theta/tx/ty/ttheta: 0.00000 -0.00000 0.08537 0.00000 -0.06542 0.06834 0.14786 0.09975 43.10414 6.51063 -14.61700 47.20000 23.60000 359.99998
lin/ang/drive_left/drive_right/tv_l/tv_r/av_l/av_r/x/y/theta/tx/ty/ttheta: 0.00000 -0.00000 0.11497 0.01923 -0.11489 -0.04916 -0.00206 0.06606 43.10083 6.51118 -14.59296 47.20000 23.60000 359.99998
lin/ang/drive_left/drive_right/tv_l/tv_r/av_l/av_r/x/y/theta/tx/ty/ttheta: 0.00000 -0.00000 -0.05965 0.02701 0.05951 -0.05845 -0.09447 -0.01578 43.10073 6.50955 -14.62830 47.20000 23.60000 359.99998
lin/ang/drive_left/drive_right/tv_l/tv_r/av_l/av_r/x/y/theta/tx/ty/ttheta: 0.00000 -0.00000 -0.11865 0.02766 0.11548 -0.06242 0.01094 -0.04706 43.10074 6.50983 -14.62226 47.20000 23.60000 359.99998
lin/ang/drive_left/drive_right/tv_l/tv_r/av_l/av_r/x/y/theta/tx/ty/ttheta: 0.00000 -0.00000 -0.12902 -0.08666 0.14041 0.08475 0.08811 -0.05803 43.10069 6.50896 -14.64127 47.20000 23.60000 359.99998
lin/ang/drive_left/drive_right/tv_l/tv_r/av_l/av_r/x/y/theta/tx/ty/ttheta: 0.00000 -0.00000 0.12124 -0.08926 -0.09063 0.10486 0.13056 0.04211 43.09919 6.50956 -14.63674 47.20000 23.60000 359.99998
lin/ang/drive_left/drive_right/tv_l/tv_r/av_l/av_r/x/y/theta/tx/ty/ttheta: 0.00000 -0.00000 0.15668 0.02593 -0.14635 -0.04274 -0.03592 0.09033 43.09629 6.50966 -14.65074 47.20000 23.60000 359.99998
lin/ang/drive_left/drive_right/tv_l/tv_r/av_l/av_r/x/y/theta/tx/ty/ttheta: 0.00000 -0.00000 -0.10222 0.15387 0.07767 -0.13183 -0.12403 -0.00464 43.09613 6.50734 -14.70114 47.20000 23.60000 359.99998
lin/ang/drive_left/drive_right/tv_l/tv_r/av_l/av_r/x/y/theta/tx/ty/ttheta: 0.00000 -0.00000 -0.16662 0.07737 0.14876 -0.11420 0.02569 -0.10144 43.09453 6.50635 -14.73113 47.20000 23.60000 359.99998
lin/ang/drive_left/drive_right/tv_l/tv_r/av_l/av_r/x/y/theta/tx/ty/ttheta: 0.00000 -0.00000 -0.03760 -0.19731 0.09726 0.13836 0.11703 -0.11361 43.09457 6.50705 -14.71601 47.20000 23.60000 359.99998
lin/ang/drive_left/drive_right/tv_l/tv_r/av_l/av_r/x/y/theta/tx/ty/ttheta: 0.00000 -0.00000 0.20834 -0.15668 -0.14842 0.15917 0.10781 0.06914 43.09467 6.50845 -14.68569 47.20000 23.60000 359.99998
lin/ang/drive_left/drive_right/tv_l/tv_r/av_l/av_r/x/y/theta/tx/ty/ttheta: 0.00000 -0.00000 0.09120 0.18327 -0.12311 -0.12115 -0.07531 0.13928 43.09450 6.50598 -14.73917 47.20000 23.60000 359.99998
lin/ang/drive_left/drive_right/tv_l/tv_r/av_l/av_r/x/y/theta/tx/ty/ttheta: 0.00000 -0.00000 -0.22606 0.26561 0.15204 -0.21903 -0.12356 -0.03797 43.09413 6.50060 -14.85594 47.20000 23.60000 359.99998
lin/ang/drive_left/drive_right/tv_l/tv_r/av_l/av_r/x/y/theta/tx/ty/ttheta: 0.00000 -0.00000 -0.18456 -0.10395 0.17935 0.06522 0.06928 -0.17008 43.09414 6.50062 -14.85542 47.20000 23.60000 359.99998
lin/ang/drive_left/drive_right/tv_l/tv_r/av_l/av_r/x/y/theta/tx/ty/ttheta: 0.00000 -0.00000 0.07650 -0.29521 -0.05769 0.22154 0.15639 -0.02072 43.09442 6.50480 -14.76488 47.20000 23.60000 359.99998
lin/ang/drive_left/drive_right/tv_l/tv_r/av_l/av_r/x/y/theta/tx/ty/ttheta: 0.00000 -0.00000 0.24788 0.05705 -0.19150 0.06315 0.00017 0.15914 43.09454 6.50649 -14.72814 47.20000 23.60000 359.99998
lin/ang/drive_left/drive_right/tv_l/tv_r/av_l/av_r/x/y/theta/tx/ty/ttheta: 0.00000 -0.00000 -0.05295 0.30840 0.04118 -0.21228 -0.14475 0.11122 43.09423 6.50195 -14.82657 47.20000 23.60000 359.99998
lin/ang/drive_left/drive_right/tv_l/tv_r/av_l/av_r/x/y/theta/tx/ty/ttheta: 0.00000 -0.00000 -0.25804 0.05122 0.19308 -0.11659 -0.00753 -0.11858 43.09259 6.50055 -14.86559 47.20000 23.60000 359.99998
lin/ang/drive_left/drive_right/tv_l/tv_r/av_l/av_r/x/y/theta/tx/ty/ttheta: 0.00000 -0.00000 -0.17203 -0.31315 0.18905 0.20274 0.13994 -0.13789 43.09293 6.50551 -14.75813 47.20000 23.60000 359.99998
lin/ang/drive_left/drive_right/tv_l/tv_r/av_l/av_r/x/y/theta/tx/ty/ttheta: 0.00000 -0.00000 0.30321 -0.20315 -0.18474 0.20397 0.17267 0.09633 43.09318 6.50914 -14.67931 47.20000 23.60000 359.99998
lin/ang/drive_left/drive_right/tv_l/tv_r/av_l/av_r/x/y/theta/tx/ty/ttheta: 0.00000 -0.00000 0.10071 0.33411 -0.13849 -0.19784 -0.09189 0.18958 43.09272 6.50239 -14.82576 47.20000 23.60000 359.99998
lin/ang/drive_left/drive_right/tv_l/tv_r/av_l/av_r/x/y/theta/tx/ty/ttheta: 0.00000 -0.00000 -0.27792 0.18456 0.17857 -0.19165 -0.13875 -0.04242 43.09778 6.48936 -15.07418 47.20000 23.60000 359.99998
lin/ang/drive_left/drive_right/tv_l/tv_r/av_l/av_r/x/y/theta/tx/ty/ttheta: 0.00000 -0.00000 -0.21568 -0.29781 0.20490 0.17979 0.09172 -0.17658 43.11294 6.48722 -15.06344 47.20000 23.60000 359.99998
lin/ang/drive_left/drive_right/tv_l/tv_r/av_l/av_r/x/y/theta/tx/ty/ttheta: 0.00000 -0.00000 0.28830 -0.26993 -0.17175 0.23734 0.17794 0.04142 43.11355 6.49583 -14.87679 47.20000 23.60000 359.99998
lin/ang/drive_left/drive_right/tv_l/tv_r/av_l/av_r/x/y/theta/tx/ty/ttheta: 0.00000 -0.00000 0.21979 0.26820 -0.20550 -0.15437 -0.07497 0.19933 43.11679 6.49806 -14.81092 47.20000 23.60000 359.99998
lin/ang/drive_left/drive_right/tv_l/tv_r/av_l/av_r/x/y/theta/tx/ty/ttheta: 0.00000 -0.00000 -0.26755 0.33844 0.15994 -0.27107 -0.17847 -0.00892 43.12625 6.48790 -14.94314 47.20000 23.60000 359.99998
lin/ang/drive_left/drive_right/tv_l/tv_r/av_l/av_r/x/y/theta/tx/ty/ttheta: 0.00000 -0.00000 -0.19083 -0.20207 0.18518 0.11068 0.03544 -0.21475 43.13973 6.48385 -14.98317 47.20000 23.60000 359.99998
lin/ang/drive_left/drive_right/tv_l/tv_r/av_l/av_r/x/y/theta/tx/ty/ttheta: 0.00000 -0.00000 0.13767 -0.36394 -0.09092 0.27443 0.15981 -0.02722 43.14331 6.49098 -14.81103 47.20000 23.60000 359.99998
lin/ang/drive_left/drive_right/tv_l/tv_r/av_l/av_r/x/y/theta/tx/ty/ttheta: 0.00000 -0.00000 0.27857 0.13378 -0.21859 -0.07133 -0.01419 0.20464 43.14310 6.49166 -14.76702 47.20000 23.60000 359.99998
lin/ang/drive_left/drive_right/tv_l/tv_r/av_l/av_r/x/y/theta/tx/ty/ttheta: 0.00000 -0.00000 -0.11130 0.33325 0.06909 -0.24570 -0.16306 0.01986 43.14263 6.48483 -14.91518 47.20000 23.60000 359.99998
lin/ang/drive_left/drive_right/tv_l/tv_r/av_l/av_r/x/y/theta/tx/ty/ttheta: 0.00000 -0.00000 -0.28851 -0.09487 0.21861 0.05455 -0.00083 -0.18633 43.14274 6.48267 -14.99118 47.20000 23.60000 359.99998
lin/ang/drive_left/drive_right/tv_l/tv_r/av_l/av_r/x/y/theta/tx/ty/ttheta: 0.00000 -0.00000 -0.10071 -0.31315 0.15580 0.22929 0.15758 -0.02378 43.14285 6.48429 -14.95621 47.20000 23.60000 359.99998
lin/ang/drive_left/drive_right/tv_l/tv_r/av_l/av_r/x/y/theta/tx/ty/ttheta: 0.00000 -0.00000 0.31142 0.00000 -0.19642 0.09890 0.16169 0.16836 43.14299 6.48630 -14.91246 47.20000 23.60000 359.99998
lin/ang/drive_left/drive_right/tv_l/tv_r/av_l/av_r/x/y/theta/tx/ty/ttheta: 0.00000 -0.00000 0.02334 0.31726 -0.09583 -0.21053 -0.08950 0.12644 43.14283 6.48396 -14.96335 47.20000 23.60000 359.99998
lin/ang/drive_left/drive_right/tv_l/tv_r/av_l/av_r/x/y/theta/tx/ty/ttheta: 0.00000 -0.00000 -0.29089 0.09120 0.19403 -0.13979 -0.11344 -0.12850 43.14230 6.47670 -15.12085 47.20000 23.60000 359.99998
lin/ang/drive_left/drive_right/tv_l/tv_r/av_l/av_r/x/y/theta/tx/ty/ttheta: 0.00000 -0.00000 -0.08212 -0.32072 0.12998 0.20256 0.12131 -0.14833 43.14240 6.47803 -15.09199 47.20000 23.60000 359.99998
lin/ang/drive_left/drive_right/tv_l/tv_r/av_l/av_r/x/y/theta/tx/ty/ttheta: 0.00000 -0.00000 0.27555 -0.12989 -0.17895 0.16055 0.13433 0.08761 43.14289 6.48479 -14.94526 47.20000 23.60000 359.99998
lin/ang/drive_left/drive_right/tv_l/tv_r/av_l/av_r/x/y/theta/tx/ty/ttheta: 0.00000 -0.00000 0.12081 0.31358 -0.14884 -0.19456 -0.09172 0.16425 43.14250 6.48302 -14.95454 47.20000 23.60000 359.99998
lin/ang/drive_left/drive_right/tv_l/tv_r/av_l/av_r/x/y/theta/tx/ty/ttheta: 0.00000 -0.00000 -0.23492 0.24335 0.15247 -0.22557 -0.14322 -0.07186 43.15106 6.47607 -15.05352 47.20000 23.60000 359.99998
lin/ang/drive_left/drive_right/tv_l/tv_r/av_l/av_r/x/y/theta/tx/ty/ttheta: 0.00000 -0.00000 -0.26107 -0.29003 0.22476 0.16898 0.07014 -0.19778 43.15732 6.47618 -15.04600 47.20000 23.60000 359.99998
lin/ang/drive_left/drive_right/tv_l/tv_r/av_l/av_r/x/y/theta/tx/ty/ttheta: 0.00000 -0.00000 0.15042 -0.26128 -0.09049 0.22932 0.18617 0.03867 43.15757 6.47958 -14.97221 47.20000 23.60000 359.99998
lin/ang/drive_left/drive_right/tv_l/tv_r/av_l/av_r/x/y/theta/tx/ty/ttheta: 0.00000 -0.00000 0.23600 0.21568 -0.19327 -0.12636 -0.00358 0.18547 43.15897 6.47763 -15.00584 47.20000 23.60000 359.99998
lin/ang/drive_left/drive_right/tv_l/tv_r/av_l/av_r/x/y/theta/tx/ty/ttheta: 0.00000 -0.00000 -0.15106 0.25415 0.09614 -0.21365 -0.15178 -0.00514 43.15853 6.47162 -15.13614 47.20000 23.60000 359.99998
lin/ang/drive_left/drive_right/tv_l/tv_r/av_l/av_r/x/y/theta/tx/ty/ttheta: 0.00000 -0.00000 -0.25891 -0.11951 0.20835 0.07501 0.02517 -0.17178 43.15851 6.47140 -15.14087 47.20000 23.60000 359.99998
lin/ang/drive_left/drive_right/tv_l/tv_r/av_l/av_r/x/y/theta/tx/ty/ttheta: 0.00000 -0.00000 0.08234 -0.32266 -0.05487 0.24042 0.16956 -0.01986 43.16007 6.47404 -15.07571 47.20000 23.60000 359.99998
lin/ang/drive_left/drive_right/tv_l/tv_r/av_l/av_r/x/y/theta/tx/ty/ttheta: 0.00000 -0.00000 0.23470 0.02010 -0.18294 0.09124 -0.00786 0.17556 43.16022 6.47603 -15.03267 47.20000 23.60000 359.99998
lin/ang/drive_left/drive_right/tv_l/tv_r/av_l/av_r/x/y/theta/tx/ty/ttheta: 0.00000 -0.00000 -0.02918 0.34838 -0.06736 -0.22984 -0.14406 0.13842 43.16014 6.47501 -15.05477 47.20000 23.60000 359.99998
lin/ang/drive_left/drive_right/tv_l/tv_r/av_l/av_r/x/y/theta/tx/ty/ttheta: 0.00000 -0.00000 -0.24788 0.00000 0.17671 -0.09098 -0.09019 -0.09958 43.16023 6.47618 -15.02925 47.20000 23.60000 359.99998
lin/ang/drive_left/drive_right/tv_l/tv_r/av_l/av_r/x/y/theta/tx/ty/ttheta: 0.00000 -0.00000 -0.07802 -0.31661 0.12290 0.20971 0.11722 -0.12078 43.16067 6.48240 -14.89450 47.20000 23.60000 359.99998
lin/ang/drive_left/drive_right/tv_l/tv_r/av_l/av_r/x/y/theta/tx/ty/ttheta: 0.00000 -0.00000 0.20466 -0.20380 -0.14040 0.20623 0.12917 0.09772 43.16090 6.48565 -14.82390 47.20000 23.60000 359.99998
lin/ang/drive_left/drive_right/tv_l/tv_r/av_l/av_r/x/y/theta/tx/ty/ttheta: 0.00000 -0.00000 0.24572 0.31250 -0.21243 -0.18539 -0.08778 0.18736 43.16064 6.48196 -14.90402 47.20000 23.60000 359.99998
lin/ang/drive_left/drive_right/tv_l/tv_r/av_l/av_r/x/y/theta/tx/ty/ttheta: 0.00000 -0.00000 -0.25199 0.25502 0.14958 -0.23002 -0.18067 -0.02619 43.16067 6.47814 -15.01952 47.20000 23.60000 359.99998
lin/ang/drive_left/drive_right/tv_l/tv_r/av_l/av_r/x/y/theta/tx/ty/ttheta: 0.00000 -0.00000 -0.24335 -0.28722 0.21349 0.16646 0.06008 -0.19386 43.16090 6.48142 -14.94845 47.20000 23.60000 359.99998
lin/ang/drive_left/drive_right/tv_l/tv_r/av_l/av_r/x/y/theta/tx/ty/ttheta: 0.00000 -0.00000 0.16576 -0.26366 -0.10119 0.23005 0.17692 0.01439 43.16128 6.48684 -14.83085 47.20000 23.60000 359.99998
lin/ang/drive_left/drive_right/tv_l/tv_r/av_l/av_r/x/y/theta/tx/ty/ttheta: 0.00000 -0.00000 0.26323 0.20272 -0.21226 -0.11893 -0.03100 0.19628 43.16039 6.48200 -14.87382 47.20000 23.60000 359.99998
lin/ang/drive_left/drive_right/tv_l/tv_r/av_l/av_r/x/y/theta/tx/ty/ttheta: 0.00000 -0.00000 -0.11389 0.22433 0.07185 -0.19400 -0.17008 -0.01317 43.16147 6.47563 -15.00336 47.20000 23.60000 359.99998
lin/ang/drive_left/drive_right/tv_l/tv_r/av_l/av_r/x/y/theta/tx/ty/ttheta: 0.00000 -0.00000 -0.30321 -0.15236 0.22805 0.09704 0.00153 -0.15914 43.16215 6.47721 -15.03087 47.20000 23.60000 359.99998
lin/ang/drive_left/drive_right/tv_l/tv_r/av_l/av_r/x/y/theta/tx/ty/ttheta: 0.00000 -0.00000 -0.04992 -0.20336 0.12875 0.17571 0.16783 0.02617 43.16239 6.48055 -14.95849 47.20000 23.60000 359.99998
lin/ang/drive_left/drive_right/tv_l/tv_r/av_l/av_r/x/y/theta/tx/ty/ttheta: 0.00000 -0.00000 0.31466 0.04927 -0.20357 -0.04254 0.14631 0.14339 43.16255 6.48290 -14.90754 47.20000 23.60000 359.99998
lin/ang/drive_left/drive_right/tv_l/tv_r/av_l/av_r/x/y/theta/tx/ty/ttheta: 0.00000 -0.00000 -0.00584 0.23146 -0.08048 -0.17770 -0.10542 0.00564 43.16186 6.47725 -14.99734 47.20000 23.60000 359.99998
lin/ang/drive_left/drive_right/tv_l/tv_r/av_l/av_r/x/y/theta/tx/ty/ttheta: 0.00000 -0.00000 -0.29068 0.10719 0.19689 -0.14599 -0.10950 -0.12475 43.16119 6.46822 -15.19319 47.20000 23.60000 359.99998
lin/ang/drive_left/drive_right/tv_l/tv_r/av_l/av_r/x/y/theta/tx/ty/ttheta: 0.00000 -0.00000 -0.18240 -0.26863 0.19012 0.17322 0.10111 -0.14611 43.16084 6.46363 -15.29287 47.20000 23.60000 359.99998
lin/ang/drive_left/drive_right/tv_l/tv_r/av_l/av_r/x/y/theta/tx/ty/ttheta: 0.00000 -0.00000 0.29305 -0.21179 -0.17740 0.20116 0.17678 0.05717 43.16122 6.46854 -15.18629 47.20000 23.60000 359.99998
lin/ang/drive_left/drive_right/tv_l/tv_r/av_l/av_r/x/y/theta/tx/ty/ttheta: 0.00000 -0.00000 0.23449 0.25826 -0.21572 -0.15557 -0.03883 0.17775 43.16126 6.46909 -15.17440 47.20000 23.60000 359.99998
lin/ang/drive_left/drive_right/tv_l/tv_r/av_l/av_r/x/y/theta/tx/ty/ttheta: 0.00000 -0.00000 -0.26128 0.24183 0.15456 -0.21421 -0.17967 -0.01781 43.16096 6.46521 -15.25859 47.20000 23.60000 359.99998
lin/ang/drive_left/drive_right/tv_l/tv_r/av_l/av_r/x/y/theta/tx/ty/ttheta: 0.00000 -0.00000 -0.23794 -0.18197 0.21163 0.11019 0.02056 -0.17197 43.16115 6.46762 -15.20618 47.20000 23.60000 359.99998
lin/ang/drive_left/drive_right/tv_l/tv_r/av_l/av_r/x/y/theta/tx/ty/ttheta: 0.00000 -0.00000 0.14437 -0.30602 -0.08961 0.24002 0.17503 0.02908 43.16180 6.47642 -15.01542 47.20000 23.60000 359.99998
lin/ang/drive_left/drive_right/tv_l/tv_r/av_l/av_r/x/y/theta/tx/ty/ttheta: 0.00000 -0.00000 0.22303 0.11389 -0.18536 -0.06670 0.00444 0.19167 43.16208 6.48035 -14.93009 47.20000 23.60000 359.99998
lin/ang/drive_left/drive_right/tv_l/tv_r/av_l/av_r/x/y/theta/tx/ty/ttheta: 0.00000 -0.00000 -0.06051 0.29673 0.04692 -0.22283 -0.13961 0.01181 43.16160 6.47369 -15.07455 47.20000 23.60000 359.99998
lin/ang/drive_left/drive_right/tv_l/tv_r/av_l/av_r/x/y/theta/tx/ty/ttheta: 0.00000 -0.00000 -0.26409 -0.09768 0.19820 0.06040 -0.01489 -0.16667 43.16118 6.46809 -15.19614 47.20000 23.60000 359.99998
lin/ang/drive_left/drive_right/tv_l/tv_r/av_l/av_r/x/y/theta/tx/ty/ttheta: 0.00000 -0.00000 -0.08926 -0.30710 0.14186 0.22728 0.13997 -0.00478 43.16132 6.46997 -15.15519 47.20000 23.60000 359.99998
lin/ang/drive_left/drive_right/tv_l/tv_r/av_l/av_r/x/y/theta/tx/ty/ttheta: 0.00000 -0.00000 0.29348 -0.03523 -0.18838 0.11936 0.15056 0.15947 43.16156 6.47316 -15.08599 47.20000 23.60000 359.99998
lin/ang/drive_left/drive_right/tv_l/tv_r/av_l/av_r/x/y/theta/tx/ty/ttheta: 0.00000 -0.00000 0.02442 0.33325 -0.09431 -0.21563 -0.07906 0.14356 43.16150 6.47237 -15.10328 47.20000 23.60000 359.99998
lin/ang/drive_left/drive_right/tv_l/tv_r/av_l/av_r/x/y/theta/tx/ty/ttheta: 0.00000 -0.00000 -0.26344 0.02745 0.17886 -0.10342 -0.11192 -0.12558 43.16407 6.46561 -15.23211 47.20000 23.60000 359.99998
lin/ang/drive_left/drive_right/tv_l/tv_r/av_l/av_r/x/y/theta/tx/ty/ttheta: 0.00000 -0.00000 -0.17613 -0.31531 0.18156 0.20648 0.08522 -0.12800 43.17007 6.46570 -15.19557 47.20000 23.60000 359.99998
lin/ang/drive_left/drive_right/tv_l/tv_r/av_l/av_r/x/y/theta/tx/ty/ttheta: 0.00000 -0.00000 0.23060 -0.08558 -0.14385 0.13537 0.16667 0.11908 43.17325 6.46937 -15.09924 47.20000 23.60000 359.99998
lin/ang/drive_left/drive_right/tv_l/tv_r/av_l/av_r/x/y/theta/tx/ty/ttheta: 0.00000 -0.00000 0.22951 0.29694 -0.20376 -0.19004 -0.03094 0.14422 43.17616 6.46698 -15.13332 47.20000 23.60000 359.99998
lin/ang/drive_left/drive_right/tv_l/tv_r/av_l/av_r/x/y/theta/tx/ty/ttheta: 0.00000 -0.00000 -0.15452 0.18046 0.09667 -0.18713 -0.16614 -0.08144 43.18773 6.46165 -15.17995 47.20000 23.60000 359.99998
lin/ang/drive_left/drive_right/tv_l/tv_r/av_l/av_r/x/y/theta/tx/ty/ttheta: 0.00000 -0.00000 -0.29024 -0.27728 0.22704 0.16906 0.00136 -0.17403 43.19537 6.48514 -14.63649 47.20000 23.60000 359.99998
lin/ang/drive_left/drive_right/tv_l/tv_r/av_l/av_r/x/y/theta/tx/ty/ttheta: 0.00000 -0.00000 0.00000 -0.02918 0.09987 0.09193 0.16597 0.04569 43.19874 6.54082 -13.46264 47.20000 23.60000 359.99998
lin/ang/drive_left/drive_right/tv_l/tv_r/av_l/av_r/x/y/theta/tx/ty/ttheta: 0.00000 -0.00000 0.13961 0.26928 -0.11123 -0.18237 0.11875 0.10936 43.19622 6.56030 -12.48641 47.20000 23.60000 359.99998
lin/ang/drive_left/drive_right/tv_l/tv_r/av_l/av_r/x/y/theta/tx/ty/ttheta: 0.00000 -0.00000 -0.01275 0.24291 -0.05158 -0.22204 -0.05508 -0.11056 43.19600 6.57548 -12.09168 47.20000 23.60000 359.99998
lin/ang/drive_left/drive_right/tv_l/tv_r/av_l/av_r/x/y/theta/tx/ty/ttheta: 0.00000 -0.00000 -0.11713 -0.26517 0.10417 0.15560 -0.06914 -0.19747 43.19915 6.57914 -11.99830 47.20000 23.60000 359.99998
lin/ang/drive_left/drive_right/tv_l/tv_r/av_l/av_r/x/y/theta/tx/ty/ttheta: 0.00000 -0.00000 -0.11281 -0.15495 0.12402 0.16278 0.05647 0.03592 43.20566 6.57622 -12.10021 47.20000 23.60000 359.99998
lin/ang/drive_left/drive_right/tv_l/tv_r/av_l/av_r/x/y/theta/tx/ty/ttheta: 0.00000 -0.00000 0.01167 0.23794 0.06152 -0.15127 0.11036 0.14886 43.20459 6.55701 -12.44998 47.20000 23.60000 359.99998
lin/ang/drive_left/drive_right/tv_l/tv_r/av_l/av_r/x/y/theta/tx/ty/ttheta: 0.00000 -0.00000 0.18716 0.09163 -0.14307 -0.12413 0.08383 -0.06825 43.20419 6.54358 -12.74073 47.20000 23.60000 359.99998
lin/ang/drive_left/drive_right/tv_l/tv_r/av_l/av_r/x/y/theta/tx/ty/ttheta: 0.00000 -0.00000 0.09487 -0.19256 -0.12385 0.13312 -0.08161 -0.12419 43.20394 6.53606 -12.90356 47.20000 23.60000 359.99998
lin/ang/drive_left/drive_right/tv_l/tv_r/av_l/av_r/x/y/theta/tx/ty/ttheta: 0.00000 -0.00000 -0.18262 -0.22757 0.12752 0.19973 -0.12097 0.06158 43.20436 6.53135 -13.07164 47.20000 23.60000 359.99998
lin/ang/drive_left/drive_right/tv_l/tv_r/av_l/av_r/x/y/theta/tx/ty/ttheta: 0.00000 -0.00000 -0.22130 0.14566 0.19452 -0.09236 0.05439 0.16442 43.20410 6.52468 -13.21599 47.20000 23.60000 359.99998
lin/ang/drive_left/drive_right/tv_l/tv_r/av_l/av_r/x/y/theta/tx/ty/ttheta: 0.00000 -0.00000 -0.00346 0.26842 0.09311 -0.21296 0.15433 0.01214 43.20366 6.52125 -13.25727 47.20000 23.60000 359.99998
lin/ang/drive_left/drive_right/tv_l/tv_r/av_l/av_r/x/y/theta/tx/ty/ttheta: 0.00000 -0.00000 0.30883 -0.08364 -0.20690 0.05468 0.12419 -0.16358 43.20383 6.52537 -13.16816 47.20000 23.60000 359.99998
lin/ang/drive_left/drive_right/tv_l/tv_r/av_l/av_r/x/y/theta/tx/ty/ttheta: 0.00000 -0.00000 0.01923 -0.27836 -0.09621 0.20873 -0.10147 -0.01608 43.20975 6.52407 -13.16639 47.20000 23.60000 359.99998
lin/ang/drive_left/drive_right/tv_l/tv_r/av_l/av_r/x/y/theta/tx/ty/ttheta: 0.00000 -0.00000 -0.30429 0.01513 0.20157 0.08361 -0.12164 0.14578 43.21241 6.51414 -13.36571 47.20000 23.60000 359.99998
lin/ang/drive_left/drive_right/tv_l/tv_r/av_l/av_r/x/y/theta/tx/ty/ttheta: 0.00000 -0.00000 -0.21158 0.30667 0.20865 -0.20708 0.09856 0.11756 43.21499 6.50676 -13.51081 47.20000 23.60000 359.99998
lin/ang/drive_left/drive_right/tv_l/tv_r/av_l/av_r/x/y/theta/tx/ty/ttheta: 0.00000 -0.00000 0.31294 0.05381 -0.18508 -0.11673 0.18308 -0.10625 43.23310 6.50699 -13.41298 47.20000 23.60000 359.99998
lin/ang/drive_left/drive_right/tv_l/tv_r/av_l/av_r/x/y/theta/tx/ty/ttheta: 0.00000 -0.00000 0.18370 -0.29327 -0.18771 0.19152 -0.04792 -0.13467 43.25264 6.50856 -13.28028 47.20000 23.60000 359.99998
lin/ang/drive_left/drive_right/tv_l/tv_r/av_l/av_r/x/y/theta/tx/ty/ttheta: 0.00000 -0.00000 -0.23124 -0.11476 0.14312 0.14863 -0.16581 0.08214 43.26432 6.50212 -13.35890 47.20000 23.60000 359.99998
lin/ang/drive_left/drive_right/tv_l/tv_r/av_l/av_r/x/y/theta/tx/ty/ttheta: 0.00000 -0.00000 -0.23621 0.28441 0.20753 -0.18035 0.04125 0.14817 43.26396 6.49404 -13.53390 47.20000 23.60000 359.99998
lin/ang/drive_left/drive_right/tv_l/tv_r/av_l/av_r/x/y/theta/tx/ty/ttheta: 0.00000 -0.00000 0.11713 0.19256 -0.07501 -0.19169 0.16667 -0.06997 43.26710 6.49558 -13.48489 47.20000 23.60000 359.99998
lin/ang/drive_left/drive_right/tv_l/tv_r/av_l/av_r/x/y/theta/tx/ty/ttheta: 0.00000 -0.00000 0.30818 -0.26258 -0.23185 0.15986 0.00822 -0.17572 43.26733 6.50069 -13.37417 47.20000 23.60000 359.99998
lin/ang/drive_left/drive_right/tv_l/tv_r/av_l/av_r/x/y/theta/tx/ty/ttheta: 0.00000 -0.00000 -0.05057 -0.18629 -0.07056 0.18248 -0.16872 0.02672 43.27034 6.49911 -13.39262 47.20000 23.60000 359.99998
lin/ang/drive_left/drive_right/tv_l/tv_r/av_l/av_r/x/y/theta/tx/ty/ttheta: 0.00000 -0.00000 -0.34514 0.18024 0.23176 -0.11528 -0.12164 0.16033 43.26998 6.49133 -13.56122 47.20000 23.60000 359.99998
lin/ang/drive_left/drive_right/tv_l/tv_r/av_l/av_r/x/y/theta/tx/ty/ttheta: 0.00000 -0.00000 -0.15344 0.21309 0.18234 -0.18637 0.11686 -0.01950 43.27136 6.49149 -13.55072 47.20000 23.60000 359.99998
lin/ang/drive_left/drive_right/tv_l/tv_r/av_l/av_r/x/y/theta/tx/ty/ttheta: 0.00000 -0.00000 0.35659 -0.09768 -0.21483 0.06783 0.18272 -0.15008 43.27170 6.49911 -13.38571 47.20000 23.60000 359.99998
lin/ang/drive_left/drive_right/tv_l/tv_r/av_l/av_r/x/y/theta/tx/ty/ttheta: 0.00000 -0.00000 0.10222 -0.27403 -0.14747 0.20970 -0.06572 -0.00222 43.27178 6.50096 -13.34551 47.20000 23.60000 359.99998
lin/ang/drive_left/drive_right/tv_l/tv_r/av_l/av_r/x/y/theta/tx/ty/ttheta: 0.00000 -0.00000 -0.31553 0.01751 0.19825 0.08302 -0.15158 0.14767 43.27133 6.49082 -13.56525 47.20000 23.60000 359.99998
lin/ang/drive_left/drive_right/tv_l/tv_r/av_l/av_r/x/y/theta/tx/ty/ttheta: 0.00000 -0.00000 -0.22671 0.29111 0.21671 -0.19862 0.07514 0.11669 43.27098 6.48370 -13.71942 47.20000 23.60000 359.99998
lin/ang/drive_left/drive_right/tv_l/tv_r/av_l/av_r/x/y/theta/tx/ty/ttheta: 0.00000 -0.00000 0.30602 0.05922 -0.17965 -0.11766 0.18583 -0.10572 43.27125 6.48919 -13.60045 47.20000 23.60000 359.99998
lin/ang/drive_left/drive_right/tv_l/tv_r/av_l/av_r/x/y/theta/tx/ty/ttheta: 0.00000 -0.00000 0.24918 -0.28462 -0.22502 0.18641 -0.03558 -0.13261 43.27158 6.49629 -13.44671 47.20000 23.60000 359.99998
lin/ang/drive_left/drive_right/tv_l/tv_r/av_l/av_r/x/y/theta/tx/ty/ttheta: 0.00000 -0.00000 -0.24378 -0.18521 0.14302 0.18897 -0.18564 0.08197 43.27144 6.49333 -13.51074 47.20000 23.60000 359.99998
lin/ang/drive_left/drive_right/tv_l/tv_r/av_l/av_r/x/y/theta/tx/ty/ttheta: 0.00000 -0.00000 -0.26085 0.29176 0.22209 -0.17678 0.01728 0.17231 43.27106 6.48532 -13.68434 47.20000 23.60000 359.99998
lin/ang/drive_left/drive_right/tv_l/tv_r/av_l/av_r/x/y/theta/tx/ty/ttheta: 0.00000 -0.00000 0.14177 0.24291 -0.08606 -0.22054 0.17794 -0.03936 43.27120 6.48810 -13.62409 47.20000 23.60000 359.99998
lin/ang/drive_left/drive_right/tv_l/tv_r/av_l/av_r/x/y/theta/tx/ty/ttheta: 0.00000 -0.00000 0.30386 -0.23103 -0.23225 0.13670 0.01264 -0.19250 43.27147 6.49402 -13.49597 47.20000 23.60000 359.99998
lin/ang/drive_left/drive_right/tv_l/tv_r/av_l/av_r/x/y/theta/tx/ty/ttheta: 0.00000 -0.00000 -0.09768 -0.24832 0.05883 0.21297 -0.17211 0.00631 43.27141 6.49253 -13.52815 47.20000 23.60000 359.99998
lin/ang/drive_left/drive_right/tv_l/tv_r/av_l/av_r/x/y/theta/tx/ty/ttheta: 0.00000 -0.00000 -0.33174 0.10914 0.24145 -0.06944 -0.02531 0.17111 43.27139 6.48587 -13.70529 47.20000 23.60000 359.99998
lin/ang/drive_left/drive_right/tv_l/tv_r/av_l/av_r/x/y/theta/tx/ty/ttheta: 0.00000 -0.00000 -0.12556 0.24183 0.17714 -0.19107 0.17111 0.01489 43.27133 6.48470 -13.73068 47.20000 23.60000 359.99998
lin/ang/drive_left/drive_right/tv_l/tv_r/av_l/av_r/x/y/theta/tx/ty/ttheta: 0.00000 -0.00000 0.37323 0.05814 -0.22736 -0.12213 0.18342 -0.14272 43.27156 6.48937 -13.62954 47.20000 23.60000 359.99998
lin/ang/drive_left/drive_right/tv_l/tv_r/av_l/av_r/x/y/theta/tx/ty/ttheta: 0.00000 -0.00000 0.04106 -0.29262 -0.11463 0.19170 -0.07992 -0.13911 43.27152 6.48864 -13.64537 47.20000 23.60000 359.99998
lin/ang/drive_left/drive_right/tv_l/tv_r/av_l/av_r/x/y/theta/tx/ty/ttheta: 0.00000 -0.00000 -0.33844 -0.01988 0.21743 0.09251 -0.13861 0.09619 43.27095 6.47737 -13.88963 47.20000 23.60000 359.99998
lin/ang/drive_left/drive_right/tv_l/tv_r/av_l/av_r/x/y/theta/tx/ty/ttheta: 0.00000 -0.00000 -0.15863 0.26172 0.18156 -0.17827 0.09564 0.11258 43.27041 6.46742 -14.10507 47.20000 23.60000 359.99998
lin/ang/drive_left/drive_right/tv_l/tv_r/av_l/av_r/x/y/theta/tx/ty/ttheta: 0.00000 -0.00000 0.33390 0.15085 -0.20212 -0.16644 0.17692 -0.10422 43.27057 6.47018 -14.04543 47.20000 23.60000 359.99998
lin/ang/drive_left/drive_right/tv_l/tv_r/av_l/av_r/x/y/theta/tx/ty/ttheta: 0.00000 -0.00000 0.20596 -0.24594 -0.20547 0.15530 -0.07239 -0.15639 43.27084 6.47518 -13.93708 47.20000 23.60000 359.99998
lin/ang/drive_left/drive_right/tv_l/tv_r/av_l/av_r/x/y/theta/tx/ty/ttheta: 0.00000 -0.00000 -0.30537 -0.16036 0.18146 0.16590 -0.18036 0.06075 43.27072 6.47295 -13.98533 47.20000 23.60000 359.99998
lin/ang/drive_left/drive_right/tv_l/tv_r/av_l/av_r/x/y/theta/tx/ty/ttheta: 0.00000 -0.00000 -0.16403 0.18564 0.17510 -0.12139 0.05631 0.14850 43.27052 6.46943 -14.06166 47.20000 23.60000 359.99998
lin/ang/drive_left/drive_right/tv_l/tv_r/av_l/av_r/x/y/theta/tx/ty/ttheta: 0.00000 -0.00000 0.27620 0.18413 -0.17064 -0.17086 0.16564 -0.04892 43.27084 6.47528 -13.93474 47.20000 23.60000 359.99998
lin/ang/drive_left/drive_right/tv_l/tv_r/av_l/av_r/x/y/theta/tx/ty/ttheta: 0.00000 -0.00000 0.19710 -0.11649 -0.19177 0.08135 -0.07289 -0.15092 43.27131 6.48429 -13.73949 47.20000 23.60000 359.99998
lin/ang/drive_left/drive_right/tv_l/tv_r/av_l/av_r/x/y/theta/tx/ty/ttheta: 0.00000 -0.00000 -0.29392 -0.06764 0.17729 0.09115 -0.17333 0.02978 43.28205 6.55652 -12.67204 47.20000 23.60000 359.99998
lin/ang/drive_left/drive_right/tv_l/tv_r/av_l/av_r/x/y/theta/tx/ty/ttheta: 0.00000 -0.00000 -0.23729 0.28073 0.21735 -0.18798 0.06231 0.09719 43.28311 6.65482 -10.68347 47.20000 23.60000 359.99998
lin/ang/drive_left/drive_right/tv_l/tv_r/av_l/av_r/x/y/theta/tx/ty/ttheta: 0.00000 -0.00000 -0.15733 0.23513 0.19321 -0.21894 0.18053 -0.11000 43.27796 6.74513 -8.40259 47.20000 23.60000 359.99998
lin/ang/drive_left/drive_right/tv_l/tv_r/av_l/av_r/x/y/theta/tx/ty/ttheta: 0.00000 -0.00000 -0.10806 0.08083 0.16928 -0.14883 0.18275 -0.18842 43.27132 6.79874 -6.84518 47.20000 23.60000 359.99998
lin/ang/drive_left/drive_right/tv_l/tv_r/av_l/av_r/x/y/theta/tx/ty/ttheta: 0.00000 -0.00000 -0.05576 -0.04906 0.14045 0.05197 0.16306 -0.15125 43.33355 6.87672 -5.76664 47.20000 23.60000 359.99998
lin/ang/drive_left/drive_right/tv_l/tv_r/av_l/av_r/x/y/theta/tx/ty/ttheta: 0.00000 -0.00000 -0.05597 0.02788 0.13838 -0.05322 0.14067 0.00756 43.37308 6.98974 -4.99250 47.20000 23.60000 359.99998
lin/ang/drive_left/drive_right/tv_l/tv_r/av_l/av_r/x/y/theta/tx/ty/ttheta: 0.00000 -0.00000 -0.05662 0.15776 0.14193 -0.13695 0.12953 -0.02464 43.42088 7.02916 -4.47885 47.20000 23.60000 359.99998
lin/ang/drive_left/drive_right/tv_l/tv_r/av_l/av_r/x/y/theta/tx/ty/ttheta: 0.00000 -0.00000 -0.01383 0.10957 0.12094 -0.13526 0.13450 -0.10247 43.48501 7.03883 -4.19631 47.20000 23.60000 359.99998
lin/ang/drive_left/drive_right/tv_l/tv_r/av_l/av_r/x/y/theta/tx/ty/ttheta: 0.00000 -0.00000 0.05446 0.10179 -0.06735 -0.13733 0.12011 -0.12028 43.52779 7.03435 -4.22562 47.20000 23.60000 359.99998
lin/ang/drive_left/drive_right/tv_l/tv_r/av_l/av_r/x/y/theta/tx/ty/ttheta: 0.00000 -0.00000 0.06419 0.09639 -0.08534 -0.14106 -0.01950 -0.12217 43.55506 7.01956 -4.50424 47.20000 23.60000 359.99998
lin/ang/drive_left/drive_right/tv_l/tv_r/av_l/av_r/x/y/theta/tx/ty/ttheta: 0.00000 -0.00000 -0.00389 0.09228 -0.05275 -0.14554 -0.07342 -0.13331 43.57282 7.01109 -4.86091 47.20000 23.60000 359.99998
lin/ang/drive_left/drive_right/tv_l/tv_r/av_l/av_r/x/y/theta/tx/ty/ttheta: 0.00000 -0.00000 -0.10676 -0.02550 0.09857 0.04120 -0.06025 -0.13583 43.57812 7.00062 -5.21438 47.20000 23.60000 359.99998
lin/ang/drive_left/drive_right/tv_l/tv_r/av_l/av_r/x/y/theta/tx/ty/ttheta: 0.00000 -0.00000 -0.10352 -0.04625 0.11701 0.06770 0.05817 -0.00000 43.58110 6.99188 -5.46880 47.20000 23.60000 359.99998
WARNING - pros.serial.terminal.terminal:reader - Connection to /dev/ttyACM1 broken - pros-cli version:3.5.6
WARNING - pros.serial.terminal.terminal:stop - Stopping terminal - pros-cli version:3.5.6

[tomas@nixbtw:~/projects/Robotics/current/libs/lyfast]$

