
[tomas@nixbtw:~/projects/Robotics/current/libs/lyfast]$ mu
Not sending analytics for this command.

Compiled src/main.cpp [WARNINGS]
In file included from ./include/blazing/api.hpp:19,
                 from src/main.cpp:2:
./include/blazing/trackers/arc_odom.hpp: In member function 'void blazing::ArcOdomTracker::update()':
./include/blazing/trackers/arc_odom.hpp:318:20: warning: variable 'delta_time' set but not used [-Wunused-but-set-variable]
  318 |         const Time delta_time = deltaTime(last_time);
      |                    ^~~~~~~~~~
In file included from ./include/api.h:68,
                 from ./include/main.h:37,
                 from src/main.cpp:1:
./include/pros/imu.hpp: At global scope:
./include/pros/imu.hpp:145:30: warning: 'virtual int32_t pros::v5::Imu::reset(bool) const' was hidden [-Woverloaded-virtual=]
  145 |         virtual std::int32_t reset(bool blocking = false) const;
      |                              ^~~~~
src/main.cpp:43:13: note:   by 'int32_t ScaledIMU::reset(bool)'
   43 |     int32_t reset(bool blocking = false) {
      |             ^~~~~
./include/pros/imu.hpp:786:30: warning: 'virtual int32_t pros::v5::Imu::set_rotation(double) const' was hidden [-Woverloaded-virtual=]
  786 |         virtual std::int32_t set_rotation(const double target) const;
      |                              ^~~~~~~~~~~~
src/main.cpp:58:17: note:   by 'virtual int ScaledIMU::set_rotation(double)'
   58 |     virtual int set_rotation(double new_rotation) {
      |                 ^~~~~~~~~~~~
Adding timestamp [OK]
Linking hot project with ./bin/cold.package.elf and blazing,Eigen,float_units,libc,liblvgl,libm,libpros,lyfast [OK]
Section sizes:
   text    data     bss   total     hex filename
96.49KB 452.00B  46.02MB  46.12MB 2e1c461 bin/hot.package.elf
Creating bin/hot.package.bin for VEX EDR V5 [DONE]
Uploading program "lyfast" (lyfast) to V5 slot 1 on /dev/ttyACM0 (compressed)
Compressing library [####################################] 100%
Library is already onboard V5
Uploading slot_1.ini [####################################] 100%
Compressing binary [####################################] 100%
Uploading slot_1.bin (hot.package.bin) [####################################] 100%
Finished uploading "lyfast" (lyfast) to V5

[tomas@nixbtw:~/projects/Robotics/current/libs/lyfast]$ t
Not sending analytics for this command.

Established terminal connection



         _+=+_
      .-`  .  `-.          8888888b.  8888888b.   .d88888b.   .d8888b.
   _+`     "     `+_       888   Y88b 888   Y88b d88P" "Y88b d88P  Y88b
  \\\sssssssssssss///      888    888 888    888 888     888 Y88b.
     .ss\  *  /ss.         888   d88P 888   d88P 888     888  "Y888b.
 .+bm  .s  *  s.  md+.     8888888P"  8888888P"  888     888     "Y88b.
.hMMMMs .  *  . sMMMMh.    888        888 T88b   888     888       "888
 `\hMMMb \ | / dMMMh:      888        888  T88b  Y88b. .d88P Y88b  d88P
   -SNMNo  -  oNMNs-       888        888   T88b  "Y88888P"   "Y8888P"
     `+dMh\./dMd/
        `:yNy:`                      Powered by PROS for VEX V5
           "                Copyright (c) Purdue University ACM SIGBots
Version:        4.2.1     Platform:  V1.1.5 (b18)     Uptime:    0.000 s
Compiled:   Jan  1 1980 00:00:00     Directory:


total distance: 78.136703
delta_distance: 0.100000
allocated for points 791
adding points:1579
isolated constraints:2182
forwards pass:2608
backwards pass:6797
travel times:6897
final time:6908
a_{kin}=\left[9999.99,9999.99,9999.99,9999.99,9999.99,9999.99,9999.99,9999.99,9999.99,9999.99,9999.99,9999.99,9999.99,9999.99,9999.99,9999.99,9999.99,9999.99,9999.99,9999.99,9999.99,9999.99,9999.99,9999.99,9999.99,9999.99,9999.99,9999.99,9999.99,9999.99,9999.99,9999.99,9999.99,9999.99,9999.99,9999.99,9999.99,9999.99,9999.99,9999.99,9999.99,9999.99,9999.99,9999.99,9999.99,9999.99,9999.99,9999.99,9999.99,9999.99,9999.99,9999.99,9999.99,9999.99,9999.99,9999.99,9999.99,9999.99,9999.99,9999.99,9999.99,9999.99,9999.99,9999.99,9999.99,9999.99,9999.99,9999.99,9999.99,9999.99,9999.99,9999.99,9999.99,9999.99,9999.99,9999.99,9999.99,9999.99,9999.99,9999.99,9999.99,9999.99,9999.99,9999.99,9999.99,9999.99,9999.99,9999.99,9999.99,9999.99,9999.99,9999.99,9999.99,9999.99,9999.99,9999.99,9999.99,9999.99,9999.99,9999.99,9999.99,9999.99,9999.99,9999.99,9999.99,9999.99,9999.99,9999.99,9999.99,9999.99,9999.99,9999.99,9999.99,9999.99,9999.99,9999.99,9999.99,9999.99,9999.99,9999.99,9999.99,9999.99,9999.99,9999.99,9999.99,9999.99,9999.99,9999.99,9999.99,9999.99,9999.99,9999.99,9999.99,9999.99,9999.99,9999.99,9999.99,9999.99,9999.99,9999.99,9999.99,9999.99,9999.99,9999.99,9999.99,9999.99,9999.99,9999.99,9999.99,9999.99,9999.99,9999.99,9999.99,9999.99,9999.99,9999.99,9999.99,9999.99,9999.99,9999.99,9999.99,9999.99,9999.99,9999.99,9999.99,9999.99,9999.99,9999.99,9999.99,9999.99,9999.99,9999.99,9999.99,9999.99,9999.99,9999.99,9999.99,9999.99,9999.99,9999.99,9999.99,9999.99,9999.99,9999.99,9999.99,9999.99,9999.99,9999.99,9999.99,9999.99,9999.99,9999.99,9999.99,9999.99,9999.99,9999.99,9999.99,9999.99,9999.99,9999.99,9999.99,9999.99,9999.99,9999.99,9999.99,9999.99,9999.99,9999.99,9999.99,9999.99,9999.99,9999.99,9999.99,9999.99,9999.99,9999.99,9999.99,9999.99,9999.99,9999.99,9999.99,9999.99,9999.99,9999.99,9999.99,9999.99,9999.99,9999.99,9999.99,9999.99,9999.99,9999.99,9999.99,9999.99,9999.99,9999.99,46.0198,45.7612,45.5049,45.2508,44.9989,44.7492,44.5017,44.2564,44.0134,43.7726,43.534,43.2977,43.0636,42.8318,42.6022,42.3749,42.1498,41.927,41.7065,41.4883,41.2723,41.0586,40.8473,40.6382,40.4314,40.2269,40.0248,39.8249,39.6274,39.4323,39.2394,39.0489,38.8608,38.6749,38.4915,38.3104,38.1317,37.9554,37.7814,37.6098,37.4407,37.2739,37.1095,36.9476,36.7881,36.6309,36.4763,36.324,36.1743,36.027,35.8821,35.7397,35.5998,35.4624,35.3275,35.195,35.0651,34.9377,34.8128,34.6905,34.5707,34.4534,34.3387,34.2267,34.1171,34.0102,33.9058,33.8041,33.705,33.6085,33.5147,33.4235,33.335,33.2491,33.1659,33.0855,33.0077,32.9326,32.8603,32.7908,32.724,32.6599,32.5987,32.5402,32.4846,32.4318,32.3818,32.3347,32.2905,32.2492,32.2107,32.1752,32.1427,32.113,32.0864,32.0628,32.0422,32.0246,32.01,31.9985,31.9902,31.9849,31.9828,31.9839,31.9881,31.9955,32.0062,32.0201,32.0373,32.0578,32.0817,32.1089,32.1395,32.1736,32.2111,32.2521,32.2966,32.3446,32.3963,32.4515,32.5105,32.5731,32.6394,32.7095,32.7835,32.8613,32.943,33.0286,33.1182,33.2119,33.3096,33.4115,33.5176,33.6279,33.7425,33.8615,33.9849,34.1128,34.2451,34.3821,34.5238,34.6702,34.8214,34.9775,35.1386,35.3047,35.4759,35.6524,35.8341,36.0212,36.2138,36.412,36.6158,36.8254,37.0409,37.2624,37.4901,37.7239,37.9641,38.2108,38.4642,38.7243,38.9913,39.2653,39.5466,39.8352,40.1314,40.4353,40.7471,41.067,41.3952,41.7319,42.0773,42.4316,42.795,43.1679,43.5504,43.9428,44.3454,44.7585,45.1824,45.6173,46.0637,46.5217,46.9919,47.4746,47.9702,48.479,49.0016,49.5383,50.0897,50.6562,51.2383,51.8367,52.4518,53.0843,53.7348,54.4041,55.0927,55.8015,56.5312,57.2827,58.0569,58.8546,59.677,60.5249,61.3996,62.3022,63.2339,64.1961,65.1902,66.2178,67.2803,68.3796,69.5174,70.6958,71.9167,73.1826,74.4956,75.8586,77.2741,78.7453,80.2755,81.868,83.5267,85.2557,87.0595,88.9428,90.9111,92.9699,95.1257,97.3853,99.7563,102.247,104.867,107.626,110.535,113.607,116.857,120.299,123.95,127.832,131.966,136.377,141.095,146.151,151.585,157.438,163.764,170.619,178.074,186.212,195.129,204.945,215.802,227.873,241.376,256.58,273.829,293.565,316.368,343.011,374.555,412.489,458.973,517.264,592.516,693.393,835.664,1051.39,1417.26,2173.65,4661.47,9997.88,3616.09,1915.44,1302.75,987.031,794.489,664.805,571.515,501.187,446.27,402.2,366.052,335.866,310.28,288.316,269.257,252.562,237.816,224.698,212.952,202.374,192.797,184.087,176.13,168.833,162.118,155.917,150.174,144.84,139.872,135.235,130.896,126.828,123.007,119.41,116.018,112.815,109.785,106.915,104.192,101.605,99.1456,96.8034,94.5707,92.44,90.4045,88.4582,86.5955,84.811,83.1001,81.4584,79.8819,78.3669,76.91,75.508,74.1578,72.8569,71.6026,70.3926,69.2246,68.0966,67.0068,65.9532,64.9342,63.9482,62.9938,62.0695,61.174,60.3061,59.4647,58.6486,57.8568,57.0884,56.3424,55.6179,54.9142,54.2305,53.566,52.92,52.2919,51.681,51.0867,50.5085,49.9458,49.3981,48.8649,48.3458,47.8402,47.3479,46.8683,46.4011,45.946,45.5025,45.0703,44.6491,44.2386,43.8386,43.4486,43.0685,42.698,42.3368,41.9847,41.6415,41.307,40.9808,40.6629,40.3531,40.0511,39.7568,39.47,39.1905,38.9182,38.6529,38.3945,38.1428,37.8977,37.6591,37.4268,37.2007,36.9807,36.7666,36.5585,36.356,36.1593,35.9681,35.7823,35.6019,35.4268,35.2569,35.0921,34.9323,34.7774,34.6274,34.4823,34.3418,34.206,34.0748,33.9481,33.8259,33.7081,33.5946,33.4854,33.3805,33.2797,33.1831,33.0906,33.002,32.9175,32.8369,32.7602,32.6874,32.6183,32.553,32.4915,32.4336,32.3795,32.3289,32.2819,32.2385,32.1986,32.1621,32.1291,32.0996,32.0734,32.0506,32.0312,32.0151,32.0022,31.9926,31.9863,31.9831,31.9832,31.9864,31.9927,32.0022,32.0148,32.0304,32.0491,32.0709,32.0957,32.1234,32.1541,32.1879,32.2245,32.2641,32.3066,32.352,32.4003,32.4514,32.5054,32.5623,32.6219,32.6844,32.7496,32.8177,32.8885,32.962,33.0383,33.1174,33.1991,33.2836,33.3707,33.4605,33.553,33.6482,33.746,33.8465,33.9495,34.0553,34.1635,34.2745,34.388,34.504,34.6227,34.7439,34.8677,34.994,35.1228,35.2542,35.3881,35.5245,35.6634,35.8049,35.9488,36.0951,36.244,36.3953,36.5491,36.7053,36.864,37.0251,37.1887,37.3547,37.5231,37.6939,37.8671,38.0427,38.2207,38.4011,38.5839,38.769,38.9566,39.1464,39.3387,39.5333,39.7302,39.9295,40.1311,40.335,40.5413,40.7499,40.9608,41.174,41.3895,41.6073,41.8274,42.0498,42.2745,42.5015,42.7307,42.9622,43.1959,43.432,43.6702,43.9108,44.1535,44.3985,44.6458,44.8953,45.147,45.4009,45.6571,45.9155,46.02\right]
a_{turn}=\left[\right]
d_{kin}=\left[99.9999,99.9999,99.9999,99.9999,99.9999,99.9999,99.9999,99.9999,99.9999,99.9999,99.9999,99.9999,99.9999,99.9999,99.9999,99.9999,99.9999,99.9999,99.9999,99.9999,99.9999,99.9999,99.9999,99.9999,99.9999,99.9999,99.9999,99.9999,99.9999,99.9999,99.9999,99.9999,99.9999,99.9999,99.9999,99.9999,99.9999,99.9999,99.9999,99.9999,99.9999,99.9999,99.9999,99.9999,99.9999,99.9999,99.9999,99.9999,99.9999,99.9999,99.9999,99.9999,99.9999,99.9999,99.9999,99.9999,99.9999,99.9999,99.9999,99.9999,99.9999,99.9999,99.9999,99.9999,99.9999,99.9999,99.9999,99.9999,99.9999,99.9999,99.9999,99.9999,99.9999,99.9999,99.9999,99.9999,99.9999,99.9999,99.9999,99.9999,99.9999,99.9999,99.9999,99.9999,99.9999,99.9999,99.9999,99.9999,99.9999,99.9999,99.9999,99.9999,99.9999,99.9999,99.9999,99.9999,99.9999,99.9999,99.9999,99.9999,99.9999,99.9999,99.9999,99.9999,99.9999,99.9999,99.9999,99.9999,99.9999,99.9999,99.9999,99.9999,99.9999,99.9999,99.9999,99.9999,99.9999,99.9999,99.9999,99.9999,99.9999,99.9999,99.9999,99.9999,99.9999,99.9999,99.9999,99.9999,99.9999,99.9999,99.9999,99.9999,99.9999,99.9999,99.9999,99.9999,99.9999,99.9999,99.9999,99.9999,99.9999,99.9999,99.9999,99.9999,99.9999,99.9999,99.9999,99.9999,99.9999,99.9999,99.9999,99.9999,99.9999,99.9999,99.9999,99.9999,99.9999,99.9999,99.9999,99.9999,99.9999,99.9999,99.9999,99.9999,99.9999,99.9999,99.9999,99.9999,99.9999,99.9999,99.9999,99.9999,99.9999,99.9999,99.9999,99.9999,99.9999,99.9999,99.9999,99.9999,99.9999,99.9999,99.9999,99.9999,99.9999,99.9999,99.9999,99.9999,99.9999,99.9999,99.9999,99.9999,99.9999,99.9999,99.9999,99.9999,99.9999,99.9999,99.9999,99.9999,99.9999,99.9999,99.9999,99.9999,99.9999,99.9999,99.9999,99.9999,99.9999,99.9999,99.9999,99.9999,99.9999,99.9999,99.9999,99.9999,99.9999,99.9999,99.9999,99.9999,99.9999,99.9999,99.9999,99.9999,99.9999,99.9999,99.9999,99.9999,99.9999,99.9999,99.9999,99.9999,99.9999,99.9999,99.9999,99.9999,46.0198,45.7612,45.5049,45.2508,44.9989,44.7492,44.5017,44.2564,44.0134,43.7726,43.534,43.2977,43.0636,42.8318,42.6022,42.3749,42.1498,41.927,41.7065,41.4883,41.2723,41.0586,40.8473,40.6382,40.4314,40.2269,40.0248,39.8249,39.6274,39.4323,39.2394,39.0489,38.8608,38.6749,38.4915,38.3104,38.1317,37.9554,37.7814,37.6098,37.4407,37.2739,37.1095,36.9476,36.7881,36.6309,36.4763,36.324,36.1743,36.027,35.8821,35.7397,35.5998,35.4624,35.3275,35.195,35.0651,34.9377,34.8128,34.6905,34.5707,34.4534,34.3387,34.2267,34.1171,34.0102,33.9058,33.8041,33.705,33.6085,33.5147,33.4235,33.335,33.2491,33.1659,33.0855,33.0077,32.9326,32.8603,32.7908,32.724,32.6599,32.5987,32.5402,32.4846,32.4318,32.3818,32.3347,32.2905,32.2492,32.2107,32.1752,32.1427,32.113,32.0864,32.0628,32.0422,32.0246,32.01,31.9985,31.9902,31.9849,31.9828,31.9839,31.9881,31.9955,32.0062,32.0201,32.0373,32.0578,32.0817,32.1089,32.1395,32.1736,32.2111,32.2521,32.2966,32.3446,32.3963,32.4515,32.5105,32.5731,32.6394,32.7095,32.7835,32.8613,32.943,33.0286,33.1182,33.2119,33.3096,33.4115,33.5176,33.6279,33.7425,33.8615,33.9849,34.1128,34.2451,34.3821,34.5238,34.6702,34.8214,34.9775,35.1386,35.3047,35.4759,35.6524,35.8341,36.0212,36.2138,36.412,36.6158,36.8254,37.0409,37.2624,37.4901,37.7239,37.9641,38.2108,38.4642,38.7243,38.9913,39.2653,39.5466,39.8352,40.1314,40.4353,40.7471,41.067,41.3952,41.7319,42.0773,42.4316,42.795,43.1679,43.5504,43.9428,44.3454,44.7585,45.1824,45.6173,46.0637,46.5217,46.9919,47.4746,47.9702,48.479,49.0016,49.5383,50.0897,50.6562,51.2383,51.8367,52.4518,53.0843,53.7348,54.4041,55.0927,55.8015,56.5312,57.2827,58.0569,58.8546,59.677,60.5249,61.3996,62.3022,63.2339,64.1961,65.1902,66.2178,67.2803,68.3796,69.5174,70.6958,71.9167,73.1826,74.4956,75.8586,77.2741,78.7453,80.2755,81.868,83.5267,85.2557,87.0595,88.9428,90.9111,92.9699,93.3056,93.4507,93.5964,93.7427,93.8894,94.0367,94.1846,94.3329,94.4818,94.6312,94.7811,94.9316,95.0825,95.234,95.386,95.5385,95.6915,95.8451,95.9991,96.1537,96.3088,96.4644,96.6205,96.7772,96.9343,97.092,97.2502,97.4089,97.5682,97.728,97.8883,98.0491,98.2104,98.3723,98.5348,98.6977,98.8613,99.0253,99.1899,99.355,99.5207,99.687,99.8538,99.9788,99.8116,99.645,99.4788,99.3133,99.1483,98.9838,98.8199,98.6565,98.4937,98.3314,98.1696,98.0084,97.8477,97.6875,97.5279,97.3688,97.2102,97.0521,96.8946,96.7376,96.581,96.4251,96.2696,96.1146,95.9602,95.8062,95.6528,95.4999,95.3475,95.1957,95.0443,94.8935,94.7432,94.5934,94.4441,94.2954,94.1472,93.9995,93.8523,93.7056,93.5595,93.414,93.2689,92.44,90.4045,88.4582,86.5955,84.811,83.1001,81.4584,79.8819,78.3669,76.91,75.508,74.1578,72.8569,71.6026,70.3926,69.2246,68.0966,67.0068,65.9532,64.9342,63.9482,62.9938,62.0695,61.174,60.3061,59.4647,58.6486,57.8568,57.0884,56.3424,55.6179,54.9142,54.2305,53.566,52.92,52.2919,51.681,51.0867,50.5085,49.9458,49.3981,48.8649,48.3458,47.8402,47.3479,46.8683,46.4011,45.946,45.5025,45.0703,44.6491,44.2386,43.8386,43.4486,43.0685,42.698,42.3368,41.9847,41.6415,41.307,40.9808,40.6629,40.3531,40.0511,39.7568,39.47,39.1905,38.9182,38.6529,38.3945,38.1428,37.8977,37.6591,37.4268,37.2007,36.9807,36.7666,36.5585,36.356,36.1593,35.9681,35.7823,35.6019,35.4268,35.2569,35.0921,34.9323,34.7774,34.6274,34.4823,34.3418,34.206,34.0748,33.9481,33.8259,33.7081,33.5946,33.4854,33.3805,33.2797,33.1831,33.0906,33.002,32.9175,32.8369,32.7602,32.6874,32.6183,32.553,32.4915,32.4336,32.3795,32.3289,32.2819,32.2385,32.1986,32.1621,32.1291,32.0996,32.0734,32.0506,32.0312,32.0151,32.0022,31.9926,31.9863,31.9831,31.9832,31.9864,31.9927,32.0022,32.0148,32.0304,32.0491,32.0709,32.0957,32.1234,32.1541,32.1879,32.2245,32.2641,32.3066,32.352,32.4003,32.4514,32.5054,32.5623,32.6219,32.6844,32.7496,32.8177,32.8885,32.962,33.0383,33.1174,33.1991,33.2836,33.3707,33.4605,33.553,33.6482,33.746,33.8465,33.9495,34.0553,34.1635,34.2745,34.388,34.504,34.6227,34.7439,34.8677,34.994,35.1228,35.2542,35.3881,35.5245,35.6634,35.8049,35.9488,36.0951,36.244,36.3953,36.5491,36.7053,36.864,37.0251,37.1887,37.3547,37.5231,37.6939,37.8671,38.0427,38.2207,38.4011,38.5839,38.769,38.9566,39.1464,39.3387,39.5333,39.7302,39.9295,40.1311,40.335,40.5413,40.7499,40.9608,41.174,41.3895,41.6073,41.8274,42.0498,42.2745,42.5015,42.7307,42.9622,43.1959,43.432,43.6702,43.9108,44.1535,44.3985,44.6458,44.8953,45.147,45.4009,45.6571,45.9155,46.02\right]
d_{turn}=\left[\right]
v_{kin}=\left[59.9999,59.9999,59.9999,59.9999,59.9999,59.9999,59.9999,59.9999,59.9999,59.9999,59.9999,59.9999,59.9999,59.9999,59.9999,59.9999,59.9999,59.9999,59.9999,59.9999,59.9999,59.9999,59.9999,59.9999,59.9999,59.9999,59.9999,59.9999,59.9999,59.9999,59.9999,59.9999,59.9999,59.9999,59.9999,59.9999,59.9999,59.9999,59.9999,59.9999,59.9999,59.9999,59.9999,59.9999,59.9999,59.9999,59.9999,59.9999,59.9999,59.9999,59.9999,59.9999,59.9999,59.9999,59.9999,59.9999,59.9999,59.9999,59.9999,59.9999,59.9999,59.9999,59.9999,59.9999,59.9999,59.9999,59.9999,59.9999,59.9999,59.9999,59.9999,59.9999,59.9999,59.9999,59.9999,59.9999,59.9999,59.9999,59.9999,59.9999,59.9999,59.9999,59.9999,59.9999,59.9999,59.9999,59.9999,59.9999,59.9999,59.9999,59.9999,59.9999,59.9999,59.9999,59.9999,59.9999,59.9999,59.9999,59.9999,59.9999,59.9999,59.9999,59.9999,59.9999,59.9999,59.9999,59.9999,59.9999,59.9999,59.9999,59.9999,59.9999,59.9999,59.9999,59.9999,59.9999,59.9999,59.9999,59.9999,59.9999,59.9999,59.9999,59.9999,59.9999,59.9999,59.9999,59.9999,59.9999,59.9999,59.9999,59.9999,59.9999,59.9999,59.9999,59.9999,59.9999,59.9999,59.9999,59.9999,59.9999,59.9999,59.9999,59.9999,59.9999,59.9999,59.9999,59.9999,59.9999,59.9999,59.9999,59.9999,59.9999,59.9999,59.9999,59.9999,59.9999,59.9999,59.9999,59.9999,59.9999,59.9999,59.9999,59.9999,59.9999,59.9999,59.9999,59.9999,59.9999,59.9999,59.9999,59.9999,59.9999,59.9999,59.9999,59.9999,59.9999,59.9999,59.9999,59.9999,59.9999,59.9999,59.9999,59.9999,59.9999,59.9999,59.9999,59.9999,59.9999,59.9999,59.9999,59.9999,59.9999,59.9999,59.9999,59.9999,59.9999,59.9999,59.9999,59.9999,59.9999,59.9999,59.9999,59.9999,59.9999,59.9999,59.9999,59.9999,59.9999,59.9999,59.9999,59.9999,59.9999,59.9999,59.9999,59.9999,59.9999,59.9999,59.9999,59.9999,59.9999,59.9999,59.9999,59.9999,59.9999,59.9999,59.9999,59.9999,59.9999,59.9999,59.9999,59.9999,59.9999,59.9999,59.9999,59.9999,59.9999,52.2509,52.2128,52.1746,52.1365,52.0982,52.06,52.0217,51.9834,51.9451,51.9067,51.8684,51.83,51.7917,51.7534,51.7151,51.6768,51.6386,51.6003,51.5622,51.5241,51.486,51.448,51.4101,51.3723,51.3345,51.2969,51.2593,51.2219,51.1845,51.1473,51.1103,51.0734,51.0366,51,50.9636,50.9273,50.8912,50.8554,50.8197,50.7843,50.749,50.7141,50.6793,50.6448,50.6106,50.5767,50.543,50.5096,50.4766,50.4438,50.4114,50.3794,50.3476,50.3163,50.2853,50.2546,50.2244,50.1946,50.1652,50.1362,50.1077,50.0796,50.0519,50.0248,49.9981,49.9719,49.9462,49.921,49.8964,49.8723,49.8487,49.8257,49.8033,49.7814,49.7602,49.7395,49.7195,49.7001,49.6813,49.6632,49.6457,49.629,49.6128,49.5974,49.5827,49.5687,49.5554,49.5428,49.531,49.5199,49.5096,49.5001,49.4913,49.4833,49.4761,49.4697,49.4641,49.4593,49.4554,49.4523,49.45,49.4486,49.448,49.4483,49.4494,49.4515,49.4544,49.4581,49.4628,49.4684,49.4748,49.4822,49.4904,49.4996,49.5097,49.5207,49.5326,49.5455,49.5592,49.5739,49.5895,49.6061,49.6236,49.642,49.6613,49.6816,49.7028,49.7249,49.748,49.7719,49.7968,49.8227,49.8494,49.8771,49.9057,49.9352,49.9657,49.997,50.0293,50.0624,50.0965,50.1314,50.1672,50.2039,50.2415,50.28,50.3194,50.3596,50.4006,50.4426,50.4853,50.5289,50.5734,50.6186,50.6647,50.7116,50.7593,50.8079,50.8572,50.9072,50.9581,51.0097,51.0621,51.1153,51.1692,51.2238,51.2791,51.3352,51.392,51.4495,51.5077,51.5666,51.6262,51.6864,51.7473,51.8088,51.871,51.9339,51.9973,52.0614,52.1261,52.1914,52.2573,52.3238,52.3909,52.4585,52.5267,52.5955,52.6648,52.7346,52.805,52.8759,52.9474,53.0193,53.0917,53.1647,53.2381,53.312,53.3864,53.4612,53.5365,53.6123,53.6885,53.7652,53.8423,53.9198,53.9978,54.0761,54.1549,54.2341,54.3137,54.3937,54.4741,54.5549,54.636,54.7175,54.7995,54.8817,54.9644,55.0474,55.1307,55.2145,55.2985,55.3829,55.4677,55.5528,55.6383,55.724,55.8101,55.8966,55.9834,56.0704,56.1579,56.2456,56.3337,56.422,56.5107,56.5998,56.6891,56.7787,56.8687,56.959,57.0495,57.1404,57.2316,57.3231,57.4149,57.5071,57.5995,57.6922,57.7853,57.8786,57.9723,58.0663,58.1606,58.2552,58.3501,58.4454,58.5409,58.6368,58.733,58.8295,58.9263,59.0234,59.1209,59.2186,59.3167,59.4152,59.5139,59.613,59.7124,59.8122,59.9123,59.9873,59.887,59.787,59.6873,59.588,59.489,59.3903,59.2919,59.1939,59.0962,58.9988,58.9018,58.805,58.7086,58.6125,58.5167,58.4213,58.3261,58.2313,58.1368,58.0425,57.9486,57.855,57.7617,57.6688,57.5761,57.4837,57.3917,57.3,57.2085,57.1174,57.0266,56.9361,56.8459,56.756,56.6665,56.5772,56.4883,56.3997,56.3114,56.2234,56.1357,56.0484,55.9614,55.8747,55.7883,55.7023,55.6166,55.5312,55.4462,55.3615,55.2772,55.1932,55.1096,55.0263,54.9434,54.8608,54.7786,54.6968,54.6154,54.5343,54.4536,54.3733,54.2934,54.2139,54.1348,54.0561,53.9778,53.9,53.8226,53.7456,53.669,53.5929,53.5172,53.442,53.3673,53.293,53.2192,53.1459,53.073,53.0007,52.9289,52.8576,52.7868,52.7165,52.6468,52.5776,52.509,52.4409,52.3734,52.3064,52.2401,52.1743,52.1091,52.0445,51.9806,51.9173,51.8546,51.7925,51.7311,51.6704,51.6103,51.5509,51.4921,51.4341,51.3768,51.3201,51.2642,51.209,51.1545,51.1008,51.0478,50.9956,50.9442,50.8935,50.8436,50.7945,50.7461,50.6986,50.6519,50.606,50.5609,50.5167,50.4733,50.4307,50.389,50.3481,50.3081,50.269,50.2307,50.1933,50.1568,50.1212,50.0865,50.0527,50.0197,49.9877,49.9566,49.9264,49.8971,49.8688,49.8413,49.8148,49.7892,49.7646,49.7408,49.718,49.6962,49.6752,49.6552,49.6362,49.618,49.6008,49.5845,49.5692,49.5548,49.5413,49.5287,49.5171,49.5063,49.4965,49.4876,49.4797,49.4726,49.4664,49.4611,49.4568,49.4533,49.4507,49.4489,49.4481,49.4481,49.449,49.4507,49.4533,49.4567,49.4609,49.466,49.4719,49.4786,49.4861,49.4944,49.5035,49.5133,49.5239,49.5353,49.5474,49.5603,49.5739,49.5882,49.6032,49.619,49.6354,49.6525,49.6702,49.6886,49.7077,49.7274,49.7477,49.7687,49.7902,49.8123,49.8351,49.8584,49.8822,49.9066,49.9315,49.957,49.9829,50.0094,50.0364,50.0638,50.0917,50.1201,50.1489,50.1781,50.2078,50.2379,50.2684,50.2992,50.3305,50.3621,50.3941,50.4264,50.459,50.492,50.5253,50.5589,50.5928,50.6269,50.6614,50.6961,50.731,50.7662,50.8017,50.8373,50.8732,50.9092,50.9455,50.9819,51.0186,51.0554,51.0923,51.1294,51.1666,51.204,51.2415,51.2791,51.3168,51.3546,51.3925,51.4305,51.4686,51.5067,51.5449,51.5832,51.6215,51.6598,51.6982,51.7366,51.775,51.8134,51.8519,51.8903,51.9288,51.9672,52.0056,52.044,52.0824,52.1208,52.1591,52.1973,52.2356,52.2509\right]
v_{turn}=\left[7.87402e+06,7.87402e+06,7.87402e+06,7.87402e+06,7.87402e+06,7.87402e+06,7.87402e+06,7.87402e+06,7.87402e+06,7.87402e+06,7.87402e+06,7.87402e+06,7.87402e+06,7.87402e+06,7.87402e+06,7.87402e+06,7.87402e+06,7.87402e+06,7.87402e+06,7.87402e+06,7.87402e+06,7.87402e+06,7.87402e+06,7.87402e+06,7.87402e+06,7.87402e+06,7.87402e+06,7.87402e+06,7.87402e+06,7.87402e+06,7.87402e+06,7.87402e+06,7.87402e+06,7.87402e+06,7.87402e+06,7.87402e+06,7.87402e+06,7.87402e+06,7.87402e+06,7.87402e+06,7.87402e+06,7.87402e+06,7.87402e+06,7.87402e+06,7.87402e+06,7.87402e+06,7.87402e+06,7.87402e+06,7.87402e+06,7.87402e+06,7.87402e+06,7.87402e+06,7.87402e+06,7.87402e+06,7.87402e+06,7.87402e+06,7.87402e+06,7.87402e+06,7.87402e+06,7.87402e+06,7.87402e+06,7.87402e+06,7.87402e+06,7.87402e+06,7.87402e+06,7.87402e+06,7.87402e+06,7.87402e+06,7.87402e+06,7.87402e+06,7.87402e+06,7.87402e+06,7.87402e+06,7.87402e+06,7.87402e+06,7.87402e+06,7.87402e+06,7.87402e+06,7.87402e+06,7.87402e+06,7.87402e+06,7.87402e+06,7.87402e+06,7.87402e+06,7.87402e+06,7.87402e+06,7.87402e+06,7.87402e+06,7.87402e+06,7.87402e+06,7.87402e+06,7.87402e+06,7.87402e+06,7.87402e+06,7.87402e+06,7.87402e+06,7.87402e+06,7.87402e+06,7.87402e+06,7.87402e+06,7.87402e+06,7.87402e+06,7.87402e+06,7.87402e+06,7.87402e+06,7.87402e+06,7.87402e+06,7.87402e+06,7.87402e+06,7.87402e+06,7.87402e+06,7.87402e+06,7.87402e+06,7.87402e+06,7.87402e+06,7.87402e+06,7.87402e+06,7.87402e+06,7.87402e+06,7.87402e+06,7.87402e+06,7.87402e+06,7.87402e+06,7.87402e+06,7.87402e+06,7.87402e+06,7.87402e+06,7.87402e+06,7.87402e+06,7.87402e+06,7.87402e+06,7.87402e+06,7.87402e+06,7.87402e+06,7.87402e+06,7.87402e+06,7.87402e+06,7.87402e+06,7.87402e+06,7.87402e+06,7.87402e+06,7.87402e+06,7.87402e+06,7.87402e+06,7.87402e+06,7.87402e+06,7.87402e+06,7.87402e+06,7.87402e+06,7.87402e+06,7.87402e+06,7.87402e+06,7.87402e+06,7.87402e+06,7.87402e+06,7.87402e+06,7.87402e+06,7.87402e+06,7.87402e+06,7.87402e+06,7.87402e+06,7.87402e+06,7.87402e+06,7.87402e+06,7.87402e+06,7.87402e+06,7.87402e+06,7.87402e+06,7.87402e+06,7.87402e+06,7.87402e+06,7.87402e+06,7.87402e+06,7.87402e+06,7.87402e+06,7.87402e+06,7.87402e+06,7.87402e+06,7.87402e+06,7.87402e+06,7.87402e+06,7.87402e+06,7.87402e+06,7.87402e+06,7.87402e+06,7.87402e+06,7.87402e+06,7.87402e+06,7.87402e+06,7.87402e+06,7.87402e+06,7.87402e+06,7.87402e+06,7.87402e+06,7.87402e+06,7.87402e+06,7.87402e+06,7.87402e+06,7.87402e+06,7.87402e+06,7.87402e+06,7.87402e+06,7.87402e+06,7.87402e+06,7.87402e+06,7.87402e+06,7.87402e+06,7.87402e+06,7.87402e+06,7.87402e+06,7.87402e+06,7.87402e+06,7.87402e+06,7.87402e+06,7.87402e+06,7.87402e+06,7.87402e+06,7.87402e+06,7.87402e+06,7.87402e+06,7.87402e+06,7.87402e+06,7.87402e+06,7.87402e+06,7.87402e+06,7.87402e+06,7.87402e+06,7.87402e+06,7.87402e+06,7.87402e+06,7.87402e+06,7.87402e+06,7.87402e+06,7.87402e+06,7.87402e+06,7.87402e+06,70.7997,70.4019,70.0076,69.6166,69.229,68.8449,68.4641,68.0868,67.7129,67.3424,66.9754,66.6118,66.2517,65.895,65.5418,65.1921,64.8459,64.5031,64.1639,63.8281,63.4959,63.1671,62.8419,62.5203,62.2021,61.8876,61.5766,61.2691,60.9653,60.665,60.3683,60.0752,59.7858,59.4999,59.2177,58.9391,58.6642,58.3929,58.1252,57.8613,57.601,57.3445,57.0916,56.8424,56.597,56.3553,56.1173,55.8832,55.6527,55.4261,55.2032,54.9842,54.7689,54.5575,54.3499,54.1462,53.9463,53.7503,53.5582,53.37,53.1857,53.0053,52.8288,52.6564,52.4879,52.3234,52.1628,52.0063,51.8538,51.7054,51.561,51.4207,51.2845,51.1525,51.0245,50.9007,50.7811,50.6656,50.5544,50.4473,50.3446,50.246,50.1518,50.0619,49.9763,49.8951,49.8182,49.7458,49.6777,49.6141,49.555,49.5004,49.4502,49.4047,49.3637,49.3273,49.2956,49.2686,49.2462,49.2285,49.2157,49.2076,49.2043,49.2059,49.2124,49.2239,49.2403,49.2617,49.2882,49.3198,49.3565,49.3983,49.4454,49.4978,49.5555,49.6186,49.687,49.761,49.8404,49.9254,50.0161,50.1124,50.2145,50.3224,50.4361,50.5558,50.6815,50.8132,50.9511,51.0952,51.2456,51.4023,51.5655,51.7353,51.9116,52.0946,52.2845,52.4812,52.6848,52.8956,53.1136,53.3388,53.5714,53.8116,54.0594,54.3149,54.5784,54.8498,55.1294,55.4173,55.7135,56.0184,56.332,56.6545,56.9861,57.3268,57.677,58.0368,58.4064,58.7859,59.1757,59.5758,59.9866,60.4082,60.8409,61.285,61.7406,62.2082,62.6879,63.18,63.6849,64.2029,64.7343,65.2793,65.8385,66.4121,67.0006,67.6043,68.2237,68.8592,69.5113,70.1805,70.8672,71.5719,72.2953,73.0379,73.8003,74.5831,75.3871,76.2128,77.0611,77.9326,78.8282,79.7488,80.6951,81.6682,82.669,83.6985,84.758,85.8484,86.9711,88.1272,89.3182,90.5456,91.8107,93.1152,94.4609,95.8495,97.2829,98.7632,100.293,101.873,103.508,105.199,106.95,108.763,110.641,112.589,114.609,116.705,118.883,121.147,123.501,125.951,128.503,131.163,133.938,136.835,139.863,143.031,146.347,149.824,153.471,157.303,161.334,165.578,170.054,174.781,179.78,185.075,190.693,196.665,203.025,209.811,217.068,224.848,233.207,242.213,251.944,262.491,273.96,286.479,300.199,315.301,332.003,350.574,371.348,394.739,421.276,451.639,486.72,527.709,576.239,634.598,706.112,795.791,911.563,1066.76,1285.64,1617.52,2180.4,3344.08,7171.49,49617.2,5563.21,2946.83,2004.24,1518.51,1222.29,1022.78,879.254,771.056,686.57,618.77,563.157,516.718,477.354,443.564,414.242,388.557,365.871,345.69,327.619,311.345,296.611,283.21,270.969,259.743,249.412,239.872,231.037,222.83,215.188,208.053,201.379,195.12,189.241,183.707,178.489,173.561,168.9,164.484,160.295,156.316,152.532,148.928,145.493,142.215,139.084,136.09,133.224,130.478,127.846,125.321,122.895,120.565,118.323,116.166,114.089,112.088,110.158,108.296,106.499,104.764,103.087,101.466,99.8988,98.3819,96.9135,95.4915,94.1138,92.7786,91.4841,90.2286,89.0104,87.8283,86.6806,85.566,84.4834,83.4315,82.4092,81.4154,80.449,79.5092,78.5949,77.7054,76.8397,75.9971,75.1768,74.3781,73.6004,72.8429,72.1051,71.3863,70.6861,70.0038,69.3389,68.691,68.0594,67.444,66.844,66.2593,65.6893,65.1336,64.5919,64.0639,63.5492,63.0474,62.5584,62.0817,61.6171,61.1643,60.723,60.2931,59.8741,59.466,59.0685,58.6813,58.3042,57.937,57.5797,57.2318,56.8933,56.564,56.2438,55.9323,55.6297,55.3355,55.0497,54.7722,54.5028,54.2413,53.9878,53.742,53.5037,53.273,53.0496,52.8335,52.6246,52.4228,52.2279,52.0399,51.8586,51.684,51.5161,51.3546,51.1996,51.0509,50.9086,50.7724,50.6423,50.5183,50.4003,50.2882,50.182,50.0816,49.9869,49.8979,49.8146,49.7368,49.6645,49.5976,49.5362,49.4802,49.4295,49.384,49.3438,49.3087,49.2788,49.254,49.2342,49.2194,49.2097,49.2048,49.2049,49.2098,49.2196,49.2342,49.2535,49.2776,49.3064,49.3398,49.3779,49.4206,49.4679,49.5198,49.5762,49.6371,49.7025,49.7723,49.8466,49.9253,50.0084,50.0958,50.1876,50.2837,50.3841,50.4887,50.5977,50.7108,50.8282,50.9498,51.0756,51.2055,51.3396,51.4778,51.6201,51.7665,51.9169,52.0715,52.2301,52.3927,52.5593,52.7299,52.9045,53.0831,53.2657,53.4521,53.6426,53.8369,54.0351,54.2372,54.4433,54.6531,54.8668,55.0844,55.3058,55.531,55.76,55.9928,56.2294,56.4698,56.7139,56.9618,57.2134,57.4687,57.7278,57.9906,58.2571,58.5272,58.8011,59.0786,59.3598,59.6447,59.9332,60.2253,60.521,60.8204,61.1234,61.43,61.7401,62.0539,62.3712,62.6921,63.0166,63.3446,63.6762,64.0113,64.3499,64.6921,65.0377,65.3869,65.7395,66.0957,66.4553,66.8184,67.185,67.555,67.9285,68.3055,68.6859,69.0697,69.4569,69.8476,70.2417,70.6392,70.8\right]
v_{friction}=\left[59.9999,59.9999,59.9999,59.9999,59.9999,59.9999,59.9999,59.9999,59.9999,59.9999,59.9999,59.9999,59.9999,59.9999,59.9999,59.9999,59.9999,59.9999,59.9999,59.9999,59.9999,59.9999,59.9999,59.9999,59.9999,59.9999,59.9999,59.9999,59.9999,59.9999,59.9999,59.9999,59.9999,59.9999,59.9999,59.9999,59.9999,59.9999,59.9999,59.9999,59.9999,59.9999,59.9999,59.9999,59.9999,59.9999,59.9999,59.9999,59.9999,59.9999,59.9999,59.9999,59.9999,59.9999,59.9999,59.9999,59.9999,59.9999,59.9999,59.9999,59.9999,59.9999,59.9999,59.9999,59.9999,59.9999,59.9999,59.9999,59.9999,59.9999,59.9999,59.9999,59.9999,59.9999,59.9999,59.9999,59.9999,59.9999,59.9999,59.9999,59.9999,59.9999,59.9999,59.9999,59.9999,59.9999,59.9999,59.9999,59.9999,59.9999,59.9999,59.9999,59.9999,59.9999,59.9999,59.9999,59.9999,59.9999,59.9999,59.9999,59.9999,59.9999,59.9999,59.9999,59.9999,59.9999,59.9999,59.9999,59.9999,59.9999,59.9999,59.9999,59.9999,59.9999,59.9999,59.9999,59.9999,59.9999,59.9999,59.9999,59.9999,59.9999,59.9999,59.9999,59.9999,59.9999,59.9999,59.9999,59.9999,59.9999,59.9999,59.9999,59.9999,59.9999,59.9999,59.9999,59.9999,59.9999,59.9999,59.9999,59.9999,59.9999,59.9999,59.9999,59.9999,59.9999,59.9999,59.9999,59.9999,59.9999,59.9999,59.9999,59.9999,59.9999,59.9999,59.9999,59.9999,59.9999,59.9999,59.9999,59.9999,59.9999,59.9999,59.9999,59.9999,59.9999,59.9999,59.9999,59.9999,59.9999,59.9999,59.9999,59.9999,59.9999,59.9999,59.9999,59.9999,59.9999,59.9999,59.9999,59.9999,59.9999,59.9999,59.9999,59.9999,59.9999,59.9999,59.9999,59.9999,59.9999,59.9999,59.9999,59.9999,59.9999,59.9999,59.9999,59.9999,59.9999,59.9999,59.9999,59.9999,59.9999,59.9999,59.9999,59.9999,59.9999,59.9999,59.9999,59.9999,59.9999,59.9999,59.9999,59.9999,59.9999,59.9999,59.9999,59.9999,59.9999,59.9999,59.9999,59.9999,59.9999,59.9999,59.9999,59.9999,59.9999,59.9999,59.9999,59.9999,59.9999,59.9999,59.9999,59.9999,59.9999,59.9999,59.9999,52.2509,52.2128,52.1746,52.1365,52.0982,52.06,52.0217,51.9834,51.9451,51.9067,51.8684,51.83,51.7917,51.7534,51.7151,51.6768,51.6386,51.6003,51.5622,51.5241,51.486,51.448,51.4101,51.3723,51.3345,51.2969,51.2593,51.2219,51.1845,51.1473,51.1103,51.0734,51.0366,51,50.9636,50.9273,50.8912,50.8554,50.8197,50.7843,50.749,50.7141,50.6793,50.6448,50.6106,50.5767,50.543,50.5096,50.4766,50.4438,50.4114,50.3794,50.3476,50.3163,50.2853,50.2546,50.2244,50.1946,50.1652,50.1362,50.1077,50.0796,50.0519,50.0248,49.9981,49.9719,49.9462,49.921,49.8964,49.8723,49.8487,49.8257,49.8033,49.7814,49.7602,49.7395,49.7195,49.7001,49.6813,49.6632,49.6457,49.629,49.6128,49.5974,49.5827,49.5687,49.5554,49.5428,49.531,49.5199,49.5096,49.5001,49.4502,49.4047,49.3637,49.3273,49.2956,49.2686,49.2462,49.2285,49.2157,49.2076,49.2043,49.2059,49.2124,49.2239,49.2403,49.2617,49.2882,49.3198,49.3565,49.3983,49.4454,49.4978,49.5097,49.5207,49.5326,49.5455,49.5592,49.5739,49.5895,49.6061,49.6236,49.642,49.6613,49.6816,49.7028,49.7249,49.748,49.7719,49.7968,49.8227,49.8494,49.8771,49.9057,49.9352,49.9657,49.997,50.0293,50.0624,50.0965,50.1314,50.1672,50.2039,50.2415,50.28,50.3194,50.3596,50.4006,50.4426,50.4853,50.5289,50.5734,50.6186,50.6647,50.7116,50.7593,50.8079,50.8572,50.9072,50.9581,51.0097,51.0621,51.1153,51.1692,51.2238,51.2791,51.3352,51.392,51.4495,51.5077,51.5666,51.6262,51.6864,51.7473,51.8088,51.871,51.9339,51.9973,52.0614,52.1261,52.1914,52.2573,52.3238,52.3909,52.4585,52.5267,52.5955,52.6648,52.7346,52.805,52.8759,52.9474,53.0193,53.0917,53.1647,53.2381,53.312,53.3864,53.4612,53.5365,53.6123,53.6885,53.7652,53.8423,53.9198,53.9978,54.0761,54.1549,54.2341,54.3137,54.3937,54.4741,54.5549,54.636,54.7175,54.7995,54.8817,54.9644,55.0474,55.1307,55.2145,55.2985,55.3829,55.4677,55.5528,55.6383,55.724,55.8101,55.8966,55.9834,56.0704,56.1579,56.2456,56.3337,56.422,56.5107,56.5998,56.6891,56.7787,56.8687,56.959,57.0495,57.1404,57.2316,57.3231,57.4149,57.5071,57.5995,57.6922,57.7853,57.8786,57.9723,58.0663,58.1606,58.2552,58.3501,58.4454,58.5409,58.6368,58.733,58.8295,58.9263,59.0234,59.1209,59.2186,59.3167,59.4152,59.5139,59.613,59.7124,59.8122,59.9123,59.9873,59.887,59.787,59.6873,59.588,59.489,59.3903,59.2919,59.1939,59.0962,58.9988,58.9018,58.805,58.7086,58.6125,58.5167,58.4213,58.3261,58.2313,58.1368,58.0425,57.9486,57.855,57.7617,57.6688,57.5761,57.4837,57.3917,57.3,57.2085,57.1174,57.0266,56.9361,56.8459,56.756,56.6665,56.5772,56.4883,56.3997,56.3114,56.2234,56.1357,56.0484,55.9614,55.8747,55.7883,55.7023,55.6166,55.5312,55.4462,55.3615,55.2772,55.1932,55.1096,55.0263,54.9434,54.8608,54.7786,54.6968,54.6154,54.5343,54.4536,54.3733,54.2934,54.2139,54.1348,54.0561,53.9778,53.9,53.8226,53.7456,53.669,53.5929,53.5172,53.442,53.3673,53.293,53.2192,53.1459,53.073,53.0007,52.9289,52.8576,52.7868,52.7165,52.6468,52.5776,52.509,52.4409,52.3734,52.3064,52.2401,52.1743,52.1091,52.0445,51.9806,51.9173,51.8546,51.7925,51.7311,51.6704,51.6103,51.5509,51.4921,51.4341,51.3768,51.3201,51.2642,51.209,51.1545,51.1008,51.0478,50.9956,50.9442,50.8935,50.8436,50.7945,50.7461,50.6986,50.6519,50.606,50.5609,50.5167,50.4733,50.4307,50.389,50.3481,50.3081,50.269,50.2307,50.1933,50.1568,50.1212,50.0865,50.0527,50.0197,49.9877,49.9566,49.9264,49.8971,49.8688,49.8413,49.8148,49.7892,49.7646,49.7408,49.718,49.6962,49.6752,49.6552,49.6362,49.618,49.6008,49.5845,49.5692,49.5548,49.5413,49.5287,49.5171,49.5063,49.4802,49.4295,49.384,49.3438,49.3087,49.2788,49.254,49.2342,49.2194,49.2097,49.2048,49.2049,49.2098,49.2196,49.2342,49.2535,49.2776,49.3064,49.3398,49.3779,49.4206,49.4679,49.5035,49.5133,49.5239,49.5353,49.5474,49.5603,49.5739,49.5882,49.6032,49.619,49.6354,49.6525,49.6702,49.6886,49.7077,49.7274,49.7477,49.7687,49.7902,49.8123,49.8351,49.8584,49.8822,49.9066,49.9315,49.957,49.9829,50.0094,50.0364,50.0638,50.0917,50.1201,50.1489,50.1781,50.2078,50.2379,50.2684,50.2992,50.3305,50.3621,50.3941,50.4264,50.459,50.492,50.5253,50.5589,50.5928,50.6269,50.6614,50.6961,50.731,50.7662,50.8017,50.8373,50.8732,50.9092,50.9455,50.9819,51.0186,51.0554,51.0923,51.1294,51.1666,51.204,51.2415,51.2791,51.3168,51.3546,51.3925,51.4305,51.4686,51.5067,51.5449,51.5832,51.6215,51.6598,51.6982,51.7366,51.775,51.8134,51.8519,51.8903,51.9288,51.9672,52.0056,52.044,52.0824,52.1208,52.1591,52.1973,52.2356,52.2509\right]
v_{forward}=\left[1,10.2326,13.9459,16.6934,18.9397,20.8653,22.5635,24.0894,25.4791,26.7577,27.9435,29.0502,30.0885,31.067,31.9925,32.8708,33.7066,34.5039,35.2661,35.9962,36.6969,37.3702,38.0183,38.6429,39.2455,39.8277,40.3905,40.9353,41.463,41.9746,42.471,42.9529,43.4211,43.8763,44.319,44.7499,45.1695,45.5783,45.9767,46.3653,46.7444,47.1143,47.4755,47.8283,48.1729,48.5098,48.8391,49.1612,49.4762,49.7845,50.0863,50.3818,50.6711,50.9545,51.2321,51.5042,51.771,52.0324,52.2888,52.5403,52.787,53.029,53.2665,53.4996,53.7284,53.953,54.1736,54.3903,54.6031,54.8121,55.0175,55.2193,55.4176,55.6125,55.8041,55.9925,56.1777,56.3599,56.539,56.7151,56.8884,57.0589,57.2266,57.3917,57.554,57.7139,57.8712,58.026,58.1784,58.3284,58.4761,58.6216,58.7648,58.9058,59.0447,59.1815,59.3162,59.449,59.5797,59.7085,59.8355,59.9605,59.9999,59.9999,59.9999,59.9999,59.9999,59.9999,59.9999,59.9999,59.9999,59.9999,59.9999,59.9999,59.9999,59.9999,59.9999,59.9999,59.9999,59.9999,59.9999,59.9999,59.9999,59.9999,59.9999,59.9999,59.9999,59.9999,59.9999,59.9999,59.9999,59.9999,59.9999,59.9999,59.9999,59.9999,59.9999,59.9999,59.9999,59.9999,59.9999,59.9999,59.9999,59.9999,59.9999,59.9999,59.9999,59.9999,59.9999,59.9999,59.9999,59.9999,59.9999,59.9999,59.9999,59.9999,59.9999,59.9999,59.9999,59.9999,59.9999,59.9999,59.9999,59.9999,59.9999,59.9999,59.9999,59.9999,59.9999,59.9999,59.9999,59.9999,59.9999,59.9999,59.9999,59.9999,59.9999,59.9999,59.9999,59.9999,59.9999,59.9999,59.9999,59.9999,59.9999,59.9999,59.9999,59.9999,59.9999,59.9999,59.9999,59.9999,59.9999,59.9999,59.9999,59.9999,59.9999,59.9999,59.9999,59.9999,59.9999,59.9999,59.9999,59.9999,59.9999,59.9999,59.9999,59.9999,59.9999,59.9999,59.9999,59.9999,59.9999,59.9999,59.9999,59.9999,59.9999,59.9999,59.9999,59.9999,59.9999,59.9999,59.9999,59.9999,59.9999,59.9999,59.9999,59.9999,59.9999,59.9999,59.9999,59.9999,59.9999,59.9999,59.9999,59.9999,52.2509,52.2128,52.1746,52.1365,52.0982,52.06,52.0217,51.9834,51.9451,51.9067,51.8684,51.83,51.7917,51.7534,51.7151,51.6768,51.6386,51.6003,51.5622,51.5241,51.486,51.448,51.4101,51.3723,51.3345,51.2969,51.2593,51.2219,51.1845,51.1473,51.1103,51.0734,51.0366,51,50.9636,50.9273,50.8912,50.8554,50.8197,50.7843,50.749,50.7141,50.6793,50.6448,50.6106,50.5767,50.543,50.5096,50.4766,50.4438,50.4114,50.3794,50.3476,50.3163,50.2853,50.2546,50.2244,50.1946,50.1652,50.1362,50.1077,50.0796,50.0519,50.0248,49.9981,49.9719,49.9462,49.921,49.8964,49.8723,49.8487,49.8257,49.8033,49.7814,49.7602,49.7395,49.7195,49.7001,49.6813,49.6632,49.6457,49.629,49.6128,49.5974,49.5827,49.5687,49.5554,49.5428,49.531,49.5199,49.5096,49.5001,49.4502,49.4047,49.3637,49.3273,49.2956,49.2686,49.2462,49.2285,49.2157,49.2076,49.2043,49.2059,49.2124,49.2239,49.2403,49.2617,49.2882,49.3198,49.3565,49.3983,49.4454,49.4978,49.5097,49.5207,49.5326,49.5455,49.5592,49.5739,49.5895,49.6061,49.6236,49.642,49.6613,49.6816,49.7028,49.7249,49.748,49.7719,49.7968,49.8227,49.8494,49.8771,49.9057,49.9352,49.9657,49.997,50.0293,50.0624,50.0965,50.1314,50.1672,50.2039,50.2415,50.28,50.3194,50.3596,50.4006,50.4426,50.4853,50.5289,50.5734,50.6186,50.6647,50.7116,50.7593,50.8079,50.8572,50.9072,50.9581,51.0097,51.0621,51.1153,51.1692,51.2238,51.2791,51.3352,51.392,51.4495,51.5077,51.5666,51.6262,51.6864,51.7473,51.8088,51.871,51.9339,51.9973,52.0614,52.1261,52.1914,52.2573,52.3238,52.3909,52.4585,52.5267,52.5955,52.6648,52.7346,52.805,52.8759,52.9474,53.0193,53.0917,53.1647,53.2381,53.312,53.3864,53.4612,53.5365,53.6123,53.6885,53.7652,53.8423,53.9198,53.9978,54.0761,54.1549,54.2341,54.3137,54.3937,54.4741,54.5549,54.636,54.7175,54.7995,54.8817,54.9644,55.0474,55.1307,55.2145,55.2985,55.3829,55.4677,55.5528,55.6383,55.724,55.8101,55.8966,55.9834,56.0704,56.1579,56.2456,56.3337,56.422,56.5107,56.5998,56.6891,56.7787,56.8687,56.959,57.0495,57.1404,57.2316,57.3231,57.4149,57.5071,57.5995,57.6922,57.7853,57.8786,57.9723,58.0663,58.1606,58.2552,58.3501,58.4454,58.5409,58.6368,58.733,58.8295,58.9263,59.0234,59.1209,59.2186,59.3167,59.4152,59.5139,59.613,59.7124,59.8122,59.9123,59.9873,59.887,59.787,59.6873,59.588,59.489,59.3903,59.2919,59.1939,59.0962,58.9988,58.9018,58.805,58.7086,58.6125,58.5167,58.4213,58.3261,58.2313,58.1368,58.0425,57.9486,57.855,57.7617,57.6688,57.5761,57.4837,57.3917,57.3,57.2085,57.1174,57.0266,56.9361,56.8459,56.756,56.6665,56.5772,56.4883,56.3997,56.3114,56.2234,56.1357,56.0484,55.9614,55.8747,55.7883,55.7023,55.6166,55.5312,55.4462,55.3615,55.2772,55.1932,55.1096,55.0263,54.9434,54.8608,54.7786,54.6968,54.6154,54.5343,54.4536,54.3733,54.2934,54.2139,54.1348,54.0561,53.9778,53.9,53.8226,53.7456,53.669,53.5929,53.5172,53.442,53.3673,53.293,53.2192,53.1459,53.073,53.0007,52.9289,52.8576,52.7868,52.7165,52.6468,52.5776,52.509,52.4409,52.3734,52.3064,52.2401,52.1743,52.1091,52.0445,51.9806,51.9173,51.8546,51.7925,51.7311,51.6704,51.6103,51.5509,51.4921,51.4341,51.3768,51.3201,51.2642,51.209,51.1545,51.1008,51.0478,50.9956,50.9442,50.8935,50.8436,50.7945,50.7461,50.6986,50.6519,50.606,50.5609,50.5167,50.4733,50.4307,50.389,50.3481,50.3081,50.269,50.2307,50.1933,50.1568,50.1212,50.0865,50.0527,50.0197,49.9877,49.9566,49.9264,49.8971,49.8688,49.8413,49.8148,49.7892,49.7646,49.7408,49.718,49.6962,49.6752,49.6552,49.6362,49.618,49.6008,49.5845,49.5692,49.5548,49.5413,49.5287,49.5171,49.5063,49.4802,49.4295,49.384,49.3438,49.3087,49.2788,49.254,49.2342,49.2194,49.2097,49.2048,49.2049,49.2098,49.2196,49.2342,49.2535,49.2776,49.3064,49.3398,49.3779,49.4206,49.4679,49.5035,49.5133,49.5239,49.5353,49.5474,49.5603,49.5739,49.5882,49.6032,49.619,49.6354,49.6525,49.6702,49.6886,49.7077,49.7274,49.7477,49.7687,49.7902,49.8123,49.8351,49.8584,49.8822,49.9066,49.9315,49.957,49.9829,50.0094,50.0364,50.0638,50.0917,50.1201,50.1489,50.1781,50.2078,50.2379,50.2684,50.2992,50.3305,50.3621,50.3941,50.4264,50.459,50.492,50.5253,50.5589,50.5928,50.6269,50.6614,50.6961,50.731,50.7662,50.8017,50.8373,50.8732,50.9092,50.9455,50.9819,51.0186,51.0554,51.0923,51.1294,51.1666,51.204,51.2415,51.2791,51.3168,51.3546,51.3925,51.4305,51.4686,51.5067,51.5449,51.5832,51.6215,51.6598,51.6982,51.7366,51.775,51.8134,51.8519,51.8903,51.9288,51.9672,52.0056,52.044,52.0824,52.1208,52.1591,52.1973,52.2356,0\right]
v_{backward}=\left[1,10.2326,13.9459,16.6934,18.9397,20.8653,22.5635,24.0894,25.4791,26.7577,27.9435,29.0502,30.0885,31.067,31.9925,32.8708,33.7066,34.5039,35.2661,35.9962,36.6969,37.3702,38.0183,38.6429,39.2455,39.8277,40.3905,40.9353,41.463,41.9746,42.471,42.9529,43.4211,43.8763,44.319,44.7499,45.1695,45.5783,45.9767,46.3653,46.7444,47.1143,47.4755,47.8283,48.1729,48.5098,48.8391,49.1612,49.4762,49.7845,50.0863,50.3818,50.6711,50.9545,51.2321,51.5042,51.771,52.0324,52.2888,52.5403,52.787,53.029,53.2665,53.4996,53.7284,53.953,54.1736,54.3903,54.6031,54.8121,55.0175,55.2193,55.4176,55.6125,55.8041,55.9925,56.1777,56.3599,56.539,56.7151,56.8884,57.0589,57.2266,57.3917,57.554,57.7139,57.8712,58.026,58.1784,58.3284,58.4761,58.6216,58.7648,58.9058,59.0447,59.1815,59.3162,59.449,59.5797,59.7085,59.8355,59.9605,59.9999,59.9999,59.9999,59.9999,59.9999,59.9999,59.9999,59.9999,59.9999,59.9999,59.9999,59.9999,59.9999,59.9999,59.9999,59.9999,59.9999,59.9999,59.9999,59.9999,59.9999,59.9999,59.9999,59.9999,59.9999,59.9999,59.9999,59.9999,59.9999,59.9999,59.9999,59.9999,59.9999,59.9999,59.9999,59.9999,59.9999,59.9999,59.9999,59.9999,59.9999,59.9999,59.9999,59.9999,59.9999,59.9999,59.9999,59.9999,59.9999,59.9999,59.9999,59.9999,59.9999,59.9999,59.9999,59.9999,59.9999,59.9999,59.9999,59.9999,59.9999,59.9999,59.9999,59.9999,59.9999,59.9999,59.9999,59.9999,59.9999,59.9999,59.9999,59.9999,59.9999,59.9999,59.9999,59.9999,59.9999,59.9999,59.9999,59.9999,59.9999,59.9999,59.9999,59.9999,59.9999,59.9999,59.9999,59.9999,59.9201,59.7944,59.6669,59.5374,59.4061,59.2727,59.1373,58.9998,58.8602,58.7185,58.5745,58.4284,58.2799,58.1291,57.9759,57.8203,57.6622,57.5016,57.3383,57.1724,57.0038,56.8324,56.6582,56.4815,56.3041,56.1262,55.9478,55.7688,55.5892,55.409,55.2282,55.0469,54.8649,54.6823,54.4991,54.3153,54.1309,53.9459,53.7602,53.5738,53.3869,53.1992,53.0109,52.8219,52.6323,52.4419,52.2509,52.2128,52.1746,52.1365,52.0982,52.06,52.0217,51.9834,51.9451,51.9067,51.8684,51.83,51.7917,51.7534,51.7151,51.6768,51.6386,51.6003,51.5622,51.5241,51.486,51.448,51.4101,51.3723,51.3345,51.2969,51.2593,51.2219,51.1845,51.1473,51.1103,51.0734,51.0366,51,50.9636,50.9273,50.8912,50.8554,50.8197,50.7843,50.749,50.7141,50.6793,50.6448,50.6106,50.5767,50.543,50.5096,50.4766,50.4438,50.4114,50.3794,50.3476,50.3163,50.2853,50.2546,50.2244,50.1946,50.1652,50.1362,50.1077,50.0796,50.0519,50.0248,49.9981,49.9719,49.9462,49.921,49.8964,49.8723,49.8487,49.8257,49.8033,49.7814,49.7602,49.7395,49.7195,49.7001,49.6813,49.6632,49.6457,49.629,49.6128,49.5974,49.5827,49.5687,49.5554,49.5428,49.531,49.5199,49.5096,49.5001,49.4502,49.4047,49.3637,49.3273,49.2956,49.2686,49.2462,49.2285,49.2157,49.2076,49.2043,49.2059,49.2124,49.2239,49.2403,49.2617,49.2882,49.3198,49.3565,49.3983,49.4454,49.4978,49.5097,49.5207,49.5326,49.5455,49.5592,49.5739,49.5895,49.6061,49.6236,49.642,49.6613,49.6816,49.7028,49.7249,49.748,49.7719,49.7968,49.8227,49.8494,49.8771,49.9057,49.9352,49.9657,49.997,50.0293,50.0624,50.0965,50.1314,50.1672,50.2039,50.2415,50.28,50.3194,50.3596,50.4006,50.4426,50.4853,50.5289,50.5734,50.6186,50.6647,50.7116,50.7593,50.8079,50.8572,50.9072,50.9581,51.0097,51.0621,51.1153,51.1692,51.2238,51.2791,51.3352,51.392,51.4495,51.5077,51.5666,51.6262,51.6864,51.7473,51.8088,51.871,51.9339,51.9973,52.0614,52.1261,52.1914,52.2573,52.3238,52.3909,52.4585,52.5267,52.5955,52.6648,52.7346,52.805,52.8759,52.9474,53.0193,53.0917,53.1647,53.2381,53.312,53.3864,53.4612,53.5365,53.6123,53.6885,53.7652,53.8423,53.9198,53.9978,54.0761,54.1549,54.2341,54.3137,54.3937,54.4741,54.5549,54.636,54.7175,54.7995,54.8817,54.9644,55.0474,55.1307,55.2145,55.2985,55.3829,55.4677,55.5528,55.6383,55.724,55.8101,55.8966,55.9834,56.0704,56.1579,56.2456,56.3337,56.422,56.5107,56.5998,56.6891,56.7787,56.8687,56.959,57.0495,57.1404,57.2316,57.3231,57.4149,57.3546,57.1889,57.0208,56.852,56.6823,56.5119,56.3406,56.1686,55.9958,55.8221,55.6476,55.4723,55.2961,55.1191,54.9412,54.7625,54.5828,54.4023,54.2209,54.0385,53.8553,53.6711,53.486,53.2999,53.1128,52.9248,52.7358,52.5459,52.3556,52.1649,51.9739,51.7824,51.5906,51.3984,51.2058,51.0127,50.8193,50.6254,50.4311,50.2364,50.0413,49.8457,49.6496,49.4531,49.2562,49.0587,48.8608,48.6624,48.4636,48.2642,48.0643,47.8639,47.663,47.4616,47.2596,47.0571,46.854,46.6504,46.4462,46.2415,46.0361,45.8302,45.6236,45.4165,45.2087,45.0003,44.7913,44.5816,44.3712,44.1602,43.9485,43.7376,43.5304,43.3267,43.1264,42.9293,42.7353,42.5443,42.3561,42.1707,41.9879,41.8077,41.6299,41.4545,41.2814,41.1106,40.9418,40.7752,40.6105,40.4478,40.2869,40.1279,39.9706,39.815,39.661,39.5087,39.3579,39.2086,39.0608,38.9143,38.7693,38.6256,38.4831,38.3419,38.202,38.0632,37.9256,37.7891,37.6536,37.5193,37.3859,37.2535,37.1221,36.9917,36.8621,36.7334,36.6056,36.4786,36.3525,36.2271,36.1025,35.9786,35.8554,35.7329,35.6111,35.49,35.3695,35.2496,35.1303,35.0115,34.8933,34.7757,34.6586,34.542,34.4258,34.3101,34.1949,34.0801,33.9657,33.8517,33.7381,33.6249,33.512,33.3994,33.2872,33.1752,33.0635,32.9522,32.841,32.7301,32.6195,32.509,32.3988,32.2887,32.1788,32.069,31.9594,31.8499,31.7406,31.6313,31.5221,31.4129,31.3039,31.1948,31.0858,30.9768,30.8678,30.7588,30.6497,30.5406,30.4314,30.3222,30.2129,30.1034,29.9939,29.8842,29.7744,29.6644,29.5542,29.4439,29.3333,29.2225,29.1115,29.0003,28.8887,28.7769,28.6648,28.5524,28.4396,28.3265,28.2131,28.0993,27.985,27.8704,27.7553,27.6398,27.5239,27.4074,27.2905,27.173,27.055,26.9365,26.8174,26.6976,26.5773,26.4564,26.3348,26.2125,26.0896,25.9659,25.8415,25.7163,25.5904,25.4637,25.3361,25.2077,25.0784,24.9482,24.8171,24.6851,24.5521,24.418,24.283,24.1468,24.0096,23.8713,23.7318,23.5911,23.4493,23.3061,23.1617,23.016,22.8689,22.7204,22.5705,22.4191,22.2662,22.1117,21.9557,21.7979,21.6385,21.4774,21.3144,21.1496,20.9828,20.8142,20.6434,20.4706,20.2957,20.1185,19.939,19.7571,19.5728,19.386,19.1965,19.0043,18.8094,18.6115,18.4106,18.2066,17.9993,17.7886,17.5745,17.3567,17.135,16.9094,16.6797,16.4456,16.207,15.9636,15.7153,15.4617,15.2025,14.9376,14.6665,14.3888,14.1043,13.8123,13.5125,13.2043,12.887,12.56,12.2224,11.8734,11.5119,11.1366,10.746,10.3385,9.91188,9.46356,8.99027,8.4878,7.9506,7.37105,6.73819,6.03524,5.234,4.27955,3.03036,0\right]
v_{final}=\left[1,10.2326,13.9459,16.6934,18.9397,20.8653,22.5635,24.0894,25.4791,26.7577,27.9435,29.0502,30.0885,31.067,31.9925,32.8708,33.7066,34.5039,35.2661,35.9962,36.6969,37.3702,38.0183,38.6429,39.2455,39.8277,40.3905,40.9353,41.463,41.9746,42.471,42.9529,43.4211,43.8763,44.319,44.7499,45.1695,45.5783,45.9767,46.3653,46.7444,47.1143,47.4755,47.8283,48.1729,48.5098,48.8391,49.1612,49.4762,49.7845,50.0863,50.3818,50.6711,50.9545,51.2321,51.5042,51.771,52.0324,52.2888,52.5403,52.787,53.029,53.2665,53.4996,53.7284,53.953,54.1736,54.3903,54.6031,54.8121,55.0175,55.2193,55.4176,55.6125,55.8041,55.9925,56.1777,56.3599,56.539,56.7151,56.8884,57.0589,57.2266,57.3917,57.554,57.7139,57.8712,58.026,58.1784,58.3284,58.4761,58.6216,58.7648,58.9058,59.0447,59.1815,59.3162,59.449,59.5797,59.7085,59.8355,59.9605,59.9999,59.9999,59.9999,59.9999,59.9999,59.9999,59.9999,59.9999,59.9999,59.9999,59.9999,59.9999,59.9999,59.9999,59.9999,59.9999,59.9999,59.9999,59.9999,59.9999,59.9999,59.9999,59.9999,59.9999,59.9999,59.9999,59.9999,59.9999,59.9999,59.9999,59.9999,59.9999,59.9999,59.9999,59.9999,59.9999,59.9999,59.9999,59.9999,59.9999,59.9999,59.9999,59.9999,59.9999,59.9999,59.9999,59.9999,59.9999,59.9999,59.9999,59.9999,59.9999,59.9999,59.9999,59.9999,59.9999,59.9999,59.9999,59.9999,59.9999,59.9999,59.9999,59.9999,59.9999,59.9999,59.9999,59.9999,59.9999,59.9999,59.9999,59.9999,59.9999,59.9999,59.9999,59.9999,59.9999,59.9999,59.9999,59.9999,59.9999,59.9999,59.9999,59.9999,59.9999,59.9999,59.9999,59.9999,59.9999,59.9201,59.7944,59.6669,59.5374,59.4061,59.2727,59.1373,58.9998,58.8602,58.7185,58.5745,58.4284,58.2799,58.1291,57.9759,57.8203,57.6622,57.5016,57.3383,57.1724,57.0038,56.8324,56.6582,56.4815,56.3041,56.1262,55.9478,55.7688,55.5892,55.409,55.2282,55.0469,54.8649,54.6823,54.4991,54.3153,54.1309,53.9459,53.7602,53.5738,53.3869,53.1992,53.0109,52.8219,52.6323,52.4419,52.2509,52.2128,52.1746,52.1365,52.0982,52.06,52.0217,51.9834,51.9451,51.9067,51.8684,51.83,51.7917,51.7534,51.7151,51.6768,51.6386,51.6003,51.5622,51.5241,51.486,51.448,51.4101,51.3723,51.3345,51.2969,51.2593,51.2219,51.1845,51.1473,51.1103,51.0734,51.0366,51,50.9636,50.9273,50.8912,50.8554,50.8197,50.7843,50.749,50.7141,50.6793,50.6448,50.6106,50.5767,50.543,50.5096,50.4766,50.4438,50.4114,50.3794,50.3476,50.3163,50.2853,50.2546,50.2244,50.1946,50.1652,50.1362,50.1077,50.0796,50.0519,50.0248,49.9981,49.9719,49.9462,49.921,49.8964,49.8723,49.8487,49.8257,49.8033,49.7814,49.7602,49.7395,49.7195,49.7001,49.6813,49.6632,49.6457,49.629,49.6128,49.5974,49.5827,49.5687,49.5554,49.5428,49.531,49.5199,49.5096,49.5001,49.4502,49.4047,49.3637,49.3273,49.2956,49.2686,49.2462,49.2285,49.2157,49.2076,49.2043,49.2059,49.2124,49.2239,49.2403,49.2617,49.2882,49.3198,49.3565,49.3983,49.4454,49.4978,49.5097,49.5207,49.5326,49.5455,49.5592,49.5739,49.5895,49.6061,49.6236,49.642,49.6613,49.6816,49.7028,49.7249,49.748,49.7719,49.7968,49.8227,49.8494,49.8771,49.9057,49.9352,49.9657,49.997,50.0293,50.0624,50.0965,50.1314,50.1672,50.2039,50.2415,50.28,50.3194,50.3596,50.4006,50.4426,50.4853,50.5289,50.5734,50.6186,50.6647,50.7116,50.7593,50.8079,50.8572,50.9072,50.9581,51.0097,51.0621,51.1153,51.1692,51.2238,51.2791,51.3352,51.392,51.4495,51.5077,51.5666,51.6262,51.6864,51.7473,51.8088,51.871,51.9339,51.9973,52.0614,52.1261,52.1914,52.2573,52.3238,52.3909,52.4585,52.5267,52.5955,52.6648,52.7346,52.805,52.8759,52.9474,53.0193,53.0917,53.1647,53.2381,53.312,53.3864,53.4612,53.5365,53.6123,53.6885,53.7652,53.8423,53.9198,53.9978,54.0761,54.1549,54.2341,54.3137,54.3937,54.4741,54.5549,54.636,54.7175,54.7995,54.8817,54.9644,55.0474,55.1307,55.2145,55.2985,55.3829,55.4677,55.5528,55.6383,55.724,55.8101,55.8966,55.9834,56.0704,56.1579,56.2456,56.3337,56.422,56.5107,56.5998,56.6891,56.7787,56.8687,56.959,57.0495,57.1404,57.2316,57.3231,57.4149,57.3546,57.1889,57.0208,56.852,56.6823,56.5119,56.3406,56.1686,55.9958,55.8221,55.6476,55.4723,55.2961,55.1191,54.9412,54.7625,54.5828,54.4023,54.2209,54.0385,53.8553,53.6711,53.486,53.2999,53.1128,52.9248,52.7358,52.5459,52.3556,52.1649,51.9739,51.7824,51.5906,51.3984,51.2058,51.0127,50.8193,50.6254,50.4311,50.2364,50.0413,49.8457,49.6496,49.4531,49.2562,49.0587,48.8608,48.6624,48.4636,48.2642,48.0643,47.8639,47.663,47.4616,47.2596,47.0571,46.854,46.6504,46.4462,46.2415,46.0361,45.8302,45.6236,45.4165,45.2087,45.0003,44.7913,44.5816,44.3712,44.1602,43.9485,43.7376,43.5304,43.3267,43.1264,42.9293,42.7353,42.5443,42.3561,42.1707,41.9879,41.8077,41.6299,41.4545,41.2814,41.1106,40.9418,40.7752,40.6105,40.4478,40.2869,40.1279,39.9706,39.815,39.661,39.5087,39.3579,39.2086,39.0608,38.9143,38.7693,38.6256,38.4831,38.3419,38.202,38.0632,37.9256,37.7891,37.6536,37.5193,37.3859,37.2535,37.1221,36.9917,36.8621,36.7334,36.6056,36.4786,36.3525,36.2271,36.1025,35.9786,35.8554,35.7329,35.6111,35.49,35.3695,35.2496,35.1303,35.0115,34.8933,34.7757,34.6586,34.542,34.4258,34.3101,34.1949,34.0801,33.9657,33.8517,33.7381,33.6249,33.512,33.3994,33.2872,33.1752,33.0635,32.9522,32.841,32.7301,32.6195,32.509,32.3988,32.2887,32.1788,32.069,31.9594,31.8499,31.7406,31.6313,31.5221,31.4129,31.3039,31.1948,31.0858,30.9768,30.8678,30.7588,30.6497,30.5406,30.4314,30.3222,30.2129,30.1034,29.9939,29.8842,29.7744,29.6644,29.5542,29.4439,29.3333,29.2225,29.1115,29.0003,28.8887,28.7769,28.6648,28.5524,28.4396,28.3265,28.2131,28.0993,27.985,27.8704,27.7553,27.6398,27.5239,27.4074,27.2905,27.173,27.055,26.9365,26.8174,26.6976,26.5773,26.4564,26.3348,26.2125,26.0896,25.9659,25.8415,25.7163,25.5904,25.4637,25.3361,25.2077,25.0784,24.9482,24.8171,24.6851,24.5521,24.418,24.283,24.1468,24.0096,23.8713,23.7318,23.5911,23.4493,23.3061,23.1617,23.016,22.8689,22.7204,22.5705,22.4191,22.2662,22.1117,21.9557,21.7979,21.6385,21.4774,21.3144,21.1496,20.9828,20.8142,20.6434,20.4706,20.2957,20.1185,19.939,19.7571,19.5728,19.386,19.1965,19.0043,18.8094,18.6115,18.4106,18.2066,17.9993,17.7886,17.5745,17.3567,17.135,16.9094,16.6797,16.4456,16.207,15.9636,15.7153,15.4617,15.2025,14.9376,14.6665,14.3888,14.1043,13.8123,13.5125,13.2043,12.887,12.56,12.2224,11.8734,11.5119,11.1366,10.746,10.3385,9.91188,9.46356,8.99027,8.4878,7.9506,7.37105,6.73819,6.03524,5.234,4.27955,3.03036,0\right]
l_{times}=\left[0,0.0178054,0.0260772,0.0326048,0.0382175,0.043242,0.0478472,0.0521342,0.056169,0.0599978,0.063654,0.0671632,0.070545,0.0738154,0.076987,0.0800704,0.0830744,0.0860065,0.0888731,0.0916796,0.0944309,0.0971312,0.0997841,0.102393,0.104961,0.10749,0.109983,0.112443,0.11487,0.117267,0.119635,0.121976,0.124292,0.126583,0.128851,0.131096,0.13332,0.135524,0.137709,0.139875,0.142023,0.144153,0.146268,0.148366,0.15045,0.152518,0.154573,0.156614,0.158641,0.160656,0.162659,0.164649,0.166629,0.168597,0.170554,0.1725,0.174437,0.176364,0.178281,0.180189,0.182088,0.183978,0.185859,0.187733,0.189598,0.191455,0.193305,0.195147,0.196982,0.19881,0.200631,0.202445,0.204253,0.206054,0.207849,0.209638,0.211421,0.213198,0.21497,0.216736,0.218496,0.220251,0.222001,0.223746,0.225486,0.227221,0.228952,0.230677,0.232399,0.234115,0.235827,0.237535,0.239239,0.240939,0.242634,0.244326,0.246014,0.247698,0.249378,0.251055,0.252728,0.254397,0.256065,0.257731,0.259398,0.261064,0.262731,0.264398,0.266064,0.267731,0.269398,0.271064,0.272731,0.274398,0.276064,0.277731,0.279398,0.281064,0.282731,0.284398,0.286064,0.287731,0.289398,0.291064,0.292731,0.294398,0.296064,0.297731,0.299398,0.301064,0.302731,0.304398,0.306064,0.307731,0.309398,0.311064,0.312731,0.314398,0.316064,0.317731,0.319398,0.321064,0.322731,0.324398,0.326064,0.327731,0.329398,0.331064,0.332731,0.334398,0.336064,0.337731,0.339398,0.341064,0.342731,0.344398,0.346064,0.347731,0.349398,0.351064,0.352731,0.354398,0.356064,0.357731,0.359398,0.361064,0.362731,0.364398,0.366064,0.367731,0.369398,0.371064,0.372731,0.374398,0.376064,0.377731,0.379398,0.381064,0.382731,0.384398,0.386064,0.387731,0.389398,0.391064,0.392731,0.394398,0.396064,0.397731,0.399398,0.401064,0.402732,0.404403,0.406077,0.407755,0.409436,0.411121,0.41281,0.414503,0.4162,0.417901,0.419606,0.421316,0.42303,0.424748,0.42647,0.428197,0.429929,0.431666,0.433407,0.435154,0.436906,0.438663,0.440425,0.442193,0.443966,0.445745,0.447529,0.44932,0.451116,0.452917,0.454725,0.456539,0.458358,0.460184,0.462016,0.463854,0.465698,0.467549,0.469406,0.471269,0.473139,0.475015,0.476898,0.478788,0.480684,0.482588,0.484498,0.486413,0.488329,0.490246,0.492165,0.494085,0.496007,0.49793,0.499854,0.50178,0.503707,0.505636,0.507566,0.509497,0.51143,0.513365,0.515301,0.517238,0.519177,0.521117,0.523058,0.525001,0.526946,0.528892,0.530839,0.532788,0.534738,0.536689,0.538642,0.540597,0.542553,0.54451,0.546468,0.548429,0.55039,0.552353,0.554317,0.556283,0.55825,0.560218,0.562188,0.564159,0.566132,0.568106,0.570081,0.572057,0.574035,0.576014,0.577995,0.579977,0.58196,0.583944,0.58593,0.587916,0.589904,0.591894,0.593884,0.595876,0.597869,0.599863,0.601858,0.603854,0.605851,0.60785,0.609849,0.61185,0.613852,0.615854,0.617858,0.619863,0.621868,0.623875,0.625882,0.62789,0.6299,0.63191,0.633921,0.635932,0.637945,0.639958,0.641972,0.643986,0.646002,0.648018,0.650034,0.652051,0.654069,0.656087,0.658106,0.660125,0.662145,0.664165,0.666186,0.668209,0.670234,0.672261,0.674288,0.676318,0.678348,0.680379,0.68241,0.684442,0.686475,0.688507,0.690539,0.692571,0.694602,0.696632,0.698662,0.70069,0.702717,0.704742,0.706766,0.708787,0.710807,0.712827,0.714846,0.716864,0.718882,0.7209,0.722917,0.724933,0.726949,0.728963,0.730977,0.732991,0.735003,0.737015,0.739025,0.741035,0.743043,0.745051,0.747058,0.749063,0.751067,0.753071,0.755073,0.757073,0.759073,0.761071,0.763068,0.765063,0.767057,0.76905,0.771041,0.773031,0.775019,0.777005,0.77899,0.780974,0.782955,0.784935,0.786913,0.78889,0.790864,0.792837,0.794808,0.796777,0.798745,0.80071,0.802673,0.804635,0.806594,0.808552,0.810507,0.81246,0.814411,0.81636,0.818307,0.820252,0.822195,0.824135,0.826073,0.828009,0.829943,0.831874,0.833803,0.83573,0.837654,0.839576,0.841496,0.843413,0.845328,0.84724,0.84915,0.851058,0.852963,0.854865,0.856765,0.858663,0.860558,0.86245,0.86434,0.866228,0.868112,0.869995,0.871874,0.873751,0.875626,0.877498,0.879367,0.881233,0.883097,0.884959,0.886817,0.888673,0.890526,0.892377,0.894225,0.89607,0.897913,0.899752,0.901589,0.903424,0.905255,0.907084,0.908911,0.910734,0.912555,0.914373,0.916188,0.918001,0.91981,0.921617,0.923422,0.925223,0.927022,0.928818,0.930611,0.932401,0.934189,0.935974,0.937756,0.939535,0.941312,0.943085,0.944856,0.946625,0.94839,0.950153,0.951912,0.953669,0.955424,0.957175,0.958924,0.96067,0.962413,0.964155,0.965901,0.967653,0.969409,0.971171,0.972937,0.97471,0.976487,0.97827,0.980059,0.981853,0.983653,0.985459,0.98727,0.989087,0.99091,0.992739,0.994574,0.996416,0.998263,1.00012,1.00198,1.00384,1.00572,1.0076,1.00948,1.01137,1.01327,1.01518,1.01709,1.01901,1.02094,1.02288,1.02482,1.02677,1.02872,1.03069,1.03266,1.03464,1.03663,1.03862,1.04062,1.04263,1.04465,1.04668,1.04871,1.05075,1.0528,1.05486,1.05693,1.05901,1.06109,1.06319,1.06529,1.0674,1.06952,1.07165,1.07379,1.07594,1.0781,1.08026,1.08244,1.08463,1.08682,1.08903,1.09125,1.09348,1.09571,1.09796,1.10022,1.10249,1.10477,1.10706,1.10937,1.11168,1.114,1.11634,1.11868,1.12104,1.1234,1.12578,1.12817,1.13057,1.13297,1.13539,1.13782,1.14025,1.1427,1.14516,1.14763,1.1501,1.15259,1.15509,1.1576,1.16011,1.16264,1.16517,1.16772,1.17027,1.17284,1.17541,1.178,1.18059,1.1832,1.18581,1.18843,1.19106,1.1937,1.19635,1.19902,1.20169,1.20437,1.20705,1.20975,1.21246,1.21518,1.21791,1.22064,1.22339,1.22614,1.22891,1.23168,1.23447,1.23726,1.24006,1.24288,1.2457,1.24853,1.25137,1.25423,1.25709,1.25996,1.26284,1.26573,1.26863,1.27154,1.27446,1.27739,1.28033,1.28327,1.28623,1.2892,1.29218,1.29517,1.29817,1.30118,1.3042,1.30723,1.31027,1.31332,1.31638,1.31945,1.32253,1.32562,1.32872,1.33184,1.33496,1.3381,1.34124,1.3444,1.34756,1.35074,1.35393,1.35713,1.36034,1.36356,1.3668,1.37004,1.3733,1.37657,1.37985,1.38314,1.38644,1.38976,1.39309,1.39643,1.39978,1.40315,1.40652,1.40991,1.41332,1.41673,1.42016,1.4236,1.42706,1.43052,1.43401,1.4375,1.44101,1.44453,1.44807,1.45162,1.45519,1.45877,1.46237,1.46598,1.4696,1.47324,1.4769,1.48057,1.48426,1.48796,1.49168,1.49542,1.49918,1.50295,1.50674,1.51054,1.51437,1.51821,1.52207,1.52595,1.52984,1.53376,1.5377,1.54166,1.54563,1.54963,1.55365,1.55769,1.56175,1.56584,1.56994,1.57407,1.57823,1.5824,1.5866,1.59083,1.59508,1.59936,1.60366,1.608,1.61235,1.61674,1.62116,1.6256,1.63008,1.63458,1.63912,1.64369,1.6483,1.65294,1.65761,1.66232,1.66707,1.67185,1.67668,1.68154,1.68645,1.6914,1.69639,1.70143,1.70651,1.71165,1.71683,1.72207,1.72736,1.7327,1.7381,1.74356,1.74909,1.75468,1.76033,1.76606,1.77186,1.77773,1.78368,1.78972,1.79585,1.80206,1.80838,1.81479,1.82132,1.82795,1.83471,1.84159,1.84861,1.85577,1.86309,1.87058,1.87824,1.8861,1.89417,1.90247,1.91103,1.91986,1.929,1.93848,1.94836,1.95868,1.96952,1.98096,1.99313,2.00618,2.02036,2.03601,2.05376,2.07478,2.10214,2.16814,\right]
l_{points}=\left[\left(-23.6,0\right),\left(-23.5,0\right),\left(-23.4,0\right),\left(-23.3,0\right),\left(-23.2,0\right),\left(-23.1,0\right),\left(-23,0\right),\left(-22.9,0\right),\left(-22.8,0\right),\left(-22.7,0\right),\left(-22.6,0\right),\left(-22.5,0\right),\left(-22.4,0\right),\left(-22.3,0\right),\left(-22.2,0\right),\left(-22.1,0\right),\left(-22,0\right),\left(-21.9,0\right),\left(-21.8,0\right),\left(-21.7,0\right),\left(-21.6,0\right),\left(-21.5,0\right),\left(-21.4,0\right),\left(-21.3,0\right),\left(-21.2,0\right),\left(-21.1,0\right),\left(-21,0\right),\left(-20.9,0\right),\left(-20.8,0\right),\left(-20.7,0\right),\left(-20.6,0\right),\left(-20.5,0\right),\left(-20.4,0\right),\left(-20.3,0\right),\left(-20.2,0\right),\left(-20.1,0\right),\left(-20,0\right),\left(-19.9,0\right),\left(-19.8,0\right),\left(-19.7,0\right),\left(-19.6,0\right),\left(-19.5,0\right),\left(-19.4,0\right),\left(-19.3,0\right),\left(-19.2,0\right),\left(-19.1,0\right),\left(-19,0\right),\left(-18.9,0\right),\left(-18.8,0\right),\left(-18.7,0\right),\left(-18.6,0\right),\left(-18.5,0\right),\left(-18.4,0\right),\left(-18.3,0\right),\left(-18.2,0\right),\left(-18.1,0\right),\left(-18,0\right),\left(-17.9,0\right),\left(-17.8,0\right),\left(-17.7,0\right),\left(-17.6,0\right),\left(-17.5,0\right),\left(-17.4,0\right),\left(-17.3,0\right),\left(-17.2,0\right),\left(-17.1,0\right),\left(-17,0\right),\left(-16.9,0\right),\left(-16.8,0\right),\left(-16.7,0\right),\left(-16.6,0\right),\left(-16.5,0\right),\left(-16.4,0\right),\left(-16.3,0\right),\left(-16.2,0\right),\left(-16.1,0\right),\left(-16,0\right),\left(-15.9,0\right),\left(-15.8,0\right),\left(-15.7,0\right),\left(-15.6,0\right),\left(-15.5,0\right),\left(-15.4,0\right),\left(-15.3,0\right),\left(-15.2,0\right),\left(-15.1,0\right),\left(-15,0\right),\left(-14.9,0\right),\left(-14.8,0\right),\left(-14.7,0\right),\left(-14.6,0\right),\left(-14.5,0\right),\left(-14.4,0\right),\left(-14.3,0\right),\left(-14.2,0\right),\left(-14.1,0\right),\left(-14,0\right),\left(-13.9,0\right),\left(-13.8,0\right),\left(-13.7,0\right),\left(-13.6,0\right),\left(-13.5,0\right),\left(-13.4,0\right),\left(-13.3,0\right),\left(-13.2,0\right),\left(-13.1,0\right),\left(-13,0\right),\left(-12.9,0\right),\left(-12.8,0\right),\left(-12.7,0\right),\left(-12.6,0\right),\left(-12.5,0\right),\left(-12.4,0\right),\left(-12.3,0\right),\left(-12.2,0\right),\left(-12.1,0\right),\left(-12,0\right),\left(-11.9,0\right),\left(-11.8,0\right),\left(-11.7,0\right),\left(-11.6,0\right),\left(-11.5,0\right),\left(-11.4,0\right),\left(-11.3,0\right),\left(-11.2,0\right),\left(-11.1,0\right),\left(-11,0\right),\left(-10.9,0\right),\left(-10.8,0\right),\left(-10.7,0\right),\left(-10.6,0\right),\left(-10.5,0\right),\left(-10.4,0\right),\left(-10.3,0\right),\left(-10.2,0\right),\left(-10.1,0\right),\left(-9.99999,0\right),\left(-9.89999,0\right),\left(-9.79999,0\right),\left(-9.69999,0\right),\left(-9.59999,0\right),\left(-9.49999,0\right),\left(-9.39998,0\right),\left(-9.29998,0\right),\left(-9.19999,0\right),\left(-9.09998,0\right),\left(-8.99998,0\right),\left(-8.89999,0\right),\left(-8.79998,0\right),\left(-8.69998,0\right),\left(-8.59998,0\right),\left(-8.49998,0\right),\left(-8.39998,0\right),\left(-8.29998,0\right),\left(-8.19998,0\right),\left(-8.09998,0\right),\left(-7.99998,0\right),\left(-7.89998,0\right),\left(-7.79998,0\right),\left(-7.69998,0\right),\left(-7.59998,0\right),\left(-7.49998,0\right),\left(-7.39998,0\right),\left(-7.29998,0\right),\left(-7.19998,0\right),\left(-7.09998,0\right),\left(-6.99998,0\right),\left(-6.89998,0\right),\left(-6.79998,0\right),\left(-6.69998,0\right),\left(-6.59998,0\right),\left(-6.49998,0\right),\left(-6.39998,0\right),\left(-6.29998,0\right),\left(-6.19998,0\right),\left(-6.09998,0\right),\left(-5.99998,0\right),\left(-5.89998,0\right),\left(-5.79998,0\right),\left(-5.69998,0\right),\left(-5.59998,0\right),\left(-5.49998,0\right),\left(-5.39998,0\right),\left(-5.29998,0\right),\left(-5.19998,0\right),\left(-5.09998,0\right),\left(-4.99998,0\right),\left(-4.89998,0\right),\left(-4.79998,0\right),\left(-4.69998,0\right),\left(-4.59998,0\right),\left(-4.49998,0\right),\left(-4.39998,0\right),\left(-4.29998,0\right),\left(-4.19998,0\right),\left(-4.09998,0\right),\left(-3.99998,0\right),\left(-3.89998,0\right),\left(-3.79998,0\right),\left(-3.69998,0\right),\left(-3.59998,0\right),\left(-3.49998,0\right),\left(-3.39998,0\right),\left(-3.29998,0\right),\left(-3.19998,0\right),\left(-3.09998,0\right),\left(-2.99998,0\right),\left(-2.89997,0\right),\left(-2.79998,0\right),\left(-2.69998,0\right),\left(-2.59998,0\right),\left(-2.49998,0\right),\left(-2.39998,0\right),\left(-2.29997,0\right),\left(-2.19997,0\right),\left(-2.09997,0\right),\left(-1.99998,0\right),\left(-1.89998,0\right),\left(-1.79997,0\right),\left(-1.69997,0\right),\left(-1.59997,0\right),\left(-1.49997,0\right),\left(-1.39997,0\right),\left(-1.29997,0\right),\left(-1.19997,0\right),\left(-1.09997,0\right),\left(-0.999974,0\right),\left(-0.899974,0\right),\left(-0.799974,0\right),\left(-0.699972,0\right),\left(-0.599972,0\right),\left(-0.499973,0\right),\left(-0.399973,0\right),\left(-0.299973,0\right),\left(-0.199971,0\right),\left(-0.0999715,0\right),\left(8.44001e-05,1.00613e-10\right),\left(0.0999404,0.000141341\right),\left(0.1998,0.000565972\right),\left(0.299653,0.00127545\right),\left(0.399507,0.0022714\right),\left(0.49936,0.00355545\right),\left(0.59921,0.0051292\right),\left(0.699055,0.00699424\right),\left(0.798895,0.00915215\right),\left(0.898727,0.0116045\right),\left(0.99855,0.0143529\right),\left(1.09836,0.0173989\right),\left(1.19816,0.0207441\right),\left(1.29796,0.0243903\right),\left(1.39774,0.0283388\right),\left(1.49751,0.0325914\right),\left(1.59726,0.0371495\right),\left(1.697,0.0420149\right),\left(1.79673,0.0471892\right),\left(1.89644,0.0526739\right),\left(1.99613,0.0584707\right),\left(2.09581,0.0645812\right),\left(2.19547,0.0710067\right),\left(2.2951,0.0777489\right),\left(2.39472,0.0848093\right),\left(2.4943,0.0921895\right),\left(2.59387,0.0998909\right),\left(2.6934,0.107915\right),\left(2.79292,0.116264\right),\left(2.8924,0.124939\right),\left(2.99185,0.133941\right),\left(3.09128,0.143272\right),\left(3.19067,0.152934\right),\left(3.29004,0.162928\right),\left(3.38936,0.173255\right),\left(3.48865,0.183917\right),\left(3.58791,0.194916\right),\left(3.68713,0.206253\right),\left(3.78631,0.217929\right),\left(3.88545,0.229946\right),\left(3.98455,0.242305\right),\left(4.0836,0.255007\right),\left(4.18261,0.268055\right),\left(4.28158,0.281449\right),\left(4.38049,0.295191\right),\left(4.47936,0.309282\right),\left(4.57818,0.323723\right),\left(4.67695,0.338515\right),\left(4.77566,0.353661\right),\left(4.87432,0.369161\right),\left(4.97292,0.385016\right),\left(5.07147,0.401228\right),\left(5.16995,0.417798\right),\left(5.26838,0.434728\right),\left(5.36674,0.452018\right),\left(5.46504,0.469669\right),\left(5.56327,0.487682\right),\left(5.66144,0.50606\right),\left(5.75954,0.524802\right),\left(5.85757,0.543911\right),\left(5.95553,0.563386\right),\left(6.05342,0.583229\right),\left(6.15123,0.603442\right),\left(6.24896,0.624023\right),\left(6.34662,0.644975\right),\left(6.44419,0.666298\right),\left(6.54168,0.687995\right),\left(6.63909,0.710064\right),\left(6.73642,0.732508\right),\left(6.83366,0.755327\right),\left(6.93081,0.778522\right),\left(7.02787,0.802093\right),\left(7.12484,0.826041\right),\left(7.22172,0.850366\right),\left(7.3185,0.87507\right),\left(7.41518,0.900153\right),\left(7.51177,0.925616\right),\left(7.60826,0.951458\right),\left(7.70464,0.977681\right),\left(7.80092,1.00429\right),\left(7.8971,1.03127\right),\left(7.99316,1.05864\right),\left(8.08912,1.08638\right),\left(8.18497,1.11451\right),\left(8.2807,1.14303\right),\left(8.37632,1.17192\right),\left(8.47183,1.2012\right),\left(8.56721,1.23086\right),\left(8.66249,1.26091\right),\left(8.75764,1.29134\right),\left(8.85266,1.32215\right),\left(8.94756,1.35334\right),\left(9.04234,1.38492\right),\left(9.13699,1.41688\right),\left(9.23151,1.44922\right),\left(9.3259,1.48195\right),\left(9.42016,1.51506\right),\left(9.51428,1.54855\right),\left(9.60827,1.58242\right),\left(9.70212,1.61667\right),\left(9.79583,1.65131\right),\left(9.8894,1.68632\right),\left(9.98282,1.72172\right),\left(10.0761,1.75749\right),\left(10.1692,1.79364\right),\left(10.2622,1.83018\right),\left(10.3551,1.86708\right),\left(10.4478,1.90437\right),\left(10.5403,1.94203\right),\left(10.6327,1.98007\right),\left(10.725,2.01848\right),\left(10.817,2.05727\right),\left(10.909,2.09643\right),\left(11.0007,2.13596\right),\left(11.0923,2.17586\right),\left(11.1838,2.21613\right),\left(11.2751,2.25677\right),\left(11.3662,2.29777\right),\left(11.4572,2.33915\right),\left(11.548,2.38088\right),\left(11.6386,2.42298\right),\left(11.729,2.46544\right),\left(11.8193,2.50827\right),\left(11.9094,2.55145\right),\left(11.9994,2.59499\right),\left(12.0892,2.63889\right),\left(12.1788,2.68314\right),\left(12.2682,2.72774\right),\left(12.3574,2.7727\right),\left(12.4465,2.81801\right),\left(12.5354,2.86366\right),\left(12.6241,2.90966\right),\left(12.7127,2.95601\right),\left(12.801,3.0027\right),\left(12.8892,3.04974\right),\left(12.9772,3.09711\right),\left(13.065,3.14482\right),\left(13.1527,3.19287\right),\left(13.2401,3.24125\right),\left(13.3274,3.28996\right),\left(13.4145,3.339\right),\left(13.5014,3.38837\right),\left(13.5881,3.43807\right),\left(13.6746,3.48808\right),\left(13.761,3.53842\right),\left(13.8472,3.58908\right),\left(13.9331,3.64006\right),\left(14.0189,3.69136\right),\left(14.1045,3.74296\right),\left(14.1899,3.79488\right),\left(14.2752,3.8471\right),\left(14.3602,3.89963\right),\left(14.4451,3.95247\right),\left(14.5297,4.0056\right),\left(14.6142,4.05904\right),\left(14.6985,4.11277\right),\left(14.7826,4.16679\right),\left(14.8665,4.2211\right),\left(14.9503,4.27571\right),\left(15.0338,4.3306\right),\left(15.1172,4.38578\right),\left(15.2003,4.44124\right),\left(15.2833,4.49697\right),\left(15.3661,4.55299\right),\left(15.4487,4.60928\right),\left(15.5312,4.66584\right),\left(15.6134,4.72266\right),\left(15.6955,4.77976\right),\left(15.7773,4.83712\right),\left(15.859,4.89474\right),\left(15.9406,4.95262\right),\left(16.0219,5.01076\right),\left(16.103,5.06915\right),\left(16.184,5.12779\right),\left(16.2648,5.18668\right),\left(16.3454,5.24581\right),\left(16.4259,5.30519\right),\left(16.5061,5.3648\right),\left(16.5862,5.42466\right),\left(16.6661,5.48474\right),\left(16.7458,5.54507\right),\left(16.8254,5.60562\right),\left(16.9048,5.66639\right),\left(16.984,5.72739\right),\left(17.063,5.78862\right),\left(17.1419,5.85006\right),\left(17.2206,5.91171\right),\left(17.2992,5.97359\right),\left(17.3775,6.03567\right),\left(17.4558,6.09796\right),\left(17.5338,6.16045\right),\left(17.6117,6.22315\right),\left(17.6894,6.28605\right),\left(17.767,6.34914\right),\left(17.8444,6.41243\right),\left(17.9216,6.47591\right),\left(17.9987,6.53958\right),\left(18.0757,6.60344\right),\left(18.1525,6.66748\right),\left(18.2291,6.7317\right),\left(18.3056,6.7961\right),\left(18.3819,6.86068\right),\left(18.4581,6.92543\right),\left(18.5342,6.99035\right),\left(18.6101,7.05545\right),\left(18.6858,7.1207\right),\left(18.7615,7.18612\right),\left(18.837,7.25169\right),\left(18.9123,7.31743\right),\left(18.9875,7.38332\right),\left(19.0626,7.44936\right),\left(19.1375,7.51555\right),\left(19.2124,7.58189\right),\left(19.2871,7.64838\right),\left(19.3616,7.71501\right),\left(19.4361,7.78177\right),\left(19.5104,7.84868\right),\left(19.5846,7.91571\right),\left(19.6587,7.98288\right),\left(19.7326,8.05018\right),\left(19.8065,8.1176\right),\left(19.8802,8.18515\right),\left(19.9538,8.25282\right),\left(20.0273,8.32062\right),\left(20.1007,8.38852\right),\left(20.174,8.45654\right),\left(20.2472,8.52468\right),\left(20.3203,8.59292\right),\left(20.3933,8.66127\right),\left(20.4662,8.72972\right),\left(20.539,8.79828\right),\left(20.6117,8.86693\right),\left(20.6843,8.93569\right),\left(20.7568,9.00453\right),\left(20.8293,9.07347\right),\left(20.9016,9.1425\right),\left(20.9739,9.21162\right),\left(21.0461,9.28082\right),\left(21.1182,9.3501\right),\left(21.1902,9.41947\right),\left(21.2622,9.48891\right),\left(21.3341,9.55843\right),\left(21.4059,9.62802\right),\left(21.4776,9.69768\right),\left(21.5493,9.76741\right),\left(21.6209,9.83721\right),\left(21.6925,9.90707\right),\left(21.764,9.97699\right),\left(21.8354,10.047\right),\left(21.9068,10.117\right),\left(21.9781,10.1871\right),\left(22.0494,10.2572\right),\left(22.1206,10.3274\right),\left(22.1918,10.3977\right),\left(22.2629,10.468\right),\left(22.334,10.5383\right),\left(22.405,10.6087\right),\left(22.4761,10.6791\right),\left(22.547,10.7495\right),\left(22.618,10.82\right),\left(22.6889,10.8905\right),\left(22.7598,10.961\right),\left(22.8306,11.0316\right),\left(22.9015,11.1022\right),\left(22.9723,11.1728\right),\left(23.0431,11.2434\right),\left(23.1138,11.3141\right),\left(23.1846,11.3847\right),\left(23.2553,11.4554\right),\left(23.3261,11.5261\right),\left(23.3968,11.5968\right),\left(23.4675,11.6675\right),\left(23.5382,11.7382\right),\left(23.6089,11.8089\right),\left(23.6796,11.8796\right),\left(23.7504,11.9503\right),\left(23.8211,12.021\right),\left(23.8918,12.0917\right),\left(23.9625,12.1624\right),\left(24.0333,12.2331\right),\left(24.104,12.3038\right),\left(24.1748,12.3744\right),\left(24.2456,12.445\right),\left(24.3164,12.5156\right),\left(24.3873,12.5862\right),\left(24.4581,12.6568\right),\left(24.529,12.7273\right),\left(24.5999,12.7978\right),\left(24.6709,12.8683\right),\left(24.7419,12.9387\right),\left(24.8129,13.0091\right),\left(24.884,13.0795\right),\left(24.9551,13.1498\right),\left(25.0262,13.2201\right),\left(25.0974,13.2903\right),\left(25.1686,13.3605\right),\left(25.2399,13.4306\right),\left(25.3113,13.5007\right),\left(25.3827,13.5707\right),\left(25.4541,13.6407\right),\left(25.5256,13.7106\right),\left(25.5972,13.7804\right),\left(25.6688,13.8502\right),\left(25.7405,13.9199\right),\left(25.8123,13.9896\right),\left(25.8841,14.0591\right),\left(25.956,14.1286\right),\left(26.028,14.1981\right),\left(26.1,14.2674\right),\left(26.1721,14.3367\right),\left(26.2444,14.4059\right),\left(26.3166,14.475\right),\left(26.389,14.544\right),\left(26.4615,14.6129\right),\left(26.534,14.6817\right),\left(26.6067,14.7504\right),\left(26.6794,14.8191\right),\left(26.7522,14.8876\right),\left(26.8252,14.956\right),\left(26.8982,15.0244\right),\left(26.9713,15.0926\right),\left(27.0445,15.1607\right),\left(27.1179,15.2287\right),\left(27.1913,15.2966\right),\left(27.2648,15.3643\right),\left(27.3385,15.432\right),\left(27.4122,15.4995\right),\left(27.4861,15.5669\right),\left(27.5601,15.6342\right),\left(27.6342,15.7013\right),\left(27.7085,15.7683\right),\left(27.7828,15.8352\right),\left(27.8573,15.9019\right),\left(27.9319,15.9685\right),\left(28.0066,16.035\right),\left(28.0815,16.1013\right),\left(28.1565,16.1675\right),\left(28.2316,16.2335\right),\left(28.3069,16.2993\right),\left(28.3823,16.365\right),\left(28.4578,16.4306\right),\left(28.5335,16.496\right),\left(28.6093,16.5612\right),\left(28.6852,16.6262\right),\left(28.7613,16.6911\right),\left(28.8376,16.7558\right),\left(28.914,16.8204\right),\left(28.9905,16.8848\right),\left(29.0672,16.949\right),\left(29.1441,17.013\right),\left(29.2211,17.0768\right),\left(29.2982,17.1404\right),\left(29.3755,17.2039\right),\left(29.453,17.2671\right),\left(29.5306,17.3302\right),\left(29.6084,17.3931\right),\left(29.6863,17.4557\right),\left(29.7645,17.5182\right),\left(29.8427,17.5804\right),\left(29.9212,17.6425\right),\left(29.9998,17.7043\right),\left(30.0786,17.7659\right),\left(30.1575,17.8273\right),\left(30.2366,17.8885\right),\left(30.3159,17.9495\right),\left(30.3954,18.0102\right),\left(30.475,18.0708\right),\left(30.5548,18.131\right),\left(30.6348,18.1911\right),\left(30.715,18.2509\right),\left(30.7953,18.3105\right),\left(30.8758,18.3698\right),\left(30.9565,18.4289\right),\left(31.0374,18.4878\right),\left(31.1185,18.5464\right),\left(31.1997,18.6047\right),\left(31.2811,18.6628\right),\left(31.3627,18.7207\right),\left(31.4445,18.7782\right),\left(31.5265,18.8356\right),\left(31.6087,18.8926\right),\left(31.691,18.9494\right),\left(31.7735,19.0059\right),\left(31.8563,19.0622\right),\left(31.9392,19.1182\right),\left(32.0222,19.1739\right),\left(32.1055,19.2293\right),\left(32.189,19.2844\right),\left(32.2726,19.3393\right),\left(32.3565,19.3938\right),\left(32.4405,19.4481\right),\left(32.5247,19.5021\right),\left(32.6092,19.5558\right),\left(32.6938,19.6092\right),\left(32.7785,19.6623\right),\left(32.8635,19.7151\right),\left(32.9487,19.7676\right),\left(33.034,19.8197\right),\left(33.1196,19.8716\right),\left(33.2053,19.9232\right),\left(33.2912,19.9744\right),\left(33.3774,20.0254\right),\left(33.4636,20.076\right),\left(33.5501,20.1263\right),\left(33.6368,20.1763\right),\left(33.7237,20.2259\right),\left(33.8107,20.2752\right),\left(33.898,20.3242\right),\left(33.9854,20.3729\right),\left(34.073,20.4212\right),\left(34.1608,20.4693\right),\left(34.2487,20.5169\right),\left(34.3369,20.5642\right),\left(34.4252,20.6112\right),\left(34.5138,20.6579\right),\left(34.6025,20.7042\right),\left(34.6914,20.7501\right),\left(34.7804,20.7957\right),\left(34.8697,20.841\right),\left(34.9591,20.8859\right),\left(35.0487,20.9305\right),\left(35.1385,20.9747\right),\left(35.2284,21.0185\right),\left(35.3185,21.062\right),\left(35.4088,21.1051\right),\left(35.4993,21.1479\right),\left(35.5899,21.1903\right),\left(35.6807,21.2324\right),\left(35.7717,21.274\right),\left(35.8629,21.3154\right),\left(35.9542,21.3563\right),\left(36.0457,21.3969\right),\left(36.1373,21.4371\right),\left(36.2291,21.4769\right),\left(36.3211,21.5164\right),\left(36.4132,21.5555\right),\left(36.5055,21.5942\right),\left(36.5979,21.6326\right),\left(36.6905,21.6706\right),\left(36.7833,21.7082\right),\left(36.8762,21.7454\right),\left(36.9693,21.7822\right),\left(37.0625,21.8187\right),\left(37.1558,21.8548\right),\left(37.2493,21.8905\right),\left(37.343,21.9258\right),\left(37.4368,21.9608\right),\left(37.5307,21.9954\right),\left(37.6248,22.0295\right),\left(37.719,22.0633\right),\left(37.8134,22.0968\right),\left(37.9078,22.1298\right),\left(38.0025,22.1625\right),\left(38.0972,22.1947\right),\left(38.1921,22.2266\right),\left(38.2871,22.2581\right),\left(38.3823,22.2892\right),\left(38.4775,22.32\right),\left(38.5729,22.3503\right),\left(38.6684,22.3803\right),\left(38.7641,22.4099\right),\left(38.8598,22.4391\right),\left(38.9557,22.4679\right),\left(39.0517,22.4963\right),\left(39.1478,22.5243\right),\left(39.244,22.552\right),\left(39.3403,22.5793\right),\left(39.4368,22.6062\right),\left(39.5333,22.6327\right),\left(39.6299,22.6588\right),\left(39.7267,22.6846\right),\left(39.8235,22.7099\right),\left(39.9205,22.7349\right),\left(40.0175,22.7595\right),\left(40.1147,22.7838\right),\left(40.2119,22.8076\right),\left(40.3092,22.8311\right),\left(40.4067,22.8542\right),\left(40.5042,22.8769\right),\left(40.6018,22.8992\right),\left(40.6994,22.9212\right),\left(40.7972,22.9428\right),\left(40.8951,22.964\right),\left(40.993,22.9849\right),\left(41.091,23.0053\right),\left(41.1891,23.0254\right),\left(41.2872,23.0452\right),\left(41.3855,23.0645\right),\left(41.4838,23.0835\right),\left(41.5822,23.1021\right),\left(41.6806,23.1204\right),\left(41.7791,23.1383\right),\left(41.8777,23.1558\right),\left(41.9763,23.173\right),\left(42.0751,23.1898\right),\left(42.1738,23.2063\right),\left(42.2727,23.2224\right),\left(42.3715,23.2381\right),\left(42.4705,23.2535\right),\left(42.5695,23.2685\right),\left(42.6685,23.2831\right),\left(42.7676,23.2975\right),\left(42.8668,23.3114\right),\left(42.966,23.325\right),\left(43.0652,23.3383\right),\left(43.1645,23.3512\right),\left(43.2639,23.3638\right),\left(43.3633,23.376\right),\left(43.4627,23.3879\right),\left(43.5622,23.3994\right),\left(43.6617,23.4106\right),\left(43.7612,23.4215\right),\left(43.8608,23.432\right),\left(43.9604,23.4422\right),\left(44.0601,23.452\right),\left(44.1598,23.4616\right),\left(44.2595,23.4707\right),\left(44.3592,23.4796\right),\left(44.459,23.4881\right),\left(44.5588,23.4963\right),\left(44.6586,23.5042\right),\left(44.7585,23.5118\right),\left(44.8584,23.519\right),\left(44.9583,23.5259\right),\left(45.0582,23.5325\right),\left(45.1581,23.5388\right),\left(45.2581,23.5447\right),\left(45.3581,23.5504\right),\left(45.4581,23.5557\right),\left(45.5581,23.5607\right),\left(45.6581,23.5654\right),\left(45.7582,23.5698\right),\left(45.8582,23.5739\right),\left(45.9583,23.5777\right),\left(46.0584,23.5812\right),\left(46.1585,23.5844\right),\left(46.2586,23.5873\right),\left(46.3587,23.5898\right),\left(46.4588,23.5921\right),\left(46.5589,23.5941\right),\left(46.659,23.5958\right),\left(46.7592,23.5972\right),\left(46.8593,23.5984\right),\left(46.9594,23.5992\right),\left(47.0596,23.5997\right),\left(47.1597,23.6\right),\left(47.2,23.6\right),\right]
l_{headings}=\left[0,0,0,0,0,0,0,0,0,0,0,0,0,0,0,0,0,0,0,0,0,0,0,0,0,0,0,0,0,0,0,0,0,0,0,0,0,0,0,0,0,0,0,0,0,0,0,0,0,0,0,0,0,0,0,0,0,0,0,0,0,0,0,0,0,0,0,0,0,0,0,0,0,0,0,0,0,0,0,0,0,0,0,0,0,0,0,0,0,0,0,0,0,0,0,0,0,0,0,0,0,0,0,0,0,0,0,0,0,0,0,0,0,0,0,0,0,0,0,0,0,0,0,0,0,0,0,0,0,0,0,0,0,0,0,0,0,0,0,0,0,0,0,0,0,0,0,0,0,0,0,0,0,0,0,0,0,0,0,0,0,0,0,0,0,0,0,0,0,0,0,0,0,0,0,0,0,0,0,0,0,0,0,0,0,0,0,0,0,0,0,0,0,0,0,0,0,0,0,0,0,0,0,0,0,0,0,0,0,0,0,0,0,0,0,0,0,0,0,0,0,0,0,0,0,0,0,0,0,0,0,0,0,0,0,0,2.38419e-06,0.00283116,0.00567601,0.00853674,0.0114136,0.0143066,0.0172157,0.020141,0.0230825,0.0260402,0.0290141,0.0320042,0.0350105,0.0380333,0.0410723,0.0441277,0.0471993,0.0502874,0.0533919,0.0565128,0.0596501,0.0628038,0.0659739,0.0691603,0.0723631,0.0755821,0.0788174,0.0820689,0.0853369,0.0886211,0.0919213,0.0952378,0.0985704,0.101919,0.105284,0.108665,0.112061,0.115474,0.118902,0.122346,0.125806,0.129281,0.132772,0.136278,0.1398,0.143336,0.146888,0.150455,0.154036,0.157633,0.161243,0.164869,0.168509,0.172163,0.175831,0.179513,0.183209,0.186918,0.190641,0.194378,0.198127,0.201889,0.205664,0.209451,0.213251,0.217063,0.220886,0.224721,0.228568,0.232426,0.236295,0.240175,0.244065,0.247965,0.251876,0.255795,0.259725,0.263663,0.267611,0.271567,0.275531,0.279503,0.283483,0.28747,0.291464,0.295465,0.299472,0.303485,0.307504,0.311529,0.315558,0.319592,0.323631,0.327673,0.331719,0.335768,0.33982,0.343874,0.347931,0.351989,0.356048,0.360109,0.364169,0.36823,0.372291,0.376351,0.38041,0.384467,0.388523,0.392576,0.396626,0.400673,0.404717,0.408756,0.412792,0.416822,0.420847,0.424866,0.428879,0.432885,0.436885,0.440877,0.444861,0.448837,0.452804,0.456762,0.460711,0.464649,0.468577,0.472495,0.476401,0.480295,0.484177,0.488047,0.491904,0.495748,0.499578,0.503394,0.507196,0.510982,0.514753,0.518509,0.522249,0.525972,0.529678,0.533367,0.537039,0.540693,0.544328,0.547945,0.551543,0.555122,0.558681,0.562219,0.565738,0.569236,0.572712,0.576168,0.579602,0.583014,0.586404,0.589771,0.593115,0.596437,0.599735,0.603009,0.606259,0.609486,0.612687,0.615865,0.619017,0.622144,0.625246,0.628321,0.631372,0.634396,0.637393,0.640364,0.643309,0.646226,0.649116,0.651979,0.654815,0.657622,0.660402,0.663154,0.665878,0.668573,0.67124,0.673878,0.676488,0.679068,0.68162,0.684142,0.686635,0.689098,0.691532,0.693936,0.69631,0.698655,0.700969,0.703253,0.705508,0.707731,0.709925,0.712088,0.71422,0.716322,0.718393,0.720433,0.722443,0.724422,0.726369,0.728286,0.730171,0.732026,0.733849,0.735641,0.737402,0.739131,0.740829,0.742495,0.74413,0.745734,0.747306,0.748847,0.750356,0.751833,0.753279,0.754693,0.756075,0.757426,0.758745,0.760033,0.761288,0.762512,0.763704,0.764864,0.765992,0.767089,0.768154,0.769186,0.770187,0.771157,0.772094,0.772999,0.773873,0.774715,0.775524,0.776302,0.777048,0.777762,0.778444,0.779095,0.779713,0.7803,0.780854,0.781377,0.781867,0.782326,0.782753,0.783148,0.783511,0.783842,0.784141,0.784409,0.784644,0.784848,0.785019,0.785159,0.785266,0.785342,0.785386,0.785398,0.785378,0.785326,0.785242,0.785126,0.784979,0.784799,0.784588,0.784344,0.784069,0.783762,0.783422,0.783051,0.782648,0.782213,0.781747,0.781248,0.780717,0.780154,0.77956,0.778933,0.778275,0.777585,0.776863,0.776109,0.775323,0.774505,0.773655,0.772774,0.77186,0.770915,0.769938,0.768929,0.767888,0.766815,0.76571,0.764574,0.763405,0.762205,0.760974,0.75971,0.758415,0.757088,0.755729,0.754338,0.752916,0.751462,0.749977,0.74846,0.746911,0.745331,0.743719,0.742076,0.740401,0.738695,0.736958,0.735189,0.733389,0.731558,0.729695,0.727802,0.725877,0.723921,0.721935,0.719917,0.717869,0.715789,0.71368,0.711539,0.709368,0.707166,0.704934,0.702672,0.70038,0.698057,0.695704,0.693322,0.690909,0.688468,0.685996,0.683495,0.680965,0.678405,0.675816,0.673199,0.670552,0.667877,0.665173,0.662441,0.659681,0.656893,0.654077,0.651233,0.648362,0.645463,0.642538,0.639585,0.636606,0.6336,0.630567,0.627509,0.624425,0.621315,0.618179,0.615019,0.611834,0.608623,0.605389,0.60213,0.598847,0.595541,0.592211,0.588858,0.585482,0.582084,0.578664,0.575221,0.571757,0.568272,0.564766,0.561239,0.557691,0.554124,0.550537,0.54693,0.543305,0.539661,0.535999,0.532319,0.528621,0.524906,0.521174,0.517426,0.513662,0.509882,0.506087,0.502277,0.498453,0.494614,0.490762,0.486896,0.483018,0.479127,0.475225,0.47131,0.467385,0.463448,0.459501,0.455544,0.451578,0.447603,0.443619,0.439626,0.435626,0.431619,0.427604,0.423583,0.419556,0.415523,0.411485,0.407442,0.403395,0.399343,0.395289,0.39123,0.38717,0.383106,0.379042,0.374975,0.370908,0.36684,0.362771,0.358703,0.354635,0.350569,0.346503,0.34244,0.338378,0.334319,0.330263,0.326211,0.322162,0.318117,0.314076,0.31004,0.306009,0.301984,0.297965,0.293951,0.289944,0.285944,0.281951,0.277965,0.273987,0.270017,0.266056,0.262103,0.258159,0.254224,0.250299,0.246383,0.242478,0.238583,0.234699,0.230825,0.226962,0.223111,0.219271,0.215443,0.211627,0.207824,0.204032,0.200254,0.196488,0.192735,0.188995,0.185269,0.181556,0.177857,0.174172,0.1705,0.166843,0.163201,0.159572,0.155959,0.15236,0.148776,0.145207,0.141653,0.138114,0.13459,0.131082,0.12759,0.124113,0.120651,0.117206,0.113776,0.110362,0.106964,0.103582,0.100216,0.0968663,0.0935329,0.0902154,0.0869142,0.0836295,0.080361,0.077109,0.0738733,0.070654,0.0674513,0.0642648,0.0610948,0.0579412,0.054804,0.0516833,0.048579,0.0454913,0.0424201,0.0393653,0.036327,0.0333049,0.0302994,0.0273102,0.0243373,0.0213809,0.0184405,0.0155163,0.0126085,0.00971682,0.00684129,0.00398199,0.00113869,6.28319,\right]
running path!
lin/ang/drive_left/drive_right/tv_l/tv_r/av_l/av_r/x/y/theta/tx/ty/ttheta: 0.61075 0.00000 0.00000 0.00000 1.00000 1.00000 0.00000 0.00017 -23.60000 -0.00000 -0.00002 -23.00000 0.00000 0.00000
lin/ang/drive_left/drive_right/tv_l/tv_r/av_l/av_r/x/y/theta/tx/ty/ttheta: 0.77250 0.00019 0.08234 0.06375 1.00000 1.00000 0.20208 0.17092 -23.59999 -0.00005 -0.00115 -22.60000 0.00000 0.00000
lin/ang/drive_left/drive_right/tv_l/tv_r/av_l/av_r/x/y/theta/tx/ty/ttheta: 0.98296 -0.00295 0.66131 0.38080 1.00000 1.00000 0.57817 0.55558 -23.59858 0.00074 0.01637 -21.90000 0.00000 0.00000
lin/ang/drive_left/drive_right/tv_l/tv_r/av_l/av_r/x/y/theta/tx/ty/ttheta: 1.12581 -0.03055 0.73501 0.44736 1.00000 1.00000 0.75203 0.67297 -23.59982 0.00714 0.15737 -21.30000 0.00000 0.00000
lin/ang/drive_left/drive_right/tv_l/tv_r/av_l/av_r/x/y/theta/tx/ty/ttheta: 1.29107 -0.06143 0.82362 0.38447 1.00000 1.00000 0.75681 0.62608 -23.39945 0.01405 0.28993 -20.40000 0.00000 0.00000
lin/ang/drive_left/drive_right/tv_l/tv_r/av_l/av_r/x/y/theta/tx/ty/ttheta: 1.40550 -0.08799 0.90120 0.54742 1.00000 1.00000 0.79289 0.63806 -23.07806 0.02066 0.38985 -19.60000 0.00000 0.00000
lin/ang/drive_left/drive_right/tv_l/tv_r/av_l/av_r/x/y/theta/tx/ty/ttheta: 1.52966 -0.10009 0.98246 0.64943 1.00000 1.00000 0.80644 0.71608 -22.70421 0.02450 0.41462 -18.60000 0.00000 0.00000
lin/ang/drive_left/drive_right/tv_l/tv_r/av_l/av_r/x/y/theta/tx/ty/ttheta: 1.63490 -0.09125 0.70389 0.68206 1.00000 1.00000 0.79908 0.74156 -22.28826 0.02322 0.35721 -17.60000 0.00000 0.00000
lin/ang/drive_left/drive_right/tv_l/tv_r/av_l/av_r/x/y/theta/tx/ty/ttheta: 1.72283 -0.07597 0.82448 0.81648 1.00000 1.00000 0.78861 0.72792 -21.78664 0.02220 0.27720 -16.59999 0.00000 0.00000
lin/ang/drive_left/drive_right/tv_l/tv_r/av_l/av_r/x/y/theta/tx/ty/ttheta: 1.81825 -0.04871 0.78623 1.03044 1.00000 1.00000 0.79719 0.80594 -21.21314 0.01597 0.16529 -15.39999 0.00000 0.00000
lin/ang/drive_left/drive_right/tv_l/tv_r/av_l/av_r/x/y/theta/tx/ty/ttheta: 1.89105 -0.01842 0.96625 1.00278 1.00000 1.00000 0.80986 0.81500 -20.59355 0.01133 0.04605 -14.29999 0.00000 0.00000
lin/ang/drive_left/drive_right/tv_l/tv_r/av_l/av_r/x/y/theta/tx/ty/ttheta: 1.94674 0.03253 1.16162 1.17070 1.00000 1.00000 0.82800 0.83225 -19.83835 -0.03274 -0.04532 -13.09999 0.00000 0.00000
lin/ang/drive_left/drive_right/tv_l/tv_r/av_l/av_r/x/y/theta/tx/ty/ttheta: 1.97621 0.09061 1.24418 1.30707 1.00000 1.00000 0.85503 0.85947 -19.00832 -0.07655 -0.16097 -11.79999 0.00000 0.00000
lin/ang/drive_left/drive_right/tv_l/tv_r/av_l/av_r/x/y/theta/tx/ty/ttheta: 1.99604 0.13918 1.08317 1.30771 1.00000 1.00000 0.86036 0.86325 -18.12463 -0.09881 -0.29156 -10.59999 0.00000 0.00000
lin/ang/drive_left/drive_right/tv_l/tv_r/av_l/av_r/x/y/theta/tx/ty/ttheta: 2.01287 0.19981 1.39005 1.33127 1.00000 1.00000 0.86683 0.86753 -17.19363 -0.13714 -0.42552 -9.39998 0.00000 0.00000
lin/ang/drive_left/drive_right/tv_l/tv_r/av_l/av_r/x/y/theta/tx/ty/ttheta: 2.02867 0.26076 1.38379 1.33754 1.00000 1.00000 0.86872 0.87025 -16.24625 -0.18293 -0.53937 -8.19998 0.00000 0.00000
lin/ang/drive_left/drive_right/tv_l/tv_r/av_l/av_r/x/y/theta/tx/ty/ttheta: 2.04032 0.32346 1.45856 1.39891 1.00000 1.00000 0.87658 0.87814 -15.23304 -0.22317 -0.67295 -6.99998 0.00000 0.00000
lin/ang/drive_left/drive_right/tv_l/tv_r/av_l/av_r/x/y/theta/tx/ty/ttheta: 2.04809 0.38422 1.54285 1.48925 1.00000 1.00000 0.89011 0.89269 -14.15827 -0.24844 -0.83596 -5.79998 0.00000 0.00000
lin/ang/drive_left/drive_right/tv_l/tv_r/av_l/av_r/x/y/theta/tx/ty/ttheta: 2.05144 0.44709 1.56965 1.52210 0.99680 1.00000 0.89711 0.89917 -13.04555 -0.27747 -0.99759 -4.59998 0.00000 0.00000
lin/ang/drive_left/drive_right/tv_l/tv_r/av_l/av_r/x/y/theta/tx/ty/ttheta: 2.01023 0.50808 1.55862 1.57202 1.00000 1.00000 0.84578 0.91817 -11.89448 -0.30709 -1.15638 -3.49998 0.00000 0.00000
lin/ang/drive_left/drive_right/tv_l/tv_r/av_l/av_r/x/y/theta/tx/ty/ttheta: 1.96058 0.57192 1.62216 1.62259 0.94694 1.00000 0.85486 0.92536 -10.69338 -0.34393 -1.31318 -2.29997 0.00000 0.00000
lin/ang/drive_left/drive_right/tv_l/tv_r/av_l/av_r/x/y/theta/tx/ty/ttheta: 1.90206 0.62072 1.63232 1.64140 0.95743 1.00000 0.86958 0.92964 -9.46518 -0.37920 -1.42738 -1.19997 0.00000 0.00000
lin/ang/drive_left/drive_right/tv_l/tv_r/av_l/av_r/x/y/theta/tx/ty/ttheta: 1.84234 0.65991 1.63081 1.64226 0.97154 1.00000 0.85878 0.93103 -8.27077 -0.41418 -1.51348 -0.19997 0.00000 0.00000
lin/ang/drive_left/drive_right/tv_l/tv_r/av_l/av_r/x/y/theta/tx/ty/ttheta: 1.81581 2.50955 1.66236 1.66085 -1.00000 1.00000 0.82883 0.93717 -7.04603 -0.46723 -1.62683 0.89873 0.01160 1.49200
lin/ang/drive_left/drive_right/tv_l/tv_r/av_l/av_r/x/y/theta/tx/ty/ttheta: 1.79783 2.98557 0.83291 1.68267 0.30080 1.00000 0.01369 0.90600 -5.83648 -0.51448 -1.73734 1.99613 0.05847 3.41770
lin/ang/drive_left/drive_right/tv_l/tv_r/av_l/av_r/x/y/theta/tx/ty/ttheta: 1.77406 3.41686 0.57487 1.70299 0.55418 1.00000 0.19558 0.95069 -4.61713 -0.55080 -1.71835 2.99185 0.13394 5.26670
lin/ang/drive_left/drive_right/tv_l/tv_r/av_l/av_r/x/y/theta/tx/ty/ttheta: 1.75612 3.77543 1.09960 1.72849 0.36095 1.00000 0.44486 0.95256 -3.48032 -0.61104 -1.20234 3.98455 0.24231 7.20815
lin/ang/drive_left/drive_right/tv_l/tv_r/av_l/av_r/x/y/theta/tx/ty/ttheta: 1.73856 4.02108 1.37385 1.77755 0.06948 1.00000 0.51194 0.96386 -2.33198 -0.64590 -0.15703 4.97292 0.38502 9.23857
lin/ang/drive_left/drive_right/tv_l/tv_r/av_l/av_r/x/y/theta/tx/ty/ttheta: 1.72834 4.25390 1.11407 1.77841 0.10561 1.00000 0.26572 0.97053 -1.19510 -0.65871 1.22971 6.05342 0.58323 11.56739
lin/ang/drive_left/drive_right/tv_l/tv_r/av_l/av_r/x/y/theta/tx/ty/ttheta: 1.71590 4.35595 0.80200 1.81710 0.40259 0.98272 0.15503 0.97361 -0.17699 -0.64675 2.78292 6.93081 0.77852 13.53871
lin/ang/drive_left/drive_right/tv_l/tv_r/av_l/av_r/x/y/theta/tx/ty/ttheta: 1.70432 4.42487 0.70605 1.68030 0.53147 1.00000 0.25633 0.88378 0.94065 -0.59368 4.70058 7.89710 1.03127 15.78676
lin/ang/drive_left/drive_right/tv_l/tv_r/av_l/av_r/x/y/theta/tx/ty/ttheta: 1.70249 4.45008 1.14973 1.64010 0.32693 1.00000 0.45839 0.84714 1.93708 -0.56076 6.92443 8.85266 1.32215 18.08016
lin/ang/drive_left/drive_right/tv_l/tv_r/av_l/av_r/x/y/theta/tx/ty/ttheta: 1.69280 4.29516 1.09851 1.77107 0.42774 1.00000 0.43169 0.95222 2.88585 -0.39097 9.32950 9.70212 1.61667 20.16748
lin/ang/drive_left/drive_right/tv_l/tv_r/av_l/av_r/x/y/theta/tx/ty/ttheta: 1.69703 4.29913 0.99780 1.79246 0.36893 1.00000 0.38158 0.96950 3.88210 -0.34413 11.72325 10.63272 1.98007 22.49293
lin/ang/drive_left/drive_right/tv_l/tv_r/av_l/av_r/x/y/theta/tx/ty/ttheta: 1.70871 4.34810 1.05875 1.72633 0.30596 1.00000 0.38789 0.97003 4.85375 -0.37529 14.17610 11.54795 2.38088 24.80250
lin/ang/drive_left/drive_right/tv_l/tv_r/av_l/av_r/x/y/theta/tx/ty/ttheta: 1.71878 4.30037 0.90444 1.70104 0.52506 1.00000 0.36119 0.96456 5.81255 -0.28593 16.67928 12.44652 2.81801 27.07194
lin/ang/drive_left/drive_right/tv_l/tv_r/av_l/av_r/x/y/theta/tx/ty/ttheta: 1.72909 4.20065 0.99435 1.71639 0.55829 1.00000 0.41528 0.95939 6.78769 -0.10756 19.15485 13.32741 3.28996 29.27712
lin/ang/drive_left/drive_right/tv_l/tv_r/av_l/av_r/x/y/theta/tx/ty/ttheta: 1.74968 4.11331 1.13720 1.73908 0.50909 1.00000 0.52258 0.95856 7.75176 0.08936 21.63992 14.27517 3.84710 31.60109
lin/ang/drive_left/drive_right/tv_l/tv_r/av_l/av_r/x/y/theta/tx/ty/ttheta: 1.77094 3.93640 0.99824 1.72093 0.68348 1.00000 0.51008 0.95925 8.63265 0.28207 24.19890 15.11716 4.38578 33.59846
lin/ang/drive_left/drive_right/tv_l/tv_r/av_l/av_r/x/y/theta/tx/ty/ttheta: 1.79220 3.79558 1.28762 1.65328 0.54166 1.00000 0.60383 0.94947 9.58946 0.41649 26.75762 15.94056 4.95262 35.46706
lin/ang/drive_left/drive_right/tv_l/tv_r/av_l/av_r/x/y/theta/tx/ty/ttheta: 1.81623 3.58257 1.25541 1.69802 0.61560 1.00000 0.57631 0.95497 10.48715 0.66117 29.18937 16.74584 5.54507 37.19162
lin/ang/drive_left/drive_right/tv_l/tv_r/av_l/av_r/x/y/theta/tx/ty/ttheta: 1.84328 3.35078 1.20074 1.73065 0.70590 1.00000 0.58247 0.95494 11.45331 1.01380 31.52777 17.61169 6.22315 38.90775
lin/ang/drive_left/drive_right/tv_l/tv_r/av_l/av_r/x/y/theta/tx/ty/ttheta: 1.86726 3.06964 1.00061 1.62022 0.97016 1.00000 0.65294 0.94297 12.33450 1.40534 33.67764 18.38193 6.86068 40.29345
lin/ang/drive_left/drive_right/tv_l/tv_r/av_l/av_r/x/y/theta/tx/ty/ttheta: 1.90570 2.78108 1.31096 1.59709 0.94501 1.00000 0.74364 0.92144 13.11217 1.80829 35.61660 19.21237 7.58189 41.61789
lin/ang/drive_left/drive_right/tv_l/tv_r/av_l/av_r/x/y/theta/tx/ty/ttheta: 1.93501 2.56769 1.26276 1.64291 0.93451 1.00000 0.64508 0.94347 14.08458 2.22874 37.37390 20.02733 8.32062 42.72742
lin/ang/drive_left/drive_right/tv_l/tv_r/av_l/av_r/x/y/theta/tx/ty/ttheta: 1.96965 2.35897 1.44127 1.66539 0.86051 1.00000 0.74981 0.93339 15.08968 2.72585 38.87901 20.90163 9.14250 43.68870
lin/ang/drive_left/drive_right/tv_l/tv_r/av_l/av_r/x/y/theta/tx/ty/ttheta: 2.00351 2.07904 1.40778 1.73519 0.98754 1.00000 0.72033 0.94400 15.95178 3.23873 40.23930 21.69247 9.90707 44.33965
lin/ang/drive_left/drive_right/tv_l/tv_r/av_l/av_r/x/y/theta/tx/ty/ttheta: 1.96392 1.71882 1.47672 1.63297 1.00000 1.00000 0.75683 0.93733 16.76672 3.88587 41.36532 22.47606 10.67907 44.76959
lin/ang/drive_left/drive_right/tv_l/tv_r/av_l/av_r/x/y/theta/tx/ty/ttheta: 1.91289 1.40028 1.21068 1.65523 1.00000 1.00000 0.74022 0.94042 17.63357 4.57763 42.27486 23.18459 11.38474 44.96845
lin/ang/drive_left/drive_right/tv_l/tv_r/av_l/av_r/x/y/theta/tx/ty/ttheta: 1.86828 1.04752 1.43890 1.67835 1.00000 1.00000 0.88942 0.92844 18.38093 5.22576 43.07969 23.96253 12.16243 44.97597
lin/ang/drive_left/drive_right/tv_l/tv_r/av_l/av_r/x/y/theta/tx/ty/ttheta: 1.81693 0.68476 1.34553 1.69996 1.00000 0.98494 0.90908 0.92381 19.14979 5.96728 43.71201 24.74187 12.93872 44.76220
lin/ang/drive_left/drive_right/tv_l/tv_r/av_l/av_r/x/y/theta/tx/ty/ttheta: 1.74938 0.39930 1.53442 1.63016 0.83216 0.56349 0.92706 0.86544 20.04509 6.85564 44.08524 25.38265 13.57072 44.42272
lin/ang/drive_left/drive_right/tv_l/tv_r/av_l/av_r/x/y/theta/tx/ty/ttheta: 1.69532 0.13724 1.72330 1.56295 0.68180 0.61194 0.82322 0.69194 20.78837 7.58528 44.25316 26.10002 14.26741 43.87196
lin/ang/drive_left/drive_right/tv_l/tv_r/av_l/av_r/x/y/theta/tx/ty/ttheta: 1.62727 -0.09300 1.54393 1.45489 0.62668 0.55301 0.72344 0.60742 21.64843 8.45509 44.27214 26.75223 14.88761 43.22039
lin/ang/drive_left/drive_right/tv_l/tv_r/av_l/av_r/x/y/theta/tx/ty/ttheta: 1.56120 -0.26579 1.54523 1.41988 0.57830 0.55207 0.65106 0.57750 22.47904 9.32794 44.03232 27.33848 15.43198 42.51781
lin/ang/drive_left/drive_right/tv_l/tv_r/av_l/av_r/x/y/theta/tx/ty/ttheta: 1.51058 -0.45198 1.18042 1.37579 0.87013 0.57539 0.60350 0.56192 23.20966 10.09755 43.66380 28.00664 16.03498 41.58969
lin/ang/drive_left/drive_right/tv_l/tv_r/av_l/av_r/x/y/theta/tx/ty/ttheta: 1.45711 -0.63748 1.32436 1.40410 0.84007 0.27909 0.74161 0.56944 23.99437 10.91685 43.31918 28.60928 16.56118 40.64380
lin/ang/drive_left/drive_right/tv_l/tv_r/av_l/av_r/x/y/theta/tx/ty/ttheta: 1.40054 -0.81538 1.45748 1.41901 0.73339 0.15354 0.81978 0.49519 24.81539 11.76696 42.99713 29.14406 17.01296 39.72441
lin/ang/drive_left/drive_right/tv_l/tv_r/av_l/av_r/x/y/theta/tx/ty/ttheta: 1.35276 -1.02360 1.73605 1.23337 0.47319 0.17372 0.76606 0.32528 25.58183 12.57219 42.56859 29.76446 17.51818 38.57144
lin/ang/drive_left/drive_right/tv_l/tv_r/av_l/av_r/x/y/theta/tx/ty/ttheta: 1.30212 -1.14545 1.51259 1.22732 0.43274 0.14687 0.63753 0.28133 26.44082 13.37592 41.83310 30.39539 18.01024 37.31291
lin/ang/drive_left/drive_right/tv_l/tv_r/av_l/av_r/x/y/theta/tx/ty/ttheta: 1.25627 -1.13079 1.09311 1.08101 0.58621 0.27809 0.51058 0.25564 27.25311 14.06104 40.68002 30.95653 18.42892 36.12886
lin/ang/drive_left/drive_right/tv_l/tv_r/av_l/av_r/x/y/theta/tx/ty/ttheta: 1.20993 -1.08477 1.10673 1.08187 0.59451 0.26325 0.48714 0.29686 28.08115 14.74972 39.27522 31.52650 18.83557 34.87155
lin/ang/drive_left/drive_right/tv_l/tv_r/av_l/av_r/x/y/theta/tx/ty/ttheta: 1.16945 -1.03895 1.24763 1.08857 0.52989 0.24232 0.57906 0.31433 28.84276 15.38205 37.75140 32.10553 19.22928 33.54567
lin/ang/drive_left/drive_right/tv_l/tv_r/av_l/av_r/x/y/theta/tx/ty/ttheta: 1.12527 -0.97126 1.45597 0.98419 0.23903 0.25073 0.56656 0.28744 29.63559 15.99389 36.28569 32.60915 19.55579 32.35869
lin/ang/drive_left/drive_right/tv_l/tv_r/av_l/av_r/x/y/theta/tx/ty/ttheta: 1.08291 -0.91138 1.28632 0.95415 0.23776 0.24265 0.45242 0.27875 30.48753 16.57135 34.77053 33.20532 19.92318 30.92031
lin/ang/drive_left/drive_right/tv_l/tv_r/av_l/av_r/x/y/theta/tx/ty/ttheta: 1.05051 -0.84941 1.06005 0.87937 0.39245 0.35795 0.32356 0.27256 31.23093 17.02804 33.26437 33.81072 20.27525 29.43066
lin/ang/drive_left/drive_right/tv_l/tv_r/av_l/av_r/x/y/theta/tx/ty/ttheta: 1.01910 -0.78893 0.95026 0.84609 0.46238 0.37319 0.36139 0.29633 31.93887 17.41530 32.00773 34.33690 20.56425 28.11859
lin/ang/drive_left/drive_right/tv_l/tv_r/av_l/av_r/x/y/theta/tx/ty/ttheta: 0.99136 -0.79775 1.08533 0.89601 0.45026 0.28933 0.39731 0.35833 32.59797 17.77910 31.04940 34.86966 20.84100 26.77916
lin/ang/drive_left/drive_right/tv_l/tv_r/av_l/av_r/x/y/theta/tx/ty/ttheta: 0.96256 -0.84252 1.06567 0.87030 0.44494 0.23091 0.43272 0.32458 33.27924 18.14345 30.28912 35.40883 21.10513 25.41748
lin/ang/drive_left/drive_right/tv_l/tv_r/av_l/av_r/x/y/theta/tx/ty/ttheta: 0.93635 -0.90830 0.89450 0.83874 0.55909 0.20472 0.44386 0.28181 33.92734 18.48004 29.62933 35.95419 21.35631 24.03878
lin/ang/drive_left/drive_right/tv_l/tv_r/av_l/av_r/x/y/theta/tx/ty/ttheta: 0.90501 -0.94749 1.15319 0.80352 0.31793 0.17354 0.51264 0.25478 34.59961 18.82213 28.99685 36.41320 21.55552 22.88069
lin/ang/drive_left/drive_right/tv_l/tv_r/av_l/av_r/x/y/theta/tx/ty/ttheta: 0.88294 -1.03712 1.10608 0.70238 0.36349 0.21987 0.43736 0.21081 35.18840 19.11454 28.44695 36.96926 21.78224 21.48449
lin/ang/drive_left/drive_right/tv_l/tv_r/av_l/av_r/x/y/theta/tx/ty/ttheta: 0.86237 -1.10453 0.70324 0.70065 0.58043 0.22280 0.34206 0.21047 35.75259 19.38008 27.78494 37.53070 21.99536 20.08610
lin/ang/drive_left/drive_right/tv_l/tv_r/av_l/av_r/x/y/theta/tx/ty/ttheta: 0.83570 -1.11877 0.97943 0.73609 0.41060 0.17603 0.49072 0.23544 36.35433 19.65062 27.02163 38.00247 22.16245 18.92270
lin/ang/drive_left/drive_right/tv_l/tv_r/av_l/av_r/x/y/theta/tx/ty/ttheta: 0.81347 -1.14545 0.85322 0.69027 0.47974 0.17353 0.45633 0.21458 36.93587 19.89009 26.18409 38.57292 22.35030 17.53305
lin/ang/drive_left/drive_right/tv_l/tv_r/av_l/av_r/x/y/theta/tx/ty/ttheta: 0.78929 -1.11946 0.88456 0.60188 0.41559 0.23420 0.44542 0.18650 37.49753 20.10108 25.25646 39.05168 22.49629 16.38338
lin/ang/drive_left/drive_right/tv_l/tv_r/av_l/av_r/x/y/theta/tx/ty/ttheta: 0.76252 -1.05350 0.66455 0.61290 0.48658 0.23347 0.42181 0.22706 38.04678 20.30201 24.26148 39.43675 22.60617 15.47085
lin/ang/drive_left/drive_right/tv_l/tv_r/av_l/av_r/x/y/theta/tx/ty/ttheta: 0.73737 -1.00264 0.87181 0.61723 0.39780 0.20791 0.44761 0.24008 38.60867 20.49261 23.18574 39.92048 22.73493 14.34107
lin/ang/drive_left/drive_right/tv_l/tv_r/av_l/av_r/x/y/theta/tx/ty/ttheta: 0.71337 -0.96451 0.66499 0.59648 0.49264 0.19249 0.40947 0.22211 39.14645 20.66607 22.19406 40.40666 22.85418 13.22530
lin/ang/drive_left/drive_right/tv_l/tv_r/av_l/av_r/x/y/theta/tx/ty/ttheta: 0.68864 -0.92540 0.91676 0.59432 0.22453 0.16667 0.45036 0.21047 39.68526 20.83003 21.21260 40.89506 22.96401 12.12536
lin/ang/drive_left/drive_right/tv_l/tv_r/av_l/av_r/x/y/theta/tx/ty/ttheta: 0.66169 -0.85971 0.70821 0.56428 0.23874 0.16418 0.32203 0.18719 40.21453 20.97832 20.25399 41.28724 23.04516 11.25792
lin/ang/drive_left/drive_right/tv_l/tv_r/av_l/av_r/x/y/theta/tx/ty/ttheta: 0.63464 -0.81567 0.58330 0.52322 0.31884 0.15023 0.24367 0.18100 40.76576 21.12655 19.27385 41.77911 23.13831 10.19045
lin/ang/drive_left/drive_right/tv_l/tv_r/av_l/av_r/x/y/theta/tx/ty/ttheta: 0.61096 -0.74760 0.48950 0.50657 0.38528 0.17723 0.28300 0.17333 41.22718 21.22755 18.34687 42.17382 23.20626 9.35071
lin/ang/drive_left/drive_right/tv_l/tv_r/av_l/av_r/x/y/theta/tx/ty/ttheta: 0.58391 -0.68842 0.71988 0.53013 0.17805 0.12133 0.34667 0.18289 41.73080 21.33118 17.51535 42.56948 23.26848 8.52423
lin/ang/drive_left/drive_right/tv_l/tv_r/av_l/av_r/x/y/theta/tx/ty/ttheta: 0.55632 -0.62000 0.74495 0.50982 0.08200 0.10554 0.26453 0.15606 42.20660 21.43304 16.74271 42.86679 23.31142 7.91335
lin/ang/drive_left/drive_right/tv_l/tv_r/av_l/av_r/x/y/theta/tx/ty/ttheta: 0.53218 -0.58331 0.49426 0.47372 0.21888 0.09565 0.14628 0.13417 42.63656 21.52016 16.01214 43.26389 23.36378 7.11113
lin/ang/drive_left/drive_right/tv_l/tv_r/av_l/av_r/x/y/theta/tx/ty/ttheta: 0.50683 -0.55060 0.59345 0.42488 0.15441 0.09288 0.19047 0.11667 43.06990 21.59592 15.36882 43.66168 23.41063 6.32326
lin/ang/drive_left/drive_right/tv_l/tv_r/av_l/av_r/x/y/theta/tx/ty/ttheta: 0.48530 -0.51786 0.47934 0.38793 0.20041 0.15127 0.18444 0.11172 43.42735 21.63241 14.97086 43.96043 23.44219 5.74196
lin/ang/drive_left/drive_right/tv_l/tv_r/av_l/av_r/x/y/theta/tx/ty/ttheta: 0.46283 -0.52668 0.40111 0.42942 0.26913 0.08062 0.19267 0.14989 43.77556 21.69584 14.61271 44.35923 23.47961 4.97982
lin/ang/drive_left/drive_right/tv_l/tv_r/av_l/av_r/x/y/theta/tx/ty/ttheta: 0.43716 -0.50959 0.50506 0.38641 0.17335 0.07034 0.23564 0.11378 44.15239 21.75775 14.24600 44.65863 23.50421 4.41802
lin/ang/drive_left/drive_right/tv_l/tv_r/av_l/av_r/x/y/theta/tx/ty/ttheta: 0.41373 -0.47887 0.46616 0.35227 0.15889 0.08643 0.20636 0.09308 44.48958 21.81150 13.93310 44.85837 23.51899 4.04818
lin/ang/drive_left/drive_right/tv_l/tv_r/av_l/av_r/x/y/theta/tx/ty/ttheta: 0.39175 -0.47173 0.36696 0.33606 0.21909 0.06652 0.17283 0.09892 44.76832 21.86071 13.60229 45.15814 23.53876 3.50047
lin/ang/drive_left/drive_right/tv_l/tv_r/av_l/av_r/x/y/theta/tx/ty/ttheta: 0.36816 -0.44877 0.42488 0.30710 0.15917 0.06277 0.19592 0.08347 45.04736 21.88733 13.28757 45.45809 23.55569 2.96123
lin/ang/drive_left/drive_right/tv_l/tv_r/av_l/av_r/x/y/theta/tx/ty/ttheta: 0.34184 -0.43068 0.43245 0.28808 0.06585 -0.04644 0.17436 0.07889 45.32761 21.92797 12.96825 45.75818 23.56982 2.43049
lin/ang/drive_left/drive_right/tv_l/tv_r/av_l/av_r/x/y/theta/tx/ty/ttheta: 0.31742 -0.40107 0.34903 0.25048 0.07607 0.06324 0.10147 -0.00786 45.59173 21.97169 12.62719 45.95830 23.57770 2.08138
lin/ang/drive_left/drive_right/tv_l/tv_r/av_l/av_r/x/y/theta/tx/ty/ttheta: 0.28988 -0.36560 0.19191 0.21158 0.13086 0.05604 0.08353 0.05544 45.79645 21.99511 12.23571 46.25858 23.58725 1.56476
lin/ang/drive_left/drive_right/tv_l/tv_r/av_l/av_r/x/y/theta/tx/ty/ttheta: 0.27181 -0.29475 0.17441 0.24270 0.17419 0.09732 0.12097 0.06775 45.97974 22.01172 11.76251 46.35868 23.58984 1.39442
lin/ang/drive_left/drive_right/tv_l/tv_r/av_l/av_r/x/y/theta/tx/ty/ttheta: 0.24421 -0.25270 0.29478 0.19537 0.06260 -0.04386 0.16375 0.08725 46.18621 22.03828 11.42869 46.55892 23.59412 1.05656
lin/ang/drive_left/drive_right/tv_l/tv_r/av_l/av_r/x/y/theta/tx/ty/ttheta: 0.22465 -0.22167 0.32115 0.19105 -0.07301 0.05637 0.09942 -0.01114 46.35485 22.06161 11.20729 46.65904 23.59582 0.88902
lin/ang/drive_left/drive_right/tv_l/tv_r/av_l/av_r/x/y/theta/tx/ty/ttheta: 0.19348 -0.18516 0.21201 0.14307 -0.12073 -0.07235 -0.02547 0.04347 46.50201 22.08128 11.01040 46.85931 23.59835 0.55673
lin/ang/drive_left/drive_right/tv_l/tv_r/av_l/av_r/x/y/theta/tx/ty/ttheta: 0.17110 -0.13691 0.13615 0.16879 -0.06443 -0.05469 -0.09992 -0.04003 46.62758 22.08753 10.76017 46.95945 23.59918 0.39198
lin/ang/drive_left/drive_right/tv_l/tv_r/av_l/av_r/x/y/theta/tx/ty/ttheta: 0.14895 -0.09338 0.07629 0.08796 0.04237 0.04845 -0.06622 -0.04808 46.69413 22.08844 10.77430 47.05959 23.59972 0.22815
lin/ang/drive_left/drive_right/tv_l/tv_r/av_l/av_r/x/y/theta/tx/ty/ttheta: 0.12191 -0.05910 0.07110 0.05662 -0.06564 -0.05011 0.02344 0.02550 46.72344 22.07603 10.88950 47.15973 23.59998 0.06524
lin/ang/drive_left/drive_right/tv_l/tv_r/av_l/av_r/x/y/theta/tx/ty/ttheta: 0.04558 0.03360 0.06743 0.07672 -0.43845 -0.32244 -0.03731 -0.02667 46.75421 22.08780 11.01490 47.20000 23.60000 359.99998
lin/ang/drive_left/drive_right/tv_l/tv_r/av_l/av_r/x/y/theta/tx/ty/ttheta: 0.04427 0.02703 -0.01470 0.04106 0.08292 0.05068 -0.28369 -0.21664 46.77596 22.09330 11.07638 47.20000 23.60000 359.99998
lin/ang/drive_left/drive_right/tv_l/tv_r/av_l/av_r/x/y/theta/tx/ty/ttheta: 0.04384 0.10636 -0.06548 -0.04560 0.07278 0.17848 -0.01403 -0.03883 46.78371 22.09825 11.15041 47.20000 23.60000 359.99998
lin/ang/drive_left/drive_right/tv_l/tv_r/av_l/av_r/x/y/theta/tx/ty/ttheta: 0.04383 0.11588 0.10201 0.07089 -0.06193 0.09438 0.06878 0.12883 46.78829 22.08062 11.18612 47.20000 23.60000 359.99998
lin/ang/drive_left/drive_right/tv_l/tv_r/av_l/av_r/x/y/theta/tx/ty/ttheta: 0.04489 0.11168 0.13550 0.24810 -0.09657 -0.11595 -0.02497 0.11106 46.77313 22.07695 11.24070 47.20000 23.60000 359.99998
lin/ang/drive_left/drive_right/tv_l/tv_r/av_l/av_r/x/y/theta/tx/ty/ttheta: 0.04523 0.10361 0.01405 0.04430 -0.04478 -0.04697 -0.07889 -0.05972 46.76886 22.07929 11.30975 47.20000 23.60000 359.99998
lin/ang/drive_left/drive_right/tv_l/tv_r/av_l/av_r/x/y/theta/tx/ty/ttheta: 0.04668 0.08756 -0.13421 -0.16144 0.16500 0.18233 -0.05936 -0.06503 46.74870 22.08054 11.45521 47.20000 23.60000 359.99998
lin/ang/drive_left/drive_right/tv_l/tv_r/av_l/av_r/x/y/theta/tx/ty/ttheta: 0.05098 0.07773 -0.12470 -0.15063 0.22368 0.26059 0.09992 0.11361 46.68288 22.07100 11.53894 47.20000 23.60000 359.99998
lin/ang/drive_left/drive_right/tv_l/tv_r/av_l/av_r/x/y/theta/tx/ty/ttheta: 0.05297 0.07326 0.19407 0.22022 -0.06783 -0.06111 0.18772 0.22331 46.65225 22.06648 11.57677 47.20000 23.60000 359.99998
lin/ang/drive_left/drive_right/tv_l/tv_r/av_l/av_r/x/y/theta/tx/ty/ttheta: 0.05296 0.08531 0.14609 0.21244 -0.11588 -0.11680 0.03744 0.02600 46.65098 22.06151 11.47498 47.20000 23.60000 359.99998
lin/ang/drive_left/drive_right/tv_l/tv_r/av_l/av_r/x/y/theta/tx/ty/ttheta: 0.05300 0.09329 -0.07542 -0.02939 0.10162 0.10491 -0.08844 -0.09206 46.64927 22.05804 11.40760 47.20000 23.60000 359.99998
lin/ang/drive_left/drive_right/tv_l/tv_r/av_l/av_r/x/y/theta/tx/ty/ttheta: 0.05287 0.10190 -0.17462 -0.16317 0.20478 0.23046 0.04519 0.05442 46.65069 22.05379 11.34396 47.20000 23.60000 359.99998
lin/ang/drive_left/drive_right/tv_l/tv_r/av_l/av_r/x/y/theta/tx/ty/ttheta: 0.05285 0.10857 0.07348 0.12016 0.10191 0.07459 0.16172 0.18444 46.65014 22.05107 11.28764 47.20000 23.60000 359.99998
lin/ang/drive_left/drive_right/tv_l/tv_r/av_l/av_r/x/y/theta/tx/ty/ttheta: 0.05281 0.11105 0.30710 0.28181 -0.17258 -0.14347 0.13603 0.11550 46.65050 22.05017 11.26665 47.20000 23.60000 359.99998
lin/ang/drive_left/drive_right/tv_l/tv_r/av_l/av_r/x/y/theta/tx/ty/ttheta: 0.04994 0.11011 0.11930 0.17570 -0.14462 -0.15538 -0.08506 -0.07906 46.69535 22.05948 11.27458 47.20000 23.60000 359.99998
lin/ang/drive_left/drive_right/tv_l/tv_r/av_l/av_r/x/y/theta/tx/ty/ttheta: 0.04698 0.11118 -0.26712 -0.21439 0.18958 0.18722 -0.14289 -0.14117 46.74200 22.06719 11.27469 47.20000 23.60000 359.99998
lin/ang/drive_left/drive_right/tv_l/tv_r/av_l/av_r/x/y/theta/tx/ty/ttheta: 0.04623 0.11048 -0.11713 -0.18608 0.20000 0.26766 0.08092 0.05525 46.75382 22.06982 11.28070 47.20000 23.60000 359.99998
lin/ang/drive_left/drive_right/tv_l/tv_r/av_l/av_r/x/y/theta/tx/ty/ttheta: 0.04634 0.11043 0.28462 0.28851 -0.14132 -0.10250 0.17728 0.21797 46.75468 22.06314 11.33545 47.20000 23.60000 359.99998
lin/ang/drive_left/drive_right/tv_l/tv_r/av_l/av_r/x/y/theta/tx/ty/ttheta: 0.04418 0.11503 0.20920 0.39852 -0.19662 -0.26859 -0.03575 0.04397 46.78869 22.06593 11.31358 47.20000 23.60000 359.99998
lin/ang/drive_left/drive_right/tv_l/tv_r/av_l/av_r/x/y/theta/tx/ty/ttheta: 0.04027 0.11997 -0.10093 -0.03393 0.06999 0.05112 -0.16461 -0.19369 46.84924 22.07604 11.27118 47.20000 23.60000 359.99998
lin/ang/drive_left/drive_right/tv_l/tv_r/av_l/av_r/x/y/theta/tx/ty/ttheta: 0.03929 0.12322 -0.15474 -0.35313 0.16912 0.31946 -0.00481 -0.05064 46.86501 22.07555 11.26180 47.20000 23.60000 359.99998
lin/ang/drive_left/drive_right/tv_l/tv_r/av_l/av_r/x/y/theta/tx/ty/ttheta: 0.03911 0.12209 0.05144 0.03501 0.08908 0.18839 0.12422 0.20669 46.86790 22.07659 11.27161 47.20000 23.60000 359.99998
lin/ang/drive_left/drive_right/tv_l/tv_r/av_l/av_r/x/y/theta/tx/ty/ttheta: 0.03914 0.12072 0.18370 0.42791 -0.11579 -0.20932 0.10814 0.21031 46.86770 22.07709 11.28345 47.20000 23.60000 359.99998
lin/ang/drive_left/drive_right/tv_l/tv_r/av_l/av_r/x/y/theta/tx/ty/ttheta: 0.03828 0.11743 0.12038 0.13572 -0.12561 -0.14359 -0.05422 -0.06881 46.88248 22.07904 11.33052 47.20000 23.60000 359.99998
lin/ang/drive_left/drive_right/tv_l/tv_r/av_l/av_r/x/y/theta/tx/ty/ttheta: 0.03665 0.10236 -0.07845 -0.28311 0.09142 0.21199 -0.11189 -0.14581 46.91000 22.09065 11.46108 47.20000 23.60000 359.99998
lin/ang/drive_left/drive_right/tv_l/tv_r/av_l/av_r/x/y/theta/tx/ty/ttheta: 0.03651 0.09780 -0.15193 -0.15020 0.17777 0.24616 0.03608 0.10556 46.91222 22.09409 11.49123 47.20000 23.60000 359.99998
lin/ang/drive_left/drive_right/tv_l/tv_r/av_l/av_r/x/y/theta/tx/ty/ttheta: 0.03639 0.10465 0.02701 0.36243 0.10031 -0.15608 0.13894 0.21833 46.91326 22.09155 11.43174 47.20000 23.60000 359.99998
lin/ang/drive_left/drive_right/tv_l/tv_r/av_l/av_r/x/y/theta/tx/ty/ttheta: 0.03628 0.11035 0.24162 0.34168 -0.15200 -0.25085 0.12369 -0.02344 46.91413 22.08944 11.38231 47.20000 23.60000 359.99998
lin/ang/drive_left/drive_right/tv_l/tv_r/av_l/av_r/x/y/theta/tx/ty/ttheta: 0.03336 0.11269 0.09941 -0.23773 -0.14127 0.16517 -0.07597 -0.21097 46.95946 22.09761 11.36195 47.20000 23.60000 359.99998
lin/ang/drive_left/drive_right/tv_l/tv_r/av_l/av_r/x/y/theta/tx/ty/ttheta: 0.03245 0.12074 -0.09876 -0.21201 0.08557 0.26813 -0.13808 0.04294 46.97261 22.09699 11.29165 47.20000 23.60000 359.99998
lin/ang/drive_left/drive_right/tv_l/tv_r/av_l/av_r/x/y/theta/tx/ty/ttheta: 0.03187 0.14169 -0.21158 0.29629 0.18945 -0.10678 0.01742 0.21747 46.97886 22.08975 11.10847 47.20000 23.60000 359.99998
lin/ang/drive_left/drive_right/tv_l/tv_r/av_l/av_r/x/y/theta/tx/ty/ttheta: 0.03188 0.14096 0.00627 0.33325 0.12451 -0.23317 0.14306 0.01044 46.97875 22.09002 11.11485 47.20000 23.60000 359.99998
lin/ang/drive_left/drive_right/tv_l/tv_r/av_l/av_r/x/y/theta/tx/ty/ttheta: 0.03225 0.12095 0.24896 -0.13550 -0.13976 0.11217 0.13997 -0.18411 46.97571 22.09751 11.28983 47.20000 23.60000 359.99998
lin/ang/drive_left/drive_right/tv_l/tv_r/av_l/av_r/x/y/theta/tx/ty/ttheta: 0.03185 0.11226 0.12297 -0.30494 -0.13969 0.29763 -0.06125 0.00872 46.98324 22.10255 11.36585 47.20000 23.60000 359.99998
lin/ang/drive_left/drive_right/tv_l/tv_r/av_l/av_r/x/y/theta/tx/ty/ttheta: 0.03145 0.13350 -0.13745 0.20812 0.09584 -0.04866 -0.12575 0.22481 46.98648 22.09459 11.17994 47.20000 23.60000 359.99998
lin/ang/drive_left/drive_right/tv_l/tv_r/av_l/av_r/x/y/theta/tx/ty/ttheta: 0.03121 0.14679 -0.21114 0.28851 0.20032 -0.17474 0.02958 0.03336 46.98850 22.08960 11.06356 47.20000 23.60000 359.99998
lin/ang/drive_left/drive_right/tv_l/tv_r/av_l/av_r/x/y/theta/tx/ty/ttheta: 0.03046 0.13008 -0.01859 -0.08688 0.15053 0.09024 0.15792 -0.13175 47.00249 22.09914 11.20993 47.20000 23.60000 359.99998
lin/ang/drive_left/drive_right/tv_l/tv_r/av_l/av_r/x/y/theta/tx/ty/ttheta: 0.03041 0.11213 0.32244 -0.23902 -0.18167 0.24393 0.16494 0.02944 47.00571 22.10707 11.36737 47.20000 23.60000 359.99998
lin/ang/drive_left/drive_right/tv_l/tv_r/av_l/av_r/x/y/theta/tx/ty/ttheta: 0.02957 0.12119 0.03350 0.11346 -0.11341 0.06213 -0.07597 0.18411 47.01766 22.10578 11.28784 47.20000 23.60000 359.99998
lin/ang/drive_left/drive_right/tv_l/tv_r/av_l/av_r/x/y/theta/tx/ty/ttheta: 0.02817 0.14514 -0.22541 0.31596 0.14338 -0.17948 -0.12969 0.11653 47.03615 22.09969 11.07731 47.20000 23.60000 359.99998
lin/ang/drive_left/drive_right/tv_l/tv_r/av_l/av_r/x/y/theta/tx/ty/ttheta: 0.02586 0.13520 -0.11605 0.00000 0.16179 -0.08313 0.06642 -0.10233 47.07367 22.11112 11.16495 47.20000 23.60000 359.99998
lin/ang/drive_left/drive_right/tv_l/tv_r/av_l/av_r/x/y/theta/tx/ty/ttheta: 0.02615 0.10927 0.19796 -0.25718 -0.10025 0.20672 0.14853 -0.10642 47.07275 22.12154 11.39403 47.20000 23.60000 359.99998
lin/ang/drive_left/drive_right/tv_l/tv_r/av_l/av_r/x/y/theta/tx/ty/ttheta: 0.02612 0.10068 0.16273 -0.16554 -0.15392 0.24247 -0.02447 0.10644 47.07431 22.12537 11.46990 47.20000 23.60000 359.99998
lin/ang/drive_left/drive_right/tv_l/tv_r/av_l/av_r/x/y/theta/tx/ty/ttheta: 0.02544 0.11715 -0.07802 0.35486 0.05646 -0.15721 -0.13039 0.21817 47.08282 22.12034 11.32436 47.20000 23.60000 359.99998
lin/ang/drive_left/drive_right/tv_l/tv_r/av_l/av_r/x/y/theta/tx/ty/ttheta: 0.02396 0.12914 -0.18089 0.22454 0.15588 -0.18897 -0.00086 -0.02053 47.10427 22.11969 11.21827 47.20000 23.60000 359.99998
lin/ang/drive_left/drive_right/tv_l/tv_r/av_l/av_r/x/y/theta/tx/ty/ttheta: 0.02325 0.11094 -0.10287 -0.25113 0.18037 0.17390 0.11464 -0.16186 47.11781 22.12988 11.37966 47.20000 23.60000 359.99998
lin/ang/drive_left/drive_right/tv_l/tv_r/av_l/av_r/x/y/theta/tx/ty/ttheta: 0.02335 0.10560 0.19796 -0.23708 -0.11660 0.27563 0.16733 0.04606 47.11698 22.13190 11.42711 47.20000 23.60000 359.99998
lin/ang/drive_left/drive_right/tv_l/tv_r/av_l/av_r/x/y/theta/tx/ty/ttheta: 0.02309 0.11985 0.16576 0.28117 -0.17712 -0.10974 -0.02994 0.22242 47.11919 22.12650 11.30063 47.20000 23.60000 359.99998
lin/ang/drive_left/drive_right/tv_l/tv_r/av_l/av_r/x/y/theta/tx/ty/ttheta: 0.02118 0.13958 -0.19299 0.29824 0.10555 -0.21645 -0.14511 0.02378 47.14627 22.12373 11.12529 47.20000 23.60000 359.99998
lin/ang/drive_left/drive_right/tv_l/tv_r/av_l/av_r/x/y/theta/tx/ty/ttheta: 0.01960 0.13222 -0.18910 -0.20531 0.19018 0.14292 0.03594 -0.17317 47.17207 22.13185 11.19086 47.20000 23.60000 359.99998
lin/ang/drive_left/drive_right/tv_l/tv_r/av_l/av_r/x/y/theta/tx/ty/ttheta: 0.01983 0.11969 0.07996 -0.21892 -0.04292 0.24570 0.15775 0.04314 47.17012 22.13664 11.30282 47.20000 23.60000 359.99998
lin/ang/drive_left/drive_right/tv_l/tv_r/av_l/av_r/x/y/theta/tx/ty/ttheta: 0.01983 0.12003 0.24961 0.15798 -0.19810 -0.05503 0.02122 0.19814 47.17017 22.13652 11.29980 47.20000 23.60000 359.99998
lin/ang/drive_left/drive_right/tv_l/tv_r/av_l/av_r/x/y/theta/tx/ty/ttheta: 0.01974 0.12446 -0.00151 0.33692 -0.10960 -0.22249 -0.14031 0.03867 47.17086 22.13482 11.26021 47.20000 23.60000 359.99998
lin/ang/drive_left/drive_right/tv_l/tv_r/av_l/av_r/x/y/theta/tx/ty/ttheta: 0.01879 0.11898 -0.22368 -0.03631 0.15913 0.04680 -0.12797 -0.16219 47.18653 22.14022 11.30917 47.20000 23.60000 359.99998
lin/ang/drive_left/drive_right/tv_l/tv_r/av_l/av_r/x/y/theta/tx/ty/ttheta: 0.01903 0.10605 -0.14112 -0.31985 0.18708 0.27001 0.07667 -0.03064 47.18451 22.14516 11.42476 47.20000 23.60000 359.99998
lin/ang/drive_left/drive_right/tv_l/tv_r/av_l/av_r/x/y/theta/tx/ty/ttheta: 0.01913 0.10064 0.17765 0.07931 -0.10530 0.11889 0.16408 0.20019 47.18366 22.14723 11.47315 47.20000 23.60000 359.99998
lin/ang/drive_left/drive_right/tv_l/tv_r/av_l/av_r/x/y/theta/tx/ty/ttheta: 0.01900 0.10788 0.16900 0.37215 -0.17275 -0.20588 -0.01164 0.15072 47.18480 22.14446 11.40848 47.20000 23.60000 359.99998
lin/ang/drive_left/drive_right/tv_l/tv_r/av_l/av_r/x/y/theta/tx/ty/ttheta: 0.01891 0.10865 -0.11173 0.04020 0.08143 -0.09642 -0.14183 -0.11258 47.18659 22.14336 11.41119 47.20000 23.60000 359.99998
lin/ang/drive_left/drive_right/tv_l/tv_r/av_l/av_r/x/y/theta/tx/ty/ttheta: 0.01897 0.10545 -0.18953 -0.29176 0.18184 0.22507 0.01711 -0.11842 47.18609 22.14458 11.43985 47.20000 23.60000 359.99998
lin/ang/drive_left/drive_right/tv_l/tv_r/av_l/av_r/x/y/theta/tx/ty/ttheta: 0.01879 0.10509 -0.01232 -0.23859 0.11595 0.29014 0.14200 0.11553 47.18893 22.14530 11.44305 47.20000 23.60000 359.99998
lin/ang/drive_left/drive_right/tv_l/tv_r/av_l/av_r/x/y/theta/tx/ty/ttheta: 0.01874 0.10739 0.28549 0.37064 -0.18805 -0.17073 0.13278 0.25103 47.18929 22.14442 11.42244 47.20000 23.60000 359.99998
lin/ang/drive_left/drive_right/tv_l/tv_r/av_l/av_r/x/y/theta/tx/ty/ttheta: 0.01814 0.11396 0.06656 0.29262 -0.13990 -0.24114 -0.07203 -0.04789 47.19781 22.14342 11.36373 47.20000 23.60000 359.99998
lin/ang/drive_left/drive_right/tv_l/tv_r/av_l/av_r/x/y/theta/tx/ty/ttheta: 0.01538 0.10236 -0.27425 -0.33001 0.17470 0.19422 -0.13875 -0.20911 47.24248 22.15727 11.46767 47.20000 23.60000 359.99998
lin/ang/drive_left/drive_right/tv_l/tv_r/av_l/av_r/x/y/theta/tx/ty/ttheta: 0.01514 0.10565 -0.14328 -0.23665 0.18029 0.28077 0.05544 0.06708 47.24589 22.15660 11.43809 47.20000 23.60000 359.99998
lin/ang/drive_left/drive_right/tv_l/tv_r/av_l/av_r/x/y/theta/tx/ty/ttheta: 0.01485 0.11552 0.16230 0.33195 -0.11312 -0.14952 0.16667 0.23992 47.24898 22.15311 11.34925 47.20000 23.60000 359.99998
lin/ang/drive_left/drive_right/tv_l/tv_r/av_l/av_r/x/y/theta/tx/ty/ttheta: 0.01492 0.11161 0.29392 0.25005 -0.24719 -0.21416 -0.01336 -0.02942 47.24837 22.15461 11.38447 47.20000 23.60000 359.99998
lin/ang/drive_left/drive_right/tv_l/tv_r/av_l/av_r/x/y/theta/tx/ty/ttheta: 0.01463 0.09866 -0.16230 -0.19558 0.09842 0.13340 -0.19300 -0.17725 47.25561 22.15932 11.51941 47.20000 23.60000 359.99998
lin/ang/drive_left/drive_right/tv_l/tv_r/av_l/av_r/x/y/theta/tx/ty/ttheta: 0.01437 0.09240 -0.32936 -0.21287 0.27164 0.23061 -0.00342 0.01522 47.26057 22.16295 11.57581 47.20000 23.60000 359.99998
lin/ang/drive_left/drive_right/tv_l/tv_r/av_l/av_r/x/y/theta/tx/ty/ttheta: 0.01428 0.09686 -0.03479 0.13464 0.16497 -0.05063 0.20600 0.18414 47.26128 22.16123 11.53559 47.20000 23.60000 359.99998
lin/ang/drive_left/drive_right/tv_l/tv_r/av_l/av_r/x/y/theta/tx/ty/ttheta: 0.01422 0.10223 0.39333 0.32893 -0.24671 -0.22374 0.18358 0.02481 47.26242 22.15693 11.50667 47.20000 23.60000 359.99998
lin/ang/drive_left/drive_right/tv_l/tv_r/av_l/av_r/x/y/theta/tx/ty/ttheta: 0.01394 0.11706 0.01686 -0.13378 -0.13575 0.11305 -0.09925 -0.17658 47.26476 22.15121 11.37292 47.20000 23.60000 359.99998
lin/ang/drive_left/drive_right/tv_l/tv_r/av_l/av_r/x/y/theta/tx/ty/ttheta: 0.01344 0.13364 -0.33303 -0.19558 0.19758 0.22358 -0.15075 0.04089 47.27027 22.14539 11.22333 47.20000 23.60000 359.99998
lin/ang/drive_left/drive_right/tv_l/tv_r/av_l/av_r/x/y/theta/tx/ty/ttheta: 0.01320 0.14586 -0.18521 0.15560 0.20597 -0.05684 0.06519 0.18633 47.27218 22.14066 11.11300 47.20000 23.60000 359.99998
lin/ang/drive_left/drive_right/tv_l/tv_r/av_l/av_r/x/y/theta/tx/ty/ttheta: 0.01334 0.13340 0.21655 0.27058 -0.12559 -0.19837 0.18617 -0.00239 47.27177 22.14579 11.22554 47.20000 23.60000 359.99998
lin/ang/drive_left/drive_right/tv_l/tv_r/av_l/av_r/x/y/theta/tx/ty/ttheta: 0.01362 0.12116 0.14004 -0.09466 -0.15455 0.08399 -0.05372 -0.16325 47.27010 22.14841 11.35449 47.20000 23.60000 359.99998
lin/ang/drive_left/drive_right/tv_l/tv_r/av_l/av_r/x/y/theta/tx/ty/ttheta: 0.01332 0.11696 -0.17181 -0.19991 0.11272 0.20640 -0.13739 0.04414 47.27540 22.15123 11.39235 47.20000 23.60000 359.99998
lin/ang/drive_left/drive_right/tv_l/tv_r/av_l/av_r/x/y/theta/tx/ty/ttheta: 0.01307 0.12462 -0.22692 0.12189 0.20081 -0.04426 0.04844 0.17436 47.27814 22.14858 11.32320 47.20000 23.60000 359.99998
lin/ang/drive_left/drive_right/tv_l/tv_r/av_l/av_r/x/y/theta/tx/ty/ttheta: 0.01307 0.12495 0.13140 0.17397 -0.08526 -0.12461 0.16889 -0.00242 47.27819 22.14845 11.32020 47.20000 23.60000 359.99998
lin/ang/drive_left/drive_right/tv_l/tv_r/av_l/av_r/x/y/theta/tx/ty/ttheta: 0.01320 0.11791 0.28225 -0.04538 -0.23189 0.07113 -0.01061 -0.09975 47.27708 22.15117 11.38378 47.20000 23.60000 359.99998
lin/ang/drive_left/drive_right/tv_l/tv_r/av_l/av_r/x/y/theta/tx/ty/ttheta: 0.01314 0.12099 -0.08039 -0.16727 0.04116 0.18700 -0.17744 0.03681 47.27757 22.14998 11.35598 47.20000 23.60000 359.99998
lin/ang/drive_left/drive_right/tv_l/tv_r/av_l/av_r/x/y/theta/tx/ty/ttheta: 0.01291 0.12797 -0.33692 0.03026 0.24435 0.11651 -0.03267 0.14664 47.28020 22.14759 11.29294 47.20000 23.60000 359.99998
lin/ang/drive_left/drive_right/tv_l/tv_r/av_l/av_r/x/y/theta/tx/ty/ttheta: 0.01297 0.12465 -0.20963 0.20293 0.26575 -0.11875 0.16461 0.12150 47.27968 22.14887 11.32293 47.20000 23.60000 359.99998
lin/ang/drive_left/drive_right/tv_l/tv_r/av_l/av_r/x/y/theta/tx/ty/ttheta: 0.01336 0.10437 0.42121 0.05576 -0.22502 -0.08890 0.24039 -0.07153 47.27647 22.15670 11.50605 47.20000 23.60000 359.99998
lin/ang/drive_left/drive_right/tv_l/tv_r/av_l/av_r/x/y/theta/tx/ty/ttheta: 0.01077 0.11428 0.29284 -0.17224 -0.32015 0.14882 0.02689 -0.08642 47.31550 22.16047 11.41635 47.20000 23.60000 359.99998
lin/ang/drive_left/drive_right/tv_l/tv_r/av_l/av_r/x/y/theta/tx/ty/ttheta: 0.00839 0.14344 -0.36567 -0.16727 0.15744 0.22154 -0.25544 0.07992 47.34858 22.15478 11.15157 47.20000 23.60000 359.99998
lin/ang/drive_left/drive_right/tv_l/tv_r/av_l/av_r/x/y/theta/tx/ty/ttheta: 0.00778 0.15505 -0.41235 0.22109 0.33211 -0.10128 -0.04022 0.18514 47.35638 22.15141 11.04581 47.20000 23.60000 359.99998
lin/ang/drive_left/drive_right/tv_l/tv_r/av_l/av_r/x/y/theta/tx/ty/ttheta: 0.00829 0.13540 0.33649 0.32698 -0.16580 -0.25731 0.24331 0.01489 47.35406 22.15253 11.28293 47.20000 23.60000 359.99998
lin/ang/drive_left/drive_right/tv_l/tv_r/av_l/av_r/x/y/theta/tx/ty/ttheta: 0.00721 0.10923 0.42985 -0.18067 -0.35780 0.09959 0.01711 -0.19247 47.37553 22.16566 11.54096 47.20000 23.60000 359.99998
lin/ang/drive_left/drive_right/tv_l/tv_r/av_l/av_r/x/y/theta/tx/ty/ttheta: 0.00531 0.11570 -0.35248 -0.32201 0.15273 0.28657 -0.26247 -0.02378 47.40526 22.16684 11.50047 47.20000 23.60000 359.99998
lin/ang/drive_left/drive_right/tv_l/tv_r/av_l/av_r/x/y/theta/tx/ty/ttheta: 0.00468 0.13761 -0.31142 0.12794 0.25175 0.04946 -0.01575 0.20792 47.41184 22.15887 11.29974 47.20000 23.60000 359.99998
lin/ang/drive_left/drive_right/tv_l/tv_r/av_l/av_r/x/y/theta/tx/ty/ttheta: 0.00462 0.13333 0.24702 0.31639 -0.14502 -0.22153 0.19919 0.11106 47.41432 22.15891 11.35882 47.20000 23.60000 359.99998
lin/ang/drive_left/drive_right/tv_l/tv_r/av_l/av_r/x/y/theta/tx/ty/ttheta: 0.00502 0.11291 0.38706 0.00065 -0.31837 -0.11240 0.02653 -0.13739 47.41104 22.16691 11.54597 47.20000 23.60000 359.99998
lin/ang/drive_left/drive_right/tv_l/tv_r/av_l/av_r/x/y/theta/tx/ty/ttheta: 0.00512 0.10787 -0.24183 -0.28938 0.11438 0.21141 -0.23528 -0.13878 47.41022 22.16888 11.59216 47.20000 23.60000 359.99998
lin/ang/drive_left/drive_right/tv_l/tv_r/av_l/av_r/x/y/theta/tx/ty/ttheta: 0.00484 0.12237 -0.42467 -0.09466 0.31272 0.19074 -0.02242 0.09361 47.41256 22.16321 11.45930 47.20000 23.60000 359.99998
lin/ang/drive_left/drive_right/tv_l/tv_r/av_l/av_r/x/y/theta/tx/ty/ttheta: 0.00454 0.12785 0.11649 0.30732 -0.06571 -0.16605 0.22464 0.18222 47.41651 22.16168 11.40910 47.20000 23.60000 359.99998
lin/ang/drive_left/drive_right/tv_l/tv_r/av_l/av_r/x/y/theta/tx/ty/ttheta: 0.00470 0.11935 0.30969 0.13939 -0.24543 -0.16077 0.04347 -0.03131 47.41514 22.16501 11.48694 47.20000 23.60000 359.99998
lin/ang/drive_left/drive_right/tv_l/tv_r/av_l/av_r/x/y/theta/tx/ty/ttheta: 0.00485 0.11178 -0.06051 -0.24940 -0.09736 0.17375 -0.16939 -0.14936 47.41392 22.16797 11.55635 47.20000 23.60000 359.99998
lin/ang/drive_left/drive_right/tv_l/tv_r/av_l/av_r/x/y/theta/tx/ty/ttheta: 0.00479 0.11460 -0.36307 -0.25415 0.22695 0.27201 -0.13775 0.05936 47.41437 22.16687 11.53051 47.20000 23.60000 359.99998
lin/ang/drive_left/drive_right/tv_l/tv_r/av_l/av_r/x/y/theta/tx/ty/ttheta: 0.00477 0.11596 -0.17570 0.28311 0.21042 -0.13663 0.09939 0.22161 47.41459 22.16634 11.51807 47.20000 23.60000 359.99998
lin/ang/drive_left/drive_right/tv_l/tv_r/av_l/av_r/x/y/theta/tx/ty/ttheta: 0.00505 0.10131 0.35248 0.22671 -0.20526 -0.20912 0.20242 0.00806 47.41222 22.17207 11.65228 47.20000 23.60000 359.99998
lin/ang/drive_left/drive_right/tv_l/tv_r/av_l/av_r/x/y/theta/tx/ty/ttheta: 0.00533 0.08722 0.23470 -0.22238 -0.24830 0.14254 -0.04039 -0.16769 47.40993 22.17757 11.78134 47.20000 23.60000 359.99998
lin/ang/drive_left/drive_right/tv_l/tv_r/av_l/av_r/x/y/theta/tx/ty/ttheta: 0.00507 0.10043 -0.34924 -0.15063 0.17929 0.19901 -0.21167 0.02842 47.41208 22.17241 11.66039 47.20000 23.60000 359.99998
lin/ang/drive_left/drive_right/tv_l/tv_r/av_l/av_r/x/y/theta/tx/ty/ttheta: 0.00473 0.11800 -0.34946 0.20358 0.29281 -0.09789 -0.02069 0.16494 47.41492 22.16554 11.49934 47.20000 23.60000 359.99998
lin/ang/drive_left/drive_right/tv_l/tv_r/av_l/av_r/x/y/theta/tx/ty/ttheta: 0.00495 0.10645 0.24680 0.11238 -0.12842 -0.12357 0.22656 -0.01350 47.41306 22.17006 11.60520 47.20000 23.60000 359.99998
lin/ang/drive_left/drive_right/tv_l/tv_r/av_l/av_r/x/y/theta/tx/ty/ttheta: 0.00514 0.09672 0.39484 -0.11649 -0.32420 0.10245 0.03339 -0.10694 47.41148 22.17386 11.69436 47.20000 23.60000 359.99998
lin/ang/drive_left/drive_right/tv_l/tv_r/av_l/av_r/x/y/theta/tx/ty/ttheta: 0.00495 0.10870 -0.25847 -0.15971 0.11151 0.19055 -0.24433 0.04347 47.41369 22.16709 11.60334 47.20000 23.60000 359.99998
lin/ang/drive_left/drive_right/tv_l/tv_r/av_l/av_r/x/y/theta/tx/ty/ttheta: 0.00481 0.12002 -0.31142 0.12081 0.24664 -0.05469 0.00481 0.15556 47.41386 22.16333 11.49072 47.20000 23.60000 359.99998
lin/ang/drive_left/drive_right/tv_l/tv_r/av_l/av_r/x/y/theta/tx/ty/ttheta: 0.00501 0.10963 0.15215 0.20423 -0.08497 -0.16412 0.19492 0.00869 47.41218 22.16739 11.58593 47.20000 23.60000 359.99998
lin/ang/drive_left/drive_right/tv_l/tv_r/av_l/av_r/x/y/theta/tx/ty/ttheta: 0.00528 0.09564 0.24464 -0.10590 -0.20916 0.08512 0.00169 -0.12697 47.40991 22.17286 11.71411 47.20000 23.60000 359.99998
lin/ang/drive_left/drive_right/tv_l/tv_r/av_l/av_r/x/y/theta/tx/ty/ttheta: 0.00524 0.09763 -0.10590 -0.24767 0.05567 0.23401 -0.15878 0.02019 47.41024 22.17208 11.69586 47.20000 23.60000 359.99998
lin/ang/drive_left/drive_right/tv_l/tv_r/av_l/av_r/x/y/theta/tx/ty/ttheta: 0.00497 0.11150 -0.25977 0.06030 0.19071 0.11558 -0.00617 0.17556 47.41248 22.16666 11.56880 47.20000 23.60000 359.99998
lin/ang/drive_left/drive_right/tv_l/tv_r/av_l/av_r/x/y/theta/tx/ty/ttheta: 0.00472 0.12441 -0.09423 0.32050 0.15205 -0.18688 0.14714 0.13842 47.41457 22.16161 11.45053 47.20000 23.60000 359.99998
lin/ang/drive_left/drive_right/tv_l/tv_r/av_l/av_r/x/y/theta/tx/ty/ttheta: 0.00494 0.11343 0.31899 -0.00151 -0.20220 -0.08202 0.15794 -0.09872 47.41280 22.16591 11.55114 47.20000 23.60000 359.99998
lin/ang/drive_left/drive_right/tv_l/tv_r/av_l/av_r/x/y/theta/tx/ty/ttheta: 0.00528 0.09583 0.02701 -0.25113 -0.11183 0.18438 -0.09633 -0.10114 47.40994 22.17279 11.71236 47.20000 23.60000 359.99998
lin/ang/drive_left/drive_right/tv_l/tv_r/av_l/av_r/x/y/theta/tx/ty/ttheta: 0.00487 0.10683 -0.30796 -0.05057 0.18259 0.15146 -0.13311 0.12575 47.41479 22.16912 11.61157 47.20000 23.60000 359.99998
lin/ang/drive_left/drive_right/tv_l/tv_r/av_l/av_r/x/y/theta/tx/ty/ttheta: 0.00437 0.13232 -0.19839 0.28635 0.19138 -0.14935 0.08758 0.15025 47.41890 22.15913 11.37786 47.20000 23.60000 359.99998
lin/ang/drive_left/drive_right/tv_l/tv_r/av_l/av_r/x/y/theta/tx/ty/ttheta: 0.00424 0.13469 0.30494 0.05316 -0.19579 -0.09710 0.17797 -0.06483 47.42065 22.15848 11.35612 47.20000 23.60000 359.99998
lin/ang/drive_left/drive_right/tv_l/tv_r/av_l/av_r/x/y/theta/tx/ty/ttheta: 0.00380 0.11765 0.25480 -0.19710 -0.25980 0.14689 -0.06192 -0.10025 47.42999 22.16762 11.51254 47.20000 23.60000 359.99998
lin/ang/drive_left/drive_right/tv_l/tv_r/av_l/av_r/x/y/theta/tx/ty/ttheta: 0.00341 0.11274 -0.32072 -0.12967 0.16852 0.17815 -0.21131 0.07683 47.43669 22.17107 11.55762 47.20000 23.60000 359.99998
lin/ang/drive_left/drive_right/tv_l/tv_r/av_l/av_r/x/y/theta/tx/ty/ttheta: 0.00299 0.12462 -0.23340 0.22411 0.21150 -0.11650 0.03217 0.15556 47.44150 22.16700 11.44845 47.20000 23.60000 359.99998
lin/ang/drive_left/drive_right/tv_l/tv_r/av_l/av_r/x/y/theta/tx/ty/ttheta: 0.00302 0.11327 0.27922 0.11994 -0.16727 -0.13582 0.18208 -0.04056 47.44273 22.17208 11.55278 47.20000 23.60000 359.99998
lin/ang/drive_left/drive_right/tv_l/tv_r/av_l/av_r/x/y/theta/tx/ty/ttheta: 0.00346 0.09067 0.22757 -0.17505 -0.22427 0.12444 -0.04858 -0.11997 47.43905 22.18094 11.76043 47.20000 23.60000 359.99998
lin/ang/drive_left/drive_right/tv_l/tv_r/av_l/av_r/x/y/theta/tx/ty/ttheta: 0.00343 0.09233 -0.26561 -0.15258 0.14267 0.18736 -0.18700 0.06469 47.43932 22.18029 11.74523 47.20000 23.60000 359.99998
lin/ang/drive_left/drive_right/tv_l/tv_r/av_l/av_r/x/y/theta/tx/ty/ttheta: 0.00308 0.11033 -0.23384 0.13875 0.20156 -0.06438 0.03061 0.15739 47.44226 22.17323 11.57976 47.20000 23.60000 359.99998
lin/ang/drive_left/drive_right/tv_l/tv_r/av_l/av_r/x/y/theta/tx/ty/ttheta: 0.00304 0.11210 0.15258 0.13918 -0.10474 -0.12189 0.17144 0.01611 47.44254 22.17254 11.56356 47.20000 23.60000 359.99998
lin/ang/drive_left/drive_right/tv_l/tv_r/av_l/av_r/x/y/theta/tx/ty/ttheta: 0.00321 0.09865 0.24983 -0.11519 -0.22031 0.09615 -0.01164 -0.10403 47.44189 22.17813 11.68713 47.20000 23.60000 359.99998
lin/ang/drive_left/drive_right/tv_l/tv_r/av_l/av_r/x/y/theta/tx/ty/ttheta: 0.00325 0.09659 -0.09120 -0.19386 0.04669 0.20016 -0.16956 0.04417 47.44155 22.17894 11.70611 47.20000 23.60000 359.99998
lin/ang/drive_left/drive_right/tv_l/tv_r/av_l/av_r/x/y/theta/tx/ty/ttheta: 0.00307 0.10596 -0.31855 0.07002 0.22586 0.05290 -0.03044 0.16511 47.44308 22.17526 11.61994 47.20000 23.60000 359.99998
lin/ang/drive_left/drive_right/tv_l/tv_r/av_l/av_r/x/y/theta/tx/ty/ttheta: 0.00294 0.11216 -0.08818 0.22022 0.16634 -0.15554 0.15381 0.08486 47.44408 22.17283 11.56299 47.20000 23.60000 359.99998
lin/ang/drive_left/drive_right/tv_l/tv_r/av_l/av_r/x/y/theta/tx/ty/ttheta: 0.00323 0.09743 0.35032 0.00259 -0.21562 -0.08690 0.17453 -0.10303 47.44169 22.17861 11.69837 47.20000 23.60000 359.99998
lin/ang/drive_left/drive_right/tv_l/tv_r/av_l/av_r/x/y/theta/tx/ty/ttheta: 0.00340 0.08893 0.06483 -0.21720 -0.14923 0.16767 -0.09222 -0.10097 47.44030 22.18194 11.77648 47.20000 23.60000 359.99998
lin/ang/drive_left/drive_right/tv_l/tv_r/av_l/av_r/x/y/theta/tx/ty/ttheta: 0.00296 0.11146 -0.34103 -0.10935 0.18555 0.18666 -0.15517 0.09361 47.44397 22.17310 11.56937 47.20000 23.60000 359.99998
lin/ang/drive_left/drive_right/tv_l/tv_r/av_l/av_r/x/y/theta/tx/ty/ttheta: 0.00227 0.13727 -0.05533 0.21244 0.09941 -0.10327 0.06778 0.16767 47.45104 22.16354 11.33193 47.20000 23.60000 359.99998
lin/ang/drive_left/drive_right/tv_l/tv_r/av_l/av_r/x/y/theta/tx/ty/ttheta: 0.00237 0.13191 0.28376 0.12556 -0.19761 -0.13122 0.11344 -0.03336 47.45017 22.16565 11.38126 47.20000 23.60000 359.99998
lin/ang/drive_left/drive_right/tv_l/tv_r/av_l/av_r/x/y/theta/tx/ty/ttheta: 0.00283 0.10866 0.18499 -0.12038 -0.21081 0.09469 -0.10919 -0.11686 47.44641 22.17479 11.59521 47.20000 23.60000 359.99998
lin/ang/drive_left/drive_right/tv_l/tv_r/av_l/av_r/x/y/theta/tx/ty/ttheta: 0.00316 0.09162 -0.29176 -0.16014 0.17409 0.17046 -0.19472 0.04294 47.44363 22.18148 11.75190 47.20000 23.60000 359.99998
lin/ang/drive_left/drive_right/tv_l/tv_r/av_l/av_r/x/y/theta/tx/ty/ttheta: 0.00307 0.09652 -0.27166 0.05835 0.24410 0.05153 0.02275 0.13997 47.44443 22.17955 11.70680 47.20000 23.60000 359.99998
lin/ang/drive_left/drive_right/tv_l/tv_r/av_l/av_r/x/y/theta/tx/ty/ttheta: 0.00300 0.09471 0.26301 0.19083 -0.15677 -0.14364 0.19950 0.08194 47.44567 22.18058 11.72347 47.20000 23.60000 359.99998
lin/ang/drive_left/drive_right/tv_l/tv_r/av_l/av_r/x/y/theta/tx/ty/ttheta: 0.00295 0.08727 0.22606 0.00303 -0.22878 -0.07828 0.00650 -0.08728 47.44751 22.18414 11.79187 47.20000 23.60000 359.99998
lin/ang/drive_left/drive_right/tv_l/tv_r/av_l/av_r/x/y/theta/tx/ty/ttheta: 0.00279 0.09567 -0.24616 -0.20380 0.12683 0.17016 -0.18292 -0.08917 47.44889 22.18084 11.71463 47.20000 23.60000 359.99998
lin/ang/drive_left/drive_right/tv_l/tv_r/av_l/av_r/x/y/theta/tx/ty/ttheta: 0.00248 0.11164 -0.22951 -0.14134 0.19558 0.20106 -0.00036 0.10267 47.45149 22.17457 11.56773 47.20000 23.60000 359.99998
lin/ang/drive_left/drive_right/tv_l/tv_r/av_l/av_r/x/y/theta/tx/ty/ttheta: 0.00246 0.11243 0.08990 0.27036 -0.07038 -0.14793 0.15914 0.18275 47.45162 22.17426 11.56039 47.20000 23.60000 359.99998
lin/ang/drive_left/drive_right/tv_l/tv_r/av_l/av_r/x/y/theta/tx/ty/ttheta: 0.00239 0.11177 0.21352 0.28679 -0.19614 -0.24685 0.00069 -0.02517 47.45287 22.17480 11.56649 47.20000 23.60000 359.99998
lin/ang/drive_left/drive_right/tv_l/tv_r/av_l/av_r/x/y/theta/tx/ty/ttheta: 0.00273 0.09401 -0.07370 -0.28916 0.05409 0.16828 -0.15228 -0.20311 47.44998 22.18177 11.72993 47.20000 23.60000 359.99998
lin/ang/drive_left/drive_right/tv_l/tv_r/av_l/av_r/x/y/theta/tx/ty/ttheta: 0.00292 0.08552 -0.26647 -0.28203 0.20760 0.27720 -0.00172 0.01814 47.44871 22.18412 11.81688 47.20000 23.60000 359.99998
lin/ang/drive_left/drive_right/tv_l/tv_r/av_l/av_r/x/y/theta/tx/ty/ttheta: 0.00266 0.09845 0.01837 0.31488 0.08101 -0.15013 0.15364 0.22961 47.45083 22.17904 11.69787 47.20000 23.60000 359.99998
lin/ang/drive_left/drive_right/tv_l/tv_r/av_l/av_r/x/y/theta/tx/ty/ttheta: 0.00241 0.11149 0.29500 0.23967 -0.22229 -0.21064 0.11481 -0.03867 47.45295 22.17392 11.57792 47.20000 23.60000 359.99998
WARNING - pros.serial.terminal.terminal:reader - Connection to /dev/ttyACM1 broken - pros-cli version:3.5.6
WARNING - pros.serial.terminal.terminal:stop - Stopping terminal - pros-cli version:3.5.6

[tomas@nixbtw:~/projects/Robotics/current/libs/lyfast]$ b

