
[tomas@nixbtw:~/projects/Robotics/current/libs/lyfast]$ mu
Not sending analytics for this command.

Compiled src/main.cpp [WARNINGS]
In file included from ./include/api.h:68,
                 from ./include/main.h:37,
                 from src/main.cpp:1:
./include/pros/imu.hpp:145:30: warning: 'virtual int32_t pros::v5::Imu::reset(bool) const' was hidden [-Woverloaded-virtual=]
  145 |         virtual std::int32_t reset(bool blocking = false) const;
      |                              ^~~~~
src/main.cpp:51:13: note:   by 'int32_t ScaledIMU::reset(bool)'
   51 |     int32_t reset(bool blocking = false) {
      |             ^~~~~
./include/pros/imu.hpp:786:30: warning: 'virtual int32_t pros::v5::Imu::set_rotation(double) const' was hidden [-Woverloaded-virtual=]
  786 |         virtual std::int32_t set_rotation(const double target) const;
      |                              ^~~~~~~~~~~~
src/main.cpp:66:17: note:   by 'virtual int ScaledIMU::set_rotation(double)'
   66 |     virtual int set_rotation(double new_rotation) {
      |                 ^~~~~~~~~~~~
src/main.cpp: In function 'void timeCriticalTask()':
src/main.cpp:1083:36: warning: variable 'speeds' set but not used [-Wunused-but-set-variable]
 1083 |                 DifferentialSpeeds speeds =
      |                                    ^~~~~~
src/main.cpp: In function 'void odom_offset_tuning()':
src/main.cpp:1401:11: warning: unused variable 'pct' [-Wunused-variable]
 1401 |     float pct = 0.5;
      |           ^~~
In file included from ./include/lyfast/controllers/api.hpp:6,
                 from ./include/lyfast/api.hpp:3,
                 from src/main.cpp:6:
./include/lyfast/controllers/vel_controller.hpp: In instantiation of 'void blazing::lyfast::PIDVelocityController<VelUnit>::setTarget(VelUnit) [with VelUnit = LinearVelocity]':
./include/lyfast/controllers/vel_controller.hpp:345:24:   required from here
  345 |         m_pid.setTarget(v_target);
      |         ~~~~~~~~~~~~~~~^~~~~~~~~~
./include/lyfast/controllers/vel_controller.hpp:170:30: warning: comparison of integer expressions of different signedness: 'std::queue<LinearVelocity, std::deque<LinearVelocity, std::allocator<LinearVelocity> > >::size_type' {aka 'unsigned int'} and 'int' [-Wsign-compare]
  170 |         if (m_targets.size() > num_targets) m_targets.pop();
      |             ~~~~~~~~~~~~~~~~~^~~~~~~~~~~~~
./include/lyfast/controllers/vel_controller.hpp: In instantiation of 'void blazing::lyfast::PIDVelocityController<VelUnit>::setTarget(VelUnit) [with VelUnit = AngularVelocity]':
./include/lyfast/controllers/vel_controller.hpp:293:24:   required from 'void blazing::lyfast::SimpleVelocityController<VelUnit>::setTarget(VelUnit) [with VelUnit = AngularVelocity]'
  293 |         m_pid.setTarget(target);
      |         ~~~~~~~~~~~~~~~^~~~~~~~
./include/lyfast/plants/velocity_plants.hpp:78:35:   required from here
   78 |             m_controller.setTarget(std::get<AngularVelocity>(new_target));
      |             ~~~~~~~~~~~~~~~~~~~~~~^~~~~~~~~~~~~~~~~~~~~~~~~~~~~~~~~~~~~~~
./include/lyfast/controllers/vel_controller.hpp:170:30: warning: comparison of integer expressions of different signedness: 'std::queue<AngularVelocity, std::deque<AngularVelocity, std::allocator<AngularVelocity> > >::size_type' {aka 'unsigned int'} and 'int' [-Wsign-compare]
  170 |         if (m_targets.size() > num_targets) m_targets.pop();
      |             ~~~~~~~~~~~~~~~~~^~~~~~~~~~~~~
Adding timestamp [OK]
Linking hot project with ./bin/cold.package.elf and blazing,Eigen,float_units,libc,liblvgl,libm,libpros,lyfast [OK]
Section sizes:
   text	   data	    bss	  total	    hex	filename
99.41KB 452.00B  46.01MB  46.11MB 2e1ae62 bin/hot.package.elf
Creating bin/hot.package.bin for VEX EDR V5 [DONE]
ERROR - pros.cli.common:resolve_v5_port - No v5 ports were found! If you think you have a v5 plugged in, run this command again with the --debug flag - pros-cli version:3.5.6
PROS-CLI Version:  3.5.6
PROS-Kernel Version: 4.2.1

 Usage: pros mu [OPTIONS] [PORT] [PATH]

 Try 'pros mu --help' for help
╭─ Error ─────────────────────────────────────────────────────────────────────────────────╮
│ No port provided or located. Make sure to specify --target if needed.                   │
╰─────────────────────────────────────────────────────────────────────────────────────────╯

Sentry is attempting to send 1 pending events
Waiting up to 2 seconds
Press Ctrl-C to quit

[tomas@nixbtw:~/projects/Robotics/current/libs/lyfast]$ mu
Not sending analytics for this command.

make: Nothing to be done for 'quick'.
Uploading program "lyfast" (lyfast) to V5 slot 1 on /dev/ttyACM0 (compressed)
Compressing library [####################################] 100%
Library is already onboard V5
Uploading slot_1.ini [####################################] 100%
Compressing binary [####################################] 100%
Uploading slot_1.bin (hot.package.bin) [####################################] 100%
Finished uploading "lyfast" (lyfast) to V5

[tomas@nixbtw:~/projects/Robotics/current/libs/lyfast]$ t
Not sending analytics for this command.

Established terminal connection



         _+=+_
      .-`  .  `-.          8888888b.  8888888b.   .d88888b.   .d8888b.
   _+`     "     `+_       888   Y88b 888   Y88b d88P" "Y88b d88P  Y88b
  \\\sssssssssssss///      888    888 888    888 888     888 Y88b.
     .ss\  *  /ss.         888   d88P 888   d88P 888     888  "Y888b.
 .+bm  .s  *  s.  md+.     8888888P"  8888888P"  888     888     "Y88b.
.hMMMMs .  *  . sMMMMh.    888        888 T88b   888     888       "888
 `\hMMMb \ | / dMMMh:      888        888  T88b  Y88b. .d88P Y88b  d88P
   -SNMNo  -  oNMNs-       888        888   T88b  "Y88888P"   "Y8888P"
     `+dMh\./dMd/
        `:yNy:`                      Powered by PROS for VEX V5
           "                Copyright (c) Purdue University ACM SIGBots
Version:        4.2.1     Platform:  V1.1.5 (b18)     Uptime:    0.000 s
Compiled:   Jan  1 1980 00:00:00     Directory:


starting task: 2319002
timed correctly: 2321889
total distance: 78.136703
delta_distance: 0.100000
allocated for points 791
adding points:1760
isolated constraints:2238
forwards pass:2756
backwards pass:3166
travel times:3247
final time:3361
a_{kin}=\left[149.9998,149.9998,149.9998,149.9998,149.9998,149.9998,149.9998,149.9998,149.9998,149.9998,149.9998,149.9998,149.9998,149.9998,149.9998,149.9998,149.9998,149.9998,149.9998,149.9998,149.9998,149.9998,149.9998,149.9998,149.9998,149.9998,149.9998,149.9998,149.9998,149.9998,149.9998,149.9998,149.9998,149.9998,149.9998,149.9998,149.9998,149.9998,149.9998,149.9998,149.9998,149.9998,149.9998,149.9998,149.9998,149.9998,149.9998,149.9998,149.9998,149.9998,149.9998,149.9998,149.9998,149.9998,149.9998,149.9998,149.9998,149.9998,149.9998,149.9998,149.9998,149.9998,149.9998,149.9998,149.9998,149.9998,149.9998,149.9998,149.9998,149.9998,149.9998,149.9998,149.9998,149.9998,149.9998,149.9998,149.9998,149.9998,149.9998,149.9998,149.9998,149.9998,149.9998,149.9998,149.9998,149.9998,149.9998,149.9998,149.9998,149.9998,149.9998,149.9998,149.9998,149.9998,149.9998,149.9998,149.9998,149.9998,149.9998,149.9998,149.9998,149.9998,149.9998,149.9998,149.9998,149.9998,149.9998,149.9998,149.9998,149.9998,149.9998,149.9998,149.9998,149.9998,149.9998,149.9998,149.9998,149.9998,149.9998,149.9998,149.9998,149.9998,149.9998,149.9998,149.9998,149.9998,149.9998,149.9998,149.9998,149.9998,149.9998,149.9998,149.9998,149.9998,149.9998,149.9998,149.9998,149.9998,149.9998,149.9998,149.9998,149.9998,149.9998,149.9998,149.9998,149.9998,149.9998,149.9998,149.9998,149.9998,149.9998,149.9998,149.9998,149.9998,149.9998,149.9998,149.9998,149.9998,149.9998,149.9998,149.9998,149.9998,149.9998,149.9998,149.9998,149.9998,149.9998,149.9998,149.9998,149.9998,149.9998,149.9998,149.9998,149.9998,149.9998,149.9998,149.9998,149.9998,149.9998,149.9998,149.9998,149.9998,149.9998,149.9998,149.9998,149.9998,149.9998,149.9998,149.9998,149.9998,149.9998,149.9998,149.9998,149.9998,149.9998,149.9998,149.9998,149.9998,149.9998,149.9998,149.9998,149.9998,149.9998,149.9998,149.9998,149.9998,149.9998,149.9998,149.9998,149.9998,149.9998,149.9998,149.9998,149.9998,149.9998,149.9998,149.9998,149.9998,149.9998,149.9998,149.9998,149.9998,149.9998,149.9998,149.9998,149.9998,149.9998,149.9998,149.9998,149.9998,149.9998,149.9998,149.9998,149.9998,149.9998,149.9998,130.6272,130.5320,130.4366,130.3412,130.2456,130.1499,130.0542,129.9585,129.8627,129.7668,129.6710,129.5751,129.4793,129.3835,129.2877,129.1920,129.0964,129.0009,128.9055,128.8102,128.7150,128.6200,128.5252,128.4306,128.3363,128.2421,128.1482,128.0546,127.9613,127.8683,127.7757,127.6834,127.5915,127.5000,127.4089,127.3183,127.2281,127.1384,127.0493,126.9606,126.8726,126.7851,126.6983,126.6121,126.5265,126.4417,126.3575,126.2741,126.1915,126.1096,126.0286,125.9484,125.8691,125.7906,125.7132,125.6366,125.5611,125.4865,125.4130,125.3405,125.2692,125.1989,125.1298,125.0619,124.9952,124.9297,124.8655,124.8026,124.7409,124.6806,124.6218,124.5643,124.5082,124.4536,124.4004,124.3488,124.2988,124.2502,124.2033,124.1580,124.1144,124.0724,124.0321,123.9936,123.9567,123.9217,123.8885,123.8571,123.8275,123.7998,123.7740,123.7502,123.7282,123.7082,123.6902,123.6742,123.6603,123.6483,123.6385,123.6307,123.6250,123.6214,123.6200,123.6207,123.6236,123.6286,123.6359,123.6453,123.6570,123.6709,123.6870,123.7055,123.7261,123.7490,123.7743,123.8018,123.8316,123.8637,123.8981,123.9348,123.9739,124.0152,124.0589,124.1049,124.1533,124.2039,124.2569,124.3122,124.3699,124.4298,124.4921,124.5567,124.6236,124.6928,124.7643,124.8381,124.9142,124.9925,125.0731,125.1560,125.2411,125.3285,125.4181,125.5099,125.6039,125.7001,125.7984,125.8989,126.0016,126.1064,126.2133,126.3223,126.4334,126.5466,126.6618,126.7791,126.8984,127.0196,127.1429,127.2681,127.3953,127.5243,127.6553,127.7882,127.9229,128.0595,128.1979,128.3381,128.4800,128.6238,128.7693,128.9165,129.0654,129.2160,129.3682,129.5221,129.6776,129.8347,129.9933,130.1535,130.3153,130.4785,130.6433,130.8095,130.9772,131.1463,131.3168,131.4887,131.6620,131.8366,132.0126,132.1898,132.3684,132.5482,132.7293,132.9117,133.0952,133.2800,133.4660,133.6531,133.8414,134.0308,134.2213,134.4130,134.6057,134.7995,134.9944,135.1903,135.3873,135.5853,135.7843,135.9842,136.1852,136.3871,136.5900,136.7939,136.9986,137.2043,137.4109,137.6185,137.8269,138.0362,138.2463,138.4574,138.6693,138.8820,139.0956,139.3101,139.5254,139.7415,139.9584,140.1761,140.3947,140.6140,140.8342,141.0551,141.2769,141.4994,141.7227,141.9468,142.1717,142.3974,142.6238,142.8510,143.0790,143.3078,143.5373,143.7676,143.9987,144.2306,144.4632,144.6966,144.9308,145.1658,145.4015,145.6380,145.8753,146.1134,146.3523,146.5919,146.8324,147.0736,147.3157,147.5585,147.8022,148.0466,148.2919,148.5380,148.7849,149.0326,149.2811,149.5305,149.7807,149.9683,149.7174,149.4674,149.2183,148.9699,148.7224,148.4757,148.2299,147.9848,147.7405,147.4971,147.2545,147.0126,146.7716,146.5313,146.2919,146.0532,145.8153,145.5782,145.3419,145.1063,144.8716,144.6376,144.4044,144.1719,143.9402,143.7094,143.4793,143.2499,143.0213,142.7935,142.5665,142.3403,142.1148,141.8901,141.6662,141.4431,141.2207,140.9992,140.7784,140.5585,140.3393,140.1210,139.9034,139.6867,139.4708,139.2557,139.0415,138.8281,138.6155,138.4038,138.1930,137.9830,137.7739,137.5657,137.3584,137.1520,136.9465,136.7420,136.5384,136.3357,136.1340,135.9333,135.7335,135.5348,135.3370,135.1403,134.9446,134.7500,134.5564,134.3639,134.1725,133.9822,133.7931,133.6050,133.4182,133.2325,133.0480,132.8647,132.6826,132.5018,132.3222,132.1440,131.9670,131.7913,131.6170,131.4440,131.2724,131.1022,130.9334,130.7660,130.6001,130.4357,130.2728,130.1114,129.9515,129.7932,129.6364,129.4813,129.3278,129.1759,129.0257,128.8772,128.7303,128.5853,128.4419,128.3003,128.1605,128.0225,127.8864,127.7521,127.6196,127.4891,127.3604,127.2337,127.1090,126.9861,126.8653,126.7465,126.6297,126.5150,126.4023,126.2917,126.1832,126.0767,125.9724,125.8703,125.7703,125.6724,125.5768,125.4833,125.3921,125.3030,125.2162,125.1317,125.0494,124.9693,124.8915,124.8161,124.7429,124.6720,124.6034,124.5371,124.4731,124.4114,124.3521,124.2951,124.2404,124.1881,124.1381,124.0904,124.0450,124.0020,123.9613,123.9230,123.8869,123.8532,123.8218,123.7926,123.7658,123.7413,123.7191,123.6992,123.6815,123.6660,123.6529,123.6419,123.6332,123.6267,123.6224,123.6202,123.6203,123.6224,123.6268,123.6332,123.6417,123.6523,123.6650,123.6797,123.6965,123.7152,123.7360,123.7587,123.7833,123.8098,123.8383,123.8686,123.9008,123.9348,123.9705,124.0081,124.0474,124.0884,124.1311,124.1756,124.2216,124.2693,124.3185,124.3693,124.4217,124.4755,124.5309,124.5877,124.6459,124.7055,124.7665,124.8288,124.8924,124.9573,125.0235,125.0909,125.1595,125.2293,125.3002,125.3722,125.4453,125.5195,125.5947,125.6709,125.7481,125.8262,125.9052,125.9851,126.0659,126.1476,126.2300,126.3132,126.3972,126.4819,126.5673,126.6534,126.7402,126.8276,126.9156,127.0041,127.0933,127.1829,127.2731,127.3637,127.4549,127.5464,127.6384,127.7307,127.8235,127.9166,128.0100,128.1037,128.1977,128.2920,128.3865,128.4813,128.5763,128.6714,128.7668,128.8623,128.9579,129.0536,129.1495,129.2454,129.3414,129.4375,129.5336,129.6297,129.7258,129.8219,129.9180,130.0141,130.1101,130.2060,130.3019,130.3977,130.4934,130.5889,130.6273\right]
a_{turn}=\left[5118110.0000,5118110.0000,5118110.0000,5118110.0000,5118110.0000,5118110.0000,5118110.0000,5118110.0000,5118110.0000,5118110.0000,5118110.0000,5118110.0000,5118110.0000,5118110.0000,5118110.0000,5118110.0000,5118110.0000,5118110.0000,5118110.0000,5118110.0000,5118110.0000,5118110.0000,5118110.0000,5118110.0000,5118110.0000,5118110.0000,5118110.0000,5118110.0000,5118110.0000,5118110.0000,5118110.0000,5118110.0000,5118110.0000,5118110.0000,5118110.0000,5118110.0000,5118110.0000,5118110.0000,5118110.0000,5118110.0000,5118110.0000,5118110.0000,5118110.0000,5118110.0000,5118110.0000,5118110.0000,5118110.0000,5118110.0000,5118110.0000,5118110.0000,5118110.0000,5118110.0000,5118110.0000,5118110.0000,5118110.0000,5118110.0000,5118110.0000,5118110.0000,5118110.0000,5118110.0000,5118110.0000,5118110.0000,5118110.0000,5118110.0000,5118110.0000,5118110.0000,5118110.0000,5118110.0000,5118110.0000,5118110.0000,5118110.0000,5118110.0000,5118110.0000,5118110.0000,5118110.0000,5118110.0000,5118110.0000,5118110.0000,5118110.0000,5118110.0000,5118110.0000,5118110.0000,5118110.0000,5118110.0000,5118110.0000,5118110.0000,5118110.0000,5118110.0000,5118110.0000,5118110.0000,5118110.0000,5118110.0000,5118110.0000,5118110.0000,5118110.0000,5118110.0000,5118110.0000,5118110.0000,5118110.0000,5118110.0000,5118110.0000,5118110.0000,5118110.0000,5118110.0000,5118110.0000,5118110.0000,5118110.0000,5118110.0000,5118110.0000,5118110.0000,5118110.0000,5118110.0000,5118110.0000,5118110.0000,5118110.0000,5118110.0000,5118110.0000,5118110.0000,5118110.0000,5118110.0000,5118110.0000,5118110.0000,5118110.0000,5118110.0000,5118110.0000,5118110.0000,5118110.0000,5118110.0000,5118110.0000,5118110.0000,5118110.0000,5118110.0000,5118110.0000,5118110.0000,5118110.0000,5118110.0000,5118110.0000,5118110.0000,5118110.0000,5118110.0000,5118110.0000,5118110.0000,5118110.0000,5118110.0000,5118110.0000,5118110.0000,5118110.0000,5118110.0000,5118110.0000,5118110.0000,5118110.0000,5118110.0000,5118110.0000,5118110.0000,5118110.0000,5118110.0000,5118110.0000,5118110.0000,5118110.0000,5118110.0000,5118110.0000,5118110.0000,5118110.0000,5118110.0000,5118110.0000,5118110.0000,5118110.0000,5118110.0000,5118110.0000,5118110.0000,5118110.0000,5118110.0000,5118110.0000,5118110.0000,5118110.0000,5118110.0000,5118110.0000,5118110.0000,5118110.0000,5118110.0000,5118110.0000,5118110.0000,5118110.0000,5118110.0000,5118110.0000,5118110.0000,5118110.0000,5118110.0000,5118110.0000,5118110.0000,5118110.0000,5118110.0000,5118110.0000,5118110.0000,5118110.0000,5118110.0000,5118110.0000,5118110.0000,5118110.0000,5118110.0000,5118110.0000,5118110.0000,5118110.0000,5118110.0000,5118110.0000,5118110.0000,5118110.0000,5118110.0000,5118110.0000,5118110.0000,5118110.0000,5118110.0000,5118110.0000,5118110.0000,5118110.0000,5118110.0000,5118110.0000,5118110.0000,5118110.0000,5118110.0000,5118110.0000,5118110.0000,5118110.0000,5118110.0000,5118110.0000,5118110.0000,5118110.0000,5118110.0000,5118110.0000,5118110.0000,5118110.0000,5118110.0000,5118110.0000,5118110.0000,5118110.0000,5118110.0000,46.0198,45.7612,45.5049,45.2508,44.9989,44.7492,44.5017,44.2564,44.0134,43.7726,43.5340,43.2977,43.0636,42.8318,42.6022,42.3749,42.1498,41.9270,41.7065,41.4883,41.2723,41.0586,40.8473,40.6382,40.4314,40.2269,40.0248,39.8249,39.6274,39.4323,39.2394,39.0489,38.8608,38.6749,38.4915,38.3104,38.1317,37.9554,37.7814,37.6098,37.4407,37.2739,37.1095,36.9476,36.7881,36.6309,36.4763,36.3240,36.1743,36.0270,35.8821,35.7397,35.5998,35.4624,35.3275,35.1950,35.0651,34.9377,34.8128,34.6905,34.5707,34.4534,34.3387,34.2267,34.1171,34.0102,33.9058,33.8041,33.7050,33.6085,33.5147,33.4235,33.3350,33.2491,33.1659,33.0855,33.0077,32.9326,32.8603,32.7908,32.7240,32.6599,32.5987,32.5402,32.4846,32.4318,32.3818,32.3347,32.2905,32.2492,32.2107,32.1752,32.1427,32.1130,32.0864,32.0628,32.0422,32.0246,32.0100,31.9986,31.9902,31.9849,31.9828,31.9839,31.9881,31.9955,32.0062,32.0201,32.0373,32.0578,32.0817,32.1089,32.1395,32.1736,32.2111,32.2521,32.2966,32.3446,32.3963,32.4515,32.5104,32.5731,32.6394,32.7095,32.7835,32.8613,32.9430,33.0286,33.1182,33.2119,33.3096,33.4115,33.5176,33.6279,33.7425,33.8615,33.9849,34.1127,34.2451,34.3821,34.5238,34.6702,34.8214,34.9775,35.1386,35.3047,35.4759,35.6524,35.8341,36.0212,36.2138,36.4120,36.6158,36.8254,37.0409,37.2624,37.4901,37.7239,37.9641,38.2108,38.4642,38.7243,38.9913,39.2653,39.5466,39.8352,40.1314,40.4353,40.7471,41.0670,41.3952,41.7319,42.0773,42.4316,42.7950,43.1679,43.5504,43.9428,44.3454,44.7585,45.1824,45.6173,46.0637,46.5217,46.9919,47.4746,47.9702,48.4790,49.0016,49.5383,50.0897,50.6562,51.2383,51.8367,52.4518,53.0843,53.7348,54.4040,55.0927,55.8015,56.5312,57.2827,58.0569,58.8546,59.6770,60.5249,61.3996,62.3022,63.2339,64.1961,65.1902,66.2178,67.2803,68.3796,69.5174,70.6958,71.9167,73.1826,74.4956,75.8586,77.2741,78.7453,80.2755,81.8680,83.5267,85.2557,87.0595,88.9428,90.9111,92.9699,95.1257,97.3853,99.7563,102.2471,104.8669,107.6258,110.5352,113.6075,116.8568,120.2986,123.9504,127.8322,131.9661,136.3773,141.0945,146.1511,151.5845,157.4384,163.7635,170.6190,178.0742,186.2116,195.1295,204.9453,215.8017,227.8732,241.3759,256.5803,273.8293,293.5652,316.3678,343.0110,374.5550,412.4890,458.9731,517.2640,592.5158,693.3928,835.6639,1051.3894,1417.2596,2173.6494,4661.4707,32251.1543,3616.0881,1915.4403,1302.7544,987.0308,794.4890,664.8046,571.5150,501.1865,446.2705,402.2003,366.0523,335.8665,310.2803,288.3164,269.2572,252.5620,237.8165,224.6985,212.9524,202.3739,192.7972,184.0867,176.1298,168.8332,162.1178,155.9170,150.1739,144.8396,139.8720,135.2347,130.8962,126.8283,123.0066,119.4095,116.0180,112.8148,109.7849,106.9147,104.1919,101.6055,99.1456,96.8034,94.5707,92.4400,90.4045,88.4583,86.5955,84.8110,83.1001,81.4584,79.8819,78.3669,76.9100,75.5080,74.1578,72.8569,71.6026,70.3926,69.2246,68.0966,67.0068,65.9532,64.9342,63.9482,62.9938,62.0694,61.1740,60.3061,59.4647,58.6486,57.8568,57.0884,56.3424,55.6179,54.9142,54.2305,53.5660,52.9200,52.2919,51.6810,51.0867,50.5085,49.9458,49.3981,48.8649,48.3458,47.8403,47.3479,46.8683,46.4011,45.9460,45.5025,45.0703,44.6491,44.2387,43.8386,43.4486,43.0685,42.6980,42.3368,41.9847,41.6415,41.3070,40.9808,40.6629,40.3531,40.0511,39.7568,39.4700,39.1905,38.9182,38.6529,38.3945,38.1428,37.8977,37.6591,37.4268,37.2007,36.9807,36.7666,36.5584,36.3560,36.1593,35.9681,35.7823,35.6019,35.4268,35.2569,35.0921,34.9323,34.7774,34.6274,34.4823,34.3418,34.2060,34.0748,33.9481,33.8259,33.7081,33.5946,33.4854,33.3805,33.2797,33.1831,33.0906,33.0020,32.9175,32.8369,32.7602,32.6873,32.6183,32.5530,32.4915,32.4336,32.3794,32.3289,32.2819,32.2385,32.1986,32.1621,32.1291,32.0996,32.0734,32.0507,32.0312,32.0151,32.0022,31.9926,31.9863,31.9831,31.9832,31.9864,31.9927,32.0022,32.0148,32.0304,32.0491,32.0709,32.0957,32.1234,32.1542,32.1879,32.2245,32.2641,32.3066,32.3520,32.4003,32.4514,32.5054,32.5623,32.6219,32.6844,32.7496,32.8177,32.8885,32.9620,33.0383,33.1174,33.1991,33.2836,33.3707,33.4605,33.5530,33.6482,33.7460,33.8465,33.9496,34.0552,34.1635,34.2745,34.3880,34.5040,34.6227,34.7439,34.8677,34.9940,35.1228,35.2542,35.3881,35.5245,35.6634,35.8048,35.9487,36.0951,36.2440,36.3953,36.5491,36.7053,36.8640,37.0251,37.1887,37.3547,37.5231,37.6939,37.8671,38.0427,38.2207,38.4011,38.5839,38.7690,38.9566,39.1464,39.3387,39.5333,39.7302,39.9295,40.1311,40.3350,40.5413,40.7499,40.9608,41.1740,41.3895,41.6073,41.8274,42.0498,42.2745,42.5015,42.7307,42.9622,43.1959,43.4320,43.6702,43.9108,44.1535,44.3986,44.6458,44.8953,45.1470,45.4010,45.6571,45.9155,46.0200\right]
d_{kin}=\left[149.9998,149.9998,149.9998,149.9998,149.9998,149.9998,149.9998,149.9998,149.9998,149.9998,149.9998,149.9998,149.9998,149.9998,149.9998,149.9998,149.9998,149.9998,149.9998,149.9998,149.9998,149.9998,149.9998,149.9998,149.9998,149.9998,149.9998,149.9998,149.9998,149.9998,149.9998,149.9998,149.9998,149.9998,149.9998,149.9998,149.9998,149.9998,149.9998,149.9998,149.9998,149.9998,149.9998,149.9998,149.9998,149.9998,149.9998,149.9998,149.9998,149.9998,149.9998,149.9998,149.9998,149.9998,149.9998,149.9998,149.9998,149.9998,149.9998,149.9998,149.9998,149.9998,149.9998,149.9998,149.9998,149.9998,149.9998,149.9998,149.9998,149.9998,149.9998,149.9998,149.9998,149.9998,149.9998,149.9998,149.9998,149.9998,149.9998,149.9998,149.9998,149.9998,149.9998,149.9998,149.9998,149.9998,149.9998,149.9998,149.9998,149.9998,149.9998,149.9998,149.9998,149.9998,149.9998,149.9998,149.9998,149.9998,149.9998,149.9998,149.9998,149.9998,149.9998,149.9998,149.9998,149.9998,149.9998,149.9998,149.9998,149.9998,149.9998,149.9998,149.9998,149.9998,149.9998,149.9998,149.9998,149.9998,149.9998,149.9998,149.9998,149.9998,149.9998,149.9998,149.9998,149.9998,149.9998,149.9998,149.9998,149.9998,149.9998,149.9998,149.9998,149.9998,149.9998,149.9998,149.9998,149.9998,149.9998,149.9998,149.9998,149.9998,149.9998,149.9998,149.9998,149.9998,149.9998,149.9998,149.9998,149.9998,149.9998,149.9998,149.9998,149.9998,149.9998,149.9998,149.9998,149.9998,149.9998,149.9998,149.9998,149.9998,149.9998,149.9998,149.9998,149.9998,149.9998,149.9998,149.9998,149.9998,149.9998,149.9998,149.9998,149.9998,149.9998,149.9998,149.9998,149.9998,149.9998,149.9998,149.9998,149.9998,149.9998,149.9998,149.9998,149.9998,149.9998,149.9998,149.9998,149.9998,149.9998,149.9998,149.9998,149.9998,149.9998,149.9998,149.9998,149.9998,149.9998,149.9998,149.9998,149.9998,149.9998,149.9998,149.9998,149.9998,149.9998,149.9998,149.9998,149.9998,149.9998,149.9998,149.9998,149.9998,149.9998,149.9998,149.9998,149.9998,149.9998,149.9998,149.9998,149.9998,149.9998,149.9998,149.9998,149.9998,149.9998,149.9998,149.9998,149.9998,149.9998,149.9998,149.9998,149.9998,149.9998,149.9998,130.6272,130.5320,130.4366,130.3412,130.2456,130.1499,130.0542,129.9585,129.8627,129.7668,129.6710,129.5751,129.4793,129.3835,129.2877,129.1920,129.0964,129.0009,128.9055,128.8102,128.7150,128.6200,128.5252,128.4306,128.3363,128.2421,128.1482,128.0546,127.9613,127.8683,127.7757,127.6834,127.5915,127.5000,127.4089,127.3183,127.2281,127.1384,127.0493,126.9606,126.8726,126.7851,126.6983,126.6121,126.5265,126.4417,126.3575,126.2741,126.1915,126.1096,126.0286,125.9484,125.8691,125.7906,125.7132,125.6366,125.5611,125.4865,125.4130,125.3405,125.2692,125.1989,125.1298,125.0619,124.9952,124.9297,124.8655,124.8026,124.7409,124.6806,124.6218,124.5643,124.5082,124.4536,124.4004,124.3488,124.2988,124.2502,124.2033,124.1580,124.1144,124.0724,124.0321,123.9936,123.9567,123.9217,123.8885,123.8571,123.8275,123.7998,123.7740,123.7502,123.7282,123.7082,123.6902,123.6742,123.6603,123.6483,123.6385,123.6307,123.6250,123.6214,123.6200,123.6207,123.6236,123.6286,123.6359,123.6453,123.6570,123.6709,123.6870,123.7055,123.7261,123.7490,123.7743,123.8018,123.8316,123.8637,123.8981,123.9348,123.9739,124.0152,124.0589,124.1049,124.1533,124.2039,124.2569,124.3122,124.3699,124.4298,124.4921,124.5567,124.6236,124.6928,124.7643,124.8381,124.9142,124.9925,125.0731,125.1560,125.2411,125.3285,125.4181,125.5099,125.6039,125.7001,125.7984,125.8989,126.0016,126.1064,126.2133,126.3223,126.4334,126.5466,126.6618,126.7791,126.8984,127.0196,127.1429,127.2681,127.3953,127.5243,127.6553,127.7882,127.9229,128.0595,128.1979,128.3381,128.4800,128.6238,128.7693,128.9165,129.0654,129.2160,129.3682,129.5221,129.6776,129.8347,129.9933,130.1535,130.3153,130.4785,130.6433,130.8095,130.9772,131.1463,131.3168,131.4887,131.6620,131.8366,132.0126,132.1898,132.3684,132.5482,132.7293,132.9117,133.0952,133.2800,133.4660,133.6531,133.8414,134.0308,134.2213,134.4130,134.6057,134.7995,134.9944,135.1903,135.3873,135.5853,135.7843,135.9842,136.1852,136.3871,136.5900,136.7939,136.9986,137.2043,137.4109,137.6185,137.8269,138.0362,138.2463,138.4574,138.6693,138.8820,139.0956,139.3101,139.5254,139.7415,139.9584,140.1761,140.3947,140.6140,140.8342,141.0551,141.2769,141.4994,141.7227,141.9468,142.1717,142.3974,142.6238,142.8510,143.0790,143.3078,143.5373,143.7676,143.9987,144.2306,144.4632,144.6966,144.9308,145.1658,145.4015,145.6380,145.8753,146.1134,146.3523,146.5919,146.8324,147.0736,147.3157,147.5585,147.8022,148.0466,148.2919,148.5380,148.7849,149.0326,149.2811,149.5305,149.7807,149.9683,149.7174,149.4674,149.2183,148.9699,148.7224,148.4757,148.2299,147.9848,147.7405,147.4971,147.2545,147.0126,146.7716,146.5313,146.2919,146.0532,145.8153,145.5782,145.3419,145.1063,144.8716,144.6376,144.4044,144.1719,143.9402,143.7094,143.4793,143.2499,143.0213,142.7935,142.5665,142.3403,142.1148,141.8901,141.6662,141.4431,141.2207,140.9992,140.7784,140.5585,140.3393,140.1210,139.9034,139.6867,139.4708,139.2557,139.0415,138.8281,138.6155,138.4038,138.1930,137.9830,137.7739,137.5657,137.3584,137.1520,136.9465,136.7420,136.5384,136.3357,136.1340,135.9333,135.7335,135.5348,135.3370,135.1403,134.9446,134.7500,134.5564,134.3639,134.1725,133.9822,133.7931,133.6050,133.4182,133.2325,133.0480,132.8647,132.6826,132.5018,132.3222,132.1440,131.9670,131.7913,131.6170,131.4440,131.2724,131.1022,130.9334,130.7660,130.6001,130.4357,130.2728,130.1114,129.9515,129.7932,129.6364,129.4813,129.3278,129.1759,129.0257,128.8772,128.7303,128.5853,128.4419,128.3003,128.1605,128.0225,127.8864,127.7521,127.6196,127.4891,127.3604,127.2337,127.1090,126.9861,126.8653,126.7465,126.6297,126.5150,126.4023,126.2917,126.1832,126.0767,125.9724,125.8703,125.7703,125.6724,125.5768,125.4833,125.3921,125.3030,125.2162,125.1317,125.0494,124.9693,124.8915,124.8161,124.7429,124.6720,124.6034,124.5371,124.4731,124.4114,124.3521,124.2951,124.2404,124.1881,124.1381,124.0904,124.0450,124.0020,123.9613,123.9230,123.8869,123.8532,123.8218,123.7926,123.7658,123.7413,123.7191,123.6992,123.6815,123.6660,123.6529,123.6419,123.6332,123.6267,123.6224,123.6202,123.6203,123.6224,123.6268,123.6332,123.6417,123.6523,123.6650,123.6797,123.6965,123.7152,123.7360,123.7587,123.7833,123.8098,123.8383,123.8686,123.9008,123.9348,123.9705,124.0081,124.0474,124.0884,124.1311,124.1756,124.2216,124.2693,124.3185,124.3693,124.4217,124.4755,124.5309,124.5877,124.6459,124.7055,124.7665,124.8288,124.8924,124.9573,125.0235,125.0909,125.1595,125.2293,125.3002,125.3722,125.4453,125.5195,125.5947,125.6709,125.7481,125.8262,125.9052,125.9851,126.0659,126.1476,126.2300,126.3132,126.3972,126.4819,126.5673,126.6534,126.7402,126.8276,126.9156,127.0041,127.0933,127.1829,127.2731,127.3637,127.4549,127.5464,127.6384,127.7307,127.8235,127.9166,128.0100,128.1037,128.1977,128.2920,128.3865,128.4813,128.5763,128.6714,128.7668,128.8623,128.9579,129.0536,129.1495,129.2454,129.3414,129.4375,129.5336,129.6297,129.7258,129.8219,129.9180,130.0141,130.1101,130.2060,130.3019,130.3977,130.4934,130.5889,130.6273\right]
d_{turn}=\left[5118110.0000,5118110.0000,5118110.0000,5118110.0000,5118110.0000,5118110.0000,5118110.0000,5118110.0000,5118110.0000,5118110.0000,5118110.0000,5118110.0000,5118110.0000,5118110.0000,5118110.0000,5118110.0000,5118110.0000,5118110.0000,5118110.0000,5118110.0000,5118110.0000,5118110.0000,5118110.0000,5118110.0000,5118110.0000,5118110.0000,5118110.0000,5118110.0000,5118110.0000,5118110.0000,5118110.0000,5118110.0000,5118110.0000,5118110.0000,5118110.0000,5118110.0000,5118110.0000,5118110.0000,5118110.0000,5118110.0000,5118110.0000,5118110.0000,5118110.0000,5118110.0000,5118110.0000,5118110.0000,5118110.0000,5118110.0000,5118110.0000,5118110.0000,5118110.0000,5118110.0000,5118110.0000,5118110.0000,5118110.0000,5118110.0000,5118110.0000,5118110.0000,5118110.0000,5118110.0000,5118110.0000,5118110.0000,5118110.0000,5118110.0000,5118110.0000,5118110.0000,5118110.0000,5118110.0000,5118110.0000,5118110.0000,5118110.0000,5118110.0000,5118110.0000,5118110.0000,5118110.0000,5118110.0000,5118110.0000,5118110.0000,5118110.0000,5118110.0000,5118110.0000,5118110.0000,5118110.0000,5118110.0000,5118110.0000,5118110.0000,5118110.0000,5118110.0000,5118110.0000,5118110.0000,5118110.0000,5118110.0000,5118110.0000,5118110.0000,5118110.0000,5118110.0000,5118110.0000,5118110.0000,5118110.0000,5118110.0000,5118110.0000,5118110.0000,5118110.0000,5118110.0000,5118110.0000,5118110.0000,5118110.0000,5118110.0000,5118110.0000,5118110.0000,5118110.0000,5118110.0000,5118110.0000,5118110.0000,5118110.0000,5118110.0000,5118110.0000,5118110.0000,5118110.0000,5118110.0000,5118110.0000,5118110.0000,5118110.0000,5118110.0000,5118110.0000,5118110.0000,5118110.0000,5118110.0000,5118110.0000,5118110.0000,5118110.0000,5118110.0000,5118110.0000,5118110.0000,5118110.0000,5118110.0000,5118110.0000,5118110.0000,5118110.0000,5118110.0000,5118110.0000,5118110.0000,5118110.0000,5118110.0000,5118110.0000,5118110.0000,5118110.0000,5118110.0000,5118110.0000,5118110.0000,5118110.0000,5118110.0000,5118110.0000,5118110.0000,5118110.0000,5118110.0000,5118110.0000,5118110.0000,5118110.0000,5118110.0000,5118110.0000,5118110.0000,5118110.0000,5118110.0000,5118110.0000,5118110.0000,5118110.0000,5118110.0000,5118110.0000,5118110.0000,5118110.0000,5118110.0000,5118110.0000,5118110.0000,5118110.0000,5118110.0000,5118110.0000,5118110.0000,5118110.0000,5118110.0000,5118110.0000,5118110.0000,5118110.0000,5118110.0000,5118110.0000,5118110.0000,5118110.0000,5118110.0000,5118110.0000,5118110.0000,5118110.0000,5118110.0000,5118110.0000,5118110.0000,5118110.0000,5118110.0000,5118110.0000,5118110.0000,5118110.0000,5118110.0000,5118110.0000,5118110.0000,5118110.0000,5118110.0000,5118110.0000,5118110.0000,5118110.0000,5118110.0000,5118110.0000,5118110.0000,5118110.0000,5118110.0000,5118110.0000,5118110.0000,5118110.0000,5118110.0000,5118110.0000,5118110.0000,5118110.0000,5118110.0000,5118110.0000,5118110.0000,5118110.0000,5118110.0000,5118110.0000,5118110.0000,5118110.0000,5118110.0000,5118110.0000,5118110.0000,5118110.0000,5118110.0000,5118110.0000,5118110.0000,5118110.0000,5118110.0000,46.0198,45.7612,45.5049,45.2508,44.9989,44.7492,44.5017,44.2564,44.0134,43.7726,43.5340,43.2977,43.0636,42.8318,42.6022,42.3749,42.1498,41.9270,41.7065,41.4883,41.2723,41.0586,40.8473,40.6382,40.4314,40.2269,40.0248,39.8249,39.6274,39.4323,39.2394,39.0489,38.8608,38.6749,38.4915,38.3104,38.1317,37.9554,37.7814,37.6098,37.4407,37.2739,37.1095,36.9476,36.7881,36.6309,36.4763,36.3240,36.1743,36.0270,35.8821,35.7397,35.5998,35.4624,35.3275,35.1950,35.0651,34.9377,34.8128,34.6905,34.5707,34.4534,34.3387,34.2267,34.1171,34.0102,33.9058,33.8041,33.7050,33.6085,33.5147,33.4235,33.3350,33.2491,33.1659,33.0855,33.0077,32.9326,32.8603,32.7908,32.7240,32.6599,32.5987,32.5402,32.4846,32.4318,32.3818,32.3347,32.2905,32.2492,32.2107,32.1752,32.1427,32.1130,32.0864,32.0628,32.0422,32.0246,32.0100,31.9986,31.9902,31.9849,31.9828,31.9839,31.9881,31.9955,32.0062,32.0201,32.0373,32.0578,32.0817,32.1089,32.1395,32.1736,32.2111,32.2521,32.2966,32.3446,32.3963,32.4515,32.5104,32.5731,32.6394,32.7095,32.7835,32.8613,32.9430,33.0286,33.1182,33.2119,33.3096,33.4115,33.5176,33.6279,33.7425,33.8615,33.9849,34.1127,34.2451,34.3821,34.5238,34.6702,34.8214,34.9775,35.1386,35.3047,35.4759,35.6524,35.8341,36.0212,36.2138,36.4120,36.6158,36.8254,37.0409,37.2624,37.4901,37.7239,37.9641,38.2108,38.4642,38.7243,38.9913,39.2653,39.5466,39.8352,40.1314,40.4353,40.7471,41.0670,41.3952,41.7319,42.0773,42.4316,42.7950,43.1679,43.5504,43.9428,44.3454,44.7585,45.1824,45.6173,46.0637,46.5217,46.9919,47.4746,47.9702,48.4790,49.0016,49.5383,50.0897,50.6562,51.2383,51.8367,52.4518,53.0843,53.7348,54.4040,55.0927,55.8015,56.5312,57.2827,58.0569,58.8546,59.6770,60.5249,61.3996,62.3022,63.2339,64.1961,65.1902,66.2178,67.2803,68.3796,69.5174,70.6958,71.9167,73.1826,74.4956,75.8586,77.2741,78.7453,80.2755,81.8680,83.5267,85.2557,87.0595,88.9428,90.9111,92.9699,95.1257,97.3853,99.7563,102.2471,104.8669,107.6258,110.5352,113.6075,116.8568,120.2986,123.9504,127.8322,131.9661,136.3773,141.0945,146.1511,151.5845,157.4384,163.7635,170.6190,178.0742,186.2116,195.1295,204.9453,215.8017,227.8732,241.3759,256.5803,273.8293,293.5652,316.3678,343.0110,374.5550,412.4890,458.9731,517.2640,592.5158,693.3928,835.6639,1051.3894,1417.2596,2173.6494,4661.4707,32251.1543,3616.0881,1915.4403,1302.7544,987.0308,794.4890,664.8046,571.5150,501.1865,446.2705,402.2003,366.0523,335.8665,310.2803,288.3164,269.2572,252.5620,237.8165,224.6985,212.9524,202.3739,192.7972,184.0867,176.1298,168.8332,162.1178,155.9170,150.1739,144.8396,139.8720,135.2347,130.8962,126.8283,123.0066,119.4095,116.0180,112.8148,109.7849,106.9147,104.1919,101.6055,99.1456,96.8034,94.5707,92.4400,90.4045,88.4583,86.5955,84.8110,83.1001,81.4584,79.8819,78.3669,76.9100,75.5080,74.1578,72.8569,71.6026,70.3926,69.2246,68.0966,67.0068,65.9532,64.9342,63.9482,62.9938,62.0694,61.1740,60.3061,59.4647,58.6486,57.8568,57.0884,56.3424,55.6179,54.9142,54.2305,53.5660,52.9200,52.2919,51.6810,51.0867,50.5085,49.9458,49.3981,48.8649,48.3458,47.8403,47.3479,46.8683,46.4011,45.9460,45.5025,45.0703,44.6491,44.2387,43.8386,43.4486,43.0685,42.6980,42.3368,41.9847,41.6415,41.3070,40.9808,40.6629,40.3531,40.0511,39.7568,39.4700,39.1905,38.9182,38.6529,38.3945,38.1428,37.8977,37.6591,37.4268,37.2007,36.9807,36.7666,36.5584,36.3560,36.1593,35.9681,35.7823,35.6019,35.4268,35.2569,35.0921,34.9323,34.7774,34.6274,34.4823,34.3418,34.2060,34.0748,33.9481,33.8259,33.7081,33.5946,33.4854,33.3805,33.2797,33.1831,33.0906,33.0020,32.9175,32.8369,32.7602,32.6873,32.6183,32.5530,32.4915,32.4336,32.3794,32.3289,32.2819,32.2385,32.1986,32.1621,32.1291,32.0996,32.0734,32.0507,32.0312,32.0151,32.0022,31.9926,31.9863,31.9831,31.9832,31.9864,31.9927,32.0022,32.0148,32.0304,32.0491,32.0709,32.0957,32.1234,32.1542,32.1879,32.2245,32.2641,32.3066,32.3520,32.4003,32.4514,32.5054,32.5623,32.6219,32.6844,32.7496,32.8177,32.8885,32.9620,33.0383,33.1174,33.1991,33.2836,33.3707,33.4605,33.5530,33.6482,33.7460,33.8465,33.9496,34.0552,34.1635,34.2745,34.3880,34.5040,34.6227,34.7439,34.8677,34.9940,35.1228,35.2542,35.3881,35.5245,35.6634,35.8048,35.9487,36.0951,36.2440,36.3953,36.5491,36.7053,36.8640,37.0251,37.1887,37.3547,37.5231,37.6939,37.8671,38.0427,38.2207,38.4011,38.5839,38.7690,38.9566,39.1464,39.3387,39.5333,39.7302,39.9295,40.1311,40.3350,40.5413,40.7499,40.9608,41.1740,41.3895,41.6073,41.8274,42.0498,42.2745,42.5015,42.7307,42.9622,43.1959,43.4320,43.6702,43.9108,44.1535,44.3986,44.6458,44.8953,45.1470,45.4010,45.6571,45.9155,46.0200\right]
v_{kin}=\left[69.9999,69.9999,69.9999,69.9999,69.9999,69.9999,69.9999,69.9999,69.9999,69.9999,69.9999,69.9999,69.9999,69.9999,69.9999,69.9999,69.9999,69.9999,69.9999,69.9999,69.9999,69.9999,69.9999,69.9999,69.9999,69.9999,69.9999,69.9999,69.9999,69.9999,69.9999,69.9999,69.9999,69.9999,69.9999,69.9999,69.9999,69.9999,69.9999,69.9999,69.9999,69.9999,69.9999,69.9999,69.9999,69.9999,69.9999,69.9999,69.9999,69.9999,69.9999,69.9999,69.9999,69.9999,69.9999,69.9999,69.9999,69.9999,69.9999,69.9999,69.9999,69.9999,69.9999,69.9999,69.9999,69.9999,69.9999,69.9999,69.9999,69.9999,69.9999,69.9999,69.9999,69.9999,69.9999,69.9999,69.9999,69.9999,69.9999,69.9999,69.9999,69.9999,69.9999,69.9999,69.9999,69.9999,69.9999,69.9999,69.9999,69.9999,69.9999,69.9999,69.9999,69.9999,69.9999,69.9999,69.9999,69.9999,69.9999,69.9999,69.9999,69.9999,69.9999,69.9999,69.9999,69.9999,69.9999,69.9999,69.9999,69.9999,69.9999,69.9999,69.9999,69.9999,69.9999,69.9999,69.9999,69.9999,69.9999,69.9999,69.9999,69.9999,69.9999,69.9999,69.9999,69.9999,69.9999,69.9999,69.9999,69.9999,69.9999,69.9999,69.9999,69.9999,69.9999,69.9999,69.9999,69.9999,69.9999,69.9999,69.9999,69.9999,69.9999,69.9999,69.9999,69.9999,69.9999,69.9999,69.9999,69.9999,69.9999,69.9999,69.9999,69.9999,69.9999,69.9999,69.9999,69.9999,69.9999,69.9999,69.9999,69.9999,69.9999,69.9999,69.9999,69.9999,69.9999,69.9999,69.9999,69.9999,69.9999,69.9999,69.9999,69.9999,69.9999,69.9999,69.9999,69.9999,69.9999,69.9999,69.9999,69.9999,69.9999,69.9999,69.9999,69.9999,69.9999,69.9999,69.9999,69.9999,69.9999,69.9999,69.9999,69.9999,69.9999,69.9999,69.9999,69.9999,69.9999,69.9999,69.9999,69.9999,69.9999,69.9999,69.9999,69.9999,69.9999,69.9999,69.9999,69.9999,69.9999,69.9999,69.9999,69.9999,69.9999,69.9999,69.9999,69.9999,69.9999,69.9999,69.9999,69.9999,69.9999,69.9999,69.9999,69.9999,69.9999,69.9999,69.9999,69.9999,69.9999,69.9999,69.9999,69.9999,69.9999,69.9999,60.9594,60.9149,60.8704,60.8259,60.7813,60.7366,60.6920,60.6473,60.6026,60.5578,60.5131,60.4684,60.4237,60.3790,60.3343,60.2896,60.2450,60.2004,60.1559,60.1114,60.0670,60.0227,59.9784,59.9343,59.8903,59.8463,59.8025,59.7588,59.7153,59.6719,59.6287,59.5856,59.5427,59.5000,59.4575,59.4152,59.3731,59.3313,59.2897,59.2483,59.2072,59.1664,59.1259,59.0856,59.0457,59.0061,58.9668,58.9279,58.8893,58.8512,58.8133,58.7759,58.7389,58.7023,58.6661,58.6304,58.5952,58.5604,58.5261,58.4922,58.4589,58.4262,58.3939,58.3622,58.3311,58.3005,58.2706,58.2412,58.2124,58.1843,58.1568,58.1300,58.1038,58.0783,58.0535,58.0295,58.0061,57.9834,57.9615,57.9404,57.9200,57.9005,57.8817,57.8637,57.8465,57.8301,57.8146,57.8000,57.7862,57.7733,57.7612,57.7501,57.7398,57.7305,57.7221,57.7146,57.7081,57.7026,57.6980,57.6943,57.6917,57.6900,57.6893,57.6897,57.6910,57.6934,57.6967,57.7012,57.7066,57.7131,57.7206,57.7292,57.7388,57.7496,57.7613,57.7742,57.7881,57.8031,57.8191,57.8362,57.8545,57.8738,57.8942,57.9156,57.9382,57.9618,57.9866,58.0124,58.0393,58.0673,58.0963,58.1265,58.1577,58.1900,58.2233,58.2578,58.2933,58.3298,58.3675,58.4061,58.4459,58.4866,58.5284,58.5713,58.6151,58.6600,58.7059,58.7528,58.8007,58.8497,58.8996,58.9504,59.0023,59.0551,59.1089,59.1636,59.2192,59.2758,59.3334,59.3918,59.4511,59.5114,59.5725,59.6345,59.6974,59.7611,59.8257,59.8911,59.9574,60.0244,60.0923,60.1610,60.2305,60.3008,60.3718,60.4436,60.5162,60.5895,60.6636,60.7383,60.8138,60.8900,60.9669,61.0444,61.1227,61.2016,61.2812,61.3614,61.4423,61.5237,61.6059,61.6886,61.7719,61.8558,61.9404,62.0254,62.1111,62.1973,62.2841,62.3714,62.4593,62.5477,62.6366,62.7261,62.8160,62.9065,62.9974,63.0888,63.1807,63.2731,63.3660,63.4593,63.5531,63.6473,63.7420,63.8371,63.9327,64.0287,64.1251,64.2219,64.3192,64.4169,64.5150,64.6134,64.7123,64.8116,64.9113,65.0114,65.1118,65.2127,65.3139,65.4155,65.5175,65.6199,65.7226,65.8257,65.9292,66.0330,66.1373,66.2418,66.3468,66.4521,66.5578,66.6638,66.7702,66.8770,66.9841,67.0916,67.1994,67.3076,67.4162,67.5251,67.6344,67.7440,67.8540,67.9644,68.0751,68.1863,68.2977,68.4096,68.5218,68.6344,68.7473,68.8606,68.9743,69.0884,69.2029,69.3177,69.4329,69.5485,69.6645,69.7809,69.8977,69.9852,69.8681,69.7515,69.6352,69.5193,69.4038,69.2887,69.1739,69.0596,68.9456,68.8320,68.7187,68.6059,68.4934,68.3813,68.2695,68.1582,68.0471,67.9365,67.8262,67.7163,67.6067,67.4975,67.3887,67.2802,67.1721,67.0644,66.9570,66.8500,66.7433,66.6370,66.5310,66.4255,66.3202,66.2154,66.1109,66.0068,65.9030,65.7996,65.6966,65.5940,65.4917,65.3898,65.2883,65.1871,65.0864,64.9860,64.8860,64.7864,64.6872,64.5884,64.4901,64.3921,64.2945,64.1973,64.1006,64.0043,63.9084,63.8129,63.7179,63.6233,63.5292,63.4355,63.3423,63.2496,63.1573,63.0655,62.9742,62.8833,62.7930,62.7032,62.6138,62.5250,62.4368,62.3490,62.2618,62.1751,62.0890,62.0035,61.9185,61.8342,61.7504,61.6672,61.5846,61.5026,61.4212,61.3405,61.2604,61.1810,61.1023,61.0241,60.9467,60.8700,60.7940,60.7186,60.6440,60.5702,60.4970,60.4246,60.3530,60.2821,60.2120,60.1427,60.0742,60.0065,59.9396,59.8735,59.8082,59.7438,59.6803,59.6176,59.5558,59.4949,59.4349,59.3757,59.3175,59.2602,59.2038,59.1484,59.0939,59.0403,58.9877,58.9361,58.8855,58.8358,58.7871,58.7395,58.6928,58.6471,58.6025,58.5589,58.5163,58.4747,58.4342,58.3948,58.3564,58.3190,58.2827,58.2475,58.2133,58.1802,58.1482,58.1173,58.0874,58.0587,58.0310,58.0044,57.9789,57.9544,57.9311,57.9088,57.8877,57.8676,57.8486,57.8307,57.8139,57.7981,57.7835,57.7699,57.7574,57.7460,57.7356,57.7263,57.7180,57.7108,57.7047,57.6996,57.6955,57.6924,57.6904,57.6894,57.6895,57.6905,57.6925,57.6955,57.6995,57.7044,57.7103,57.7172,57.7250,57.7338,57.7435,57.7540,57.7655,57.7779,57.7912,57.8054,57.8204,57.8362,57.8529,57.8704,57.8888,57.9079,57.9279,57.9486,57.9701,57.9923,58.0153,58.0390,58.0634,58.0886,58.1144,58.1409,58.1681,58.1959,58.2244,58.2534,58.2831,58.3134,58.3443,58.3758,58.4078,58.4403,58.4734,58.5070,58.5412,58.5758,58.6109,58.6464,58.6824,58.7189,58.7558,58.7931,58.8308,58.8689,58.9073,58.9462,58.9854,59.0249,59.0648,59.1049,59.1454,59.1862,59.2273,59.2686,59.3102,59.3520,59.3941,59.4364,59.4789,59.5217,59.5646,59.6077,59.6510,59.6944,59.7380,59.7817,59.8256,59.8696,59.9137,59.9579,60.0023,60.0467,60.0912,60.1357,60.1803,60.2250,60.2698,60.3145,60.3593,60.4042,60.4490,60.4939,60.5387,60.5836,60.6284,60.6732,60.7180,60.7628,60.8076,60.8522,60.8969,60.9415,60.9594\right]
v_{turn}=\left[3937008.0000,3937008.0000,3937008.0000,3937008.0000,3937008.0000,3937008.0000,3937008.0000,3937008.0000,3937008.0000,3937008.0000,3937008.0000,3937008.0000,3937008.0000,3937008.0000,3937008.0000,3937008.0000,3937008.0000,3937008.0000,3937008.0000,3937008.0000,3937008.0000,3937008.0000,3937008.0000,3937008.0000,3937008.0000,3937008.0000,3937008.0000,3937008.0000,3937008.0000,3937008.0000,3937008.0000,3937008.0000,3937008.0000,3937008.0000,3937008.0000,3937008.0000,3937008.0000,3937008.0000,3937008.0000,3937008.0000,3937008.0000,3937008.0000,3937008.0000,3937008.0000,3937008.0000,3937008.0000,3937008.0000,3937008.0000,3937008.0000,3937008.0000,3937008.0000,3937008.0000,3937008.0000,3937008.0000,3937008.0000,3937008.0000,3937008.0000,3937008.0000,3937008.0000,3937008.0000,3937008.0000,3937008.0000,3937008.0000,3937008.0000,3937008.0000,3937008.0000,3937008.0000,3937008.0000,3937008.0000,3937008.0000,3937008.0000,3937008.0000,3937008.0000,3937008.0000,3937008.0000,3937008.0000,3937008.0000,3937008.0000,3937008.0000,3937008.0000,3937008.0000,3937008.0000,3937008.0000,3937008.0000,3937008.0000,3937008.0000,3937008.0000,3937008.0000,3937008.0000,3937008.0000,3937008.0000,3937008.0000,3937008.0000,3937008.0000,3937008.0000,3937008.0000,3937008.0000,3937008.0000,3937008.0000,3937008.0000,3937008.0000,3937008.0000,3937008.0000,3937008.0000,3937008.0000,3937008.0000,3937008.0000,3937008.0000,3937008.0000,3937008.0000,3937008.0000,3937008.0000,3937008.0000,3937008.0000,3937008.0000,3937008.0000,3937008.0000,3937008.0000,3937008.0000,3937008.0000,3937008.0000,3937008.0000,3937008.0000,3937008.0000,3937008.0000,3937008.0000,3937008.0000,3937008.0000,3937008.0000,3937008.0000,3937008.0000,3937008.0000,3937008.0000,3937008.0000,3937008.0000,3937008.0000,3937008.0000,3937008.0000,3937008.0000,3937008.0000,3937008.0000,3937008.0000,3937008.0000,3937008.0000,3937008.0000,3937008.0000,3937008.0000,3937008.0000,3937008.0000,3937008.0000,3937008.0000,3937008.0000,3937008.0000,3937008.0000,3937008.0000,3937008.0000,3937008.0000,3937008.0000,3937008.0000,3937008.0000,3937008.0000,3937008.0000,3937008.0000,3937008.0000,3937008.0000,3937008.0000,3937008.0000,3937008.0000,3937008.0000,3937008.0000,3937008.0000,3937008.0000,3937008.0000,3937008.0000,3937008.0000,3937008.0000,3937008.0000,3937008.0000,3937008.0000,3937008.0000,3937008.0000,3937008.0000,3937008.0000,3937008.0000,3937008.0000,3937008.0000,3937008.0000,3937008.0000,3937008.0000,3937008.0000,3937008.0000,3937008.0000,3937008.0000,3937008.0000,3937008.0000,3937008.0000,3937008.0000,3937008.0000,3937008.0000,3937008.0000,3937008.0000,3937008.0000,3937008.0000,3937008.0000,3937008.0000,3937008.0000,3937008.0000,3937008.0000,3937008.0000,3937008.0000,3937008.0000,3937008.0000,3937008.0000,3937008.0000,3937008.0000,3937008.0000,3937008.0000,3937008.0000,3937008.0000,3937008.0000,3937008.0000,3937008.0000,3937008.0000,3937008.0000,3937008.0000,3937008.0000,3937008.0000,3937008.0000,3937008.0000,3937008.0000,3937008.0000,3937008.0000,3937008.0000,3937008.0000,3937008.0000,3937008.0000,35.3998,35.2010,35.0038,34.8083,34.6145,34.4224,34.2321,34.0434,33.8564,33.6712,33.4877,33.3059,33.1258,32.9475,32.7709,32.5961,32.4229,32.2516,32.0819,31.9141,31.7479,31.5836,31.4210,31.2601,31.1011,30.9438,30.7883,30.6346,30.4826,30.3325,30.1842,30.0376,29.8929,29.7500,29.6088,29.4696,29.3321,29.1964,29.0626,28.9307,28.8005,28.6722,28.5458,28.4212,28.2985,28.1776,28.0587,27.9416,27.8264,27.7130,27.6016,27.4921,27.3845,27.2787,27.1750,27.0731,26.9732,26.8751,26.7791,26.6850,26.5928,26.5026,26.4144,26.3282,26.2439,26.1617,26.0814,26.0032,25.9269,25.8527,25.7805,25.7104,25.6423,25.5762,25.5123,25.4504,25.3905,25.3328,25.2772,25.2237,25.1723,25.1230,25.0759,25.0310,24.9882,24.9475,24.9091,24.8729,24.8389,24.8071,24.7775,24.7502,24.7251,24.7023,24.6819,24.6637,24.6478,24.6343,24.6231,24.6143,24.6078,24.6038,24.6022,24.6030,24.6062,24.6119,24.6201,24.6309,24.6441,24.6599,24.6782,24.6992,24.7227,24.7489,24.7778,24.8093,24.8435,24.8805,24.9202,24.9627,25.0080,25.0562,25.1072,25.1612,25.2181,25.2779,25.3407,25.4066,25.4756,25.5476,25.6228,25.7012,25.7828,25.8676,25.9558,26.0473,26.1422,26.2406,26.3424,26.4478,26.5568,26.6694,26.7857,26.9058,27.0297,27.1575,27.2892,27.4249,27.5647,27.7086,27.8568,28.0092,28.1660,28.3273,28.4930,28.6634,28.8385,29.0184,29.2032,29.3930,29.5878,29.7879,29.9933,30.2041,30.4205,30.6425,30.8703,31.1041,31.3439,31.5900,31.8425,32.1015,32.3671,32.6397,32.9193,33.2061,33.5003,33.8022,34.1119,34.4296,34.7557,35.0902,35.4336,35.7860,36.1476,36.5189,36.9001,37.2916,37.6936,38.1064,38.5305,38.9663,39.4141,39.8744,40.3475,40.8341,41.3345,41.8493,42.3790,42.9242,43.4855,44.0636,44.6591,45.2728,45.9054,46.5576,47.2304,47.9247,48.6415,49.3816,50.1463,50.9367,51.7541,52.5997,53.4749,54.3814,55.3206,56.2943,57.3043,58.3527,59.4416,60.5733,61.7504,62.9754,64.2513,65.5813,66.9688,68.4176,69.9316,71.5153,73.1736,74.9118,76.7356,78.6516,80.6669,82.7891,85.0271,87.3904,89.8898,92.5374,95.3465,98.3325,101.5124,104.9056,108.5342,112.4239,116.6035,121.1065,125.9720,131.2454,136.9802,143.2397,150.0996,157.6503,166.0013,175.2871,185.6738,197.3695,210.6380,225.8194,243.3598,263.8546,288.1193,317.2992,353.0562,397.8954,455.7814,533.3791,642.8184,808.7611,1090.1997,1672.0380,3585.7466,24808.5801,2781.6064,1473.4158,1002.1188,759.2545,611.1454,511.3882,439.6269,385.5281,343.2850,309.3849,281.5787,258.3589,238.6771,221.7819,207.1209,194.2785,182.9358,172.8450,163.8096,155.6723,148.3056,141.6051,135.4844,129.8717,124.7060,119.9362,115.5184,111.4151,107.5938,104.0267,100.6894,97.5602,94.6204,91.8535,89.2446,86.7806,84.4499,82.2421,80.1476,78.1581,76.2659,74.4642,72.7467,71.1077,69.5420,68.0448,66.6120,65.2392,63.9231,62.6603,61.4476,60.2823,59.1616,58.0831,57.0445,56.0438,55.0789,54.1481,53.2497,52.3820,51.5437,50.7332,49.9494,49.1909,48.4567,47.7457,47.0569,46.3893,45.7421,45.1143,44.5052,43.9141,43.3403,42.7830,42.2417,41.7158,41.2046,40.7077,40.2245,39.7546,39.2975,38.8527,38.4198,37.9985,37.5884,37.1890,36.8002,36.4215,36.0526,35.6932,35.3431,35.0019,34.6695,34.3455,34.0297,33.7220,33.4220,33.1296,32.8446,32.5668,32.2959,32.0319,31.7746,31.5237,31.2792,31.0408,30.8086,30.5821,30.3615,30.1465,29.9371,29.7330,29.5342,29.3406,29.1521,28.9685,28.7898,28.6159,28.4467,28.2820,28.1219,27.9662,27.8148,27.6677,27.5249,27.3861,27.2514,27.1207,26.9939,26.8710,26.7519,26.6365,26.5248,26.4168,26.3123,26.2114,26.1139,26.0199,25.9293,25.8420,25.7580,25.6773,25.5998,25.5255,25.4543,25.3862,25.3212,25.2592,25.2001,25.1441,25.0910,25.0408,24.9935,24.9490,24.9073,24.8684,24.8322,24.7988,24.7681,24.7401,24.7147,24.6920,24.6719,24.6543,24.6394,24.6270,24.6171,24.6097,24.6048,24.6024,24.6025,24.6049,24.6098,24.6171,24.6268,24.6388,24.6532,24.6699,24.6890,24.7103,24.7340,24.7599,24.7881,24.8185,24.8512,24.8862,24.9233,24.9626,25.0042,25.0479,25.0938,25.1418,25.1920,25.2444,25.2988,25.3554,25.4141,25.4749,25.5378,25.6027,25.6698,25.7389,25.8100,25.8832,25.9585,26.0357,26.1150,26.1963,26.2797,26.3650,26.4523,26.5416,26.6328,26.7261,26.8213,26.9184,27.0176,27.1186,27.2216,27.3266,27.4334,27.5422,27.6529,27.7655,27.8800,27.9964,28.1147,28.2349,28.3569,28.4809,28.6067,28.7344,28.8639,28.9953,29.1285,29.2636,29.4005,29.5393,29.6799,29.8223,29.9666,30.1126,30.2605,30.4102,30.5617,30.7150,30.8701,31.0270,31.1856,31.3461,31.5083,31.6723,31.8381,32.0056,32.1749,32.3460,32.5189,32.6934,32.8698,33.0478,33.2277,33.4092,33.5925,33.7775,33.9643,34.1527,34.3429,34.5348,34.7285,34.9238,35.1209,35.3196,35.4000\right]
v_{friction}=\left[8719.3838,8719.3838,8719.3838,8719.3838,8719.3838,8719.3838,8719.3838,8719.3838,8719.3838,8719.3838,8719.3838,8719.3838,8719.3838,8719.3838,8719.3838,8719.3838,8719.3838,8719.3838,8719.3838,8719.3838,8719.3838,8719.3838,8719.3838,8719.3838,8719.3838,8719.3838,8719.3838,8719.3838,8719.3838,8719.3838,8719.3838,8719.3838,8719.3838,8719.3838,8719.3838,8719.3838,8719.3838,8719.3838,8719.3838,8719.3838,8719.3838,8719.3838,8719.3838,8719.3838,8719.3838,8719.3838,8719.3838,8719.3838,8719.3838,8719.3838,8719.3838,8719.3838,8719.3838,8719.3838,8719.3838,8719.3838,8719.3838,8719.3838,8719.3838,8719.3838,8719.3838,8719.3838,8719.3838,8719.3838,8719.3838,8719.3838,8719.3838,8719.3838,8719.3838,8719.3838,8719.3838,8719.3838,8719.3838,8719.3838,8719.3838,8719.3838,8719.3838,8719.3838,8719.3838,8719.3838,8719.3838,8719.3838,8719.3838,8719.3838,8719.3838,8719.3838,8719.3838,8719.3838,8719.3838,8719.3838,8719.3838,8719.3838,8719.3838,8719.3838,8719.3838,8719.3838,8719.3838,8719.3838,8719.3838,8719.3838,8719.3838,8719.3838,8719.3838,8719.3838,8719.3838,8719.3838,8719.3838,8719.3838,8719.3838,8719.3838,8719.3838,8719.3838,8719.3838,8719.3838,8719.3838,8719.3838,8719.3838,8719.3838,8719.3838,8719.3838,8719.3838,8719.3838,8719.3838,8719.3838,8719.3838,8719.3838,8719.3838,8719.3838,8719.3838,8719.3838,8719.3838,8719.3838,8719.3838,8719.3838,8719.3838,8719.3838,8719.3838,8719.3838,8719.3838,8719.3838,8719.3838,8719.3838,8719.3838,8719.3838,8719.3838,8719.3838,8719.3838,8719.3838,8719.3838,8719.3838,8719.3838,8719.3838,8719.3838,8719.3838,8719.3838,8719.3838,8719.3838,8719.3838,8719.3838,8719.3838,8719.3838,8719.3838,8719.3838,8719.3838,8719.3838,8719.3838,8719.3838,8719.3838,8719.3838,8719.3838,8719.3838,8719.3838,8719.3838,8719.3838,8719.3838,8719.3838,8719.3838,8719.3838,8719.3838,8719.3838,8719.3838,8719.3838,8719.3838,8719.3838,8719.3838,8719.3838,8719.3838,8719.3838,8719.3838,8719.3838,8719.3838,8719.3838,8719.3838,8719.3838,8719.3838,8719.3838,8719.3838,8719.3838,8719.3838,8719.3838,8719.3838,8719.3838,8719.3838,8719.3838,8719.3838,8719.3838,8719.3838,8719.3838,8719.3838,8719.3838,8719.3838,8719.3838,8719.3838,8719.3838,8719.3838,8719.3838,8719.3838,8719.3838,8719.3838,8719.3838,8719.3838,8719.3838,8719.3838,8719.3838,8719.3838,8719.3838,8719.3838,8719.3838,8719.3838,8719.3838,8719.3838,8719.3838,8719.3838,8719.3838,8719.3838,8719.3838,26.1459,26.0723,25.9992,25.9265,25.8542,25.7824,25.7110,25.6401,25.5696,25.4995,25.4299,25.3608,25.2922,25.2240,25.1563,25.0891,25.0224,24.9562,24.8905,24.8253,24.7606,24.6964,24.6327,24.5696,24.5070,24.4450,24.3835,24.3225,24.2621,24.2023,24.1431,24.0844,24.0263,23.9688,23.9119,23.8556,23.7998,23.7447,23.6903,23.6364,23.5832,23.5306,23.4787,23.4274,23.3768,23.3268,23.2775,23.2289,23.1809,23.1337,23.0871,23.0413,22.9961,22.9517,22.9080,22.8650,22.8228,22.7813,22.7405,22.7005,22.6613,22.6228,22.5852,22.5483,22.5122,22.4769,22.4423,22.4087,22.3758,22.3437,22.3125,22.2821,22.2526,22.2239,22.1961,22.1692,22.1431,22.1179,22.0936,22.0702,22.0477,22.0262,22.0055,21.9858,21.9670,21.9491,21.9322,21.9162,21.9012,21.8872,21.8742,21.8621,21.8510,21.8410,21.8319,21.8239,21.8168,21.8108,21.8059,21.8020,21.7991,21.7973,21.7966,21.7970,21.7984,21.8010,21.8046,21.8093,21.8152,21.8222,21.8303,21.8396,21.8500,21.8615,21.8743,21.8882,21.9033,21.9196,21.9371,21.9558,21.9757,21.9968,22.0192,22.0429,22.0678,22.0939,22.1214,22.1501,22.1802,22.2115,22.2442,22.2781,22.3135,22.3502,22.3882,22.4277,22.4685,22.5107,22.5544,22.5994,22.6459,22.6939,22.7433,22.7943,22.8467,22.9006,22.9561,23.0131,23.0717,23.1318,23.1936,23.2570,23.3220,23.3886,23.4570,23.5270,23.5988,23.6722,23.7475,23.8245,23.9034,23.9841,24.0666,24.1510,24.2374,24.3257,24.4159,24.5082,24.6025,24.6989,24.7974,24.8980,25.0008,25.1059,25.2132,25.3228,25.4347,25.5491,25.6658,25.7851,25.9069,26.0313,26.1583,26.2881,26.4206,26.5559,26.6942,26.8354,26.9796,27.1270,27.2775,27.4314,27.5885,27.7491,27.9133,28.0811,28.2526,28.4280,28.6074,28.7908,28.9784,29.1704,29.3669,29.5680,29.7738,29.9846,30.2005,30.4216,30.6483,30.8806,31.1188,31.3630,31.6137,31.8709,32.1350,32.4062,32.6848,32.9712,33.2657,33.5686,33.8804,34.2014,34.5321,34.8729,35.2244,35.5871,35.9616,36.3485,36.7485,37.1623,37.5907,38.0345,38.4947,38.9723,39.4685,39.9843,40.5211,41.0804,41.6637,42.2728,42.9097,43.5764,44.2754,45.0093,45.7811,46.5942,47.4524,48.3600,49.3219,50.3436,51.4318,52.5938,53.8384,55.1760,56.6185,58.1805,59.8795,61.7366,63.7780,66.0364,68.5531,71.3814,74.5914,78.2775,82.5704,87.6571,93.8169,101.4894,111.4158,124.9720,145.0961,179.6908,263.1434,692.1554,231.7664,168.6807,139.1113,121.0867,108.6363,99.3752,92.1393,86.2841,81.4198,77.2951,73.7399,70.6341,67.8904,65.4434,63.2433,61.2513,59.4363,57.7738,56.2435,54.8287,53.5157,52.2928,51.1502,50.0795,49.0734,48.1258,47.2311,46.3847,45.5823,44.8203,44.0955,43.4049,42.7460,42.1163,41.5139,40.9368,40.3834,39.8520,39.3412,38.8499,38.3767,37.9207,37.4808,37.0562,36.6460,36.2493,35.8657,35.4942,35.1343,34.7855,34.4473,34.1191,33.8004,33.4909,33.1902,32.8978,32.6133,32.3366,32.0672,31.8049,31.5493,31.3003,31.0576,30.8209,30.5900,30.3648,30.1449,29.9303,29.7208,29.5161,29.3162,29.1209,28.9300,28.7434,28.5610,28.3826,28.2082,28.0376,27.8707,27.7074,27.5477,27.3913,27.2383,27.0886,26.9420,26.7985,26.6580,26.5205,26.3858,26.2540,26.1249,25.9985,25.8748,25.7536,25.6349,25.5187,25.4050,25.2936,25.1846,25.0778,24.9733,24.8711,24.7709,24.6730,24.5771,24.4833,24.3915,24.3017,24.2139,24.1280,24.0440,23.9619,23.8817,23.8033,23.7267,23.6519,23.5788,23.5075,23.4379,23.3700,23.3037,23.2391,23.1761,23.1148,23.0550,22.9968,22.9402,22.8851,22.8316,22.7795,22.7290,22.6799,22.6323,22.5862,22.5415,22.4982,22.4563,22.4159,22.3768,22.3391,22.3028,22.2678,22.2342,22.2019,22.1709,22.1412,22.1128,22.0857,22.0599,22.0354,22.0121,21.9901,21.9693,21.9497,21.9314,21.9142,21.8983,21.8836,21.8700,21.8576,21.8464,21.8364,21.8275,21.8197,21.8131,21.8076,21.8032,21.8000,21.7978,21.7967,21.7968,21.7978,21.8000,21.8032,21.8075,21.8129,21.8192,21.8266,21.8350,21.8445,21.8549,21.8664,21.8788,21.8923,21.9067,21.9221,21.9384,21.9557,21.9740,21.9932,22.0133,22.0344,22.0564,22.0793,22.1031,22.1278,22.1534,22.1799,22.2072,22.2354,22.2645,22.2945,22.3253,22.3569,22.3894,22.4227,22.4568,22.4917,22.5275,22.5640,22.6013,22.6395,22.6783,22.7180,22.7584,22.7996,22.8416,22.8842,22.9277,22.9718,23.0167,23.0623,23.1086,23.1556,23.2033,23.2516,23.3007,23.3505,23.4009,23.4520,23.5037,23.5561,23.6091,23.6628,23.7171,23.7721,23.8276,23.8838,23.9405,23.9979,24.0559,24.1144,24.1736,24.2333,24.2936,24.3544,24.4158,24.4778,24.5403,24.6033,24.6669,24.7310,24.7957,24.8608,24.9265,24.9927,25.0594,25.1266,25.1942,25.2624,25.3310,25.4001,25.4697,25.5397,25.6102,25.6812,25.7526,25.8245,25.8968,25.9695,26.0427,26.1162,26.1459\right]
v_{forward}=\left[0.0000,6.0237,8.5188,10.4333,12.0474,13.4694,14.7550,15.9372,17.0376,18.0711,19.0486,19.9783,20.8667,21.7187,22.5386,23.3296,24.0947,24.8363,25.5563,26.2566,26.9387,27.6040,28.2536,28.8886,29.5099,30.1184,30.7149,31.3000,31.8743,32.4385,32.9931,33.5385,34.0751,34.6034,35.1238,35.6343,36.1311,36.6152,37.0870,37.5472,37.9965,38.4352,38.8638,39.2829,39.6928,40.0939,40.4866,40.8712,41.2480,41.6173,41.9794,42.3345,42.6830,43.0249,43.3607,43.6904,44.0142,44.3324,44.6451,44.9525,45.2548,45.5520,45.8445,46.1322,46.4153,46.6940,46.9684,47.2385,47.5046,47.7667,48.0248,48.2792,48.5299,48.7770,49.0206,49.2607,49.4975,49.7311,49.9614,50.1886,50.4128,50.6339,50.8522,51.0676,51.2802,51.4900,51.6972,51.9017,52.1037,52.3032,52.5002,52.6948,52.8870,53.0768,53.2644,53.4498,53.6329,53.8139,53.9928,54.1696,54.3444,54.5172,54.6880,54.8568,55.0238,55.1889,55.3521,55.5136,55.6733,55.8312,55.9874,56.1420,56.2948,56.4461,56.5957,56.7437,56.8902,57.0352,57.1786,57.3206,57.4611,57.6002,57.7378,57.8741,58.0089,58.1424,58.2746,58.4054,58.5350,58.6633,58.7903,58.9160,59.0406,59.1639,59.2860,59.4070,59.5268,59.6454,59.7629,59.8794,59.9947,60.1089,60.2220,60.3341,60.4452,60.5552,60.6642,60.7722,60.8792,60.9853,61.0903,61.1944,61.2976,61.3999,61.5012,61.6016,61.7011,61.7997,61.8975,61.9944,62.0904,62.1856,62.2800,62.3736,62.4663,62.5582,62.6493,62.7397,62.8292,62.9180,63.0060,63.0933,63.1799,63.2657,63.3507,63.4351,63.5188,63.6017,63.6840,63.7655,63.8464,63.9266,64.0062,64.0851,64.1633,64.2409,64.3179,64.3942,64.4699,64.5450,64.6195,64.6934,64.7667,64.8393,64.9114,64.9830,65.0539,65.1243,65.1941,65.2634,65.3321,65.4002,65.4679,65.5350,65.6015,65.6676,65.7331,65.7981,65.8626,65.9266,65.9901,66.0531,66.1156,66.1776,66.2391,66.3002,66.3608,66.4209,66.4806,66.5398,66.5986,66.6569,66.7148,66.7722,66.8292,66.8857,66.9419,66.9976,67.0529,67.1077,67.1622,67.2163,67.2699,67.3231,67.3760,67.4284,26.1459,26.0723,25.9992,25.9265,25.8542,25.7824,25.7110,25.6401,25.5696,25.4995,25.4299,25.3608,25.2922,25.2240,25.1563,25.0891,25.0224,24.9562,24.8905,24.8253,24.7606,24.6964,24.6327,24.5696,24.5070,24.4450,24.3835,24.3225,24.2621,24.2023,24.1431,24.0844,24.0263,23.9688,23.9119,23.8556,23.7998,23.7447,23.6903,23.6364,23.5832,23.5306,23.4787,23.4274,23.3768,23.3268,23.2775,23.2289,23.1809,23.1337,23.0871,23.0413,22.9961,22.9517,22.9080,22.8650,22.8228,22.7813,22.7405,22.7005,22.6613,22.6228,22.5852,22.5483,22.5122,22.4769,22.4423,22.4087,22.3758,22.3437,22.3125,22.2821,22.2526,22.2239,22.1961,22.1692,22.1431,22.1179,22.0936,22.0702,22.0477,22.0262,22.0055,21.9858,21.9670,21.9491,21.9322,21.9162,21.9012,21.8872,21.8742,21.8621,21.8510,21.8410,21.8319,21.8239,21.8168,21.8108,21.8059,21.8020,21.7991,21.7973,21.7966,21.7970,21.7984,21.8010,21.8046,21.8093,21.8152,21.8222,21.8303,21.8396,21.8500,21.8615,21.8743,21.8882,21.9033,21.9196,21.9371,21.9558,21.9757,21.9968,22.0192,22.0429,22.0678,22.0939,22.1214,22.1501,22.1802,22.2115,22.2442,22.2781,22.3135,22.3502,22.3882,22.4277,22.4685,22.5107,22.5544,22.5994,22.6459,22.6939,22.7433,22.7943,22.8467,22.9006,22.9561,23.0131,23.0717,23.1318,23.1936,23.2570,23.3220,23.3886,23.4570,23.5270,23.5988,23.6722,23.7475,23.8245,23.9034,23.9841,24.0666,24.1510,24.2374,24.3257,24.4159,24.5082,24.6025,24.6989,24.7974,24.8980,25.0008,25.1059,25.2132,25.3228,25.4347,25.5491,25.6658,25.7851,25.9069,26.0313,26.1583,26.2881,26.4206,26.5559,26.6942,26.8354,26.9796,27.1270,27.2775,27.4314,27.5885,27.7491,27.9133,28.0811,28.2526,28.4280,28.6074,28.7908,28.9784,29.1704,29.3661,29.5632,29.7616,29.9614,30.1628,30.3657,30.5701,30.7763,30.9842,31.1939,31.4054,31.6189,31.8345,32.0521,32.2719,32.4940,32.7184,32.9453,33.1748,33.4069,33.6418,33.8796,34.1204,34.3643,34.6115,34.8621,35.1163,35.3743,35.6361,35.9020,36.1723,36.4470,36.7265,37.0109,37.3006,37.5957,37.8967,38.2038,38.5174,38.8379,39.1657,39.5012,39.8449,40.1975,40.5594,40.9315,41.3070,41.6752,42.0362,42.3902,42.7376,43.0786,43.4134,43.7421,44.0651,44.3824,44.6942,45.0008,45.3023,45.5988,45.8904,46.1774,46.4598,46.7378,47.0115,47.2810,47.5464,47.8079,48.0654,48.3192,48.5694,48.8159,49.0589,49.2985,49.5348,49.7678,49.9977,50.2244,50.4480,50.6687,50.8865,51.1015,51.3136,51.5231,51.7298,51.9340,52.1355,52.3346,52.5312,52.7254,52.9172,53.1068,53.2940,52.2928,51.1502,50.0795,49.0734,48.1258,47.2311,46.3847,45.5823,44.8203,44.0955,43.4049,42.7460,42.1163,41.5139,40.9368,40.3834,39.8520,39.3412,38.8499,38.3767,37.9207,37.4808,37.0562,36.6460,36.2493,35.8657,35.4942,35.1343,34.7855,34.4473,34.1191,33.8004,33.4909,33.1902,32.8978,32.6133,32.3366,32.0672,31.8049,31.5493,31.3003,31.0576,30.8209,30.5900,30.3648,30.1449,29.9303,29.7208,29.5161,29.3162,29.1209,28.9300,28.7434,28.5610,28.3826,28.2082,28.0376,27.8707,27.7074,27.5477,27.3913,27.2383,27.0886,26.9420,26.7985,26.6580,26.5205,26.3858,26.2540,26.1249,25.9985,25.8748,25.7536,25.6349,25.5187,25.4050,25.2936,25.1846,25.0778,24.9733,24.8711,24.7709,24.6730,24.5771,24.4833,24.3915,24.3017,24.2139,24.1280,24.0440,23.9619,23.8817,23.8033,23.7267,23.6519,23.5788,23.5075,23.4379,23.3700,23.3037,23.2391,23.1761,23.1148,23.0550,22.9968,22.9402,22.8851,22.8316,22.7795,22.7290,22.6799,22.6323,22.5862,22.5415,22.4982,22.4563,22.4159,22.3768,22.3391,22.3028,22.2678,22.2342,22.2019,22.1709,22.1412,22.1128,22.0857,22.0599,22.0354,22.0121,21.9901,21.9693,21.9497,21.9314,21.9142,21.8983,21.8836,21.8700,21.8576,21.8464,21.8364,21.8275,21.8197,21.8131,21.8076,21.8032,21.8000,21.7978,21.7967,21.7968,21.7978,21.8000,21.8032,21.8075,21.8129,21.8192,21.8266,21.8350,21.8445,21.8549,21.8664,21.8788,21.8923,21.9067,21.9221,21.9384,21.9557,21.9740,21.9932,22.0133,22.0344,22.0564,22.0793,22.1031,22.1278,22.1534,22.1799,22.2072,22.2354,22.2645,22.2945,22.3253,22.3569,22.3894,22.4227,22.4568,22.4917,22.5275,22.5640,22.6013,22.6395,22.6783,22.7180,22.7584,22.7996,22.8416,22.8842,22.9277,22.9718,23.0167,23.0623,23.1086,23.1556,23.2033,23.2516,23.3007,23.3505,23.4009,23.4520,23.5037,23.5561,23.6091,23.6628,23.7171,23.7721,23.8276,23.8838,23.9405,23.9979,24.0559,24.1144,24.1736,24.2333,24.2936,24.3544,24.4158,24.4778,24.5403,24.6033,24.6669,24.7310,24.7957,24.8608,24.9265,24.9927,25.0594,25.1266,25.1942,25.2624,25.3310,25.4001,25.4697,25.5397,25.6102,25.6812,25.7526,25.8245,25.8968,25.9695,26.0427,26.1162,0.0000\right]
v_{backward}=\left[0.0000,6.0237,8.5188,10.4333,12.0474,13.4694,14.7550,15.9372,17.0376,18.0711,19.0486,19.9783,20.8667,21.7187,22.5386,23.3296,24.0947,24.8363,25.5563,26.2566,26.9387,27.6040,28.2536,28.8886,29.5099,30.1184,30.7149,31.3000,31.8743,32.4385,32.9931,33.5385,34.0751,34.6034,35.1238,35.6343,36.1311,36.6152,37.0870,37.5472,37.9965,38.4352,38.8638,39.2829,39.6928,40.0939,40.4866,40.8712,41.2480,41.6173,41.9794,42.3345,42.6830,43.0249,43.3607,43.6904,44.0142,44.3324,44.6451,44.9525,45.2548,45.5520,45.8445,46.1322,46.4153,46.6940,46.9684,47.2385,47.5046,47.7667,48.0248,48.2792,48.5299,48.7770,49.0206,49.2607,49.4975,49.7311,49.9614,50.1886,50.4128,50.6339,50.8522,51.0676,51.2802,51.4900,51.6972,51.9017,52.1037,52.3032,52.5002,52.6948,52.8870,53.0768,53.2644,53.4498,53.6329,53.8139,53.9928,54.1696,54.3444,54.5172,54.6880,54.8568,55.0238,55.1889,55.3521,55.5136,55.6733,55.8312,55.9874,56.1420,56.2948,56.4461,56.5957,56.7437,56.8902,57.0352,57.1786,57.3206,57.4611,57.6002,57.7378,57.8741,58.0089,58.1424,58.0149,57.8801,57.7439,57.6063,57.4673,57.3269,57.1850,57.0416,56.8967,56.7503,56.6023,56.4528,56.3016,56.1488,55.9944,55.8382,55.6803,55.5207,55.3594,55.1962,55.0312,54.8643,54.6955,54.5248,54.3521,54.1775,54.0008,53.8220,53.6411,53.4580,53.2727,53.0852,52.8955,52.7034,52.5089,52.3120,52.1127,51.9108,51.7064,51.4993,51.2896,51.0771,50.8618,50.6437,50.4227,50.1986,49.9716,49.7414,49.5080,49.2713,49.0313,48.7879,48.5410,48.2904,48.0362,47.7782,47.5163,47.2504,46.9805,46.7063,46.4278,46.1449,45.8573,45.5651,45.2681,44.9661,44.6589,44.3464,44.0285,43.7049,43.3755,43.0400,42.6983,42.3501,41.9953,41.6366,41.2748,40.9097,40.5414,40.1697,39.7945,39.4158,39.0334,38.6472,38.2571,37.8630,37.4647,37.0622,36.6552,36.2437,35.8274,35.4063,34.9801,34.5486,34.1117,33.6691,33.2206,32.7659,32.3049,31.8372,31.3625,30.8805,30.3909,29.8933,29.3872,28.8722,28.3480,27.8138,27.2692,26.7134,26.1459,26.0723,25.9992,25.9265,25.8542,25.7824,25.7110,25.6401,25.5696,25.4995,25.4299,25.3608,25.2922,25.2240,25.1563,25.0891,25.0224,24.9562,24.8905,24.8253,24.7606,24.6964,24.6327,24.5696,24.5070,24.4450,24.3835,24.3225,24.2621,24.2023,24.1431,24.0844,24.0263,23.9688,23.9119,23.8556,23.7998,23.7447,23.6903,23.6364,23.5832,23.5306,23.4787,23.4274,23.3768,23.3268,23.2775,23.2289,23.1809,23.1337,23.0871,23.0413,22.9961,22.9517,22.9080,22.8650,22.8228,22.7813,22.7405,22.7005,22.6613,22.6228,22.5852,22.5483,22.5122,22.4769,22.4423,22.4087,22.3758,22.3437,22.3125,22.2821,22.2526,22.2239,22.1961,22.1692,22.1431,22.1179,22.0936,22.0702,22.0477,22.0262,22.0055,21.9858,21.9670,21.9491,21.9322,21.9162,21.9012,21.8872,21.8742,21.8621,21.8510,21.8410,21.8319,21.8239,21.8168,21.8108,21.8059,21.8020,21.7991,21.7973,21.7966,21.7970,21.7984,21.8010,21.8046,21.8093,21.8152,21.8222,21.8303,21.8396,21.8500,21.8615,21.8743,21.8882,21.9033,21.9196,21.9371,21.9558,21.9757,21.9968,22.0192,22.0429,22.0678,22.0939,22.1214,22.1501,22.1802,22.2115,22.2442,22.2781,22.3135,22.3502,22.3882,22.4277,22.4685,22.5107,22.5544,22.5994,22.6459,22.6939,22.7433,22.7943,22.8467,22.9006,22.9561,23.0131,23.0717,23.1318,23.1936,23.2570,23.3220,23.3886,23.4570,23.5270,23.5988,23.6722,23.7475,23.8245,23.9034,23.9841,24.0666,24.1510,24.2374,24.3257,24.4159,24.5082,24.6025,24.6989,24.7974,24.8980,25.0008,25.1059,25.2132,25.3228,25.4347,25.5491,25.6658,25.7851,25.9069,26.0313,26.1583,26.2881,26.4206,26.5559,26.6942,26.8354,26.9796,27.1270,27.2775,27.4314,27.5885,27.7491,27.9133,28.0811,28.2526,28.4280,28.6074,28.7908,28.9784,29.1704,29.3661,29.5632,29.7616,29.9614,30.1628,30.3657,30.5701,30.7763,30.9842,31.1939,31.4054,31.6189,31.8345,32.0521,32.2719,32.4940,32.7184,32.9453,33.1748,33.4069,33.6418,33.8796,34.1204,34.3643,34.6115,34.8621,35.1163,35.3743,35.6361,35.9020,36.1723,36.4470,36.7265,37.0109,37.3006,37.5957,37.8967,38.2038,38.5174,38.8379,39.1657,39.5012,39.8449,40.1975,40.5594,40.9315,41.3070,41.6752,42.0362,42.3902,42.7376,43.0786,43.4134,43.7421,44.0651,44.3824,44.6942,45.0008,45.3023,45.5988,45.8904,46.1774,46.4598,46.7378,47.0115,47.2810,47.5464,47.8079,48.0654,48.3192,48.5694,48.8159,48.5758,48.3258,48.0721,47.8146,47.5533,47.2880,47.0186,46.7450,46.4671,46.1848,45.8980,45.6064,45.3101,45.0088,44.7023,44.3906,44.0734,43.7506,43.4220,43.0874,42.7493,42.4091,42.0667,41.7220,41.3750,41.0256,40.6738,40.3195,39.9626,39.6111,39.2682,38.9334,38.6063,38.2864,37.9732,37.6664,37.3657,37.0708,36.7812,36.4968,36.2174,35.9426,35.6722,35.4061,35.1441,34.8859,34.6314,34.3804,34.1329,33.8885,33.6473,33.4090,33.1736,32.9410,32.7110,32.4835,32.2584,32.0357,31.8152,31.5968,31.3806,31.1663,30.9540,30.7435,30.5348,30.3278,30.1224,29.9186,29.7164,29.5156,29.3162,29.1209,28.9300,28.7434,28.5610,28.3826,28.2082,28.0376,27.8707,27.7074,27.5477,27.3913,27.2383,27.0886,26.9420,26.7985,26.6580,26.5205,26.3858,26.2540,26.1249,25.9985,25.8748,25.7536,25.6349,25.5187,25.4050,25.2936,25.1846,25.0778,24.9733,24.8711,24.7709,24.6730,24.5771,24.4833,24.3915,24.3017,24.2139,24.1280,24.0440,23.9619,23.8817,23.8033,23.7267,23.6519,23.5788,23.5075,23.4379,23.3700,23.3037,23.2391,23.1761,23.1148,23.0550,22.9968,22.9402,22.8851,22.8316,22.7795,22.7290,22.6799,22.6323,22.5862,22.5415,22.4982,22.4563,22.4159,22.3768,22.3391,22.3028,22.2678,22.2342,22.2019,22.1709,22.1412,22.1128,22.0857,22.0599,22.0354,22.0121,21.9901,21.9693,21.9497,21.9314,21.9142,21.8983,21.8836,21.8700,21.8576,21.8464,21.8364,21.8275,21.8197,21.8131,21.8076,21.8032,21.8000,21.7978,21.7967,21.7968,21.7978,21.8000,21.8032,21.8075,21.8129,21.8192,21.8266,21.8350,21.8445,21.8549,21.8664,21.8788,21.8923,21.9067,21.9221,21.9384,21.9557,21.9740,21.9932,22.0133,22.0344,22.0564,22.0793,22.1031,22.1278,22.1534,22.1799,22.2072,22.2354,22.2645,22.2945,22.3253,22.3569,22.3894,22.4227,22.4568,22.4917,22.4191,22.2662,22.1117,21.9557,21.7979,21.6385,21.4774,21.3144,21.1496,20.9828,20.8142,20.6434,20.4706,20.2957,20.1185,19.9390,19.7571,19.5728,19.3860,19.1965,19.0043,18.8094,18.6115,18.4106,18.2066,17.9993,17.7886,17.5745,17.3567,17.1350,16.9094,16.6797,16.4456,16.2070,15.9636,15.7153,15.4617,15.2025,14.9376,14.6665,14.3888,14.1043,13.8123,13.5125,13.2043,12.8870,12.5600,12.2224,11.8734,11.5119,11.1366,10.7460,10.3385,9.9119,9.4636,8.9903,8.4878,7.9506,7.3710,6.7382,6.0352,5.2340,4.2795,3.0304,0.0000\right]
v_{final}=\left[0.0000,6.0237,8.5188,10.4333,12.0474,13.4694,14.7550,15.9372,17.0376,18.0711,19.0486,19.9783,20.8667,21.7187,22.5386,23.3296,24.0947,24.8363,25.5563,26.2566,26.9387,27.6040,28.2536,28.8886,29.5099,30.1184,30.7149,31.3000,31.8743,32.4385,32.9931,33.5385,34.0751,34.6034,35.1238,35.6343,36.1311,36.6152,37.0870,37.5472,37.9965,38.4352,38.8638,39.2829,39.6928,40.0939,40.4866,40.8712,41.2480,41.6173,41.9794,42.3345,42.6830,43.0249,43.3607,43.6904,44.0142,44.3324,44.6451,44.9525,45.2548,45.5520,45.8445,46.1322,46.4153,46.6940,46.9684,47.2385,47.5046,47.7667,48.0248,48.2792,48.5299,48.7770,49.0206,49.2607,49.4975,49.7311,49.9614,50.1886,50.4128,50.6339,50.8522,51.0676,51.2802,51.4900,51.6972,51.9017,52.1037,52.3032,52.5002,52.6948,52.8870,53.0768,53.2644,53.4498,53.6329,53.8139,53.9928,54.1696,54.3444,54.5172,54.6880,54.8568,55.0238,55.1889,55.3521,55.5136,55.6733,55.8312,55.9874,56.1420,56.2948,56.4461,56.5957,56.7437,56.8902,57.0352,57.1786,57.3206,57.4611,57.6002,57.7378,57.8741,58.0089,58.1424,58.0149,57.8801,57.7439,57.6063,57.4673,57.3269,57.1850,57.0416,56.8967,56.7503,56.6023,56.4528,56.3016,56.1488,55.9944,55.8382,55.6803,55.5207,55.3594,55.1962,55.0312,54.8643,54.6955,54.5248,54.3521,54.1775,54.0008,53.8220,53.6411,53.4580,53.2727,53.0852,52.8955,52.7034,52.5089,52.3120,52.1127,51.9108,51.7064,51.4993,51.2896,51.0771,50.8618,50.6437,50.4227,50.1986,49.9716,49.7414,49.5080,49.2713,49.0313,48.7879,48.5410,48.2904,48.0362,47.7782,47.5163,47.2504,46.9805,46.7063,46.4278,46.1449,45.8573,45.5651,45.2681,44.9661,44.6589,44.3464,44.0285,43.7049,43.3755,43.0400,42.6983,42.3501,41.9953,41.6366,41.2748,40.9097,40.5414,40.1697,39.7945,39.4158,39.0334,38.6472,38.2571,37.8630,37.4647,37.0622,36.6552,36.2437,35.8274,35.4063,34.9801,34.5486,34.1117,33.6691,33.2206,32.7659,32.3049,31.8372,31.3625,30.8805,30.3909,29.8933,29.3872,28.8722,28.3480,27.8138,27.2692,26.7134,26.1459,26.0723,25.9992,25.9265,25.8542,25.7824,25.7110,25.6401,25.5696,25.4995,25.4299,25.3608,25.2922,25.2240,25.1563,25.0891,25.0224,24.9562,24.8905,24.8253,24.7606,24.6964,24.6327,24.5696,24.5070,24.4450,24.3835,24.3225,24.2621,24.2023,24.1431,24.0844,24.0263,23.9688,23.9119,23.8556,23.7998,23.7447,23.6903,23.6364,23.5832,23.5306,23.4787,23.4274,23.3768,23.3268,23.2775,23.2289,23.1809,23.1337,23.0871,23.0413,22.9961,22.9517,22.9080,22.8650,22.8228,22.7813,22.7405,22.7005,22.6613,22.6228,22.5852,22.5483,22.5122,22.4769,22.4423,22.4087,22.3758,22.3437,22.3125,22.2821,22.2526,22.2239,22.1961,22.1692,22.1431,22.1179,22.0936,22.0702,22.0477,22.0262,22.0055,21.9858,21.9670,21.9491,21.9322,21.9162,21.9012,21.8872,21.8742,21.8621,21.8510,21.8410,21.8319,21.8239,21.8168,21.8108,21.8059,21.8020,21.7991,21.7973,21.7966,21.7970,21.7984,21.8010,21.8046,21.8093,21.8152,21.8222,21.8303,21.8396,21.8500,21.8615,21.8743,21.8882,21.9033,21.9196,21.9371,21.9558,21.9757,21.9968,22.0192,22.0429,22.0678,22.0939,22.1214,22.1501,22.1802,22.2115,22.2442,22.2781,22.3135,22.3502,22.3882,22.4277,22.4685,22.5107,22.5544,22.5994,22.6459,22.6939,22.7433,22.7943,22.8467,22.9006,22.9561,23.0131,23.0717,23.1318,23.1936,23.2570,23.3220,23.3886,23.4570,23.5270,23.5988,23.6722,23.7475,23.8245,23.9034,23.9841,24.0666,24.1510,24.2374,24.3257,24.4159,24.5082,24.6025,24.6989,24.7974,24.8980,25.0008,25.1059,25.2132,25.3228,25.4347,25.5491,25.6658,25.7851,25.9069,26.0313,26.1583,26.2881,26.4206,26.5559,26.6942,26.8354,26.9796,27.1270,27.2775,27.4314,27.5885,27.7491,27.9133,28.0811,28.2526,28.4280,28.6074,28.7908,28.9784,29.1704,29.3661,29.5632,29.7616,29.9614,30.1628,30.3657,30.5701,30.7763,30.9842,31.1939,31.4054,31.6189,31.8345,32.0521,32.2719,32.4940,32.7184,32.9453,33.1748,33.4069,33.6418,33.8796,34.1204,34.3643,34.6115,34.8621,35.1163,35.3743,35.6361,35.9020,36.1723,36.4470,36.7265,37.0109,37.3006,37.5957,37.8967,38.2038,38.5174,38.8379,39.1657,39.5012,39.8449,40.1975,40.5594,40.9315,41.3070,41.6752,42.0362,42.3902,42.7376,43.0786,43.4134,43.7421,44.0651,44.3824,44.6942,45.0008,45.3023,45.5988,45.8904,46.1774,46.4598,46.7378,47.0115,47.2810,47.5464,47.8079,48.0654,48.3192,48.5694,48.8159,48.5758,48.3258,48.0721,47.8146,47.5533,47.2880,47.0186,46.7450,46.4671,46.1848,45.8980,45.6064,45.3101,45.0088,44.7023,44.3906,44.0734,43.7506,43.4220,43.0874,42.7493,42.4091,42.0667,41.7220,41.3750,41.0256,40.6738,40.3195,39.9626,39.6111,39.2682,38.9334,38.6063,38.2864,37.9732,37.6664,37.3657,37.0708,36.7812,36.4968,36.2174,35.9426,35.6722,35.4061,35.1441,34.8859,34.6314,34.3804,34.1329,33.8885,33.6473,33.4090,33.1736,32.9410,32.7110,32.4835,32.2584,32.0357,31.8152,31.5968,31.3806,31.1663,30.9540,30.7435,30.5348,30.3278,30.1224,29.9186,29.7164,29.5156,29.3162,29.1209,28.9300,28.7434,28.5610,28.3826,28.2082,28.0376,27.8707,27.7074,27.5477,27.3913,27.2383,27.0886,26.9420,26.7985,26.6580,26.5205,26.3858,26.2540,26.1249,25.9985,25.8748,25.7536,25.6349,25.5187,25.4050,25.2936,25.1846,25.0778,24.9733,24.8711,24.7709,24.6730,24.5771,24.4833,24.3915,24.3017,24.2139,24.1280,24.0440,23.9619,23.8817,23.8033,23.7267,23.6519,23.5788,23.5075,23.4379,23.3700,23.3037,23.2391,23.1761,23.1148,23.0550,22.9968,22.9402,22.8851,22.8316,22.7795,22.7290,22.6799,22.6323,22.5862,22.5415,22.4982,22.4563,22.4159,22.3768,22.3391,22.3028,22.2678,22.2342,22.2019,22.1709,22.1412,22.1128,22.0857,22.0599,22.0354,22.0121,21.9901,21.9693,21.9497,21.9314,21.9142,21.8983,21.8836,21.8700,21.8576,21.8464,21.8364,21.8275,21.8197,21.8131,21.8076,21.8032,21.8000,21.7978,21.7967,21.7968,21.7978,21.8000,21.8032,21.8075,21.8129,21.8192,21.8266,21.8350,21.8445,21.8549,21.8664,21.8788,21.8923,21.9067,21.9221,21.9384,21.9557,21.9740,21.9932,22.0133,22.0344,22.0564,22.0793,22.1031,22.1278,22.1534,22.1799,22.2072,22.2354,22.2645,22.2945,22.3253,22.3569,22.3894,22.4227,22.4568,22.4917,22.4191,22.2662,22.1117,21.9557,21.7979,21.6385,21.4774,21.3144,21.1496,20.9828,20.8142,20.6434,20.4706,20.2957,20.1185,19.9390,19.7571,19.5728,19.3860,19.1965,19.0043,18.8094,18.6115,18.4106,18.2066,17.9993,17.7886,17.5745,17.3567,17.1350,16.9094,16.6797,16.4456,16.2070,15.9636,15.7153,15.4617,15.2025,14.9376,14.6665,14.3888,14.1043,13.8123,13.5125,13.2043,12.8870,12.5600,12.2224,11.8734,11.5119,11.1366,10.7460,10.3385,9.9119,9.4636,8.9903,8.4878,7.9506,7.3710,6.7382,6.0352,5.2340,4.2795,3.0304,0.0000\right]
l_{times}=\left[0.0000,0.0332,0.0470,0.0575,0.0664,0.0742,0.0813,0.0878,0.0939,0.0996,0.1050,0.1101,0.1150,0.1197,0.1242,0.1286,0.1328,0.1369,0.1409,0.1447,0.1485,0.1522,0.1557,0.1592,0.1627,0.1660,0.1693,0.1725,0.1757,0.1788,0.1819,0.1849,0.1878,0.1907,0.1936,0.1964,0.1992,0.2020,0.2047,0.2074,0.2100,0.2126,0.2152,0.2178,0.2203,0.2228,0.2253,0.2277,0.2302,0.2326,0.2350,0.2374,0.2397,0.2420,0.2444,0.2467,0.2489,0.2512,0.2535,0.2557,0.2579,0.2601,0.2623,0.2645,0.2666,0.2688,0.2709,0.2730,0.2751,0.2772,0.2793,0.2814,0.2835,0.2855,0.2876,0.2896,0.2916,0.2936,0.2957,0.2977,0.2996,0.3016,0.3036,0.3056,0.3075,0.3095,0.3114,0.3133,0.3152,0.3172,0.3191,0.3210,0.3229,0.3248,0.3266,0.3285,0.3304,0.3322,0.3341,0.3359,0.3378,0.3396,0.3415,0.3433,0.3451,0.3469,0.3487,0.3505,0.3523,0.3541,0.3559,0.3577,0.3595,0.3612,0.3630,0.3648,0.3665,0.3683,0.3700,0.3718,0.3735,0.3753,0.3770,0.3787,0.3805,0.3822,0.3839,0.3856,0.3874,0.3891,0.3908,0.3926,0.3943,0.3961,0.3978,0.3996,0.4014,0.4031,0.4049,0.4067,0.4085,0.4102,0.4120,0.4138,0.4156,0.4174,0.4193,0.4211,0.4229,0.4247,0.4266,0.4284,0.4303,0.4321,0.4340,0.4359,0.4377,0.4396,0.4415,0.4434,0.4453,0.4472,0.4491,0.4510,0.4530,0.4549,0.4568,0.4588,0.4608,0.4627,0.4647,0.4667,0.4687,0.4707,0.4727,0.4747,0.4768,0.4788,0.4809,0.4829,0.4850,0.4871,0.4892,0.4913,0.4934,0.4956,0.4977,0.4999,0.5021,0.5042,0.5064,0.5087,0.5109,0.5131,0.5154,0.5177,0.5200,0.5223,0.5246,0.5270,0.5293,0.5317,0.5342,0.5366,0.5390,0.5415,0.5440,0.5465,0.5491,0.5517,0.5543,0.5569,0.5596,0.5622,0.5649,0.5677,0.5705,0.5733,0.5761,0.5790,0.5819,0.5849,0.5878,0.5909,0.5940,0.5971,0.6002,0.6034,0.6067,0.6100,0.6134,0.6168,0.6203,0.6239,0.6275,0.6312,0.6350,0.6388,0.6427,0.6465,0.6504,0.6543,0.6582,0.6620,0.6660,0.6699,0.6738,0.6777,0.6817,0.6856,0.6896,0.6936,0.6976,0.7016,0.7056,0.7096,0.7137,0.7177,0.7218,0.7258,0.7299,0.7340,0.7381,0.7422,0.7463,0.7504,0.7546,0.7587,0.7629,0.7670,0.7712,0.7754,0.7796,0.7838,0.7880,0.7922,0.7965,0.8007,0.8050,0.8092,0.8135,0.8178,0.8221,0.8264,0.8307,0.8350,0.8393,0.8437,0.8480,0.8524,0.8567,0.8611,0.8655,0.8699,0.8743,0.8787,0.8831,0.8875,0.8919,0.8963,0.9008,0.9052,0.9097,0.9141,0.9186,0.9231,0.9276,0.9320,0.9365,0.9410,0.9455,0.9500,0.9546,0.9591,0.9636,0.9681,0.9727,0.9772,0.9817,0.9863,0.9908,0.9954,0.9999,1.0045,1.0091,1.0136,1.0182,1.0228,1.0274,1.0319,1.0365,1.0411,1.0457,1.0503,1.0548,1.0594,1.0640,1.0686,1.0732,1.0778,1.0824,1.0870,1.0915,1.0961,1.1007,1.1053,1.1099,1.1145,1.1190,1.1236,1.1282,1.1328,1.1373,1.1419,1.1464,1.1510,1.1556,1.1601,1.1647,1.1692,1.1737,1.1783,1.1828,1.1873,1.1918,1.1963,1.2008,1.2053,1.2098,1.2143,1.2187,1.2232,1.2277,1.2321,1.2365,1.2410,1.2454,1.2498,1.2542,1.2586,1.2630,1.2673,1.2717,1.2761,1.2804,1.2847,1.2890,1.2933,1.2976,1.3019,1.3062,1.3104,1.3147,1.3189,1.3231,1.3273,1.3315,1.3357,1.3399,1.3440,1.3482,1.3523,1.3564,1.3605,1.3645,1.3686,1.3726,1.3767,1.3807,1.3847,1.3886,1.3926,1.3965,1.4005,1.4044,1.4082,1.4121,1.4160,1.4198,1.4236,1.4274,1.4312,1.4349,1.4387,1.4424,1.4461,1.4498,1.4534,1.4571,1.4607,1.4643,1.4678,1.4714,1.4749,1.4784,1.4819,1.4854,1.4888,1.4922,1.4956,1.4990,1.5023,1.5057,1.5090,1.5122,1.5155,1.5187,1.5220,1.5252,1.5283,1.5315,1.5346,1.5377,1.5408,1.5439,1.5469,1.5499,1.5530,1.5559,1.5589,1.5618,1.5648,1.5677,1.5705,1.5734,1.5762,1.5790,1.5818,1.5846,1.5874,1.5901,1.5928,1.5955,1.5982,1.6008,1.6035,1.6061,1.6087,1.6112,1.6138,1.6163,1.6188,1.6213,1.6237,1.6261,1.6286,1.6309,1.6333,1.6357,1.6380,1.6403,1.6426,1.6449,1.6471,1.6494,1.6516,1.6538,1.6560,1.6582,1.6604,1.6625,1.6647,1.6668,1.6689,1.6711,1.6731,1.6752,1.6773,1.6794,1.6814,1.6835,1.6855,1.6876,1.6897,1.6918,1.6939,1.6960,1.6982,1.7003,1.7025,1.7046,1.7068,1.7090,1.7112,1.7135,1.7157,1.7180,1.7203,1.7225,1.7249,1.7272,1.7295,1.7319,1.7343,1.7367,1.7391,1.7416,1.7440,1.7465,1.7490,1.7516,1.7541,1.7567,1.7593,1.7619,1.7646,1.7673,1.7699,1.7726,1.7754,1.7781,1.7809,1.7837,1.7865,1.7893,1.7922,1.7951,1.7980,1.8009,1.8038,1.8068,1.8098,1.8128,1.8158,1.8189,1.8219,1.8250,1.8281,1.8313,1.8344,1.8376,1.8408,1.8440,1.8472,1.8505,1.8538,1.8571,1.8604,1.8638,1.8672,1.8706,1.8740,1.8774,1.8809,1.8844,1.8879,1.8914,1.8950,1.8986,1.9022,1.9058,1.9094,1.9131,1.9168,1.9205,1.9242,1.9279,1.9317,1.9355,1.9393,1.9431,1.9469,1.9508,1.9547,1.9585,1.9625,1.9664,1.9703,1.9743,1.9783,1.9823,1.9863,1.9903,1.9944,1.9984,2.0025,2.0066,2.0107,2.0148,2.0190,2.0231,2.0273,2.0314,2.0356,2.0399,2.0441,2.0483,2.0526,2.0568,2.0611,2.0654,2.0697,2.0740,2.0783,2.0826,2.0870,2.0913,2.0957,2.1001,2.1045,2.1088,2.1133,2.1177,2.1221,2.1265,2.1310,2.1354,2.1399,2.1443,2.1488,2.1533,2.1578,2.1623,2.1668,2.1713,2.1758,2.1803,2.1848,2.1894,2.1939,2.1984,2.2030,2.2075,2.2121,2.2166,2.2212,2.2258,2.2303,2.2349,2.2395,2.2441,2.2486,2.2532,2.2578,2.2624,2.2670,2.2716,2.2761,2.2807,2.2853,2.2899,2.2945,2.2991,2.3037,2.3083,2.3128,2.3174,2.3220,2.3266,2.3312,2.3357,2.3403,2.3449,2.3495,2.3540,2.3586,2.3631,2.3677,2.3723,2.3768,2.3813,2.3859,2.3904,2.3950,2.3995,2.4040,2.4085,2.4130,2.4175,2.4220,2.4265,2.4310,2.4355,2.4400,2.4445,2.4489,2.4534,2.4578,2.4623,2.4667,2.4713,2.4758,2.4804,2.4850,2.4896,2.4943,2.4990,2.5037,2.5085,2.5133,2.5182,2.5231,2.5281,2.5331,2.5381,2.5432,2.5483,2.5535,2.5587,2.5640,2.5694,2.5748,2.5802,2.5858,2.5913,2.5970,2.6027,2.6085,2.6144,2.6204,2.6264,2.6325,2.6387,2.6450,2.6515,2.6580,2.6646,2.6714,2.6783,2.6853,2.6924,2.6998,2.7072,2.7149,2.7228,2.7308,2.7391,2.7477,2.7565,2.7657,2.7752,2.7850,2.7954,2.8062,2.8176,2.8298,2.8429,2.8570,2.8727,2.8904,2.9115,2.9388,3.0048,\right]
l_{points}=\left[\left(-23.6000,0.0000\right),\left(-23.5000,0.0000\right),\left(-23.4000,0.0000\right),\left(-23.3000,0.0000\right),\left(-23.2000,0.0000\right),\left(-23.1000,0.0000\right),\left(-23.0000,0.0000\right),\left(-22.9000,0.0000\right),\left(-22.8000,0.0000\right),\left(-22.7000,0.0000\right),\left(-22.6000,0.0000\right),\left(-22.5000,0.0000\right),\left(-22.4000,0.0000\right),\left(-22.3000,0.0000\right),\left(-22.2000,0.0000\right),\left(-22.1000,0.0000\right),\left(-22.0000,0.0000\right),\left(-21.9000,0.0000\right),\left(-21.8000,0.0000\right),\left(-21.7000,0.0000\right),\left(-21.6000,0.0000\right),\left(-21.5000,0.0000\right),\left(-21.4000,0.0000\right),\left(-21.3000,0.0000\right),\left(-21.2000,0.0000\right),\left(-21.1000,0.0000\right),\left(-21.0000,0.0000\right),\left(-20.9000,0.0000\right),\left(-20.8000,0.0000\right),\left(-20.7000,0.0000\right),\left(-20.6000,0.0000\right),\left(-20.5000,0.0000\right),\left(-20.4000,0.0000\right),\left(-20.3000,0.0000\right),\left(-20.2000,0.0000\right),\left(-20.1000,0.0000\right),\left(-20.0000,0.0000\right),\left(-19.9000,0.0000\right),\left(-19.8000,0.0000\right),\left(-19.7000,0.0000\right),\left(-19.6000,0.0000\right),\left(-19.5000,0.0000\right),\left(-19.4000,0.0000\right),\left(-19.3000,0.0000\right),\left(-19.2000,0.0000\right),\left(-19.1000,0.0000\right),\left(-19.0000,0.0000\right),\left(-18.9000,0.0000\right),\left(-18.8000,0.0000\right),\left(-18.7000,0.0000\right),\left(-18.6000,0.0000\right),\left(-18.5000,0.0000\right),\left(-18.4000,0.0000\right),\left(-18.3000,0.0000\right),\left(-18.2000,0.0000\right),\left(-18.1000,0.0000\right),\left(-18.0000,0.0000\right),\left(-17.9000,0.0000\right),\left(-17.8000,0.0000\right),\left(-17.7000,0.0000\right),\left(-17.6000,0.0000\right),\left(-17.5000,0.0000\right),\left(-17.4000,0.0000\right),\left(-17.3000,0.0000\right),\left(-17.2000,0.0000\right),\left(-17.1000,0.0000\right),\left(-17.0000,0.0000\right),\left(-16.9000,0.0000\right),\left(-16.8000,0.0000\right),\left(-16.7000,0.0000\right),\left(-16.6000,0.0000\right),\left(-16.5000,0.0000\right),\left(-16.4000,0.0000\right),\left(-16.3000,0.0000\right),\left(-16.2000,0.0000\right),\left(-16.1000,0.0000\right),\left(-16.0000,0.0000\right),\left(-15.9000,0.0000\right),\left(-15.8000,0.0000\right),\left(-15.7000,0.0000\right),\left(-15.6000,0.0000\right),\left(-15.5000,0.0000\right),\left(-15.4000,0.0000\right),\left(-15.3000,0.0000\right),\left(-15.2000,0.0000\right),\left(-15.1000,0.0000\right),\left(-15.0000,0.0000\right),\left(-14.9000,0.0000\right),\left(-14.8000,0.0000\right),\left(-14.7000,0.0000\right),\left(-14.6000,0.0000\right),\left(-14.5000,0.0000\right),\left(-14.4000,0.0000\right),\left(-14.3000,0.0000\right),\left(-14.2000,0.0000\right),\left(-14.1000,0.0000\right),\left(-14.0000,0.0000\right),\left(-13.9000,0.0000\right),\left(-13.8000,0.0000\right),\left(-13.7000,0.0000\right),\left(-13.6000,0.0000\right),\left(-13.5000,0.0000\right),\left(-13.4000,0.0000\right),\left(-13.3000,0.0000\right),\left(-13.2000,0.0000\right),\left(-13.1000,0.0000\right),\left(-13.0000,0.0000\right),\left(-12.9000,0.0000\right),\left(-12.8000,0.0000\right),\left(-12.7000,0.0000\right),\left(-12.6000,0.0000\right),\left(-12.5000,0.0000\right),\left(-12.4000,0.0000\right),\left(-12.3000,0.0000\right),\left(-12.2000,0.0000\right),\left(-12.1000,0.0000\right),\left(-12.0000,0.0000\right),\left(-11.9000,0.0000\right),\left(-11.8000,0.0000\right),\left(-11.7000,0.0000\right),\left(-11.6000,0.0000\right),\left(-11.5000,0.0000\right),\left(-11.4000,0.0000\right),\left(-11.3000,0.0000\right),\left(-11.2000,0.0000\right),\left(-11.1000,0.0000\right),\left(-11.0000,0.0000\right),\left(-10.9000,0.0000\right),\left(-10.8000,0.0000\right),\left(-10.7000,0.0000\right),\left(-10.6000,0.0000\right),\left(-10.5000,0.0000\right),\left(-10.4000,0.0000\right),\left(-10.3000,0.0000\right),\left(-10.2000,0.0000\right),\left(-10.1000,0.0000\right),\left(-10.0000,0.0000\right),\left(-9.9000,0.0000\right),\left(-9.8000,0.0000\right),\left(-9.7000,0.0000\right),\left(-9.6000,0.0000\right),\left(-9.5000,0.0000\right),\left(-9.4000,0.0000\right),\left(-9.3000,0.0000\right),\left(-9.2000,0.0000\right),\left(-9.1000,0.0000\right),\left(-9.0000,0.0000\right),\left(-8.9000,0.0000\right),\left(-8.8000,0.0000\right),\left(-8.7000,0.0000\right),\left(-8.6000,0.0000\right),\left(-8.5000,0.0000\right),\left(-8.4000,0.0000\right),\left(-8.3000,0.0000\right),\left(-8.2000,0.0000\right),\left(-8.1000,0.0000\right),\left(-8.0000,0.0000\right),\left(-7.9000,0.0000\right),\left(-7.8000,0.0000\right),\left(-7.7000,0.0000\right),\left(-7.6000,0.0000\right),\left(-7.5000,0.0000\right),\left(-7.4000,0.0000\right),\left(-7.3000,0.0000\right),\left(-7.2000,0.0000\right),\left(-7.1000,0.0000\right),\left(-7.0000,0.0000\right),\left(-6.9000,0.0000\right),\left(-6.8000,0.0000\right),\left(-6.7000,0.0000\right),\left(-6.6000,0.0000\right),\left(-6.5000,0.0000\right),\left(-6.4000,0.0000\right),\left(-6.3000,0.0000\right),\left(-6.2000,0.0000\right),\left(-6.1000,0.0000\right),\left(-6.0000,0.0000\right),\left(-5.9000,0.0000\right),\left(-5.8000,0.0000\right),\left(-5.7000,0.0000\right),\left(-5.6000,0.0000\right),\left(-5.5000,0.0000\right),\left(-5.4000,0.0000\right),\left(-5.3000,0.0000\right),\left(-5.2000,0.0000\right),\left(-5.1000,0.0000\right),\left(-5.0000,0.0000\right),\left(-4.9000,0.0000\right),\left(-4.8000,0.0000\right),\left(-4.7000,0.0000\right),\left(-4.6000,0.0000\right),\left(-4.5000,0.0000\right),\left(-4.4000,0.0000\right),\left(-4.3000,0.0000\right),\left(-4.2000,0.0000\right),\left(-4.1000,0.0000\right),\left(-4.0000,0.0000\right),\left(-3.9000,0.0000\right),\left(-3.8000,0.0000\right),\left(-3.7000,0.0000\right),\left(-3.6000,0.0000\right),\left(-3.5000,0.0000\right),\left(-3.4000,0.0000\right),\left(-3.3000,0.0000\right),\left(-3.2000,0.0000\right),\left(-3.1000,0.0000\right),\left(-3.0000,0.0000\right),\left(-2.9000,0.0000\right),\left(-2.8000,0.0000\right),\left(-2.7000,0.0000\right),\left(-2.6000,0.0000\right),\left(-2.5000,0.0000\right),\left(-2.4000,0.0000\right),\left(-2.3000,0.0000\right),\left(-2.2000,0.0000\right),\left(-2.1000,0.0000\right),\left(-2.0000,0.0000\right),\left(-1.9000,0.0000\right),\left(-1.8000,0.0000\right),\left(-1.7000,0.0000\right),\left(-1.6000,0.0000\right),\left(-1.5000,0.0000\right),\left(-1.4000,0.0000\right),\left(-1.3000,0.0000\right),\left(-1.2000,0.0000\right),\left(-1.1000,0.0000\right),\left(-1.0000,0.0000\right),\left(-0.9000,0.0000\right),\left(-0.8000,0.0000\right),\left(-0.7000,0.0000\right),\left(-0.6000,0.0000\right),\left(-0.5000,0.0000\right),\left(-0.4000,0.0000\right),\left(-0.3000,0.0000\right),\left(-0.2000,0.0000\right),\left(-0.1000,0.0000\right),\left(0.0001,0.0000\right),\left(0.0999,0.0001\right),\left(0.1998,0.0006\right),\left(0.2997,0.0013\right),\left(0.3995,0.0023\right),\left(0.4994,0.0036\right),\left(0.5992,0.0051\right),\left(0.6991,0.0070\right),\left(0.7989,0.0092\right),\left(0.8987,0.0116\right),\left(0.9986,0.0144\right),\left(1.0984,0.0174\right),\left(1.1982,0.0207\right),\left(1.2980,0.0244\right),\left(1.3977,0.0283\right),\left(1.4975,0.0326\right),\left(1.5973,0.0371\right),\left(1.6970,0.0420\right),\left(1.7967,0.0472\right),\left(1.8964,0.0527\right),\left(1.9961,0.0585\right),\left(2.0958,0.0646\right),\left(2.1955,0.0710\right),\left(2.2951,0.0777\right),\left(2.3947,0.0848\right),\left(2.4943,0.0922\right),\left(2.5939,0.0999\right),\left(2.6934,0.1079\right),\left(2.7929,0.1163\right),\left(2.8924,0.1249\right),\left(2.9919,0.1339\right),\left(3.0913,0.1433\right),\left(3.1907,0.1529\right),\left(3.2900,0.1629\right),\left(3.3894,0.1733\right),\left(3.4887,0.1839\right),\left(3.5879,0.1949\right),\left(3.6871,0.2063\right),\left(3.7863,0.2179\right),\left(3.8854,0.2299\right),\left(3.9845,0.2423\right),\left(4.0836,0.2550\right),\left(4.1826,0.2681\right),\left(4.2816,0.2814\right),\left(4.3805,0.2952\right),\left(4.4794,0.3093\right),\left(4.5782,0.3237\right),\left(4.6769,0.3385\right),\left(4.7757,0.3537\right),\left(4.8743,0.3692\right),\left(4.9729,0.3850\right),\left(5.0715,0.4012\right),\left(5.1699,0.4178\right),\left(5.2684,0.4347\right),\left(5.3667,0.4520\right),\left(5.4650,0.4697\right),\left(5.5633,0.4877\right),\left(5.6614,0.5061\right),\left(5.7595,0.5248\right),\left(5.8576,0.5439\right),\left(5.9555,0.5634\right),\left(6.0534,0.5832\right),\left(6.1512,0.6034\right),\left(6.2490,0.6240\right),\left(6.3466,0.6450\right),\left(6.4442,0.6663\right),\left(6.5417,0.6880\right),\left(6.6391,0.7101\right),\left(6.7364,0.7325\right),\left(6.8337,0.7553\right),\left(6.9308,0.7785\right),\left(7.0279,0.8021\right),\left(7.1248,0.8260\right),\left(7.2217,0.8504\right),\left(7.3185,0.8751\right),\left(7.4152,0.9002\right),\left(7.5118,0.9256\right),\left(7.6083,0.9515\right),\left(7.7046,0.9777\right),\left(7.8009,1.0043\right),\left(7.8971,1.0313\right),\left(7.9932,1.0586\right),\left(8.0891,1.0864\right),\left(8.1850,1.1145\right),\left(8.2807,1.1430\right),\left(8.3763,1.1719\right),\left(8.4718,1.2012\right),\left(8.5672,1.2309\right),\left(8.6625,1.2609\right),\left(8.7576,1.2913\right),\left(8.8527,1.3221\right),\left(8.9476,1.3533\right),\left(9.0423,1.3849\right),\left(9.1370,1.4169\right),\left(9.2315,1.4492\right),\left(9.3259,1.4819\right),\left(9.4202,1.5151\right),\left(9.5143,1.5485\right),\left(9.6083,1.5824\right),\left(9.7021,1.6167\right),\left(9.7958,1.6513\right),\left(9.8894,1.6863\right),\left(9.9828,1.7217\right),\left(10.0761,1.7575\right),\left(10.1692,1.7936\right),\left(10.2622,1.8302\right),\left(10.3551,1.8671\right),\left(10.4478,1.9044\right),\left(10.5403,1.9420\right),\left(10.6327,1.9801\right),\left(10.7250,2.0185\right),\left(10.8170,2.0573\right),\left(10.9090,2.0964\right),\left(11.0007,2.1360\right),\left(11.0923,2.1759\right),\left(11.1838,2.2161\right),\left(11.2751,2.2568\right),\left(11.3662,2.2978\right),\left(11.4572,2.3391\right),\left(11.5480,2.3809\right),\left(11.6386,2.4230\right),\left(11.7290,2.4654\right),\left(11.8193,2.5083\right),\left(11.9094,2.5514\right),\left(11.9994,2.5950\right),\left(12.0892,2.6389\right),\left(12.1788,2.6831\right),\left(12.2682,2.7277\right),\left(12.3574,2.7727\right),\left(12.4465,2.8180\right),\left(12.5354,2.8637\right),\left(12.6241,2.9097\right),\left(12.7127,2.9560\right),\left(12.8010,3.0027\right),\left(12.8892,3.0497\right),\left(12.9772,3.0971\right),\left(13.0650,3.1448\right),\left(13.1527,3.1929\right),\left(13.2401,3.2412\right),\left(13.3274,3.2900\right),\left(13.4145,3.3390\right),\left(13.5014,3.3884\right),\left(13.5881,3.4381\right),\left(13.6747,3.4881\right),\left(13.7610,3.5384\right),\left(13.8472,3.5891\right),\left(13.9331,3.6401\right),\left(14.0189,3.6914\right),\left(14.1045,3.7430\right),\left(14.1899,3.7949\right),\left(14.2752,3.8471\right),\left(14.3602,3.8996\right),\left(14.4451,3.9525\right),\left(14.5297,4.0056\right),\left(14.6142,4.0590\right),\left(14.6985,4.1128\right),\left(14.7826,4.1668\right),\left(14.8665,4.2211\right),\left(14.9503,4.2757\right),\left(15.0338,4.3306\right),\left(15.1172,4.3858\right),\left(15.2003,4.4412\right),\left(15.2833,4.4970\right),\left(15.3661,4.5530\right),\left(15.4487,4.6093\right),\left(15.5312,4.6658\right),\left(15.6134,4.7227\right),\left(15.6955,4.7798\right),\left(15.7773,4.8371\right),\left(15.8590,4.8947\right),\left(15.9406,4.9526\right),\left(16.0219,5.0108\right),\left(16.1030,5.0691\right),\left(16.1840,5.1278\right),\left(16.2648,5.1867\right),\left(16.3454,5.2458\right),\left(16.4259,5.3052\right),\left(16.5061,5.3648\right),\left(16.5862,5.4247\right),\left(16.6661,5.4847\right),\left(16.7458,5.5451\right),\left(16.8254,5.6056\right),\left(16.9048,5.6664\right),\left(16.9840,5.7274\right),\left(17.0630,5.7886\right),\left(17.1419,5.8501\right),\left(17.2206,5.9117\right),\left(17.2992,5.9736\right),\left(17.3775,6.0357\right),\left(17.4558,6.0980\right),\left(17.5338,6.1605\right),\left(17.6117,6.2232\right),\left(17.6894,6.2860\right),\left(17.7670,6.3491\right),\left(17.8444,6.4124\right),\left(17.9216,6.4759\right),\left(17.9987,6.5396\right),\left(18.0757,6.6034\right),\left(18.1525,6.6675\right),\left(18.2291,6.7317\right),\left(18.3056,6.7961\right),\left(18.3819,6.8607\right),\left(18.4581,6.9254\right),\left(18.5342,6.9904\right),\left(18.6101,7.0554\right),\left(18.6858,7.1207\right),\left(18.7615,7.1861\right),\left(18.8370,7.2517\right),\left(18.9123,7.3174\right),\left(18.9875,7.3833\right),\left(19.0626,7.4494\right),\left(19.1375,7.5156\right),\left(19.2124,7.5819\right),\left(19.2871,7.6484\right),\left(19.3616,7.7150\right),\left(19.4361,7.7818\right),\left(19.5104,7.8487\right),\left(19.5846,7.9157\right),\left(19.6587,7.9829\right),\left(19.7326,8.0502\right),\left(19.8065,8.1176\right),\left(19.8802,8.1852\right),\left(19.9538,8.2528\right),\left(20.0273,8.3206\right),\left(20.1007,8.3885\right),\left(20.1740,8.4565\right),\left(20.2472,8.5247\right),\left(20.3203,8.5929\right),\left(20.3933,8.6613\right),\left(20.4662,8.7297\right),\left(20.5390,8.7983\right),\left(20.6117,8.8669\right),\left(20.6843,8.9357\right),\left(20.7568,9.0045\right),\left(20.8293,9.0735\right),\left(20.9016,9.1425\right),\left(20.9739,9.2116\right),\left(21.0461,9.2808\right),\left(21.1182,9.3501\right),\left(21.1902,9.4195\right),\left(21.2622,9.4889\right),\left(21.3341,9.5584\right),\left(21.4059,9.6280\right),\left(21.4776,9.6977\right),\left(21.5493,9.7674\right),\left(21.6209,9.8372\right),\left(21.6925,9.9071\right),\left(21.7640,9.9770\right),\left(21.8354,10.0470\right),\left(21.9068,10.1170\right),\left(21.9781,10.1871\right),\left(22.0494,10.2572\right),\left(22.1206,10.3274\right),\left(22.1918,10.3977\right),\left(22.2629,10.4680\right),\left(22.3340,10.5383\right),\left(22.4050,10.6087\right),\left(22.4761,10.6791\right),\left(22.5470,10.7495\right),\left(22.6180,10.8200\right),\left(22.6889,10.8905\right),\left(22.7598,10.9610\right),\left(22.8306,11.0316\right),\left(22.9015,11.1022\right),\left(22.9723,11.1728\right),\left(23.0431,11.2434\right),\left(23.1138,11.3141\right),\left(23.1846,11.3847\right),\left(23.2553,11.4554\right),\left(23.3261,11.5261\right),\left(23.3968,11.5968\right),\left(23.4675,11.6675\right),\left(23.5382,11.7382\right),\left(23.6089,11.8089\right),\left(23.6796,11.8796\right),\left(23.7504,11.9503\right),\left(23.8211,12.0210\right),\left(23.8918,12.0917\right),\left(23.9625,12.1624\right),\left(24.0333,12.2331\right),\left(24.1040,12.3038\right),\left(24.1748,12.3744\right),\left(24.2456,12.4450\right),\left(24.3164,12.5156\right),\left(24.3873,12.5862\right),\left(24.4581,12.6568\right),\left(24.5290,12.7273\right),\left(24.5999,12.7978\right),\left(24.6709,12.8683\right),\left(24.7419,12.9387\right),\left(24.8129,13.0091\right),\left(24.8840,13.0795\right),\left(24.9551,13.1498\right),\left(25.0262,13.2201\right),\left(25.0974,13.2903\right),\left(25.1686,13.3605\right),\left(25.2399,13.4306\right),\left(25.3113,13.5007\right),\left(25.3827,13.5707\right),\left(25.4541,13.6407\right),\left(25.5256,13.7106\right),\left(25.5972,13.7804\right),\left(25.6688,13.8502\right),\left(25.7405,13.9199\right),\left(25.8123,13.9896\right),\left(25.8841,14.0591\right),\left(25.9560,14.1286\right),\left(26.0280,14.1981\right),\left(26.1000,14.2674\right),\left(26.1721,14.3367\right),\left(26.2444,14.4059\right),\left(26.3166,14.4750\right),\left(26.3890,14.5440\right),\left(26.4615,14.6129\right),\left(26.5340,14.6817\right),\left(26.6067,14.7504\right),\left(26.6794,14.8191\right),\left(26.7522,14.8876\right),\left(26.8252,14.9560\right),\left(26.8982,15.0244\right),\left(26.9713,15.0926\right),\left(27.0445,15.1607\right),\left(27.1179,15.2287\right),\left(27.1913,15.2966\right),\left(27.2648,15.3643\right),\left(27.3385,15.4320\right),\left(27.4122,15.4995\right),\left(27.4861,15.5669\right),\left(27.5601,15.6342\right),\left(27.6342,15.7013\right),\left(27.7085,15.7683\right),\left(27.7828,15.8352\right),\left(27.8573,15.9019\right),\left(27.9319,15.9685\right),\left(28.0066,16.0350\right),\left(28.0815,16.1013\right),\left(28.1565,16.1675\right),\left(28.2316,16.2335\right),\left(28.3069,16.2993\right),\left(28.3823,16.3650\right),\left(28.4578,16.4306\right),\left(28.5335,16.4960\right),\left(28.6093,16.5612\right),\left(28.6852,16.6262\right),\left(28.7613,16.6911\right),\left(28.8376,16.7558\right),\left(28.9140,16.8204\right),\left(28.9905,16.8848\right),\left(29.0672,16.9490\right),\left(29.1441,17.0130\right),\left(29.2211,17.0768\right),\left(29.2982,17.1404\right),\left(29.3755,17.2039\right),\left(29.4530,17.2671\right),\left(29.5306,17.3302\right),\left(29.6084,17.3930\right),\left(29.6863,17.4557\right),\left(29.7645,17.5182\right),\left(29.8427,17.5804\right),\left(29.9212,17.6425\right),\left(29.9998,17.7043\right),\left(30.0786,17.7659\right),\left(30.1575,17.8273\right),\left(30.2366,17.8885\right),\left(30.3159,17.9495\right),\left(30.3954,18.0102\right),\left(30.4750,18.0708\right),\left(30.5548,18.1310\right),\left(30.6348,18.1911\right),\left(30.7150,18.2509\right),\left(30.7953,18.3105\right),\left(30.8758,18.3698\right),\left(30.9565,18.4289\right),\left(31.0374,18.4878\right),\left(31.1185,18.5464\right),\left(31.1997,18.6047\right),\left(31.2811,18.6628\right),\left(31.3627,18.7207\right),\left(31.4445,18.7782\right),\left(31.5265,18.8356\right),\left(31.6087,18.8926\right),\left(31.6910,18.9494\right),\left(31.7735,19.0059\right),\left(31.8563,19.0622\right),\left(31.9392,19.1182\right),\left(32.0222,19.1739\right),\left(32.1055,19.2293\right),\left(32.1890,19.2844\right),\left(32.2726,19.3393\right),\left(32.3565,19.3938\right),\left(32.4405,19.4481\right),\left(32.5247,19.5021\right),\left(32.6092,19.5558\right),\left(32.6938,19.6092\right),\left(32.7785,19.6623\right),\left(32.8635,19.7151\right),\left(32.9487,19.7676\right),\left(33.0340,19.8197\right),\left(33.1196,19.8716\right),\left(33.2053,19.9232\right),\left(33.2912,19.9744\right),\left(33.3774,20.0254\right),\left(33.4637,20.0760\right),\left(33.5501,20.1263\right),\left(33.6368,20.1763\right),\left(33.7237,20.2259\right),\left(33.8107,20.2752\right),\left(33.8980,20.3242\right),\left(33.9854,20.3729\right),\left(34.0730,20.4212\right),\left(34.1608,20.4692\right),\left(34.2487,20.5169\right),\left(34.3369,20.5642\right),\left(34.4252,20.6112\right),\left(34.5138,20.6579\right),\left(34.6025,20.7042\right),\left(34.6914,20.7501\right),\left(34.7804,20.7957\right),\left(34.8697,20.8410\right),\left(34.9591,20.8859\right),\left(35.0487,20.9305\right),\left(35.1385,20.9747\right),\left(35.2284,21.0185\right),\left(35.3185,21.0620\right),\left(35.4088,21.1051\right),\left(35.4993,21.1479\right),\left(35.5899,21.1903\right),\left(35.6807,21.2324\right),\left(35.7717,21.2740\right),\left(35.8629,21.3154\right),\left(35.9542,21.3563\right),\left(36.0457,21.3969\right),\left(36.1373,21.4371\right),\left(36.2291,21.4769\right),\left(36.3211,21.5164\right),\left(36.4132,21.5555\right),\left(36.5055,21.5942\right),\left(36.5979,21.6326\right),\left(36.6905,21.6706\right),\left(36.7833,21.7082\right),\left(36.8762,21.7454\right),\left(36.9693,21.7822\right),\left(37.0625,21.8187\right),\left(37.1558,21.8548\right),\left(37.2493,21.8905\right),\left(37.3430,21.9258\right),\left(37.4368,21.9608\right),\left(37.5307,21.9954\right),\left(37.6248,22.0295\right),\left(37.7190,22.0633\right),\left(37.8134,22.0968\right),\left(37.9078,22.1298\right),\left(38.0025,22.1625\right),\left(38.0972,22.1947\right),\left(38.1921,22.2266\right),\left(38.2871,22.2581\right),\left(38.3823,22.2892\right),\left(38.4775,22.3200\right),\left(38.5729,22.3503\right),\left(38.6684,22.3803\right),\left(38.7641,22.4099\right),\left(38.8598,22.4391\right),\left(38.9557,22.4679\right),\left(39.0517,22.4963\right),\left(39.1478,22.5243\right),\left(39.2440,22.5520\right),\left(39.3403,22.5793\right),\left(39.4367,22.6062\right),\left(39.5333,22.6327\right),\left(39.6299,22.6588\right),\left(39.7267,22.6846\right),\left(39.8235,22.7099\right),\left(39.9205,22.7349\right),\left(40.0175,22.7595\right),\left(40.1147,22.7838\right),\left(40.2119,22.8076\right),\left(40.3092,22.8311\right),\left(40.4067,22.8542\right),\left(40.5042,22.8769\right),\left(40.6018,22.8992\right),\left(40.6994,22.9212\right),\left(40.7972,22.9428\right),\left(40.8951,22.9640\right),\left(40.9930,22.9849\right),\left(41.0910,23.0053\right),\left(41.1891,23.0254\right),\left(41.2872,23.0452\right),\left(41.3855,23.0645\right),\left(41.4838,23.0835\right),\left(41.5822,23.1021\right),\left(41.6806,23.1204\right),\left(41.7791,23.1383\right),\left(41.8777,23.1558\right),\left(41.9763,23.1730\right),\left(42.0751,23.1898\right),\left(42.1738,23.2063\right),\left(42.2727,23.2224\right),\left(42.3715,23.2381\right),\left(42.4705,23.2535\right),\left(42.5695,23.2685\right),\left(42.6685,23.2831\right),\left(42.7676,23.2975\right),\left(42.8668,23.3114\right),\left(42.9660,23.3250\right),\left(43.0652,23.3383\right),\left(43.1645,23.3512\right),\left(43.2639,23.3638\right),\left(43.3633,23.3760\right),\left(43.4627,23.3879\right),\left(43.5622,23.3994\right),\left(43.6617,23.4106\right),\left(43.7612,23.4215\right),\left(43.8608,23.4320\right),\left(43.9604,23.4422\right),\left(44.0601,23.4520\right),\left(44.1598,23.4616\right),\left(44.2595,23.4707\right),\left(44.3592,23.4796\right),\left(44.4590,23.4881\right),\left(44.5588,23.4963\right),\left(44.6586,23.5042\right),\left(44.7585,23.5118\right),\left(44.8584,23.5190\right),\left(44.9583,23.5259\right),\left(45.0582,23.5325\right),\left(45.1581,23.5388\right),\left(45.2581,23.5447\right),\left(45.3581,23.5504\right),\left(45.4581,23.5557\right),\left(45.5581,23.5607\right),\left(45.6581,23.5654\right),\left(45.7582,23.5698\right),\left(45.8582,23.5739\right),\left(45.9583,23.5777\right),\left(46.0584,23.5812\right),\left(46.1585,23.5844\right),\left(46.2586,23.5873\right),\left(46.3587,23.5898\right),\left(46.4588,23.5921\right),\left(46.5589,23.5941\right),\left(46.6590,23.5958\right),\left(46.7592,23.5972\right),\left(46.8593,23.5984\right),\left(46.9594,23.5992\right),\left(47.0596,23.5997\right),\left(47.1597,23.6000\right),\left(47.2000,23.6000\right),\right]
l_{headings}=\left[0.0000,0.0000,0.0000,0.0000,0.0000,0.0000,0.0000,0.0000,0.0000,0.0000,0.0000,0.0000,0.0000,0.0000,0.0000,0.0000,0.0000,0.0000,0.0000,0.0000,0.0000,0.0000,0.0000,0.0000,0.0000,0.0000,0.0000,0.0000,0.0000,0.0000,0.0000,0.0000,0.0000,0.0000,0.0000,0.0000,0.0000,0.0000,0.0000,0.0000,0.0000,0.0000,0.0000,0.0000,0.0000,0.0000,0.0000,0.0000,0.0000,0.0000,0.0000,0.0000,0.0000,0.0000,0.0000,0.0000,0.0000,0.0000,0.0000,0.0000,0.0000,0.0000,0.0000,0.0000,0.0000,0.0000,0.0000,0.0000,0.0000,0.0000,0.0000,0.0000,0.0000,0.0000,0.0000,0.0000,0.0000,0.0000,0.0000,0.0000,0.0000,0.0000,0.0000,0.0000,0.0000,0.0000,0.0000,0.0000,0.0000,0.0000,0.0000,0.0000,0.0000,0.0000,0.0000,0.0000,0.0000,0.0000,0.0000,0.0000,0.0000,0.0000,0.0000,0.0000,0.0000,0.0000,0.0000,0.0000,0.0000,0.0000,0.0000,0.0000,0.0000,0.0000,0.0000,0.0000,0.0000,0.0000,0.0000,0.0000,0.0000,0.0000,0.0000,0.0000,0.0000,0.0000,0.0000,0.0000,0.0000,0.0000,0.0000,0.0000,0.0000,0.0000,0.0000,0.0000,0.0000,0.0000,0.0000,0.0000,0.0000,0.0000,0.0000,0.0000,0.0000,0.0000,0.0000,0.0000,0.0000,0.0000,0.0000,0.0000,0.0000,0.0000,0.0000,0.0000,0.0000,0.0000,0.0000,0.0000,0.0000,0.0000,0.0000,0.0000,0.0000,0.0000,0.0000,0.0000,0.0000,0.0000,0.0000,0.0000,0.0000,0.0000,0.0000,0.0000,0.0000,0.0000,0.0000,0.0000,0.0000,0.0000,0.0000,0.0000,0.0000,0.0000,0.0000,0.0000,0.0000,0.0000,0.0000,0.0000,0.0000,0.0000,0.0000,0.0000,0.0000,0.0000,0.0000,0.0000,0.0000,0.0000,0.0000,0.0000,0.0000,0.0000,0.0000,0.0000,0.0000,0.0000,0.0000,0.0000,0.0000,0.0000,0.0000,0.0000,0.0000,0.0000,0.0000,0.0000,0.0000,0.0000,0.0000,0.0000,0.0000,0.0000,0.0000,0.0000,0.0000,0.0000,0.0000,0.0000,0.0000,0.0000,0.0000,0.0000,0.0000,0.0028,0.0057,0.0085,0.0114,0.0143,0.0172,0.0201,0.0231,0.0260,0.0290,0.0320,0.0350,0.0380,0.0411,0.0441,0.0472,0.0503,0.0534,0.0565,0.0597,0.0628,0.0660,0.0692,0.0724,0.0756,0.0788,0.0821,0.0853,0.0886,0.0919,0.0952,0.0986,0.1019,0.1053,0.1087,0.1121,0.1155,0.1189,0.1223,0.1258,0.1293,0.1328,0.1363,0.1398,0.1433,0.1469,0.1505,0.1540,0.1576,0.1612,0.1649,0.1685,0.1722,0.1758,0.1795,0.1832,0.1869,0.1906,0.1944,0.1981,0.2019,0.2057,0.2095,0.2133,0.2171,0.2209,0.2247,0.2286,0.2324,0.2363,0.2402,0.2441,0.2480,0.2519,0.2558,0.2597,0.2637,0.2676,0.2716,0.2755,0.2795,0.2835,0.2875,0.2915,0.2955,0.2995,0.3035,0.3075,0.3115,0.3156,0.3196,0.3236,0.3277,0.3317,0.3358,0.3398,0.3439,0.3479,0.3520,0.3560,0.3601,0.3642,0.3682,0.3723,0.3764,0.3804,0.3845,0.3885,0.3926,0.3966,0.4007,0.4047,0.4088,0.4128,0.4168,0.4208,0.4249,0.4289,0.4329,0.4369,0.4409,0.4449,0.4488,0.4528,0.4568,0.4607,0.4646,0.4686,0.4725,0.4764,0.4803,0.4842,0.4880,0.4919,0.4957,0.4996,0.5034,0.5072,0.5110,0.5148,0.5185,0.5222,0.5260,0.5297,0.5334,0.5370,0.5407,0.5443,0.5479,0.5515,0.5551,0.5587,0.5622,0.5657,0.5692,0.5727,0.5762,0.5796,0.5830,0.5864,0.5898,0.5931,0.5964,0.5997,0.6030,0.6063,0.6095,0.6127,0.6159,0.6190,0.6221,0.6252,0.6283,0.6314,0.6344,0.6374,0.6404,0.6433,0.6462,0.6491,0.6520,0.6548,0.6576,0.6604,0.6632,0.6659,0.6686,0.6712,0.6739,0.6765,0.6791,0.6816,0.6841,0.6866,0.6891,0.6915,0.6939,0.6963,0.6987,0.7010,0.7033,0.7055,0.7077,0.7099,0.7121,0.7142,0.7163,0.7184,0.7204,0.7224,0.7244,0.7264,0.7283,0.7302,0.7320,0.7338,0.7356,0.7374,0.7391,0.7408,0.7425,0.7441,0.7457,0.7473,0.7488,0.7504,0.7518,0.7533,0.7547,0.7561,0.7574,0.7587,0.7600,0.7613,0.7625,0.7637,0.7649,0.7660,0.7671,0.7682,0.7692,0.7702,0.7712,0.7721,0.7730,0.7739,0.7747,0.7755,0.7763,0.7770,0.7778,0.7784,0.7791,0.7797,0.7803,0.7809,0.7814,0.7819,0.7823,0.7828,0.7831,0.7835,0.7838,0.7841,0.7844,0.7846,0.7848,0.7850,0.7852,0.7853,0.7853,0.7854,0.7854,0.7854,0.7853,0.7852,0.7851,0.7850,0.7848,0.7846,0.7843,0.7841,0.7838,0.7834,0.7831,0.7826,0.7822,0.7817,0.7812,0.7807,0.7802,0.7796,0.7789,0.7783,0.7776,0.7769,0.7761,0.7753,0.7745,0.7737,0.7728,0.7719,0.7709,0.7699,0.7689,0.7679,0.7668,0.7657,0.7646,0.7634,0.7622,0.7610,0.7597,0.7584,0.7571,0.7557,0.7543,0.7529,0.7515,0.7500,0.7485,0.7469,0.7453,0.7437,0.7421,0.7404,0.7387,0.7370,0.7352,0.7334,0.7316,0.7297,0.7278,0.7259,0.7239,0.7219,0.7199,0.7179,0.7158,0.7137,0.7115,0.7094,0.7072,0.7049,0.7027,0.7004,0.6981,0.6957,0.6933,0.6909,0.6885,0.6860,0.6835,0.6810,0.6784,0.6758,0.6732,0.6706,0.6679,0.6652,0.6624,0.6597,0.6569,0.6541,0.6512,0.6484,0.6455,0.6425,0.6396,0.6366,0.6336,0.6306,0.6275,0.6244,0.6213,0.6182,0.6150,0.6118,0.6086,0.6054,0.6021,0.5988,0.5955,0.5922,0.5889,0.5855,0.5821,0.5787,0.5752,0.5718,0.5683,0.5648,0.5612,0.5577,0.5541,0.5505,0.5469,0.5433,0.5397,0.5360,0.5323,0.5286,0.5249,0.5212,0.5174,0.5137,0.5099,0.5061,0.5023,0.4985,0.4946,0.4908,0.4869,0.4830,0.4791,0.4752,0.4713,0.4674,0.4634,0.4595,0.4555,0.4516,0.4476,0.4436,0.4396,0.4356,0.4316,0.4276,0.4236,0.4196,0.4155,0.4115,0.4074,0.4034,0.3993,0.3953,0.3912,0.3872,0.3831,0.3790,0.3750,0.3709,0.3668,0.3628,0.3587,0.3546,0.3506,0.3465,0.3424,0.3384,0.3343,0.3303,0.3262,0.3222,0.3181,0.3141,0.3100,0.3060,0.3020,0.2980,0.2940,0.2899,0.2859,0.2820,0.2780,0.2740,0.2700,0.2661,0.2621,0.2582,0.2542,0.2503,0.2464,0.2425,0.2386,0.2347,0.2308,0.2270,0.2231,0.2193,0.2154,0.2116,0.2078,0.2040,0.2003,0.1965,0.1927,0.1890,0.1853,0.1816,0.1779,0.1742,0.1705,0.1668,0.1632,0.1596,0.1560,0.1524,0.1488,0.1452,0.1417,0.1381,0.1346,0.1311,0.1276,0.1241,0.1207,0.1172,0.1138,0.1104,0.1070,0.1036,0.1002,0.0969,0.0935,0.0902,0.0869,0.0836,0.0804,0.0771,0.0739,0.0707,0.0675,0.0643,0.0611,0.0579,0.0548,0.0517,0.0486,0.0455,0.0424,0.0394,0.0363,0.0333,0.0303,0.0273,0.0243,0.0214,0.0184,0.0155,0.0126,0.0097,0.0068,0.0040,0.0011,6.2832,\right]
running path!
lin/ang/drive_left/drive_right/tv_l/tv_r/av_l/av_r/x/y/theta/tx/ty/ttheta: 0.31039 -0.00017 -0.00016 0.00015 -0.00017 0.00000 -0.00017 0.00000 -23.60000 0.00002 0.00102 -23.50000 0.00000 0.00000
lin/ang/drive_left/drive_right/tv_l/tv_r/av_l/av_r/x/y/theta/tx/ty/ttheta: 0.31039 0.00010 0.00002 -0.00002 0.13689 0.11911 0.13689 0.11911 -23.60000 -0.00001 -0.00060 -23.50000 0.00000 0.00000
lin/ang/drive_left/drive_right/tv_l/tv_r/av_l/av_r/x/y/theta/tx/ty/ttheta: 0.31039 -0.00012 -0.00061 0.00061 0.43444 0.48014 0.43444 0.48014 -23.60000 0.00001 0.00073 -23.50000 0.00000 0.00000
lin/ang/drive_left/drive_right/tv_l/tv_r/av_l/av_r/x/y/theta/tx/ty/ttheta: 0.30872 -0.00391 0.04745 0.04916 0.21542 0.23169 0.21542 0.23169 -23.56197 0.00046 0.02316 -23.50000 0.00000 0.00000
lin/ang/drive_left/drive_right/tv_l/tv_r/av_l/av_r/x/y/theta/tx/ty/ttheta: 0.43983 -0.00425 0.12855 0.12742 0.18892 0.20056 0.18892 0.20056 -23.46119 0.00051 0.02362 -23.30000 0.00000 0.00000
lin/ang/drive_left/drive_right/tv_l/tv_r/av_l/av_r/x/y/theta/tx/ty/ttheta: 0.51894 0.00375 0.13199 0.12052 0.30647 0.29792 0.30647 0.29792 -23.36178 -0.00036 -0.02119 -23.10000 0.00000 0.00000
lin/ang/drive_left/drive_right/tv_l/tv_r/av_l/av_r/x/y/theta/tx/ty/ttheta: 0.60392 0.01566 0.26622 0.24980 0.42622 0.51144 0.42622 0.51144 -23.15862 -0.00182 -0.08460 -22.90000 0.00000 0.00000
lin/ang/drive_left/drive_right/tv_l/tv_r/av_l/av_r/x/y/theta/tx/ty/ttheta: 0.70122 0.03389 0.35378 0.33660 0.38119 0.28833 0.38119 0.28833 -22.88682 -0.00430 -0.17529 -22.50000 0.00000 0.00000
lin/ang/drive_left/drive_right/tv_l/tv_r/av_l/av_r/x/y/theta/tx/ty/ttheta: 0.78875 0.04303 0.31572 0.30882 0.59819 0.65792 0.59819 0.65792 -22.64095 -0.00594 -0.21424 -22.10000 0.00000 0.00000
lin/ang/drive_left/drive_right/tv_l/tv_r/av_l/av_r/x/y/theta/tx/ty/ttheta: 0.86025 0.04344 0.42265 0.42689 0.60025 0.58911 0.60025 0.58911 -22.30649 -0.00711 -0.20991 -21.80000 0.00000 0.00000
lin/ang/drive_left/drive_right/tv_l/tv_r/av_l/av_r/x/y/theta/tx/ty/ttheta: 0.94394 0.04455 0.52032 0.51897 0.57031 0.68497 0.57031 0.68497 -21.89732 -0.00851 -0.20648 -21.30000 0.00000 0.00000
lin/ang/drive_left/drive_right/tv_l/tv_r/av_l/av_r/x/y/theta/tx/ty/ttheta: 1.02895 0.04911 0.62099 0.61650 0.56928 0.38417 0.56928 0.38417 -21.41013 -0.01061 -0.22042 -20.70000 0.00000 0.00000
lin/ang/drive_left/drive_right/tv_l/tv_r/av_l/av_r/x/y/theta/tx/ty/ttheta: 1.08873 0.09005 0.64892 0.59287 0.52872 0.65311 0.52872 0.65311 -20.92126 -0.01754 -0.42128 -20.20000 0.00000 0.00000
lin/ang/drive_left/drive_right/tv_l/tv_r/av_l/av_r/x/y/theta/tx/ty/ttheta: 1.15161 0.12979 0.72019 0.68794 0.61700 0.46353 0.61700 0.46353 -20.36694 -0.02660 -0.60544 -19.60000 0.00000 0.00000
lin/ang/drive_left/drive_right/tv_l/tv_r/av_l/av_r/x/y/theta/tx/ty/ttheta: 1.22303 0.17588 0.81784 0.76510 0.59717 0.68667 0.59717 0.68667 -19.74384 -0.03890 -0.81573 -18.90000 0.00000 0.00000
lin/ang/drive_left/drive_right/tv_l/tv_r/av_l/av_r/x/y/theta/tx/ty/ttheta: 1.28041 0.19240 0.88634 0.88652 0.62147 0.53403 0.62147 0.53403 -19.04596 -0.05038 -0.86491 -18.10000 0.00000 0.00000
lin/ang/drive_left/drive_right/tv_l/tv_r/av_l/av_r/x/y/theta/tx/ty/ttheta: 1.32629 0.20695 0.80877 0.78934 0.67589 0.58692 0.67589 0.58692 -18.41687 -0.06121 -0.91687 -17.50000 0.00000 0.00000
lin/ang/drive_left/drive_right/tv_l/tv_r/av_l/av_r/x/y/theta/tx/ty/ttheta: 1.37209 0.22878 0.92629 0.90842 0.60075 0.68975 0.60075 0.68975 -17.69468 -0.07507 -0.99663 -16.69999 0.00000 0.00000
lin/ang/drive_left/drive_right/tv_l/tv_r/av_l/av_r/x/y/theta/tx/ty/ttheta: 1.41672 0.26905 0.98700 0.94497 0.71014 0.54856 0.71014 0.54856 -16.93427 -0.09344 -1.17346 -15.89999 0.00000 0.00000
lin/ang/drive_left/drive_right/tv_l/tv_r/av_l/av_r/x/y/theta/tx/ty/ttheta: 1.45288 0.29944 0.98152 0.95432 0.63242 0.68269 0.63242 0.68269 -16.17237 -0.11257 -1.29382 -15.09999 0.00000 0.00000
lin/ang/drive_left/drive_right/tv_l/tv_r/av_l/av_r/x/y/theta/tx/ty/ttheta: 1.49242 0.32747 1.14125 1.11629 0.70139 0.58689 0.70139 0.58689 -15.28388 -0.13590 -1.39971 -14.19999 0.00000 0.00000
lin/ang/drive_left/drive_right/tv_l/tv_r/av_l/av_r/x/y/theta/tx/ty/ttheta: 1.52292 0.35869 1.10385 1.06854 0.65911 0.68119 0.65911 0.68119 -14.42896 -0.16041 -1.52258 -13.29999 0.00000 0.00000
lin/ang/drive_left/drive_right/tv_l/tv_r/av_l/av_r/x/y/theta/tx/ty/ttheta: 1.49832 0.40554 1.05660 1.00692 0.74089 0.66439 0.74089 0.66439 -13.61700 -0.18791 -1.72251 -12.39999 0.00000 0.00000
lin/ang/drive_left/drive_right/tv_l/tv_r/av_l/av_r/x/y/theta/tx/ty/ttheta: 1.45668 0.44890 1.23704 1.19539 0.71572 0.68153 0.71572 0.68153 -12.65996 -0.22247 -1.90400 -11.49999 0.00000 0.00000
lin/ang/drive_left/drive_right/tv_l/tv_r/av_l/av_r/x/y/theta/tx/ty/ttheta: 1.41988 0.50618 1.23232 1.17286 0.56500 0.68819 0.56500 0.68819 -11.71384 -0.26170 -2.15114 -10.49999 0.00000 0.00000
lin/ang/drive_left/drive_right/tv_l/tv_r/av_l/av_r/x/y/theta/tx/ty/ttheta: 1.37462 0.54214 1.20125 1.18825 0.49075 0.65467 0.49075 0.65467 -10.77390 -0.30079 -2.26393 -9.59999 0.00000 0.00000
lin/ang/drive_left/drive_right/tv_l/tv_r/av_l/av_r/x/y/theta/tx/ty/ttheta: 1.32750 0.57375 1.22273 1.22878 0.46644 0.62983 0.46644 0.62983 -9.80985 -0.34796 -2.25635 -8.59998 0.00000 0.00000
lin/ang/drive_left/drive_right/tv_l/tv_r/av_l/av_r/x/y/theta/tx/ty/ttheta: 1.27247 0.58049 1.19087 1.22162 0.43000 0.58006 0.43000 0.58006 -8.86077 -0.38493 -2.14660 -7.79998 0.00000 0.00000
lin/ang/drive_left/drive_right/tv_l/tv_r/av_l/av_r/x/y/theta/tx/ty/ttheta: 1.21334 0.58320 1.29799 1.34299 0.40158 0.53986 0.40158 0.53986 -7.82154 -0.41812 -1.96884 -6.69998 0.00000 0.00000
lin/ang/drive_left/drive_right/tv_l/tv_r/av_l/av_r/x/y/theta/tx/ty/ttheta: 1.14697 0.55725 1.07414 1.15573 0.39014 0.48322 0.39014 0.48322 -6.94410 -0.44639 -1.65388 -5.89998 0.00000 0.00000
lin/ang/drive_left/drive_right/tv_l/tv_r/av_l/av_r/x/y/theta/tx/ty/ttheta: 1.08107 0.52499 1.06575 1.16397 0.34203 0.43411 0.34203 0.43411 -6.06698 -0.48415 -1.25729 -5.09998 0.00000 0.00000
lin/ang/drive_left/drive_right/tv_l/tv_r/av_l/av_r/x/y/theta/tx/ty/ttheta: 1.01370 0.46119 1.07472 1.22438 0.30269 0.36825 0.30269 0.36825 -5.16227 -0.51332 -0.66642 -4.19998 0.00000 0.00000
lin/ang/drive_left/drive_right/tv_l/tv_r/av_l/av_r/x/y/theta/tx/ty/ttheta: 0.93786 0.39746 1.03586 1.21225 0.26728 0.33161 0.26728 0.33161 -4.27768 -0.56708 0.05912 -3.39998 0.00000 0.00000
lin/ang/drive_left/drive_right/tv_l/tv_r/av_l/av_r/x/y/theta/tx/ty/ttheta: 0.86022 0.26296 0.90610 1.07849 0.22894 0.28817 0.22894 0.28817 -3.49658 -0.52707 0.81659 -2.59998 0.00000 0.00000
lin/ang/drive_left/drive_right/tv_l/tv_r/av_l/av_r/x/y/theta/tx/ty/ttheta: 0.79375 0.18193 0.84166 0.99963 0.17828 0.22075 0.17828 0.22075 -2.77141 -0.53848 1.49960 -1.99998 0.00000 0.00000
lin/ang/drive_left/drive_right/tv_l/tv_r/av_l/av_r/x/y/theta/tx/ty/ttheta: 0.71049 0.08792 0.76607 0.91639 0.13656 0.19403 0.13656 0.19403 -2.10917 -0.52537 2.16281 -1.39997 0.00000 0.00000
lin/ang/drive_left/drive_right/tv_l/tv_r/av_l/av_r/x/y/theta/tx/ty/ttheta: 0.68922 0.71520 0.74512 0.86338 0.08078 0.10147 0.08078 0.10147 -1.47768 -0.46943 2.71788 -0.79997 0.00000 0.00000
lin/ang/drive_left/drive_right/tv_l/tv_r/av_l/av_r/x/y/theta/tx/ty/ttheta: 0.67800 0.69567 0.57228 0.67981 -0.14083 0.09089 -0.14083 0.09089 -0.98309 -0.49074 3.17561 -0.39997 0.00000 0.00000
lin/ang/drive_left/drive_right/tv_l/tv_r/av_l/av_r/x/y/theta/tx/ty/ttheta: 0.67180 0.62414 0.48439 0.58898 -0.16769 0.46269 -0.16769 0.46269 -0.56128 -0.46540 3.62588 0.00008 0.00000 0.00014
lin/ang/drive_left/drive_right/tv_l/tv_r/av_l/av_r/x/y/theta/tx/ty/ttheta: 0.66725 0.65373 0.34979 0.53734 0.22144 0.39731 0.22144 0.39731 -0.21054 -0.47714 4.32645 0.39951 0.00227 0.65395
lin/ang/drive_left/drive_right/tv_l/tv_r/av_l/av_r/x/y/theta/tx/ty/ttheta: 0.66038 0.63584 0.40889 0.62920 0.30117 0.39442 0.30117 0.39442 0.19957 -0.47975 5.26090 0.79890 0.00915 1.32253
lin/ang/drive_left/drive_right/tv_l/tv_r/av_l/av_r/x/y/theta/tx/ty/ttheta: 0.65445 0.52574 0.37525 0.61940 0.28267 0.40603 0.28267 0.40603 0.58728 -0.42169 6.29844 1.19816 0.02074 2.00596
lin/ang/drive_left/drive_right/tv_l/tv_r/av_l/av_r/x/y/theta/tx/ty/ttheta: 0.65068 0.47340 0.38283 0.58557 0.29139 0.36206 0.29139 0.36206 0.96766 -0.39296 7.20944 1.59726 0.03715 2.70432
lin/ang/drive_left/drive_right/tv_l/tv_r/av_l/av_r/x/y/theta/tx/ty/ttheta: 0.64261 0.40993 0.40007 0.56814 0.33967 0.34392 0.33967 0.34392 1.34572 -0.34467 7.97913 1.89644 0.05267 3.23794
lin/ang/drive_left/drive_right/tv_l/tv_r/av_l/av_r/x/y/theta/tx/ty/ttheta: 0.63209 0.38909 0.46648 0.56052 0.32919 0.34528 0.32919 0.34528 1.74469 -0.27856 8.45003 2.19547 0.07101 3.78003
lin/ang/drive_left/drive_right/tv_l/tv_r/av_l/av_r/x/y/theta/tx/ty/ttheta: 0.62629 0.44080 0.56070 0.62941 0.31006 0.33264 0.31006 0.33264 2.20692 -0.20156 8.77323 2.69340 0.10792 4.70220
lin/ang/drive_left/drive_right/tv_l/tv_r/av_l/av_r/x/y/theta/tx/ty/ttheta: 0.61895 0.47175 0.53553 0.58897 0.27822 0.35386 0.27822 0.35386 2.64072 -0.11004 9.00772 3.09128 0.14327 5.45673
lin/ang/drive_left/drive_right/tv_l/tv_r/av_l/av_r/x/y/theta/tx/ty/ttheta: 0.61439 0.49729 0.54493 0.61436 0.26214 0.39097 0.26214 0.39097 3.08346 0.01179 9.28265 3.58791 0.19492 6.42063
lin/ang/drive_left/drive_right/tv_l/tv_r/av_l/av_r/x/y/theta/tx/ty/ttheta: 0.60860 0.53500 0.58062 0.67557 0.26350 0.38208 0.26350 0.38208 3.56621 0.12382 9.66502 4.08360 0.25501 7.40726
lin/ang/drive_left/drive_right/tv_l/tv_r/av_l/av_r/x/y/theta/tx/ty/ttheta: 0.60332 0.55531 0.51085 0.61330 0.26519 0.38825 0.26519 0.38825 3.99909 0.21788 10.09918 4.47936 0.30928 8.21256
lin/ang/drive_left/drive_right/tv_l/tv_r/av_l/av_r/x/y/theta/tx/ty/ttheta: 0.59939 0.62191 0.54347 0.64642 0.25136 0.38636 0.25136 0.38636 4.45827 0.31110 10.54330 4.97292 0.38502 9.23857
lin/ang/drive_left/drive_right/tv_l/tv_r/av_l/av_r/x/y/theta/tx/ty/ttheta: 0.59262 0.65012 0.53803 0.64391 0.25342 0.39183 0.25342 0.39183 4.91164 0.41799 10.99284 5.36674 0.45202 10.07438
lin/ang/drive_left/drive_right/tv_l/tv_r/av_l/av_r/x/y/theta/tx/ty/ttheta: 0.58849 0.69930 0.57107 0.68101 0.23511 0.40364 0.23511 0.40364 5.38882 0.54608 11.46040 5.85757 0.54391 11.13701
lin/ang/drive_left/drive_right/tv_l/tv_r/av_l/av_r/x/y/theta/tx/ty/ttheta: 0.58587 0.73950 0.53228 0.66143 0.23425 0.39064 0.23425 0.39064 5.84144 0.67818 11.99363 6.34662 0.64498 12.21838
lin/ang/drive_left/drive_right/tv_l/tv_r/av_l/av_r/x/y/theta/tx/ty/ttheta: 0.58157 0.78457 0.59120 0.73038 0.23356 0.40656 0.23356 0.40656 6.34328 0.81917 12.58561 6.83366 0.75533 13.31704
lin/ang/drive_left/drive_right/tv_l/tv_r/av_l/av_r/x/y/theta/tx/ty/ttheta: 0.57882 0.84273 0.55641 0.70729 0.23150 0.40775 0.23150 0.40775 6.82387 0.94940 13.22089 7.31850 0.87507 14.43141
lin/ang/drive_left/drive_right/tv_l/tv_r/av_l/av_r/x/y/theta/tx/ty/ttheta: 0.57647 0.90614 0.56108 0.71361 0.22142 0.41117 0.22142 0.41117 7.30772 1.08373 13.87934 7.80092 1.00429 15.55964
lin/ang/drive_left/drive_right/tv_l/tv_r/av_l/av_r/x/y/theta/tx/ty/ttheta: 0.57799 1.00774 0.58134 0.74405 0.21267 0.42161 0.21267 0.42161 7.80846 1.23199 14.56232 8.37632 1.17192 16.92889
lin/ang/drive_left/drive_right/tv_l/tv_r/av_l/av_r/x/y/theta/tx/ty/ttheta: 0.57652 1.07100 0.56892 0.73304 0.20328 0.44572 0.20328 0.44572 8.29833 1.38444 15.26837 8.85266 1.32215 18.08016
lin/ang/drive_left/drive_right/tv_l/tv_r/av_l/av_r/x/y/theta/tx/ty/ttheta: 0.57577 1.13288 0.55765 0.74069 0.19694 0.46592 0.19694 0.46592 8.78535 1.54088 16.02575 9.32590 1.48195 19.23808
lin/ang/drive_left/drive_right/tv_l/tv_r/av_l/av_r/x/y/theta/tx/ty/ttheta: 0.57529 1.17658 0.55495 0.76613 0.20086 0.45242 0.20086 0.45242 9.27802 1.70899 16.89816 9.79583 1.65131 20.40007
lin/ang/drive_left/drive_right/tv_l/tv_r/av_l/av_r/x/y/theta/tx/ty/ttheta: 0.57944 1.23912 0.56150 0.80565 0.20483 0.45517 0.20483 0.45517 9.78459 1.89245 17.91908 10.35508 1.86708 21.79587
lin/ang/drive_left/drive_right/tv_l/tv_r/av_l/av_r/x/y/theta/tx/ty/ttheta: 0.58001 1.24821 0.54779 0.80424 0.21167 0.46608 0.21167 0.46608 10.28208 2.08319 19.00644 10.81704 2.05727 22.95689
lin/ang/drive_left/drive_right/tv_l/tv_r/av_l/av_r/x/y/theta/tx/ty/ttheta: 0.58237 1.25112 0.51610 0.77719 0.21731 0.46697 0.21731 0.46697 10.75383 2.27624 20.12372 11.27508 2.25677 24.11273
lin/ang/drive_left/drive_right/tv_l/tv_r/av_l/av_r/x/y/theta/tx/ty/ttheta: 0.58587 1.24709 0.50285 0.77140 0.22861 0.44453 0.22861 0.44453 11.21448 2.47642 21.26838 11.72904 2.46544 25.26038
lin/ang/drive_left/drive_right/tv_l/tv_r/av_l/av_r/x/y/theta/tx/ty/ttheta: 0.59376 1.27960 0.55623 0.82612 0.24467 0.44831 0.24467 0.44831 11.71028 2.70223 22.43011 12.26819 2.72774 26.62244
lin/ang/drive_left/drive_right/tv_l/tv_r/av_l/av_r/x/y/theta/tx/ty/ttheta: 0.59878 1.28143 0.52522 0.77254 0.25156 0.46236 0.25156 0.46236 12.17157 2.92313 23.51642 12.71267 2.95601 27.74131
lin/ang/drive_left/drive_right/tv_l/tv_r/av_l/av_r/x/y/theta/tx/ty/ttheta: 0.60373 1.28514 0.55364 0.80197 0.25136 0.48114 0.25136 0.48114 12.64964 3.16148 24.57852 13.15268 3.19287 28.84236
lin/ang/drive_left/drive_right/tv_l/tv_r/av_l/av_r/x/y/theta/tx/ty/ttheta: 0.61577 1.32535 0.55128 0.80035 0.25222 0.46953 0.25222 0.46953 13.12174 3.40808 25.64466 13.67465 3.48808 30.13597
lin/ang/drive_left/drive_right/tv_l/tv_r/av_l/av_r/x/y/theta/tx/ty/ttheta: 0.62718 1.35112 0.60683 0.86916 0.26264 0.49606 0.26264 0.49606 13.63302 3.68514 26.76637 14.18995 3.79488 31.39494
lin/ang/drive_left/drive_right/tv_l/tv_r/av_l/av_r/x/y/theta/tx/ty/ttheta: 0.63813 1.32987 0.54176 0.80229 0.27481 0.52889 0.27481 0.52889 14.09222 3.94916 27.87454 14.61422 4.05904 32.41438
lin/ang/drive_left/drive_right/tv_l/tv_r/av_l/av_r/x/y/theta/tx/ty/ttheta: 0.64777 1.28964 0.55013 0.82864 0.28986 0.52119 0.28986 0.52119 14.55718 4.23043 29.06324 15.03380 4.33060 33.40423
lin/ang/drive_left/drive_right/tv_l/tv_r/av_l/av_r/x/y/theta/tx/ty/ttheta: 0.66993 1.32133 0.64439 0.92019 0.31194 0.50322 0.31194 0.50322 15.08265 4.55239 30.24594 15.61341 4.72266 34.73611
lin/ang/drive_left/drive_right/tv_l/tv_r/av_l/av_r/x/y/theta/tx/ty/ttheta: 0.68813 1.25715 0.49581 0.77437 0.32494 0.50581 0.32494 0.50581 15.49872 4.83098 31.45262 16.02189 5.01076 35.64622
lin/ang/drive_left/drive_right/tv_l/tv_r/av_l/av_r/x/y/theta/tx/ty/ttheta: 0.71214 1.27061 0.65656 0.92793 0.35439 0.57442 0.35439 0.57442 16.01735 5.17809 32.60765 16.58620 5.42466 36.85886
lin/ang/drive_left/drive_right/tv_l/tv_r/av_l/av_r/x/y/theta/tx/ty/ttheta: 0.74019 1.22216 0.62352 0.88724 0.38228 0.54394 0.38228 0.54394 16.50108 5.52510 33.77645 17.06305 5.78861 37.83826
lin/ang/drive_left/drive_right/tv_l/tv_r/av_l/av_r/x/y/theta/tx/ty/ttheta: 0.77442 1.21452 0.71486 0.96248 0.39714 0.60350 0.39714 0.60350 17.03345 5.91652 34.83252 17.61169 6.22315 38.90775
lin/ang/drive_left/drive_right/tv_l/tv_r/av_l/av_r/x/y/theta/tx/ty/ttheta: 0.80865 1.15943 0.68491 0.92315 0.44556 0.60831 0.44556 0.60831 17.53634 6.30180 35.88488 18.07567 6.60344 39.75960
lin/ang/drive_left/drive_right/tv_l/tv_r/av_l/av_r/x/y/theta/tx/ty/ttheta: 0.85255 1.09528 0.76006 0.99504 0.47603 0.65381 0.47603 0.65381 18.06672 6.74698 36.89149 18.61008 7.05545 40.67571
lin/ang/drive_left/drive_right/tv_l/tv_r/av_l/av_r/x/y/theta/tx/ty/ttheta: 0.90361 1.02936 0.79610 1.02127 0.52836 0.65450 0.52836 0.65450 18.60346 7.22320 37.87303 19.21237 7.58189 41.61789
lin/ang/drive_left/drive_right/tv_l/tv_r/av_l/av_r/x/y/theta/tx/ty/ttheta: 0.95537 0.95836 0.81501 1.02191 0.58981 0.68511 0.58981 0.68511 19.15809 7.68775 38.78460 19.73262 8.05018 42.34908
lin/ang/drive_left/drive_right/tv_l/tv_r/av_l/av_r/x/y/theta/tx/ty/ttheta: 1.03603 0.89971 0.95677 1.14419 0.63942 0.72703 0.63942 0.72703 19.78706 8.22527 39.61497 20.39331 8.66127 43.15971
lin/ang/drive_left/drive_right/tv_l/tv_r/av_l/av_r/x/y/theta/tx/ty/ttheta: 1.03601 0.75637 -0.08645 0.08512 0.65689 0.75050 0.65689 0.75050 19.77742 8.23596 40.36414 20.39331 8.66127 43.15971
lin/ang/drive_left/drive_right/tv_l/tv_r/av_l/av_r/x/y/theta/tx/ty/ttheta: 1.19982 0.67736 2.03142 2.19120 0.68958 0.79769 0.68958 0.79769 21.02866 9.33062 41.06269 21.62092 9.83721 44.28960
lin/ang/drive_left/drive_right/tv_l/tv_r/av_l/av_r/x/y/theta/tx/ty/ttheta: 1.27863 0.50267 1.06743 1.20822 0.61836 0.57031 0.61836 0.57031 21.68530 9.94062 41.68736 22.33399 10.53829 44.70787
lin/ang/drive_left/drive_right/tv_l/tv_r/av_l/av_r/x/y/theta/tx/ty/ttheta: 1.20909 0.32075 1.08660 1.18578 0.85911 0.81019 0.85911 0.81019 22.33924 10.55141 42.16970 23.04306 11.24343 44.94331
lin/ang/drive_left/drive_right/tv_l/tv_r/av_l/av_r/x/y/theta/tx/ty/ttheta: 1.13158 0.18355 1.30190 1.34687 0.78178 0.83622 0.78178 0.83622 23.10407 11.26035 42.43472 23.82107 12.02105 44.99106
lin/ang/drive_left/drive_right/tv_l/tv_r/av_l/av_r/x/y/theta/tx/ty/ttheta: 1.05812 0.05935 1.21109 1.22837 0.40569 0.47792 0.40569 0.47792 23.78209 11.94207 42.51923 24.45813 12.65678 44.86554
lin/ang/drive_left/drive_right/tv_l/tv_r/av_l/av_r/x/y/theta/tx/ty/ttheta: 0.98686 -0.05327 1.28863 1.30225 0.26147 0.33964 0.26147 0.33964 24.52127 12.64521 42.58065 25.09739 13.29030 44.59188
lin/ang/drive_left/drive_right/tv_l/tv_r/av_l/av_r/x/y/theta/tx/ty/ttheta: 0.98688 -0.10133 -0.02467 0.02435 0.25633 0.27994 0.25633 0.27994 24.50539 12.66228 42.76314 25.09739 13.29030 44.59188
lin/ang/drive_left/drive_right/tv_l/tv_r/av_l/av_r/x/y/theta/tx/ty/ttheta: 0.98690 -0.15447 -0.03610 0.03558 0.27222 0.29175 0.27222 0.29175 24.50340 12.66410 43.05695 25.09739 13.29030 44.59188
lin/ang/drive_left/drive_right/tv_l/tv_r/av_l/av_r/x/y/theta/tx/ty/ttheta: 0.88280 -0.36632 2.25294 2.27340 0.41803 0.44350 0.41803 0.44350 25.84314 13.84051 43.20607 26.31665 14.47496 43.67115
lin/ang/drive_left/drive_right/tv_l/tv_r/av_l/av_r/x/y/theta/tx/ty/ttheta: 0.80144 -0.57929 1.96903 2.02193 0.29225 0.32956 0.29225 0.32956 27.05769 14.84255 43.39075 27.41225 15.49950 42.42186
lin/ang/drive_left/drive_right/tv_l/tv_r/av_l/av_r/x/y/theta/tx/ty/ttheta: 0.80149 -0.64980 -0.03593 0.03545 0.06950 -0.07322 0.06950 -0.07322 27.03931 14.86167 43.65928 27.41225 15.49950 42.42186
lin/ang/drive_left/drive_right/tv_l/tv_r/av_l/av_r/x/y/theta/tx/ty/ttheta: 0.76432 -1.01002 1.05029 1.07860 0.28303 -0.09667 0.28303 -0.09667 27.54707 15.54325 43.92775 28.00664 16.03498 41.58969
lin/ang/drive_left/drive_right/tv_l/tv_r/av_l/av_r/x/y/theta/tx/ty/ttheta: 0.74080 -1.09088 0.85975 0.71223 0.48508 0.17811 0.48508 0.17811 27.98733 15.97827 43.42991 28.45779 16.43057 40.89083
lin/ang/drive_left/drive_right/tv_l/tv_r/av_l/av_r/x/y/theta/tx/ty/ttheta: 0.71659 -1.06863 0.71623 0.55728 0.50014 -0.03678 0.50014 -0.03678 28.38954 16.28242 42.76103 28.83758 16.75585 40.26015
lin/ang/drive_left/drive_right/tv_l/tv_r/av_l/av_r/x/y/theta/tx/ty/ttheta: 0.70012 -1.05349 0.81449 0.57162 0.41425 0.18033 0.41425 0.18033 28.78945 16.65362 41.80818 29.22105 17.07679 39.58620
lin/ang/drive_left/drive_right/tv_l/tv_r/av_l/av_r/x/y/theta/tx/ty/ttheta: 0.66975 -1.29067 1.45316 1.20592 0.36033 0.23936 0.36033 0.23936 29.50675 17.42252 40.72719 29.99979 17.70431 38.11163
lin/ang/drive_left/drive_right/tv_l/tv_r/av_l/av_r/x/y/theta/tx/ty/ttheta: 0.66990 -1.27091 0.12309 -0.12123 0.39472 0.16594 0.39472 0.16594 29.41227 17.53425 39.67888 29.99979 17.70431 38.11163
lin/ang/drive_left/drive_right/tv_l/tv_r/av_l/av_r/x/y/theta/tx/ty/ttheta: 0.65732 -1.24448 0.72632 0.49701 0.45394 0.03900 0.45394 0.03900 29.79636 17.82532 38.68377 30.39539 18.01024 37.31290
lin/ang/drive_left/drive_right/tv_l/tv_r/av_l/av_r/x/y/theta/tx/ty/ttheta: 0.64741 -1.18320 0.72578 0.42466 0.43461 0.25186 0.43461 0.25186 30.16362 18.09094 37.47946 30.79532 18.31048 36.47481
lin/ang/drive_left/drive_right/tv_l/tv_r/av_l/av_r/x/y/theta/tx/ty/ttheta: 0.63913 -1.07375 0.70408 0.41514 0.37969 0.25358 0.37969 0.25358 30.52760 18.33998 36.21324 31.11848 18.54638 35.77690
lin/ang/drive_left/drive_right/tv_l/tv_r/av_l/av_r/x/y/theta/tx/ty/ttheta: 0.62617 -0.98625 0.73096 0.45433 0.35572 0.28525 0.35572 0.28525 30.91539 18.59989 35.01413 31.44453 18.77825 35.05548
lin/ang/drive_left/drive_right/tv_l/tv_r/av_l/av_r/x/y/theta/tx/ty/ttheta: 0.61637 -0.92360 0.69582 0.46976 0.33353 0.29825 0.33353 0.29825 31.30194 18.84761 33.98062 31.77354 19.00594 34.31142
lin/ang/drive_left/drive_right/tv_l/tv_r/av_l/av_r/x/y/theta/tx/ty/ttheta: 0.61013 -0.92140 0.67653 0.48436 0.31928 0.27736 0.31928 0.27736 31.69120 19.08758 33.10886 32.18899 19.28441 33.35098
lin/ang/drive_left/drive_right/tv_l/tv_r/av_l/av_r/x/y/theta/tx/ty/ttheta: 0.60151 -0.92915 0.66286 0.51752 0.34239 0.26847 0.34239 0.26847 32.08814 19.32951 32.44496 32.52474 19.50209 32.55959
lin/ang/drive_left/drive_right/tv_l/tv_r/av_l/av_r/x/y/theta/tx/ty/ttheta: 0.59896 -0.98166 0.61923 0.49915 0.36722 0.24983 0.36722 0.24983 32.47237 19.54568 31.90092 32.94869 19.76756 31.54344
lin/ang/drive_left/drive_right/tv_l/tv_r/av_l/av_r/x/y/theta/tx/ty/ttheta: 0.59339 -1.03170 0.69382 0.57147 0.38244 0.23817 0.38244 0.23817 32.91553 19.77619 31.39062 33.37736 20.02537 30.49961
lin/ang/drive_left/drive_right/tv_l/tv_r/av_l/av_r/x/y/theta/tx/ty/ttheta: 0.58903 -1.09243 0.68933 0.55662 0.41031 0.22672 0.41031 0.22672 33.34911 20.00719 30.82908 33.81072 20.27525 29.43067
lin/ang/drive_left/drive_right/tv_l/tv_r/av_l/av_r/x/y/theta/tx/ty/ttheta: 0.58564 -1.16775 0.69316 0.54540 0.41406 0.21472 0.41406 0.21472 33.77461 20.24560 30.20266 34.24875 20.51691 28.33931
lin/ang/drive_left/drive_right/tv_l/tv_r/av_l/av_r/x/y/theta/tx/ty/ttheta: 0.58253 -1.24336 0.71340 0.55612 0.42947 0.20617 0.42947 0.20617 34.21359 20.48483 29.54307 34.69136 20.75013 27.22837
lin/ang/drive_left/drive_right/tv_l/tv_r/av_l/av_r/x/y/theta/tx/ty/ttheta: 0.57850 -1.26929 0.65228 0.48538 0.43786 0.19522 0.43786 0.19522 34.61214 20.68981 28.83067 35.04868 20.93046 26.32749
lin/ang/drive_left/drive_right/tv_l/tv_r/av_l/av_r/x/y/theta/tx/ty/ttheta: 0.57684 -1.33829 0.72103 0.54467 0.43478 0.20106 0.43478 0.20106 35.05625 20.91615 28.08634 35.49930 21.14790 25.18872
lin/ang/drive_left/drive_right/tv_l/tv_r/av_l/av_r/x/y/theta/tx/ty/ttheta: 0.57397 -1.40054 0.78474 0.59360 0.42672 0.20275 0.42672 0.20275 35.54309 21.15624 27.27869 35.95419 21.35631 24.03878
lin/ang/drive_left/drive_right/tv_l/tv_r/av_l/av_r/x/y/theta/tx/ty/ttheta: 0.57462 -1.44107 0.71359 0.50204 0.45239 0.19233 0.45239 0.19233 35.98111 21.35067 26.39612 36.41320 21.55552 22.88069
lin/ang/drive_left/drive_right/tv_l/tv_r/av_l/av_r/x/y/theta/tx/ty/ttheta: 0.57541 -1.46461 0.74658 0.50064 0.44781 0.19781 0.44781 0.19781 36.43178 21.54672 25.37190 36.87619 21.74540 21.71749
lin/ang/drive_left/drive_right/tv_l/tv_r/av_l/av_r/x/y/theta/tx/ty/ttheta: 0.57780 -1.47916 0.72363 0.46898 0.45583 0.20856 0.45583 0.20856 36.86577 21.72688 24.28085 37.34297 21.92584 20.55217
lin/ang/drive_left/drive_right/tv_l/tv_r/av_l/av_r/x/y/theta/tx/ty/ttheta: 0.58179 -1.72034 1.39816 1.14049 0.44831 0.22158 0.44831 0.22158 37.78796 22.11258 23.17734 38.28712 22.25811 18.22674
lin/ang/drive_left/drive_right/tv_l/tv_r/av_l/av_r/x/y/theta/tx/ty/ttheta: 0.58180 -1.52497 0.13095 -0.12897 0.46850 0.17931 0.46850 0.17931 37.79209 22.10454 22.06557 38.28712 22.25811 18.22674
lin/ang/drive_left/drive_right/tv_l/tv_r/av_l/av_r/x/y/theta/tx/ty/ttheta: 0.58258 -1.53870 0.83651 0.55791 0.52119 0.19919 0.52119 0.19919 38.30554 22.29876 20.90143 38.76407 22.40985 17.07211
lin/ang/drive_left/drive_right/tv_l/tv_r/av_l/av_r/x/y/theta/tx/ty/ttheta: 0.58555 -1.51191 0.81156 0.49054 0.37561 0.28183 0.37561 0.28183 38.79032 22.46558 19.53478 39.24400 22.55200 15.92623
lin/ang/drive_left/drive_right/tv_l/tv_r/av_l/av_r/x/y/theta/tx/ty/ttheta: 0.59415 -1.54876 0.80724 0.50578 0.44233 0.24775 0.44233 0.24775 39.27852 22.63509 18.23140 39.82353 22.70994 14.56596
lin/ang/drive_left/drive_right/tv_l/tv_r/av_l/av_r/x/y/theta/tx/ty/ttheta: 0.58167 -1.46351 0.75850 0.47717 0.45603 0.25119 0.45603 0.25119 39.74858 22.76219 16.99830 40.21190 22.80761 13.66980
lin/ang/drive_left/drive_right/tv_l/tv_r/av_l/av_r/x/y/theta/tx/ty/ttheta: 0.56047 -1.44020 0.80764 0.53252 0.46061 0.23581 0.46061 0.23581 40.26032 22.89216 15.82068 40.79721 22.94280 12.34399
lin/ang/drive_left/drive_right/tv_l/tv_r/av_l/av_r/x/y/theta/tx/ty/ttheta: 0.54283 -1.39644 0.77796 0.51979 0.34303 0.19814 0.34303 0.19814 40.75761 23.01050 14.66624 41.28724 23.04516 11.25791
lin/ang/drive_left/drive_right/tv_l/tv_r/av_l/av_r/x/y/theta/tx/ty/ttheta: 0.51961 -1.36099 0.76746 0.53006 0.32067 0.16103 0.32067 0.16103 41.25716 23.11863 13.64553 41.77912 23.13831 10.19045
lin/ang/drive_left/drive_right/tv_l/tv_r/av_l/av_r/x/y/theta/tx/ty/ttheta: 0.50035 -1.34804 0.73161 0.53439 0.30922 0.14922 0.30922 0.14922 41.74673 23.21404 12.73291 42.27265 23.22236 9.14283
lin/ang/drive_left/drive_right/tv_l/tv_r/av_l/av_r/x/y/theta/tx/ty/ttheta: 0.47043 -1.30326 0.71370 0.53659 0.28781 0.13003 0.28781 0.13003 42.23237 23.29758 11.96756 42.66853 23.28315 8.31973
lin/ang/drive_left/drive_right/tv_l/tv_r/av_l/av_r/x/y/theta/tx/ty/ttheta: 0.45150 -1.28540 0.66762 0.48559 0.28214 0.12644 0.28214 0.12644 42.68010 23.37435 11.19482 43.06525 23.33830 7.51046
lin/ang/drive_left/drive_right/tv_l/tv_r/av_l/av_r/x/y/theta/tx/ty/ttheta: 0.42355 -1.28034 0.67855 0.49059 0.24758 0.10986 0.24758 0.10986 43.13481 23.44708 10.39547 43.56217 23.39942 6.51887
lin/ang/drive_left/drive_right/tv_l/tv_r/av_l/av_r/x/y/theta/tx/ty/ttheta: 0.40244 -1.25153 0.65518 0.46722 0.25700 0.05781 0.25700 0.05781 43.57245 23.50980 9.57856 43.96043 23.44219 5.74195
lin/ang/drive_left/drive_right/tv_l/tv_r/av_l/av_r/x/y/theta/tx/ty/ttheta: 0.37426 -1.20396 0.62149 0.41534 0.24008 -0.01044 0.24008 -0.01044 43.97776 23.56039 8.73791 44.35923 23.47961 4.97982
lin/ang/drive_left/drive_right/tv_l/tv_r/av_l/av_r/x/y/theta/tx/ty/ttheta: 0.35313 -1.13345 0.57683 0.34420 0.22417 0.04175 0.22417 0.04175 44.33914 23.59497 7.74111 44.75849 23.51176 4.23263
lin/ang/drive_left/drive_right/tv_l/tv_r/av_l/av_r/x/y/theta/tx/ty/ttheta: 0.32183 -0.99780 0.56120 0.32145 0.18769 -0.00444 0.18769 -0.00444 44.68492 23.63017 6.73823 44.95827 23.52590 3.86468
lin/ang/drive_left/drive_right/tv_l/tv_r/av_l/av_r/x/y/theta/tx/ty/ttheta: 0.30331 -0.92521 0.51670 0.27999 0.16358 0.09633 0.16358 0.09633 44.99550 23.67420 5.68429 45.25810 23.54472 3.31979
lin/ang/drive_left/drive_right/tv_l/tv_r/av_l/av_r/x/y/theta/tx/ty/ttheta: 0.27517 -0.86657 0.43597 0.23685 0.11481 0.09583 0.11481 0.09583 45.25784 23.71285 4.79686 45.55810 23.56071 2.78338
lin/ang/drive_left/drive_right/tv_l/tv_r/av_l/av_r/x/y/theta/tx/ty/ttheta: 0.25541 -0.83307 0.38280 0.24286 0.13294 0.01506 0.13294 0.01506 45.50314 23.73498 4.12221 45.85824 23.57391 2.25546
lin/ang/drive_left/drive_right/tv_l/tv_r/av_l/av_r/x/y/theta/tx/ty/ttheta: 0.22883 -0.80160 0.37627 0.24122 0.11106 -0.07169 0.11106 -0.07169 45.74466 23.76585 3.57444 46.05838 23.58119 1.90823
lin/ang/drive_left/drive_right/tv_l/tv_r/av_l/av_r/x/y/theta/tx/ty/ttheta: 0.21473 -0.72209 0.35208 0.18842 0.12475 -0.07939 0.12475 -0.07939 45.95782 23.76539 2.89023 46.25857 23.58726 1.56475
lin/ang/drive_left/drive_right/tv_l/tv_r/av_l/av_r/x/y/theta/tx/ty/ttheta: 0.18152 -0.57524 0.29561 0.10517 0.10489 0.00050 0.10489 0.00050 46.11609 23.75786 2.10982 46.35868 23.58984 1.39442
lin/ang/drive_left/drive_right/tv_l/tv_r/av_l/av_r/x/y/theta/tx/ty/ttheta: 0.17983 -0.47624 0.26874 0.08973 0.00906 0.01164 0.00906 0.01164 46.25720 23.75901 1.29337 46.45879 23.59213 1.22503
lin/ang/drive_left/drive_right/tv_l/tv_r/av_l/av_r/x/y/theta/tx/ty/ttheta: 0.16114 -0.47025 0.20421 0.10301 -0.03678 0.02772 -0.03678 0.02772 46.37728 23.80319 0.76418 46.55891 23.59413 1.05656
lin/ang/drive_left/drive_right/tv_l/tv_r/av_l/av_r/x/y/theta/tx/ty/ttheta: 0.14118 -0.49217 0.12076 0.11246 0.09289 0.03681 0.09289 0.03681 46.46881 23.82648 0.65032 46.65905 23.59582 0.88903
lin/ang/drive_left/drive_right/tv_l/tv_r/av_l/av_r/x/y/theta/tx/ty/ttheta: 0.13969 -0.51130 0.02817 0.05684 0.08947 -0.09772 0.08947 -0.09772 46.50224 23.83023 0.74396 46.65905 23.59582 0.88903
lin/ang/drive_left/drive_right/tv_l/tv_r/av_l/av_r/x/y/theta/tx/ty/ttheta: 0.14253 -0.55179 0.04171 0.04731 0.11842 -0.03081 0.11842 -0.03081 46.53727 23.83207 0.81505 46.75917 23.59723 0.72241
lin/ang/drive_left/drive_right/tv_l/tv_r/av_l/av_r/x/y/theta/tx/ty/ttheta: 0.14155 -0.52407 0.04997 0.00856 0.17281 0.07050 0.17281 0.07050 46.56035 23.82939 0.65953 46.75917 23.59723 0.72241
lin/ang/drive_left/drive_right/tv_l/tv_r/av_l/av_r/x/y/theta/tx/ty/ttheta: 0.14092 -0.48129 0.05203 -0.01277 0.17233 0.08181 0.17233 0.08181 46.57585 23.82494 0.41894 46.75917 23.59723 0.72241
lin/ang/drive_left/drive_right/tv_l/tv_r/av_l/av_r/x/y/theta/tx/ty/ttheta: 0.11937 -0.42742 0.08357 0.01757 0.13536 0.09703 0.13536 0.09703 46.61569 23.81948 0.12212 46.85931 23.59835 0.55674
lin/ang/drive_left/drive_right/tv_l/tv_r/av_l/av_r/x/y/theta/tx/ty/ttheta: 0.11746 -0.39011 0.07702 0.03589 0.06244 0.04108 0.06244 0.04108 46.66015 23.81551 -0.08719 46.85931 23.59835 0.55674
lin/ang/drive_left/drive_right/tv_l/tv_r/av_l/av_r/x/y/theta/tx/ty/ttheta: 0.08765 -0.37245 0.07410 0.06941 -0.02636 -0.00392 -0.02636 -0.00392 46.71665 23.81452 -0.13333 46.95945 23.59918 0.39197
lin/ang/drive_left/drive_right/tv_l/tv_r/av_l/av_r/x/y/theta/tx/ty/ttheta: 0.08530 -0.40186 0.06334 0.07255 0.03269 -0.01781 0.03269 -0.01781 46.77018 23.83009 -0.11196 46.95945 23.59918 0.39197
lin/ang/drive_left/drive_right/tv_l/tv_r/av_l/av_r/x/y/theta/tx/ty/ttheta: 0.08381 -0.41574 0.03276 0.05227 -0.03644 -0.13792 -0.03644 -0.13792 46.80366 23.83155 -0.03329 46.95945 23.59918 0.39197
lin/ang/drive_left/drive_right/tv_l/tv_r/av_l/av_r/x/y/theta/tx/ty/ttheta: 0.08693 -0.44767 0.03939 0.03427 0.11686 -0.08283 0.11686 -0.08283 46.83266 23.83198 -0.01052 47.05959 23.59972 0.22815
lin/ang/drive_left/drive_right/tv_l/tv_r/av_l/av_r/x/y/theta/tx/ty/ttheta: 0.08621 -0.42894 0.03532 0.00767 0.13397 -0.03219 0.13397 -0.03219 46.84959 23.82994 -0.11599 47.05959 23.59972 0.22815
lin/ang/drive_left/drive_right/tv_l/tv_r/av_l/av_r/x/y/theta/tx/ty/ttheta: 0.08624 -0.38732 0.03069 -0.03027 0.13619 0.06436 0.13619 0.06436 46.84973 23.82544 -0.35056 47.05959 23.59972 0.22815
lin/ang/drive_left/drive_right/tv_l/tv_r/av_l/av_r/x/y/theta/tx/ty/ttheta: 0.08527 -0.34709 0.05475 0.00391 0.10847 0.08436 0.10847 0.08436 46.87279 23.82091 -0.57793 47.05959 23.59972 0.22815
lin/ang/drive_left/drive_right/tv_l/tv_r/av_l/av_r/x/y/theta/tx/ty/ttheta: 0.08489 -0.31588 0.02949 -0.00579 0.10369 0.08711 0.10369 0.08711 46.88208 23.81742 -0.75461 47.05959 23.59972 0.22815
lin/ang/drive_left/drive_right/tv_l/tv_r/av_l/av_r/x/y/theta/tx/ty/ttheta: 0.08436 -0.30522 0.02055 0.01045 0.10850 0.07292 0.10850 0.07292 46.89427 23.81609 -0.81510 47.05959 23.59972 0.22815
lin/ang/drive_left/drive_right/tv_l/tv_r/av_l/av_r/x/y/theta/tx/ty/ttheta: 0.00618 -0.22840 0.03306 0.03665 0.10883 0.07033 0.10883 0.07033 46.92171 23.81588 -0.80583 47.05959 23.59972 0.22815
lin/ang/drive_left/drive_right/tv_l/tv_r/av_l/av_r/x/y/theta/tx/ty/ttheta: 0.00484 -0.22877 0.03847 0.03920 0.10200 0.05047 0.10200 0.05047 46.95229 23.81549 -0.80370 47.05959 23.59972 0.22815
lin/ang/drive_left/drive_right/tv_l/tv_r/av_l/av_r/x/y/theta/tx/ty/ttheta: 0.00337 -0.23239 0.04031 0.04483 0.08144 -0.07481 0.08144 -0.07481 46.98581 23.81542 -0.78279 47.05959 23.59972 0.22815
lin/ang/drive_left/drive_right/tv_l/tv_r/av_l/av_r/x/y/theta/tx/ty/ttheta: 0.00622 -0.25858 0.04756 0.04161 0.07972 -0.08350 0.07972 -0.08350 47.02091 23.81472 -0.79442 47.15973 23.59997 0.06524
lin/ang/drive_left/drive_right/tv_l/tv_r/av_l/av_r/x/y/theta/tx/ty/ttheta: 0.00489 -0.24507 0.05131 0.02650 0.08008 -0.08128 0.08008 -0.08128 47.05152 23.81279 -0.87234 47.15973 23.59997 0.06524
lin/ang/drive_left/drive_right/tv_l/tv_r/av_l/av_r/x/y/theta/tx/ty/ttheta: 0.00398 -0.21246 0.05098 0.00364 0.08028 -0.07767 0.08028 -0.07767 47.07296 23.80883 -1.06115 47.15973 23.59997 0.06524
lin/ang/drive_left/drive_right/tv_l/tv_r/av_l/av_r/x/y/theta/tx/ty/ttheta: 0.00360 -0.18138 0.03121 -0.00750 0.07956 -0.07800 0.07956 -0.07800 47.08222 23.80518 -1.24147 47.15973 23.59997 0.06524
lin/ang/drive_left/drive_right/tv_l/tv_r/av_l/av_r/x/y/theta/tx/ty/ttheta: 0.00334 -0.16225 0.01874 -0.00309 0.07922 -0.07594 0.07922 -0.07594 47.08833 23.80291 -1.35252 47.15973 23.59997 0.06524
lin/ang/drive_left/drive_right/tv_l/tv_r/av_l/av_r/x/y/theta/tx/ty/ttheta: 0.00335 -0.15059 0.00686 -0.00674 0.07767 -0.06911 0.07767 -0.06911 47.08834 23.80161 -1.42029 47.15973 23.59997 0.06524
lin/ang/drive_left/drive_right/tv_l/tv_r/av_l/av_r/x/y/theta/tx/ty/ttheta: 0.00329 -0.14501 0.00537 -0.00134 0.06981 -0.06894 0.06981 -0.06894 47.08992 23.80095 -1.45269 47.15973 23.59997 0.06524
lin/ang/drive_left/drive_right/tv_l/tv_r/av_l/av_r/x/y/theta/tx/ty/ttheta: 0.00329 -0.14091 0.00227 -0.00223 0.06947 -0.06931 0.06947 -0.06931 47.08992 23.80049 -1.47653 47.15973 23.59997 0.06524
lin/ang/drive_left/drive_right/tv_l/tv_r/av_l/av_r/x/y/theta/tx/ty/ttheta: 0.00322 -0.13943 0.00261 0.00138 0.06964 -0.06894 0.06964 -0.06894 47.09148 23.80029 -1.48516 47.15973 23.59997 0.06524
lin/ang/drive_left/drive_right/tv_l/tv_r/av_l/av_r/x/y/theta/tx/ty/ttheta: 0.00322 -0.13981 0.00002 -0.00003 0.06944 -0.06914 0.06944 -0.06914 47.09148 23.80033 -1.48292 47.15973 23.59997 0.06524
lin/ang/drive_left/drive_right/tv_l/tv_r/av_l/av_r/x/y/theta/tx/ty/ttheta: 0.00322 -0.13849 0.00123 -0.00121 0.06947 -0.06931 0.06947 -0.06931 47.09149 23.80018 -1.49060 47.15973 23.59997 0.06524
lin/ang/drive_left/drive_right/tv_l/tv_r/av_l/av_r/x/y/theta/tx/ty/ttheta: 0.00322 -0.13677 0.00099 -0.00097 0.06931 -0.06878 0.06931 -0.06878 47.09149 23.79999 -1.50058 47.15973 23.59997 0.06524
lin/ang/drive_left/drive_right/tv_l/tv_r/av_l/av_r/x/y/theta/tx/ty/ttheta: 0.00322 -0.13623 0.00039 -0.00038 0.06911 -0.06894 0.06911 -0.06894 47.09149 23.79993 -1.50375 47.15973 23.59997 0.06524
lin/ang/drive_left/drive_right/tv_l/tv_r/av_l/av_r/x/y/theta/tx/ty/ttheta: 0.00322 -0.13517 0.00104 -0.00103 0.06928 -0.06878 0.06928 -0.06878 47.09149 23.79981 -1.50988 47.15973 23.59997 0.06524
lin/ang/drive_left/drive_right/tv_l/tv_r/av_l/av_r/x/y/theta/tx/ty/ttheta: 0.00323 -0.13449 -0.00008 0.00009 0.06928 -0.06933 0.06928 -0.06933 47.09149 23.79974 -1.51385 47.15973 23.59997 0.06524
lin/ang/drive_left/drive_right/tv_l/tv_r/av_l/av_r/x/y/theta/tx/ty/ttheta: 0.00323 -0.13482 -0.00000 -0.00000 0.06964 -0.06842 0.06964 -0.06842 47.09149 23.79977 -1.51196 47.15973 23.59997 0.06524
lin/ang/drive_left/drive_right/tv_l/tv_r/av_l/av_r/x/y/theta/tx/ty/ttheta: 0.00323 -0.13450 0.00000 0.00000 0.06928 -0.06858 0.06928 -0.06858 47.09149 23.79974 -1.51381 47.15973 23.59997 0.06524
lin/ang/drive_left/drive_right/tv_l/tv_r/av_l/av_r/x/y/theta/tx/ty/ttheta: 0.00323 -0.13394 0.00037 -0.00037 0.06928 -0.06875 0.06928 -0.06875 47.09149 23.79967 -1.51706 47.15973 23.59997 0.06524
lin/ang/drive_left/drive_right/tv_l/tv_r/av_l/av_r/x/y/theta/tx/ty/ttheta: 0.00323 -0.13399 -0.00041 0.00041 0.06911 -0.06894 0.06911 -0.06894 47.09149 23.79968 -1.51676 47.15973 23.59997 0.06524
lin/ang/drive_left/drive_right/tv_l/tv_r/av_l/av_r/x/y/theta/tx/ty/ttheta: 0.00323 -0.13387 0.00020 -0.00020 0.06928 -0.06878 0.06928 -0.06878 47.09149 23.79967 -1.51744 47.15973 23.59997 0.06524
lin/ang/drive_left/drive_right/tv_l/tv_r/av_l/av_r/x/y/theta/tx/ty/ttheta: 0.00323 -0.13415 -0.00021 0.00021 0.06928 -0.06842 0.06928 -0.06842 47.09149 23.79970 -1.51582 47.15973 23.59997 0.06524
lin/ang/drive_left/drive_right/tv_l/tv_r/av_l/av_r/x/y/theta/tx/ty/ttheta: 0.00323 -0.13377 0.00038 -0.00038 0.06911 -0.06858 0.06911 -0.06858 47.09149 23.79966 -1.51805 47.15973 23.59997 0.06524
lin/ang/drive_left/drive_right/tv_l/tv_r/av_l/av_r/x/y/theta/tx/ty/ttheta: 0.00323 -0.13353 0.00000 -0.00000 0.06931 -0.06894 0.06931 -0.06894 47.09149 23.79963 -1.51945 47.15973 23.59997 0.06524
lin/ang/drive_left/drive_right/tv_l/tv_r/av_l/av_r/x/y/theta/tx/ty/ttheta: 0.00323 -0.13389 -0.00037 0.00037 0.06928 -0.06858 0.06928 -0.06858 47.09149 23.79967 -1.51734 47.15973 23.59997 0.06524
lin/ang/drive_left/drive_right/tv_l/tv_r/av_l/av_r/x/y/theta/tx/ty/ttheta: 0.00323 -0.13398 0.00004 -0.00004 0.06928 -0.06894 0.06928 -0.06894 47.09149 23.79968 -1.51681 47.15973 23.59997 0.06524
lin/ang/drive_left/drive_right/tv_l/tv_r/av_l/av_r/x/y/theta/tx/ty/ttheta: 0.00323 -0.13373 -0.00007 0.00007 0.06911 -0.06894 0.06911 -0.06894 47.09149 23.79965 -1.51824 47.15973 23.59997 0.06524
lin/ang/drive_left/drive_right/tv_l/tv_r/av_l/av_r/x/y/theta/tx/ty/ttheta: 0.00323 -0.13378 -0.00011 0.00011 0.06928 -0.06858 0.06928 -0.06858 47.09149 23.79966 -1.51798 47.15973 23.59997 0.06524
lin/ang/drive_left/drive_right/tv_l/tv_r/av_l/av_r/x/y/theta/tx/ty/ttheta: 0.00323 -0.13389 -0.00010 0.00009 0.06981 -0.06875 0.06981 -0.06875 47.09149 23.79967 -1.51736 47.15973 23.59997 0.06524
lin/ang/drive_left/drive_right/tv_l/tv_r/av_l/av_r/x/y/theta/tx/ty/ttheta: 0.00323 -0.13353 0.00024 -0.00024 0.06928 -0.06858 0.06928 -0.06858 47.09149 23.79963 -1.51941 47.15973 23.59997 0.06524
lin/ang/drive_left/drive_right/tv_l/tv_r/av_l/av_r/x/y/theta/tx/ty/ttheta: 0.00323 -0.13369 -0.00004 0.00004 0.06911 -0.06858 0.06911 -0.06858 47.09149 23.79965 -1.51850 47.15973 23.59997 0.06524
lin/ang/drive_left/drive_right/tv_l/tv_r/av_l/av_r/x/y/theta/tx/ty/ttheta: 0.00323 -0.13359 0.00036 -0.00036 0.06911 -0.06875 0.06911 -0.06875 47.09149 23.79964 -1.51909 47.15973 23.59997 0.06524
lin/ang/drive_left/drive_right/tv_l/tv_r/av_l/av_r/x/y/theta/tx/ty/ttheta: 0.00323 -0.13387 0.00000 -0.00000 0.06914 -0.06894 0.06914 -0.06894 47.09149 23.79967 -1.51744 47.15973 23.59997 0.06524
lin/ang/drive_left/drive_right/tv_l/tv_r/av_l/av_r/x/y/theta/tx/ty/ttheta: 0.00323 -0.13373 0.00021 -0.00021 0.06894 -0.06931 0.06894 -0.06931 47.09149 23.79965 -1.51828 47.15973 23.59997 0.06524
lin/ang/drive_left/drive_right/tv_l/tv_r/av_l/av_r/x/y/theta/tx/ty/ttheta: 0.00323 -0.13371 0.00042 -0.00042 0.06911 -0.06875 0.06911 -0.06875 47.09149 23.79965 -1.51836 47.15973 23.59997 0.06524
lin/ang/drive_left/drive_right/tv_l/tv_r/av_l/av_r/x/y/theta/tx/ty/ttheta: 0.00323 -0.13384 -0.00010 0.00010 0.06911 -0.06878 0.06911 -0.06878 47.09149 23.79966 -1.51765 47.15973 23.59997 0.06524
lin/ang/drive_left/drive_right/tv_l/tv_r/av_l/av_r/x/y/theta/tx/ty/ttheta: 0.00323 -0.13386 -0.00004 0.00004 0.06911 -0.06878 0.06911 -0.06878 47.09149 23.79967 -1.51750 47.15973 23.59997 0.06524
lin/ang/drive_left/drive_right/tv_l/tv_r/av_l/av_r/x/y/theta/tx/ty/ttheta: 0.00323 -0.13379 0.00005 -0.00005 0.06931 -0.06897 0.06931 -0.06897 47.09149 23.79966 -1.51791 47.15973 23.59997 0.06524
lin/ang/drive_left/drive_right/tv_l/tv_r/av_l/av_r/x/y/theta/tx/ty/ttheta: 0.00323 -0.13366 0.00017 -0.00017 0.06911 -0.06858 0.06911 -0.06858 47.09149 23.79964 -1.51867 47.15973 23.59997 0.06524
lin/ang/drive_left/drive_right/tv_l/tv_r/av_l/av_r/x/y/theta/tx/ty/ttheta: 0.00323 -0.13402 -0.00019 0.00018 0.06911 -0.06875 0.06911 -0.06875 47.09149 23.79968 -1.51656 47.15973 23.59997 0.06524
lin/ang/drive_left/drive_right/tv_l/tv_r/av_l/av_r/x/y/theta/tx/ty/ttheta: 0.00323 -0.13384 -0.00002 0.00002 0.06928 -0.06858 0.06928 -0.06858 47.09149 23.79966 -1.51761 47.15973 23.59997 0.06524
lin/ang/drive_left/drive_right/tv_l/tv_r/av_l/av_r/x/y/theta/tx/ty/ttheta: 0.00323 -0.13370 0.00008 -0.00008 0.06947 -0.06878 0.06947 -0.06878 47.09149 23.79965 -1.51844 47.15973 23.59997 0.06524
lin/ang/drive_left/drive_right/tv_l/tv_r/av_l/av_r/x/y/theta/tx/ty/ttheta: 0.00323 -0.13375 -0.00006 0.00005 0.06947 -0.06875 0.06947 -0.06875 47.09149 23.79965 -1.51815 47.15973 23.59997 0.06524
lin/ang/drive_left/drive_right/tv_l/tv_r/av_l/av_r/x/y/theta/tx/ty/ttheta: 0.00323 -0.13396 -0.00040 0.00040 0.06914 -0.06894 0.06914 -0.06894 47.09149 23.79968 -1.51695 47.15973 23.59997 0.06524
lin/ang/drive_left/drive_right/tv_l/tv_r/av_l/av_r/x/y/theta/tx/ty/ttheta: 0.00323 -0.13378 -0.00004 0.00004 0.06931 -0.06897 0.06931 -0.06897 47.09149 23.79966 -1.51796 47.15973 23.59997 0.06524
lin/ang/drive_left/drive_right/tv_l/tv_r/av_l/av_r/x/y/theta/tx/ty/ttheta: 0.00323 -0.13380 -0.00022 0.00022 0.06947 -0.06894 0.06947 -0.06894 47.09149 23.79966 -1.51787 47.15973 23.59997 0.06524
lin/ang/drive_left/drive_right/tv_l/tv_r/av_l/av_r/x/y/theta/tx/ty/ttheta: 0.00323 -0.13403 -0.00023 0.00023 0.06947 -0.06894 0.06947 -0.06894 47.09149 23.79969 -1.51651 47.15973 23.59997 0.06524
lin/ang/drive_left/drive_right/tv_l/tv_r/av_l/av_r/x/y/theta/tx/ty/ttheta: 0.00323 -0.13385 0.00026 -0.00026 0.06931 -0.06875 0.06931 -0.06875 47.09149 23.79966 -1.51759 47.15973 23.59997 0.06524
lin/ang/drive_left/drive_right/tv_l/tv_r/av_l/av_r/x/y/theta/tx/ty/ttheta: 0.00323 -0.13364 0.00030 -0.00030 0.06928 -0.06878 0.06928 -0.06878 47.09149 23.79964 -1.51879 47.15973 23.59997 0.06524
lin/ang/drive_left/drive_right/tv_l/tv_r/av_l/av_r/x/y/theta/tx/ty/ttheta: 0.00323 -0.13381 0.00005 -0.00005 0.06928 -0.06878 0.06928 -0.06878 47.09149 23.79966 -1.51782 47.15973 23.59997 0.06524
lin/ang/drive_left/drive_right/tv_l/tv_r/av_l/av_r/x/y/theta/tx/ty/ttheta: 0.00323 -0.13379 -0.00002 0.00002 0.06947 -0.06914 0.06947 -0.06914 47.09149 23.79966 -1.51792 47.15973 23.59997 0.06524
lin/ang/drive_left/drive_right/tv_l/tv_r/av_l/av_r/x/y/theta/tx/ty/ttheta: 0.00323 -0.13396 0.00001 -0.00001 0.06947 -0.06875 0.06947 -0.06875 47.09149 23.79968 -1.51692 47.15973 23.59997 0.06524
lin/ang/drive_left/drive_right/tv_l/tv_r/av_l/av_r/x/y/theta/tx/ty/ttheta: 0.00323 -0.13394 -0.00028 0.00028 0.06928 -0.06842 0.06928 -0.06842 47.09149 23.79968 -1.51703 47.15973 23.59997 0.06524
lin/ang/drive_left/drive_right/tv_l/tv_r/av_l/av_r/x/y/theta/tx/ty/ttheta: 0.00323 -0.13385 -0.00001 0.00001 0.06911 -0.06894 0.06911 -0.06894 47.09149 23.79966 -1.51759 47.15973 23.59997 0.06524
lin/ang/drive_left/drive_right/tv_l/tv_r/av_l/av_r/x/y/theta/tx/ty/ttheta: 0.00323 -0.13388 -0.00002 0.00002 0.06928 -0.06842 0.06928 -0.06842 47.09149 23.79967 -1.51737 47.15973 23.59997 0.06524
lin/ang/drive_left/drive_right/tv_l/tv_r/av_l/av_r/x/y/theta/tx/ty/ttheta: 0.00323 -0.13381 0.00005 -0.00005 0.06947 -0.06894 0.06947 -0.06894 47.09149 23.79966 -1.51780 47.15973 23.59997 0.06524
lin/ang/drive_left/drive_right/tv_l/tv_r/av_l/av_r/x/y/theta/tx/ty/ttheta: 0.00323 -0.13379 -0.00019 0.00019 0.06947 -0.06894 0.06947 -0.06894 47.09149 23.79966 -1.51794 47.15973 23.59997 0.06524
lin/ang/drive_left/drive_right/tv_l/tv_r/av_l/av_r/x/y/theta/tx/ty/ttheta: 0.00323 -0.13369 0.00011 -0.00011 0.06928 -0.06878 0.06928 -0.06878 47.09149 23.79965 -1.51852 47.15973 23.59997 0.06524
lin/ang/drive_left/drive_right/tv_l/tv_r/av_l/av_r/x/y/theta/tx/ty/ttheta: 0.00323 -0.13384 0.00007 -0.00007 0.06928 -0.06875 0.06928 -0.06875 47.09149 23.79966 -1.51760 47.15973 23.59997 0.06524
lin/ang/drive_left/drive_right/tv_l/tv_r/av_l/av_r/x/y/theta/tx/ty/ttheta: 0.00323 -0.13380 -0.00003 0.00003 0.06928 -0.06894 0.06928 -0.06894 47.09149 23.79966 -1.51784 47.15973 23.59997 0.06524
lin/ang/drive_left/drive_right/tv_l/tv_r/av_l/av_r/x/y/theta/tx/ty/ttheta: 0.00323 -0.13382 -0.00006 0.00006 0.06931 -0.06894 0.06931 -0.06894 47.09149 23.79966 -1.51772 47.15973 23.59997 0.06524
lin/ang/drive_left/drive_right/tv_l/tv_r/av_l/av_r/x/y/theta/tx/ty/ttheta: 0.00323 -0.13393 -0.00032 0.00032 0.06928 -0.06894 0.06928 -0.06894 47.09149 23.79967 -1.51708 47.15973 23.59997 0.06524
lin/ang/drive_left/drive_right/tv_l/tv_r/av_l/av_r/x/y/theta/tx/ty/ttheta: 0.00323 -0.13370 0.00024 -0.00024 0.06931 -0.06914 0.06931 -0.06914 47.09149 23.79965 -1.51842 47.15973 23.59997 0.06524
lin/ang/drive_left/drive_right/tv_l/tv_r/av_l/av_r/x/y/theta/tx/ty/ttheta: 0.00323 -0.13379 0.00001 -0.00001 0.06911 -0.06875 0.06911 -0.06875 47.09149 23.79966 -1.51794 47.15973 23.59997 0.06524
lin/ang/drive_left/drive_right/tv_l/tv_r/av_l/av_r/x/y/theta/tx/ty/ttheta: 0.00323 -0.13385 -0.00034 0.00034 0.06928 -0.06950 0.06928 -0.06950 47.09149 23.79967 -1.51756 47.15973 23.59997 0.06524
lin/ang/drive_left/drive_right/tv_l/tv_r/av_l/av_r/x/y/theta/tx/ty/ttheta: 0.00323 -0.13378 -0.00021 0.00021 0.06944 -0.06858 0.06944 -0.06858 47.09149 23.79966 -1.51795 47.15973 23.59997 0.06524
lin/ang/drive_left/drive_right/tv_l/tv_r/av_l/av_r/x/y/theta/tx/ty/ttheta: 0.00323 -0.13373 0.00029 -0.00029 0.06944 -0.06894 0.06944 -0.06894 47.09149 23.79965 -1.51824 47.15973 23.59997 0.06524
lin/ang/drive_left/drive_right/tv_l/tv_r/av_l/av_r/x/y/theta/tx/ty/ttheta: 0.00323 -0.13366 0.00008 -0.00008 0.06928 -0.06875 0.06928 -0.06875 47.09149 23.79964 -1.51869 47.15973 23.59997 0.06524
lin/ang/drive_left/drive_right/tv_l/tv_r/av_l/av_r/x/y/theta/tx/ty/ttheta: 0.00323 -0.13365 0.00001 -0.00001 0.06894 -0.06894 0.06894 -0.06894 47.09149 23.79964 -1.51872 47.15973 23.59997 0.06524
lin/ang/drive_left/drive_right/tv_l/tv_r/av_l/av_r/x/y/theta/tx/ty/ttheta: 0.00323 -0.13384 -0.00016 0.00016 0.06964 -0.06914 0.06964 -0.06914 47.09149 23.79966 -1.51764 47.15973 23.59997 0.06524
lin/ang/drive_left/drive_right/tv_l/tv_r/av_l/av_r/x/y/theta/tx/ty/ttheta: 0.00323 -0.13373 0.00005 -0.00005 0.06928 -0.06894 0.06928 -0.06894 47.09149 23.79965 -1.51824 47.15973 23.59997 0.06524
lin/ang/drive_left/drive_right/tv_l/tv_r/av_l/av_r/x/y/theta/tx/ty/ttheta: 0.00323 -0.13390 -0.00037 0.00037 0.06947 -0.06897 0.06947 -0.06897 47.09149 23.79967 -1.51727 47.15973 23.59997 0.06524
lin/ang/drive_left/drive_right/tv_l/tv_r/av_l/av_r/x/y/theta/tx/ty/ttheta: 0.00323 -0.13369 0.00005 -0.00004 0.06944 -0.06894 0.06944 -0.06894 47.09149 23.79965 -1.51851 47.15973 23.59997 0.06524
lin/ang/drive_left/drive_right/tv_l/tv_r/av_l/av_r/x/y/theta/tx/ty/ttheta: 0.00323 -0.13395 -0.00001 0.00000 0.06928 -0.06894 0.06928 -0.06894 47.09149 23.79968 -1.51700 47.15973 23.59997 0.06524
lin/ang/drive_left/drive_right/tv_l/tv_r/av_l/av_r/x/y/theta/tx/ty/ttheta: 0.00323 -0.13404 -0.00012 0.00012 0.06964 -0.06875 0.06964 -0.06875 47.09149 23.79969 -1.51645 47.15973 23.59997 0.06524
lin/ang/drive_left/drive_right/tv_l/tv_r/av_l/av_r/x/y/theta/tx/ty/ttheta: 0.00323 -0.13369 0.00026 -0.00026 0.06894 -0.06842 0.06894 -0.06842 47.09149 23.79965 -1.51849 47.15973 23.59997 0.06524
lin/ang/drive_left/drive_right/tv_l/tv_r/av_l/av_r/x/y/theta/tx/ty/ttheta: 0.00323 -0.13391 0.00001 -0.00001 0.06911 -0.06894 0.06911 -0.06894 47.09149 23.79967 -1.51720 47.15973 23.59997 0.06524
lin/ang/drive_left/drive_right/tv_l/tv_r/av_l/av_r/x/y/theta/tx/ty/ttheta: 0.00323 -0.13379 0.00003 -0.00003 0.06931 -0.06875 0.06931 -0.06875 47.09149 23.79966 -1.51794 47.15973 23.59997 0.06524
lin/ang/drive_left/drive_right/tv_l/tv_r/av_l/av_r/x/y/theta/tx/ty/ttheta: 0.00323 -0.13382 -0.00007 0.00007 0.06928 -0.06878 0.06928 -0.06878 47.09149 23.79966 -1.51777 47.15973 23.59997 0.06524
lin/ang/drive_left/drive_right/tv_l/tv_r/av_l/av_r/x/y/theta/tx/ty/ttheta: 0.00323 -0.13369 0.00023 -0.00023 0.06928 -0.06894 0.06928 -0.06894 47.09149 23.79965 -1.51853 47.15973 23.59997 0.06524
lin/ang/drive_left/drive_right/tv_l/tv_r/av_l/av_r/x/y/theta/tx/ty/ttheta: 0.00323 -0.13358 0.00009 -0.00009 0.06944 -0.06842 0.06944 -0.06842 47.09149 23.79963 -1.51913 47.15973 23.59997 0.06524
lin/ang/drive_left/drive_right/tv_l/tv_r/av_l/av_r/x/y/theta/tx/ty/ttheta: 0.00323 -0.13381 -0.00008 0.00008 0.06964 -0.06894 0.06964 -0.06894 47.09149 23.79966 -1.51783 47.15973 23.59997 0.06524
lin/ang/drive_left/drive_right/tv_l/tv_r/av_l/av_r/x/y/theta/tx/ty/ttheta: 0.00323 -0.13379 0.00034 -0.00034 0.06964 -0.06894 0.06964 -0.06894 47.09149 23.79966 -1.51790 47.15973 23.59997 0.06524
lin/ang/drive_left/drive_right/tv_l/tv_r/av_l/av_r/x/y/theta/tx/ty/ttheta: 0.00323 -0.13385 -0.00032 0.00032 0.06911 -0.06858 0.06911 -0.06858 47.09149 23.79967 -1.51755 47.15973 23.59997 0.06524
lin/ang/drive_left/drive_right/tv_l/tv_r/av_l/av_r/x/y/theta/tx/ty/ttheta: 0.00323 -0.13387 0.00007 -0.00007 0.06928 -0.06858 0.06928 -0.06858 47.09149 23.79967 -1.51744 47.15973 23.59997 0.06524
lin/ang/drive_left/drive_right/tv_l/tv_r/av_l/av_r/x/y/theta/tx/ty/ttheta: 0.00323 -0.13375 0.00017 -0.00016 0.06928 -0.06875 0.06928 -0.06875 47.09149 23.79965 -1.51814 47.15973 23.59997 0.06524
lin/ang/drive_left/drive_right/tv_l/tv_r/av_l/av_r/x/y/theta/tx/ty/ttheta: 0.00323 -0.13397 -0.00001 0.00000 0.06931 -0.06897 0.06931 -0.06897 47.09149 23.79968 -1.51688 47.15973 23.59997 0.06524
lin/ang/drive_left/drive_right/tv_l/tv_r/av_l/av_r/x/y/theta/tx/ty/ttheta: 0.00323 -0.13384 -0.00001 0.00001 0.06914 -0.06894 0.06914 -0.06894 47.09149 23.79966 -1.51762 47.15973 23.59997 0.06524
lin/ang/drive_left/drive_right/tv_l/tv_r/av_l/av_r/x/y/theta/tx/ty/ttheta: 0.00323 -0.13368 0.00020 -0.00020 0.06928 -0.06858 0.06928 -0.06858 47.09149 23.79965 -1.51858 47.15973 23.59997 0.06524
WARNING - pros.serial.terminal.terminal:reader - Connection to /dev/ttyACM1 broken - pros-cli version:3.5.6
WARNING - pros.serial.terminal.terminal:stop - Stopping terminal - pros-cli version:3.5.6

[tomas@nixbtw:~/projects/Robotics/current/libs/lyfast]$

