
[tomas@nixbtw:~/projects/Robotics/current/libs/lyfast]$ m
Not sending analytics for this command.

Compiled src/lyfast/controllers/vel_controller.c++ [WARNINGS]
In file included from src/lyfast/controllers/vel_controller.c++:1:
./include/lyfast/controllers/vel_controller.hpp: In instantiation of 'void blazing::lyfast::PIDVelocityController<VelUnit>::setTarget(VelUnit) [with VelUnit = LinearVelocity]':
./include/lyfast/controllers/vel_controller.hpp:345:24:   required from here
  345 |         m_pid.setTarget(v_target);
      |         ~~~~~~~~~~~~~~~^~~~~~~~~~
./include/lyfast/controllers/vel_controller.hpp:170:30: warning: comparison of integer expressions of different signedness: 'std::queue<LinearVelocity, std::deque<LinearVelocity, std::allocator<LinearVelocity> > >::size_type' {aka 'unsigned int'} and 'int' [-Wsign-compare]
  170 |         if (m_targets.size() > num_targets) m_targets.pop();
      |             ~~~~~~~~~~~~~~~~~^~~~~~~~~~~~~
Compiled src/main.cpp [WARNINGS]
In file included from ./include/api.h:68,
                 from ./include/main.h:37,
                 from src/main.cpp:1:
./include/pros/imu.hpp:145:30: warning: 'virtual int32_t pros::v5::Imu::reset(bool) const' was hidden [-Woverloaded-virtual=]
  145 |         virtual std::int32_t reset(bool blocking = false) const;
      |                              ^~~~~
src/main.cpp:51:13: note:   by 'int32_t ScaledIMU::reset(bool)'
   51 |     int32_t reset(bool blocking = false) {
      |             ^~~~~
./include/pros/imu.hpp:786:30: warning: 'virtual int32_t pros::v5::Imu::set_rotation(double) const' was hidden [-Woverloaded-virtual=]
  786 |         virtual std::int32_t set_rotation(const double target) const;
      |                              ^~~~~~~~~~~~
src/main.cpp:66:17: note:   by 'virtual int ScaledIMU::set_rotation(double)'
   66 |     virtual int set_rotation(double new_rotation) {
      |                 ^~~~~~~~~~~~
src/main.cpp: In function 'void timeCriticalTask()':
src/main.cpp:1105:36: warning: variable 'speeds' set but not used [-Wunused-but-set-variable]
 1105 |                 DifferentialSpeeds speeds =
      |                                    ^~~~~~
src/main.cpp: In function 'void odom_offset_tuning()':
src/main.cpp:1423:11: warning: unused variable 'pct' [-Wunused-variable]
 1423 |     float pct = 0.5;
      |           ^~~
In file included from ./include/lyfast/controllers/api.hpp:6,
                 from ./include/lyfast/api.hpp:3,
                 from src/main.cpp:6:
./include/lyfast/controllers/vel_controller.hpp: In instantiation of 'void blazing::lyfast::PIDVelocityController<VelUnit>::setTarget(VelUnit) [with VelUnit = LinearVelocity]':
./include/lyfast/controllers/vel_controller.hpp:345:24:   required from here
  345 |         m_pid.setTarget(v_target);
      |         ~~~~~~~~~~~~~~~^~~~~~~~~~
./include/lyfast/controllers/vel_controller.hpp:170:30: warning: comparison of integer expressions of different signedness: 'std::queue<LinearVelocity, std::deque<LinearVelocity, std::allocator<LinearVelocity> > >::size_type' {aka 'unsigned int'} and 'int' [-Wsign-compare]
  170 |         if (m_targets.size() > num_targets) m_targets.pop();
      |             ~~~~~~~~~~~~~~~~~^~~~~~~~~~~~~
./include/lyfast/controllers/vel_controller.hpp: In instantiation of 'void blazing::lyfast::PIDVelocityController<VelUnit>::setTarget(VelUnit) [with VelUnit = AngularVelocity]':
./include/lyfast/controllers/vel_controller.hpp:293:24:   required from 'void blazing::lyfast::SimpleVelocityController<VelUnit>::setTarget(VelUnit) [with VelUnit = AngularVelocity]'
  293 |         m_pid.setTarget(target);
      |         ~~~~~~~~~~~~~~~^~~~~~~~
./include/lyfast/plants/velocity_plants.hpp:78:35:   required from here
   78 |             m_controller.setTarget(std::get<AngularVelocity>(new_target));
      |             ~~~~~~~~~~~~~~~~~~~~~~^~~~~~~~~~~~~~~~~~~~~~~~~~~~~~~~~~~~~~~
./include/lyfast/controllers/vel_controller.hpp:170:30: warning: comparison of integer expressions of different signedness: 'std::queue<AngularVelocity, std::deque<AngularVelocity, std::allocator<AngularVelocity> > >::size_type' {aka 'unsigned int'} and 'int' [-Wsign-compare]
  170 |         if (m_targets.size() > num_targets) m_targets.pop();
      |             ~~~~~~~~~~~~~~~~~^~~~~~~~~~~~~
Compiled src/lyfast/sysid/system_identification.c++ [WARNINGS]
In file included from ./include/lyfast/sysid/system_identification.hpp:5,
                 from src/lyfast/sysid/system_identification.c++:1:
./include/lyfast/controllers/vel_controller.hpp: In instantiation of 'void blazing::lyfast::PIDVelocityController<VelUnit>::setTarget(VelUnit) [with VelUnit = LinearVelocity]':
./include/lyfast/controllers/vel_controller.hpp:345:24:   required from here
  345 |         m_pid.setTarget(v_target);
      |         ~~~~~~~~~~~~~~~^~~~~~~~~~
./include/lyfast/controllers/vel_controller.hpp:170:30: warning: comparison of integer expressions of different signedness: 'std::queue<LinearVelocity, std::deque<LinearVelocity, std::allocator<LinearVelocity> > >::size_type' {aka 'unsigned int'} and 'int' [-Wsign-compare]
  170 |         if (m_targets.size() > num_targets) m_targets.pop();
      |             ~~~~~~~~~~~~~~~~~^~~~~~~~~~~~~
mkdir: cannot create directory ‘./bin’: File exists
make: [common.mk:213: bin/lyfast.a] Error 1 (ignored)
Creating bin/lyfast.a  [DONE]
Creating cold package with blazing,Eigen,float_units,libc,liblvgl,libm,libpros,lyfast [OK]
Stripping cold package  [DONE]
Section sizes:
   text	   data	    bss	  total	    hex	filename
2.79MB  5.05KB  57.24MB  60.03MB 3c06a87 bin/cold.package.elf
Creating cold package binary for VEX EDR V5 [DONE]
Adding timestamp [OK]
Linking hot project with ./bin/cold.package.elf and blazing,Eigen,float_units,libc,liblvgl,libm,libpros,lyfast [OK]
Section sizes:
   text	   data	    bss	  total	    hex	filename
99.41KB 452.00B  46.01MB  46.11MB 2e1ae62 bin/hot.package.elf
Creating bin/hot.package.bin for VEX EDR V5 [DONE]
Capturing metadata for PROS Editor...

[tomas@nixbtw:~/projects/Robotics/current/libs/lyfast]$ t
Not sending analytics for this command.

Established terminal connection



         _+=+_
      .-`  .  `-.          8888888b.  8888888b.   .d88888b.   .d8888b.
   _+`     "     `+_       888   Y88b 888   Y88b d88P" "Y88b d88P  Y88b
  \\\sssssssssssss///      888    888 888    888 888     888 Y88b.
     .ss\  *  /ss.         888   d88P 888   d88P 888     888  "Y888b.
 .+bm  .s  *  s.  md+.     8888888P"  8888888P"  888     888     "Y88b.
.hMMMMs .  *  . sMMMMh.    888        888 T88b   888     888       "888
 `\hMMMb \ | / dMMMh:      888        888  T88b  Y88b. .d88P Y88b  d88P
   -SNMNo  -  oNMNs-       888        888   T88b  "Y88888P"   "Y8888P"
     `+dMh\./dMd/
        `:yNy:`                      Powered by PROS for VEX V5
           "                Copyright (c) Purdue University ACM SIGBots
Version:        4.2.1     Platform:  V1.1.5 (b18)     Uptime:    0.000 s
Compiled:   Jan  1 1980 00:00:00     Directory:


starting task: 2308985
timed correctly: 2311872
total distance: 78.136703
delta_distance: 0.100000
allocated for points 791
adding points:1761
isolated constraints:2241
forwards pass:2758
backwards pass:3171
travel times:3252
final time:3262
a_{kin}=\left[99.9999,99.9999,99.9999,99.9999,99.9999,99.9999,99.9999,99.9999,99.9999,99.9999,99.9999,99.9999,99.9999,99.9999,99.9999,99.9999,99.9999,99.9999,99.9999,99.9999,99.9999,99.9999,99.9999,99.9999,99.9999,99.9999,99.9999,99.9999,99.9999,99.9999,99.9999,99.9999,99.9999,99.9999,99.9999,99.9999,99.9999,99.9999,99.9999,99.9999,99.9999,99.9999,99.9999,99.9999,99.9999,99.9999,99.9999,99.9999,99.9999,99.9999,99.9999,99.9999,99.9999,99.9999,99.9999,99.9999,99.9999,99.9999,99.9999,99.9999,99.9999,99.9999,99.9999,99.9999,99.9999,99.9999,99.9999,99.9999,99.9999,99.9999,99.9999,99.9999,99.9999,99.9999,99.9999,99.9999,99.9999,99.9999,99.9999,99.9999,99.9999,99.9999,99.9999,99.9999,99.9999,99.9999,99.9999,99.9999,99.9999,99.9999,99.9999,99.9999,99.9999,99.9999,99.9999,99.9999,99.9999,99.9999,99.9999,99.9999,99.9999,99.9999,99.9999,99.9999,99.9999,99.9999,99.9999,99.9999,99.9999,99.9999,99.9999,99.9999,99.9999,99.9999,99.9999,99.9999,99.9999,99.9999,99.9999,99.9999,99.9999,99.9999,99.9999,99.9999,99.9999,99.9999,99.9999,99.9999,99.9999,99.9999,99.9999,99.9999,99.9999,99.9999,99.9999,99.9999,99.9999,99.9999,99.9999,99.9999,99.9999,99.9999,99.9999,99.9999,99.9999,99.9999,99.9999,99.9999,99.9999,99.9999,99.9999,99.9999,99.9999,99.9999,99.9999,99.9999,99.9999,99.9999,99.9999,99.9999,99.9999,99.9999,99.9999,99.9999,99.9999,99.9999,99.9999,99.9999,99.9999,99.9999,99.9999,99.9999,99.9999,99.9999,99.9999,99.9999,99.9999,99.9999,99.9999,99.9999,99.9999,99.9999,99.9999,99.9999,99.9999,99.9999,99.9999,99.9999,99.9999,99.9999,99.9999,99.9999,99.9999,99.9999,99.9999,99.9999,99.9999,99.9999,99.9999,99.9999,99.9999,99.9999,99.9999,99.9999,99.9999,99.9999,99.9999,99.9999,99.9999,99.9999,99.9999,99.9999,99.9999,99.9999,99.9999,99.9999,99.9999,99.9999,99.9999,99.9999,99.9999,99.9999,99.9999,99.9999,99.9999,99.9999,99.9999,99.9999,99.9999,99.9999,99.9999,99.9999,99.9999,99.9999,99.9999,99.9999,87.0848,87.0213,86.9578,86.8941,86.8304,86.7666,86.7028,86.6390,86.5751,86.5112,86.4473,86.3834,86.3195,86.2556,86.1918,86.1280,86.0643,86.0006,85.9370,85.8734,85.8100,85.7467,85.6835,85.6204,85.5575,85.4948,85.4322,85.3698,85.3075,85.2456,85.1838,85.1223,85.0610,85.0000,84.9393,84.8788,84.8187,84.7589,84.6995,84.6404,84.5817,84.5234,84.4655,84.4080,84.3510,84.2944,84.2383,84.1827,84.1276,84.0731,84.0191,83.9656,83.9127,83.8604,83.8088,83.7577,83.7074,83.6577,83.6087,83.5603,83.5128,83.4659,83.4199,83.3746,83.3301,83.2865,83.2437,83.2017,83.1606,83.1204,83.0812,83.0428,83.0055,82.9691,82.9336,82.8992,82.8658,82.8335,82.8022,82.7720,82.7429,82.7149,82.6881,82.6624,82.6378,82.6145,82.5923,82.5714,82.5517,82.5332,82.5160,82.5001,82.4855,82.4722,82.4602,82.4495,82.4402,82.4322,82.4257,82.4205,82.4167,82.4143,82.4133,82.4138,82.4157,82.4191,82.4239,82.4302,82.4380,82.4473,82.4580,82.4703,82.4841,82.4994,82.5162,82.5345,82.5544,82.5758,82.5987,82.6232,82.6492,82.6768,82.7059,82.7366,82.7688,82.8026,82.8379,82.8748,82.9133,82.9532,82.9947,83.0378,83.0824,83.1285,83.1762,83.2254,83.2761,83.3283,83.3821,83.4373,83.4941,83.5523,83.6120,83.6732,83.7359,83.8000,83.8656,83.9326,84.0011,84.0709,84.1422,84.2149,84.2890,84.3644,84.4412,84.5194,84.5989,84.6798,84.7619,84.8454,84.9302,85.0162,85.1036,85.1921,85.2819,85.3730,85.4653,85.5587,85.6534,85.7492,85.8462,85.9443,86.0436,86.1440,86.2455,86.3481,86.4517,86.5564,86.6622,86.7690,86.8769,86.9857,87.0955,87.2063,87.3181,87.4309,87.5445,87.6591,87.7746,87.8911,88.0084,88.1266,88.2456,88.3655,88.4862,88.6078,88.7301,88.8533,88.9773,89.1021,89.2276,89.3539,89.4809,89.6087,89.7372,89.8664,89.9963,90.1269,90.2582,90.3902,90.5228,90.6562,90.7901,90.9248,91.0600,91.1959,91.3324,91.4696,91.6073,91.7456,91.8846,92.0241,92.1642,92.3049,92.4462,92.5880,92.7304,92.8734,93.0169,93.1610,93.3056,93.4507,93.5964,93.7427,93.8894,94.0367,94.1846,94.3329,94.4818,94.6312,94.7811,94.9316,95.0825,95.2340,95.3860,95.5385,95.6915,95.8451,95.9991,96.1537,96.3088,96.4644,96.6205,96.7772,96.9343,97.0920,97.2502,97.4089,97.5682,97.7280,97.8883,98.0491,98.2104,98.3723,98.5348,98.6977,98.8613,99.0253,99.1899,99.3550,99.5207,99.6870,99.8538,99.9788,99.8116,99.6450,99.4788,99.3133,99.1483,98.9838,98.8199,98.6565,98.4937,98.3314,98.1696,98.0084,97.8477,97.6875,97.5279,97.3688,97.2102,97.0521,96.8946,96.7376,96.5810,96.4251,96.2696,96.1146,95.9602,95.8062,95.6528,95.4999,95.3475,95.1957,95.0443,94.8935,94.7432,94.5934,94.4441,94.2954,94.1472,93.9995,93.8523,93.7056,93.5595,93.4140,93.2689,93.1245,92.9805,92.8372,92.6943,92.5521,92.4103,92.2692,92.1287,91.9887,91.8493,91.7105,91.5723,91.4347,91.2977,91.1613,91.0256,90.8905,90.7560,90.6222,90.4890,90.3565,90.2247,90.0935,89.9631,89.8333,89.7043,89.5759,89.4483,89.3215,89.1954,89.0700,88.9454,88.8216,88.6986,88.5764,88.4551,88.3345,88.2148,88.0960,87.9780,87.8609,87.7446,87.6293,87.5149,87.4015,87.2889,87.1774,87.0667,86.9571,86.8485,86.7409,86.6343,86.5288,86.4243,86.3209,86.2185,86.1173,86.0171,85.9181,85.8202,85.7235,85.6279,85.5335,85.4403,85.3484,85.2576,85.1680,85.0797,84.9927,84.9070,84.8225,84.7393,84.6574,84.5769,84.4977,84.4198,84.3433,84.2682,84.1944,84.1221,84.0512,83.9816,83.9135,83.8468,83.7816,83.7178,83.6555,83.5947,83.5353,83.4775,83.4211,83.3662,83.3129,83.2610,83.2107,83.1619,83.1146,83.0689,83.0247,82.9821,82.9410,82.9014,82.8634,82.8270,82.7921,82.7587,82.7269,82.6967,82.6680,82.6409,82.6153,82.5913,82.5688,82.5478,82.5284,82.5106,82.4942,82.4794,82.4661,82.4543,82.4440,82.4352,82.4279,82.4221,82.4178,82.4149,82.4135,82.4135,82.4150,82.4178,82.4221,82.4278,82.4349,82.4433,82.4532,82.4643,82.4768,82.4906,82.5058,82.5222,82.5399,82.5589,82.5791,82.6005,82.6232,82.6470,82.6721,82.6983,82.7256,82.7541,82.7837,82.8144,82.8462,82.8790,82.9129,82.9478,82.9837,83.0206,83.0584,83.0973,83.1370,83.1776,83.2192,83.2616,83.3049,83.3490,83.3940,83.4397,83.4862,83.5335,83.5815,83.6302,83.6797,83.7298,83.7806,83.8320,83.8841,83.9368,83.9901,84.0439,84.0984,84.1533,84.2088,84.2648,84.3213,84.3782,84.4356,84.4935,84.5517,84.6104,84.6694,84.7289,84.7886,84.8487,84.9092,84.9699,85.0309,85.0922,85.1538,85.2156,85.2777,85.3400,85.4025,85.4651,85.5280,85.5910,85.6542,85.7175,85.7810,85.8445,85.9082,85.9719,86.0358,86.0997,86.1636,86.2276,86.2917,86.3557,86.4198,86.4839,86.5480,86.6120,86.6761,86.7401,86.8040,86.8679,86.9318,86.9956,87.0593,87.0849\right]
a_{turn}=\left[5118110.0000,5118110.0000,5118110.0000,5118110.0000,5118110.0000,5118110.0000,5118110.0000,5118110.0000,5118110.0000,5118110.0000,5118110.0000,5118110.0000,5118110.0000,5118110.0000,5118110.0000,5118110.0000,5118110.0000,5118110.0000,5118110.0000,5118110.0000,5118110.0000,5118110.0000,5118110.0000,5118110.0000,5118110.0000,5118110.0000,5118110.0000,5118110.0000,5118110.0000,5118110.0000,5118110.0000,5118110.0000,5118110.0000,5118110.0000,5118110.0000,5118110.0000,5118110.0000,5118110.0000,5118110.0000,5118110.0000,5118110.0000,5118110.0000,5118110.0000,5118110.0000,5118110.0000,5118110.0000,5118110.0000,5118110.0000,5118110.0000,5118110.0000,5118110.0000,5118110.0000,5118110.0000,5118110.0000,5118110.0000,5118110.0000,5118110.0000,5118110.0000,5118110.0000,5118110.0000,5118110.0000,5118110.0000,5118110.0000,5118110.0000,5118110.0000,5118110.0000,5118110.0000,5118110.0000,5118110.0000,5118110.0000,5118110.0000,5118110.0000,5118110.0000,5118110.0000,5118110.0000,5118110.0000,5118110.0000,5118110.0000,5118110.0000,5118110.0000,5118110.0000,5118110.0000,5118110.0000,5118110.0000,5118110.0000,5118110.0000,5118110.0000,5118110.0000,5118110.0000,5118110.0000,5118110.0000,5118110.0000,5118110.0000,5118110.0000,5118110.0000,5118110.0000,5118110.0000,5118110.0000,5118110.0000,5118110.0000,5118110.0000,5118110.0000,5118110.0000,5118110.0000,5118110.0000,5118110.0000,5118110.0000,5118110.0000,5118110.0000,5118110.0000,5118110.0000,5118110.0000,5118110.0000,5118110.0000,5118110.0000,5118110.0000,5118110.0000,5118110.0000,5118110.0000,5118110.0000,5118110.0000,5118110.0000,5118110.0000,5118110.0000,5118110.0000,5118110.0000,5118110.0000,5118110.0000,5118110.0000,5118110.0000,5118110.0000,5118110.0000,5118110.0000,5118110.0000,5118110.0000,5118110.0000,5118110.0000,5118110.0000,5118110.0000,5118110.0000,5118110.0000,5118110.0000,5118110.0000,5118110.0000,5118110.0000,5118110.0000,5118110.0000,5118110.0000,5118110.0000,5118110.0000,5118110.0000,5118110.0000,5118110.0000,5118110.0000,5118110.0000,5118110.0000,5118110.0000,5118110.0000,5118110.0000,5118110.0000,5118110.0000,5118110.0000,5118110.0000,5118110.0000,5118110.0000,5118110.0000,5118110.0000,5118110.0000,5118110.0000,5118110.0000,5118110.0000,5118110.0000,5118110.0000,5118110.0000,5118110.0000,5118110.0000,5118110.0000,5118110.0000,5118110.0000,5118110.0000,5118110.0000,5118110.0000,5118110.0000,5118110.0000,5118110.0000,5118110.0000,5118110.0000,5118110.0000,5118110.0000,5118110.0000,5118110.0000,5118110.0000,5118110.0000,5118110.0000,5118110.0000,5118110.0000,5118110.0000,5118110.0000,5118110.0000,5118110.0000,5118110.0000,5118110.0000,5118110.0000,5118110.0000,5118110.0000,5118110.0000,5118110.0000,5118110.0000,5118110.0000,5118110.0000,5118110.0000,5118110.0000,5118110.0000,5118110.0000,5118110.0000,5118110.0000,5118110.0000,5118110.0000,5118110.0000,5118110.0000,5118110.0000,5118110.0000,5118110.0000,5118110.0000,5118110.0000,5118110.0000,5118110.0000,5118110.0000,5118110.0000,5118110.0000,5118110.0000,5118110.0000,5118110.0000,5118110.0000,5118110.0000,5118110.0000,46.0198,45.7612,45.5049,45.2508,44.9989,44.7492,44.5017,44.2564,44.0134,43.7726,43.5340,43.2977,43.0636,42.8318,42.6022,42.3749,42.1498,41.9270,41.7065,41.4883,41.2723,41.0586,40.8473,40.6382,40.4314,40.2269,40.0248,39.8249,39.6274,39.4323,39.2394,39.0489,38.8608,38.6749,38.4915,38.3104,38.1317,37.9554,37.7814,37.6098,37.4407,37.2739,37.1095,36.9476,36.7881,36.6309,36.4763,36.3240,36.1743,36.0270,35.8821,35.7397,35.5998,35.4624,35.3275,35.1950,35.0651,34.9377,34.8128,34.6905,34.5707,34.4534,34.3387,34.2267,34.1171,34.0102,33.9058,33.8041,33.7050,33.6085,33.5147,33.4235,33.3350,33.2491,33.1659,33.0855,33.0077,32.9326,32.8603,32.7908,32.7240,32.6599,32.5987,32.5402,32.4846,32.4318,32.3818,32.3347,32.2905,32.2492,32.2107,32.1752,32.1427,32.1130,32.0864,32.0628,32.0422,32.0246,32.0100,31.9986,31.9902,31.9849,31.9828,31.9839,31.9881,31.9955,32.0062,32.0201,32.0373,32.0578,32.0817,32.1089,32.1395,32.1736,32.2111,32.2521,32.2966,32.3446,32.3963,32.4515,32.5104,32.5731,32.6394,32.7095,32.7835,32.8613,32.9430,33.0286,33.1182,33.2119,33.3096,33.4115,33.5176,33.6279,33.7425,33.8615,33.9849,34.1127,34.2451,34.3821,34.5238,34.6702,34.8214,34.9775,35.1386,35.3047,35.4759,35.6524,35.8341,36.0212,36.2138,36.4120,36.6158,36.8254,37.0409,37.2624,37.4901,37.7239,37.9641,38.2108,38.4642,38.7243,38.9913,39.2653,39.5466,39.8352,40.1314,40.4353,40.7471,41.0670,41.3952,41.7319,42.0773,42.4316,42.7950,43.1679,43.5504,43.9428,44.3454,44.7585,45.1824,45.6173,46.0637,46.5217,46.9919,47.4746,47.9702,48.4790,49.0016,49.5383,50.0897,50.6562,51.2383,51.8367,52.4518,53.0843,53.7348,54.4040,55.0927,55.8015,56.5312,57.2827,58.0569,58.8546,59.6770,60.5249,61.3996,62.3022,63.2339,64.1961,65.1902,66.2178,67.2803,68.3796,69.5174,70.6958,71.9167,73.1826,74.4956,75.8586,77.2741,78.7453,80.2755,81.8680,83.5267,85.2557,87.0595,88.9428,90.9111,92.9699,95.1257,97.3853,99.7563,102.2471,104.8669,107.6258,110.5352,113.6075,116.8568,120.2986,123.9504,127.8322,131.9661,136.3773,141.0945,146.1511,151.5845,157.4384,163.7635,170.6190,178.0742,186.2116,195.1295,204.9453,215.8017,227.8732,241.3759,256.5803,273.8293,293.5652,316.3678,343.0110,374.5550,412.4890,458.9731,517.2640,592.5158,693.3928,835.6639,1051.3894,1417.2596,2173.6494,4661.4707,32251.1543,3616.0881,1915.4403,1302.7544,987.0308,794.4890,664.8046,571.5150,501.1865,446.2705,402.2003,366.0523,335.8665,310.2803,288.3164,269.2572,252.5620,237.8165,224.6985,212.9524,202.3739,192.7972,184.0867,176.1298,168.8332,162.1178,155.9170,150.1739,144.8396,139.8720,135.2347,130.8962,126.8283,123.0066,119.4095,116.0180,112.8148,109.7849,106.9147,104.1919,101.6055,99.1456,96.8034,94.5707,92.4400,90.4045,88.4583,86.5955,84.8110,83.1001,81.4584,79.8819,78.3669,76.9100,75.5080,74.1578,72.8569,71.6026,70.3926,69.2246,68.0966,67.0068,65.9532,64.9342,63.9482,62.9938,62.0694,61.1740,60.3061,59.4647,58.6486,57.8568,57.0884,56.3424,55.6179,54.9142,54.2305,53.5660,52.9200,52.2919,51.6810,51.0867,50.5085,49.9458,49.3981,48.8649,48.3458,47.8403,47.3479,46.8683,46.4011,45.9460,45.5025,45.0703,44.6491,44.2387,43.8386,43.4486,43.0685,42.6980,42.3368,41.9847,41.6415,41.3070,40.9808,40.6629,40.3531,40.0511,39.7568,39.4700,39.1905,38.9182,38.6529,38.3945,38.1428,37.8977,37.6591,37.4268,37.2007,36.9807,36.7666,36.5584,36.3560,36.1593,35.9681,35.7823,35.6019,35.4268,35.2569,35.0921,34.9323,34.7774,34.6274,34.4823,34.3418,34.2060,34.0748,33.9481,33.8259,33.7081,33.5946,33.4854,33.3805,33.2797,33.1831,33.0906,33.0020,32.9175,32.8369,32.7602,32.6873,32.6183,32.5530,32.4915,32.4336,32.3794,32.3289,32.2819,32.2385,32.1986,32.1621,32.1291,32.0996,32.0734,32.0507,32.0312,32.0151,32.0022,31.9926,31.9863,31.9831,31.9832,31.9864,31.9927,32.0022,32.0148,32.0304,32.0491,32.0709,32.0957,32.1234,32.1542,32.1879,32.2245,32.2641,32.3066,32.3520,32.4003,32.4514,32.5054,32.5623,32.6219,32.6844,32.7496,32.8177,32.8885,32.9620,33.0383,33.1174,33.1991,33.2836,33.3707,33.4605,33.5530,33.6482,33.7460,33.8465,33.9496,34.0552,34.1635,34.2745,34.3880,34.5040,34.6227,34.7439,34.8677,34.9940,35.1228,35.2542,35.3881,35.5245,35.6634,35.8048,35.9487,36.0951,36.2440,36.3953,36.5491,36.7053,36.8640,37.0251,37.1887,37.3547,37.5231,37.6939,37.8671,38.0427,38.2207,38.4011,38.5839,38.7690,38.9566,39.1464,39.3387,39.5333,39.7302,39.9295,40.1311,40.3350,40.5413,40.7499,40.9608,41.1740,41.3895,41.6073,41.8274,42.0498,42.2745,42.5015,42.7307,42.9622,43.1959,43.4320,43.6702,43.9108,44.1535,44.3986,44.6458,44.8953,45.1470,45.4010,45.6571,45.9155,46.0200\right]
d_{kin}=\left[99.9999,99.9999,99.9999,99.9999,99.9999,99.9999,99.9999,99.9999,99.9999,99.9999,99.9999,99.9999,99.9999,99.9999,99.9999,99.9999,99.9999,99.9999,99.9999,99.9999,99.9999,99.9999,99.9999,99.9999,99.9999,99.9999,99.9999,99.9999,99.9999,99.9999,99.9999,99.9999,99.9999,99.9999,99.9999,99.9999,99.9999,99.9999,99.9999,99.9999,99.9999,99.9999,99.9999,99.9999,99.9999,99.9999,99.9999,99.9999,99.9999,99.9999,99.9999,99.9999,99.9999,99.9999,99.9999,99.9999,99.9999,99.9999,99.9999,99.9999,99.9999,99.9999,99.9999,99.9999,99.9999,99.9999,99.9999,99.9999,99.9999,99.9999,99.9999,99.9999,99.9999,99.9999,99.9999,99.9999,99.9999,99.9999,99.9999,99.9999,99.9999,99.9999,99.9999,99.9999,99.9999,99.9999,99.9999,99.9999,99.9999,99.9999,99.9999,99.9999,99.9999,99.9999,99.9999,99.9999,99.9999,99.9999,99.9999,99.9999,99.9999,99.9999,99.9999,99.9999,99.9999,99.9999,99.9999,99.9999,99.9999,99.9999,99.9999,99.9999,99.9999,99.9999,99.9999,99.9999,99.9999,99.9999,99.9999,99.9999,99.9999,99.9999,99.9999,99.9999,99.9999,99.9999,99.9999,99.9999,99.9999,99.9999,99.9999,99.9999,99.9999,99.9999,99.9999,99.9999,99.9999,99.9999,99.9999,99.9999,99.9999,99.9999,99.9999,99.9999,99.9999,99.9999,99.9999,99.9999,99.9999,99.9999,99.9999,99.9999,99.9999,99.9999,99.9999,99.9999,99.9999,99.9999,99.9999,99.9999,99.9999,99.9999,99.9999,99.9999,99.9999,99.9999,99.9999,99.9999,99.9999,99.9999,99.9999,99.9999,99.9999,99.9999,99.9999,99.9999,99.9999,99.9999,99.9999,99.9999,99.9999,99.9999,99.9999,99.9999,99.9999,99.9999,99.9999,99.9999,99.9999,99.9999,99.9999,99.9999,99.9999,99.9999,99.9999,99.9999,99.9999,99.9999,99.9999,99.9999,99.9999,99.9999,99.9999,99.9999,99.9999,99.9999,99.9999,99.9999,99.9999,99.9999,99.9999,99.9999,99.9999,99.9999,99.9999,99.9999,99.9999,99.9999,99.9999,99.9999,99.9999,99.9999,99.9999,99.9999,99.9999,99.9999,99.9999,99.9999,99.9999,99.9999,99.9999,99.9999,99.9999,99.9999,99.9999,99.9999,87.0848,87.0213,86.9578,86.8941,86.8304,86.7666,86.7028,86.6390,86.5751,86.5112,86.4473,86.3834,86.3195,86.2556,86.1918,86.1280,86.0643,86.0006,85.9370,85.8734,85.8100,85.7467,85.6835,85.6204,85.5575,85.4948,85.4322,85.3698,85.3075,85.2456,85.1838,85.1223,85.0610,85.0000,84.9393,84.8788,84.8187,84.7589,84.6995,84.6404,84.5817,84.5234,84.4655,84.4080,84.3510,84.2944,84.2383,84.1827,84.1276,84.0731,84.0191,83.9656,83.9127,83.8604,83.8088,83.7577,83.7074,83.6577,83.6087,83.5603,83.5128,83.4659,83.4199,83.3746,83.3301,83.2865,83.2437,83.2017,83.1606,83.1204,83.0812,83.0428,83.0055,82.9691,82.9336,82.8992,82.8658,82.8335,82.8022,82.7720,82.7429,82.7149,82.6881,82.6624,82.6378,82.6145,82.5923,82.5714,82.5517,82.5332,82.5160,82.5001,82.4855,82.4722,82.4602,82.4495,82.4402,82.4322,82.4257,82.4205,82.4167,82.4143,82.4133,82.4138,82.4157,82.4191,82.4239,82.4302,82.4380,82.4473,82.4580,82.4703,82.4841,82.4994,82.5162,82.5345,82.5544,82.5758,82.5987,82.6232,82.6492,82.6768,82.7059,82.7366,82.7688,82.8026,82.8379,82.8748,82.9133,82.9532,82.9947,83.0378,83.0824,83.1285,83.1762,83.2254,83.2761,83.3283,83.3821,83.4373,83.4941,83.5523,83.6120,83.6732,83.7359,83.8000,83.8656,83.9326,84.0011,84.0709,84.1422,84.2149,84.2890,84.3644,84.4412,84.5194,84.5989,84.6798,84.7619,84.8454,84.9302,85.0162,85.1036,85.1921,85.2819,85.3730,85.4653,85.5587,85.6534,85.7492,85.8462,85.9443,86.0436,86.1440,86.2455,86.3481,86.4517,86.5564,86.6622,86.7690,86.8769,86.9857,87.0955,87.2063,87.3181,87.4309,87.5445,87.6591,87.7746,87.8911,88.0084,88.1266,88.2456,88.3655,88.4862,88.6078,88.7301,88.8533,88.9773,89.1021,89.2276,89.3539,89.4809,89.6087,89.7372,89.8664,89.9963,90.1269,90.2582,90.3902,90.5228,90.6562,90.7901,90.9248,91.0600,91.1959,91.3324,91.4696,91.6073,91.7456,91.8846,92.0241,92.1642,92.3049,92.4462,92.5880,92.7304,92.8734,93.0169,93.1610,93.3056,93.4507,93.5964,93.7427,93.8894,94.0367,94.1846,94.3329,94.4818,94.6312,94.7811,94.9316,95.0825,95.2340,95.3860,95.5385,95.6915,95.8451,95.9991,96.1537,96.3088,96.4644,96.6205,96.7772,96.9343,97.0920,97.2502,97.4089,97.5682,97.7280,97.8883,98.0491,98.2104,98.3723,98.5348,98.6977,98.8613,99.0253,99.1899,99.3550,99.5207,99.6870,99.8538,99.9788,99.8116,99.6450,99.4788,99.3133,99.1483,98.9838,98.8199,98.6565,98.4937,98.3314,98.1696,98.0084,97.8477,97.6875,97.5279,97.3688,97.2102,97.0521,96.8946,96.7376,96.5810,96.4251,96.2696,96.1146,95.9602,95.8062,95.6528,95.4999,95.3475,95.1957,95.0443,94.8935,94.7432,94.5934,94.4441,94.2954,94.1472,93.9995,93.8523,93.7056,93.5595,93.4140,93.2689,93.1245,92.9805,92.8372,92.6943,92.5521,92.4103,92.2692,92.1287,91.9887,91.8493,91.7105,91.5723,91.4347,91.2977,91.1613,91.0256,90.8905,90.7560,90.6222,90.4890,90.3565,90.2247,90.0935,89.9631,89.8333,89.7043,89.5759,89.4483,89.3215,89.1954,89.0700,88.9454,88.8216,88.6986,88.5764,88.4551,88.3345,88.2148,88.0960,87.9780,87.8609,87.7446,87.6293,87.5149,87.4015,87.2889,87.1774,87.0667,86.9571,86.8485,86.7409,86.6343,86.5288,86.4243,86.3209,86.2185,86.1173,86.0171,85.9181,85.8202,85.7235,85.6279,85.5335,85.4403,85.3484,85.2576,85.1680,85.0797,84.9927,84.9070,84.8225,84.7393,84.6574,84.5769,84.4977,84.4198,84.3433,84.2682,84.1944,84.1221,84.0512,83.9816,83.9135,83.8468,83.7816,83.7178,83.6555,83.5947,83.5353,83.4775,83.4211,83.3662,83.3129,83.2610,83.2107,83.1619,83.1146,83.0689,83.0247,82.9821,82.9410,82.9014,82.8634,82.8270,82.7921,82.7587,82.7269,82.6967,82.6680,82.6409,82.6153,82.5913,82.5688,82.5478,82.5284,82.5106,82.4942,82.4794,82.4661,82.4543,82.4440,82.4352,82.4279,82.4221,82.4178,82.4149,82.4135,82.4135,82.4150,82.4178,82.4221,82.4278,82.4349,82.4433,82.4532,82.4643,82.4768,82.4906,82.5058,82.5222,82.5399,82.5589,82.5791,82.6005,82.6232,82.6470,82.6721,82.6983,82.7256,82.7541,82.7837,82.8144,82.8462,82.8790,82.9129,82.9478,82.9837,83.0206,83.0584,83.0973,83.1370,83.1776,83.2192,83.2616,83.3049,83.3490,83.3940,83.4397,83.4862,83.5335,83.5815,83.6302,83.6797,83.7298,83.7806,83.8320,83.8841,83.9368,83.9901,84.0439,84.0984,84.1533,84.2088,84.2648,84.3213,84.3782,84.4356,84.4935,84.5517,84.6104,84.6694,84.7289,84.7886,84.8487,84.9092,84.9699,85.0309,85.0922,85.1538,85.2156,85.2777,85.3400,85.4025,85.4651,85.5280,85.5910,85.6542,85.7175,85.7810,85.8445,85.9082,85.9719,86.0358,86.0997,86.1636,86.2276,86.2917,86.3557,86.4198,86.4839,86.5480,86.6120,86.6761,86.7401,86.8040,86.8679,86.9318,86.9956,87.0593,87.0849\right]
d_{turn}=\left[5118110.0000,5118110.0000,5118110.0000,5118110.0000,5118110.0000,5118110.0000,5118110.0000,5118110.0000,5118110.0000,5118110.0000,5118110.0000,5118110.0000,5118110.0000,5118110.0000,5118110.0000,5118110.0000,5118110.0000,5118110.0000,5118110.0000,5118110.0000,5118110.0000,5118110.0000,5118110.0000,5118110.0000,5118110.0000,5118110.0000,5118110.0000,5118110.0000,5118110.0000,5118110.0000,5118110.0000,5118110.0000,5118110.0000,5118110.0000,5118110.0000,5118110.0000,5118110.0000,5118110.0000,5118110.0000,5118110.0000,5118110.0000,5118110.0000,5118110.0000,5118110.0000,5118110.0000,5118110.0000,5118110.0000,5118110.0000,5118110.0000,5118110.0000,5118110.0000,5118110.0000,5118110.0000,5118110.0000,5118110.0000,5118110.0000,5118110.0000,5118110.0000,5118110.0000,5118110.0000,5118110.0000,5118110.0000,5118110.0000,5118110.0000,5118110.0000,5118110.0000,5118110.0000,5118110.0000,5118110.0000,5118110.0000,5118110.0000,5118110.0000,5118110.0000,5118110.0000,5118110.0000,5118110.0000,5118110.0000,5118110.0000,5118110.0000,5118110.0000,5118110.0000,5118110.0000,5118110.0000,5118110.0000,5118110.0000,5118110.0000,5118110.0000,5118110.0000,5118110.0000,5118110.0000,5118110.0000,5118110.0000,5118110.0000,5118110.0000,5118110.0000,5118110.0000,5118110.0000,5118110.0000,5118110.0000,5118110.0000,5118110.0000,5118110.0000,5118110.0000,5118110.0000,5118110.0000,5118110.0000,5118110.0000,5118110.0000,5118110.0000,5118110.0000,5118110.0000,5118110.0000,5118110.0000,5118110.0000,5118110.0000,5118110.0000,5118110.0000,5118110.0000,5118110.0000,5118110.0000,5118110.0000,5118110.0000,5118110.0000,5118110.0000,5118110.0000,5118110.0000,5118110.0000,5118110.0000,5118110.0000,5118110.0000,5118110.0000,5118110.0000,5118110.0000,5118110.0000,5118110.0000,5118110.0000,5118110.0000,5118110.0000,5118110.0000,5118110.0000,5118110.0000,5118110.0000,5118110.0000,5118110.0000,5118110.0000,5118110.0000,5118110.0000,5118110.0000,5118110.0000,5118110.0000,5118110.0000,5118110.0000,5118110.0000,5118110.0000,5118110.0000,5118110.0000,5118110.0000,5118110.0000,5118110.0000,5118110.0000,5118110.0000,5118110.0000,5118110.0000,5118110.0000,5118110.0000,5118110.0000,5118110.0000,5118110.0000,5118110.0000,5118110.0000,5118110.0000,5118110.0000,5118110.0000,5118110.0000,5118110.0000,5118110.0000,5118110.0000,5118110.0000,5118110.0000,5118110.0000,5118110.0000,5118110.0000,5118110.0000,5118110.0000,5118110.0000,5118110.0000,5118110.0000,5118110.0000,5118110.0000,5118110.0000,5118110.0000,5118110.0000,5118110.0000,5118110.0000,5118110.0000,5118110.0000,5118110.0000,5118110.0000,5118110.0000,5118110.0000,5118110.0000,5118110.0000,5118110.0000,5118110.0000,5118110.0000,5118110.0000,5118110.0000,5118110.0000,5118110.0000,5118110.0000,5118110.0000,5118110.0000,5118110.0000,5118110.0000,5118110.0000,5118110.0000,5118110.0000,5118110.0000,5118110.0000,5118110.0000,5118110.0000,5118110.0000,5118110.0000,5118110.0000,5118110.0000,5118110.0000,5118110.0000,5118110.0000,5118110.0000,5118110.0000,5118110.0000,5118110.0000,5118110.0000,5118110.0000,5118110.0000,5118110.0000,46.0198,45.7612,45.5049,45.2508,44.9989,44.7492,44.5017,44.2564,44.0134,43.7726,43.5340,43.2977,43.0636,42.8318,42.6022,42.3749,42.1498,41.9270,41.7065,41.4883,41.2723,41.0586,40.8473,40.6382,40.4314,40.2269,40.0248,39.8249,39.6274,39.4323,39.2394,39.0489,38.8608,38.6749,38.4915,38.3104,38.1317,37.9554,37.7814,37.6098,37.4407,37.2739,37.1095,36.9476,36.7881,36.6309,36.4763,36.3240,36.1743,36.0270,35.8821,35.7397,35.5998,35.4624,35.3275,35.1950,35.0651,34.9377,34.8128,34.6905,34.5707,34.4534,34.3387,34.2267,34.1171,34.0102,33.9058,33.8041,33.7050,33.6085,33.5147,33.4235,33.3350,33.2491,33.1659,33.0855,33.0077,32.9326,32.8603,32.7908,32.7240,32.6599,32.5987,32.5402,32.4846,32.4318,32.3818,32.3347,32.2905,32.2492,32.2107,32.1752,32.1427,32.1130,32.0864,32.0628,32.0422,32.0246,32.0100,31.9986,31.9902,31.9849,31.9828,31.9839,31.9881,31.9955,32.0062,32.0201,32.0373,32.0578,32.0817,32.1089,32.1395,32.1736,32.2111,32.2521,32.2966,32.3446,32.3963,32.4515,32.5104,32.5731,32.6394,32.7095,32.7835,32.8613,32.9430,33.0286,33.1182,33.2119,33.3096,33.4115,33.5176,33.6279,33.7425,33.8615,33.9849,34.1127,34.2451,34.3821,34.5238,34.6702,34.8214,34.9775,35.1386,35.3047,35.4759,35.6524,35.8341,36.0212,36.2138,36.4120,36.6158,36.8254,37.0409,37.2624,37.4901,37.7239,37.9641,38.2108,38.4642,38.7243,38.9913,39.2653,39.5466,39.8352,40.1314,40.4353,40.7471,41.0670,41.3952,41.7319,42.0773,42.4316,42.7950,43.1679,43.5504,43.9428,44.3454,44.7585,45.1824,45.6173,46.0637,46.5217,46.9919,47.4746,47.9702,48.4790,49.0016,49.5383,50.0897,50.6562,51.2383,51.8367,52.4518,53.0843,53.7348,54.4040,55.0927,55.8015,56.5312,57.2827,58.0569,58.8546,59.6770,60.5249,61.3996,62.3022,63.2339,64.1961,65.1902,66.2178,67.2803,68.3796,69.5174,70.6958,71.9167,73.1826,74.4956,75.8586,77.2741,78.7453,80.2755,81.8680,83.5267,85.2557,87.0595,88.9428,90.9111,92.9699,95.1257,97.3853,99.7563,102.2471,104.8669,107.6258,110.5352,113.6075,116.8568,120.2986,123.9504,127.8322,131.9661,136.3773,141.0945,146.1511,151.5845,157.4384,163.7635,170.6190,178.0742,186.2116,195.1295,204.9453,215.8017,227.8732,241.3759,256.5803,273.8293,293.5652,316.3678,343.0110,374.5550,412.4890,458.9731,517.2640,592.5158,693.3928,835.6639,1051.3894,1417.2596,2173.6494,4661.4707,32251.1543,3616.0881,1915.4403,1302.7544,987.0308,794.4890,664.8046,571.5150,501.1865,446.2705,402.2003,366.0523,335.8665,310.2803,288.3164,269.2572,252.5620,237.8165,224.6985,212.9524,202.3739,192.7972,184.0867,176.1298,168.8332,162.1178,155.9170,150.1739,144.8396,139.8720,135.2347,130.8962,126.8283,123.0066,119.4095,116.0180,112.8148,109.7849,106.9147,104.1919,101.6055,99.1456,96.8034,94.5707,92.4400,90.4045,88.4583,86.5955,84.8110,83.1001,81.4584,79.8819,78.3669,76.9100,75.5080,74.1578,72.8569,71.6026,70.3926,69.2246,68.0966,67.0068,65.9532,64.9342,63.9482,62.9938,62.0694,61.1740,60.3061,59.4647,58.6486,57.8568,57.0884,56.3424,55.6179,54.9142,54.2305,53.5660,52.9200,52.2919,51.6810,51.0867,50.5085,49.9458,49.3981,48.8649,48.3458,47.8403,47.3479,46.8683,46.4011,45.9460,45.5025,45.0703,44.6491,44.2387,43.8386,43.4486,43.0685,42.6980,42.3368,41.9847,41.6415,41.3070,40.9808,40.6629,40.3531,40.0511,39.7568,39.4700,39.1905,38.9182,38.6529,38.3945,38.1428,37.8977,37.6591,37.4268,37.2007,36.9807,36.7666,36.5584,36.3560,36.1593,35.9681,35.7823,35.6019,35.4268,35.2569,35.0921,34.9323,34.7774,34.6274,34.4823,34.3418,34.2060,34.0748,33.9481,33.8259,33.7081,33.5946,33.4854,33.3805,33.2797,33.1831,33.0906,33.0020,32.9175,32.8369,32.7602,32.6873,32.6183,32.5530,32.4915,32.4336,32.3794,32.3289,32.2819,32.2385,32.1986,32.1621,32.1291,32.0996,32.0734,32.0507,32.0312,32.0151,32.0022,31.9926,31.9863,31.9831,31.9832,31.9864,31.9927,32.0022,32.0148,32.0304,32.0491,32.0709,32.0957,32.1234,32.1542,32.1879,32.2245,32.2641,32.3066,32.3520,32.4003,32.4514,32.5054,32.5623,32.6219,32.6844,32.7496,32.8177,32.8885,32.9620,33.0383,33.1174,33.1991,33.2836,33.3707,33.4605,33.5530,33.6482,33.7460,33.8465,33.9496,34.0552,34.1635,34.2745,34.3880,34.5040,34.6227,34.7439,34.8677,34.9940,35.1228,35.2542,35.3881,35.5245,35.6634,35.8048,35.9487,36.0951,36.2440,36.3953,36.5491,36.7053,36.8640,37.0251,37.1887,37.3547,37.5231,37.6939,37.8671,38.0427,38.2207,38.4011,38.5839,38.7690,38.9566,39.1464,39.3387,39.5333,39.7302,39.9295,40.1311,40.3350,40.5413,40.7499,40.9608,41.1740,41.3895,41.6073,41.8274,42.0498,42.2745,42.5015,42.7307,42.9622,43.1959,43.4320,43.6702,43.9108,44.1535,44.3986,44.6458,44.8953,45.1470,45.4010,45.6571,45.9155,46.0200\right]
v_{kin}=\left[49.9999,49.9999,49.9999,49.9999,49.9999,49.9999,49.9999,49.9999,49.9999,49.9999,49.9999,49.9999,49.9999,49.9999,49.9999,49.9999,49.9999,49.9999,49.9999,49.9999,49.9999,49.9999,49.9999,49.9999,49.9999,49.9999,49.9999,49.9999,49.9999,49.9999,49.9999,49.9999,49.9999,49.9999,49.9999,49.9999,49.9999,49.9999,49.9999,49.9999,49.9999,49.9999,49.9999,49.9999,49.9999,49.9999,49.9999,49.9999,49.9999,49.9999,49.9999,49.9999,49.9999,49.9999,49.9999,49.9999,49.9999,49.9999,49.9999,49.9999,49.9999,49.9999,49.9999,49.9999,49.9999,49.9999,49.9999,49.9999,49.9999,49.9999,49.9999,49.9999,49.9999,49.9999,49.9999,49.9999,49.9999,49.9999,49.9999,49.9999,49.9999,49.9999,49.9999,49.9999,49.9999,49.9999,49.9999,49.9999,49.9999,49.9999,49.9999,49.9999,49.9999,49.9999,49.9999,49.9999,49.9999,49.9999,49.9999,49.9999,49.9999,49.9999,49.9999,49.9999,49.9999,49.9999,49.9999,49.9999,49.9999,49.9999,49.9999,49.9999,49.9999,49.9999,49.9999,49.9999,49.9999,49.9999,49.9999,49.9999,49.9999,49.9999,49.9999,49.9999,49.9999,49.9999,49.9999,49.9999,49.9999,49.9999,49.9999,49.9999,49.9999,49.9999,49.9999,49.9999,49.9999,49.9999,49.9999,49.9999,49.9999,49.9999,49.9999,49.9999,49.9999,49.9999,49.9999,49.9999,49.9999,49.9999,49.9999,49.9999,49.9999,49.9999,49.9999,49.9999,49.9999,49.9999,49.9999,49.9999,49.9999,49.9999,49.9999,49.9999,49.9999,49.9999,49.9999,49.9999,49.9999,49.9999,49.9999,49.9999,49.9999,49.9999,49.9999,49.9999,49.9999,49.9999,49.9999,49.9999,49.9999,49.9999,49.9999,49.9999,49.9999,49.9999,49.9999,49.9999,49.9999,49.9999,49.9999,49.9999,49.9999,49.9999,49.9999,49.9999,49.9999,49.9999,49.9999,49.9999,49.9999,49.9999,49.9999,49.9999,49.9999,49.9999,49.9999,49.9999,49.9999,49.9999,49.9999,49.9999,49.9999,49.9999,49.9999,49.9999,49.9999,49.9999,49.9999,49.9999,49.9999,49.9999,49.9999,49.9999,49.9999,49.9999,49.9999,49.9999,49.9999,49.9999,49.9999,49.9999,49.9999,49.9999,49.9999,49.9999,43.5424,43.5107,43.4789,43.4471,43.4152,43.3833,43.3514,43.3195,43.2875,43.2556,43.2237,43.1917,43.1598,43.1278,43.0959,43.0640,43.0321,43.0003,42.9685,42.9367,42.9050,42.8733,42.8418,42.8102,42.7788,42.7474,42.7161,42.6849,42.6538,42.6228,42.5919,42.5611,42.5305,42.5000,42.4696,42.4394,42.4094,42.3795,42.3498,42.3202,42.2909,42.2617,42.2328,42.2040,42.1755,42.1472,42.1192,42.0914,42.0638,42.0365,42.0095,41.9828,41.9564,41.9302,41.9044,41.8789,41.8537,41.8288,41.8043,41.7802,41.7564,41.7330,41.7099,41.6873,41.6651,41.6432,41.6218,41.6009,41.5803,41.5602,41.5406,41.5214,41.5027,41.4845,41.4668,41.4496,41.4329,41.4167,41.4011,41.3860,41.3715,41.3575,41.3440,41.3312,41.3189,41.3072,41.2962,41.2857,41.2758,41.2666,41.2580,41.2501,41.2427,41.2361,41.2301,41.2248,41.2201,41.2161,41.2128,41.2102,41.2083,41.2071,41.2067,41.2069,41.2079,41.2095,41.2120,41.2151,41.2190,41.2236,41.2290,41.2351,41.2420,41.2497,41.2581,41.2673,41.2772,41.2879,41.2994,41.3116,41.3246,41.3384,41.3530,41.3683,41.3844,41.4013,41.4190,41.4374,41.4566,41.4766,41.4974,41.5189,41.5412,41.5643,41.5881,41.6127,41.6381,41.6642,41.6910,41.7187,41.7470,41.7762,41.8060,41.8366,41.8680,41.9000,41.9328,41.9663,42.0005,42.0355,42.0711,42.1074,42.1445,42.1822,42.2206,42.2597,42.2995,42.3399,42.3810,42.4227,42.4651,42.5081,42.5518,42.5961,42.6410,42.6865,42.7326,42.7794,42.8267,42.8746,42.9231,42.9722,43.0218,43.0720,43.1227,43.1740,43.2259,43.2782,43.3311,43.3845,43.4384,43.4929,43.5478,43.6032,43.6591,43.7154,43.7723,43.8296,43.8873,43.9455,44.0042,44.0633,44.1228,44.1827,44.2431,44.3039,44.3651,44.4267,44.4886,44.5510,44.6138,44.6769,44.7404,44.8043,44.8686,44.9332,44.9981,45.0634,45.1291,45.1951,45.2614,45.3281,45.3951,45.4624,45.5300,45.5980,45.6662,45.7348,45.8036,45.8728,45.9423,46.0121,46.0821,46.1525,46.2231,46.2940,46.3652,46.4367,46.5085,46.5805,46.6528,46.7254,46.7982,46.8713,46.9447,47.0184,47.0923,47.1665,47.2409,47.3156,47.3906,47.4658,47.5413,47.6170,47.6930,47.7693,47.8458,47.9225,47.9996,48.0769,48.1544,48.2322,48.3103,48.3886,48.4672,48.5460,48.6251,48.7045,48.7841,48.8640,48.9441,49.0245,49.1052,49.1862,49.2674,49.3489,49.4306,49.5127,49.5950,49.6775,49.7604,49.8435,49.9269,49.9894,49.9058,49.8225,49.7394,49.6566,49.5741,49.4919,49.4100,49.3283,49.2468,49.1657,49.0848,49.0042,48.9239,48.8438,48.7640,48.6844,48.6051,48.5261,48.4473,48.3688,48.2905,48.2125,48.1348,48.0573,47.9801,47.9031,47.8264,47.7500,47.6738,47.5978,47.5222,47.4468,47.3716,47.2967,47.2221,47.1477,47.0736,46.9997,46.9261,46.8528,46.7798,46.7070,46.6345,46.5622,46.4903,46.4186,46.3472,46.2760,46.2052,46.1346,46.0643,45.9943,45.9246,45.8552,45.7861,45.7173,45.6488,45.5807,45.5128,45.4452,45.3780,45.3111,45.2445,45.1783,45.1123,45.0468,44.9815,44.9167,44.8521,44.7880,44.7242,44.6607,44.5977,44.5350,44.4727,44.4108,44.3493,44.2882,44.2275,44.1673,44.1074,44.0480,43.9890,43.9304,43.8723,43.8147,43.7575,43.7007,43.6445,43.5887,43.5334,43.4786,43.4243,43.3705,43.3172,43.2644,43.2121,43.1604,43.1093,43.0586,43.0086,42.9591,42.9101,42.8618,42.8140,42.7668,42.7202,42.6742,42.6288,42.5840,42.5399,42.4964,42.4535,42.4112,42.3697,42.3287,42.2884,42.2488,42.2099,42.1717,42.1341,42.0972,42.0611,42.0256,41.9908,41.9568,41.9234,41.8908,41.8589,41.8278,41.7974,41.7677,41.7387,41.7106,41.6831,41.6564,41.6305,41.6054,41.5810,41.5573,41.5345,41.5124,41.4910,41.4705,41.4507,41.4317,41.4135,41.3960,41.3794,41.3635,41.3483,41.3340,41.3204,41.3076,41.2956,41.2844,41.2739,41.2642,41.2553,41.2471,41.2397,41.2331,41.2272,41.2220,41.2176,41.2140,41.2111,41.2089,41.2075,41.2067,41.2068,41.2075,41.2089,41.2111,41.2139,41.2174,41.2217,41.2266,41.2322,41.2384,41.2453,41.2529,41.2611,41.2699,41.2794,41.2895,41.3003,41.3116,41.3235,41.3360,41.3491,41.3628,41.3771,41.3918,41.4072,41.4231,41.4395,41.4564,41.4739,41.4918,41.5103,41.5292,41.5486,41.5685,41.5888,41.6096,41.6308,41.6525,41.6745,41.6970,41.7198,41.7431,41.7667,41.7907,41.8151,41.8398,41.8649,41.8903,41.9160,41.9421,41.9684,41.9950,42.0220,42.0492,42.0767,42.1044,42.1324,42.1606,42.1891,42.2178,42.2467,42.2759,42.3052,42.3347,42.3644,42.3943,42.4244,42.4546,42.4850,42.5155,42.5461,42.5769,42.6078,42.6389,42.6700,42.7012,42.7326,42.7640,42.7955,42.8271,42.8588,42.8905,42.9223,42.9541,42.9860,43.0179,43.0498,43.0818,43.1138,43.1458,43.1779,43.2099,43.2419,43.2740,43.3060,43.3380,43.3700,43.4020,43.4340,43.4659,43.4978,43.5296,43.5424\right]
v_{turn}=\left[3937008.0000,3937008.0000,3937008.0000,3937008.0000,3937008.0000,3937008.0000,3937008.0000,3937008.0000,3937008.0000,3937008.0000,3937008.0000,3937008.0000,3937008.0000,3937008.0000,3937008.0000,3937008.0000,3937008.0000,3937008.0000,3937008.0000,3937008.0000,3937008.0000,3937008.0000,3937008.0000,3937008.0000,3937008.0000,3937008.0000,3937008.0000,3937008.0000,3937008.0000,3937008.0000,3937008.0000,3937008.0000,3937008.0000,3937008.0000,3937008.0000,3937008.0000,3937008.0000,3937008.0000,3937008.0000,3937008.0000,3937008.0000,3937008.0000,3937008.0000,3937008.0000,3937008.0000,3937008.0000,3937008.0000,3937008.0000,3937008.0000,3937008.0000,3937008.0000,3937008.0000,3937008.0000,3937008.0000,3937008.0000,3937008.0000,3937008.0000,3937008.0000,3937008.0000,3937008.0000,3937008.0000,3937008.0000,3937008.0000,3937008.0000,3937008.0000,3937008.0000,3937008.0000,3937008.0000,3937008.0000,3937008.0000,3937008.0000,3937008.0000,3937008.0000,3937008.0000,3937008.0000,3937008.0000,3937008.0000,3937008.0000,3937008.0000,3937008.0000,3937008.0000,3937008.0000,3937008.0000,3937008.0000,3937008.0000,3937008.0000,3937008.0000,3937008.0000,3937008.0000,3937008.0000,3937008.0000,3937008.0000,3937008.0000,3937008.0000,3937008.0000,3937008.0000,3937008.0000,3937008.0000,3937008.0000,3937008.0000,3937008.0000,3937008.0000,3937008.0000,3937008.0000,3937008.0000,3937008.0000,3937008.0000,3937008.0000,3937008.0000,3937008.0000,3937008.0000,3937008.0000,3937008.0000,3937008.0000,3937008.0000,3937008.0000,3937008.0000,3937008.0000,3937008.0000,3937008.0000,3937008.0000,3937008.0000,3937008.0000,3937008.0000,3937008.0000,3937008.0000,3937008.0000,3937008.0000,3937008.0000,3937008.0000,3937008.0000,3937008.0000,3937008.0000,3937008.0000,3937008.0000,3937008.0000,3937008.0000,3937008.0000,3937008.0000,3937008.0000,3937008.0000,3937008.0000,3937008.0000,3937008.0000,3937008.0000,3937008.0000,3937008.0000,3937008.0000,3937008.0000,3937008.0000,3937008.0000,3937008.0000,3937008.0000,3937008.0000,3937008.0000,3937008.0000,3937008.0000,3937008.0000,3937008.0000,3937008.0000,3937008.0000,3937008.0000,3937008.0000,3937008.0000,3937008.0000,3937008.0000,3937008.0000,3937008.0000,3937008.0000,3937008.0000,3937008.0000,3937008.0000,3937008.0000,3937008.0000,3937008.0000,3937008.0000,3937008.0000,3937008.0000,3937008.0000,3937008.0000,3937008.0000,3937008.0000,3937008.0000,3937008.0000,3937008.0000,3937008.0000,3937008.0000,3937008.0000,3937008.0000,3937008.0000,3937008.0000,3937008.0000,3937008.0000,3937008.0000,3937008.0000,3937008.0000,3937008.0000,3937008.0000,3937008.0000,3937008.0000,3937008.0000,3937008.0000,3937008.0000,3937008.0000,3937008.0000,3937008.0000,3937008.0000,3937008.0000,3937008.0000,3937008.0000,3937008.0000,3937008.0000,3937008.0000,3937008.0000,3937008.0000,3937008.0000,3937008.0000,3937008.0000,3937008.0000,3937008.0000,3937008.0000,3937008.0000,3937008.0000,3937008.0000,3937008.0000,3937008.0000,3937008.0000,3937008.0000,3937008.0000,3937008.0000,3937008.0000,3937008.0000,3937008.0000,3937008.0000,3937008.0000,3937008.0000,35.3998,35.2010,35.0038,34.8083,34.6145,34.4224,34.2321,34.0434,33.8564,33.6712,33.4877,33.3059,33.1258,32.9475,32.7709,32.5961,32.4229,32.2516,32.0819,31.9141,31.7479,31.5836,31.4210,31.2601,31.1011,30.9438,30.7883,30.6346,30.4826,30.3325,30.1842,30.0376,29.8929,29.7500,29.6088,29.4696,29.3321,29.1964,29.0626,28.9307,28.8005,28.6722,28.5458,28.4212,28.2985,28.1776,28.0587,27.9416,27.8264,27.7130,27.6016,27.4921,27.3845,27.2787,27.1750,27.0731,26.9732,26.8751,26.7791,26.6850,26.5928,26.5026,26.4144,26.3282,26.2439,26.1617,26.0814,26.0032,25.9269,25.8527,25.7805,25.7104,25.6423,25.5762,25.5123,25.4504,25.3905,25.3328,25.2772,25.2237,25.1723,25.1230,25.0759,25.0310,24.9882,24.9475,24.9091,24.8729,24.8389,24.8071,24.7775,24.7502,24.7251,24.7023,24.6819,24.6637,24.6478,24.6343,24.6231,24.6143,24.6078,24.6038,24.6022,24.6030,24.6062,24.6119,24.6201,24.6309,24.6441,24.6599,24.6782,24.6992,24.7227,24.7489,24.7778,24.8093,24.8435,24.8805,24.9202,24.9627,25.0080,25.0562,25.1072,25.1612,25.2181,25.2779,25.3407,25.4066,25.4756,25.5476,25.6228,25.7012,25.7828,25.8676,25.9558,26.0473,26.1422,26.2406,26.3424,26.4478,26.5568,26.6694,26.7857,26.9058,27.0297,27.1575,27.2892,27.4249,27.5647,27.7086,27.8568,28.0092,28.1660,28.3273,28.4930,28.6634,28.8385,29.0184,29.2032,29.3930,29.5878,29.7879,29.9933,30.2041,30.4205,30.6425,30.8703,31.1041,31.3439,31.5900,31.8425,32.1015,32.3671,32.6397,32.9193,33.2061,33.5003,33.8022,34.1119,34.4296,34.7557,35.0902,35.4336,35.7860,36.1476,36.5189,36.9001,37.2916,37.6936,38.1064,38.5305,38.9663,39.4141,39.8744,40.3475,40.8341,41.3345,41.8493,42.3790,42.9242,43.4855,44.0636,44.6591,45.2728,45.9054,46.5576,47.2304,47.9247,48.6415,49.3816,50.1463,50.9367,51.7541,52.5997,53.4749,54.3814,55.3206,56.2943,57.3043,58.3527,59.4416,60.5733,61.7504,62.9754,64.2513,65.5813,66.9688,68.4176,69.9316,71.5153,73.1736,74.9118,76.7356,78.6516,80.6669,82.7891,85.0271,87.3904,89.8898,92.5374,95.3465,98.3325,101.5124,104.9056,108.5342,112.4239,116.6035,121.1065,125.9720,131.2454,136.9802,143.2397,150.0996,157.6503,166.0013,175.2871,185.6738,197.3695,210.6380,225.8194,243.3598,263.8546,288.1193,317.2992,353.0562,397.8954,455.7814,533.3791,642.8184,808.7611,1090.1997,1672.0380,3585.7466,24808.5801,2781.6064,1473.4158,1002.1188,759.2545,611.1454,511.3882,439.6269,385.5281,343.2850,309.3849,281.5787,258.3589,238.6771,221.7819,207.1209,194.2785,182.9358,172.8450,163.8096,155.6723,148.3056,141.6051,135.4844,129.8717,124.7060,119.9362,115.5184,111.4151,107.5938,104.0267,100.6894,97.5602,94.6204,91.8535,89.2446,86.7806,84.4499,82.2421,80.1476,78.1581,76.2659,74.4642,72.7467,71.1077,69.5420,68.0448,66.6120,65.2392,63.9231,62.6603,61.4476,60.2823,59.1616,58.0831,57.0445,56.0438,55.0789,54.1481,53.2497,52.3820,51.5437,50.7332,49.9494,49.1909,48.4567,47.7457,47.0569,46.3893,45.7421,45.1143,44.5052,43.9141,43.3403,42.7830,42.2417,41.7158,41.2046,40.7077,40.2245,39.7546,39.2975,38.8527,38.4198,37.9985,37.5884,37.1890,36.8002,36.4215,36.0526,35.6932,35.3431,35.0019,34.6695,34.3455,34.0297,33.7220,33.4220,33.1296,32.8446,32.5668,32.2959,32.0319,31.7746,31.5237,31.2792,31.0408,30.8086,30.5821,30.3615,30.1465,29.9371,29.7330,29.5342,29.3406,29.1521,28.9685,28.7898,28.6159,28.4467,28.2820,28.1219,27.9662,27.8148,27.6677,27.5249,27.3861,27.2514,27.1207,26.9939,26.8710,26.7519,26.6365,26.5248,26.4168,26.3123,26.2114,26.1139,26.0199,25.9293,25.8420,25.7580,25.6773,25.5998,25.5255,25.4543,25.3862,25.3212,25.2592,25.2001,25.1441,25.0910,25.0408,24.9935,24.9490,24.9073,24.8684,24.8322,24.7988,24.7681,24.7401,24.7147,24.6920,24.6719,24.6543,24.6394,24.6270,24.6171,24.6097,24.6048,24.6024,24.6025,24.6049,24.6098,24.6171,24.6268,24.6388,24.6532,24.6699,24.6890,24.7103,24.7340,24.7599,24.7881,24.8185,24.8512,24.8862,24.9233,24.9626,25.0042,25.0479,25.0938,25.1418,25.1920,25.2444,25.2988,25.3554,25.4141,25.4749,25.5378,25.6027,25.6698,25.7389,25.8100,25.8832,25.9585,26.0357,26.1150,26.1963,26.2797,26.3650,26.4523,26.5416,26.6328,26.7261,26.8213,26.9184,27.0176,27.1186,27.2216,27.3266,27.4334,27.5422,27.6529,27.7655,27.8800,27.9964,28.1147,28.2349,28.3569,28.4809,28.6067,28.7344,28.8639,28.9953,29.1285,29.2636,29.4005,29.5393,29.6799,29.8223,29.9666,30.1126,30.2605,30.4102,30.5617,30.7150,30.8701,31.0270,31.1856,31.3461,31.5083,31.6723,31.8381,32.0056,32.1749,32.3460,32.5189,32.6934,32.8698,33.0478,33.2277,33.4092,33.5925,33.7775,33.9643,34.1527,34.3429,34.5348,34.7285,34.9238,35.1209,35.3196,35.4000\right]
v_{friction}=\left[6754.0059,6754.0059,6754.0059,6754.0059,6754.0059,6754.0059,6754.0059,6754.0059,6754.0059,6754.0059,6754.0059,6754.0059,6754.0059,6754.0059,6754.0059,6754.0059,6754.0059,6754.0059,6754.0059,6754.0059,6754.0059,6754.0059,6754.0059,6754.0059,6754.0059,6754.0059,6754.0059,6754.0059,6754.0059,6754.0059,6754.0059,6754.0059,6754.0059,6754.0059,6754.0059,6754.0059,6754.0059,6754.0059,6754.0059,6754.0059,6754.0059,6754.0059,6754.0059,6754.0059,6754.0059,6754.0059,6754.0059,6754.0059,6754.0059,6754.0059,6754.0059,6754.0059,6754.0059,6754.0059,6754.0059,6754.0059,6754.0059,6754.0059,6754.0059,6754.0059,6754.0059,6754.0059,6754.0059,6754.0059,6754.0059,6754.0059,6754.0059,6754.0059,6754.0059,6754.0059,6754.0059,6754.0059,6754.0059,6754.0059,6754.0059,6754.0059,6754.0059,6754.0059,6754.0059,6754.0059,6754.0059,6754.0059,6754.0059,6754.0059,6754.0059,6754.0059,6754.0059,6754.0059,6754.0059,6754.0059,6754.0059,6754.0059,6754.0059,6754.0059,6754.0059,6754.0059,6754.0059,6754.0059,6754.0059,6754.0059,6754.0059,6754.0059,6754.0059,6754.0059,6754.0059,6754.0059,6754.0059,6754.0059,6754.0059,6754.0059,6754.0059,6754.0059,6754.0059,6754.0059,6754.0059,6754.0059,6754.0059,6754.0059,6754.0059,6754.0059,6754.0059,6754.0059,6754.0059,6754.0059,6754.0059,6754.0059,6754.0059,6754.0059,6754.0059,6754.0059,6754.0059,6754.0059,6754.0059,6754.0059,6754.0059,6754.0059,6754.0059,6754.0059,6754.0059,6754.0059,6754.0059,6754.0059,6754.0059,6754.0059,6754.0059,6754.0059,6754.0059,6754.0059,6754.0059,6754.0059,6754.0059,6754.0059,6754.0059,6754.0059,6754.0059,6754.0059,6754.0059,6754.0059,6754.0059,6754.0059,6754.0059,6754.0059,6754.0059,6754.0059,6754.0059,6754.0059,6754.0059,6754.0059,6754.0059,6754.0059,6754.0059,6754.0059,6754.0059,6754.0059,6754.0059,6754.0059,6754.0059,6754.0059,6754.0059,6754.0059,6754.0059,6754.0059,6754.0059,6754.0059,6754.0059,6754.0059,6754.0059,6754.0059,6754.0059,6754.0059,6754.0059,6754.0059,6754.0059,6754.0059,6754.0059,6754.0059,6754.0059,6754.0059,6754.0059,6754.0059,6754.0059,6754.0059,6754.0059,6754.0059,6754.0059,6754.0059,6754.0059,6754.0059,6754.0059,6754.0059,6754.0059,6754.0059,6754.0059,6754.0059,6754.0059,6754.0059,6754.0059,6754.0059,6754.0059,6754.0059,6754.0059,6754.0059,6754.0059,6754.0059,6754.0059,6754.0059,6754.0059,6754.0059,6754.0059,6754.0059,6754.0059,6754.0059,6754.0059,6754.0059,6754.0059,6754.0059,20.2525,20.1955,20.1389,20.0826,20.0266,19.9710,19.9157,19.8607,19.8061,19.7518,19.6979,19.6444,19.5912,19.5384,19.4860,19.4339,19.3823,19.3310,19.2801,19.2296,19.1794,19.1297,19.0804,19.0315,18.9830,18.9350,18.8874,18.8401,18.7934,18.7470,18.7011,18.6557,18.6107,18.5661,18.5220,18.4784,18.4353,18.3926,18.3504,18.3087,18.2675,18.2267,18.1865,18.1468,18.1076,18.0689,18.0307,17.9930,17.9559,17.9193,17.8832,17.8477,17.8127,17.7783,17.7445,17.7112,17.6784,17.6463,17.6147,17.5838,17.5534,17.5236,17.4944,17.4658,17.4378,17.4105,17.3838,17.3577,17.3322,17.3074,17.2832,17.2597,17.2368,17.2146,17.1930,17.1722,17.1520,17.1325,17.1137,17.0955,17.0781,17.0614,17.0454,17.0301,17.0155,17.0017,16.9886,16.9762,16.9646,16.9538,16.9436,16.9343,16.9257,16.9179,16.9109,16.9047,16.8993,16.8946,16.8908,16.8878,16.8855,16.8842,16.8836,16.8839,16.8850,16.8869,16.8898,16.8934,16.8980,16.9034,16.9097,16.9168,16.9249,16.9339,16.9437,16.9545,16.9662,16.9788,16.9924,17.0069,17.0223,17.0387,17.0560,17.0743,17.0936,17.1139,17.1352,17.1574,17.1807,17.2050,17.2303,17.2566,17.2840,17.3124,17.3418,17.3724,17.4040,17.4367,17.4705,17.5054,17.5415,17.5786,17.6169,17.6564,17.6970,17.7387,17.7817,17.8259,17.8712,17.9178,17.9657,18.0148,18.0651,18.1168,18.1697,18.2239,18.2795,18.3364,18.3947,18.4544,18.5155,18.5780,18.6419,18.7073,18.7742,18.8426,18.9125,18.9840,19.0570,19.1317,19.2080,19.2859,19.3656,19.4469,19.5300,19.6149,19.7017,19.7902,19.8807,19.9731,20.0674,20.1638,20.2622,20.3627,20.4653,20.5701,20.6772,20.7866,20.8983,21.0125,21.1291,21.2482,21.3700,21.4944,21.6216,21.7515,21.8844,22.0202,22.1592,22.3013,22.4466,22.5953,22.7475,22.9032,23.0627,23.2260,23.3932,23.5645,23.7400,23.9200,24.1045,24.2937,24.4878,24.6871,24.8916,25.1017,25.3175,25.5394,25.7675,26.0021,26.2436,26.4923,26.7484,27.0124,27.2847,27.5657,27.8557,28.1554,28.4653,28.7858,29.1176,29.4614,29.8179,30.1878,30.5721,30.9717,31.3875,31.8207,32.2726,32.7444,33.2377,33.7541,34.2956,34.8640,35.4619,36.0917,36.7565,37.4595,38.2046,38.9960,39.8389,40.7390,41.7031,42.7391,43.8565,45.0664,46.3824,47.8210,49.4022,51.1516,53.1010,55.2918,57.7783,60.6335,63.9588,67.8989,72.6702,78.6133,86.3023,96.8029,112.3909,139.1879,203.8300,536.1413,179.5255,130.6595,107.7551,93.7933,84.1493,76.9757,71.3708,66.8354,63.0675,59.8726,57.1187,54.7129,52.5876,50.6922,48.9881,47.4450,46.0392,44.7514,43.5660,42.4702,41.4531,40.5059,39.6208,38.7914,38.0121,37.2781,36.5851,35.9294,35.3079,34.7177,34.1562,33.6213,33.1109,32.6232,32.1565,31.7095,31.2808,30.8692,30.4736,30.0930,29.7265,29.3732,29.0325,28.7036,28.3858,28.0786,27.7814,27.4937,27.2149,26.9448,26.6828,26.4285,26.1817,25.9420,25.7090,25.4825,25.2622,25.0478,24.8392,24.6360,24.4380,24.2451,24.0571,23.8738,23.6949,23.5204,23.3502,23.1839,23.0216,22.8631,22.7083,22.5570,22.4091,22.2646,22.1233,21.9851,21.8500,21.7178,21.5886,21.4621,21.3383,21.2172,21.0987,20.9827,20.8692,20.7580,20.6492,20.5427,20.4384,20.3363,20.2363,20.1384,20.0425,19.9486,19.8567,19.7667,19.6786,19.5924,19.5079,19.4252,19.3443,19.2650,19.1875,19.1116,19.0373,18.9647,18.8936,18.8240,18.7560,18.6895,18.6244,18.5608,18.4987,18.4380,18.3786,18.3207,18.2641,18.2088,18.1549,18.1023,18.0510,18.0009,17.9522,17.9046,17.8583,17.8133,17.7694,17.7267,17.6852,17.6449,17.6058,17.5678,17.5309,17.4952,17.4605,17.4270,17.3946,17.3633,17.3330,17.3038,17.2757,17.2486,17.2225,17.1975,17.1735,17.1505,17.1285,17.1075,17.0875,17.0685,17.0505,17.0334,17.0173,17.0022,16.9880,16.9747,16.9624,16.9509,16.9404,16.9309,16.9222,16.9144,16.9075,16.9015,16.8964,16.8921,16.8887,16.8862,16.8845,16.8837,16.8837,16.8845,16.8862,16.8887,16.8920,16.8962,16.9011,16.9068,16.9134,16.9207,16.9288,16.9376,16.9473,16.9577,16.9688,16.9808,16.9934,17.0068,17.0210,17.0359,17.0514,17.0678,17.0848,17.1025,17.1210,17.1401,17.1599,17.1804,17.2016,17.2235,17.2460,17.2692,17.2931,17.3176,17.3427,17.3685,17.3950,17.4220,17.4497,17.4780,17.5069,17.5364,17.5666,17.5973,17.6286,17.6605,17.6930,17.7261,17.7597,17.7939,17.8286,17.8640,17.8998,17.9362,17.9732,18.0106,18.0487,18.0872,18.1262,18.1658,18.2059,18.2465,18.2876,18.3291,18.3712,18.4138,18.4568,18.5003,18.5443,18.5887,18.6336,18.6790,18.7248,18.7710,18.8177,18.8649,18.9124,18.9604,19.0088,19.0577,19.1069,19.1566,19.2067,19.2571,19.3080,19.3593,19.4109,19.4629,19.5154,19.5681,19.6213,19.6748,19.7287,19.7830,19.8376,19.8926,19.9479,20.0035,20.0595,20.1159,20.1726,20.2295,20.2526\right]
v_{forward}=\left[0.0000,5.3877,7.6194,9.3319,10.7755,12.0474,13.1972,14.2546,15.2389,16.1632,17.0376,17.8691,18.6637,19.4258,20.1591,20.8667,21.5510,22.2143,22.8583,23.4847,24.0947,24.6898,25.2708,25.8387,26.3945,26.9387,27.4722,27.9956,28.5093,29.0139,29.5099,29.9977,30.4777,30.9503,31.4157,31.8744,32.3265,32.7724,33.2123,33.6465,34.0751,34.4984,34.9166,35.3298,35.7343,36.1303,36.5180,36.8979,37.2703,37.6354,37.9935,38.3449,38.6899,39.0286,39.3613,39.6882,40.0095,40.3254,40.6360,40.9415,41.2421,41.5379,41.8290,42.1157,42.3980,42.6760,42.9499,43.2198,43.4858,43.7479,44.0064,44.2612,44.5126,44.7605,45.0050,45.2463,45.4843,45.7193,45.9512,46.1802,46.4062,46.6294,46.8498,47.0675,47.2826,47.4950,47.7049,47.9123,48.1172,48.3198,48.5200,48.7179,48.9135,49.1069,49.2982,49.4873,49.6743,49.8593,49.9999,49.9999,49.9999,49.9999,49.9999,49.9999,49.9999,49.9999,49.9999,49.9999,49.9999,49.9999,49.9999,49.9999,49.9999,49.9999,49.9999,49.9999,49.9999,49.9999,49.9999,49.9999,49.9999,49.9999,49.9999,49.9999,49.9999,49.9999,49.9999,49.9999,49.9999,49.9999,49.9999,49.9999,49.9999,49.9999,49.9999,49.9999,49.9999,49.9999,49.9999,49.9999,49.9999,49.9999,49.9999,49.9999,49.9999,49.9999,49.9999,49.9999,49.9999,49.9999,49.9999,49.9999,49.9999,49.9999,49.9999,49.9999,49.9999,49.9999,49.9999,49.9999,49.9999,49.9999,49.9999,49.9999,49.9999,49.9999,49.9999,49.9999,49.9999,49.9999,49.9999,49.9999,49.9999,49.9999,49.9999,49.9999,49.9999,49.9999,49.9999,49.9999,49.9999,49.9999,49.9999,49.9999,49.9999,49.9999,49.9999,49.9999,49.9999,49.9999,49.9999,49.9999,49.9999,49.9999,49.9999,49.9999,49.9999,49.9999,49.9999,49.9999,49.9999,49.9999,49.9999,49.9999,49.9999,49.9999,49.9999,49.9999,49.9999,49.9999,49.9999,49.9999,49.9999,49.9999,49.9999,49.9999,49.9999,49.9999,49.9999,49.9999,49.9999,49.9999,49.9999,49.9999,49.9999,49.9999,49.9999,49.9999,49.9999,49.9999,49.9999,49.9999,49.9999,49.9999,49.9999,49.9999,20.2525,20.1955,20.1389,20.0826,20.0266,19.9710,19.9157,19.8607,19.8061,19.7518,19.6979,19.6444,19.5912,19.5384,19.4860,19.4339,19.3823,19.3310,19.2801,19.2296,19.1794,19.1297,19.0804,19.0315,18.9830,18.9350,18.8874,18.8401,18.7934,18.7470,18.7011,18.6557,18.6107,18.5661,18.5220,18.4784,18.4353,18.3926,18.3504,18.3087,18.2675,18.2267,18.1865,18.1468,18.1076,18.0689,18.0307,17.9930,17.9559,17.9193,17.8832,17.8477,17.8127,17.7783,17.7445,17.7112,17.6784,17.6463,17.6147,17.5838,17.5534,17.5236,17.4944,17.4658,17.4378,17.4105,17.3838,17.3577,17.3322,17.3074,17.2832,17.2597,17.2368,17.2146,17.1930,17.1722,17.1520,17.1325,17.1137,17.0955,17.0781,17.0614,17.0454,17.0301,17.0155,17.0017,16.9886,16.9762,16.9646,16.9538,16.9436,16.9343,16.9257,16.9179,16.9109,16.9047,16.8993,16.8946,16.8908,16.8878,16.8855,16.8842,16.8836,16.8839,16.8850,16.8869,16.8898,16.8934,16.8980,16.9034,16.9097,16.9168,16.9249,16.9339,16.9437,16.9545,16.9662,16.9788,16.9924,17.0069,17.0223,17.0387,17.0560,17.0743,17.0936,17.1139,17.1352,17.1574,17.1807,17.2050,17.2303,17.2566,17.2840,17.3124,17.3418,17.3724,17.4040,17.4367,17.4705,17.5054,17.5415,17.5786,17.6169,17.6564,17.6970,17.7387,17.7817,17.8259,17.8712,17.9178,17.9657,18.0148,18.0651,18.1168,18.1697,18.2239,18.2795,18.3364,18.3947,18.4544,18.5155,18.5780,18.6419,18.7073,18.7742,18.8426,18.9125,18.9840,19.0570,19.1317,19.2080,19.2859,19.3656,19.4469,19.5300,19.6149,19.7017,19.7902,19.8807,19.9731,20.0674,20.1638,20.2622,20.3627,20.4653,20.5701,20.6772,20.7866,20.8983,21.0125,21.1291,21.2482,21.3700,21.4944,21.6216,21.7515,21.8844,22.0202,22.1592,22.3013,22.4466,22.5953,22.7475,22.9032,23.0627,23.2260,23.3932,23.5645,23.7400,23.9200,24.1045,24.2937,24.4878,24.6871,24.8916,25.1017,25.3175,25.5394,25.7675,26.0021,26.2436,26.4923,26.7484,27.0124,27.2847,27.5657,27.8557,28.1554,28.4653,28.7829,29.1041,29.4291,29.7582,30.0915,30.4294,30.7721,31.1199,31.4731,31.8320,32.1970,32.5685,32.9469,33.3326,33.7262,34.1282,34.5391,34.9568,35.3694,35.7731,36.1682,36.5552,36.9343,37.3060,37.6704,38.0278,38.3786,38.7230,39.0611,39.3932,39.7196,40.0403,40.3557,40.6658,40.9708,41.2709,41.5663,41.8570,42.1432,42.4251,42.7027,42.9762,43.2457,43.5113,43.7731,44.0312,44.2857,44.5367,44.7843,45.0285,45.2695,45.5072,45.7419,45.9735,46.2022,46.4280,46.6509,46.8710,47.0885,47.3033,47.4450,46.0392,44.7514,43.5660,42.4702,41.4531,40.5059,39.6208,38.7914,38.0121,37.2781,36.5851,35.9294,35.3079,34.7177,34.1562,33.6213,33.1109,32.6232,32.1565,31.7095,31.2808,30.8692,30.4736,30.0930,29.7265,29.3732,29.0325,28.7036,28.3858,28.0786,27.7814,27.4937,27.2149,26.9448,26.6828,26.4285,26.1817,25.9420,25.7090,25.4825,25.2622,25.0478,24.8392,24.6360,24.4380,24.2451,24.0571,23.8738,23.6949,23.5204,23.3502,23.1839,23.0216,22.8631,22.7083,22.5570,22.4091,22.2646,22.1233,21.9851,21.8500,21.7178,21.5886,21.4621,21.3383,21.2172,21.0987,20.9827,20.8692,20.7580,20.6492,20.5427,20.4384,20.3363,20.2363,20.1384,20.0425,19.9486,19.8567,19.7667,19.6786,19.5924,19.5079,19.4252,19.3443,19.2650,19.1875,19.1116,19.0373,18.9647,18.8936,18.8240,18.7560,18.6895,18.6244,18.5608,18.4987,18.4380,18.3786,18.3207,18.2641,18.2088,18.1549,18.1023,18.0510,18.0009,17.9522,17.9046,17.8583,17.8133,17.7694,17.7267,17.6852,17.6449,17.6058,17.5678,17.5309,17.4952,17.4605,17.4270,17.3946,17.3633,17.3330,17.3038,17.2757,17.2486,17.2225,17.1975,17.1735,17.1505,17.1285,17.1075,17.0875,17.0685,17.0505,17.0334,17.0173,17.0022,16.9880,16.9747,16.9624,16.9509,16.9404,16.9309,16.9222,16.9144,16.9075,16.9015,16.8964,16.8921,16.8887,16.8862,16.8845,16.8837,16.8837,16.8845,16.8862,16.8887,16.8920,16.8962,16.9011,16.9068,16.9134,16.9207,16.9288,16.9376,16.9473,16.9577,16.9688,16.9808,16.9934,17.0068,17.0210,17.0359,17.0514,17.0678,17.0848,17.1025,17.1210,17.1401,17.1599,17.1804,17.2016,17.2235,17.2460,17.2692,17.2931,17.3176,17.3427,17.3685,17.3950,17.4220,17.4497,17.4780,17.5069,17.5364,17.5666,17.5973,17.6286,17.6605,17.6930,17.7261,17.7597,17.7939,17.8286,17.8640,17.8998,17.9362,17.9732,18.0106,18.0487,18.0872,18.1262,18.1658,18.2059,18.2465,18.2876,18.3291,18.3712,18.4138,18.4568,18.5003,18.5443,18.5887,18.6336,18.6790,18.7248,18.7710,18.8177,18.8649,18.9124,18.9604,19.0088,19.0577,19.1069,19.1566,19.2067,19.2571,19.3080,19.3593,19.4109,19.4629,19.5154,19.5681,19.6213,19.6748,19.7287,19.7830,19.8376,19.8926,19.9479,20.0035,20.0595,20.1159,20.1726,20.2295,0.0000\right]
v_{backward}=\left[0.0000,5.3877,7.6194,9.3319,10.7755,12.0474,13.1972,14.2546,15.2389,16.1632,17.0376,17.8691,18.6637,19.4258,20.1591,20.8667,21.5510,22.2143,22.8583,23.4847,24.0947,24.6898,25.2708,25.8387,26.3945,26.9387,27.4722,27.9956,28.5093,29.0139,29.5099,29.9977,30.4777,30.9503,31.4157,31.8744,32.3265,32.7724,33.2123,33.6465,34.0751,34.4984,34.9166,35.3298,35.7343,36.1303,36.5180,36.8979,37.2703,37.6354,37.9935,38.3449,38.6899,39.0286,39.3613,39.6882,40.0095,40.3254,40.6360,40.9415,41.2421,41.5379,41.8290,42.1157,42.3980,42.6760,42.9499,43.2198,43.4858,43.7479,44.0064,44.2612,44.5126,44.7605,45.0050,45.2463,45.4843,45.7193,45.9512,46.1802,46.4062,46.6294,46.8498,47.0675,47.2826,47.4950,47.7049,47.9123,48.1172,48.3198,48.5200,48.7179,48.9135,49.1069,49.2982,49.4873,49.6743,49.8593,49.9999,49.9999,49.9999,49.9999,49.9999,49.9999,49.9999,49.9999,49.9999,49.9999,49.9999,49.9999,49.9999,49.9999,49.9999,49.9999,49.9999,49.9999,49.9999,49.9999,49.9999,49.9999,49.9999,49.9999,49.9999,49.9999,49.9999,49.9999,49.9999,49.9999,49.9999,49.9999,49.9999,49.9910,49.8075,49.6220,49.4344,49.2446,49.0528,48.8588,48.6625,48.4640,48.2631,48.0599,47.8543,47.6462,47.4359,47.2246,47.0123,46.7992,46.5850,46.3698,46.1537,45.9365,45.7183,45.4990,45.2787,45.0573,44.8348,44.6112,44.3865,44.1606,43.9336,43.7054,43.4760,43.2454,43.0135,42.7804,42.5460,42.3103,42.0733,41.8349,41.5952,41.3541,41.1116,40.8676,40.6222,40.3752,40.1268,39.8768,39.6253,39.3721,39.1173,38.8608,38.6026,38.3427,38.0810,37.8175,37.5521,37.2849,37.0157,36.7445,36.4714,36.1962,35.9188,35.6393,35.3576,35.0737,34.7874,34.4987,34.2076,33.9140,33.6179,33.3191,33.0176,32.7133,32.4062,32.0961,31.7831,31.4669,31.1474,30.8247,30.4986,30.1689,29.8356,29.4985,29.1576,28.8126,28.4634,28.1098,27.7518,27.3891,27.0215,26.6489,26.2710,25.8875,25.4983,25.1031,24.7015,24.2933,23.8781,23.4556,23.0253,22.5868,22.1396,21.6833,21.2171,20.7404,20.2525,20.1955,20.1389,20.0826,20.0266,19.9710,19.9157,19.8607,19.8061,19.7518,19.6979,19.6444,19.5912,19.5384,19.4860,19.4339,19.3823,19.3310,19.2801,19.2296,19.1794,19.1297,19.0804,19.0315,18.9830,18.9350,18.8874,18.8401,18.7934,18.7470,18.7011,18.6557,18.6107,18.5661,18.5220,18.4784,18.4353,18.3926,18.3504,18.3087,18.2675,18.2267,18.1865,18.1468,18.1076,18.0689,18.0307,17.9930,17.9559,17.9193,17.8832,17.8477,17.8127,17.7783,17.7445,17.7112,17.6784,17.6463,17.6147,17.5838,17.5534,17.5236,17.4944,17.4658,17.4378,17.4105,17.3838,17.3577,17.3322,17.3074,17.2832,17.2597,17.2368,17.2146,17.1930,17.1722,17.1520,17.1325,17.1137,17.0955,17.0781,17.0614,17.0454,17.0301,17.0155,17.0017,16.9886,16.9762,16.9646,16.9538,16.9436,16.9343,16.9257,16.9179,16.9109,16.9047,16.8993,16.8946,16.8908,16.8878,16.8855,16.8842,16.8836,16.8839,16.8850,16.8869,16.8898,16.8934,16.8980,16.9034,16.9097,16.9168,16.9249,16.9339,16.9437,16.9545,16.9662,16.9788,16.9924,17.0069,17.0223,17.0387,17.0560,17.0743,17.0936,17.1139,17.1352,17.1574,17.1807,17.2050,17.2303,17.2566,17.2840,17.3124,17.3418,17.3724,17.4040,17.4367,17.4705,17.5054,17.5415,17.5786,17.6169,17.6564,17.6970,17.7387,17.7817,17.8259,17.8712,17.9178,17.9657,18.0148,18.0651,18.1168,18.1697,18.2239,18.2795,18.3364,18.3947,18.4544,18.5155,18.5780,18.6419,18.7073,18.7742,18.8426,18.9125,18.9840,19.0570,19.1317,19.2080,19.2859,19.3656,19.4469,19.5300,19.6149,19.7017,19.7902,19.8807,19.9731,20.0674,20.1638,20.2622,20.3627,20.4653,20.5701,20.6772,20.7866,20.8983,21.0125,21.1291,21.2482,21.3700,21.4944,21.6216,21.7515,21.8844,22.0202,22.1592,22.3013,22.4466,22.5953,22.7475,22.9032,23.0627,23.2260,23.3932,23.5645,23.7400,23.9200,24.1045,24.2937,24.4878,24.6871,24.8916,25.1017,25.3175,25.5394,25.7675,26.0021,26.2436,26.4923,26.7484,27.0124,27.2847,27.5657,27.8557,28.1554,28.4653,28.7829,29.1041,29.4291,29.7582,30.0915,30.4294,30.7721,31.1199,31.4731,31.8320,32.1970,32.5685,32.9469,33.3326,33.7262,34.1282,34.5391,34.9568,35.3694,35.7731,36.1682,36.5552,36.9343,37.3060,37.6704,38.0278,38.3786,38.7230,39.0611,39.3932,39.7196,40.0403,40.3557,40.6658,40.9708,41.2709,41.5663,41.8570,42.1432,42.1072,41.8709,41.6330,41.3933,41.1517,40.9084,40.6632,40.4170,40.1697,39.9213,39.6717,39.4210,39.1691,38.9160,38.6617,38.4061,38.1492,37.8910,37.6314,37.3705,37.1082,36.8444,36.5792,36.3125,36.0442,35.7744,35.5030,35.2299,34.9551,34.6786,34.4003,34.1202,33.8383,33.5544,33.2686,32.9807,32.6908,32.3988,32.1045,31.8081,31.5093,31.2081,30.9045,30.5983,30.2896,29.9781,29.6639,29.3468,29.0267,28.7036,28.3858,28.0786,27.7814,27.4937,27.2149,26.9448,26.6828,26.4285,26.1817,25.9420,25.7090,25.4825,25.2622,25.0478,24.8392,24.6360,24.4380,24.2451,24.0571,23.8738,23.6949,23.5204,23.3502,23.1839,23.0216,22.8631,22.7083,22.5570,22.4091,22.2646,22.1233,21.9851,21.8500,21.7178,21.5886,21.4621,21.3383,21.2172,21.0987,20.9827,20.8692,20.7580,20.6492,20.5427,20.4384,20.3363,20.2363,20.1384,20.0425,19.9486,19.8567,19.7667,19.6786,19.5924,19.5079,19.4252,19.3443,19.2650,19.1875,19.1116,19.0373,18.9647,18.8936,18.8240,18.7560,18.6895,18.6244,18.5608,18.4987,18.4380,18.3786,18.3207,18.2641,18.2088,18.1549,18.1023,18.0510,18.0009,17.9522,17.9046,17.8583,17.8133,17.7694,17.7267,17.6852,17.6449,17.6058,17.5678,17.5309,17.4952,17.4605,17.4270,17.3946,17.3633,17.3330,17.3038,17.2757,17.2486,17.2225,17.1975,17.1735,17.1505,17.1285,17.1075,17.0875,17.0685,17.0505,17.0334,17.0173,17.0022,16.9880,16.9747,16.9624,16.9509,16.9404,16.9309,16.9222,16.9144,16.9075,16.9015,16.8964,16.8921,16.8887,16.8862,16.8845,16.8837,16.8837,16.8845,16.8862,16.8887,16.8920,16.8962,16.9011,16.9068,16.9134,16.9207,16.9288,16.9376,16.9473,16.9577,16.9688,16.9808,16.9934,17.0068,17.0210,17.0359,17.0514,17.0678,17.0848,17.1025,17.1210,17.1401,17.1599,17.1804,17.2016,17.2235,17.2460,17.2692,17.2931,17.3176,17.3427,17.3685,17.3950,17.4220,17.4497,17.4780,17.5069,17.5364,17.5666,17.5973,17.6286,17.6605,17.6930,17.7261,17.7597,17.7939,17.8286,17.8640,17.8998,17.9362,17.9732,18.0106,18.0487,18.0872,18.1262,18.1658,18.2059,18.2465,18.2066,17.9993,17.7886,17.5745,17.3567,17.1350,16.9094,16.6797,16.4456,16.2070,15.9636,15.7153,15.4617,15.2025,14.9376,14.6665,14.3888,14.1043,13.8123,13.5125,13.2043,12.8870,12.5600,12.2224,11.8734,11.5119,11.1366,10.7460,10.3385,9.9119,9.4636,8.9903,8.4878,7.9506,7.3710,6.7382,6.0352,5.2340,4.2795,3.0304,0.0000\right]
v_{final}=\left[0.0000,5.3877,7.6194,9.3319,10.7755,12.0474,13.1972,14.2546,15.2389,16.1632,17.0376,17.8691,18.6637,19.4258,20.1591,20.8667,21.5510,22.2143,22.8583,23.4847,24.0947,24.6898,25.2708,25.8387,26.3945,26.9387,27.4722,27.9956,28.5093,29.0139,29.5099,29.9977,30.4777,30.9503,31.4157,31.8744,32.3265,32.7724,33.2123,33.6465,34.0751,34.4984,34.9166,35.3298,35.7343,36.1303,36.5180,36.8979,37.2703,37.6354,37.9935,38.3449,38.6899,39.0286,39.3613,39.6882,40.0095,40.3254,40.6360,40.9415,41.2421,41.5379,41.8290,42.1157,42.3980,42.6760,42.9499,43.2198,43.4858,43.7479,44.0064,44.2612,44.5126,44.7605,45.0050,45.2463,45.4843,45.7193,45.9512,46.1802,46.4062,46.6294,46.8498,47.0675,47.2826,47.4950,47.7049,47.9123,48.1172,48.3198,48.5200,48.7179,48.9135,49.1069,49.2982,49.4873,49.6743,49.8593,49.9999,49.9999,49.9999,49.9999,49.9999,49.9999,49.9999,49.9999,49.9999,49.9999,49.9999,49.9999,49.9999,49.9999,49.9999,49.9999,49.9999,49.9999,49.9999,49.9999,49.9999,49.9999,49.9999,49.9999,49.9999,49.9999,49.9999,49.9999,49.9999,49.9999,49.9999,49.9999,49.9999,49.9910,49.8075,49.6220,49.4344,49.2446,49.0528,48.8588,48.6625,48.4640,48.2631,48.0599,47.8543,47.6462,47.4359,47.2246,47.0123,46.7992,46.5850,46.3698,46.1537,45.9365,45.7183,45.4990,45.2787,45.0573,44.8348,44.6112,44.3865,44.1606,43.9336,43.7054,43.4760,43.2454,43.0135,42.7804,42.5460,42.3103,42.0733,41.8349,41.5952,41.3541,41.1116,40.8676,40.6222,40.3752,40.1268,39.8768,39.6253,39.3721,39.1173,38.8608,38.6026,38.3427,38.0810,37.8175,37.5521,37.2849,37.0157,36.7445,36.4714,36.1962,35.9188,35.6393,35.3576,35.0737,34.7874,34.4987,34.2076,33.9140,33.6179,33.3191,33.0176,32.7133,32.4062,32.0961,31.7831,31.4669,31.1474,30.8247,30.4986,30.1689,29.8356,29.4985,29.1576,28.8126,28.4634,28.1098,27.7518,27.3891,27.0215,26.6489,26.2710,25.8875,25.4983,25.1031,24.7015,24.2933,23.8781,23.4556,23.0253,22.5868,22.1396,21.6833,21.2171,20.7404,20.2525,20.1955,20.1389,20.0826,20.0266,19.9710,19.9157,19.8607,19.8061,19.7518,19.6979,19.6444,19.5912,19.5384,19.4860,19.4339,19.3823,19.3310,19.2801,19.2296,19.1794,19.1297,19.0804,19.0315,18.9830,18.9350,18.8874,18.8401,18.7934,18.7470,18.7011,18.6557,18.6107,18.5661,18.5220,18.4784,18.4353,18.3926,18.3504,18.3087,18.2675,18.2267,18.1865,18.1468,18.1076,18.0689,18.0307,17.9930,17.9559,17.9193,17.8832,17.8477,17.8127,17.7783,17.7445,17.7112,17.6784,17.6463,17.6147,17.5838,17.5534,17.5236,17.4944,17.4658,17.4378,17.4105,17.3838,17.3577,17.3322,17.3074,17.2832,17.2597,17.2368,17.2146,17.1930,17.1722,17.1520,17.1325,17.1137,17.0955,17.0781,17.0614,17.0454,17.0301,17.0155,17.0017,16.9886,16.9762,16.9646,16.9538,16.9436,16.9343,16.9257,16.9179,16.9109,16.9047,16.8993,16.8946,16.8908,16.8878,16.8855,16.8842,16.8836,16.8839,16.8850,16.8869,16.8898,16.8934,16.8980,16.9034,16.9097,16.9168,16.9249,16.9339,16.9437,16.9545,16.9662,16.9788,16.9924,17.0069,17.0223,17.0387,17.0560,17.0743,17.0936,17.1139,17.1352,17.1574,17.1807,17.2050,17.2303,17.2566,17.2840,17.3124,17.3418,17.3724,17.4040,17.4367,17.4705,17.5054,17.5415,17.5786,17.6169,17.6564,17.6970,17.7387,17.7817,17.8259,17.8712,17.9178,17.9657,18.0148,18.0651,18.1168,18.1697,18.2239,18.2795,18.3364,18.3947,18.4544,18.5155,18.5780,18.6419,18.7073,18.7742,18.8426,18.9125,18.9840,19.0570,19.1317,19.2080,19.2859,19.3656,19.4469,19.5300,19.6149,19.7017,19.7902,19.8807,19.9731,20.0674,20.1638,20.2622,20.3627,20.4653,20.5701,20.6772,20.7866,20.8983,21.0125,21.1291,21.2482,21.3700,21.4944,21.6216,21.7515,21.8844,22.0202,22.1592,22.3013,22.4466,22.5953,22.7475,22.9032,23.0627,23.2260,23.3932,23.5645,23.7400,23.9200,24.1045,24.2937,24.4878,24.6871,24.8916,25.1017,25.3175,25.5394,25.7675,26.0021,26.2436,26.4923,26.7484,27.0124,27.2847,27.5657,27.8557,28.1554,28.4653,28.7829,29.1041,29.4291,29.7582,30.0915,30.4294,30.7721,31.1199,31.4731,31.8320,32.1970,32.5685,32.9469,33.3326,33.7262,34.1282,34.5391,34.9568,35.3694,35.7731,36.1682,36.5552,36.9343,37.3060,37.6704,38.0278,38.3786,38.7230,39.0611,39.3932,39.7196,40.0403,40.3557,40.6658,40.9708,41.2709,41.5663,41.8570,42.1432,42.1072,41.8709,41.6330,41.3933,41.1517,40.9084,40.6632,40.4170,40.1697,39.9213,39.6717,39.4210,39.1691,38.9160,38.6617,38.4061,38.1492,37.8910,37.6314,37.3705,37.1082,36.8444,36.5792,36.3125,36.0442,35.7744,35.5030,35.2299,34.9551,34.6786,34.4003,34.1202,33.8383,33.5544,33.2686,32.9807,32.6908,32.3988,32.1045,31.8081,31.5093,31.2081,30.9045,30.5983,30.2896,29.9781,29.6639,29.3468,29.0267,28.7036,28.3858,28.0786,27.7814,27.4937,27.2149,26.9448,26.6828,26.4285,26.1817,25.9420,25.7090,25.4825,25.2622,25.0478,24.8392,24.6360,24.4380,24.2451,24.0571,23.8738,23.6949,23.5204,23.3502,23.1839,23.0216,22.8631,22.7083,22.5570,22.4091,22.2646,22.1233,21.9851,21.8500,21.7178,21.5886,21.4621,21.3383,21.2172,21.0987,20.9827,20.8692,20.7580,20.6492,20.5427,20.4384,20.3363,20.2363,20.1384,20.0425,19.9486,19.8567,19.7667,19.6786,19.5924,19.5079,19.4252,19.3443,19.2650,19.1875,19.1116,19.0373,18.9647,18.8936,18.8240,18.7560,18.6895,18.6244,18.5608,18.4987,18.4380,18.3786,18.3207,18.2641,18.2088,18.1549,18.1023,18.0510,18.0009,17.9522,17.9046,17.8583,17.8133,17.7694,17.7267,17.6852,17.6449,17.6058,17.5678,17.5309,17.4952,17.4605,17.4270,17.3946,17.3633,17.3330,17.3038,17.2757,17.2486,17.2225,17.1975,17.1735,17.1505,17.1285,17.1075,17.0875,17.0685,17.0505,17.0334,17.0173,17.0022,16.9880,16.9747,16.9624,16.9509,16.9404,16.9309,16.9222,16.9144,16.9075,16.9015,16.8964,16.8921,16.8887,16.8862,16.8845,16.8837,16.8837,16.8845,16.8862,16.8887,16.8920,16.8962,16.9011,16.9068,16.9134,16.9207,16.9288,16.9376,16.9473,16.9577,16.9688,16.9808,16.9934,17.0068,17.0210,17.0359,17.0514,17.0678,17.0848,17.1025,17.1210,17.1401,17.1599,17.1804,17.2016,17.2235,17.2460,17.2692,17.2931,17.3176,17.3427,17.3685,17.3950,17.4220,17.4497,17.4780,17.5069,17.5364,17.5666,17.5973,17.6286,17.6605,17.6930,17.7261,17.7597,17.7939,17.8286,17.8640,17.8998,17.9362,17.9732,18.0106,18.0487,18.0872,18.1262,18.1658,18.2059,18.2465,18.2066,17.9993,17.7886,17.5745,17.3567,17.1350,16.9094,16.6797,16.4456,16.2070,15.9636,15.7153,15.4617,15.2025,14.9376,14.6665,14.3888,14.1043,13.8123,13.5125,13.2043,12.8870,12.5600,12.2224,11.8734,11.5119,11.1366,10.7460,10.3385,9.9119,9.4636,8.9903,8.4878,7.9506,7.3710,6.7382,6.0352,5.2340,4.2795,3.0304,0.0000\right]
l_{times}=\left[0.0000,0.0371,0.0525,0.0643,0.0742,0.0830,0.0909,0.0982,0.1050,0.1114,0.1174,0.1231,0.1286,0.1338,0.1389,0.1438,0.1485,0.1531,0.1575,0.1618,0.1660,0.1701,0.1741,0.1780,0.1819,0.1856,0.1893,0.1929,0.1964,0.1999,0.2033,0.2067,0.2100,0.2132,0.2165,0.2196,0.2227,0.2258,0.2288,0.2318,0.2348,0.2377,0.2406,0.2434,0.2462,0.2490,0.2518,0.2545,0.2572,0.2599,0.2625,0.2651,0.2677,0.2703,0.2728,0.2754,0.2779,0.2804,0.2828,0.2853,0.2877,0.2901,0.2925,0.2949,0.2973,0.2996,0.3020,0.3043,0.3066,0.3089,0.3112,0.3134,0.3157,0.3179,0.3202,0.3224,0.3246,0.3268,0.3290,0.3311,0.3333,0.3354,0.3376,0.3397,0.3418,0.3439,0.3460,0.3481,0.3502,0.3523,0.3544,0.3564,0.3585,0.3605,0.3625,0.3646,0.3666,0.3686,0.3706,0.3726,0.3746,0.3766,0.3786,0.3806,0.3826,0.3846,0.3866,0.3886,0.3906,0.3926,0.3946,0.3966,0.3986,0.4006,0.4026,0.4046,0.4066,0.4086,0.4106,0.4126,0.4146,0.4166,0.4186,0.4206,0.4226,0.4246,0.4266,0.4286,0.4306,0.4326,0.4346,0.4366,0.4386,0.4406,0.4426,0.4447,0.4467,0.4487,0.4508,0.4528,0.4549,0.4570,0.4591,0.4612,0.4633,0.4654,0.4675,0.4696,0.4718,0.4739,0.4761,0.4783,0.4804,0.4826,0.4848,0.4871,0.4893,0.4915,0.4938,0.4960,0.4983,0.5006,0.5029,0.5052,0.5075,0.5098,0.5122,0.5145,0.5169,0.5193,0.5217,0.5241,0.5265,0.5289,0.5314,0.5339,0.5364,0.5389,0.5414,0.5439,0.5465,0.5490,0.5516,0.5542,0.5568,0.5594,0.5621,0.5648,0.5675,0.5702,0.5729,0.5757,0.5784,0.5812,0.5840,0.5869,0.5898,0.5926,0.5955,0.5985,0.6014,0.6044,0.6074,0.6105,0.6136,0.6167,0.6198,0.6230,0.6261,0.6294,0.6326,0.6359,0.6393,0.6426,0.6460,0.6495,0.6530,0.6565,0.6601,0.6637,0.6674,0.6711,0.6749,0.6787,0.6826,0.6866,0.6906,0.6947,0.6988,0.7031,0.7074,0.7118,0.7162,0.7208,0.7255,0.7302,0.7351,0.7400,0.7450,0.7500,0.7550,0.7600,0.7650,0.7700,0.7750,0.7801,0.7852,0.7903,0.7954,0.8005,0.8056,0.8107,0.8159,0.8210,0.8262,0.8314,0.8366,0.8418,0.8471,0.8523,0.8576,0.8629,0.8682,0.8735,0.8788,0.8841,0.8894,0.8948,0.9002,0.9055,0.9109,0.9163,0.9218,0.9272,0.9326,0.9381,0.9436,0.9490,0.9545,0.9600,0.9655,0.9711,0.9766,0.9822,0.9877,0.9933,0.9989,1.0045,1.0101,1.0157,1.0213,1.0270,1.0326,1.0383,1.0440,1.0497,1.0553,1.0610,1.0668,1.0725,1.0782,1.0839,1.0897,1.0955,1.1012,1.1070,1.1128,1.1186,1.1244,1.1302,1.1360,1.1418,1.1476,1.1535,1.1593,1.1651,1.1710,1.1769,1.1827,1.1886,1.1945,1.2003,1.2062,1.2121,1.2180,1.2239,1.2298,1.2357,1.2416,1.2475,1.2534,1.2594,1.2653,1.2712,1.2771,1.2830,1.2889,1.2949,1.3008,1.3067,1.3126,1.3186,1.3245,1.3304,1.3363,1.3422,1.3482,1.3541,1.3600,1.3659,1.3718,1.3777,1.3836,1.3895,1.3954,1.4012,1.4071,1.4130,1.4189,1.4247,1.4306,1.4364,1.4423,1.4481,1.4539,1.4597,1.4655,1.4713,1.4771,1.4829,1.4887,1.4944,1.5002,1.5059,1.5117,1.5174,1.5231,1.5288,1.5345,1.5401,1.5458,1.5514,1.5571,1.5627,1.5683,1.5739,1.5794,1.5850,1.5906,1.5961,1.6016,1.6071,1.6126,1.6180,1.6235,1.6289,1.6343,1.6397,1.6451,1.6504,1.6558,1.6611,1.6664,1.6717,1.6769,1.6822,1.6874,1.6926,1.6977,1.7029,1.7080,1.7131,1.7182,1.7233,1.7283,1.7333,1.7383,1.7433,1.7483,1.7532,1.7581,1.7630,1.7678,1.7726,1.7774,1.7822,1.7869,1.7917,1.7964,1.8010,1.8057,1.8103,1.8149,1.8194,1.8239,1.8284,1.8329,1.8373,1.8418,1.8461,1.8505,1.8548,1.8591,1.8634,1.8676,1.8718,1.8759,1.8801,1.8842,1.8882,1.8923,1.8963,1.9002,1.9042,1.9081,1.9119,1.9158,1.9196,1.9233,1.9270,1.9307,1.9344,1.9380,1.9415,1.9451,1.9486,1.9520,1.9554,1.9588,1.9622,1.9655,1.9687,1.9720,1.9752,1.9783,1.9814,1.9845,1.9876,1.9906,1.9936,1.9965,1.9994,2.0023,2.0052,2.0080,2.0108,2.0135,2.0162,2.0189,2.0216,2.0242,2.0269,2.0294,2.0320,2.0346,2.0371,2.0396,2.0421,2.0446,2.0470,2.0494,2.0519,2.0543,2.0566,2.0590,2.0614,2.0638,2.0662,2.0686,2.0711,2.0735,2.0760,2.0785,2.0809,2.0835,2.0860,2.0885,2.0911,2.0937,2.0963,2.0989,2.1015,2.1042,2.1068,2.1095,2.1122,2.1149,2.1177,2.1204,2.1232,2.1260,2.1289,2.1317,2.1346,2.1375,2.1404,2.1433,2.1463,2.1493,2.1523,2.1554,2.1584,2.1615,2.1647,2.1678,2.1710,2.1742,2.1775,2.1808,2.1841,2.1875,2.1908,2.1943,2.1977,2.2012,2.2048,2.2084,2.2120,2.2156,2.2193,2.2231,2.2268,2.2306,2.2345,2.2383,2.2422,2.2462,2.2502,2.2542,2.2582,2.2623,2.2664,2.2705,2.2747,2.2789,2.2831,2.2874,2.2917,2.2960,2.3004,2.3048,2.3092,2.3136,2.3181,2.3226,2.3272,2.3317,2.3363,2.3409,2.3456,2.3503,2.3550,2.3597,2.3644,2.3692,2.3740,2.3788,2.3837,2.3886,2.3935,2.3984,2.4034,2.4083,2.4133,2.4184,2.4234,2.4285,2.4336,2.4387,2.4438,2.4490,2.4542,2.4594,2.4646,2.4698,2.4751,2.4804,2.4857,2.4910,2.4964,2.5017,2.5071,2.5125,2.5179,2.5233,2.5288,2.5343,2.5397,2.5452,2.5508,2.5563,2.5618,2.5674,2.5730,2.5786,2.5842,2.5898,2.5954,2.6011,2.6067,2.6124,2.6181,2.6238,2.6295,2.6352,2.6410,2.6467,2.6525,2.6582,2.6640,2.6698,2.6756,2.6814,2.6872,2.6930,2.6988,2.7047,2.7105,2.7164,2.7222,2.7281,2.7339,2.7398,2.7457,2.7516,2.7575,2.7634,2.7693,2.7752,2.7811,2.7870,2.7929,2.7988,2.8047,2.8106,2.8165,2.8225,2.8284,2.8343,2.8402,2.8462,2.8521,2.8580,2.8639,2.8698,2.8758,2.8817,2.8876,2.8935,2.8994,2.9053,2.9112,2.9171,2.9230,2.9289,2.9348,2.9407,2.9466,2.9525,2.9583,2.9642,2.9701,2.9759,2.9818,2.9876,2.9935,2.9993,3.0051,3.0109,3.0167,3.0225,3.0283,3.0341,3.0399,3.0457,3.0514,3.0572,3.0629,3.0687,3.0744,3.0801,3.0858,3.0915,3.0972,3.1029,3.1085,3.1142,3.1198,3.1255,3.1311,3.1367,3.1423,3.1479,3.1535,3.1591,3.1646,3.1702,3.1757,3.1812,3.1867,3.1922,3.1977,3.2032,3.2087,3.2143,3.2200,3.2257,3.2315,3.2374,3.2433,3.2494,3.2555,3.2617,3.2680,3.2744,3.2810,3.2876,3.2944,3.3012,3.3083,3.3154,3.3227,3.3302,3.3379,3.3458,3.3538,3.3621,3.3707,3.3795,3.3886,3.3981,3.4080,3.4183,3.4292,3.4406,3.4528,3.4658,3.4800,3.4957,3.5134,3.5344,3.5618,3.6278,\right]
l_{points}=\left[\left(-23.6000,0.0000\right),\left(-23.5000,0.0000\right),\left(-23.4000,0.0000\right),\left(-23.3000,0.0000\right),\left(-23.2000,0.0000\right),\left(-23.1000,0.0000\right),\left(-23.0000,0.0000\right),\left(-22.9000,0.0000\right),\left(-22.8000,0.0000\right),\left(-22.7000,0.0000\right),\left(-22.6000,0.0000\right),\left(-22.5000,0.0000\right),\left(-22.4000,0.0000\right),\left(-22.3000,0.0000\right),\left(-22.2000,0.0000\right),\left(-22.1000,0.0000\right),\left(-22.0000,0.0000\right),\left(-21.9000,0.0000\right),\left(-21.8000,0.0000\right),\left(-21.7000,0.0000\right),\left(-21.6000,0.0000\right),\left(-21.5000,0.0000\right),\left(-21.4000,0.0000\right),\left(-21.3000,0.0000\right),\left(-21.2000,0.0000\right),\left(-21.1000,0.0000\right),\left(-21.0000,0.0000\right),\left(-20.9000,0.0000\right),\left(-20.8000,0.0000\right),\left(-20.7000,0.0000\right),\left(-20.6000,0.0000\right),\left(-20.5000,0.0000\right),\left(-20.4000,0.0000\right),\left(-20.3000,0.0000\right),\left(-20.2000,0.0000\right),\left(-20.1000,0.0000\right),\left(-20.0000,0.0000\right),\left(-19.9000,0.0000\right),\left(-19.8000,0.0000\right),\left(-19.7000,0.0000\right),\left(-19.6000,0.0000\right),\left(-19.5000,0.0000\right),\left(-19.4000,0.0000\right),\left(-19.3000,0.0000\right),\left(-19.2000,0.0000\right),\left(-19.1000,0.0000\right),\left(-19.0000,0.0000\right),\left(-18.9000,0.0000\right),\left(-18.8000,0.0000\right),\left(-18.7000,0.0000\right),\left(-18.6000,0.0000\right),\left(-18.5000,0.0000\right),\left(-18.4000,0.0000\right),\left(-18.3000,0.0000\right),\left(-18.2000,0.0000\right),\left(-18.1000,0.0000\right),\left(-18.0000,0.0000\right),\left(-17.9000,0.0000\right),\left(-17.8000,0.0000\right),\left(-17.7000,0.0000\right),\left(-17.6000,0.0000\right),\left(-17.5000,0.0000\right),\left(-17.4000,0.0000\right),\left(-17.3000,0.0000\right),\left(-17.2000,0.0000\right),\left(-17.1000,0.0000\right),\left(-17.0000,0.0000\right),\left(-16.9000,0.0000\right),\left(-16.8000,0.0000\right),\left(-16.7000,0.0000\right),\left(-16.6000,0.0000\right),\left(-16.5000,0.0000\right),\left(-16.4000,0.0000\right),\left(-16.3000,0.0000\right),\left(-16.2000,0.0000\right),\left(-16.1000,0.0000\right),\left(-16.0000,0.0000\right),\left(-15.9000,0.0000\right),\left(-15.8000,0.0000\right),\left(-15.7000,0.0000\right),\left(-15.6000,0.0000\right),\left(-15.5000,0.0000\right),\left(-15.4000,0.0000\right),\left(-15.3000,0.0000\right),\left(-15.2000,0.0000\right),\left(-15.1000,0.0000\right),\left(-15.0000,0.0000\right),\left(-14.9000,0.0000\right),\left(-14.8000,0.0000\right),\left(-14.7000,0.0000\right),\left(-14.6000,0.0000\right),\left(-14.5000,0.0000\right),\left(-14.4000,0.0000\right),\left(-14.3000,0.0000\right),\left(-14.2000,0.0000\right),\left(-14.1000,0.0000\right),\left(-14.0000,0.0000\right),\left(-13.9000,0.0000\right),\left(-13.8000,0.0000\right),\left(-13.7000,0.0000\right),\left(-13.6000,0.0000\right),\left(-13.5000,0.0000\right),\left(-13.4000,0.0000\right),\left(-13.3000,0.0000\right),\left(-13.2000,0.0000\right),\left(-13.1000,0.0000\right),\left(-13.0000,0.0000\right),\left(-12.9000,0.0000\right),\left(-12.8000,0.0000\right),\left(-12.7000,0.0000\right),\left(-12.6000,0.0000\right),\left(-12.5000,0.0000\right),\left(-12.4000,0.0000\right),\left(-12.3000,0.0000\right),\left(-12.2000,0.0000\right),\left(-12.1000,0.0000\right),\left(-12.0000,0.0000\right),\left(-11.9000,0.0000\right),\left(-11.8000,0.0000\right),\left(-11.7000,0.0000\right),\left(-11.6000,0.0000\right),\left(-11.5000,0.0000\right),\left(-11.4000,0.0000\right),\left(-11.3000,0.0000\right),\left(-11.2000,0.0000\right),\left(-11.1000,0.0000\right),\left(-11.0000,0.0000\right),\left(-10.9000,0.0000\right),\left(-10.8000,0.0000\right),\left(-10.7000,0.0000\right),\left(-10.6000,0.0000\right),\left(-10.5000,0.0000\right),\left(-10.4000,0.0000\right),\left(-10.3000,0.0000\right),\left(-10.2000,0.0000\right),\left(-10.1000,0.0000\right),\left(-10.0000,0.0000\right),\left(-9.9000,0.0000\right),\left(-9.8000,0.0000\right),\left(-9.7000,0.0000\right),\left(-9.6000,0.0000\right),\left(-9.5000,0.0000\right),\left(-9.4000,0.0000\right),\left(-9.3000,0.0000\right),\left(-9.2000,0.0000\right),\left(-9.1000,0.0000\right),\left(-9.0000,0.0000\right),\left(-8.9000,0.0000\right),\left(-8.8000,0.0000\right),\left(-8.7000,0.0000\right),\left(-8.6000,0.0000\right),\left(-8.5000,0.0000\right),\left(-8.4000,0.0000\right),\left(-8.3000,0.0000\right),\left(-8.2000,0.0000\right),\left(-8.1000,0.0000\right),\left(-8.0000,0.0000\right),\left(-7.9000,0.0000\right),\left(-7.8000,0.0000\right),\left(-7.7000,0.0000\right),\left(-7.6000,0.0000\right),\left(-7.5000,0.0000\right),\left(-7.4000,0.0000\right),\left(-7.3000,0.0000\right),\left(-7.2000,0.0000\right),\left(-7.1000,0.0000\right),\left(-7.0000,0.0000\right),\left(-6.9000,0.0000\right),\left(-6.8000,0.0000\right),\left(-6.7000,0.0000\right),\left(-6.6000,0.0000\right),\left(-6.5000,0.0000\right),\left(-6.4000,0.0000\right),\left(-6.3000,0.0000\right),\left(-6.2000,0.0000\right),\left(-6.1000,0.0000\right),\left(-6.0000,0.0000\right),\left(-5.9000,0.0000\right),\left(-5.8000,0.0000\right),\left(-5.7000,0.0000\right),\left(-5.6000,0.0000\right),\left(-5.5000,0.0000\right),\left(-5.4000,0.0000\right),\left(-5.3000,0.0000\right),\left(-5.2000,0.0000\right),\left(-5.1000,0.0000\right),\left(-5.0000,0.0000\right),\left(-4.9000,0.0000\right),\left(-4.8000,0.0000\right),\left(-4.7000,0.0000\right),\left(-4.6000,0.0000\right),\left(-4.5000,0.0000\right),\left(-4.4000,0.0000\right),\left(-4.3000,0.0000\right),\left(-4.2000,0.0000\right),\left(-4.1000,0.0000\right),\left(-4.0000,0.0000\right),\left(-3.9000,0.0000\right),\left(-3.8000,0.0000\right),\left(-3.7000,0.0000\right),\left(-3.6000,0.0000\right),\left(-3.5000,0.0000\right),\left(-3.4000,0.0000\right),\left(-3.3000,0.0000\right),\left(-3.2000,0.0000\right),\left(-3.1000,0.0000\right),\left(-3.0000,0.0000\right),\left(-2.9000,0.0000\right),\left(-2.8000,0.0000\right),\left(-2.7000,0.0000\right),\left(-2.6000,0.0000\right),\left(-2.5000,0.0000\right),\left(-2.4000,0.0000\right),\left(-2.3000,0.0000\right),\left(-2.2000,0.0000\right),\left(-2.1000,0.0000\right),\left(-2.0000,0.0000\right),\left(-1.9000,0.0000\right),\left(-1.8000,0.0000\right),\left(-1.7000,0.0000\right),\left(-1.6000,0.0000\right),\left(-1.5000,0.0000\right),\left(-1.4000,0.0000\right),\left(-1.3000,0.0000\right),\left(-1.2000,0.0000\right),\left(-1.1000,0.0000\right),\left(-1.0000,0.0000\right),\left(-0.9000,0.0000\right),\left(-0.8000,0.0000\right),\left(-0.7000,0.0000\right),\left(-0.6000,0.0000\right),\left(-0.5000,0.0000\right),\left(-0.4000,0.0000\right),\left(-0.3000,0.0000\right),\left(-0.2000,0.0000\right),\left(-0.1000,0.0000\right),\left(0.0001,0.0000\right),\left(0.0999,0.0001\right),\left(0.1998,0.0006\right),\left(0.2997,0.0013\right),\left(0.3995,0.0023\right),\left(0.4994,0.0036\right),\left(0.5992,0.0051\right),\left(0.6991,0.0070\right),\left(0.7989,0.0092\right),\left(0.8987,0.0116\right),\left(0.9986,0.0144\right),\left(1.0984,0.0174\right),\left(1.1982,0.0207\right),\left(1.2980,0.0244\right),\left(1.3977,0.0283\right),\left(1.4975,0.0326\right),\left(1.5973,0.0371\right),\left(1.6970,0.0420\right),\left(1.7967,0.0472\right),\left(1.8964,0.0527\right),\left(1.9961,0.0585\right),\left(2.0958,0.0646\right),\left(2.1955,0.0710\right),\left(2.2951,0.0777\right),\left(2.3947,0.0848\right),\left(2.4943,0.0922\right),\left(2.5939,0.0999\right),\left(2.6934,0.1079\right),\left(2.7929,0.1163\right),\left(2.8924,0.1249\right),\left(2.9919,0.1339\right),\left(3.0913,0.1433\right),\left(3.1907,0.1529\right),\left(3.2900,0.1629\right),\left(3.3894,0.1733\right),\left(3.4887,0.1839\right),\left(3.5879,0.1949\right),\left(3.6871,0.2063\right),\left(3.7863,0.2179\right),\left(3.8854,0.2299\right),\left(3.9845,0.2423\right),\left(4.0836,0.2550\right),\left(4.1826,0.2681\right),\left(4.2816,0.2814\right),\left(4.3805,0.2952\right),\left(4.4794,0.3093\right),\left(4.5782,0.3237\right),\left(4.6769,0.3385\right),\left(4.7757,0.3537\right),\left(4.8743,0.3692\right),\left(4.9729,0.3850\right),\left(5.0715,0.4012\right),\left(5.1699,0.4178\right),\left(5.2684,0.4347\right),\left(5.3667,0.4520\right),\left(5.4650,0.4697\right),\left(5.5633,0.4877\right),\left(5.6614,0.5061\right),\left(5.7595,0.5248\right),\left(5.8576,0.5439\right),\left(5.9555,0.5634\right),\left(6.0534,0.5832\right),\left(6.1512,0.6034\right),\left(6.2490,0.6240\right),\left(6.3466,0.6450\right),\left(6.4442,0.6663\right),\left(6.5417,0.6880\right),\left(6.6391,0.7101\right),\left(6.7364,0.7325\right),\left(6.8337,0.7553\right),\left(6.9308,0.7785\right),\left(7.0279,0.8021\right),\left(7.1248,0.8260\right),\left(7.2217,0.8504\right),\left(7.3185,0.8751\right),\left(7.4152,0.9002\right),\left(7.5118,0.9256\right),\left(7.6083,0.9515\right),\left(7.7046,0.9777\right),\left(7.8009,1.0043\right),\left(7.8971,1.0313\right),\left(7.9932,1.0586\right),\left(8.0891,1.0864\right),\left(8.1850,1.1145\right),\left(8.2807,1.1430\right),\left(8.3763,1.1719\right),\left(8.4718,1.2012\right),\left(8.5672,1.2309\right),\left(8.6625,1.2609\right),\left(8.7576,1.2913\right),\left(8.8527,1.3221\right),\left(8.9476,1.3533\right),\left(9.0423,1.3849\right),\left(9.1370,1.4169\right),\left(9.2315,1.4492\right),\left(9.3259,1.4819\right),\left(9.4202,1.5151\right),\left(9.5143,1.5485\right),\left(9.6083,1.5824\right),\left(9.7021,1.6167\right),\left(9.7958,1.6513\right),\left(9.8894,1.6863\right),\left(9.9828,1.7217\right),\left(10.0761,1.7575\right),\left(10.1692,1.7936\right),\left(10.2622,1.8302\right),\left(10.3551,1.8671\right),\left(10.4478,1.9044\right),\left(10.5403,1.9420\right),\left(10.6327,1.9801\right),\left(10.7250,2.0185\right),\left(10.8170,2.0573\right),\left(10.9090,2.0964\right),\left(11.0007,2.1360\right),\left(11.0923,2.1759\right),\left(11.1838,2.2161\right),\left(11.2751,2.2568\right),\left(11.3662,2.2978\right),\left(11.4572,2.3391\right),\left(11.5480,2.3809\right),\left(11.6386,2.4230\right),\left(11.7290,2.4654\right),\left(11.8193,2.5083\right),\left(11.9094,2.5514\right),\left(11.9994,2.5950\right),\left(12.0892,2.6389\right),\left(12.1788,2.6831\right),\left(12.2682,2.7277\right),\left(12.3574,2.7727\right),\left(12.4465,2.8180\right),\left(12.5354,2.8637\right),\left(12.6241,2.9097\right),\left(12.7127,2.9560\right),\left(12.8010,3.0027\right),\left(12.8892,3.0497\right),\left(12.9772,3.0971\right),\left(13.0650,3.1448\right),\left(13.1527,3.1929\right),\left(13.2401,3.2412\right),\left(13.3274,3.2900\right),\left(13.4145,3.3390\right),\left(13.5014,3.3884\right),\left(13.5881,3.4381\right),\left(13.6747,3.4881\right),\left(13.7610,3.5384\right),\left(13.8472,3.5891\right),\left(13.9331,3.6401\right),\left(14.0189,3.6914\right),\left(14.1045,3.7430\right),\left(14.1899,3.7949\right),\left(14.2752,3.8471\right),\left(14.3602,3.8996\right),\left(14.4451,3.9525\right),\left(14.5297,4.0056\right),\left(14.6142,4.0590\right),\left(14.6985,4.1128\right),\left(14.7826,4.1668\right),\left(14.8665,4.2211\right),\left(14.9503,4.2757\right),\left(15.0338,4.3306\right),\left(15.1172,4.3858\right),\left(15.2003,4.4412\right),\left(15.2833,4.4970\right),\left(15.3661,4.5530\right),\left(15.4487,4.6093\right),\left(15.5312,4.6658\right),\left(15.6134,4.7227\right),\left(15.6955,4.7798\right),\left(15.7773,4.8371\right),\left(15.8590,4.8947\right),\left(15.9406,4.9526\right),\left(16.0219,5.0108\right),\left(16.1030,5.0691\right),\left(16.1840,5.1278\right),\left(16.2648,5.1867\right),\left(16.3454,5.2458\right),\left(16.4259,5.3052\right),\left(16.5061,5.3648\right),\left(16.5862,5.4247\right),\left(16.6661,5.4847\right),\left(16.7458,5.5451\right),\left(16.8254,5.6056\right),\left(16.9048,5.6664\right),\left(16.9840,5.7274\right),\left(17.0630,5.7886\right),\left(17.1419,5.8501\right),\left(17.2206,5.9117\right),\left(17.2992,5.9736\right),\left(17.3775,6.0357\right),\left(17.4558,6.0980\right),\left(17.5338,6.1605\right),\left(17.6117,6.2232\right),\left(17.6894,6.2860\right),\left(17.7670,6.3491\right),\left(17.8444,6.4124\right),\left(17.9216,6.4759\right),\left(17.9987,6.5396\right),\left(18.0757,6.6034\right),\left(18.1525,6.6675\right),\left(18.2291,6.7317\right),\left(18.3056,6.7961\right),\left(18.3819,6.8607\right),\left(18.4581,6.9254\right),\left(18.5342,6.9904\right),\left(18.6101,7.0554\right),\left(18.6858,7.1207\right),\left(18.7615,7.1861\right),\left(18.8370,7.2517\right),\left(18.9123,7.3174\right),\left(18.9875,7.3833\right),\left(19.0626,7.4494\right),\left(19.1375,7.5156\right),\left(19.2124,7.5819\right),\left(19.2871,7.6484\right),\left(19.3616,7.7150\right),\left(19.4361,7.7818\right),\left(19.5104,7.8487\right),\left(19.5846,7.9157\right),\left(19.6587,7.9829\right),\left(19.7326,8.0502\right),\left(19.8065,8.1176\right),\left(19.8802,8.1852\right),\left(19.9538,8.2528\right),\left(20.0273,8.3206\right),\left(20.1007,8.3885\right),\left(20.1740,8.4565\right),\left(20.2472,8.5247\right),\left(20.3203,8.5929\right),\left(20.3933,8.6613\right),\left(20.4662,8.7297\right),\left(20.5390,8.7983\right),\left(20.6117,8.8669\right),\left(20.6843,8.9357\right),\left(20.7568,9.0045\right),\left(20.8293,9.0735\right),\left(20.9016,9.1425\right),\left(20.9739,9.2116\right),\left(21.0461,9.2808\right),\left(21.1182,9.3501\right),\left(21.1902,9.4195\right),\left(21.2622,9.4889\right),\left(21.3341,9.5584\right),\left(21.4059,9.6280\right),\left(21.4776,9.6977\right),\left(21.5493,9.7674\right),\left(21.6209,9.8372\right),\left(21.6925,9.9071\right),\left(21.7640,9.9770\right),\left(21.8354,10.0470\right),\left(21.9068,10.1170\right),\left(21.9781,10.1871\right),\left(22.0494,10.2572\right),\left(22.1206,10.3274\right),\left(22.1918,10.3977\right),\left(22.2629,10.4680\right),\left(22.3340,10.5383\right),\left(22.4050,10.6087\right),\left(22.4761,10.6791\right),\left(22.5470,10.7495\right),\left(22.6180,10.8200\right),\left(22.6889,10.8905\right),\left(22.7598,10.9610\right),\left(22.8306,11.0316\right),\left(22.9015,11.1022\right),\left(22.9723,11.1728\right),\left(23.0431,11.2434\right),\left(23.1138,11.3141\right),\left(23.1846,11.3847\right),\left(23.2553,11.4554\right),\left(23.3261,11.5261\right),\left(23.3968,11.5968\right),\left(23.4675,11.6675\right),\left(23.5382,11.7382\right),\left(23.6089,11.8089\right),\left(23.6796,11.8796\right),\left(23.7504,11.9503\right),\left(23.8211,12.0210\right),\left(23.8918,12.0917\right),\left(23.9625,12.1624\right),\left(24.0333,12.2331\right),\left(24.1040,12.3038\right),\left(24.1748,12.3744\right),\left(24.2456,12.4450\right),\left(24.3164,12.5156\right),\left(24.3873,12.5862\right),\left(24.4581,12.6568\right),\left(24.5290,12.7273\right),\left(24.5999,12.7978\right),\left(24.6709,12.8683\right),\left(24.7419,12.9387\right),\left(24.8129,13.0091\right),\left(24.8840,13.0795\right),\left(24.9551,13.1498\right),\left(25.0262,13.2201\right),\left(25.0974,13.2903\right),\left(25.1686,13.3605\right),\left(25.2399,13.4306\right),\left(25.3113,13.5007\right),\left(25.3827,13.5707\right),\left(25.4541,13.6407\right),\left(25.5256,13.7106\right),\left(25.5972,13.7804\right),\left(25.6688,13.8502\right),\left(25.7405,13.9199\right),\left(25.8123,13.9896\right),\left(25.8841,14.0591\right),\left(25.9560,14.1286\right),\left(26.0280,14.1981\right),\left(26.1000,14.2674\right),\left(26.1721,14.3367\right),\left(26.2444,14.4059\right),\left(26.3166,14.4750\right),\left(26.3890,14.5440\right),\left(26.4615,14.6129\right),\left(26.5340,14.6817\right),\left(26.6067,14.7504\right),\left(26.6794,14.8191\right),\left(26.7522,14.8876\right),\left(26.8252,14.9560\right),\left(26.8982,15.0244\right),\left(26.9713,15.0926\right),\left(27.0445,15.1607\right),\left(27.1179,15.2287\right),\left(27.1913,15.2966\right),\left(27.2648,15.3643\right),\left(27.3385,15.4320\right),\left(27.4122,15.4995\right),\left(27.4861,15.5669\right),\left(27.5601,15.6342\right),\left(27.6342,15.7013\right),\left(27.7085,15.7683\right),\left(27.7828,15.8352\right),\left(27.8573,15.9019\right),\left(27.9319,15.9685\right),\left(28.0066,16.0350\right),\left(28.0815,16.1013\right),\left(28.1565,16.1675\right),\left(28.2316,16.2335\right),\left(28.3069,16.2993\right),\left(28.3823,16.3650\right),\left(28.4578,16.4306\right),\left(28.5335,16.4960\right),\left(28.6093,16.5612\right),\left(28.6852,16.6262\right),\left(28.7613,16.6911\right),\left(28.8376,16.7558\right),\left(28.9140,16.8204\right),\left(28.9905,16.8848\right),\left(29.0672,16.9490\right),\left(29.1441,17.0130\right),\left(29.2211,17.0768\right),\left(29.2982,17.1404\right),\left(29.3755,17.2039\right),\left(29.4530,17.2671\right),\left(29.5306,17.3302\right),\left(29.6084,17.3930\right),\left(29.6863,17.4557\right),\left(29.7645,17.5182\right),\left(29.8427,17.5804\right),\left(29.9212,17.6425\right),\left(29.9998,17.7043\right),\left(30.0786,17.7659\right),\left(30.1575,17.8273\right),\left(30.2366,17.8885\right),\left(30.3159,17.9495\right),\left(30.3954,18.0102\right),\left(30.4750,18.0708\right),\left(30.5548,18.1310\right),\left(30.6348,18.1911\right),\left(30.7150,18.2509\right),\left(30.7953,18.3105\right),\left(30.8758,18.3698\right),\left(30.9565,18.4289\right),\left(31.0374,18.4878\right),\left(31.1185,18.5464\right),\left(31.1997,18.6047\right),\left(31.2811,18.6628\right),\left(31.3627,18.7207\right),\left(31.4445,18.7782\right),\left(31.5265,18.8356\right),\left(31.6087,18.8926\right),\left(31.6910,18.9494\right),\left(31.7735,19.0059\right),\left(31.8563,19.0622\right),\left(31.9392,19.1182\right),\left(32.0222,19.1739\right),\left(32.1055,19.2293\right),\left(32.1890,19.2844\right),\left(32.2726,19.3393\right),\left(32.3565,19.3938\right),\left(32.4405,19.4481\right),\left(32.5247,19.5021\right),\left(32.6092,19.5558\right),\left(32.6938,19.6092\right),\left(32.7785,19.6623\right),\left(32.8635,19.7151\right),\left(32.9487,19.7676\right),\left(33.0340,19.8197\right),\left(33.1196,19.8716\right),\left(33.2053,19.9232\right),\left(33.2912,19.9744\right),\left(33.3774,20.0254\right),\left(33.4637,20.0760\right),\left(33.5501,20.1263\right),\left(33.6368,20.1763\right),\left(33.7237,20.2259\right),\left(33.8107,20.2752\right),\left(33.8980,20.3242\right),\left(33.9854,20.3729\right),\left(34.0730,20.4212\right),\left(34.1608,20.4692\right),\left(34.2487,20.5169\right),\left(34.3369,20.5642\right),\left(34.4252,20.6112\right),\left(34.5138,20.6579\right),\left(34.6025,20.7042\right),\left(34.6914,20.7501\right),\left(34.7804,20.7957\right),\left(34.8697,20.8410\right),\left(34.9591,20.8859\right),\left(35.0487,20.9305\right),\left(35.1385,20.9747\right),\left(35.2284,21.0185\right),\left(35.3185,21.0620\right),\left(35.4088,21.1051\right),\left(35.4993,21.1479\right),\left(35.5899,21.1903\right),\left(35.6807,21.2324\right),\left(35.7717,21.2740\right),\left(35.8629,21.3154\right),\left(35.9542,21.3563\right),\left(36.0457,21.3969\right),\left(36.1373,21.4371\right),\left(36.2291,21.4769\right),\left(36.3211,21.5164\right),\left(36.4132,21.5555\right),\left(36.5055,21.5942\right),\left(36.5979,21.6326\right),\left(36.6905,21.6706\right),\left(36.7833,21.7082\right),\left(36.8762,21.7454\right),\left(36.9693,21.7822\right),\left(37.0625,21.8187\right),\left(37.1558,21.8548\right),\left(37.2493,21.8905\right),\left(37.3430,21.9258\right),\left(37.4368,21.9608\right),\left(37.5307,21.9954\right),\left(37.6248,22.0295\right),\left(37.7190,22.0633\right),\left(37.8134,22.0968\right),\left(37.9078,22.1298\right),\left(38.0025,22.1625\right),\left(38.0972,22.1947\right),\left(38.1921,22.2266\right),\left(38.2871,22.2581\right),\left(38.3823,22.2892\right),\left(38.4775,22.3200\right),\left(38.5729,22.3503\right),\left(38.6684,22.3803\right),\left(38.7641,22.4099\right),\left(38.8598,22.4391\right),\left(38.9557,22.4679\right),\left(39.0517,22.4963\right),\left(39.1478,22.5243\right),\left(39.2440,22.5520\right),\left(39.3403,22.5793\right),\left(39.4367,22.6062\right),\left(39.5333,22.6327\right),\left(39.6299,22.6588\right),\left(39.7267,22.6846\right),\left(39.8235,22.7099\right),\left(39.9205,22.7349\right),\left(40.0175,22.7595\right),\left(40.1147,22.7838\right),\left(40.2119,22.8076\right),\left(40.3092,22.8311\right),\left(40.4067,22.8542\right),\left(40.5042,22.8769\right),\left(40.6018,22.8992\right),\left(40.6994,22.9212\right),\left(40.7972,22.9428\right),\left(40.8951,22.9640\right),\left(40.9930,22.9849\right),\left(41.0910,23.0053\right),\left(41.1891,23.0254\right),\left(41.2872,23.0452\right),\left(41.3855,23.0645\right),\left(41.4838,23.0835\right),\left(41.5822,23.1021\right),\left(41.6806,23.1204\right),\left(41.7791,23.1383\right),\left(41.8777,23.1558\right),\left(41.9763,23.1730\right),\left(42.0751,23.1898\right),\left(42.1738,23.2063\right),\left(42.2727,23.2224\right),\left(42.3715,23.2381\right),\left(42.4705,23.2535\right),\left(42.5695,23.2685\right),\left(42.6685,23.2831\right),\left(42.7676,23.2975\right),\left(42.8668,23.3114\right),\left(42.9660,23.3250\right),\left(43.0652,23.3383\right),\left(43.1645,23.3512\right),\left(43.2639,23.3638\right),\left(43.3633,23.3760\right),\left(43.4627,23.3879\right),\left(43.5622,23.3994\right),\left(43.6617,23.4106\right),\left(43.7612,23.4215\right),\left(43.8608,23.4320\right),\left(43.9604,23.4422\right),\left(44.0601,23.4520\right),\left(44.1598,23.4616\right),\left(44.2595,23.4707\right),\left(44.3592,23.4796\right),\left(44.4590,23.4881\right),\left(44.5588,23.4963\right),\left(44.6586,23.5042\right),\left(44.7585,23.5118\right),\left(44.8584,23.5190\right),\left(44.9583,23.5259\right),\left(45.0582,23.5325\right),\left(45.1581,23.5388\right),\left(45.2581,23.5447\right),\left(45.3581,23.5504\right),\left(45.4581,23.5557\right),\left(45.5581,23.5607\right),\left(45.6581,23.5654\right),\left(45.7582,23.5698\right),\left(45.8582,23.5739\right),\left(45.9583,23.5777\right),\left(46.0584,23.5812\right),\left(46.1585,23.5844\right),\left(46.2586,23.5873\right),\left(46.3587,23.5898\right),\left(46.4588,23.5921\right),\left(46.5589,23.5941\right),\left(46.6590,23.5958\right),\left(46.7592,23.5972\right),\left(46.8593,23.5984\right),\left(46.9594,23.5992\right),\left(47.0596,23.5997\right),\left(47.1597,23.6000\right),\left(47.2000,23.6000\right),\right]
l_{headings}=\left[0.0000,0.0000,0.0000,0.0000,0.0000,0.0000,0.0000,0.0000,0.0000,0.0000,0.0000,0.0000,0.0000,0.0000,0.0000,0.0000,0.0000,0.0000,0.0000,0.0000,0.0000,0.0000,0.0000,0.0000,0.0000,0.0000,0.0000,0.0000,0.0000,0.0000,0.0000,0.0000,0.0000,0.0000,0.0000,0.0000,0.0000,0.0000,0.0000,0.0000,0.0000,0.0000,0.0000,0.0000,0.0000,0.0000,0.0000,0.0000,0.0000,0.0000,0.0000,0.0000,0.0000,0.0000,0.0000,0.0000,0.0000,0.0000,0.0000,0.0000,0.0000,0.0000,0.0000,0.0000,0.0000,0.0000,0.0000,0.0000,0.0000,0.0000,0.0000,0.0000,0.0000,0.0000,0.0000,0.0000,0.0000,0.0000,0.0000,0.0000,0.0000,0.0000,0.0000,0.0000,0.0000,0.0000,0.0000,0.0000,0.0000,0.0000,0.0000,0.0000,0.0000,0.0000,0.0000,0.0000,0.0000,0.0000,0.0000,0.0000,0.0000,0.0000,0.0000,0.0000,0.0000,0.0000,0.0000,0.0000,0.0000,0.0000,0.0000,0.0000,0.0000,0.0000,0.0000,0.0000,0.0000,0.0000,0.0000,0.0000,0.0000,0.0000,0.0000,0.0000,0.0000,0.0000,0.0000,0.0000,0.0000,0.0000,0.0000,0.0000,0.0000,0.0000,0.0000,0.0000,0.0000,0.0000,0.0000,0.0000,0.0000,0.0000,0.0000,0.0000,0.0000,0.0000,0.0000,0.0000,0.0000,0.0000,0.0000,0.0000,0.0000,0.0000,0.0000,0.0000,0.0000,0.0000,0.0000,0.0000,0.0000,0.0000,0.0000,0.0000,0.0000,0.0000,0.0000,0.0000,0.0000,0.0000,0.0000,0.0000,0.0000,0.0000,0.0000,0.0000,0.0000,0.0000,0.0000,0.0000,0.0000,0.0000,0.0000,0.0000,0.0000,0.0000,0.0000,0.0000,0.0000,0.0000,0.0000,0.0000,0.0000,0.0000,0.0000,0.0000,0.0000,0.0000,0.0000,0.0000,0.0000,0.0000,0.0000,0.0000,0.0000,0.0000,0.0000,0.0000,0.0000,0.0000,0.0000,0.0000,0.0000,0.0000,0.0000,0.0000,0.0000,0.0000,0.0000,0.0000,0.0000,0.0000,0.0000,0.0000,0.0000,0.0000,0.0000,0.0000,0.0000,0.0000,0.0000,0.0000,0.0000,0.0000,0.0000,0.0000,0.0000,0.0028,0.0057,0.0085,0.0114,0.0143,0.0172,0.0201,0.0231,0.0260,0.0290,0.0320,0.0350,0.0380,0.0411,0.0441,0.0472,0.0503,0.0534,0.0565,0.0597,0.0628,0.0660,0.0692,0.0724,0.0756,0.0788,0.0821,0.0853,0.0886,0.0919,0.0952,0.0986,0.1019,0.1053,0.1087,0.1121,0.1155,0.1189,0.1223,0.1258,0.1293,0.1328,0.1363,0.1398,0.1433,0.1469,0.1505,0.1540,0.1576,0.1612,0.1649,0.1685,0.1722,0.1758,0.1795,0.1832,0.1869,0.1906,0.1944,0.1981,0.2019,0.2057,0.2095,0.2133,0.2171,0.2209,0.2247,0.2286,0.2324,0.2363,0.2402,0.2441,0.2480,0.2519,0.2558,0.2597,0.2637,0.2676,0.2716,0.2755,0.2795,0.2835,0.2875,0.2915,0.2955,0.2995,0.3035,0.3075,0.3115,0.3156,0.3196,0.3236,0.3277,0.3317,0.3358,0.3398,0.3439,0.3479,0.3520,0.3560,0.3601,0.3642,0.3682,0.3723,0.3764,0.3804,0.3845,0.3885,0.3926,0.3966,0.4007,0.4047,0.4088,0.4128,0.4168,0.4208,0.4249,0.4289,0.4329,0.4369,0.4409,0.4449,0.4488,0.4528,0.4568,0.4607,0.4646,0.4686,0.4725,0.4764,0.4803,0.4842,0.4880,0.4919,0.4957,0.4996,0.5034,0.5072,0.5110,0.5148,0.5185,0.5222,0.5260,0.5297,0.5334,0.5370,0.5407,0.5443,0.5479,0.5515,0.5551,0.5587,0.5622,0.5657,0.5692,0.5727,0.5762,0.5796,0.5830,0.5864,0.5898,0.5931,0.5964,0.5997,0.6030,0.6063,0.6095,0.6127,0.6159,0.6190,0.6221,0.6252,0.6283,0.6314,0.6344,0.6374,0.6404,0.6433,0.6462,0.6491,0.6520,0.6548,0.6576,0.6604,0.6632,0.6659,0.6686,0.6712,0.6739,0.6765,0.6791,0.6816,0.6841,0.6866,0.6891,0.6915,0.6939,0.6963,0.6987,0.7010,0.7033,0.7055,0.7077,0.7099,0.7121,0.7142,0.7163,0.7184,0.7204,0.7224,0.7244,0.7264,0.7283,0.7302,0.7320,0.7338,0.7356,0.7374,0.7391,0.7408,0.7425,0.7441,0.7457,0.7473,0.7488,0.7504,0.7518,0.7533,0.7547,0.7561,0.7574,0.7587,0.7600,0.7613,0.7625,0.7637,0.7649,0.7660,0.7671,0.7682,0.7692,0.7702,0.7712,0.7721,0.7730,0.7739,0.7747,0.7755,0.7763,0.7770,0.7778,0.7784,0.7791,0.7797,0.7803,0.7809,0.7814,0.7819,0.7823,0.7828,0.7831,0.7835,0.7838,0.7841,0.7844,0.7846,0.7848,0.7850,0.7852,0.7853,0.7853,0.7854,0.7854,0.7854,0.7853,0.7852,0.7851,0.7850,0.7848,0.7846,0.7843,0.7841,0.7838,0.7834,0.7831,0.7826,0.7822,0.7817,0.7812,0.7807,0.7802,0.7796,0.7789,0.7783,0.7776,0.7769,0.7761,0.7753,0.7745,0.7737,0.7728,0.7719,0.7709,0.7699,0.7689,0.7679,0.7668,0.7657,0.7646,0.7634,0.7622,0.7610,0.7597,0.7584,0.7571,0.7557,0.7543,0.7529,0.7515,0.7500,0.7485,0.7469,0.7453,0.7437,0.7421,0.7404,0.7387,0.7370,0.7352,0.7334,0.7316,0.7297,0.7278,0.7259,0.7239,0.7219,0.7199,0.7179,0.7158,0.7137,0.7115,0.7094,0.7072,0.7049,0.7027,0.7004,0.6981,0.6957,0.6933,0.6909,0.6885,0.6860,0.6835,0.6810,0.6784,0.6758,0.6732,0.6706,0.6679,0.6652,0.6624,0.6597,0.6569,0.6541,0.6512,0.6484,0.6455,0.6425,0.6396,0.6366,0.6336,0.6306,0.6275,0.6244,0.6213,0.6182,0.6150,0.6118,0.6086,0.6054,0.6021,0.5988,0.5955,0.5922,0.5889,0.5855,0.5821,0.5787,0.5752,0.5718,0.5683,0.5648,0.5612,0.5577,0.5541,0.5505,0.5469,0.5433,0.5397,0.5360,0.5323,0.5286,0.5249,0.5212,0.5174,0.5137,0.5099,0.5061,0.5023,0.4985,0.4946,0.4908,0.4869,0.4830,0.4791,0.4752,0.4713,0.4674,0.4634,0.4595,0.4555,0.4516,0.4476,0.4436,0.4396,0.4356,0.4316,0.4276,0.4236,0.4196,0.4155,0.4115,0.4074,0.4034,0.3993,0.3953,0.3912,0.3872,0.3831,0.3790,0.3750,0.3709,0.3668,0.3628,0.3587,0.3546,0.3506,0.3465,0.3424,0.3384,0.3343,0.3303,0.3262,0.3222,0.3181,0.3141,0.3100,0.3060,0.3020,0.2980,0.2940,0.2899,0.2859,0.2820,0.2780,0.2740,0.2700,0.2661,0.2621,0.2582,0.2542,0.2503,0.2464,0.2425,0.2386,0.2347,0.2308,0.2270,0.2231,0.2193,0.2154,0.2116,0.2078,0.2040,0.2003,0.1965,0.1927,0.1890,0.1853,0.1816,0.1779,0.1742,0.1705,0.1668,0.1632,0.1596,0.1560,0.1524,0.1488,0.1452,0.1417,0.1381,0.1346,0.1311,0.1276,0.1241,0.1207,0.1172,0.1138,0.1104,0.1070,0.1036,0.1002,0.0969,0.0935,0.0902,0.0869,0.0836,0.0804,0.0771,0.0739,0.0707,0.0675,0.0643,0.0611,0.0579,0.0548,0.0517,0.0486,0.0455,0.0424,0.0394,0.0363,0.0333,0.0303,0.0273,0.0243,0.0214,0.0184,0.0155,0.0126,0.0097,0.0068,0.0040,0.0011,6.2832,\right]
running path!
lin/ang/drive_left/drive_right/tv_l/tv_r/av_l/av_r/x/y/theta/tx/ty/ttheta: 0.24142 0.00028 0.00013 -0.00013 0.00000 0.00000 0.00000 0.00000 -23.60000 -0.00003 -0.00166 -23.50000 0.00000 0.00000
lin/ang/drive_left/drive_right/tv_l/tv_r/av_l/av_r/x/y/theta/tx/ty/ttheta: 0.24142 0.00009 -0.00039 0.00039 0.04467 0.18156 0.04467 0.18156 -23.60000 -0.00001 -0.00050 -23.50000 0.00000 0.00000
lin/ang/drive_left/drive_right/tv_l/tv_r/av_l/av_r/x/y/theta/tx/ty/ttheta: 0.24155 0.00117 -0.00249 -0.00544 0.50511 0.49264 0.50511 0.49264 -23.60312 -0.00013 -0.00692 -23.50000 0.00000 0.00000
lin/ang/drive_left/drive_right/tv_l/tv_r/av_l/av_r/x/y/theta/tx/ty/ttheta: 0.24088 0.01210 0.02457 0.01438 0.39286 0.43239 0.39286 0.43239 -23.58779 -0.00139 -0.07155 -23.50000 0.00000 0.00000
lin/ang/drive_left/drive_right/tv_l/tv_r/av_l/av_r/x/y/theta/tx/ty/ttheta: 0.44173 0.01084 0.23188 0.23369 0.39489 0.41511 0.39489 0.41511 -23.40449 -0.00134 -0.05887 -23.20000 0.00000 0.00000
lin/ang/drive_left/drive_right/tv_l/tv_r/av_l/av_r/x/y/theta/tx/ty/ttheta: 0.52514 0.00567 0.25564 0.26771 0.30767 0.35333 0.30767 0.35333 -23.19845 -0.00090 -0.02810 -22.90000 0.00000 0.00000
lin/ang/drive_left/drive_right/tv_l/tv_r/av_l/av_r/x/y/theta/tx/ty/ttheta: 0.57586 0.00470 0.29932 0.29424 0.46475 0.48236 0.46475 0.48236 -22.96476 -0.00086 -0.02235 -22.70000 0.00000 0.00000
lin/ang/drive_left/drive_right/tv_l/tv_r/av_l/av_r/x/y/theta/tx/ty/ttheta: 0.67492 0.01293 0.43294 0.43208 0.47775 0.56139 0.47775 0.56139 -22.62421 -0.00460 -0.04171 -22.20000 0.00000 0.00000
lin/ang/drive_left/drive_right/tv_l/tv_r/av_l/av_r/x/y/theta/tx/ty/ttheta: 0.75928 0.03594 0.53440 0.52090 0.51692 0.51622 0.51692 0.51622 -22.20875 -0.01552 -0.09910 -21.70000 0.00000 0.00000
lin/ang/drive_left/drive_right/tv_l/tv_r/av_l/av_r/x/y/theta/tx/ty/ttheta: 0.83038 0.05172 0.56318 0.54247 0.57664 0.70000 0.57664 0.70000 -21.77346 -0.01830 -0.18085 -21.30000 0.00000 0.00000
lin/ang/drive_left/drive_right/tv_l/tv_r/av_l/av_r/x/y/theta/tx/ty/ttheta: 0.91188 0.05766 0.63884 0.64103 0.53522 0.82114 0.53522 0.82114 -21.26958 -0.02060 -0.20562 -20.70000 0.00000 0.00000
lin/ang/drive_left/drive_right/tv_l/tv_r/av_l/av_r/x/y/theta/tx/ty/ttheta: 0.99610 0.03955 0.69348 0.73351 0.57306 0.83600 0.57306 0.83600 -20.70778 -0.02537 -0.07651 -20.00000 0.00000 0.00000
lin/ang/drive_left/drive_right/tv_l/tv_r/av_l/av_r/x/y/theta/tx/ty/ttheta: 1.05365 0.00260 0.78575 0.83528 0.68103 0.84511 0.68103 0.84511 -20.06958 -0.02648 0.13509 -19.40000 0.00000 0.00000
lin/ang/drive_left/drive_right/tv_l/tv_r/av_l/av_r/x/y/theta/tx/ty/ttheta: 1.12434 -0.04582 0.86995 0.92934 0.80644 0.83911 0.80644 0.83911 -19.36122 -0.01983 0.36752 -18.60000 0.00000 0.00000
lin/ang/drive_left/drive_right/tv_l/tv_r/av_l/av_r/x/y/theta/tx/ty/ttheta: 1.19133 -0.09447 0.90871 0.97215 0.87453 0.58894 0.87453 0.58894 -18.62068 -0.01952 0.63534 -17.80000 0.00000 0.00000
lin/ang/drive_left/drive_right/tv_l/tv_r/av_l/av_r/x/y/theta/tx/ty/ttheta: 1.24470 -0.13311 1.06503 1.08745 0.86889 0.81825 0.86889 0.81825 -17.77334 -0.00678 0.79023 -16.89999 0.00000 0.00000
lin/ang/drive_left/drive_right/tv_l/tv_r/av_l/av_r/x/y/theta/tx/ty/ttheta: 1.29680 -0.14992 1.09616 1.10287 0.86511 0.85878 0.86511 0.85878 -16.90768 0.00635 0.82785 -15.99999 0.00000 0.00000
lin/ang/drive_left/drive_right/tv_l/tv_r/av_l/av_r/x/y/theta/tx/ty/ttheta: 1.31329 -0.15054 1.17429 1.16474 0.86100 0.86050 0.86100 0.86050 -15.98680 0.01289 0.80401 -14.99999 0.00000 0.00000
lin/ang/drive_left/drive_right/tv_l/tv_r/av_l/av_r/x/y/theta/tx/ty/ttheta: 1.31254 -0.13898 1.30113 1.28249 0.78403 0.84031 0.78403 0.84031 -14.96961 0.01845 0.72314 -13.99999 0.00000 0.00000
lin/ang/drive_left/drive_right/tv_l/tv_r/av_l/av_r/x/y/theta/tx/ty/ttheta: 1.31313 -0.13931 1.25738 1.24805 0.74533 0.72875 0.74533 0.72875 -13.98329 0.02985 0.68933 -12.99999 0.00000 0.00000
lin/ang/drive_left/drive_right/tv_l/tv_r/av_l/av_r/x/y/theta/tx/ty/ttheta: 1.29000 -0.13219 1.25163 1.23489 0.73869 0.73183 0.73869 0.73183 -13.00439 0.03927 0.61593 -11.99999 0.00000 0.00000
lin/ang/drive_left/drive_right/tv_l/tv_r/av_l/av_r/x/y/theta/tx/ty/ttheta: 1.23425 -0.11616 1.37111 1.33660 0.71231 0.70497 0.71231 0.70497 -11.93839 0.04690 0.49654 -10.89999 0.00000 0.00000
lin/ang/drive_left/drive_right/tv_l/tv_r/av_l/av_r/x/y/theta/tx/ty/ttheta: 1.17776 -0.09620 1.43700 1.41018 0.52958 0.53489 0.52958 0.53489 -10.81746 0.05209 0.36514 -9.79999 0.00000 0.00000
lin/ang/drive_left/drive_right/tv_l/tv_r/av_l/av_r/x/y/theta/tx/ty/ttheta: 1.11947 -0.08161 1.40617 1.37918 0.31042 0.33675 0.31042 0.33675 -9.72087 0.05561 0.26038 -8.69998 0.00000 0.00000
lin/ang/drive_left/drive_right/tv_l/tv_r/av_l/av_r/x/y/theta/tx/ty/ttheta: 1.06159 -0.07908 1.33609 1.34411 0.11789 0.20364 0.11789 0.20364 -8.66568 0.05881 0.22196 -7.69998 0.00000 0.00000
lin/ang/drive_left/drive_right/tv_l/tv_r/av_l/av_r/x/y/theta/tx/ty/ttheta: 1.01258 -0.08690 1.12806 1.11778 0.04861 0.08383 0.04861 0.08383 -7.78150 0.06296 0.23821 -6.89998 0.00000 0.00000
lin/ang/drive_left/drive_right/tv_l/tv_r/av_l/av_r/x/y/theta/tx/ty/ttheta: 0.95896 -0.04071 1.14401 1.09029 0.20925 0.25667 0.20925 0.25667 -6.90181 0.04389 0.04245 -5.99998 0.00000 0.00000
lin/ang/drive_left/drive_right/tv_l/tv_r/av_l/av_r/x/y/theta/tx/ty/ttheta: 0.90974 0.07513 0.94390 0.93368 0.19336 0.28867 0.19336 0.28867 -6.16275 -0.07825 -0.07635 -5.39998 0.00000 0.00000
lin/ang/drive_left/drive_right/tv_l/tv_r/av_l/av_r/x/y/theta/tx/ty/ttheta: 0.86557 0.07254 0.82536 0.88485 0.22039 0.28319 0.22039 0.28319 -5.48940 -0.11219 0.11549 -4.69998 0.00000 0.00000
lin/ang/drive_left/drive_right/tv_l/tv_r/av_l/av_r/x/y/theta/tx/ty/ttheta: 0.81907 0.00354 0.80518 0.88930 0.26950 0.34908 0.26950 0.34908 -4.82235 -0.09816 0.46512 -3.99998 0.00000 0.00000
lin/ang/drive_left/drive_right/tv_l/tv_r/av_l/av_r/x/y/theta/tx/ty/ttheta: 0.76430 -0.12107 0.82004 0.91715 0.32203 0.29278 0.32203 0.29278 -4.13921 -0.03368 0.87433 -3.39998 0.00000 0.00000
lin/ang/drive_left/drive_right/tv_l/tv_r/av_l/av_r/x/y/theta/tx/ty/ttheta: 0.71686 -0.29840 0.78490 0.85135 0.29261 0.09394 0.29261 0.09394 -3.49744 0.09548 1.20842 -2.79998 0.00000 0.00000
lin/ang/drive_left/drive_right/tv_l/tv_r/av_l/av_r/x/y/theta/tx/ty/ttheta: 0.67827 -0.28390 0.66827 0.59639 0.26453 -0.14372 0.26453 -0.14372 -2.99964 0.10522 1.05126 -2.29997 0.00000 0.00000
lin/ang/drive_left/drive_right/tv_l/tv_r/av_l/av_r/x/y/theta/tx/ty/ttheta: 0.63373 -0.18941 0.67829 0.53673 0.33708 0.16053 0.33708 0.16053 -2.52117 0.10045 0.51338 -1.89998 0.00000 0.00000
lin/ang/drive_left/drive_right/tv_l/tv_r/av_l/av_r/x/y/theta/tx/ty/ttheta: 0.60089 -0.03770 0.60861 0.41274 0.21919 0.30714 0.21919 0.30714 -2.11903 0.08701 -0.31241 -1.49997 0.00000 0.00000
lin/ang/drive_left/drive_right/tv_l/tv_r/av_l/av_r/x/y/theta/tx/ty/ttheta: 0.55317 0.04951 0.73739 0.58296 0.16958 0.41647 0.16958 0.41647 -1.59872 0.11301 -1.01722 -0.99997 0.00000 0.00000
lin/ang/drive_left/drive_right/tv_l/tv_r/av_l/av_r/x/y/theta/tx/ty/ttheta: 0.53170 0.67816 0.59583 0.52587 -0.14067 0.30250 -0.14067 0.30250 -1.15675 0.12191 -1.44330 -0.69997 0.00000 0.00000
lin/ang/drive_left/drive_right/tv_l/tv_r/av_l/av_r/x/y/theta/tx/ty/ttheta: 0.52930 0.65175 0.42005 0.48699 -0.23511 0.35353 -0.23511 0.35353 -0.79960 0.11984 -1.26921 -0.29997 0.00000 0.00000
lin/ang/drive_left/drive_right/tv_l/tv_r/av_l/av_r/x/y/theta/tx/ty/ttheta: 0.52498 0.56755 0.28979 0.47699 -0.13467 0.53319 -0.13467 0.53319 -0.49791 0.10301 -0.63927 0.00008 0.00000 0.00014
lin/ang/drive_left/drive_right/tv_l/tv_r/av_l/av_r/x/y/theta/tx/ty/ttheta: 0.52159 0.53320 0.32697 0.64080 0.37492 0.45394 0.37492 0.45394 -0.11647 0.04534 0.62699 0.39951 0.00227 0.65395
lin/ang/drive_left/drive_right/tv_l/tv_r/av_l/av_r/x/y/theta/tx/ty/ttheta: 0.51322 0.39551 0.30787 0.62438 0.42606 0.30031 0.42606 0.30031 0.25086 0.04595 2.01041 0.69906 0.00699 1.15400
lin/ang/drive_left/drive_right/tv_l/tv_r/av_l/av_r/x/y/theta/tx/ty/ttheta: 0.50535 0.32229 0.41139 0.57602 0.42844 0.27431 0.42844 0.27431 0.63916 0.06620 2.89942 0.99855 0.01435 1.66239
lin/ang/drive_left/drive_right/tv_l/tv_r/av_l/av_r/x/y/theta/tx/ty/ttheta: 0.50071 0.35365 0.45763 0.53068 0.36600 0.24572 0.36600 0.24572 1.02733 0.09384 3.28669 1.39774 0.02834 2.35327
lin/ang/drive_left/drive_right/tv_l/tv_r/av_l/av_r/x/y/theta/tx/ty/ttheta: 0.49597 0.44803 0.50227 0.50248 0.28028 0.30339 0.28028 0.30339 1.42214 0.11844 3.36041 1.79673 0.04719 3.05913
lin/ang/drive_left/drive_right/tv_l/tv_r/av_l/av_r/x/y/theta/tx/ty/ttheta: 0.49275 0.56345 0.46057 0.46619 0.18961 0.38603 0.18961 0.38603 1.78638 0.13992 3.36579 2.19547 0.07101 3.78003
lin/ang/drive_left/drive_right/tv_l/tv_r/av_l/av_r/x/y/theta/tx/ty/ttheta: 0.48629 0.66529 0.54257 0.58214 0.17111 0.45786 0.17111 0.45786 2.22824 0.16882 3.48575 2.59387 0.09989 4.51591
lin/ang/drive_left/drive_right/tv_l/tv_r/av_l/av_r/x/y/theta/tx/ty/ttheta: 0.48292 0.75297 0.51797 0.62961 -0.05442 0.39986 -0.05442 0.39986 2.67856 0.20639 3.89462 3.09128 0.14327 5.45673
lin/ang/drive_left/drive_right/tv_l/tv_r/av_l/av_r/x/y/theta/tx/ty/ttheta: 0.47848 0.76769 0.43059 0.60006 -0.09564 0.34767 -0.09564 0.34767 3.08224 0.24965 4.54244 3.48865 0.18392 6.22603
lin/ang/drive_left/drive_right/tv_l/tv_r/av_l/av_r/x/y/theta/tx/ty/ttheta: 0.47505 0.73868 0.39746 0.64013 0.11450 0.35556 0.11450 0.35556 3.48851 0.29338 5.50864 3.88545 0.22995 7.00992
lin/ang/drive_left/drive_right/tv_l/tv_r/av_l/av_r/x/y/theta/tx/ty/ttheta: 0.47383 0.70991 0.29056 0.57229 0.20978 0.29447 0.20978 0.29447 3.82876 0.30866 6.71034 4.28158 0.28145 7.80816
lin/ang/drive_left/drive_right/tv_l/tv_r/av_l/av_r/x/y/theta/tx/ty/ttheta: 0.46772 0.62561 0.35989 0.59632 0.30853 0.31914 0.30853 0.31914 4.20098 0.36628 7.77997 4.57818 0.32372 8.41606
lin/ang/drive_left/drive_right/tv_l/tv_r/av_l/av_r/x/y/theta/tx/ty/ttheta: 0.46369 0.58273 0.41633 0.63321 0.29772 0.28267 0.29772 0.28267 4.60705 0.44523 8.72402 4.97292 0.38502 9.23857
lin/ang/drive_left/drive_right/tv_l/tv_r/av_l/av_r/x/y/theta/tx/ty/ttheta: 0.46123 0.57563 0.40551 0.56668 0.24006 0.22072 0.24006 0.22072 4.98245 0.52160 9.48526 5.36674 0.45202 10.07438
lin/ang/drive_left/drive_right/tv_l/tv_r/av_l/av_r/x/y/theta/tx/ty/ttheta: 0.45943 0.61086 0.41542 0.53376 0.23219 0.27822 0.23219 0.27822 5.34877 0.59636 10.03749 5.75954 0.52480 10.92295
lin/ang/drive_left/drive_right/tv_l/tv_r/av_l/av_r/x/y/theta/tx/ty/ttheta: 0.45862 0.67537 0.40625 0.50079 0.20739 0.33197 0.20739 0.33197 5.69862 0.66852 10.45861 6.15123 0.60344 11.78368
lin/ang/drive_left/drive_right/tv_l/tv_r/av_l/av_r/x/y/theta/tx/ty/ttheta: 0.45419 0.73934 0.51010 0.62151 0.19506 0.39508 0.19506 0.39508 6.13488 0.75919 10.92081 6.54168 0.68799 12.65585
lin/ang/drive_left/drive_right/tv_l/tv_r/av_l/av_r/x/y/theta/tx/ty/ttheta: 0.45242 0.79076 0.42950 0.56250 -0.03286 0.31758 -0.03286 0.31758 6.51580 0.84613 11.46547 6.93081 0.77852 13.53872
lin/ang/drive_left/drive_right/tv_l/tv_r/av_l/av_r/x/y/theta/tx/ty/ttheta: 0.45013 0.84372 0.45361 0.58514 0.07186 0.35456 0.07186 0.35456 6.91382 0.94083 12.02383 7.31850 0.87507 14.43141
lin/ang/drive_left/drive_right/tv_l/tv_r/av_l/av_r/x/y/theta/tx/ty/ttheta: 0.44924 0.85128 0.38189 0.59021 0.11056 0.34242 0.11056 0.34242 7.28392 1.03972 12.83967 7.70464 0.97768 15.33297
lin/ang/drive_left/drive_right/tv_l/tv_r/av_l/av_r/x/y/theta/tx/ty/ttheta: 0.44857 0.82597 0.36941 0.60590 0.16186 0.33281 0.16186 0.33281 7.65278 1.14840 13.83173 8.08912 1.08638 16.24238
lin/ang/drive_left/drive_right/tv_l/tv_r/av_l/av_r/x/y/theta/tx/ty/ttheta: 0.44832 0.79616 0.36881 0.59941 0.19644 0.30133 0.19644 0.30133 8.01685 1.26330 14.84399 8.47183 1.20120 17.15849
lin/ang/drive_left/drive_right/tv_l/tv_r/av_l/av_r/x/y/theta/tx/ty/ttheta: 0.44873 0.78715 0.37165 0.57691 0.21439 0.29431 0.21439 0.29431 8.37212 1.37993 15.74455 8.85266 1.32215 18.08016
lin/ang/drive_left/drive_right/tv_l/tv_r/av_l/av_r/x/y/theta/tx/ty/ttheta: 0.44547 0.75112 0.37054 0.55873 0.21714 0.30936 0.21714 0.30936 8.71869 1.49838 16.57553 9.13699 1.41688 18.77428
lin/ang/drive_left/drive_right/tv_l/tv_r/av_l/av_r/x/y/theta/tx/ty/ttheta: 0.44619 0.76669 0.39263 0.57204 0.21919 0.32475 0.21919 0.32475 9.07725 1.62464 17.34964 9.51428 1.54855 19.70255
lin/ang/drive_left/drive_right/tv_l/tv_r/av_l/av_r/x/y/theta/tx/ty/ttheta: 0.44679 0.79263 0.41430 0.57738 0.19953 0.29772 0.19953 0.29772 9.44453 1.75791 18.07521 9.88940 1.68632 20.63271
lin/ang/drive_left/drive_right/tv_l/tv_r/av_l/av_r/x/y/theta/tx/ty/ttheta: 0.44809 0.83583 0.41249 0.55991 0.16872 0.33008 0.16872 0.33008 9.80356 1.89150 18.71898 10.26223 1.83017 21.56331
lin/ang/drive_left/drive_right/tv_l/tv_r/av_l/av_r/x/y/theta/tx/ty/ttheta: 0.44662 0.84355 0.36972 0.51358 0.15675 0.35539 0.15675 0.35539 10.12812 2.01704 19.33939 10.54032 1.94203 22.26070
lin/ang/drive_left/drive_right/tv_l/tv_r/av_l/av_r/x/y/theta/tx/ty/ttheta: 0.45220 0.92837 0.44013 0.59800 0.17778 0.40211 0.17778 0.40211 10.50831 2.16766 20.00110 11.00073 2.13596 23.42002
lin/ang/drive_left/drive_right/tv_l/tv_r/av_l/av_r/x/y/theta/tx/ty/ttheta: 0.45414 0.96280 0.41618 0.58346 0.14100 0.34956 0.14100 0.34956 10.87210 2.31856 20.71488 11.36620 2.29777 24.34302
lin/ang/drive_left/drive_right/tv_l/tv_r/av_l/av_r/x/y/theta/tx/ty/ttheta: 0.45594 0.99990 0.43288 0.59767 0.13142 0.40878 0.13142 0.40878 11.24541 2.47815 21.41814 11.72904 2.46544 25.26038
lin/ang/drive_left/drive_right/tv_l/tv_r/av_l/av_r/x/y/theta/tx/ty/ttheta: 0.45790 1.17434 0.52561 0.52561 0.05014 0.38994 0.05014 0.38994 11.63070 2.62929 21.41814 12.08916 2.63889 26.17054
lin/ang/drive_left/drive_right/tv_l/tv_r/av_l/av_r/x/y/theta/tx/ty/ttheta: 0.46124 1.12536 0.39261 0.59427 -0.10506 0.43753 -0.10506 0.43753 11.98189 2.79721 22.60900 12.44652 2.81801 27.07194
lin/ang/drive_left/drive_right/tv_l/tv_r/av_l/av_r/x/y/theta/tx/ty/ttheta: 0.46497 1.12345 0.34865 0.64225 -0.04156 0.44419 -0.04156 0.44419 12.34502 2.94066 23.77153 12.80104 3.00270 27.96305
lin/ang/drive_left/drive_right/tv_l/tv_r/av_l/av_r/x/y/theta/tx/ty/ttheta: 0.46590 1.04437 0.22876 0.63732 0.20003 0.34819 0.20003 0.34819 12.67406 3.04224 25.39235 13.06504 3.14482 28.62372
lin/ang/drive_left/drive_right/tv_l/tv_r/av_l/av_r/x/y/theta/tx/ty/ttheta: 0.46718 0.91850 0.22712 0.63820 0.30628 0.34511 0.30628 0.34511 12.99600 3.16102 27.18855 13.32741 3.28996 29.27712
lin/ang/drive_left/drive_right/tv_l/tv_r/av_l/av_r/x/y/theta/tx/ty/ttheta: 0.47698 0.81749 0.32414 0.71653 0.37883 0.29361 0.37883 0.29361 13.35745 3.35449 28.89816 13.76099 3.53842 30.34832
lin/ang/drive_left/drive_right/tv_l/tv_r/av_l/av_r/x/y/theta/tx/ty/ttheta: 0.47792 0.68256 0.32339 0.60890 0.35486 0.22106 0.35486 0.22106 13.67168 3.54467 30.25906 14.01892 3.69136 30.97941
lin/ang/drive_left/drive_right/tv_l/tv_r/av_l/av_r/x/y/theta/tx/ty/ttheta: 0.48468 0.65262 0.39461 0.55805 0.37406 0.28833 0.37406 0.28833 13.98613 3.74973 31.08940 14.36022 3.89963 31.80612
lin/ang/drive_left/drive_right/tv_l/tv_r/av_l/av_r/x/y/theta/tx/ty/ttheta: 0.49194 0.71139 0.45072 0.50678 0.32511 0.31722 0.32511 0.31722 14.30457 3.95160 31.43207 14.69851 4.11277 32.61479
lin/ang/drive_left/drive_right/tv_l/tv_r/av_l/av_r/x/y/theta/tx/ty/ttheta: 0.49867 0.79900 0.54538 0.58277 0.25239 0.43289 0.25239 0.43289 14.67981 4.18933 31.59974 15.03380 4.33060 33.40423
lin/ang/drive_left/drive_right/tv_l/tv_r/av_l/av_r/x/y/theta/tx/ty/ttheta: 0.51058 0.89218 0.53741 0.60254 0.14817 0.44831 0.14817 0.44831 15.05014 4.44376 31.83507 15.44873 4.60928 34.36227
lin/ang/drive_left/drive_right/tv_l/tv_r/av_l/av_r/x/y/theta/tx/ty/ttheta: 0.51894 0.92510 0.45290 0.57058 0.11583 0.46250 0.11583 0.46250 15.38327 4.67098 32.29718 15.77735 4.83712 35.10441
lin/ang/drive_left/drive_right/tv_l/tv_r/av_l/av_r/x/y/theta/tx/ty/ttheta: 0.52704 0.93542 0.46668 0.61437 0.18992 0.51367 0.18992 0.51367 15.73418 4.91222 32.89966 16.10304 5.06915 35.82393
lin/ang/drive_left/drive_right/tv_l/tv_r/av_l/av_r/x/y/theta/tx/ty/ttheta: 0.54060 0.93265 0.50659 0.71351 0.22278 0.47039 0.22278 0.47039 16.12605 5.19058 33.72352 16.50612 5.36480 36.69016
lin/ang/drive_left/drive_right/tv_l/tv_r/av_l/av_r/x/y/theta/tx/ty/ttheta: 0.56358 0.92496 0.47958 0.70586 0.22106 0.40075 0.22106 0.40075 16.50062 5.46972 34.68137 16.98400 5.72739 37.67898
lin/ang/drive_left/drive_right/tv_l/tv_r/av_l/av_r/x/y/theta/tx/ty/ttheta: 0.57331 0.85173 0.48509 0.70389 0.27619 0.44608 0.27619 0.44608 16.87158 5.75594 35.63855 17.29917 5.97359 38.30643
lin/ang/drive_left/drive_right/tv_l/tv_r/av_l/av_r/x/y/theta/tx/ty/ttheta: 0.59114 0.80435 0.52005 0.73518 0.33917 0.44522 0.33917 0.44522 17.25928 6.06302 36.56087 17.68942 6.28605 39.05393
lin/ang/drive_left/drive_right/tv_l/tv_r/av_l/av_r/x/y/theta/tx/ty/ttheta: 0.61609 0.72614 0.49381 0.71854 0.34153 0.39678 0.34153 0.39678 17.62323 6.37304 37.52641 18.07567 6.60344 39.75960
lin/ang/drive_left/drive_right/tv_l/tv_r/av_l/av_r/x/y/theta/tx/ty/ttheta: 0.63939 0.47300 0.52476 0.71472 0.40861 0.45003 0.40861 0.45003 17.89494 6.81711 38.37564 18.45812 6.92543 40.42261
lin/ang/drive_left/drive_right/tv_l/tv_r/av_l/av_r/x/y/theta/tx/ty/ttheta: 0.67848 0.44823 0.62787 0.79055 0.50514 0.43136 0.50514 0.43136 18.31851 7.18151 39.11121 18.91230 7.31743 41.16090
lin/ang/drive_left/drive_right/tv_l/tv_r/av_l/av_r/x/y/theta/tx/ty/ttheta: 0.71525 0.42647 0.62139 0.74304 0.53439 0.40261 0.53439 0.40261 18.72387 7.53430 39.68135 19.28706 7.64838 41.72771
lin/ang/drive_left/drive_right/tv_l/tv_r/av_l/av_r/x/y/theta/tx/ty/ttheta: 0.77550 0.47413 0.69908 0.73961 0.54208 0.57853 0.54208 0.57853 19.14154 7.91780 39.93976 19.80647 8.11760 42.44636
lin/ang/drive_left/drive_right/tv_l/tv_r/av_l/av_r/x/y/theta/tx/ty/ttheta: 0.83366 0.52815 0.82807 0.85886 0.56244 0.60728 0.56244 0.60728 19.64245 8.35406 40.07278 20.24722 8.52468 42.99222
lin/ang/drive_left/drive_right/tv_l/tv_r/av_l/av_r/x/y/theta/tx/ty/ttheta: 0.91453 0.57172 0.82465 0.86226 0.55253 0.60658 0.55253 0.60658 20.13723 8.79751 40.21665 20.75684 9.00453 43.54666
lin/ang/drive_left/drive_right/tv_l/tv_r/av_l/av_r/x/y/theta/tx/ty/ttheta: 1.00731 0.58316 0.81633 0.87045 0.60708 0.64781 0.60708 0.64781 20.63058 9.24249 40.43213 21.33407 9.55843 44.07114
lin/ang/drive_left/drive_right/tv_l/tv_r/av_l/av_r/x/y/theta/tx/ty/ttheta: 1.07896 0.52760 0.89827 0.97853 0.63958 0.74964 0.63958 0.74964 21.18107 9.73561 40.75092 21.83539 10.04697 44.43427
lin/ang/drive_left/drive_right/tv_l/tv_r/av_l/av_r/x/y/theta/tx/ty/ttheta: 1.06417 0.45352 1.02806 1.10468 0.63175 0.86528 0.63175 0.86528 21.81057 10.29134 41.08414 22.54703 10.74951 44.79770
lin/ang/drive_left/drive_right/tv_l/tv_r/av_l/av_r/x/y/theta/tx/ty/ttheta: 1.01697 0.36768 0.98186 1.07314 0.53608 0.61031 0.53608 0.61031 22.41210 10.83246 41.46087 23.18459 11.38474 44.96845
lin/ang/drive_left/drive_right/tv_l/tv_r/av_l/av_r/x/y/theta/tx/ty/ttheta: 0.96807 0.27393 1.04968 1.12191 0.49214 0.50581 0.49214 0.50581 23.04416 11.40827 41.78505 23.75035 11.95035 44.99587
lin/ang/drive_left/drive_right/tv_l/tv_r/av_l/av_r/x/y/theta/tx/ty/ttheta: 0.91059 0.14066 1.03817 1.11400 0.32953 0.33400 0.32953 0.33400 23.66114 11.98933 42.11426 24.31642 12.51564 44.90623
lin/ang/drive_left/drive_right/tv_l/tv_r/av_l/av_r/x/y/theta/tx/ty/ttheta: 0.85662 0.02722 1.07819 1.13237 0.24108 0.16408 0.24108 0.16408 24.30044 12.57989 42.36662 24.88396 13.07948 44.69956
lin/ang/drive_left/drive_right/tv_l/tv_r/av_l/av_r/x/y/theta/tx/ty/ttheta: 0.80336 -0.09392 0.98553 1.02699 0.13500 -0.14269 0.13500 -0.14269 24.87479 13.12590 42.55501 25.45410 13.64068 44.37587
lin/ang/drive_left/drive_right/tv_l/tv_r/av_l/av_r/x/y/theta/tx/ty/ttheta: 0.76185 -0.14297 0.81203 0.78250 0.15194 -0.16153 0.15194 -0.16153 25.34380 13.54329 42.52641 25.88409 14.05914 44.05635
lin/ang/drive_left/drive_right/tv_l/tv_r/av_l/av_r/x/y/theta/tx/ty/ttheta: 0.72209 -0.08630 0.74816 0.63344 0.23561 0.12253 0.23561 0.12253 25.77946 13.87267 42.12384 26.24435 14.40586 43.73991
lin/ang/drive_left/drive_right/tv_l/tv_r/av_l/av_r/x/y/theta/tx/ty/ttheta: 0.69591 0.07359 0.72097 0.54073 0.26781 0.32169 0.26781 0.32169 26.21198 14.13372 41.39426 26.60667 14.75044 43.37792
lin/ang/drive_left/drive_right/tv_l/tv_r/av_l/av_r/x/y/theta/tx/ty/ttheta: 0.66763 0.17249 0.72933 0.56372 0.20892 0.46181 0.20892 0.46181 26.60835 14.45370 40.65759 26.89818 15.02436 43.05561
lin/ang/drive_left/drive_right/tv_l/tv_r/av_l/av_r/x/y/theta/tx/ty/ttheta: 0.64744 0.07757 0.68009 0.53908 0.15964 0.51606 0.15964 0.51606 26.88369 14.87170 40.01672 27.26483 15.36434 42.61196
lin/ang/drive_left/drive_right/tv_l/tv_r/av_l/av_r/x/y/theta/tx/ty/ttheta: 0.62532 -0.25681 0.61889 0.57985 0.21131 0.44728 0.21131 0.44728 27.05904 15.39899 39.70224 27.63424 15.70131 42.12322
lin/ang/drive_left/drive_right/tv_l/tv_r/av_l/av_r/x/y/theta/tx/ty/ttheta: 0.60845 -0.61397 0.57496 0.70059 0.40042 0.23422 0.40042 0.23422 27.32879 15.85886 40.12125 28.00664 16.03498 41.58969
lin/ang/drive_left/drive_right/tv_l/tv_r/av_l/av_r/x/y/theta/tx/ty/ttheta: 0.58883 -0.65199 0.44583 0.56564 0.55286 -0.15997 0.55286 -0.15997 27.69854 16.03915 40.63423 28.23161 16.23346 41.24822
lin/ang/drive_left/drive_right/tv_l/tv_r/av_l/av_r/x/y/theta/tx/ty/ttheta: 0.57891 -0.78728 0.44119 0.53553 0.62403 -0.08814 0.62403 -0.08814 28.00517 16.27256 41.08424 28.53346 16.49596 40.76818
lin/ang/drive_left/drive_right/tv_l/tv_r/av_l/av_r/x/y/theta/tx/ty/ttheta: 0.56596 -0.75897 0.54525 0.39797 0.56619 0.16700 0.56619 0.16700 28.31284 16.48457 40.76704 28.76133 16.69113 40.38976
lin/ang/drive_left/drive_right/tv_l/tv_r/av_l/av_r/x/y/theta/tx/ty/ttheta: 0.55288 -0.68827 0.71246 0.44920 0.49194 0.26503 0.49194 0.26503 28.67153 16.76874 39.70386 29.14406 17.01296 39.72441
lin/ang/drive_left/drive_right/tv_l/tv_r/av_l/av_r/x/y/theta/tx/ty/ttheta: 0.54204 -0.61237 0.73924 0.43033 0.29089 0.29964 0.29089 0.29964 29.00700 17.08662 38.41382 29.45298 17.26713 39.16137
lin/ang/drive_left/drive_right/tv_l/tv_r/av_l/av_r/x/y/theta/tx/ty/ttheta: 0.53251 -0.53743 0.61061 0.36891 0.20603 0.31022 0.20603 0.31022 29.30380 17.33349 37.28051 29.76446 17.51817 38.57144
lin/ang/drive_left/drive_right/tv_l/tv_r/av_l/av_r/x/y/theta/tx/ty/ttheta: 0.52311 -0.47943 0.59401 0.42378 0.26897 0.36036 0.26897 0.36036 29.63456 17.56031 36.47289 30.07856 17.76594 37.95509
lin/ang/drive_left/drive_right/tv_l/tv_r/av_l/av_r/x/y/theta/tx/ty/ttheta: 0.51716 -0.50093 0.60268 0.51118 0.27942 0.32681 0.27942 0.32681 29.99804 17.80621 35.98869 30.47502 18.07075 37.14840
lin/ang/drive_left/drive_right/tv_l/tv_r/av_l/av_r/x/y/theta/tx/ty/ttheta: 0.50206 -0.51449 0.60071 0.57481 0.29292 0.23631 0.29292 0.23631 30.39203 18.05124 35.82494 30.71498 18.25090 36.64552
lin/ang/drive_left/drive_right/tv_l/tv_r/av_l/av_r/x/y/theta/tx/ty/ttheta: 0.49368 -0.56131 0.54226 0.53596 0.29586 0.07067 0.29586 0.07067 30.76278 18.26288 35.78171 31.03742 18.48777 35.95362
lin/ang/drive_left/drive_right/tv_l/tv_r/av_l/av_r/x/y/theta/tx/ty/ttheta: 0.48832 -0.65068 0.56041 0.54166 0.31364 0.09447 0.31364 0.09447 31.13880 18.48322 35.72682 31.44453 18.77825 35.05548
lin/ang/drive_left/drive_right/tv_l/tv_r/av_l/av_r/x/y/theta/tx/ty/ttheta: 0.48187 -0.71553 0.55510 0.48857 0.34514 0.02619 0.34514 0.02619 31.48605 18.70409 35.50937 31.77354 19.00594 34.31142
lin/ang/drive_left/drive_right/tv_l/tv_r/av_l/av_r/x/y/theta/tx/ty/ttheta: 0.47754 -0.74265 0.55347 0.39770 0.36597 0.11156 0.36597 0.11156 31.79874 18.91047 34.93739 32.10553 19.22928 33.54568
lin/ang/drive_left/drive_right/tv_l/tv_r/av_l/av_r/x/y/theta/tx/ty/ttheta: 0.47163 -0.69540 0.58204 0.37361 0.35742 0.20000 0.35742 0.20000 32.11286 19.11760 34.07748 32.35649 19.39383 32.95776
lin/ang/drive_left/drive_right/tv_l/tv_r/av_l/av_r/x/y/theta/tx/ty/ttheta: 0.46793 -0.73943 0.67366 0.47618 0.32119 0.24228 0.32119 0.24228 32.48541 19.37472 33.20954 32.77854 19.66227 31.95336
lin/ang/drive_left/drive_right/tv_l/tv_r/av_l/av_r/x/y/theta/tx/ty/ttheta: 0.46416 -0.74134 0.58449 0.41380 0.22742 0.17197 0.22742 0.17197 32.82275 19.57680 32.44609 33.11959 19.87162 31.12909
lin/ang/drive_left/drive_right/tv_l/tv_r/av_l/av_r/x/y/theta/tx/ty/ttheta: 0.46192 -0.76777 0.53886 0.39699 0.29892 0.17539 0.29892 0.17539 33.14104 19.76275 31.80639 33.46365 20.07599 30.28775
lin/ang/drive_left/drive_right/tv_l/tv_r/av_l/av_r/x/y/theta/tx/ty/ttheta: 0.45717 -0.77665 0.51006 0.38678 0.33658 0.20108 0.33658 0.20108 33.44787 19.93782 31.26426 33.72368 20.22592 29.64634
lin/ang/drive_left/drive_right/tv_l/tv_r/av_l/av_r/x/y/theta/tx/ty/ttheta: 0.45429 -0.81180 0.57593 0.44142 0.37508 0.20036 0.37508 0.20036 33.80128 20.12735 30.70023 34.07298 20.42125 28.77837
lin/ang/drive_left/drive_right/tv_l/tv_r/av_l/av_r/x/y/theta/tx/ty/ttheta: 0.45289 -0.83418 0.55431 0.40096 0.32100 0.16272 0.32100 0.16272 34.13715 20.29812 30.05928 34.42524 20.61123 27.89712
lin/ang/drive_left/drive_right/tv_l/tv_r/av_l/av_r/x/y/theta/tx/ty/ttheta: 0.45055 -0.86591 0.59339 0.43959 0.34514 0.16067 0.34514 0.16067 34.49790 20.48650 29.39600 34.78042 20.79574 27.00409
lin/ang/drive_left/drive_right/tv_l/tv_r/av_l/av_r/x/y/theta/tx/ty/ttheta: 0.45108 -0.90234 0.52282 0.36629 0.31911 0.14200 0.31911 0.14200 34.81055 20.64451 28.73123 35.13845 20.97466 26.10078
lin/ang/drive_left/drive_right/tv_l/tv_r/av_l/av_r/x/y/theta/tx/ty/ttheta: 0.45003 -0.92957 0.57642 0.42567 0.38056 0.17347 0.38056 0.17347 35.16857 20.81189 28.07038 35.49930 21.14790 25.18872
lin/ang/drive_left/drive_right/tv_l/tv_r/av_l/av_r/x/y/theta/tx/ty/ttheta: 0.44755 -0.97156 0.62926 0.47738 0.35644 0.14408 0.35644 0.14408 35.56192 20.99999 27.42741 35.86287 21.31536 24.26953
lin/ang/drive_left/drive_right/tv_l/tv_r/av_l/av_r/x/y/theta/tx/ty/ttheta: 0.44716 -1.00797 0.58536 0.42030 0.30800 -0.04981 0.30800 -0.04981 35.92236 21.16478 26.73673 36.22912 21.47695 23.34471
lin/ang/drive_left/drive_right/tv_l/tv_r/av_l/av_r/x/y/theta/tx/ty/ttheta: 0.44585 -0.96649 0.52804 0.29618 0.33367 0.08231 0.33367 0.08231 36.22148 21.29191 25.83381 36.50549 21.59424 22.64836
lin/ang/drive_left/drive_right/tv_l/tv_r/av_l/av_r/x/y/theta/tx/ty/ttheta: 0.44767 -0.92577 0.59279 0.31662 0.36769 0.19867 0.36769 0.19867 36.55233 21.42965 24.66671 36.87619 21.74540 21.71749
lin/ang/drive_left/drive_right/tv_l/tv_r/av_l/av_r/x/y/theta/tx/ty/ttheta: 0.44811 -0.92297 0.64270 0.36780 0.30767 0.25564 0.30767 0.25564 36.90925 21.60554 23.48875 37.24933 21.89051 20.78526
lin/ang/drive_left/drive_right/tv_l/tv_r/av_l/av_r/x/y/theta/tx/ty/ttheta: 0.44575 -0.87705 0.57604 0.34905 0.26778 0.23767 0.26778 0.23767 37.24471 21.74713 22.44147 37.53071 21.99535 20.08610
lin/ang/drive_left/drive_right/tv_l/tv_r/av_l/av_r/x/y/theta/tx/ty/ttheta: 0.45008 -0.88683 0.50377 0.31635 0.30953 0.21867 0.30953 0.21867 37.54926 21.85525 21.61205 37.90785 22.12980 19.15508
lin/ang/drive_left/drive_right/tv_l/tv_r/av_l/av_r/x/y/theta/tx/ty/ttheta: 0.44837 -0.87295 0.53499 0.37760 0.35864 0.25186 0.35864 0.25186 37.88951 21.97160 20.89703 38.19210 22.22660 18.45850
lin/ang/drive_left/drive_right/tv_l/tv_r/av_l/av_r/x/y/theta/tx/ty/ttheta: 0.45077 -0.91781 0.55374 0.40943 0.38261 0.21458 0.38261 0.21458 38.24906 22.09279 20.27512 38.57292 22.35031 17.53305
lin/ang/drive_left/drive_right/tv_l/tv_r/av_l/av_r/x/y/theta/tx/ty/ttheta: 0.45124 -0.96093 0.62006 0.47113 0.35456 0.17281 0.35456 0.17281 38.65746 22.22674 19.63556 38.95570 22.46787 16.61257
lin/ang/drive_left/drive_right/tv_l/tv_r/av_l/av_r/x/y/theta/tx/ty/ttheta: 0.45387 -1.00027 0.57085 0.41138 0.33178 0.09000 0.33178 0.09000 39.02704 22.34142 18.96748 39.34032 22.57928 15.69831
lin/ang/drive_left/drive_right/tv_l/tv_r/av_l/av_r/x/y/theta/tx/ty/ttheta: 0.45649 -1.03064 0.57899 0.41918 0.37131 0.09481 0.37131 0.09481 39.40511 22.45012 18.27141 39.72668 22.68457 14.79141
lin/ang/drive_left/drive_right/tv_l/tv_r/av_l/av_r/x/y/theta/tx/ty/ttheta: 0.45884 -1.05801 0.60456 0.42458 0.38417 0.13689 0.38417 0.13689 39.79538 22.56006 17.53548 40.11466 22.78376 13.89298
lin/ang/drive_left/drive_right/tv_l/tv_r/av_l/av_r/x/y/theta/tx/ty/ttheta: 0.46195 -1.05107 0.60872 0.38982 0.36514 0.14117 0.36514 0.14117 40.17714 22.65608 16.63312 40.50417 22.87690 13.00398
lin/ang/drive_left/drive_right/tv_l/tv_r/av_l/av_r/x/y/theta/tx/ty/ttheta: 0.46651 -1.02325 0.58338 0.34517 0.35181 0.17506 0.35181 0.17506 40.53415 22.73749 15.62362 40.89506 22.96401 12.12536
lin/ang/drive_left/drive_right/tv_l/tv_r/av_l/av_r/x/y/theta/tx/ty/ttheta: 0.47009 -0.98899 0.61775 0.38100 0.37061 0.23322 0.37061 0.23322 40.91933 22.81934 14.60060 41.28724 23.04516 11.25791
lin/ang/drive_left/drive_right/tv_l/tv_r/av_l/av_r/x/y/theta/tx/ty/ttheta: 0.47356 -0.95262 0.62777 0.39038 0.34253 0.23889 0.34253 0.23889 41.31329 22.89632 13.58490 41.68060 23.12041 10.40240
lin/ang/drive_left/drive_right/tv_l/tv_r/av_l/av_r/x/y/theta/tx/ty/ttheta: 0.47712 -0.91965 0.62418 0.40142 0.32153 0.23836 0.32153 0.23836 41.71123 22.96776 12.60518 42.07505 23.18982 9.55941
lin/ang/drive_left/drive_right/tv_l/tv_r/av_l/av_r/x/y/theta/tx/ty/ttheta: 0.48164 -0.89908 0.59377 0.38931 0.31875 0.23700 0.31875 0.23700 42.09354 23.03090 11.70717 42.47048 23.25346 8.72958
lin/ang/drive_left/drive_right/tv_l/tv_r/av_l/av_r/x/y/theta/tx/ty/ttheta: 0.46419 -0.86593 0.59650 0.43661 0.35214 0.24433 0.35214 0.24433 42.49720 23.08676 10.96975 42.86679 23.31142 7.91335
lin/ang/drive_left/drive_right/tv_l/tv_r/av_l/av_r/x/y/theta/tx/ty/ttheta: 0.44042 -0.84812 0.61255 0.45926 0.33214 0.17778 0.33214 0.17778 42.91505 23.14800 10.31169 43.26389 23.36378 7.11113
lin/ang/drive_left/drive_right/tv_l/tv_r/av_l/av_r/x/y/theta/tx/ty/ttheta: 0.41656 -0.81935 0.55962 0.41505 0.21986 0.00272 0.21986 0.00272 43.29766 23.18814 9.68194 43.66168 23.41062 6.32327
lin/ang/drive_left/drive_right/tv_l/tv_r/av_l/av_r/x/y/theta/tx/ty/ttheta: 0.39697 -0.78594 0.57224 0.42932 0.19867 -0.10508 0.19867 -0.10508 43.69210 23.22003 9.06234 44.06008 23.45204 5.55003
lin/ang/drive_left/drive_right/tv_l/tv_r/av_l/av_r/x/y/theta/tx/ty/ttheta: 0.37000 -0.73802 0.55078 0.36578 0.16564 -0.13042 0.16564 -0.13042 44.05196 23.25410 8.34836 44.45900 23.48813 4.79162
lin/ang/drive_left/drive_right/tv_l/tv_r/av_l/av_r/x/y/theta/tx/ty/ttheta: 0.35413 -0.61533 0.51964 0.25806 0.12442 -0.02256 0.12442 -0.02256 44.35844 23.27290 7.29561 44.75849 23.51176 4.23263
lin/ang/drive_left/drive_right/tv_l/tv_r/av_l/av_r/x/y/theta/tx/ty/ttheta: 0.32574 -0.49970 0.49022 0.21008 0.04039 0.14597 0.04039 0.14597 44.62771 23.34112 6.08903 44.95827 23.52590 3.86468
lin/ang/drive_left/drive_right/tv_l/tv_r/av_l/av_r/x/y/theta/tx/ty/ttheta: 0.31624 -0.49145 0.37406 0.16699 0.02292 0.22431 0.02292 0.22431 44.83252 23.43165 5.09797 45.15813 23.53876 3.50047
lin/ang/drive_left/drive_right/tv_l/tv_r/av_l/av_r/x/y/theta/tx/ty/ttheta: 0.30378 -0.50794 0.26383 0.17925 0.06331 0.22567 0.06331 0.22567 45.00166 23.50027 4.60049 45.25810 23.54472 3.31979
lin/ang/drive_left/drive_right/tv_l/tv_r/av_l/av_r/x/y/theta/tx/ty/ttheta: 0.28655 -0.57298 0.17683 0.20311 0.29022 0.19764 0.29022 0.19764 45.14914 23.53242 4.62240 45.45809 23.55569 2.96123
lin/ang/drive_left/drive_right/tv_l/tv_r/av_l/av_r/x/y/theta/tx/ty/ttheta: 0.27781 -0.66882 0.17608 0.23876 0.36908 0.05389 0.36908 0.05389 45.31137 23.55246 4.87326 45.65814 23.56542 2.60646
lin/ang/drive_left/drive_right/tv_l/tv_r/av_l/av_r/x/y/theta/tx/ty/ttheta: 0.26292 -0.69281 0.25149 0.23699 0.39047 -0.10181 0.39047 -0.10181 45.50290 23.56970 4.91120 45.75818 23.56982 2.43049
lin/ang/drive_left/drive_right/tv_l/tv_r/av_l/av_r/x/y/theta/tx/ty/ttheta: 0.23087 -0.66342 0.31334 0.21111 0.34806 -0.11669 0.34806 -0.11669 45.71002 23.57081 4.56844 46.05838 23.58119 1.90823
lin/ang/drive_left/drive_right/tv_l/tv_r/av_l/av_r/x/y/theta/tx/ty/ttheta: 0.22759 -0.53372 0.33058 0.11307 0.17044 -0.13158 0.17044 -0.13158 45.88587 23.56117 3.74829 46.15847 23.58437 1.73603
lin/ang/drive_left/drive_right/tv_l/tv_r/av_l/av_r/x/y/theta/tx/ty/ttheta: 0.19647 -0.32158 0.34276 0.07010 -0.07189 -0.01847 -0.07189 -0.01847 46.04940 23.54795 2.62664 46.25857 23.58726 1.56475
lin/ang/drive_left/drive_right/tv_l/tv_r/av_l/av_r/x/y/theta/tx/ty/ttheta: 0.17890 -0.14430 0.29981 0.03988 -0.01097 0.24831 -0.01097 0.24831 46.18313 23.54783 1.45066 46.35868 23.58984 1.39442
lin/ang/drive_left/drive_right/tv_l/tv_r/av_l/av_r/x/y/theta/tx/ty/ttheta: 0.17777 -0.12023 0.21899 0.10038 -0.23408 0.25203 -0.23408 0.25203 46.30811 23.58271 0.78318 46.45879 23.59213 1.22503
lin/ang/drive_left/drive_right/tv_l/tv_r/av_l/av_r/x/y/theta/tx/ty/ttheta: 0.16056 -0.16364 0.08088 0.13618 -0.11806 0.22211 -0.11806 0.22211 46.39327 23.60602 0.82512 46.55891 23.59413 1.05656
lin/ang/drive_left/drive_right/tv_l/tv_r/av_l/av_r/x/y/theta/tx/ty/ttheta: 0.14180 -0.28560 -0.00786 0.16950 0.20364 0.14475 0.20364 0.14475 46.45663 23.62052 1.50410 46.65905 23.59582 0.88903
lin/ang/drive_left/drive_right/tv_l/tv_r/av_l/av_r/x/y/theta/tx/ty/ttheta: 0.14338 -0.43778 -0.00204 0.16357 0.28561 -0.12678 0.28561 -0.12678 46.51985 23.63252 2.24529 46.75917 23.59723 0.72241
lin/ang/drive_left/drive_right/tv_l/tv_r/av_l/av_r/x/y/theta/tx/ty/ttheta: 0.11923 -0.47926 0.09945 0.14836 0.33606 -0.16717 0.33606 -0.16717 46.61764 23.62870 2.61538 46.85931 23.59835 0.55674
lin/ang/drive_left/drive_right/tv_l/tv_r/av_l/av_r/x/y/theta/tx/ty/ttheta: 0.08761 -0.39813 0.19157 0.05712 0.30014 -0.12386 0.30014 -0.12386 46.71591 23.62254 2.23599 46.95945 23.59918 0.39197
lin/ang/drive_left/drive_right/tv_l/tv_r/av_l/av_r/x/y/theta/tx/ty/ttheta: 0.08378 -0.23288 0.23644 -0.01360 -0.03661 -0.16853 -0.03661 -0.16853 46.80398 23.61205 1.25090 46.95945 23.59918 0.39197
lin/ang/drive_left/drive_right/tv_l/tv_r/av_l/av_r/x/y/theta/tx/ty/ttheta: 0.08542 -0.11017 0.20895 -0.04810 -0.26042 -0.01592 -0.26042 -0.01592 46.86705 23.62143 0.13216 47.05959 23.59972 0.22815
lin/ang/drive_left/drive_right/tv_l/tv_r/av_l/av_r/x/y/theta/tx/ty/ttheta: 0.08414 -0.00845 0.09509 -0.02016 -0.13825 0.17658 -0.13825 0.17658 46.89652 23.62021 -0.56211 47.05959 23.59972 0.22815
lin/ang/drive_left/drive_right/tv_l/tv_r/av_l/av_r/x/y/theta/tx/ty/ttheta: 0.00656 0.07677 0.00122 0.03366 -0.10233 0.18719 -0.10233 0.18719 46.91025 23.61997 -0.56711 47.05959 23.59972 0.22815
lin/ang/drive_left/drive_right/tv_l/tv_r/av_l/av_r/x/y/theta/tx/ty/ttheta: 0.00576 -0.01566 -0.05062 0.09646 -0.17453 0.04517 -0.17453 0.04517 46.92835 23.63005 -0.03867 47.05959 23.59972 0.22815
lin/ang/drive_left/drive_right/tv_l/tv_r/av_l/av_r/x/y/theta/tx/ty/ttheta: 0.00550 -0.12668 -0.06955 0.08381 -0.26022 -0.22142 -0.26022 -0.22142 46.93391 23.63978 0.62865 47.05959 23.59972 0.22815
lin/ang/drive_left/drive_right/tv_l/tv_r/av_l/av_r/x/y/theta/tx/ty/ttheta: 0.00550 -0.21351 -0.07544 0.07421 0.07767 -0.14886 0.07767 -0.14886 46.93348 23.63330 1.32312 47.05959 23.59972 0.22815
lin/ang/drive_left/drive_right/tv_l/tv_r/av_l/av_r/x/y/theta/tx/ty/ttheta: 0.00550 -0.25099 -0.02476 0.02422 0.14886 -0.14100 0.14886 -0.14100 46.93334 23.62997 1.62948 47.05959 23.59972 0.22815
lin/ang/drive_left/drive_right/tv_l/tv_r/av_l/av_r/x/y/theta/tx/ty/ttheta: 0.00550 -0.22272 0.03362 -0.03339 0.13742 -0.12678 0.13742 -0.12678 46.93359 23.62447 1.49659 47.05959 23.59972 0.22815
lin/ang/drive_left/drive_right/tv_l/tv_r/av_l/av_r/x/y/theta/tx/ty/ttheta: 0.00550 -0.14753 0.06231 -0.06138 0.06211 -0.03236 0.06211 -0.03236 46.93395 23.62351 0.97573 47.05959 23.59972 0.22815
lin/ang/drive_left/drive_right/tv_l/tv_r/av_l/av_r/x/y/theta/tx/ty/ttheta: 0.00569 -0.05080 0.06006 -0.07055 -0.07925 0.08692 -0.07925 0.08692 46.92995 23.61282 0.42096 47.05959 23.59972 0.22815
lin/ang/drive_left/drive_right/tv_l/tv_r/av_l/av_r/x/y/theta/tx/ty/ttheta: 0.08386 -0.05649 0.01442 -0.08375 -0.11292 0.12186 -0.11292 0.12186 46.90267 23.60531 -0.05038 47.05959 23.59972 0.22815
lin/ang/drive_left/drive_right/tv_l/tv_r/av_l/av_r/x/y/theta/tx/ty/ttheta: 0.08385 -0.02702 0.00801 -0.00771 -0.03456 0.23992 -0.03456 0.23992 46.90278 23.60209 -0.21801 47.05959 23.59972 0.22815
lin/ang/drive_left/drive_right/tv_l/tv_r/av_l/av_r/x/y/theta/tx/ty/ttheta: 0.08386 -0.07908 -0.04798 0.04746 0.26811 0.33947 0.26811 0.33947 46.90258 23.60778 0.07805 47.05959 23.59972 0.22815
lin/ang/drive_left/drive_right/tv_l/tv_r/av_l/av_r/x/y/theta/tx/ty/ttheta: 0.08387 -0.18613 -0.07500 0.07392 0.23594 0.13792 0.23594 0.13792 46.90208 23.61946 0.68684 47.05959 23.59972 0.22815
lin/ang/drive_left/drive_right/tv_l/tv_r/av_l/av_r/x/y/theta/tx/ty/ttheta: 0.00657 -0.16024 -0.01582 0.03463 0.30836 0.02653 0.30836 0.02653 46.90939 23.62614 1.02814 47.05959 23.59972 0.22815
lin/ang/drive_left/drive_right/tv_l/tv_r/av_l/av_r/x/y/theta/tx/ty/ttheta: 0.00607 -0.15836 0.17383 0.10976 0.13672 -0.17503 0.13672 -0.17503 47.02107 23.62508 0.87695 47.15973 23.59997 0.06524
lin/ang/drive_left/drive_right/tv_l/tv_r/av_l/av_r/x/y/theta/tx/ty/ttheta: 0.00314 -0.09653 0.18072 0.09136 -0.33881 -0.28250 -0.33881 -0.28250 47.12832 23.61594 0.49681 47.20000 23.60000 359.99998
lin/ang/drive_left/drive_right/tv_l/tv_r/av_l/av_r/x/y/theta/tx/ty/ttheta: 0.00179 -0.00979 0.09712 -0.01854 -0.24297 -0.01969 -0.24297 -0.01969 47.15929 23.60625 -0.01129 47.20000 23.60000 359.99998
lin/ang/drive_left/drive_right/tv_l/tv_r/av_l/av_r/x/y/theta/tx/ty/ttheta: 0.00178 -0.00283 0.00630 -0.00600 -0.15264 0.10353 -0.15264 0.10353 47.15942 23.61513 -0.18176 47.20000 23.60000 359.99998
lin/ang/drive_left/drive_right/tv_l/tv_r/av_l/av_r/x/y/theta/tx/ty/ttheta: 0.00165 -0.03871 -0.01798 0.02566 -0.11844 0.10967 -0.11844 0.10967 47.16247 23.62402 -0.03544 47.20000 23.60000 359.99998
lin/ang/drive_left/drive_right/tv_l/tv_r/av_l/av_r/x/y/theta/tx/ty/ttheta: 0.00165 -0.08677 -0.03655 0.03605 -0.05956 0.00497 -0.05956 0.00497 47.16226 23.62945 0.24743 47.20000 23.60000 359.99998
lin/ang/drive_left/drive_right/tv_l/tv_r/av_l/av_r/x/y/theta/tx/ty/ttheta: 0.00165 -0.13985 -0.02958 0.02909 0.08917 -0.09925 0.08917 -0.09925 47.16201 23.63793 0.52650 47.20000 23.60000 359.99998
lin/ang/drive_left/drive_right/tv_l/tv_r/av_l/av_r/x/y/theta/tx/ty/ttheta: 0.00165 -0.16430 -0.01177 0.01151 0.10797 -0.11397 0.10797 -0.11397 47.16188 23.64070 0.67046 47.20000 23.60000 359.99998
lin/ang/drive_left/drive_right/tv_l/tv_r/av_l/av_r/x/y/theta/tx/ty/ttheta: 0.00179 -0.13326 0.02860 -0.03622 0.11175 -0.11106 0.11175 -0.11106 47.15892 23.63716 0.48779 47.20000 23.60000 359.99998
lin/ang/drive_left/drive_right/tv_l/tv_r/av_l/av_r/x/y/theta/tx/ty/ttheta: 0.00192 -0.06380 0.04761 -0.05483 0.08092 -0.01522 0.08092 -0.01522 47.15612 23.62931 0.07925 47.20000 23.60000 359.99998
lin/ang/drive_left/drive_right/tv_l/tv_r/av_l/av_r/x/y/theta/tx/ty/ttheta: 0.00258 0.00747 0.02334 -0.06099 -0.08811 0.09583 -0.08811 0.09583 47.14127 23.62133 -0.33953 47.20000 23.60000 359.99998
lin/ang/drive_left/drive_right/tv_l/tv_r/av_l/av_r/x/y/theta/tx/ty/ttheta: 0.00272 0.02748 0.00702 -0.01470 -0.11686 0.12031 -0.11686 0.12031 47.13825 23.62146 -0.48822 47.20000 23.60000 359.99998
lin/ang/drive_left/drive_right/tv_l/tv_r/av_l/av_r/x/y/theta/tx/ty/ttheta: 0.00272 0.00891 -0.02279 0.02260 -0.10950 0.11125 -0.10950 0.11125 47.13819 23.62355 -0.37941 47.20000 23.60000 359.99998
lin/ang/drive_left/drive_right/tv_l/tv_r/av_l/av_r/x/y/theta/tx/ty/ttheta: 0.00286 -0.06762 -0.06041 0.05167 -0.03919 0.01386 -0.03919 0.01386 47.13477 23.63216 0.06896 47.20000 23.60000 359.99998
lin/ang/drive_left/drive_right/tv_l/tv_r/av_l/av_r/x/y/theta/tx/ty/ttheta: 0.00313 -0.14349 -0.05724 0.04101 0.09239 -0.10031 0.09239 -0.10031 47.12834 23.64064 0.51313 47.20000 23.60000 359.99998
lin/ang/drive_left/drive_right/tv_l/tv_r/av_l/av_r/x/y/theta/tx/ty/ttheta: 0.00326 -0.19139 -0.03001 0.02201 0.12936 -0.12817 0.12936 -0.12817 47.12513 23.64598 0.79331 47.20000 23.60000 359.99998
lin/ang/drive_left/drive_right/tv_l/tv_r/av_l/av_r/x/y/theta/tx/ty/ttheta: 0.00326 -0.18315 0.02045 -0.02036 0.12936 -0.12283 0.12936 -0.12283 47.12517 23.64506 0.74514 47.20000 23.60000 359.99998
lin/ang/drive_left/drive_right/tv_l/tv_r/av_l/av_r/x/y/theta/tx/ty/ttheta: 0.00340 -0.10363 0.05618 -0.06329 0.11106 -0.10661 0.11106 -0.10661 47.12245 23.63611 0.28029 47.20000 23.60000 359.99998
lin/ang/drive_left/drive_right/tv_l/tv_r/av_l/av_r/x/y/theta/tx/ty/ttheta: 0.00339 -0.01319 0.06074 -0.05980 0.05614 -0.05989 0.05614 -0.05989 47.12282 23.62597 -0.24814 47.20000 23.60000 359.99998
lin/ang/drive_left/drive_right/tv_l/tv_r/av_l/av_r/x/y/theta/tx/ty/ttheta: 0.00352 0.05318 0.03457 -0.04138 -0.10711 0.10953 -0.10711 0.10953 47.12008 23.61855 -0.63589 47.20000 23.60000 359.99998
lin/ang/drive_left/drive_right/tv_l/tv_r/av_l/av_r/x/y/theta/tx/ty/ttheta: 0.00351 0.07667 0.00852 -0.00828 -0.12783 0.13706 -0.12783 0.13706 47.12015 23.61592 -0.77305 47.20000 23.60000 359.99998
lin/ang/drive_left/drive_right/tv_l/tv_r/av_l/av_r/x/y/theta/tx/ty/ttheta: 0.00352 0.04509 -0.03495 0.03462 -0.11294 0.12250 -0.11294 0.12250 47.12006 23.61946 -0.58864 47.20000 23.60000 359.99998
lin/ang/drive_left/drive_right/tv_l/tv_r/av_l/av_r/x/y/theta/tx/ty/ttheta: 0.00352 -0.04591 -0.06542 0.06448 -0.06742 0.04450 -0.06742 0.04450 47.11975 23.62966 -0.05720 47.20000 23.60000 359.99998
lin/ang/drive_left/drive_right/tv_l/tv_r/av_l/av_r/x/y/theta/tx/ty/ttheta: 0.00353 -0.14102 -0.06257 0.06158 0.09225 -0.09344 0.09225 -0.09344 47.11932 23.64032 0.49821 47.20000 23.60000 359.99998
lin/ang/drive_left/drive_right/tv_l/tv_r/av_l/av_r/x/y/theta/tx/ty/ttheta: 0.00352 -0.20333 -0.03577 0.03512 0.13825 -0.13708 0.13825 -0.13708 47.11898 23.64731 0.86206 47.20000 23.60000 359.99998
lin/ang/drive_left/drive_right/tv_l/tv_r/av_l/av_r/x/y/theta/tx/ty/ttheta: 0.00352 -0.20510 0.01661 -0.01663 0.14131 -0.13533 0.14131 -0.13533 47.11897 23.64750 0.87241 47.20000 23.60000 359.99998
lin/ang/drive_left/drive_right/tv_l/tv_r/av_l/av_r/x/y/theta/tx/ty/ttheta: 0.00353 -0.11939 0.06497 -0.06409 0.12061 -0.11908 0.12061 -0.11908 47.11942 23.63790 0.37191 47.20000 23.60000 359.99998
lin/ang/drive_left/drive_right/tv_l/tv_r/av_l/av_r/x/y/theta/tx/ty/ttheta: 0.00366 -0.01753 0.06598 -0.07287 0.06606 -0.05919 0.06606 -0.05919 47.11673 23.62649 -0.22286 47.20000 23.60000 359.99998
lin/ang/drive_left/drive_right/tv_l/tv_r/av_l/av_r/x/y/theta/tx/ty/ttheta: 0.00365 0.06230 0.04724 -0.04641 -0.10744 0.11567 -0.10744 0.11567 47.11698 23.61754 -0.68882 47.20000 23.60000 359.99998
lin/ang/drive_left/drive_right/tv_l/tv_r/av_l/av_r/x/y/theta/tx/ty/ttheta: 0.00365 0.09808 0.01691 -0.01654 -0.13603 0.13739 -0.13603 0.13739 47.11707 23.61353 -0.89766 47.20000 23.60000 359.99998
lin/ang/drive_left/drive_right/tv_l/tv_r/av_l/av_r/x/y/theta/tx/ty/ttheta: 0.00365 0.07102 -0.03396 0.03368 -0.12031 0.12369 -0.12031 0.12369 47.11700 23.61656 -0.73971 47.20000 23.60000 359.99998
lin/ang/drive_left/drive_right/tv_l/tv_r/av_l/av_r/x/y/theta/tx/ty/ttheta: 0.00366 -0.02193 -0.06758 0.06662 -0.05100 0.08128 -0.05100 0.08128 47.11671 23.62698 -0.19716 47.20000 23.60000 359.99998
lin/ang/drive_left/drive_right/tv_l/tv_r/av_l/av_r/x/y/theta/tx/ty/ttheta: 0.00366 -0.12588 -0.06949 0.06841 0.09361 -0.08433 0.09361 -0.08433 47.11626 23.63863 0.40954 47.20000 23.60000 359.99998
lin/ang/drive_left/drive_right/tv_l/tv_r/av_l/av_r/x/y/theta/tx/ty/ttheta: 0.00366 -0.19820 -0.04256 0.04181 0.13928 -0.13828 0.13928 -0.13828 47.11588 23.64672 0.83157 47.20000 23.60000 359.99998
lin/ang/drive_left/drive_right/tv_l/tv_r/av_l/av_r/x/y/theta/tx/ty/ttheta: 0.00366 -0.21076 0.00903 -0.00916 0.14183 -0.13894 0.14183 -0.13894 47.11581 23.64813 0.90492 47.20000 23.60000 359.99998
lin/ang/drive_left/drive_right/tv_l/tv_r/av_l/av_r/x/y/theta/tx/ty/ttheta: 0.00366 -0.12730 0.06548 -0.06461 0.12372 -0.12133 0.12372 -0.12133 47.11626 23.63878 0.41779 47.20000 23.60000 359.99998
lin/ang/drive_left/drive_right/tv_l/tv_r/av_l/av_r/x/y/theta/tx/ty/ttheta: 0.00380 -0.02353 0.06729 -0.07416 0.04006 -0.03150 0.04006 -0.03150 47.11358 23.62716 -0.18774 47.20000 23.60000 359.99998
lin/ang/drive_left/drive_right/tv_l/tv_r/av_l/av_r/x/y/theta/tx/ty/ttheta: 0.00379 0.06083 0.05046 -0.04959 -0.11294 0.11258 -0.11294 0.11258 47.11385 23.61771 -0.67987 47.20000 23.60000 359.99998
lin/ang/drive_left/drive_right/tv_l/tv_r/av_l/av_r/x/y/theta/tx/ty/ttheta: 0.00379 0.09941 0.01843 -0.01803 -0.13639 0.13911 -0.13639 0.13911 47.11395 23.61339 -0.90489 47.20000 23.60000 359.99998
lin/ang/drive_left/drive_right/tv_l/tv_r/av_l/av_r/x/y/theta/tx/ty/ttheta: 0.00379 0.07153 -0.03471 0.03442 -0.11928 0.12661 -0.11928 0.12661 47.11388 23.61651 -0.74224 47.20000 23.60000 359.99998
lin/ang/drive_left/drive_right/tv_l/tv_r/av_l/av_r/x/y/theta/tx/ty/ttheta: 0.00380 -0.02583 -0.07123 0.07022 -0.08264 0.02086 -0.08264 0.02086 47.11357 23.62742 -0.17436 47.20000 23.60000 359.99998
lin/ang/drive_left/drive_right/tv_l/tv_r/av_l/av_r/x/y/theta/tx/ty/ttheta: 0.00380 -0.13133 -0.06947 0.06838 0.08503 -0.10453 0.08503 -0.10453 47.11311 23.63923 0.44106 47.20000 23.60000 359.99998
lin/ang/drive_left/drive_right/tv_l/tv_r/av_l/av_r/x/y/theta/tx/ty/ttheta: 0.00380 -0.20357 -0.04274 0.04199 0.13775 -0.14167 0.13775 -0.14167 47.11272 23.64732 0.86243 47.20000 23.60000 359.99998
lin/ang/drive_left/drive_right/tv_l/tv_r/av_l/av_r/x/y/theta/tx/ty/ttheta: 0.00380 -0.21257 0.01354 -0.01363 0.14356 -0.14014 0.14356 -0.14014 47.11267 23.64833 0.91489 47.20000 23.60000 359.99998
lin/ang/drive_left/drive_right/tv_l/tv_r/av_l/av_r/x/y/theta/tx/ty/ttheta: 0.00393 -0.12754 0.06113 -0.06775 0.13036 -0.11667 0.13036 -0.11667 47.11018 23.63878 0.41902 47.20000 23.60000 359.99998
lin/ang/drive_left/drive_right/tv_l/tv_r/av_l/av_r/x/y/theta/tx/ty/ttheta: 0.00393 -0.02415 0.07110 -0.07003 0.03269 0.00169 0.03269 0.00169 47.11062 23.62721 -0.18371 47.20000 23.60000 359.99998
lin/ang/drive_left/drive_right/tv_l/tv_r/av_l/av_r/x/y/theta/tx/ty/ttheta: 0.00392 0.05715 0.04779 -0.04695 -0.11294 0.12492 -0.11294 0.12492 47.11088 23.61811 -0.65773 47.20000 23.60000 359.99998
lin/ang/drive_left/drive_right/tv_l/tv_r/av_l/av_r/x/y/theta/tx/ty/ttheta: 0.00229 0.10251 0.01252 -0.02010 -0.13706 0.13656 -0.13706 0.13656 47.10785 23.61420 -0.86350 47.15973 23.59997 0.06524
lin/ang/drive_left/drive_right/tv_l/tv_r/av_l/av_r/x/y/theta/tx/ty/ttheta: 0.00229 0.06989 -0.03908 0.03874 -0.12219 0.11583 -0.12219 0.11583 47.10776 23.61786 -0.67312 47.15973 23.59997 0.06524
lin/ang/drive_left/drive_right/tv_l/tv_r/av_l/av_r/x/y/theta/tx/ty/ttheta: 0.00230 -0.02920 -0.07134 0.07032 -0.05475 0.01350 -0.05475 0.01350 47.10744 23.62896 -0.09502 47.15973 23.59997 0.06524
lin/ang/drive_left/drive_right/tv_l/tv_r/av_l/av_r/x/y/theta/tx/ty/ttheta: 0.00243 -0.13298 -0.07163 0.06306 0.09892 -0.10300 0.09892 -0.10300 47.10402 23.64056 0.51041 47.15973 23.59997 0.06524
lin/ang/drive_left/drive_right/tv_l/tv_r/av_l/av_r/x/y/theta/tx/ty/ttheta: 0.00243 -0.20125 -0.03965 0.03895 0.14028 -0.14167 0.14028 -0.14167 47.10364 23.64820 0.90846 47.15973 23.59997 0.06524
lin/ang/drive_left/drive_right/tv_l/tv_r/av_l/av_r/x/y/theta/tx/ty/ttheta: 0.00243 -0.20331 0.01791 -0.01793 0.13944 -0.13653 0.13944 -0.13653 47.10363 23.64843 0.92049 47.15973 23.59997 0.06524
lin/ang/drive_left/drive_right/tv_l/tv_r/av_l/av_r/x/y/theta/tx/ty/ttheta: 0.00243 -0.11480 0.06406 -0.06317 0.10950 -0.10797 0.10950 -0.10797 47.10412 23.63727 0.42044 47.15973 23.59997 0.06524
lin/ang/drive_left/drive_right/tv_l/tv_r/av_l/av_r/x/y/theta/tx/ty/ttheta: 0.00256 -0.01772 0.06172 -0.06866 -0.00272 0.00581 -0.00272 0.00581 47.10141 23.62641 -0.14557 47.15973 23.59997 0.06524
lin/ang/drive_left/drive_right/tv_l/tv_r/av_l/av_r/x/y/theta/tx/ty/ttheta: 0.00256 0.05383 0.04109 -0.04035 -0.12044 0.12575 -0.12044 0.12575 47.10165 23.61840 -0.56255 47.15973 23.59997 0.06524
lin/ang/drive_left/drive_right/tv_l/tv_r/av_l/av_r/x/y/theta/tx/ty/ttheta: 0.00269 0.07956 0.00578 -0.01345 -0.13689 0.13669 -0.13689 0.13669 47.09860 23.61556 -0.71250 47.15973 23.59997 0.06524
lin/ang/drive_left/drive_right/tv_l/tv_r/av_l/av_r/x/y/theta/tx/ty/ttheta: 0.00270 0.03720 -0.04373 0.04330 -0.11378 0.11175 -0.11378 0.11175 47.09847 23.62030 -0.46577 47.15973 23.59997 0.06524
lin/ang/drive_left/drive_right/tv_l/tv_r/av_l/av_r/x/y/theta/tx/ty/ttheta: 0.00270 -0.05879 -0.06796 0.06697 -0.01367 0.04125 -0.01367 0.04125 47.09812 23.63103 0.09338 47.15973 23.59997 0.06524
lin/ang/drive_left/drive_right/tv_l/tv_r/av_l/av_r/x/y/theta/tx/ty/ttheta: 0.00270 -0.15335 -0.06061 0.05964 0.10708 -0.10781 0.10708 -0.10781 47.09766 23.64160 0.64416 47.15973 23.59997 0.06524
lin/ang/drive_left/drive_right/tv_l/tv_r/av_l/av_r/x/y/theta/tx/ty/ttheta: 0.00270 -0.20992 -0.03185 0.03127 0.14136 -0.14236 0.14136 -0.14236 47.09735 23.64792 0.97365 47.15973 23.59997 0.06524
WARNING - pros.serial.terminal.terminal:reader - Connection to /dev/ttyACM1 broken - pros-cli version:3.5.6
WARNING - pros.serial.terminal.terminal:stop - Stopping terminal - pros-cli version:3.5.6

[tomas@nixbtw:~/projects/Robotics/current/libs/lyfast]$

